file,implementation,algorithm,instance_id,type,n,replicate,budget_s,status,valid_complete,bins_used,lower_bound,upper_bound,run_status,wall_s
B05-MPV-GEN-fork-box-10s-finite.jsonl,packingsolver_fork_box,box portfolio,IMM:mpvgen_t1_n30:001,1,30,1,10.0,VALID_COMPLETE,True,9,,,COMPLETED,2.0838773699942976
B05-MPV-GEN-fork-box-10s-finite.jsonl,packingsolver_fork_box,box portfolio,IMM:mpvgen_t1_n30:002,1,30,2,10.0,VALID_COMPLETE,True,11,,,TIME_LIMIT,11.351553736953065
B05-MPV-GEN-fork-box-10s-finite.jsonl,packingsolver_fork_box,box portfolio,IMM:mpvgen_t1_n30:003,1,30,3,10.0,VALID_COMPLETE,True,8,,,TIME_LIMIT,10.475289861904457
B05-MPV-GEN-fork-box-10s-finite.jsonl,packingsolver_fork_box,box portfolio,IMM:mpvgen_t1_n30:004,1,30,4,10.0,VALID_COMPLETE,True,7,,,COMPLETED,1.4954870101064444
B05-MPV-GEN-fork-box-10s-finite.jsonl,packingsolver_fork_box,box portfolio,IMM:mpvgen_t1_n30:005,1,30,5,10.0,VALID_COMPLETE,True,10,,,TIME_LIMIT,10.68505199905485
B05-MPV-GEN-fork-box-10s-finite.jsonl,packingsolver_fork_box,box portfolio,IMM:mpvgen_t1_n30:006,1,30,6,10.0,VALID_COMPLETE,True,7,,,COMPLETED,2.123617900069803
B05-MPV-GEN-fork-box-10s-finite.jsonl,packingsolver_fork_box,box portfolio,IMM:mpvgen_t1_n30:007,1,30,7,10.0,VALID_COMPLETE,True,8,,,TIME_LIMIT,10.543829115806147
B05-MPV-GEN-fork-box-10s-finite.jsonl,packingsolver_fork_box,box portfolio,IMM:mpvgen_t1_n30:008,1,30,8,10.0,VALID_COMPLETE,True,9,,,COMPLETED,1.1413429640233517
B05-MPV-GEN-fork-box-10s-finite.jsonl,packingsolver_fork_box,box portfolio,IMM:mpvgen_t1_n30:009,1,30,9,10.0,VALID_COMPLETE,True,9,,,COMPLETED,3.5925181328784674
B05-MPV-GEN-fork-box-10s-finite.jsonl,packingsolver_fork_box,box portfolio,IMM:mpvgen_t1_n30:010,1,30,10,10.0,VALID_COMPLETE,True,8,,,TIME_LIMIT,10.997287811944261
B05-MPV-GEN-fork-box-10s-finite.jsonl,packingsolver_fork_box,box portfolio,IMM:mpvgen_t1_n60:001,1,60,1,10.0,VALID_COMPLETE,True,15,,,TIME_LIMIT,15.529505043057725
B05-MPV-GEN-fork-box-10s-finite.jsonl,packingsolver_fork_box,box portfolio,IMM:mpvgen_t1_n60:002,1,60,2,10.0,VALID_COMPLETE,True,14,,,TIME_LIMIT,10.315382041037083
B05-MPV-GEN-fork-box-10s-finite.jsonl,packingsolver_fork_box,box portfolio,IMM:mpvgen_t1_n60:003,1,60,3,10.0,VALID_COMPLETE,True,16,,,TIME_LIMIT,18.832169148139656
B05-MPV-GEN-fork-box-10s-finite.jsonl,packingsolver_fork_box,box portfolio,IMM:mpvgen_t1_n60:004,1,60,4,10.0,VALID_COMPLETE,True,13,,,TIME_LIMIT,10.080324962968007
B05-MPV-GEN-fork-box-10s-finite.jsonl,packingsolver_fork_box,box portfolio,IMM:mpvgen_t1_n60:005,1,60,5,10.0,VALID_COMPLETE,True,18,,,TIME_LIMIT,18.958067181985825
B05-MPV-GEN-fork-box-10s-finite.jsonl,packingsolver_fork_box,box portfolio,IMM:mpvgen_t1_n60:006,1,60,6,10.0,VALID_COMPLETE,True,15,,,TIME_LIMIT,10.06796901510097
B05-MPV-GEN-fork-box-10s-finite.jsonl,packingsolver_fork_box,box portfolio,IMM:mpvgen_t1_n60:007,1,60,7,10.0,VALID_COMPLETE,True,15,,,TIME_LIMIT,18.773291054880247
B05-MPV-GEN-fork-box-10s-finite.jsonl,packingsolver_fork_box,box portfolio,IMM:mpvgen_t1_n60:008,1,60,8,10.0,VALID_COMPLETE,True,16,,,TIME_LIMIT,13.9066955789458
B05-MPV-GEN-fork-box-10s-finite.jsonl,packingsolver_fork_box,box portfolio,IMM:mpvgen_t1_n60:009,1,60,9,10.0,VALID_COMPLETE,True,15,,,TIME_LIMIT,23.279360961169004
B05-MPV-GEN-fork-box-10s-finite.jsonl,packingsolver_fork_box,box portfolio,IMM:mpvgen_t1_n60:010,1,60,10,10.0,VALID_COMPLETE,True,15,,,TIME_LIMIT,22.291941112140194
B05-MPV-GEN-fork-box-10s-finite.jsonl,packingsolver_fork_box,box portfolio,IMM:mpvgen_t1_n90:001,1,90,1,10.0,VALID_COMPLETE,True,27,,,TIME_LIMIT,10.212830753065646
B05-MPV-GEN-fork-box-10s-finite.jsonl,packingsolver_fork_box,box portfolio,IMM:mpvgen_t1_n90:002,1,90,2,10.0,VALID_COMPLETE,True,23,,,TIME_LIMIT,10.072284637019038
B05-MPV-GEN-fork-box-10s-finite.jsonl,packingsolver_fork_box,box portfolio,IMM:mpvgen_t1_n90:003,1,90,3,10.0,VALID_COMPLETE,True,24,,,TIME_LIMIT,10.0872455581557
B05-MPV-GEN-fork-box-10s-finite.jsonl,packingsolver_fork_box,box portfolio,IMM:mpvgen_t1_n90:004,1,90,4,10.0,VALID_COMPLETE,True,21,,,TIME_LIMIT,10.095370047958568
B05-MPV-GEN-fork-box-10s-finite.jsonl,packingsolver_fork_box,box portfolio,IMM:mpvgen_t1_n90:005,1,90,5,10.0,VALID_COMPLETE,True,28,,,TIME_LIMIT,10.068148978054523
B05-MPV-GEN-fork-box-10s-finite.jsonl,packingsolver_fork_box,box portfolio,IMM:mpvgen_t1_n90:006,1,90,6,10.0,VALID_COMPLETE,True,24,,,TIME_LIMIT,10.098035405157134
B05-MPV-GEN-fork-box-10s-finite.jsonl,packingsolver_fork_box,box portfolio,IMM:mpvgen_t1_n90:007,1,90,7,10.0,VALID_COMPLETE,True,21,,,TIME_LIMIT,10.027975825825706
B05-MPV-GEN-fork-box-10s-finite.jsonl,packingsolver_fork_box,box portfolio,IMM:mpvgen_t1_n90:008,1,90,8,10.0,VALID_COMPLETE,True,25,,,TIME_LIMIT,10.08436419791542
B05-MPV-GEN-fork-box-10s-finite.jsonl,packingsolver_fork_box,box portfolio,IMM:mpvgen_t1_n90:009,1,90,9,10.0,VALID_COMPLETE,True,27,,,TIME_LIMIT,10.161208205157891
B05-MPV-GEN-fork-box-10s-finite.jsonl,packingsolver_fork_box,box portfolio,IMM:mpvgen_t1_n90:010,1,90,10,10.0,VALID_COMPLETE,True,24,,,TIME_LIMIT,10.075316908070818
B05-MPV-GEN-fork-box-10s-finite.jsonl,packingsolver_fork_box,box portfolio,IMM:mpvgen_t6_n30:001,6,30,1,10.0,VALID_COMPLETE,True,1,,,COMPLETED,9.074398205149919
B05-MPV-GEN-fork-box-10s-finite.jsonl,packingsolver_fork_box,box portfolio,IMM:mpvgen_t6_n30:002,6,30,2,10.0,VALID_COMPLETE,True,1,,,COMPLETED,6.080598354106769
B05-MPV-GEN-fork-box-10s-finite.jsonl,packingsolver_fork_box,box portfolio,IMM:mpvgen_t6_n30:003,6,30,3,10.0,VALID_COMPLETE,True,1,,,COMPLETED,5.083537811879069
B05-MPV-GEN-fork-box-10s-finite.jsonl,packingsolver_fork_box,box portfolio,IMM:mpvgen_t6_n30:004,6,30,4,10.0,VALID_COMPLETE,True,1,,,COMPLETED,5.090836769901216
B05-MPV-GEN-fork-box-10s-finite.jsonl,packingsolver_fork_box,box portfolio,IMM:mpvgen_t6_n30:005,6,30,5,10.0,VALID_COMPLETE,True,1,,,COMPLETED,5.058037816081196
B05-MPV-GEN-fork-box-10s-finite.jsonl,packingsolver_fork_box,box portfolio,IMM:mpvgen_t6_n30:006,6,30,6,10.0,VALID_COMPLETE,True,1,,,COMPLETED,4.0675226780585945
B05-MPV-GEN-fork-box-10s-finite.jsonl,packingsolver_fork_box,box portfolio,IMM:mpvgen_t6_n30:007,6,30,7,10.0,VALID_COMPLETE,True,1,,,COMPLETED,3.035761412931606
B05-MPV-GEN-fork-box-10s-finite.jsonl,packingsolver_fork_box,box portfolio,IMM:mpvgen_t6_n30:008,6,30,8,10.0,VALID_COMPLETE,True,1,,,COMPLETED,2.0424477360211313
B05-MPV-GEN-fork-box-10s-finite.jsonl,packingsolver_fork_box,box portfolio,IMM:mpvgen_t6_n30:009,6,30,9,10.0,VALID_COMPLETE,True,1,,,COMPLETED,3.0302474829368293
B05-MPV-GEN-fork-box-10s-finite.jsonl,packingsolver_fork_box,box portfolio,IMM:mpvgen_t6_n30:010,6,30,10,10.0,VALID_COMPLETE,True,1,,,COMPLETED,2.032300839899108
B05-MPV-GEN-fork-box-10s-finite.jsonl,packingsolver_fork_box,box portfolio,IMM:mpvgen_t6_n60:001,6,60,1,10.0,VALID_COMPLETE,True,1,,,COMPLETED,2.0159313848707825
B05-MPV-GEN-fork-box-10s-finite.jsonl,packingsolver_fork_box,box portfolio,IMM:mpvgen_t6_n60:002,6,60,2,10.0,VALID_COMPLETE,True,1,,,COMPLETED,2.023594581987709
B05-MPV-GEN-fork-box-10s-finite.jsonl,packingsolver_fork_box,box portfolio,IMM:mpvgen_t6_n60:003,6,60,3,10.0,VALID_COMPLETE,True,1,,,COMPLETED,2.0057385091204196
B05-MPV-GEN-fork-box-10s-finite.jsonl,packingsolver_fork_box,box portfolio,IMM:mpvgen_t6_n60:004,6,60,4,10.0,VALID_COMPLETE,True,1,,,COMPLETED,2.005729218944907
B05-MPV-GEN-fork-box-10s-finite.jsonl,packingsolver_fork_box,box portfolio,IMM:mpvgen_t6_n60:005,6,60,5,10.0,VALID_COMPLETE,True,1,,,COMPLETED,2.0070988130755723
B05-MPV-GEN-fork-box-10s-finite.jsonl,packingsolver_fork_box,box portfolio,IMM:mpvgen_t6_n60:006,6,60,6,10.0,VALID_COMPLETE,True,1,,,COMPLETED,3.006633399054408
B05-MPV-GEN-fork-box-10s-finite.jsonl,packingsolver_fork_box,box portfolio,IMM:mpvgen_t6_n60:007,6,60,7,10.0,VALID_COMPLETE,True,1,,,COMPLETED,3.007814839016646
B05-MPV-GEN-fork-box-10s-finite.jsonl,packingsolver_fork_box,box portfolio,IMM:mpvgen_t6_n60:008,6,60,8,10.0,VALID_COMPLETE,True,1,,,COMPLETED,2.005531006027013
B05-MPV-GEN-fork-box-10s-finite.jsonl,packingsolver_fork_box,box portfolio,IMM:mpvgen_t6_n60:009,6,60,9,10.0,VALID_COMPLETE,True,1,,,COMPLETED,2.005511326948181
B05-MPV-GEN-fork-box-10s-finite.jsonl,packingsolver_fork_box,box portfolio,IMM:mpvgen_t6_n60:010,6,60,10,10.0,VALID_COMPLETE,True,1,,,COMPLETED,2.0061612110584974
B05-MPV-GEN-fork-box-10s-finite.jsonl,packingsolver_fork_box,box portfolio,IMM:mpvgen_t6_n90:001,6,90,1,10.0,VALID_COMPLETE,True,1,,,COMPLETED,2.008050911128521
B05-MPV-GEN-fork-box-10s-finite.jsonl,packingsolver_fork_box,box portfolio,IMM:mpvgen_t6_n90:002,6,90,2,10.0,VALID_COMPLETE,True,1,,,COMPLETED,2.007726921932772
B05-MPV-GEN-fork-box-10s-finite.jsonl,packingsolver_fork_box,box portfolio,IMM:mpvgen_t6_n90:003,6,90,3,10.0,VALID_COMPLETE,True,1,,,COMPLETED,2.006733536021784
B05-MPV-GEN-fork-box-10s-finite.jsonl,packingsolver_fork_box,box portfolio,IMM:mpvgen_t6_n90:004,6,90,4,10.0,VALID_COMPLETE,True,1,,,COMPLETED,2.0070543251931667
B05-MPV-GEN-fork-box-10s-finite.jsonl,packingsolver_fork_box,box portfolio,IMM:mpvgen_t6_n90:005,6,90,5,10.0,VALID_COMPLETE,True,1,,,COMPLETED,2.007472031051293
B05-MPV-GEN-fork-box-10s-finite.jsonl,packingsolver_fork_box,box portfolio,IMM:mpvgen_t6_n90:006,6,90,6,10.0,VALID_COMPLETE,True,1,,,COMPLETED,2.005294338800013
B05-MPV-GEN-fork-box-10s-finite.jsonl,packingsolver_fork_box,box portfolio,IMM:mpvgen_t6_n90:007,6,90,7,10.0,VALID_COMPLETE,True,1,,,COMPLETED,2.0063116438686848
B05-MPV-GEN-fork-box-10s-finite.jsonl,packingsolver_fork_box,box portfolio,IMM:mpvgen_t6_n90:008,6,90,8,10.0,VALID_COMPLETE,True,1,,,COMPLETED,2.0076685990206897
B05-MPV-GEN-fork-box-10s-finite.jsonl,packingsolver_fork_box,box portfolio,IMM:mpvgen_t6_n90:009,6,90,9,10.0,VALID_COMPLETE,True,1,,,COMPLETED,2.0079517809208483
B05-MPV-GEN-fork-box-10s-finite.jsonl,packingsolver_fork_box,box portfolio,IMM:mpvgen_t6_n90:010,6,90,10,10.0,VALID_COMPLETE,True,1,,,COMPLETED,2.0064681249205023
B05-MPV-GEN-fork-box-10s-finite.jsonl,packingsolver_fork_box,box portfolio,IMM:mpvgen_t7_n30:001,7,30,1,10.0,VALID_COMPLETE,True,1,,,COMPLETED,2.1109111530240625
B05-MPV-GEN-fork-box-10s-finite.jsonl,packingsolver_fork_box,box portfolio,IMM:mpvgen_t7_n30:002,7,30,2,10.0,VALID_COMPLETE,True,1,,,COMPLETED,3.0954671599902213
B05-MPV-GEN-fork-box-10s-finite.jsonl,packingsolver_fork_box,box portfolio,IMM:mpvgen_t7_n30:003,7,30,3,10.0,VALID_COMPLETE,True,1,,,COMPLETED,2.0961236089933664
B05-MPV-GEN-fork-box-10s-finite.jsonl,packingsolver_fork_box,box portfolio,IMM:mpvgen_t7_n30:004,7,30,4,10.0,VALID_COMPLETE,True,1,,,COMPLETED,2.089728523977101
B05-MPV-GEN-fork-box-10s-finite.jsonl,packingsolver_fork_box,box portfolio,IMM:mpvgen_t7_n30:005,7,30,5,10.0,VALID_COMPLETE,True,1,,,COMPLETED,2.078836092958227
B05-MPV-GEN-fork-box-10s-finite.jsonl,packingsolver_fork_box,box portfolio,IMM:mpvgen_t7_n30:006,7,30,6,10.0,VALID_COMPLETE,True,1,,,COMPLETED,2.1135991038754582
B05-MPV-GEN-fork-box-10s-finite.jsonl,packingsolver_fork_box,box portfolio,IMM:mpvgen_t7_n30:007,7,30,7,10.0,VALID_COMPLETE,True,1,,,COMPLETED,2.0982333400752395
B05-MPV-GEN-fork-box-10s-finite.jsonl,packingsolver_fork_box,box portfolio,IMM:mpvgen_t7_n30:008,7,30,8,10.0,VALID_COMPLETE,True,1,,,COMPLETED,2.0942487760912627
B05-MPV-GEN-fork-box-10s-finite.jsonl,packingsolver_fork_box,box portfolio,IMM:mpvgen_t7_n30:009,7,30,9,10.0,VALID_COMPLETE,True,1,,,COMPLETED,2.108681021956727
B05-MPV-GEN-fork-box-10s-finite.jsonl,packingsolver_fork_box,box portfolio,IMM:mpvgen_t7_n30:010,7,30,10,10.0,VALID_COMPLETE,True,1,,,COMPLETED,2.106202590977773
B05-MPV-GEN-fork-box-10s-finite.jsonl,packingsolver_fork_box,box portfolio,IMM:mpvgen_t7_n60:001,7,60,1,10.0,VALID_COMPLETE,True,1,,,COMPLETED,2.0053570319432765
B05-MPV-GEN-fork-box-10s-finite.jsonl,packingsolver_fork_box,box portfolio,IMM:mpvgen_t7_n60:002,7,60,2,10.0,VALID_COMPLETE,True,1,,,COMPLETED,2.0057640958111733
B05-MPV-GEN-fork-box-10s-finite.jsonl,packingsolver_fork_box,box portfolio,IMM:mpvgen_t7_n60:003,7,60,3,10.0,VALID_COMPLETE,True,1,,,COMPLETED,2.00625705299899
B05-MPV-GEN-fork-box-10s-finite.jsonl,packingsolver_fork_box,box portfolio,IMM:mpvgen_t7_n60:004,7,60,4,10.0,VALID_COMPLETE,True,1,,,COMPLETED,2.0051797730848193
B05-MPV-GEN-fork-box-10s-finite.jsonl,packingsolver_fork_box,box portfolio,IMM:mpvgen_t7_n60:005,7,60,5,10.0,VALID_COMPLETE,True,1,,,COMPLETED,3.009798560058698
B05-MPV-GEN-fork-box-10s-finite.jsonl,packingsolver_fork_box,box portfolio,IMM:mpvgen_t7_n60:006,7,60,6,10.0,VALID_COMPLETE,True,1,,,COMPLETED,2.0083748581819236
B05-MPV-GEN-fork-box-10s-finite.jsonl,packingsolver_fork_box,box portfolio,IMM:mpvgen_t7_n60:007,7,60,7,10.0,VALID_COMPLETE,True,1,,,COMPLETED,2.0071673621423542
B05-MPV-GEN-fork-box-10s-finite.jsonl,packingsolver_fork_box,box portfolio,IMM:mpvgen_t7_n60:008,7,60,8,10.0,VALID_COMPLETE,True,1,,,COMPLETED,2.0053051481954753
B05-MPV-GEN-fork-box-10s-finite.jsonl,packingsolver_fork_box,box portfolio,IMM:mpvgen_t7_n60:009,7,60,9,10.0,VALID_COMPLETE,True,1,,,COMPLETED,2.005818635225296
B05-MPV-GEN-fork-box-10s-finite.jsonl,packingsolver_fork_box,box portfolio,IMM:mpvgen_t7_n60:010,7,60,10,10.0,VALID_COMPLETE,True,1,,,COMPLETED,2.0075947518926114
B05-MPV-GEN-fork-box-10s-finite.jsonl,packingsolver_fork_box,box portfolio,IMM:mpvgen_t7_n90:001,7,90,1,10.0,VALID_COMPLETE,True,1,,,COMPLETED,2.0064675190951675
B05-MPV-GEN-fork-box-10s-finite.jsonl,packingsolver_fork_box,box portfolio,IMM:mpvgen_t7_n90:002,7,90,2,10.0,VALID_COMPLETE,True,1,,,COMPLETED,2.0086525559891015
B05-MPV-GEN-fork-box-10s-finite.jsonl,packingsolver_fork_box,box portfolio,IMM:mpvgen_t7_n90:003,7,90,3,10.0,VALID_COMPLETE,True,1,,,COMPLETED,2.006817271001637
B05-MPV-GEN-fork-box-10s-finite.jsonl,packingsolver_fork_box,box portfolio,IMM:mpvgen_t7_n90:004,7,90,4,10.0,VALID_COMPLETE,True,1,,,COMPLETED,3.0138446879573166
B05-MPV-GEN-fork-box-10s-finite.jsonl,packingsolver_fork_box,box portfolio,IMM:mpvgen_t7_n90:005,7,90,5,10.0,VALID_COMPLETE,True,1,,,COMPLETED,2.007861986057833
B05-MPV-GEN-fork-box-10s-finite.jsonl,packingsolver_fork_box,box portfolio,IMM:mpvgen_t7_n90:006,7,90,6,10.0,VALID_COMPLETE,True,1,,,COMPLETED,3.0184499078895897
B05-MPV-GEN-fork-box-10s-finite.jsonl,packingsolver_fork_box,box portfolio,IMM:mpvgen_t7_n90:007,7,90,7,10.0,VALID_COMPLETE,True,1,,,COMPLETED,3.0297374320216477
B05-MPV-GEN-fork-box-10s-finite.jsonl,packingsolver_fork_box,box portfolio,IMM:mpvgen_t7_n90:008,7,90,8,10.0,VALID_COMPLETE,True,1,,,COMPLETED,3.026651192922145
B05-MPV-GEN-fork-box-10s-finite.jsonl,packingsolver_fork_box,box portfolio,IMM:mpvgen_t7_n90:009,7,90,9,10.0,VALID_COMPLETE,True,1,,,COMPLETED,2.010686879977584
B05-MPV-GEN-fork-box-10s-finite.jsonl,packingsolver_fork_box,box portfolio,IMM:mpvgen_t7_n90:010,7,90,10,10.0,VALID_COMPLETE,True,1,,,COMPLETED,3.027191488072276
B05-MPV-GEN-fork-box-10s-finite.jsonl,packingsolver_fork_box,box portfolio,IMM:mpvgen_t8_n30:001,8,30,1,10.0,VALID_COMPLETE,True,5,,,COMPLETED,1.1799919831100851
B05-MPV-GEN-fork-box-10s-finite.jsonl,packingsolver_fork_box,box portfolio,IMM:mpvgen_t8_n30:002,8,30,2,10.0,VALID_COMPLETE,True,5,,,TIME_LIMIT,11.173719705082476
B05-MPV-GEN-fork-box-10s-finite.jsonl,packingsolver_fork_box,box portfolio,IMM:mpvgen_t8_n30:003,8,30,3,10.0,VALID_COMPLETE,True,8,,,COMPLETED,2.458458910929039
B05-MPV-GEN-fork-box-10s-finite.jsonl,packingsolver_fork_box,box portfolio,IMM:mpvgen_t8_n30:004,8,30,4,10.0,VALID_COMPLETE,True,5,,,TIME_LIMIT,12.50651306193322
B05-MPV-GEN-fork-box-10s-finite.jsonl,packingsolver_fork_box,box portfolio,IMM:mpvgen_t8_n30:005,8,30,5,10.0,VALID_COMPLETE,True,7,,,TIME_LIMIT,10.59706748998724
B05-MPV-GEN-fork-box-10s-finite.jsonl,packingsolver_fork_box,box portfolio,IMM:mpvgen_t8_n30:006,8,30,6,10.0,VALID_COMPLETE,True,6,,,COMPLETED,2.068884734995663
B05-MPV-GEN-fork-box-10s-finite.jsonl,packingsolver_fork_box,box portfolio,IMM:mpvgen_t8_n30:007,8,30,7,10.0,VALID_COMPLETE,True,5,,,COMPLETED,2.9545586560852826
B05-MPV-GEN-fork-box-10s-finite.jsonl,packingsolver_fork_box,box portfolio,IMM:mpvgen_t8_n30:008,8,30,8,10.0,VALID_COMPLETE,True,5,,,COMPLETED,1.7332527320832014
B05-MPV-GEN-fork-box-10s-finite.jsonl,packingsolver_fork_box,box portfolio,IMM:mpvgen_t8_n30:009,8,30,9,10.0,VALID_COMPLETE,True,9,,,COMPLETED,5.982610150938854
B05-MPV-GEN-fork-box-10s-finite.jsonl,packingsolver_fork_box,box portfolio,IMM:mpvgen_t8_n30:010,8,30,10,10.0,VALID_COMPLETE,True,5,,,TIME_LIMIT,10.940421545878053
B05-MPV-GEN-fork-box-10s-finite.jsonl,packingsolver_fork_box,box portfolio,IMM:mpvgen_t8_n60:001,8,60,1,10.0,VALID_COMPLETE,True,13,,,TIME_LIMIT,10.120099707972258
B05-MPV-GEN-fork-box-10s-finite.jsonl,packingsolver_fork_box,box portfolio,IMM:mpvgen_t8_n60:002,8,60,2,10.0,VALID_COMPLETE,True,14,,,TIME_LIMIT,25.952009866945446
B05-MPV-GEN-fork-box-10s-finite.jsonl,packingsolver_fork_box,box portfolio,IMM:mpvgen_t8_n60:003,8,60,3,10.0,VALID_COMPLETE,True,12,,,TIME_LIMIT,20.852121610194445
B05-MPV-GEN-fork-box-10s-finite.jsonl,packingsolver_fork_box,box portfolio,IMM:mpvgen_t8_n60:004,8,60,4,10.0,VALID_COMPLETE,True,9,,,TIME_LIMIT,10.079118140041828
B05-MPV-GEN-fork-box-10s-finite.jsonl,packingsolver_fork_box,box portfolio,IMM:mpvgen_t8_n60:005,8,60,5,10.0,VALID_COMPLETE,True,12,,,TIME_LIMIT,23.82138750818558
B05-MPV-GEN-fork-box-10s-finite.jsonl,packingsolver_fork_box,box portfolio,IMM:mpvgen_t8_n60:006,8,60,6,10.0,VALID_COMPLETE,True,10,,,TIME_LIMIT,10.075078614987433
B05-MPV-GEN-fork-box-10s-finite.jsonl,packingsolver_fork_box,box portfolio,IMM:mpvgen_t8_n60:007,8,60,7,10.0,VALID_COMPLETE,True,11,,,TIME_LIMIT,23.564551397925243
B05-MPV-GEN-fork-box-10s-finite.jsonl,packingsolver_fork_box,box portfolio,IMM:mpvgen_t8_n60:008,8,60,8,10.0,VALID_COMPLETE,True,8,,,TIME_LIMIT,10.125926038017496
B05-MPV-GEN-fork-box-10s-finite.jsonl,packingsolver_fork_box,box portfolio,IMM:mpvgen_t8_n60:009,8,60,9,10.0,VALID_COMPLETE,True,10,,,TIME_LIMIT,15.62847633799538
B05-MPV-GEN-fork-box-10s-finite.jsonl,packingsolver_fork_box,box portfolio,IMM:mpvgen_t8_n60:010,8,60,10,10.0,VALID_COMPLETE,True,12,,,TIME_LIMIT,16.209019159898162
B05-MPV-GEN-fork-box-10s-finite.jsonl,packingsolver_fork_box,box portfolio,IMM:mpvgen_t8_n90:001,8,90,1,10.0,VALID_COMPLETE,True,11,,,TIME_LIMIT,10.093954383162782
B05-MPV-GEN-fork-box-10s-finite.jsonl,packingsolver_fork_box,box portfolio,IMM:mpvgen_t8_n90:002,8,90,2,10.0,VALID_COMPLETE,True,12,,,TIME_LIMIT,10.082274930085987
B05-MPV-GEN-fork-box-10s-finite.jsonl,packingsolver_fork_box,box portfolio,IMM:mpvgen_t8_n90:003,8,90,3,10.0,VALID_COMPLETE,True,18,,,TIME_LIMIT,10.08279409701936
B05-MPV-GEN-fork-box-10s-finite.jsonl,packingsolver_fork_box,box portfolio,IMM:mpvgen_t8_n90:004,8,90,4,10.0,VALID_COMPLETE,True,15,,,TIME_LIMIT,10.132041237782687
B05-MPV-GEN-fork-box-10s-finite.jsonl,packingsolver_fork_box,box portfolio,IMM:mpvgen_t8_n90:005,8,90,5,10.0,VALID_COMPLETE,True,15,,,TIME_LIMIT,10.102766816969961
B05-MPV-GEN-fork-box-10s-finite.jsonl,packingsolver_fork_box,box portfolio,IMM:mpvgen_t8_n90:006,8,90,6,10.0,VALID_COMPLETE,True,16,,,TIME_LIMIT,10.13133149407804
B05-MPV-GEN-fork-box-10s-finite.jsonl,packingsolver_fork_box,box portfolio,IMM:mpvgen_t8_n90:007,8,90,7,10.0,VALID_COMPLETE,True,16,,,TIME_LIMIT,10.072499446105212
B05-MPV-GEN-fork-box-10s-finite.jsonl,packingsolver_fork_box,box portfolio,IMM:mpvgen_t8_n90:008,8,90,8,10.0,VALID_COMPLETE,True,13,,,TIME_LIMIT,10.175190683919936
B05-MPV-GEN-fork-box-10s-finite.jsonl,packingsolver_fork_box,box portfolio,IMM:mpvgen_t8_n90:009,8,90,9,10.0,VALID_COMPLETE,True,16,,,TIME_LIMIT,10.110045443056151
B05-MPV-GEN-fork-box-10s-finite.jsonl,packingsolver_fork_box,box portfolio,IMM:mpvgen_t8_n90:010,8,90,10,10.0,VALID_COMPLETE,True,15,,,TIME_LIMIT,10.051055614138022
B05-MPV-GEN-fork-box-10s-finite.jsonl,packingsolver_fork_box,box portfolio,IMM:mpvgen_t9_n30:001,9,30,1,10.0,VALID_COMPLETE,True,3,,,COMPLETED,1.0796173519920558
B05-MPV-GEN-fork-box-10s-finite.jsonl,packingsolver_fork_box,box portfolio,IMM:mpvgen_t9_n30:002,9,30,2,10.0,VALID_COMPLETE,True,3,,,COMPLETED,1.0884880090598017
B05-MPV-GEN-fork-box-10s-finite.jsonl,packingsolver_fork_box,box portfolio,IMM:mpvgen_t9_n30:003,9,30,3,10.0,VALID_COMPLETE,True,3,,,COMPLETED,3.176904470194131
B05-MPV-GEN-fork-box-10s-finite.jsonl,packingsolver_fork_box,box portfolio,IMM:mpvgen_t9_n30:004,9,30,4,10.0,VALID_COMPLETE,True,3,,,COMPLETED,1.0668618010822684
B05-MPV-GEN-fork-box-10s-finite.jsonl,packingsolver_fork_box,box portfolio,IMM:mpvgen_t9_n30:005,9,30,5,10.0,VALID_COMPLETE,True,3,,,COMPLETED,1.0782889651600271
B05-MPV-GEN-fork-box-10s-finite.jsonl,packingsolver_fork_box,box portfolio,IMM:mpvgen_t9_n30:006,9,30,6,10.0,VALID_COMPLETE,True,3,,,COMPLETED,1.0448581429664046
B05-MPV-GEN-fork-box-10s-finite.jsonl,packingsolver_fork_box,box portfolio,IMM:mpvgen_t9_n30:007,9,30,7,10.0,VALID_COMPLETE,True,3,,,COMPLETED,1.0465078440029174
B05-MPV-GEN-fork-box-10s-finite.jsonl,packingsolver_fork_box,box portfolio,IMM:mpvgen_t9_n30:008,9,30,8,10.0,VALID_COMPLETE,True,3,,,COMPLETED,1.0582705680280924
B05-MPV-GEN-fork-box-10s-finite.jsonl,packingsolver_fork_box,box portfolio,IMM:mpvgen_t9_n30:009,9,30,9,10.0,VALID_COMPLETE,True,3,,,COMPLETED,1.1352381280157715
B05-MPV-GEN-fork-box-10s-finite.jsonl,packingsolver_fork_box,box portfolio,IMM:mpvgen_t9_n30:010,9,30,10,10.0,VALID_COMPLETE,True,3,,,COMPLETED,1.0848219410981983
B05-MPV-GEN-fork-box-10s-finite.jsonl,packingsolver_fork_box,box portfolio,IMM:mpvgen_t9_n60:001,9,60,1,10.0,VALID_COMPLETE,True,3,,,COMPLETED,1.0629034650046378
B05-MPV-GEN-fork-box-10s-finite.jsonl,packingsolver_fork_box,box portfolio,IMM:mpvgen_t9_n60:002,9,60,2,10.0,VALID_COMPLETE,True,4,,,TIME_LIMIT,10.040581359062344
B05-MPV-GEN-fork-box-10s-finite.jsonl,packingsolver_fork_box,box portfolio,IMM:mpvgen_t9_n60:003,9,60,3,10.0,VALID_COMPLETE,True,4,,,TIME_LIMIT,10.04547567712143
B05-MPV-GEN-fork-box-10s-finite.jsonl,packingsolver_fork_box,box portfolio,IMM:mpvgen_t9_n60:004,9,60,4,10.0,VALID_COMPLETE,True,4,,,TIME_LIMIT,10.081239950843155
B05-MPV-GEN-fork-box-10s-finite.jsonl,packingsolver_fork_box,box portfolio,IMM:mpvgen_t9_n60:005,9,60,5,10.0,VALID_COMPLETE,True,4,,,TIME_LIMIT,10.03184831305407
B05-MPV-GEN-fork-box-10s-finite.jsonl,packingsolver_fork_box,box portfolio,IMM:mpvgen_t9_n60:006,9,60,6,10.0,VALID_COMPLETE,True,4,,,TIME_LIMIT,10.040454216999933
B05-MPV-GEN-fork-box-10s-finite.jsonl,packingsolver_fork_box,box portfolio,IMM:mpvgen_t9_n60:007,9,60,7,10.0,VALID_COMPLETE,True,4,,,TIME_LIMIT,10.075926189078018
B05-MPV-GEN-fork-box-10s-finite.jsonl,packingsolver_fork_box,box portfolio,IMM:mpvgen_t9_n60:008,9,60,8,10.0,VALID_COMPLETE,True,4,,,TIME_LIMIT,10.054721364052966
B05-MPV-GEN-fork-box-10s-finite.jsonl,packingsolver_fork_box,box portfolio,IMM:mpvgen_t9_n60:009,9,60,9,10.0,VALID_COMPLETE,True,4,,,TIME_LIMIT,10.032015715027228
B05-MPV-GEN-fork-box-10s-finite.jsonl,packingsolver_fork_box,box portfolio,IMM:mpvgen_t9_n60:010,9,60,10,10.0,VALID_COMPLETE,True,4,,,TIME_LIMIT,10.040768278995529
B05-MPV-GEN-fork-box-10s-finite.jsonl,packingsolver_fork_box,box portfolio,IMM:mpvgen_t9_n90:001,9,90,1,10.0,VALID_COMPLETE,True,4,,,TIME_LIMIT,10.053776854882017
B05-MPV-GEN-fork-box-10s-finite.jsonl,packingsolver_fork_box,box portfolio,IMM:mpvgen_t9_n90:002,9,90,2,10.0,VALID_COMPLETE,True,4,,,TIME_LIMIT,10.071276237023994
B05-MPV-GEN-fork-box-10s-finite.jsonl,packingsolver_fork_box,box portfolio,IMM:mpvgen_t9_n90:003,9,90,3,10.0,VALID_COMPLETE,True,4,,,TIME_LIMIT,10.05318229389377
B05-MPV-GEN-fork-box-10s-finite.jsonl,packingsolver_fork_box,box portfolio,IMM:mpvgen_t9_n90:004,9,90,4,10.0,VALID_COMPLETE,True,4,,,TIME_LIMIT,10.044750393135473
B05-MPV-GEN-fork-box-10s-finite.jsonl,packingsolver_fork_box,box portfolio,IMM:mpvgen_t9_n90:005,9,90,5,10.0,VALID_COMPLETE,True,4,,,TIME_LIMIT,10.095336888218299
B05-MPV-GEN-fork-box-10s-finite.jsonl,packingsolver_fork_box,box portfolio,IMM:mpvgen_t9_n90:006,9,90,6,10.0,VALID_COMPLETE,True,4,,,TIME_LIMIT,10.03015032899566
B05-MPV-GEN-fork-box-10s-finite.jsonl,packingsolver_fork_box,box portfolio,IMM:mpvgen_t9_n90:007,9,90,7,10.0,VALID_COMPLETE,True,4,,,TIME_LIMIT,10.03278331598267
B05-MPV-GEN-fork-box-10s-finite.jsonl,packingsolver_fork_box,box portfolio,IMM:mpvgen_t9_n90:008,9,90,8,10.0,VALID_COMPLETE,True,4,,,TIME_LIMIT,10.032524739857763
B05-MPV-GEN-fork-box-10s-finite.jsonl,packingsolver_fork_box,box portfolio,IMM:mpvgen_t9_n90:009,9,90,9,10.0,VALID_COMPLETE,True,4,,,TIME_LIMIT,10.0364869418554
B05-MPV-GEN-fork-box-10s-finite.jsonl,packingsolver_fork_box,box portfolio,IMM:mpvgen_t9_n90:010,9,90,10,10.0,VALID_COMPLETE,True,4,,,TIME_LIMIT,10.04603948793374
B05-MPV-GEN-fork-box-1s-finite.jsonl,packingsolver_fork_box,box portfolio,IMM:mpvgen_t1_n30:001,1,30,1,1.0,VALID_COMPLETE,True,9,,,TIME_LIMIT,1.5242723380215466
B05-MPV-GEN-fork-box-1s-finite.jsonl,packingsolver_fork_box,box portfolio,IMM:mpvgen_t1_n30:002,1,30,2,1.0,VALID_COMPLETE,True,11,,,TIME_LIMIT,2.1235540308989584
B05-MPV-GEN-fork-box-1s-finite.jsonl,packingsolver_fork_box,box portfolio,IMM:mpvgen_t1_n30:003,1,30,3,1.0,VALID_COMPLETE,True,8,,,TIME_LIMIT,1.171518709976226
B05-MPV-GEN-fork-box-1s-finite.jsonl,packingsolver_fork_box,box portfolio,IMM:mpvgen_t1_n30:004,1,30,4,1.0,VALID_COMPLETE,True,7,,,TIME_LIMIT,1.1376105090603232
B05-MPV-GEN-fork-box-1s-finite.jsonl,packingsolver_fork_box,box portfolio,IMM:mpvgen_t1_n30:005,1,30,5,1.0,VALID_COMPLETE,True,10,,,TIME_LIMIT,1.423557526897639
B05-MPV-GEN-fork-box-1s-finite.jsonl,packingsolver_fork_box,box portfolio,IMM:mpvgen_t1_n30:006,1,30,6,1.0,VALID_COMPLETE,True,7,,,TIME_LIMIT,1.1321677600499243
B05-MPV-GEN-fork-box-1s-finite.jsonl,packingsolver_fork_box,box portfolio,IMM:mpvgen_t1_n30:007,1,30,7,1.0,VALID_COMPLETE,True,8,,,TIME_LIMIT,1.097906397189945
B05-MPV-GEN-fork-box-1s-finite.jsonl,packingsolver_fork_box,box portfolio,IMM:mpvgen_t1_n30:008,1,30,8,1.0,VALID_COMPLETE,True,9,,,TIME_LIMIT,1.3502508101519197
B05-MPV-GEN-fork-box-1s-finite.jsonl,packingsolver_fork_box,box portfolio,IMM:mpvgen_t1_n30:009,1,30,9,1.0,VALID_COMPLETE,True,9,,,TIME_LIMIT,3.832393340067938
B05-MPV-GEN-fork-box-1s-finite.jsonl,packingsolver_fork_box,box portfolio,IMM:mpvgen_t1_n30:010,1,30,10,1.0,VALID_COMPLETE,True,8,,,TIME_LIMIT,2.426332517992705
B05-MPV-GEN-fork-box-1s-finite.jsonl,packingsolver_fork_box,box portfolio,IMM:mpvgen_t1_n60:001,1,60,1,1.0,VALID_COMPLETE,True,15,,,TIME_LIMIT,1.0574140860699117
B05-MPV-GEN-fork-box-1s-finite.jsonl,packingsolver_fork_box,box portfolio,IMM:mpvgen_t1_n60:002,1,60,2,1.0,VALID_COMPLETE,True,14,,,TIME_LIMIT,1.0230350468773395
B05-MPV-GEN-fork-box-1s-finite.jsonl,packingsolver_fork_box,box portfolio,IMM:mpvgen_t1_n60:003,1,60,3,1.0,VALID_COMPLETE,True,17,,,TIME_LIMIT,1.090385968098417
B05-MPV-GEN-fork-box-1s-finite.jsonl,packingsolver_fork_box,box portfolio,IMM:mpvgen_t1_n60:004,1,60,4,1.0,VALID_COMPLETE,True,13,,,TIME_LIMIT,1.0418440769426525
B05-MPV-GEN-fork-box-1s-finite.jsonl,packingsolver_fork_box,box portfolio,IMM:mpvgen_t1_n60:005,1,60,5,1.0,VALID_COMPLETE,True,18,,,TIME_LIMIT,1.0926535478793085
B05-MPV-GEN-fork-box-1s-finite.jsonl,packingsolver_fork_box,box portfolio,IMM:mpvgen_t1_n60:006,1,60,6,1.0,VALID_COMPLETE,True,15,,,TIME_LIMIT,1.0497854768764228
B05-MPV-GEN-fork-box-1s-finite.jsonl,packingsolver_fork_box,box portfolio,IMM:mpvgen_t1_n60:007,1,60,7,1.0,VALID_COMPLETE,True,15,,,TIME_LIMIT,1.066665198886767
B05-MPV-GEN-fork-box-1s-finite.jsonl,packingsolver_fork_box,box portfolio,IMM:mpvgen_t1_n60:008,1,60,8,1.0,VALID_COMPLETE,True,17,,,TIME_LIMIT,1.084855813998729
B05-MPV-GEN-fork-box-1s-finite.jsonl,packingsolver_fork_box,box portfolio,IMM:mpvgen_t1_n60:009,1,60,9,1.0,VALID_COMPLETE,True,15,,,TIME_LIMIT,1.0799378959927708
B05-MPV-GEN-fork-box-1s-finite.jsonl,packingsolver_fork_box,box portfolio,IMM:mpvgen_t1_n60:010,1,60,10,1.0,VALID_COMPLETE,True,15,,,TIME_LIMIT,1.0585658818017691
B05-MPV-GEN-fork-box-1s-finite.jsonl,packingsolver_fork_box,box portfolio,IMM:mpvgen_t1_n90:001,1,90,1,1.0,VALID_COMPLETE,True,27,,,TIME_LIMIT,1.5542417310643941
B05-MPV-GEN-fork-box-1s-finite.jsonl,packingsolver_fork_box,box portfolio,IMM:mpvgen_t1_n90:002,1,90,2,1.0,VALID_COMPLETE,True,23,,,TIME_LIMIT,1.0731080509722233
B05-MPV-GEN-fork-box-1s-finite.jsonl,packingsolver_fork_box,box portfolio,IMM:mpvgen_t1_n90:003,1,90,3,1.0,VALID_COMPLETE,True,24,,,TIME_LIMIT,1.052845980040729
B05-MPV-GEN-fork-box-1s-finite.jsonl,packingsolver_fork_box,box portfolio,IMM:mpvgen_t1_n90:004,1,90,4,1.0,VALID_COMPLETE,True,21,,,TIME_LIMIT,1.0707462490536273
B05-MPV-GEN-fork-box-1s-finite.jsonl,packingsolver_fork_box,box portfolio,IMM:mpvgen_t1_n90:005,1,90,5,1.0,VALID_COMPLETE,True,28,,,TIME_LIMIT,1.0444473000243306
B05-MPV-GEN-fork-box-1s-finite.jsonl,packingsolver_fork_box,box portfolio,IMM:mpvgen_t1_n90:006,1,90,6,1.0,VALID_COMPLETE,True,24,,,TIME_LIMIT,1.1164775928482413
B05-MPV-GEN-fork-box-1s-finite.jsonl,packingsolver_fork_box,box portfolio,IMM:mpvgen_t1_n90:007,1,90,7,1.0,VALID_COMPLETE,True,22,,,TIME_LIMIT,1.0616025829222053
B05-MPV-GEN-fork-box-1s-finite.jsonl,packingsolver_fork_box,box portfolio,IMM:mpvgen_t1_n90:008,1,90,8,1.0,VALID_COMPLETE,True,25,,,TIME_LIMIT,1.0423147978726774
B05-MPV-GEN-fork-box-1s-finite.jsonl,packingsolver_fork_box,box portfolio,IMM:mpvgen_t1_n90:009,1,90,9,1.0,VALID_COMPLETE,True,27,,,TIME_LIMIT,1.0683874008245766
B05-MPV-GEN-fork-box-1s-finite.jsonl,packingsolver_fork_box,box portfolio,IMM:mpvgen_t1_n90:010,1,90,10,1.0,VALID_COMPLETE,True,24,,,TIME_LIMIT,1.0958760119974613
B05-MPV-GEN-fork-box-1s-finite.jsonl,packingsolver_fork_box,box portfolio,IMM:mpvgen_t6_n30:001,6,30,1,1.0,NO_SOLUTION,False,0,,,TIME_LIMIT,3.049625078216195
B05-MPV-GEN-fork-box-1s-finite.jsonl,packingsolver_fork_box,box portfolio,IMM:mpvgen_t6_n30:002,6,30,2,1.0,NO_SOLUTION,False,0,,,TIME_LIMIT,3.0193555380683392
B05-MPV-GEN-fork-box-1s-finite.jsonl,packingsolver_fork_box,box portfolio,IMM:mpvgen_t6_n30:003,6,30,3,1.0,NO_SOLUTION,False,0,,,TIME_LIMIT,2.751804944127798
B05-MPV-GEN-fork-box-1s-finite.jsonl,packingsolver_fork_box,box portfolio,IMM:mpvgen_t6_n30:004,6,30,4,1.0,NO_SOLUTION,False,0,,,TIME_LIMIT,2.537494760006666
B05-MPV-GEN-fork-box-1s-finite.jsonl,packingsolver_fork_box,box portfolio,IMM:mpvgen_t6_n30:005,6,30,5,1.0,NO_SOLUTION,False,0,,,TIME_LIMIT,2.331257917918265
B05-MPV-GEN-fork-box-1s-finite.jsonl,packingsolver_fork_box,box portfolio,IMM:mpvgen_t6_n30:006,6,30,6,1.0,NO_SOLUTION,False,0,,,TIME_LIMIT,2.058194260811433
B05-MPV-GEN-fork-box-1s-finite.jsonl,packingsolver_fork_box,box portfolio,IMM:mpvgen_t6_n30:007,6,30,7,1.0,NO_SOLUTION,False,0,,,TIME_LIMIT,2.051923539955169
B05-MPV-GEN-fork-box-1s-finite.jsonl,packingsolver_fork_box,box portfolio,IMM:mpvgen_t6_n30:008,6,30,8,1.0,NO_SOLUTION,False,0,,,TIME_LIMIT,1.9763112030923367
B05-MPV-GEN-fork-box-1s-finite.jsonl,packingsolver_fork_box,box portfolio,IMM:mpvgen_t6_n30:009,6,30,9,1.0,NO_SOLUTION,False,0,,,TIME_LIMIT,1.9754227160010487
B05-MPV-GEN-fork-box-1s-finite.jsonl,packingsolver_fork_box,box portfolio,IMM:mpvgen_t6_n30:010,6,30,10,1.0,NO_SOLUTION,False,0,,,TIME_LIMIT,1.9340205409098417
B05-MPV-GEN-fork-box-1s-finite.jsonl,packingsolver_fork_box,box portfolio,IMM:mpvgen_t6_n60:001,6,60,1,1.0,NO_SOLUTION,False,0,,,TIME_LIMIT,1.6842364319600165
B05-MPV-GEN-fork-box-1s-finite.jsonl,packingsolver_fork_box,box portfolio,IMM:mpvgen_t6_n60:002,6,60,2,1.0,NO_SOLUTION,False,0,,,TIME_LIMIT,1.890562848886475
B05-MPV-GEN-fork-box-1s-finite.jsonl,packingsolver_fork_box,box portfolio,IMM:mpvgen_t6_n60:003,6,60,3,1.0,NO_SOLUTION,False,0,,,TIME_LIMIT,1.8076517819426954
B05-MPV-GEN-fork-box-1s-finite.jsonl,packingsolver_fork_box,box portfolio,IMM:mpvgen_t6_n60:004,6,60,4,1.0,NO_SOLUTION,False,0,,,TIME_LIMIT,1.869729691883549
B05-MPV-GEN-fork-box-1s-finite.jsonl,packingsolver_fork_box,box portfolio,IMM:mpvgen_t6_n60:005,6,60,5,1.0,NO_SOLUTION,False,0,,,TIME_LIMIT,1.8856336961034685
B05-MPV-GEN-fork-box-1s-finite.jsonl,packingsolver_fork_box,box portfolio,IMM:mpvgen_t6_n60:006,6,60,6,1.0,NO_SOLUTION,False,0,,,TIME_LIMIT,2.2802457029465586
B05-MPV-GEN-fork-box-1s-finite.jsonl,packingsolver_fork_box,box portfolio,IMM:mpvgen_t6_n60:007,6,60,7,1.0,NO_SOLUTION,False,0,,,TIME_LIMIT,2.2832085138652474
B05-MPV-GEN-fork-box-1s-finite.jsonl,packingsolver_fork_box,box portfolio,IMM:mpvgen_t6_n60:008,6,60,8,1.0,NO_SOLUTION,False,0,,,TIME_LIMIT,2.174599063117057
B05-MPV-GEN-fork-box-1s-finite.jsonl,packingsolver_fork_box,box portfolio,IMM:mpvgen_t6_n60:009,6,60,9,1.0,NO_SOLUTION,False,0,,,TIME_LIMIT,1.8019672180525959
B05-MPV-GEN-fork-box-1s-finite.jsonl,packingsolver_fork_box,box portfolio,IMM:mpvgen_t6_n60:010,6,60,10,1.0,NO_SOLUTION,False,0,,,TIME_LIMIT,2.17503052810207
B05-MPV-GEN-fork-box-1s-finite.jsonl,packingsolver_fork_box,box portfolio,IMM:mpvgen_t6_n90:001,6,90,1,1.0,NO_SOLUTION,False,0,,,TIME_LIMIT,1.853149619884789
B05-MPV-GEN-fork-box-1s-finite.jsonl,packingsolver_fork_box,box portfolio,IMM:mpvgen_t6_n90:002,6,90,2,1.0,NO_SOLUTION,False,0,,,TIME_LIMIT,1.9929111159872264
B05-MPV-GEN-fork-box-1s-finite.jsonl,packingsolver_fork_box,box portfolio,IMM:mpvgen_t6_n90:003,6,90,3,1.0,NO_SOLUTION,False,0,,,TIME_LIMIT,1.7382667979691178
B05-MPV-GEN-fork-box-1s-finite.jsonl,packingsolver_fork_box,box portfolio,IMM:mpvgen_t6_n90:004,6,90,4,1.0,NO_SOLUTION,False,0,,,TIME_LIMIT,2.123512252001092
B05-MPV-GEN-fork-box-1s-finite.jsonl,packingsolver_fork_box,box portfolio,IMM:mpvgen_t6_n90:005,6,90,5,1.0,NO_SOLUTION,False,0,,,TIME_LIMIT,1.727633672999218
B05-MPV-GEN-fork-box-1s-finite.jsonl,packingsolver_fork_box,box portfolio,IMM:mpvgen_t6_n90:006,6,90,6,1.0,NO_SOLUTION,False,0,,,TIME_LIMIT,2.0337085351347923
B05-MPV-GEN-fork-box-1s-finite.jsonl,packingsolver_fork_box,box portfolio,IMM:mpvgen_t6_n90:007,6,90,7,1.0,NO_SOLUTION,False,0,,,TIME_LIMIT,1.7695633978582919
B05-MPV-GEN-fork-box-1s-finite.jsonl,packingsolver_fork_box,box portfolio,IMM:mpvgen_t6_n90:008,6,90,8,1.0,NO_SOLUTION,False,0,,,TIME_LIMIT,1.7939581708051264
B05-MPV-GEN-fork-box-1s-finite.jsonl,packingsolver_fork_box,box portfolio,IMM:mpvgen_t6_n90:009,6,90,9,1.0,NO_SOLUTION,False,0,,,TIME_LIMIT,1.8579105029348284
B05-MPV-GEN-fork-box-1s-finite.jsonl,packingsolver_fork_box,box portfolio,IMM:mpvgen_t6_n90:010,6,90,10,1.0,NO_SOLUTION,False,0,,,TIME_LIMIT,1.6815802920609713
B05-MPV-GEN-fork-box-1s-finite.jsonl,packingsolver_fork_box,box portfolio,IMM:mpvgen_t7_n30:001,7,30,1,1.0,NO_SOLUTION,False,0,,,TIME_LIMIT,1.980940509121865
B05-MPV-GEN-fork-box-1s-finite.jsonl,packingsolver_fork_box,box portfolio,IMM:mpvgen_t7_n30:002,7,30,2,1.0,NO_SOLUTION,False,0,,,TIME_LIMIT,2.4801202109083533
B05-MPV-GEN-fork-box-1s-finite.jsonl,packingsolver_fork_box,box portfolio,IMM:mpvgen_t7_n30:003,7,30,3,1.0,NO_SOLUTION,False,0,,,TIME_LIMIT,2.043635139008984
B05-MPV-GEN-fork-box-1s-finite.jsonl,packingsolver_fork_box,box portfolio,IMM:mpvgen_t7_n30:004,7,30,4,1.0,NO_SOLUTION,False,0,,,TIME_LIMIT,2.0588529750239104
B05-MPV-GEN-fork-box-1s-finite.jsonl,packingsolver_fork_box,box portfolio,IMM:mpvgen_t7_n30:005,7,30,5,1.0,NO_SOLUTION,False,0,,,TIME_LIMIT,2.2758906178642064
B05-MPV-GEN-fork-box-1s-finite.jsonl,packingsolver_fork_box,box portfolio,IMM:mpvgen_t7_n30:006,7,30,6,1.0,NO_SOLUTION,False,0,,,TIME_LIMIT,1.994757377076894
B05-MPV-GEN-fork-box-1s-finite.jsonl,packingsolver_fork_box,box portfolio,IMM:mpvgen_t7_n30:007,7,30,7,1.0,NO_SOLUTION,False,0,,,TIME_LIMIT,2.2066233998630196
B05-MPV-GEN-fork-box-1s-finite.jsonl,packingsolver_fork_box,box portfolio,IMM:mpvgen_t7_n30:008,7,30,8,1.0,NO_SOLUTION,False,0,,,TIME_LIMIT,2.1120980479754508
B05-MPV-GEN-fork-box-1s-finite.jsonl,packingsolver_fork_box,box portfolio,IMM:mpvgen_t7_n30:009,7,30,9,1.0,NO_SOLUTION,False,0,,,TIME_LIMIT,2.1195576537866145
B05-MPV-GEN-fork-box-1s-finite.jsonl,packingsolver_fork_box,box portfolio,IMM:mpvgen_t7_n30:010,7,30,10,1.0,NO_SOLUTION,False,0,,,TIME_LIMIT,2.0887704498600215
B05-MPV-GEN-fork-box-1s-finite.jsonl,packingsolver_fork_box,box portfolio,IMM:mpvgen_t7_n60:001,7,60,1,1.0,NO_SOLUTION,False,0,,,TIME_LIMIT,1.8662655379157513
B05-MPV-GEN-fork-box-1s-finite.jsonl,packingsolver_fork_box,box portfolio,IMM:mpvgen_t7_n60:002,7,60,2,1.0,NO_SOLUTION,False,0,,,TIME_LIMIT,1.7017736891284585
B05-MPV-GEN-fork-box-1s-finite.jsonl,packingsolver_fork_box,box portfolio,IMM:mpvgen_t7_n60:003,7,60,3,1.0,NO_SOLUTION,False,0,,,TIME_LIMIT,1.719926638994366
B05-MPV-GEN-fork-box-1s-finite.jsonl,packingsolver_fork_box,box portfolio,IMM:mpvgen_t7_n60:004,7,60,4,1.0,NO_SOLUTION,False,0,,,TIME_LIMIT,1.6794010610319674
B05-MPV-GEN-fork-box-1s-finite.jsonl,packingsolver_fork_box,box portfolio,IMM:mpvgen_t7_n60:005,7,60,5,1.0,NO_SOLUTION,False,0,,,TIME_LIMIT,2.3806950740981847
B05-MPV-GEN-fork-box-1s-finite.jsonl,packingsolver_fork_box,box portfolio,IMM:mpvgen_t7_n60:006,7,60,6,1.0,NO_SOLUTION,False,0,,,TIME_LIMIT,1.799838030943647
B05-MPV-GEN-fork-box-1s-finite.jsonl,packingsolver_fork_box,box portfolio,IMM:mpvgen_t7_n60:007,7,60,7,1.0,NO_SOLUTION,False,0,,,TIME_LIMIT,1.8096148178447038
B05-MPV-GEN-fork-box-1s-finite.jsonl,packingsolver_fork_box,box portfolio,IMM:mpvgen_t7_n60:008,7,60,8,1.0,NO_SOLUTION,False,0,,,TIME_LIMIT,1.9858417778741568
B05-MPV-GEN-fork-box-1s-finite.jsonl,packingsolver_fork_box,box portfolio,IMM:mpvgen_t7_n60:009,7,60,9,1.0,NO_SOLUTION,False,0,,,TIME_LIMIT,1.7890676681417972
B05-MPV-GEN-fork-box-1s-finite.jsonl,packingsolver_fork_box,box portfolio,IMM:mpvgen_t7_n60:010,7,60,10,1.0,NO_SOLUTION,False,0,,,TIME_LIMIT,1.619021113961935
B05-MPV-GEN-fork-box-1s-finite.jsonl,packingsolver_fork_box,box portfolio,IMM:mpvgen_t7_n90:001,7,90,1,1.0,NO_SOLUTION,False,0,,,TIME_LIMIT,1.6634762070607394
B05-MPV-GEN-fork-box-1s-finite.jsonl,packingsolver_fork_box,box portfolio,IMM:mpvgen_t7_n90:002,7,90,2,1.0,NO_SOLUTION,False,0,,,TIME_LIMIT,1.6019379931967705
B05-MPV-GEN-fork-box-1s-finite.jsonl,packingsolver_fork_box,box portfolio,IMM:mpvgen_t7_n90:003,7,90,3,1.0,NO_SOLUTION,False,0,,,TIME_LIMIT,1.6457303508650512
B05-MPV-GEN-fork-box-1s-finite.jsonl,packingsolver_fork_box,box portfolio,IMM:mpvgen_t7_n90:004,7,90,4,1.0,NO_SOLUTION,False,0,,,TIME_LIMIT,2.2082702189218253
B05-MPV-GEN-fork-box-1s-finite.jsonl,packingsolver_fork_box,box portfolio,IMM:mpvgen_t7_n90:005,7,90,5,1.0,NO_SOLUTION,False,0,,,TIME_LIMIT,1.708756783977151
B05-MPV-GEN-fork-box-1s-finite.jsonl,packingsolver_fork_box,box portfolio,IMM:mpvgen_t7_n90:006,7,90,6,1.0,NO_SOLUTION,False,0,,,TIME_LIMIT,2.820769130019471
B05-MPV-GEN-fork-box-1s-finite.jsonl,packingsolver_fork_box,box portfolio,IMM:mpvgen_t7_n90:007,7,90,7,1.0,NO_SOLUTION,False,0,,,TIME_LIMIT,2.2810475509613752
B05-MPV-GEN-fork-box-1s-finite.jsonl,packingsolver_fork_box,box portfolio,IMM:mpvgen_t7_n90:008,7,90,8,1.0,NO_SOLUTION,False,0,,,TIME_LIMIT,2.606026012916118
B05-MPV-GEN-fork-box-1s-finite.jsonl,packingsolver_fork_box,box portfolio,IMM:mpvgen_t7_n90:009,7,90,9,1.0,NO_SOLUTION,False,0,,,TIME_LIMIT,2.231918237870559
B05-MPV-GEN-fork-box-1s-finite.jsonl,packingsolver_fork_box,box portfolio,IMM:mpvgen_t7_n90:010,7,90,10,1.0,NO_SOLUTION,False,0,,,TIME_LIMIT,2.996961622033268
B05-MPV-GEN-fork-box-1s-finite.jsonl,packingsolver_fork_box,box portfolio,IMM:mpvgen_t8_n30:001,8,30,1,1.0,VALID_COMPLETE,True,5,,,TIME_LIMIT,1.2278710000682622
B05-MPV-GEN-fork-box-1s-finite.jsonl,packingsolver_fork_box,box portfolio,IMM:mpvgen_t8_n30:002,8,30,2,1.0,VALID_COMPLETE,True,5,,,TIME_LIMIT,1.1615811989177018
B05-MPV-GEN-fork-box-1s-finite.jsonl,packingsolver_fork_box,box portfolio,IMM:mpvgen_t8_n30:003,8,30,3,1.0,VALID_COMPLETE,True,8,,,TIME_LIMIT,1.353705232962966
B05-MPV-GEN-fork-box-1s-finite.jsonl,packingsolver_fork_box,box portfolio,IMM:mpvgen_t8_n30:004,8,30,4,1.0,VALID_COMPLETE,True,5,,,TIME_LIMIT,1.363019400043413
B05-MPV-GEN-fork-box-1s-finite.jsonl,packingsolver_fork_box,box portfolio,IMM:mpvgen_t8_n30:005,8,30,5,1.0,VALID_COMPLETE,True,7,,,TIME_LIMIT,2.627833410864696
B05-MPV-GEN-fork-box-1s-finite.jsonl,packingsolver_fork_box,box portfolio,IMM:mpvgen_t8_n30:006,8,30,6,1.0,VALID_COMPLETE,True,6,,,TIME_LIMIT,1.5587147339247167
B05-MPV-GEN-fork-box-1s-finite.jsonl,packingsolver_fork_box,box portfolio,IMM:mpvgen_t8_n30:007,8,30,7,1.0,VALID_COMPLETE,True,5,,,TIME_LIMIT,1.4984211730770767
B05-MPV-GEN-fork-box-1s-finite.jsonl,packingsolver_fork_box,box portfolio,IMM:mpvgen_t8_n30:008,8,30,8,1.0,VALID_COMPLETE,True,5,,,TIME_LIMIT,2.1929873127955943
B05-MPV-GEN-fork-box-1s-finite.jsonl,packingsolver_fork_box,box portfolio,IMM:mpvgen_t8_n30:009,8,30,9,1.0,VALID_COMPLETE,True,9,,,TIME_LIMIT,2.4034763369709253
B05-MPV-GEN-fork-box-1s-finite.jsonl,packingsolver_fork_box,box portfolio,IMM:mpvgen_t8_n30:010,8,30,10,1.0,VALID_COMPLETE,True,5,,,TIME_LIMIT,4.644382406026125
B05-MPV-GEN-fork-box-1s-finite.jsonl,packingsolver_fork_box,box portfolio,IMM:mpvgen_t8_n60:001,8,60,1,1.0,VALID_COMPLETE,True,13,,,TIME_LIMIT,1.040866533992812
B05-MPV-GEN-fork-box-1s-finite.jsonl,packingsolver_fork_box,box portfolio,IMM:mpvgen_t8_n60:002,8,60,2,1.0,VALID_COMPLETE,True,14,,,TIME_LIMIT,1.0842545561026782
B05-MPV-GEN-fork-box-1s-finite.jsonl,packingsolver_fork_box,box portfolio,IMM:mpvgen_t8_n60:003,8,60,3,1.0,VALID_COMPLETE,True,12,,,TIME_LIMIT,1.0730867451056838
B05-MPV-GEN-fork-box-1s-finite.jsonl,packingsolver_fork_box,box portfolio,IMM:mpvgen_t8_n60:004,8,60,4,1.0,VALID_COMPLETE,True,9,,,TIME_LIMIT,1.1212405059486628
B05-MPV-GEN-fork-box-1s-finite.jsonl,packingsolver_fork_box,box portfolio,IMM:mpvgen_t8_n60:005,8,60,5,1.0,VALID_COMPLETE,True,12,,,TIME_LIMIT,1.1147179279942065
B05-MPV-GEN-fork-box-1s-finite.jsonl,packingsolver_fork_box,box portfolio,IMM:mpvgen_t8_n60:006,8,60,6,1.0,VALID_COMPLETE,True,10,,,TIME_LIMIT,1.1224533540662378
B05-MPV-GEN-fork-box-1s-finite.jsonl,packingsolver_fork_box,box portfolio,IMM:mpvgen_t8_n60:007,8,60,7,1.0,VALID_COMPLETE,True,11,,,TIME_LIMIT,1.100767167052254
B05-MPV-GEN-fork-box-1s-finite.jsonl,packingsolver_fork_box,box portfolio,IMM:mpvgen_t8_n60:008,8,60,8,1.0,VALID_COMPLETE,True,8,,,TIME_LIMIT,1.150967667112127
B05-MPV-GEN-fork-box-1s-finite.jsonl,packingsolver_fork_box,box portfolio,IMM:mpvgen_t8_n60:009,8,60,9,1.0,VALID_COMPLETE,True,11,,,TIME_LIMIT,1.0702153840102255
B05-MPV-GEN-fork-box-1s-finite.jsonl,packingsolver_fork_box,box portfolio,IMM:mpvgen_t8_n60:010,8,60,10,1.0,VALID_COMPLETE,True,12,,,TIME_LIMIT,1.0860738849733025
B05-MPV-GEN-fork-box-1s-finite.jsonl,packingsolver_fork_box,box portfolio,IMM:mpvgen_t8_n90:001,8,90,1,1.0,VALID_COMPLETE,True,12,,,TIME_LIMIT,1.0711293308995664
B05-MPV-GEN-fork-box-1s-finite.jsonl,packingsolver_fork_box,box portfolio,IMM:mpvgen_t8_n90:002,8,90,2,1.0,VALID_COMPLETE,True,12,,,TIME_LIMIT,1.0877446469385177
B05-MPV-GEN-fork-box-1s-finite.jsonl,packingsolver_fork_box,box portfolio,IMM:mpvgen_t8_n90:003,8,90,3,1.0,VALID_COMPLETE,True,18,,,TIME_LIMIT,1.0910134920850396
B05-MPV-GEN-fork-box-1s-finite.jsonl,packingsolver_fork_box,box portfolio,IMM:mpvgen_t8_n90:004,8,90,4,1.0,VALID_COMPLETE,True,15,,,TIME_LIMIT,1.130850374000147
B05-MPV-GEN-fork-box-1s-finite.jsonl,packingsolver_fork_box,box portfolio,IMM:mpvgen_t8_n90:005,8,90,5,1.0,VALID_COMPLETE,True,15,,,TIME_LIMIT,1.1143145239911973
B05-MPV-GEN-fork-box-1s-finite.jsonl,packingsolver_fork_box,box portfolio,IMM:mpvgen_t8_n90:006,8,90,6,1.0,VALID_COMPLETE,True,16,,,TIME_LIMIT,1.1135431949514896
B05-MPV-GEN-fork-box-1s-finite.jsonl,packingsolver_fork_box,box portfolio,IMM:mpvgen_t8_n90:007,8,90,7,1.0,VALID_COMPLETE,True,16,,,TIME_LIMIT,1.0621325999964029
B05-MPV-GEN-fork-box-1s-finite.jsonl,packingsolver_fork_box,box portfolio,IMM:mpvgen_t8_n90:008,8,90,8,1.0,VALID_COMPLETE,True,14,,,TIME_LIMIT,1.0753326769918203
B05-MPV-GEN-fork-box-1s-finite.jsonl,packingsolver_fork_box,box portfolio,IMM:mpvgen_t8_n90:009,8,90,9,1.0,VALID_COMPLETE,True,17,,,TIME_LIMIT,1.2003860229160637
B05-MPV-GEN-fork-box-1s-finite.jsonl,packingsolver_fork_box,box portfolio,IMM:mpvgen_t8_n90:010,8,90,10,1.0,VALID_COMPLETE,True,15,,,TIME_LIMIT,1.0478602149523795
B05-MPV-GEN-fork-box-1s-finite.jsonl,packingsolver_fork_box,box portfolio,IMM:mpvgen_t9_n30:001,9,30,1,1.0,VALID_COMPLETE,True,3,,,TIME_LIMIT,1.1141774768475443
B05-MPV-GEN-fork-box-1s-finite.jsonl,packingsolver_fork_box,box portfolio,IMM:mpvgen_t9_n30:002,9,30,2,1.0,VALID_COMPLETE,True,3,,,TIME_LIMIT,1.1532868791837245
B05-MPV-GEN-fork-box-1s-finite.jsonl,packingsolver_fork_box,box portfolio,IMM:mpvgen_t9_n30:003,9,30,3,1.0,VALID_COMPLETE,True,3,,,TIME_LIMIT,1.0866044498980045
B05-MPV-GEN-fork-box-1s-finite.jsonl,packingsolver_fork_box,box portfolio,IMM:mpvgen_t9_n30:004,9,30,4,1.0,VALID_COMPLETE,True,3,,,TIME_LIMIT,1.0484209961723536
B05-MPV-GEN-fork-box-1s-finite.jsonl,packingsolver_fork_box,box portfolio,IMM:mpvgen_t9_n30:005,9,30,5,1.0,VALID_COMPLETE,True,3,,,TIME_LIMIT,1.052514635026455
B05-MPV-GEN-fork-box-1s-finite.jsonl,packingsolver_fork_box,box portfolio,IMM:mpvgen_t9_n30:006,9,30,6,1.0,VALID_COMPLETE,True,3,,,TIME_LIMIT,1.0607415621634573
B05-MPV-GEN-fork-box-1s-finite.jsonl,packingsolver_fork_box,box portfolio,IMM:mpvgen_t9_n30:007,9,30,7,1.0,VALID_COMPLETE,True,3,,,TIME_LIMIT,1.0315403840504587
B05-MPV-GEN-fork-box-1s-finite.jsonl,packingsolver_fork_box,box portfolio,IMM:mpvgen_t9_n30:008,9,30,8,1.0,VALID_COMPLETE,True,3,,,TIME_LIMIT,1.0245662350207567
B05-MPV-GEN-fork-box-1s-finite.jsonl,packingsolver_fork_box,box portfolio,IMM:mpvgen_t9_n30:009,9,30,9,1.0,VALID_COMPLETE,True,3,,,TIME_LIMIT,1.0219181538559496
B05-MPV-GEN-fork-box-1s-finite.jsonl,packingsolver_fork_box,box portfolio,IMM:mpvgen_t9_n30:010,9,30,10,1.0,VALID_COMPLETE,True,3,,,TIME_LIMIT,1.0218750128988177
B05-MPV-GEN-fork-box-1s-finite.jsonl,packingsolver_fork_box,box portfolio,IMM:mpvgen_t9_n60:001,9,60,1,1.0,VALID_COMPLETE,True,3,,,TIME_LIMIT,1.0127836749888957
B05-MPV-GEN-fork-box-1s-finite.jsonl,packingsolver_fork_box,box portfolio,IMM:mpvgen_t9_n60:002,9,60,2,1.0,VALID_COMPLETE,True,4,,,TIME_LIMIT,1.0176508899312466
B05-MPV-GEN-fork-box-1s-finite.jsonl,packingsolver_fork_box,box portfolio,IMM:mpvgen_t9_n60:003,9,60,3,1.0,VALID_COMPLETE,True,4,,,TIME_LIMIT,1.0136502569075674
B05-MPV-GEN-fork-box-1s-finite.jsonl,packingsolver_fork_box,box portfolio,IMM:mpvgen_t9_n60:004,9,60,4,1.0,VALID_COMPLETE,True,4,,,TIME_LIMIT,1.0259350209962577
B05-MPV-GEN-fork-box-1s-finite.jsonl,packingsolver_fork_box,box portfolio,IMM:mpvgen_t9_n60:005,9,60,5,1.0,VALID_COMPLETE,True,4,,,TIME_LIMIT,1.0467699200380594
B05-MPV-GEN-fork-box-1s-finite.jsonl,packingsolver_fork_box,box portfolio,IMM:mpvgen_t9_n60:006,9,60,6,1.0,VALID_COMPLETE,True,4,,,TIME_LIMIT,1.0506765318568796
B05-MPV-GEN-fork-box-1s-finite.jsonl,packingsolver_fork_box,box portfolio,IMM:mpvgen_t9_n60:007,9,60,7,1.0,VALID_COMPLETE,True,4,,,TIME_LIMIT,1.0412778488826007
B05-MPV-GEN-fork-box-1s-finite.jsonl,packingsolver_fork_box,box portfolio,IMM:mpvgen_t9_n60:008,9,60,8,1.0,VALID_COMPLETE,True,4,,,TIME_LIMIT,1.0376091829966754
B05-MPV-GEN-fork-box-1s-finite.jsonl,packingsolver_fork_box,box portfolio,IMM:mpvgen_t9_n60:009,9,60,9,1.0,VALID_COMPLETE,True,4,,,TIME_LIMIT,1.0273041580803692
B05-MPV-GEN-fork-box-1s-finite.jsonl,packingsolver_fork_box,box portfolio,IMM:mpvgen_t9_n60:010,9,60,10,1.0,VALID_COMPLETE,True,4,,,TIME_LIMIT,1.029949455987662
B05-MPV-GEN-fork-box-1s-finite.jsonl,packingsolver_fork_box,box portfolio,IMM:mpvgen_t9_n90:001,9,90,1,1.0,VALID_COMPLETE,True,4,,,TIME_LIMIT,1.0455907480791211
B05-MPV-GEN-fork-box-1s-finite.jsonl,packingsolver_fork_box,box portfolio,IMM:mpvgen_t9_n90:002,9,90,2,1.0,VALID_COMPLETE,True,4,,,TIME_LIMIT,1.058730965014547
B05-MPV-GEN-fork-box-1s-finite.jsonl,packingsolver_fork_box,box portfolio,IMM:mpvgen_t9_n90:003,9,90,3,1.0,VALID_COMPLETE,True,4,,,TIME_LIMIT,1.0489186579361558
B05-MPV-GEN-fork-box-1s-finite.jsonl,packingsolver_fork_box,box portfolio,IMM:mpvgen_t9_n90:004,9,90,4,1.0,VALID_COMPLETE,True,4,,,TIME_LIMIT,1.0353315600659698
B05-MPV-GEN-fork-box-1s-finite.jsonl,packingsolver_fork_box,box portfolio,IMM:mpvgen_t9_n90:005,9,90,5,1.0,VALID_COMPLETE,True,4,,,TIME_LIMIT,1.0317613370716572
B05-MPV-GEN-fork-box-1s-finite.jsonl,packingsolver_fork_box,box portfolio,IMM:mpvgen_t9_n90:006,9,90,6,1.0,VALID_COMPLETE,True,5,,,TIME_LIMIT,1.0256651500239968
B05-MPV-GEN-fork-box-1s-finite.jsonl,packingsolver_fork_box,box portfolio,IMM:mpvgen_t9_n90:007,9,90,7,1.0,VALID_COMPLETE,True,4,,,TIME_LIMIT,1.0382342948578298
B05-MPV-GEN-fork-box-1s-finite.jsonl,packingsolver_fork_box,box portfolio,IMM:mpvgen_t9_n90:008,9,90,8,1.0,VALID_COMPLETE,True,4,,,TIME_LIMIT,1.0345407701097429
B05-MPV-GEN-fork-box-1s-finite.jsonl,packingsolver_fork_box,box portfolio,IMM:mpvgen_t9_n90:009,9,90,9,1.0,VALID_COMPLETE,True,4,,,TIME_LIMIT,1.0504990168847144
B05-MPV-GEN-fork-box-1s-finite.jsonl,packingsolver_fork_box,box portfolio,IMM:mpvgen_t9_n90:010,9,90,10,1.0,VALID_COMPLETE,True,4,,,TIME_LIMIT,1.0280878529883921
B05-MPV-GEN-go-bp3d-any-10s.jsonl,go_bp3d,pivot greedy,MPV-GEN-T1-N30-R01,1,30,1,10.0,VALID_COMPLETE,True,9,,,COMPLETED,0.007536754012107849
B05-MPV-GEN-go-bp3d-any-10s.jsonl,go_bp3d,pivot greedy,MPV-GEN-T1-N30-R02,1,30,2,10.0,VALID_COMPLETE,True,11,,,COMPLETED,0.009855124866589904
B05-MPV-GEN-go-bp3d-any-10s.jsonl,go_bp3d,pivot greedy,MPV-GEN-T1-N30-R03,1,30,3,10.0,VALID_COMPLETE,True,7,,,COMPLETED,0.010315381921827793
B05-MPV-GEN-go-bp3d-any-10s.jsonl,go_bp3d,pivot greedy,MPV-GEN-T1-N30-R04,1,30,4,10.0,VALID_COMPLETE,True,8,,,COMPLETED,0.008725677849724889
B05-MPV-GEN-go-bp3d-any-10s.jsonl,go_bp3d,pivot greedy,MPV-GEN-T1-N30-R05,1,30,5,10.0,VALID_COMPLETE,True,10,,,COMPLETED,0.011160790920257568
B05-MPV-GEN-go-bp3d-any-10s.jsonl,go_bp3d,pivot greedy,MPV-GEN-T1-N30-R06,1,30,6,10.0,VALID_COMPLETE,True,7,,,COMPLETED,0.01139713916927576
B05-MPV-GEN-go-bp3d-any-10s.jsonl,go_bp3d,pivot greedy,MPV-GEN-T1-N30-R07,1,30,7,10.0,VALID_COMPLETE,True,7,,,COMPLETED,0.009789702948182821
B05-MPV-GEN-go-bp3d-any-10s.jsonl,go_bp3d,pivot greedy,MPV-GEN-T1-N30-R08,1,30,8,10.0,VALID_COMPLETE,True,8,,,COMPLETED,0.011567859910428524
B05-MPV-GEN-go-bp3d-any-10s.jsonl,go_bp3d,pivot greedy,MPV-GEN-T1-N30-R09,1,30,9,10.0,VALID_COMPLETE,True,9,,,COMPLETED,0.01350900693796575
B05-MPV-GEN-go-bp3d-any-10s.jsonl,go_bp3d,pivot greedy,MPV-GEN-T1-N30-R10,1,30,10,10.0,VALID_COMPLETE,True,7,,,COMPLETED,0.005077446810901165
B05-MPV-GEN-go-bp3d-any-10s.jsonl,go_bp3d,pivot greedy,MPV-GEN-T1-N60-R01,1,60,1,10.0,VALID_COMPLETE,True,16,,,COMPLETED,0.007962059928104281
B05-MPV-GEN-go-bp3d-any-10s.jsonl,go_bp3d,pivot greedy,MPV-GEN-T1-N60-R02,1,60,2,10.0,VALID_COMPLETE,True,14,,,COMPLETED,0.01376416883431375
B05-MPV-GEN-go-bp3d-any-10s.jsonl,go_bp3d,pivot greedy,MPV-GEN-T1-N60-R03,1,60,3,10.0,VALID_COMPLETE,True,17,,,COMPLETED,0.0170349960681051
B05-MPV-GEN-go-bp3d-any-10s.jsonl,go_bp3d,pivot greedy,MPV-GEN-T1-N60-R04,1,60,4,10.0,VALID_COMPLETE,True,14,,,COMPLETED,0.017234524944797158
B05-MPV-GEN-go-bp3d-any-10s.jsonl,go_bp3d,pivot greedy,MPV-GEN-T1-N60-R05,1,60,5,10.0,VALID_COMPLETE,True,17,,,COMPLETED,0.016249962151050568
B05-MPV-GEN-go-bp3d-any-10s.jsonl,go_bp3d,pivot greedy,MPV-GEN-T1-N60-R06,1,60,6,10.0,VALID_COMPLETE,True,16,,,COMPLETED,0.019199089845642447
B05-MPV-GEN-go-bp3d-any-10s.jsonl,go_bp3d,pivot greedy,MPV-GEN-T1-N60-R07,1,60,7,10.0,VALID_COMPLETE,True,16,,,COMPLETED,0.027277260087430477
B05-MPV-GEN-go-bp3d-any-10s.jsonl,go_bp3d,pivot greedy,MPV-GEN-T1-N60-R08,1,60,8,10.0,VALID_COMPLETE,True,17,,,COMPLETED,0.019208733923733234
B05-MPV-GEN-go-bp3d-any-10s.jsonl,go_bp3d,pivot greedy,MPV-GEN-T1-N60-R09,1,60,9,10.0,VALID_COMPLETE,True,16,,,COMPLETED,0.01313646207563579
B05-MPV-GEN-go-bp3d-any-10s.jsonl,go_bp3d,pivot greedy,MPV-GEN-T1-N60-R10,1,60,10,10.0,VALID_COMPLETE,True,16,,,COMPLETED,0.009115366032347083
B05-MPV-GEN-go-bp3d-any-10s.jsonl,go_bp3d,pivot greedy,MPV-GEN-T1-N90-R01,1,90,1,10.0,VALID_COMPLETE,True,27,,,COMPLETED,0.019263833994045854
B05-MPV-GEN-go-bp3d-any-10s.jsonl,go_bp3d,pivot greedy,MPV-GEN-T1-N90-R02,1,90,2,10.0,VALID_COMPLETE,True,24,,,COMPLETED,0.02114852797240019
B05-MPV-GEN-go-bp3d-any-10s.jsonl,go_bp3d,pivot greedy,MPV-GEN-T1-N90-R03,1,90,3,10.0,VALID_COMPLETE,True,24,,,COMPLETED,0.014766746899113059
B05-MPV-GEN-go-bp3d-any-10s.jsonl,go_bp3d,pivot greedy,MPV-GEN-T1-N90-R04,1,90,4,10.0,VALID_COMPLETE,True,23,,,COMPLETED,0.011729853926226497
B05-MPV-GEN-go-bp3d-any-10s.jsonl,go_bp3d,pivot greedy,MPV-GEN-T1-N90-R05,1,90,5,10.0,VALID_COMPLETE,True,25,,,COMPLETED,0.012772702844813466
B05-MPV-GEN-go-bp3d-any-10s.jsonl,go_bp3d,pivot greedy,MPV-GEN-T1-N90-R06,1,90,6,10.0,VALID_COMPLETE,True,24,,,COMPLETED,0.016365516930818558
B05-MPV-GEN-go-bp3d-any-10s.jsonl,go_bp3d,pivot greedy,MPV-GEN-T1-N90-R07,1,90,7,10.0,VALID_COMPLETE,True,22,,,COMPLETED,0.016545983031392097
B05-MPV-GEN-go-bp3d-any-10s.jsonl,go_bp3d,pivot greedy,MPV-GEN-T1-N90-R08,1,90,8,10.0,VALID_COMPLETE,True,27,,,COMPLETED,0.022979513043537736
B05-MPV-GEN-go-bp3d-any-10s.jsonl,go_bp3d,pivot greedy,MPV-GEN-T1-N90-R09,1,90,9,10.0,VALID_COMPLETE,True,28,,,COMPLETED,0.022934769978746772
B05-MPV-GEN-go-bp3d-any-10s.jsonl,go_bp3d,pivot greedy,MPV-GEN-T1-N90-R10,1,90,10,10.0,VALID_COMPLETE,True,24,,,COMPLETED,0.0133467020932585
B05-MPV-GEN-go-bp3d-any-10s.jsonl,go_bp3d,pivot greedy,MPV-GEN-T6-N30-R01,6,30,1,10.0,VALID_COMPLETE,True,1,,,COMPLETED,0.014550560154020786
B05-MPV-GEN-go-bp3d-any-10s.jsonl,go_bp3d,pivot greedy,MPV-GEN-T6-N30-R02,6,30,2,10.0,VALID_COMPLETE,True,1,,,COMPLETED,0.005872499896213412
B05-MPV-GEN-go-bp3d-any-10s.jsonl,go_bp3d,pivot greedy,MPV-GEN-T6-N30-R03,6,30,3,10.0,VALID_COMPLETE,True,1,,,COMPLETED,0.013156441040337086
B05-MPV-GEN-go-bp3d-any-10s.jsonl,go_bp3d,pivot greedy,MPV-GEN-T6-N30-R04,6,30,4,10.0,VALID_COMPLETE,True,1,,,COMPLETED,0.01003639493137598
B05-MPV-GEN-go-bp3d-any-10s.jsonl,go_bp3d,pivot greedy,MPV-GEN-T6-N30-R05,6,30,5,10.0,VALID_COMPLETE,True,1,,,COMPLETED,0.009672614047303796
B05-MPV-GEN-go-bp3d-any-10s.jsonl,go_bp3d,pivot greedy,MPV-GEN-T6-N30-R06,6,30,6,10.0,VALID_COMPLETE,True,1,,,COMPLETED,0.00742824119515717
B05-MPV-GEN-go-bp3d-any-10s.jsonl,go_bp3d,pivot greedy,MPV-GEN-T6-N30-R07,6,30,7,10.0,VALID_COMPLETE,True,1,,,COMPLETED,0.006849967874586582
B05-MPV-GEN-go-bp3d-any-10s.jsonl,go_bp3d,pivot greedy,MPV-GEN-T6-N30-R08,6,30,8,10.0,VALID_COMPLETE,True,1,,,COMPLETED,0.007132546044886112
B05-MPV-GEN-go-bp3d-any-10s.jsonl,go_bp3d,pivot greedy,MPV-GEN-T6-N30-R09,6,30,9,10.0,VALID_COMPLETE,True,1,,,COMPLETED,0.007245186949148774
B05-MPV-GEN-go-bp3d-any-10s.jsonl,go_bp3d,pivot greedy,MPV-GEN-T6-N30-R10,6,30,10,10.0,VALID_COMPLETE,True,1,,,COMPLETED,0.012666313908994198
B05-MPV-GEN-go-bp3d-any-10s.jsonl,go_bp3d,pivot greedy,MPV-GEN-T6-N60-R01,6,60,1,10.0,VALID_COMPLETE,True,1,,,COMPLETED,0.012721388135105371
B05-MPV-GEN-go-bp3d-any-10s.jsonl,go_bp3d,pivot greedy,MPV-GEN-T6-N60-R02,6,60,2,10.0,VALID_COMPLETE,True,1,,,COMPLETED,0.0157650348264724
B05-MPV-GEN-go-bp3d-any-10s.jsonl,go_bp3d,pivot greedy,MPV-GEN-T6-N60-R03,6,60,3,10.0,VALID_COMPLETE,True,1,,,COMPLETED,0.018194293836131692
B05-MPV-GEN-go-bp3d-any-10s.jsonl,go_bp3d,pivot greedy,MPV-GEN-T6-N60-R04,6,60,4,10.0,VALID_COMPLETE,True,1,,,COMPLETED,0.022335286950692534
B05-MPV-GEN-go-bp3d-any-10s.jsonl,go_bp3d,pivot greedy,MPV-GEN-T6-N60-R05,6,60,5,10.0,VALID_COMPLETE,True,1,,,COMPLETED,0.01281480910256505
B05-MPV-GEN-go-bp3d-any-10s.jsonl,go_bp3d,pivot greedy,MPV-GEN-T6-N60-R06,6,60,6,10.0,VALID_COMPLETE,True,1,,,COMPLETED,0.015643701888620853
B05-MPV-GEN-go-bp3d-any-10s.jsonl,go_bp3d,pivot greedy,MPV-GEN-T6-N60-R07,6,60,7,10.0,VALID_COMPLETE,True,1,,,COMPLETED,0.023848161101341248
B05-MPV-GEN-go-bp3d-any-10s.jsonl,go_bp3d,pivot greedy,MPV-GEN-T6-N60-R08,6,60,8,10.0,VALID_COMPLETE,True,1,,,COMPLETED,0.016618424095213413
B05-MPV-GEN-go-bp3d-any-10s.jsonl,go_bp3d,pivot greedy,MPV-GEN-T6-N60-R09,6,60,9,10.0,VALID_COMPLETE,True,1,,,COMPLETED,0.01755584799684584
B05-MPV-GEN-go-bp3d-any-10s.jsonl,go_bp3d,pivot greedy,MPV-GEN-T6-N60-R10,6,60,10,10.0,VALID_COMPLETE,True,1,,,COMPLETED,0.01878643990494311
B05-MPV-GEN-go-bp3d-any-10s.jsonl,go_bp3d,pivot greedy,MPV-GEN-T6-N90-R01,6,90,1,10.0,VALID_COMPLETE,True,1,,,COMPLETED,0.02155927405692637
B05-MPV-GEN-go-bp3d-any-10s.jsonl,go_bp3d,pivot greedy,MPV-GEN-T6-N90-R02,6,90,2,10.0,VALID_COMPLETE,True,1,,,COMPLETED,0.0215254588983953
B05-MPV-GEN-go-bp3d-any-10s.jsonl,go_bp3d,pivot greedy,MPV-GEN-T6-N90-R03,6,90,3,10.0,VALID_COMPLETE,True,1,,,COMPLETED,0.03379400004632771
B05-MPV-GEN-go-bp3d-any-10s.jsonl,go_bp3d,pivot greedy,MPV-GEN-T6-N90-R04,6,90,4,10.0,VALID_COMPLETE,True,1,,,COMPLETED,0.03343805391341448
B05-MPV-GEN-go-bp3d-any-10s.jsonl,go_bp3d,pivot greedy,MPV-GEN-T6-N90-R05,6,90,5,10.0,VALID_COMPLETE,True,1,,,COMPLETED,0.02869066596031189
B05-MPV-GEN-go-bp3d-any-10s.jsonl,go_bp3d,pivot greedy,MPV-GEN-T6-N90-R06,6,90,6,10.0,VALID_COMPLETE,True,1,,,COMPLETED,0.026403605937957764
B05-MPV-GEN-go-bp3d-any-10s.jsonl,go_bp3d,pivot greedy,MPV-GEN-T6-N90-R07,6,90,7,10.0,VALID_COMPLETE,True,1,,,COMPLETED,0.035017444053664804
B05-MPV-GEN-go-bp3d-any-10s.jsonl,go_bp3d,pivot greedy,MPV-GEN-T6-N90-R08,6,90,8,10.0,VALID_COMPLETE,True,1,,,COMPLETED,0.025591721991077065
B05-MPV-GEN-go-bp3d-any-10s.jsonl,go_bp3d,pivot greedy,MPV-GEN-T6-N90-R09,6,90,9,10.0,VALID_COMPLETE,True,1,,,COMPLETED,0.015793886967003345
B05-MPV-GEN-go-bp3d-any-10s.jsonl,go_bp3d,pivot greedy,MPV-GEN-T6-N90-R10,6,90,10,10.0,VALID_COMPLETE,True,1,,,COMPLETED,0.012546177953481674
B05-MPV-GEN-go-bp3d-any-10s.jsonl,go_bp3d,pivot greedy,MPV-GEN-T7-N30-R01,7,30,1,10.0,VALID_COMPLETE,True,1,,,COMPLETED,0.009556586854159832
B05-MPV-GEN-go-bp3d-any-10s.jsonl,go_bp3d,pivot greedy,MPV-GEN-T7-N30-R02,7,30,2,10.0,VALID_COMPLETE,True,1,,,COMPLETED,0.009760031010955572
B05-MPV-GEN-go-bp3d-any-10s.jsonl,go_bp3d,pivot greedy,MPV-GEN-T7-N30-R03,7,30,3,10.0,VALID_COMPLETE,True,1,,,COMPLETED,0.00594561779871583
B05-MPV-GEN-go-bp3d-any-10s.jsonl,go_bp3d,pivot greedy,MPV-GEN-T7-N30-R04,7,30,4,10.0,VALID_COMPLETE,True,1,,,COMPLETED,0.032037350814789534
B05-MPV-GEN-go-bp3d-any-10s.jsonl,go_bp3d,pivot greedy,MPV-GEN-T7-N30-R05,7,30,5,10.0,VALID_COMPLETE,True,1,,,COMPLETED,0.029761439887806773
B05-MPV-GEN-go-bp3d-any-10s.jsonl,go_bp3d,pivot greedy,MPV-GEN-T7-N30-R06,7,30,6,10.0,VALID_COMPLETE,True,1,,,COMPLETED,0.020503993146121502
B05-MPV-GEN-go-bp3d-any-10s.jsonl,go_bp3d,pivot greedy,MPV-GEN-T7-N30-R07,7,30,7,10.0,VALID_COMPLETE,True,1,,,COMPLETED,0.011175262043252587
B05-MPV-GEN-go-bp3d-any-10s.jsonl,go_bp3d,pivot greedy,MPV-GEN-T7-N30-R08,7,30,8,10.0,VALID_COMPLETE,True,1,,,COMPLETED,0.01009482704102993
B05-MPV-GEN-go-bp3d-any-10s.jsonl,go_bp3d,pivot greedy,MPV-GEN-T7-N30-R09,7,30,9,10.0,VALID_COMPLETE,True,1,,,COMPLETED,0.010947959963232279
B05-MPV-GEN-go-bp3d-any-10s.jsonl,go_bp3d,pivot greedy,MPV-GEN-T7-N30-R10,7,30,10,10.0,VALID_COMPLETE,True,1,,,COMPLETED,0.008025179849937558
B05-MPV-GEN-go-bp3d-any-10s.jsonl,go_bp3d,pivot greedy,MPV-GEN-T7-N60-R01,7,60,1,10.0,VALID_COMPLETE,True,1,,,COMPLETED,0.009946350939571857
B05-MPV-GEN-go-bp3d-any-10s.jsonl,go_bp3d,pivot greedy,MPV-GEN-T7-N60-R02,7,60,2,10.0,VALID_COMPLETE,True,1,,,COMPLETED,0.01623277901671827
B05-MPV-GEN-go-bp3d-any-10s.jsonl,go_bp3d,pivot greedy,MPV-GEN-T7-N60-R03,7,60,3,10.0,VALID_COMPLETE,True,1,,,COMPLETED,0.009518958162516356
B05-MPV-GEN-go-bp3d-any-10s.jsonl,go_bp3d,pivot greedy,MPV-GEN-T7-N60-R04,7,60,4,10.0,VALID_COMPLETE,True,1,,,COMPLETED,0.02226184611208737
B05-MPV-GEN-go-bp3d-any-10s.jsonl,go_bp3d,pivot greedy,MPV-GEN-T7-N60-R05,7,60,5,10.0,VALID_COMPLETE,True,1,,,COMPLETED,0.01599499210715294
B05-MPV-GEN-go-bp3d-any-10s.jsonl,go_bp3d,pivot greedy,MPV-GEN-T7-N60-R06,7,60,6,10.0,VALID_COMPLETE,True,1,,,COMPLETED,0.010586250107735395
B05-MPV-GEN-go-bp3d-any-10s.jsonl,go_bp3d,pivot greedy,MPV-GEN-T7-N60-R07,7,60,7,10.0,VALID_COMPLETE,True,1,,,COMPLETED,0.016200653044506907
B05-MPV-GEN-go-bp3d-any-10s.jsonl,go_bp3d,pivot greedy,MPV-GEN-T7-N60-R08,7,60,8,10.0,VALID_COMPLETE,True,1,,,COMPLETED,0.014513131929561496
B05-MPV-GEN-go-bp3d-any-10s.jsonl,go_bp3d,pivot greedy,MPV-GEN-T7-N60-R09,7,60,9,10.0,VALID_COMPLETE,True,1,,,COMPLETED,0.020294368034228683
B05-MPV-GEN-go-bp3d-any-10s.jsonl,go_bp3d,pivot greedy,MPV-GEN-T7-N60-R10,7,60,10,10.0,VALID_COMPLETE,True,1,,,COMPLETED,0.020269528962671757
B05-MPV-GEN-go-bp3d-any-10s.jsonl,go_bp3d,pivot greedy,MPV-GEN-T7-N90-R01,7,90,1,10.0,VALID_COMPLETE,True,1,,,COMPLETED,0.024538716999813914
B05-MPV-GEN-go-bp3d-any-10s.jsonl,go_bp3d,pivot greedy,MPV-GEN-T7-N90-R02,7,90,2,10.0,VALID_COMPLETE,True,1,,,COMPLETED,0.02985520986840129
B05-MPV-GEN-go-bp3d-any-10s.jsonl,go_bp3d,pivot greedy,MPV-GEN-T7-N90-R03,7,90,3,10.0,VALID_COMPLETE,True,1,,,COMPLETED,0.026692389976233244
B05-MPV-GEN-go-bp3d-any-10s.jsonl,go_bp3d,pivot greedy,MPV-GEN-T7-N90-R04,7,90,4,10.0,VALID_COMPLETE,True,1,,,COMPLETED,0.04944918700493872
B05-MPV-GEN-go-bp3d-any-10s.jsonl,go_bp3d,pivot greedy,MPV-GEN-T7-N90-R05,7,90,5,10.0,VALID_COMPLETE,True,1,,,COMPLETED,0.011843189131468534
B05-MPV-GEN-go-bp3d-any-10s.jsonl,go_bp3d,pivot greedy,MPV-GEN-T7-N90-R06,7,90,6,10.0,VALID_COMPLETE,True,1,,,COMPLETED,0.010625250171869993
B05-MPV-GEN-go-bp3d-any-10s.jsonl,go_bp3d,pivot greedy,MPV-GEN-T7-N90-R07,7,90,7,10.0,VALID_COMPLETE,True,1,,,COMPLETED,0.023582275956869125
B05-MPV-GEN-go-bp3d-any-10s.jsonl,go_bp3d,pivot greedy,MPV-GEN-T7-N90-R08,7,90,8,10.0,VALID_COMPLETE,True,1,,,COMPLETED,0.019269687123596668
B05-MPV-GEN-go-bp3d-any-10s.jsonl,go_bp3d,pivot greedy,MPV-GEN-T7-N90-R09,7,90,9,10.0,VALID_COMPLETE,True,1,,,COMPLETED,0.03868095297366381
B05-MPV-GEN-go-bp3d-any-10s.jsonl,go_bp3d,pivot greedy,MPV-GEN-T7-N90-R10,7,90,10,10.0,VALID_COMPLETE,True,1,,,COMPLETED,0.023848359938710928
B05-MPV-GEN-go-bp3d-any-10s.jsonl,go_bp3d,pivot greedy,MPV-GEN-T8-N30-R01,8,30,1,10.0,VALID_COMPLETE,True,5,,,COMPLETED,0.011268100002780557
B05-MPV-GEN-go-bp3d-any-10s.jsonl,go_bp3d,pivot greedy,MPV-GEN-T8-N30-R02,8,30,2,10.0,VALID_COMPLETE,True,6,,,COMPLETED,0.011235003126785159
B05-MPV-GEN-go-bp3d-any-10s.jsonl,go_bp3d,pivot greedy,MPV-GEN-T8-N30-R03,8,30,3,10.0,VALID_COMPLETE,True,7,,,COMPLETED,0.008605994982644916
B05-MPV-GEN-go-bp3d-any-10s.jsonl,go_bp3d,pivot greedy,MPV-GEN-T8-N30-R04,8,30,4,10.0,VALID_COMPLETE,True,4,,,COMPLETED,0.010538108879700303
B05-MPV-GEN-go-bp3d-any-10s.jsonl,go_bp3d,pivot greedy,MPV-GEN-T8-N30-R05,8,30,5,10.0,VALID_COMPLETE,True,6,,,COMPLETED,0.010959683917462826
B05-MPV-GEN-go-bp3d-any-10s.jsonl,go_bp3d,pivot greedy,MPV-GEN-T8-N30-R06,8,30,6,10.0,VALID_COMPLETE,True,6,,,COMPLETED,0.014066975098103285
B05-MPV-GEN-go-bp3d-any-10s.jsonl,go_bp3d,pivot greedy,MPV-GEN-T8-N30-R07,8,30,7,10.0,VALID_COMPLETE,True,5,,,COMPLETED,0.007843286031857133
B05-MPV-GEN-go-bp3d-any-10s.jsonl,go_bp3d,pivot greedy,MPV-GEN-T8-N30-R08,8,30,8,10.0,VALID_COMPLETE,True,5,,,COMPLETED,0.014053390827029943
B05-MPV-GEN-go-bp3d-any-10s.jsonl,go_bp3d,pivot greedy,MPV-GEN-T8-N30-R09,8,30,9,10.0,VALID_COMPLETE,True,8,,,COMPLETED,0.0085250458214432
B05-MPV-GEN-go-bp3d-any-10s.jsonl,go_bp3d,pivot greedy,MPV-GEN-T8-N30-R10,8,30,10,10.0,VALID_COMPLETE,True,5,,,COMPLETED,0.00962427700869739
B05-MPV-GEN-go-bp3d-any-10s.jsonl,go_bp3d,pivot greedy,MPV-GEN-T8-N60-R01,8,60,1,10.0,VALID_COMPLETE,True,12,,,COMPLETED,0.016260909847915173
B05-MPV-GEN-go-bp3d-any-10s.jsonl,go_bp3d,pivot greedy,MPV-GEN-T8-N60-R02,8,60,2,10.0,VALID_COMPLETE,True,13,,,COMPLETED,0.018051212886348367
B05-MPV-GEN-go-bp3d-any-10s.jsonl,go_bp3d,pivot greedy,MPV-GEN-T8-N60-R03,8,60,3,10.0,VALID_COMPLETE,True,12,,,COMPLETED,0.027455595089122653
B05-MPV-GEN-go-bp3d-any-10s.jsonl,go_bp3d,pivot greedy,MPV-GEN-T8-N60-R04,8,60,4,10.0,VALID_COMPLETE,True,9,,,COMPLETED,0.010031440993770957
B05-MPV-GEN-go-bp3d-any-10s.jsonl,go_bp3d,pivot greedy,MPV-GEN-T8-N60-R05,8,60,5,10.0,VALID_COMPLETE,True,11,,,COMPLETED,0.008529613958671689
B05-MPV-GEN-go-bp3d-any-10s.jsonl,go_bp3d,pivot greedy,MPV-GEN-T8-N60-R06,8,60,6,10.0,VALID_COMPLETE,True,10,,,COMPLETED,0.01210987288504839
B05-MPV-GEN-go-bp3d-any-10s.jsonl,go_bp3d,pivot greedy,MPV-GEN-T8-N60-R07,8,60,7,10.0,VALID_COMPLETE,True,10,,,COMPLETED,0.026200381806120276
B05-MPV-GEN-go-bp3d-any-10s.jsonl,go_bp3d,pivot greedy,MPV-GEN-T8-N60-R08,8,60,8,10.0,VALID_COMPLETE,True,9,,,COMPLETED,0.0101490190718323
B05-MPV-GEN-go-bp3d-any-10s.jsonl,go_bp3d,pivot greedy,MPV-GEN-T8-N60-R09,8,60,9,10.0,VALID_COMPLETE,True,12,,,COMPLETED,0.014667265815660357
B05-MPV-GEN-go-bp3d-any-10s.jsonl,go_bp3d,pivot greedy,MPV-GEN-T8-N60-R10,8,60,10,10.0,VALID_COMPLETE,True,12,,,COMPLETED,0.011547003174200654
B05-MPV-GEN-go-bp3d-any-10s.jsonl,go_bp3d,pivot greedy,MPV-GEN-T8-N90-R01,8,90,1,10.0,VALID_COMPLETE,True,13,,,COMPLETED,0.016645613126456738
B05-MPV-GEN-go-bp3d-any-10s.jsonl,go_bp3d,pivot greedy,MPV-GEN-T8-N90-R02,8,90,2,10.0,VALID_COMPLETE,True,12,,,COMPLETED,0.015571265947073698
B05-MPV-GEN-go-bp3d-any-10s.jsonl,go_bp3d,pivot greedy,MPV-GEN-T8-N90-R03,8,90,3,10.0,VALID_COMPLETE,True,17,,,COMPLETED,0.011017718119546771
B05-MPV-GEN-go-bp3d-any-10s.jsonl,go_bp3d,pivot greedy,MPV-GEN-T8-N90-R04,8,90,4,10.0,VALID_COMPLETE,True,15,,,COMPLETED,0.01146401697769761
B05-MPV-GEN-go-bp3d-any-10s.jsonl,go_bp3d,pivot greedy,MPV-GEN-T8-N90-R05,8,90,5,10.0,VALID_COMPLETE,True,16,,,COMPLETED,0.02656678785569966
B05-MPV-GEN-go-bp3d-any-10s.jsonl,go_bp3d,pivot greedy,MPV-GEN-T8-N90-R06,8,90,6,10.0,VALID_COMPLETE,True,16,,,COMPLETED,0.01347711100243032
B05-MPV-GEN-go-bp3d-any-10s.jsonl,go_bp3d,pivot greedy,MPV-GEN-T8-N90-R07,8,90,7,10.0,VALID_COMPLETE,True,14,,,COMPLETED,0.013103218050673604
B05-MPV-GEN-go-bp3d-any-10s.jsonl,go_bp3d,pivot greedy,MPV-GEN-T8-N90-R08,8,90,8,10.0,VALID_COMPLETE,True,15,,,COMPLETED,0.021152456989511847
B05-MPV-GEN-go-bp3d-any-10s.jsonl,go_bp3d,pivot greedy,MPV-GEN-T8-N90-R09,8,90,9,10.0,VALID_COMPLETE,True,16,,,COMPLETED,0.00727657787501812
B05-MPV-GEN-go-bp3d-any-10s.jsonl,go_bp3d,pivot greedy,MPV-GEN-T8-N90-R10,8,90,10,10.0,VALID_COMPLETE,True,15,,,COMPLETED,0.020128397969529033
B05-MPV-GEN-go-bp3d-any-10s.jsonl,go_bp3d,pivot greedy,MPV-GEN-T9-N30-R01,9,30,1,10.0,VALID_COMPLETE,True,5,,,COMPLETED,0.007506554946303368
B05-MPV-GEN-go-bp3d-any-10s.jsonl,go_bp3d,pivot greedy,MPV-GEN-T9-N30-R02,9,30,2,10.0,VALID_COMPLETE,True,5,,,COMPLETED,0.019805439049378037
B05-MPV-GEN-go-bp3d-any-10s.jsonl,go_bp3d,pivot greedy,MPV-GEN-T9-N30-R03,9,30,3,10.0,VALID_COMPLETE,True,5,,,COMPLETED,0.02124264696612954
B05-MPV-GEN-go-bp3d-any-10s.jsonl,go_bp3d,pivot greedy,MPV-GEN-T9-N30-R04,9,30,4,10.0,VALID_COMPLETE,True,4,,,COMPLETED,0.009403972886502743
B05-MPV-GEN-go-bp3d-any-10s.jsonl,go_bp3d,pivot greedy,MPV-GEN-T9-N30-R05,9,30,5,10.0,VALID_COMPLETE,True,4,,,COMPLETED,0.011375602800399065
B05-MPV-GEN-go-bp3d-any-10s.jsonl,go_bp3d,pivot greedy,MPV-GEN-T9-N30-R06,9,30,6,10.0,VALID_COMPLETE,True,4,,,COMPLETED,0.008797026937827468
B05-MPV-GEN-go-bp3d-any-10s.jsonl,go_bp3d,pivot greedy,MPV-GEN-T9-N30-R07,9,30,7,10.0,VALID_COMPLETE,True,4,,,COMPLETED,0.01657062000595033
B05-MPV-GEN-go-bp3d-any-10s.jsonl,go_bp3d,pivot greedy,MPV-GEN-T9-N30-R08,9,30,8,10.0,VALID_COMPLETE,True,5,,,COMPLETED,0.012412773910909891
B05-MPV-GEN-go-bp3d-any-10s.jsonl,go_bp3d,pivot greedy,MPV-GEN-T9-N30-R09,9,30,9,10.0,VALID_COMPLETE,True,4,,,COMPLETED,0.009983849013224244
B05-MPV-GEN-go-bp3d-any-10s.jsonl,go_bp3d,pivot greedy,MPV-GEN-T9-N30-R10,9,30,10,10.0,VALID_COMPLETE,True,6,,,COMPLETED,0.005365300923585892
B05-MPV-GEN-go-bp3d-any-10s.jsonl,go_bp3d,pivot greedy,MPV-GEN-T9-N60-R01,9,60,1,10.0,VALID_COMPLETE,True,5,,,COMPLETED,0.012150067836046219
B05-MPV-GEN-go-bp3d-any-10s.jsonl,go_bp3d,pivot greedy,MPV-GEN-T9-N60-R02,9,60,2,10.0,VALID_COMPLETE,True,5,,,COMPLETED,0.016135131008923054
B05-MPV-GEN-go-bp3d-any-10s.jsonl,go_bp3d,pivot greedy,MPV-GEN-T9-N60-R03,9,60,3,10.0,VALID_COMPLETE,True,5,,,COMPLETED,0.017618871992453933
B05-MPV-GEN-go-bp3d-any-10s.jsonl,go_bp3d,pivot greedy,MPV-GEN-T9-N60-R04,9,60,4,10.0,VALID_COMPLETE,True,5,,,COMPLETED,0.011644402984529734
B05-MPV-GEN-go-bp3d-any-10s.jsonl,go_bp3d,pivot greedy,MPV-GEN-T9-N60-R05,9,60,5,10.0,VALID_COMPLETE,True,6,,,COMPLETED,0.011693605920299888
B05-MPV-GEN-go-bp3d-any-10s.jsonl,go_bp3d,pivot greedy,MPV-GEN-T9-N60-R06,9,60,6,10.0,VALID_COMPLETE,True,5,,,COMPLETED,0.02877229987643659
B05-MPV-GEN-go-bp3d-any-10s.jsonl,go_bp3d,pivot greedy,MPV-GEN-T9-N60-R07,9,60,7,10.0,VALID_COMPLETE,True,4,,,COMPLETED,0.012950805015861988
B05-MPV-GEN-go-bp3d-any-10s.jsonl,go_bp3d,pivot greedy,MPV-GEN-T9-N60-R08,9,60,8,10.0,VALID_COMPLETE,True,5,,,COMPLETED,0.016655341954901814
B05-MPV-GEN-go-bp3d-any-10s.jsonl,go_bp3d,pivot greedy,MPV-GEN-T9-N60-R09,9,60,9,10.0,VALID_COMPLETE,True,5,,,COMPLETED,0.018416520906612277
B05-MPV-GEN-go-bp3d-any-10s.jsonl,go_bp3d,pivot greedy,MPV-GEN-T9-N60-R10,9,60,10,10.0,VALID_COMPLETE,True,5,,,COMPLETED,0.012832820182666183
B05-MPV-GEN-go-bp3d-any-10s.jsonl,go_bp3d,pivot greedy,MPV-GEN-T9-N90-R01,9,90,1,10.0,VALID_COMPLETE,True,6,,,COMPLETED,0.016150563955307007
B05-MPV-GEN-go-bp3d-any-10s.jsonl,go_bp3d,pivot greedy,MPV-GEN-T9-N90-R02,9,90,2,10.0,VALID_COMPLETE,True,6,,,COMPLETED,0.020593608962371945
B05-MPV-GEN-go-bp3d-any-10s.jsonl,go_bp3d,pivot greedy,MPV-GEN-T9-N90-R03,9,90,3,10.0,VALID_COMPLETE,True,6,,,COMPLETED,0.019775192951783538
B05-MPV-GEN-go-bp3d-any-10s.jsonl,go_bp3d,pivot greedy,MPV-GEN-T9-N90-R04,9,90,4,10.0,VALID_COMPLETE,True,6,,,COMPLETED,0.01889875903725624
B05-MPV-GEN-go-bp3d-any-10s.jsonl,go_bp3d,pivot greedy,MPV-GEN-T9-N90-R05,9,90,5,10.0,VALID_COMPLETE,True,6,,,COMPLETED,0.015463101910427213
B05-MPV-GEN-go-bp3d-any-10s.jsonl,go_bp3d,pivot greedy,MPV-GEN-T9-N90-R06,9,90,6,10.0,VALID_COMPLETE,True,6,,,COMPLETED,0.020374574000015855
B05-MPV-GEN-go-bp3d-any-10s.jsonl,go_bp3d,pivot greedy,MPV-GEN-T9-N90-R07,9,90,7,10.0,VALID_COMPLETE,True,5,,,COMPLETED,0.019771060906350613
B05-MPV-GEN-go-bp3d-any-10s.jsonl,go_bp3d,pivot greedy,MPV-GEN-T9-N90-R08,9,90,8,10.0,VALID_COMPLETE,True,6,,,COMPLETED,0.025495955953374505
B05-MPV-GEN-go-bp3d-any-10s.jsonl,go_bp3d,pivot greedy,MPV-GEN-T9-N90-R09,9,90,9,10.0,VALID_COMPLETE,True,6,,,COMPLETED,0.026346690021455288
B05-MPV-GEN-go-bp3d-any-10s.jsonl,go_bp3d,pivot greedy,MPV-GEN-T9-N90-R10,9,90,10,10.0,VALID_COMPLETE,True,6,,,COMPLETED,0.0196591611020267
B05-MPV-GEN-go-bp3d-any-1s.jsonl,go_bp3d,pivot greedy,MPV-GEN-T1-N30-R01,1,30,1,1.0,VALID_COMPLETE,True,9,,,COMPLETED,0.009765107883140445
B05-MPV-GEN-go-bp3d-any-1s.jsonl,go_bp3d,pivot greedy,MPV-GEN-T1-N30-R02,1,30,2,1.0,VALID_COMPLETE,True,11,,,COMPLETED,0.013464259216561913
B05-MPV-GEN-go-bp3d-any-1s.jsonl,go_bp3d,pivot greedy,MPV-GEN-T1-N30-R03,1,30,3,1.0,VALID_COMPLETE,True,7,,,COMPLETED,0.008741461904719472
B05-MPV-GEN-go-bp3d-any-1s.jsonl,go_bp3d,pivot greedy,MPV-GEN-T1-N30-R04,1,30,4,1.0,VALID_COMPLETE,True,8,,,COMPLETED,0.006765518104657531
B05-MPV-GEN-go-bp3d-any-1s.jsonl,go_bp3d,pivot greedy,MPV-GEN-T1-N30-R05,1,30,5,1.0,VALID_COMPLETE,True,10,,,COMPLETED,0.007669741986319423
B05-MPV-GEN-go-bp3d-any-1s.jsonl,go_bp3d,pivot greedy,MPV-GEN-T1-N30-R06,1,30,6,1.0,VALID_COMPLETE,True,7,,,COMPLETED,0.013314916985109448
B05-MPV-GEN-go-bp3d-any-1s.jsonl,go_bp3d,pivot greedy,MPV-GEN-T1-N30-R07,1,30,7,1.0,VALID_COMPLETE,True,7,,,COMPLETED,0.011770245153456926
B05-MPV-GEN-go-bp3d-any-1s.jsonl,go_bp3d,pivot greedy,MPV-GEN-T1-N30-R08,1,30,8,1.0,VALID_COMPLETE,True,8,,,COMPLETED,0.010083949891850352
B05-MPV-GEN-go-bp3d-any-1s.jsonl,go_bp3d,pivot greedy,MPV-GEN-T1-N30-R09,1,30,9,1.0,VALID_COMPLETE,True,9,,,COMPLETED,0.009612397057935596
B05-MPV-GEN-go-bp3d-any-1s.jsonl,go_bp3d,pivot greedy,MPV-GEN-T1-N30-R10,1,30,10,1.0,VALID_COMPLETE,True,7,,,COMPLETED,0.006419217912480235
B05-MPV-GEN-go-bp3d-any-1s.jsonl,go_bp3d,pivot greedy,MPV-GEN-T1-N60-R01,1,60,1,1.0,VALID_COMPLETE,True,16,,,COMPLETED,0.01693982002325356
B05-MPV-GEN-go-bp3d-any-1s.jsonl,go_bp3d,pivot greedy,MPV-GEN-T1-N60-R02,1,60,2,1.0,VALID_COMPLETE,True,14,,,COMPLETED,0.007291777059435844
B05-MPV-GEN-go-bp3d-any-1s.jsonl,go_bp3d,pivot greedy,MPV-GEN-T1-N60-R03,1,60,3,1.0,VALID_COMPLETE,True,17,,,COMPLETED,0.007529655937105417
B05-MPV-GEN-go-bp3d-any-1s.jsonl,go_bp3d,pivot greedy,MPV-GEN-T1-N60-R04,1,60,4,1.0,VALID_COMPLETE,True,14,,,COMPLETED,0.0105816051363945
B05-MPV-GEN-go-bp3d-any-1s.jsonl,go_bp3d,pivot greedy,MPV-GEN-T1-N60-R05,1,60,5,1.0,VALID_COMPLETE,True,17,,,COMPLETED,0.011370114982128143
B05-MPV-GEN-go-bp3d-any-1s.jsonl,go_bp3d,pivot greedy,MPV-GEN-T1-N60-R06,1,60,6,1.0,VALID_COMPLETE,True,16,,,COMPLETED,0.007543032988905907
B05-MPV-GEN-go-bp3d-any-1s.jsonl,go_bp3d,pivot greedy,MPV-GEN-T1-N60-R07,1,60,7,1.0,VALID_COMPLETE,True,16,,,COMPLETED,0.014583349926397204
B05-MPV-GEN-go-bp3d-any-1s.jsonl,go_bp3d,pivot greedy,MPV-GEN-T1-N60-R08,1,60,8,1.0,VALID_COMPLETE,True,17,,,COMPLETED,0.014582429081201553
B05-MPV-GEN-go-bp3d-any-1s.jsonl,go_bp3d,pivot greedy,MPV-GEN-T1-N60-R09,1,60,9,1.0,VALID_COMPLETE,True,16,,,COMPLETED,0.014865114819258451
B05-MPV-GEN-go-bp3d-any-1s.jsonl,go_bp3d,pivot greedy,MPV-GEN-T1-N60-R10,1,60,10,1.0,VALID_COMPLETE,True,16,,,COMPLETED,0.011818266939371824
B05-MPV-GEN-go-bp3d-any-1s.jsonl,go_bp3d,pivot greedy,MPV-GEN-T1-N90-R01,1,90,1,1.0,VALID_COMPLETE,True,27,,,COMPLETED,0.006858898093923926
B05-MPV-GEN-go-bp3d-any-1s.jsonl,go_bp3d,pivot greedy,MPV-GEN-T1-N90-R02,1,90,2,1.0,VALID_COMPLETE,True,24,,,COMPLETED,0.01936740498058498
B05-MPV-GEN-go-bp3d-any-1s.jsonl,go_bp3d,pivot greedy,MPV-GEN-T1-N90-R03,1,90,3,1.0,VALID_COMPLETE,True,24,,,COMPLETED,0.019365289015695453
B05-MPV-GEN-go-bp3d-any-1s.jsonl,go_bp3d,pivot greedy,MPV-GEN-T1-N90-R04,1,90,4,1.0,VALID_COMPLETE,True,23,,,COMPLETED,0.0065605780109763145
B05-MPV-GEN-go-bp3d-any-1s.jsonl,go_bp3d,pivot greedy,MPV-GEN-T1-N90-R05,1,90,5,1.0,VALID_COMPLETE,True,25,,,COMPLETED,0.01299115619622171
B05-MPV-GEN-go-bp3d-any-1s.jsonl,go_bp3d,pivot greedy,MPV-GEN-T1-N90-R06,1,90,6,1.0,VALID_COMPLETE,True,24,,,COMPLETED,0.011921450030058622
B05-MPV-GEN-go-bp3d-any-1s.jsonl,go_bp3d,pivot greedy,MPV-GEN-T1-N90-R07,1,90,7,1.0,VALID_COMPLETE,True,22,,,COMPLETED,0.031034338055178523
B05-MPV-GEN-go-bp3d-any-1s.jsonl,go_bp3d,pivot greedy,MPV-GEN-T1-N90-R08,1,90,8,1.0,VALID_COMPLETE,True,27,,,COMPLETED,0.01690117293037474
B05-MPV-GEN-go-bp3d-any-1s.jsonl,go_bp3d,pivot greedy,MPV-GEN-T1-N90-R09,1,90,9,1.0,VALID_COMPLETE,True,28,,,COMPLETED,0.009268525056540966
B05-MPV-GEN-go-bp3d-any-1s.jsonl,go_bp3d,pivot greedy,MPV-GEN-T1-N90-R10,1,90,10,1.0,VALID_COMPLETE,True,24,,,COMPLETED,0.00790076213888824
B05-MPV-GEN-go-bp3d-any-1s.jsonl,go_bp3d,pivot greedy,MPV-GEN-T6-N30-R01,6,30,1,1.0,VALID_COMPLETE,True,1,,,COMPLETED,0.02199268899857998
B05-MPV-GEN-go-bp3d-any-1s.jsonl,go_bp3d,pivot greedy,MPV-GEN-T6-N30-R02,6,30,2,1.0,VALID_COMPLETE,True,1,,,COMPLETED,0.01264197495765984
B05-MPV-GEN-go-bp3d-any-1s.jsonl,go_bp3d,pivot greedy,MPV-GEN-T6-N30-R03,6,30,3,1.0,VALID_COMPLETE,True,1,,,COMPLETED,0.008286094991490245
B05-MPV-GEN-go-bp3d-any-1s.jsonl,go_bp3d,pivot greedy,MPV-GEN-T6-N30-R04,6,30,4,1.0,VALID_COMPLETE,True,1,,,COMPLETED,0.011713388143107295
B05-MPV-GEN-go-bp3d-any-1s.jsonl,go_bp3d,pivot greedy,MPV-GEN-T6-N30-R05,6,30,5,1.0,VALID_COMPLETE,True,1,,,COMPLETED,0.009015596006065607
B05-MPV-GEN-go-bp3d-any-1s.jsonl,go_bp3d,pivot greedy,MPV-GEN-T6-N30-R06,6,30,6,1.0,VALID_COMPLETE,True,1,,,COMPLETED,0.013639132957905531
B05-MPV-GEN-go-bp3d-any-1s.jsonl,go_bp3d,pivot greedy,MPV-GEN-T6-N30-R07,6,30,7,1.0,VALID_COMPLETE,True,1,,,COMPLETED,0.005696468986570835
B05-MPV-GEN-go-bp3d-any-1s.jsonl,go_bp3d,pivot greedy,MPV-GEN-T6-N30-R08,6,30,8,1.0,VALID_COMPLETE,True,1,,,COMPLETED,0.013189342804253101
B05-MPV-GEN-go-bp3d-any-1s.jsonl,go_bp3d,pivot greedy,MPV-GEN-T6-N30-R09,6,30,9,1.0,VALID_COMPLETE,True,1,,,COMPLETED,0.017079834127798676
B05-MPV-GEN-go-bp3d-any-1s.jsonl,go_bp3d,pivot greedy,MPV-GEN-T6-N30-R10,6,30,10,1.0,VALID_COMPLETE,True,1,,,COMPLETED,0.011094244895502925
B05-MPV-GEN-go-bp3d-any-1s.jsonl,go_bp3d,pivot greedy,MPV-GEN-T6-N60-R01,6,60,1,1.0,VALID_COMPLETE,True,1,,,COMPLETED,0.009043869096785784
B05-MPV-GEN-go-bp3d-any-1s.jsonl,go_bp3d,pivot greedy,MPV-GEN-T6-N60-R02,6,60,2,1.0,VALID_COMPLETE,True,1,,,COMPLETED,0.011462840950116515
B05-MPV-GEN-go-bp3d-any-1s.jsonl,go_bp3d,pivot greedy,MPV-GEN-T6-N60-R03,6,60,3,1.0,VALID_COMPLETE,True,1,,,COMPLETED,0.017049584072083235
B05-MPV-GEN-go-bp3d-any-1s.jsonl,go_bp3d,pivot greedy,MPV-GEN-T6-N60-R04,6,60,4,1.0,VALID_COMPLETE,True,1,,,COMPLETED,0.027991079026833177
B05-MPV-GEN-go-bp3d-any-1s.jsonl,go_bp3d,pivot greedy,MPV-GEN-T6-N60-R05,6,60,5,1.0,VALID_COMPLETE,True,1,,,COMPLETED,0.022631126921623945
B05-MPV-GEN-go-bp3d-any-1s.jsonl,go_bp3d,pivot greedy,MPV-GEN-T6-N60-R06,6,60,6,1.0,VALID_COMPLETE,True,1,,,COMPLETED,0.011141082970425487
B05-MPV-GEN-go-bp3d-any-1s.jsonl,go_bp3d,pivot greedy,MPV-GEN-T6-N60-R07,6,60,7,1.0,VALID_COMPLETE,True,1,,,COMPLETED,0.019865657901391387
B05-MPV-GEN-go-bp3d-any-1s.jsonl,go_bp3d,pivot greedy,MPV-GEN-T6-N60-R08,6,60,8,1.0,VALID_COMPLETE,True,1,,,COMPLETED,0.012797606876119971
B05-MPV-GEN-go-bp3d-any-1s.jsonl,go_bp3d,pivot greedy,MPV-GEN-T6-N60-R09,6,60,9,1.0,VALID_COMPLETE,True,1,,,COMPLETED,0.014820175943896174
B05-MPV-GEN-go-bp3d-any-1s.jsonl,go_bp3d,pivot greedy,MPV-GEN-T6-N60-R10,6,60,10,1.0,VALID_COMPLETE,True,1,,,COMPLETED,0.024124420015141368
B05-MPV-GEN-go-bp3d-any-1s.jsonl,go_bp3d,pivot greedy,MPV-GEN-T6-N90-R01,6,90,1,1.0,VALID_COMPLETE,True,1,,,COMPLETED,0.016094810096547008
B05-MPV-GEN-go-bp3d-any-1s.jsonl,go_bp3d,pivot greedy,MPV-GEN-T6-N90-R02,6,90,2,1.0,VALID_COMPLETE,True,1,,,COMPLETED,0.015525551047176123
B05-MPV-GEN-go-bp3d-any-1s.jsonl,go_bp3d,pivot greedy,MPV-GEN-T6-N90-R03,6,90,3,1.0,VALID_COMPLETE,True,1,,,COMPLETED,0.030148186022415757
B05-MPV-GEN-go-bp3d-any-1s.jsonl,go_bp3d,pivot greedy,MPV-GEN-T6-N90-R04,6,90,4,1.0,VALID_COMPLETE,True,1,,,COMPLETED,0.023234965046867728
B05-MPV-GEN-go-bp3d-any-1s.jsonl,go_bp3d,pivot greedy,MPV-GEN-T6-N90-R05,6,90,5,1.0,VALID_COMPLETE,True,1,,,COMPLETED,0.02138337609358132
B05-MPV-GEN-go-bp3d-any-1s.jsonl,go_bp3d,pivot greedy,MPV-GEN-T6-N90-R06,6,90,6,1.0,VALID_COMPLETE,True,1,,,COMPLETED,0.04915620991960168
B05-MPV-GEN-go-bp3d-any-1s.jsonl,go_bp3d,pivot greedy,MPV-GEN-T6-N90-R07,6,90,7,1.0,VALID_COMPLETE,True,1,,,COMPLETED,0.022712771082296968
B05-MPV-GEN-go-bp3d-any-1s.jsonl,go_bp3d,pivot greedy,MPV-GEN-T6-N90-R08,6,90,8,1.0,VALID_COMPLETE,True,1,,,COMPLETED,0.017972371075302362
B05-MPV-GEN-go-bp3d-any-1s.jsonl,go_bp3d,pivot greedy,MPV-GEN-T6-N90-R09,6,90,9,1.0,VALID_COMPLETE,True,1,,,COMPLETED,0.023210227955132723
B05-MPV-GEN-go-bp3d-any-1s.jsonl,go_bp3d,pivot greedy,MPV-GEN-T6-N90-R10,6,90,10,1.0,VALID_COMPLETE,True,1,,,COMPLETED,0.018652515020221472
B05-MPV-GEN-go-bp3d-any-1s.jsonl,go_bp3d,pivot greedy,MPV-GEN-T7-N30-R01,7,30,1,1.0,VALID_COMPLETE,True,1,,,COMPLETED,0.026963219046592712
B05-MPV-GEN-go-bp3d-any-1s.jsonl,go_bp3d,pivot greedy,MPV-GEN-T7-N30-R02,7,30,2,1.0,VALID_COMPLETE,True,1,,,COMPLETED,0.02399019803851843
B05-MPV-GEN-go-bp3d-any-1s.jsonl,go_bp3d,pivot greedy,MPV-GEN-T7-N30-R03,7,30,3,1.0,VALID_COMPLETE,True,1,,,COMPLETED,0.010705715976655483
B05-MPV-GEN-go-bp3d-any-1s.jsonl,go_bp3d,pivot greedy,MPV-GEN-T7-N30-R04,7,30,4,1.0,VALID_COMPLETE,True,1,,,COMPLETED,0.026097320020198822
B05-MPV-GEN-go-bp3d-any-1s.jsonl,go_bp3d,pivot greedy,MPV-GEN-T7-N30-R05,7,30,5,1.0,VALID_COMPLETE,True,1,,,COMPLETED,0.012299980968236923
B05-MPV-GEN-go-bp3d-any-1s.jsonl,go_bp3d,pivot greedy,MPV-GEN-T7-N30-R06,7,30,6,1.0,VALID_COMPLETE,True,1,,,COMPLETED,0.008967768866568804
B05-MPV-GEN-go-bp3d-any-1s.jsonl,go_bp3d,pivot greedy,MPV-GEN-T7-N30-R07,7,30,7,1.0,VALID_COMPLETE,True,1,,,COMPLETED,0.00881609320640564
B05-MPV-GEN-go-bp3d-any-1s.jsonl,go_bp3d,pivot greedy,MPV-GEN-T7-N30-R08,7,30,8,1.0,VALID_COMPLETE,True,1,,,COMPLETED,0.004370935959741473
B05-MPV-GEN-go-bp3d-any-1s.jsonl,go_bp3d,pivot greedy,MPV-GEN-T7-N30-R09,7,30,9,1.0,VALID_COMPLETE,True,1,,,COMPLETED,0.005043333163484931
B05-MPV-GEN-go-bp3d-any-1s.jsonl,go_bp3d,pivot greedy,MPV-GEN-T7-N30-R10,7,30,10,1.0,VALID_COMPLETE,True,1,,,COMPLETED,0.007468381896615028
B05-MPV-GEN-go-bp3d-any-1s.jsonl,go_bp3d,pivot greedy,MPV-GEN-T7-N60-R01,7,60,1,1.0,VALID_COMPLETE,True,1,,,COMPLETED,0.014919993933290243
B05-MPV-GEN-go-bp3d-any-1s.jsonl,go_bp3d,pivot greedy,MPV-GEN-T7-N60-R02,7,60,2,1.0,VALID_COMPLETE,True,1,,,COMPLETED,0.013007269008085132
B05-MPV-GEN-go-bp3d-any-1s.jsonl,go_bp3d,pivot greedy,MPV-GEN-T7-N60-R03,7,60,3,1.0,VALID_COMPLETE,True,1,,,COMPLETED,0.020183663815259933
B05-MPV-GEN-go-bp3d-any-1s.jsonl,go_bp3d,pivot greedy,MPV-GEN-T7-N60-R04,7,60,4,1.0,VALID_COMPLETE,True,1,,,COMPLETED,0.0071884801145643
B05-MPV-GEN-go-bp3d-any-1s.jsonl,go_bp3d,pivot greedy,MPV-GEN-T7-N60-R05,7,60,5,1.0,VALID_COMPLETE,True,1,,,COMPLETED,0.01928527094423771
B05-MPV-GEN-go-bp3d-any-1s.jsonl,go_bp3d,pivot greedy,MPV-GEN-T7-N60-R06,7,60,6,1.0,VALID_COMPLETE,True,1,,,COMPLETED,0.014303229982033372
B05-MPV-GEN-go-bp3d-any-1s.jsonl,go_bp3d,pivot greedy,MPV-GEN-T7-N60-R07,7,60,7,1.0,VALID_COMPLETE,True,1,,,COMPLETED,0.01634178520180285
B05-MPV-GEN-go-bp3d-any-1s.jsonl,go_bp3d,pivot greedy,MPV-GEN-T7-N60-R08,7,60,8,1.0,VALID_COMPLETE,True,1,,,COMPLETED,0.015977350063621998
B05-MPV-GEN-go-bp3d-any-1s.jsonl,go_bp3d,pivot greedy,MPV-GEN-T7-N60-R09,7,60,9,1.0,VALID_COMPLETE,True,1,,,COMPLETED,0.022856177063658834
B05-MPV-GEN-go-bp3d-any-1s.jsonl,go_bp3d,pivot greedy,MPV-GEN-T7-N60-R10,7,60,10,1.0,VALID_COMPLETE,True,1,,,COMPLETED,0.009581738151609898
B05-MPV-GEN-go-bp3d-any-1s.jsonl,go_bp3d,pivot greedy,MPV-GEN-T7-N90-R01,7,90,1,1.0,VALID_COMPLETE,True,1,,,COMPLETED,0.019247648073360324
B05-MPV-GEN-go-bp3d-any-1s.jsonl,go_bp3d,pivot greedy,MPV-GEN-T7-N90-R02,7,90,2,1.0,VALID_COMPLETE,True,1,,,COMPLETED,0.029998638899996877
B05-MPV-GEN-go-bp3d-any-1s.jsonl,go_bp3d,pivot greedy,MPV-GEN-T7-N90-R03,7,90,3,1.0,VALID_COMPLETE,True,1,,,COMPLETED,0.023931621806696057
B05-MPV-GEN-go-bp3d-any-1s.jsonl,go_bp3d,pivot greedy,MPV-GEN-T7-N90-R04,7,90,4,1.0,VALID_COMPLETE,True,1,,,COMPLETED,0.03712764196097851
B05-MPV-GEN-go-bp3d-any-1s.jsonl,go_bp3d,pivot greedy,MPV-GEN-T7-N90-R05,7,90,5,1.0,VALID_COMPLETE,True,1,,,COMPLETED,0.02387327584438026
B05-MPV-GEN-go-bp3d-any-1s.jsonl,go_bp3d,pivot greedy,MPV-GEN-T7-N90-R06,7,90,6,1.0,VALID_COMPLETE,True,1,,,COMPLETED,0.03003476606681943
B05-MPV-GEN-go-bp3d-any-1s.jsonl,go_bp3d,pivot greedy,MPV-GEN-T7-N90-R07,7,90,7,1.0,VALID_COMPLETE,True,1,,,COMPLETED,0.01187861105427146
B05-MPV-GEN-go-bp3d-any-1s.jsonl,go_bp3d,pivot greedy,MPV-GEN-T7-N90-R08,7,90,8,1.0,VALID_COMPLETE,True,1,,,COMPLETED,0.033779605058953166
B05-MPV-GEN-go-bp3d-any-1s.jsonl,go_bp3d,pivot greedy,MPV-GEN-T7-N90-R09,7,90,9,1.0,VALID_COMPLETE,True,1,,,COMPLETED,0.042240028036758304
B05-MPV-GEN-go-bp3d-any-1s.jsonl,go_bp3d,pivot greedy,MPV-GEN-T7-N90-R10,7,90,10,1.0,VALID_COMPLETE,True,1,,,COMPLETED,0.020414527971297503
B05-MPV-GEN-go-bp3d-any-1s.jsonl,go_bp3d,pivot greedy,MPV-GEN-T8-N30-R01,8,30,1,1.0,VALID_COMPLETE,True,5,,,COMPLETED,0.024546870030462742
B05-MPV-GEN-go-bp3d-any-1s.jsonl,go_bp3d,pivot greedy,MPV-GEN-T8-N30-R02,8,30,2,1.0,VALID_COMPLETE,True,6,,,COMPLETED,0.021847584983333945
B05-MPV-GEN-go-bp3d-any-1s.jsonl,go_bp3d,pivot greedy,MPV-GEN-T8-N30-R03,8,30,3,1.0,VALID_COMPLETE,True,7,,,COMPLETED,0.01938710897229612
B05-MPV-GEN-go-bp3d-any-1s.jsonl,go_bp3d,pivot greedy,MPV-GEN-T8-N30-R04,8,30,4,1.0,VALID_COMPLETE,True,4,,,COMPLETED,0.015339055098593235
B05-MPV-GEN-go-bp3d-any-1s.jsonl,go_bp3d,pivot greedy,MPV-GEN-T8-N30-R05,8,30,5,1.0,VALID_COMPLETE,True,6,,,COMPLETED,0.010027384851127863
B05-MPV-GEN-go-bp3d-any-1s.jsonl,go_bp3d,pivot greedy,MPV-GEN-T8-N30-R06,8,30,6,1.0,VALID_COMPLETE,True,6,,,COMPLETED,0.0128750738222152
B05-MPV-GEN-go-bp3d-any-1s.jsonl,go_bp3d,pivot greedy,MPV-GEN-T8-N30-R07,8,30,7,1.0,VALID_COMPLETE,True,5,,,COMPLETED,0.010762987891212106
B05-MPV-GEN-go-bp3d-any-1s.jsonl,go_bp3d,pivot greedy,MPV-GEN-T8-N30-R08,8,30,8,1.0,VALID_COMPLETE,True,5,,,COMPLETED,0.012948655989021063
B05-MPV-GEN-go-bp3d-any-1s.jsonl,go_bp3d,pivot greedy,MPV-GEN-T8-N30-R09,8,30,9,1.0,VALID_COMPLETE,True,8,,,COMPLETED,0.0069884180556982756
B05-MPV-GEN-go-bp3d-any-1s.jsonl,go_bp3d,pivot greedy,MPV-GEN-T8-N30-R10,8,30,10,1.0,VALID_COMPLETE,True,5,,,COMPLETED,0.0073424410074949265
B05-MPV-GEN-go-bp3d-any-1s.jsonl,go_bp3d,pivot greedy,MPV-GEN-T8-N60-R01,8,60,1,1.0,VALID_COMPLETE,True,12,,,COMPLETED,0.007625753991305828
B05-MPV-GEN-go-bp3d-any-1s.jsonl,go_bp3d,pivot greedy,MPV-GEN-T8-N60-R02,8,60,2,1.0,VALID_COMPLETE,True,13,,,COMPLETED,0.012655875878408551
B05-MPV-GEN-go-bp3d-any-1s.jsonl,go_bp3d,pivot greedy,MPV-GEN-T8-N60-R03,8,60,3,1.0,VALID_COMPLETE,True,12,,,COMPLETED,0.015724224969744682
B05-MPV-GEN-go-bp3d-any-1s.jsonl,go_bp3d,pivot greedy,MPV-GEN-T8-N60-R04,8,60,4,1.0,VALID_COMPLETE,True,9,,,COMPLETED,0.015199471963569522
B05-MPV-GEN-go-bp3d-any-1s.jsonl,go_bp3d,pivot greedy,MPV-GEN-T8-N60-R05,8,60,5,1.0,VALID_COMPLETE,True,11,,,COMPLETED,0.0157266641035676
B05-MPV-GEN-go-bp3d-any-1s.jsonl,go_bp3d,pivot greedy,MPV-GEN-T8-N60-R06,8,60,6,1.0,VALID_COMPLETE,True,10,,,COMPLETED,0.01248672092333436
B05-MPV-GEN-go-bp3d-any-1s.jsonl,go_bp3d,pivot greedy,MPV-GEN-T8-N60-R07,8,60,7,1.0,VALID_COMPLETE,True,10,,,COMPLETED,0.014217769028618932
B05-MPV-GEN-go-bp3d-any-1s.jsonl,go_bp3d,pivot greedy,MPV-GEN-T8-N60-R08,8,60,8,1.0,VALID_COMPLETE,True,9,,,COMPLETED,0.012949613854289055
B05-MPV-GEN-go-bp3d-any-1s.jsonl,go_bp3d,pivot greedy,MPV-GEN-T8-N60-R09,8,60,9,1.0,VALID_COMPLETE,True,12,,,COMPLETED,0.017320956103503704
B05-MPV-GEN-go-bp3d-any-1s.jsonl,go_bp3d,pivot greedy,MPV-GEN-T8-N60-R10,8,60,10,1.0,VALID_COMPLETE,True,12,,,COMPLETED,0.015387644991278648
B05-MPV-GEN-go-bp3d-any-1s.jsonl,go_bp3d,pivot greedy,MPV-GEN-T8-N90-R01,8,90,1,1.0,VALID_COMPLETE,True,13,,,COMPLETED,0.015625123167410493
B05-MPV-GEN-go-bp3d-any-1s.jsonl,go_bp3d,pivot greedy,MPV-GEN-T8-N90-R02,8,90,2,1.0,VALID_COMPLETE,True,12,,,COMPLETED,0.026507853996008635
B05-MPV-GEN-go-bp3d-any-1s.jsonl,go_bp3d,pivot greedy,MPV-GEN-T8-N90-R03,8,90,3,1.0,VALID_COMPLETE,True,17,,,COMPLETED,0.010993175907060504
B05-MPV-GEN-go-bp3d-any-1s.jsonl,go_bp3d,pivot greedy,MPV-GEN-T8-N90-R04,8,90,4,1.0,VALID_COMPLETE,True,15,,,COMPLETED,0.022357469890266657
B05-MPV-GEN-go-bp3d-any-1s.jsonl,go_bp3d,pivot greedy,MPV-GEN-T8-N90-R05,8,90,5,1.0,VALID_COMPLETE,True,16,,,COMPLETED,0.017710394924506545
B05-MPV-GEN-go-bp3d-any-1s.jsonl,go_bp3d,pivot greedy,MPV-GEN-T8-N90-R06,8,90,6,1.0,VALID_COMPLETE,True,16,,,COMPLETED,0.02064254181459546
B05-MPV-GEN-go-bp3d-any-1s.jsonl,go_bp3d,pivot greedy,MPV-GEN-T8-N90-R07,8,90,7,1.0,VALID_COMPLETE,True,14,,,COMPLETED,0.012279637157917023
B05-MPV-GEN-go-bp3d-any-1s.jsonl,go_bp3d,pivot greedy,MPV-GEN-T8-N90-R08,8,90,8,1.0,VALID_COMPLETE,True,15,,,COMPLETED,0.014309483114629984
B05-MPV-GEN-go-bp3d-any-1s.jsonl,go_bp3d,pivot greedy,MPV-GEN-T8-N90-R09,8,90,9,1.0,VALID_COMPLETE,True,16,,,COMPLETED,0.021405628183856606
B05-MPV-GEN-go-bp3d-any-1s.jsonl,go_bp3d,pivot greedy,MPV-GEN-T8-N90-R10,8,90,10,1.0,VALID_COMPLETE,True,15,,,COMPLETED,0.020915995119139552
B05-MPV-GEN-go-bp3d-any-1s.jsonl,go_bp3d,pivot greedy,MPV-GEN-T9-N30-R01,9,30,1,1.0,VALID_COMPLETE,True,5,,,COMPLETED,0.008890707977116108
B05-MPV-GEN-go-bp3d-any-1s.jsonl,go_bp3d,pivot greedy,MPV-GEN-T9-N30-R02,9,30,2,1.0,VALID_COMPLETE,True,5,,,COMPLETED,0.01271759788505733
B05-MPV-GEN-go-bp3d-any-1s.jsonl,go_bp3d,pivot greedy,MPV-GEN-T9-N30-R03,9,30,3,1.0,VALID_COMPLETE,True,5,,,COMPLETED,0.012789327185600996
B05-MPV-GEN-go-bp3d-any-1s.jsonl,go_bp3d,pivot greedy,MPV-GEN-T9-N30-R04,9,30,4,1.0,VALID_COMPLETE,True,4,,,COMPLETED,0.009194768033921719
B05-MPV-GEN-go-bp3d-any-1s.jsonl,go_bp3d,pivot greedy,MPV-GEN-T9-N30-R05,9,30,5,1.0,VALID_COMPLETE,True,4,,,COMPLETED,0.006148534826934338
B05-MPV-GEN-go-bp3d-any-1s.jsonl,go_bp3d,pivot greedy,MPV-GEN-T9-N30-R06,9,30,6,1.0,VALID_COMPLETE,True,4,,,COMPLETED,0.007903303019702435
B05-MPV-GEN-go-bp3d-any-1s.jsonl,go_bp3d,pivot greedy,MPV-GEN-T9-N30-R07,9,30,7,1.0,VALID_COMPLETE,True,4,,,COMPLETED,0.007739041931927204
B05-MPV-GEN-go-bp3d-any-1s.jsonl,go_bp3d,pivot greedy,MPV-GEN-T9-N30-R08,9,30,8,1.0,VALID_COMPLETE,True,5,,,COMPLETED,0.012384351110085845
B05-MPV-GEN-go-bp3d-any-1s.jsonl,go_bp3d,pivot greedy,MPV-GEN-T9-N30-R09,9,30,9,1.0,VALID_COMPLETE,True,4,,,COMPLETED,0.009572884999215603
B05-MPV-GEN-go-bp3d-any-1s.jsonl,go_bp3d,pivot greedy,MPV-GEN-T9-N30-R10,9,30,10,1.0,VALID_COMPLETE,True,6,,,COMPLETED,0.011856256052851677
B05-MPV-GEN-go-bp3d-any-1s.jsonl,go_bp3d,pivot greedy,MPV-GEN-T9-N60-R01,9,60,1,1.0,VALID_COMPLETE,True,5,,,COMPLETED,0.013998758979141712
B05-MPV-GEN-go-bp3d-any-1s.jsonl,go_bp3d,pivot greedy,MPV-GEN-T9-N60-R02,9,60,2,1.0,VALID_COMPLETE,True,5,,,COMPLETED,0.0068356681149452925
B05-MPV-GEN-go-bp3d-any-1s.jsonl,go_bp3d,pivot greedy,MPV-GEN-T9-N60-R03,9,60,3,1.0,VALID_COMPLETE,True,5,,,COMPLETED,0.015804899856448174
B05-MPV-GEN-go-bp3d-any-1s.jsonl,go_bp3d,pivot greedy,MPV-GEN-T9-N60-R04,9,60,4,1.0,VALID_COMPLETE,True,5,,,COMPLETED,0.014786002924665809
B05-MPV-GEN-go-bp3d-any-1s.jsonl,go_bp3d,pivot greedy,MPV-GEN-T9-N60-R05,9,60,5,1.0,VALID_COMPLETE,True,6,,,COMPLETED,0.013223536079749465
B05-MPV-GEN-go-bp3d-any-1s.jsonl,go_bp3d,pivot greedy,MPV-GEN-T9-N60-R06,9,60,6,1.0,VALID_COMPLETE,True,5,,,COMPLETED,0.011032926850020885
B05-MPV-GEN-go-bp3d-any-1s.jsonl,go_bp3d,pivot greedy,MPV-GEN-T9-N60-R07,9,60,7,1.0,VALID_COMPLETE,True,4,,,COMPLETED,0.012070026015862823
B05-MPV-GEN-go-bp3d-any-1s.jsonl,go_bp3d,pivot greedy,MPV-GEN-T9-N60-R08,9,60,8,1.0,VALID_COMPLETE,True,5,,,COMPLETED,0.018311783904209733
B05-MPV-GEN-go-bp3d-any-1s.jsonl,go_bp3d,pivot greedy,MPV-GEN-T9-N60-R09,9,60,9,1.0,VALID_COMPLETE,True,5,,,COMPLETED,0.016850385116413236
B05-MPV-GEN-go-bp3d-any-1s.jsonl,go_bp3d,pivot greedy,MPV-GEN-T9-N60-R10,9,60,10,1.0,VALID_COMPLETE,True,5,,,COMPLETED,0.023378610843792558
B05-MPV-GEN-go-bp3d-any-1s.jsonl,go_bp3d,pivot greedy,MPV-GEN-T9-N90-R01,9,90,1,1.0,VALID_COMPLETE,True,6,,,COMPLETED,0.010603073984384537
B05-MPV-GEN-go-bp3d-any-1s.jsonl,go_bp3d,pivot greedy,MPV-GEN-T9-N90-R02,9,90,2,1.0,VALID_COMPLETE,True,6,,,COMPLETED,0.026400170056149364
B05-MPV-GEN-go-bp3d-any-1s.jsonl,go_bp3d,pivot greedy,MPV-GEN-T9-N90-R03,9,90,3,1.0,VALID_COMPLETE,True,6,,,COMPLETED,0.018916733097285032
B05-MPV-GEN-go-bp3d-any-1s.jsonl,go_bp3d,pivot greedy,MPV-GEN-T9-N90-R04,9,90,4,1.0,VALID_COMPLETE,True,6,,,COMPLETED,0.03199644200503826
B05-MPV-GEN-go-bp3d-any-1s.jsonl,go_bp3d,pivot greedy,MPV-GEN-T9-N90-R05,9,90,5,1.0,VALID_COMPLETE,True,6,,,COMPLETED,0.02287709410302341
B05-MPV-GEN-go-bp3d-any-1s.jsonl,go_bp3d,pivot greedy,MPV-GEN-T9-N90-R06,9,90,6,1.0,VALID_COMPLETE,True,6,,,COMPLETED,0.02931510005146265
B05-MPV-GEN-go-bp3d-any-1s.jsonl,go_bp3d,pivot greedy,MPV-GEN-T9-N90-R07,9,90,7,1.0,VALID_COMPLETE,True,5,,,COMPLETED,0.0319130418356508
B05-MPV-GEN-go-bp3d-any-1s.jsonl,go_bp3d,pivot greedy,MPV-GEN-T9-N90-R08,9,90,8,1.0,VALID_COMPLETE,True,6,,,COMPLETED,0.017352242954075336
B05-MPV-GEN-go-bp3d-any-1s.jsonl,go_bp3d,pivot greedy,MPV-GEN-T9-N90-R09,9,90,9,1.0,VALID_COMPLETE,True,6,,,COMPLETED,0.02399295917712152
B05-MPV-GEN-go-bp3d-any-1s.jsonl,go_bp3d,pivot greedy,MPV-GEN-T9-N90-R10,9,90,10,1.0,VALID_COMPLETE,True,6,,,COMPLETED,0.008707911940291524
B05-MPV-GEN-jerry-any-10s.jsonl,jerry,Jerry pivot/fix-point greedy,MPV-GEN-T1-N30-R01,1,30,1,10.0,VALID_COMPLETE,True,9,,,COMPLETED,0.6815277680289
B05-MPV-GEN-jerry-any-10s.jsonl,jerry,Jerry pivot/fix-point greedy,MPV-GEN-T1-N30-R02,1,30,2,10.0,VALID_COMPLETE,True,11,,,COMPLETED,0.669151847017929
B05-MPV-GEN-jerry-any-10s.jsonl,jerry,Jerry pivot/fix-point greedy,MPV-GEN-T1-N30-R03,1,30,3,10.0,VALID_COMPLETE,True,7,,,COMPLETED,0.6664931350387633
B05-MPV-GEN-jerry-any-10s.jsonl,jerry,Jerry pivot/fix-point greedy,MPV-GEN-T1-N30-R04,1,30,4,10.0,VALID_COMPLETE,True,7,,,COMPLETED,0.668617979157716
B05-MPV-GEN-jerry-any-10s.jsonl,jerry,Jerry pivot/fix-point greedy,MPV-GEN-T1-N30-R05,1,30,5,10.0,VALID_COMPLETE,True,9,,,COMPLETED,0.6805243708658963
B05-MPV-GEN-jerry-any-10s.jsonl,jerry,Jerry pivot/fix-point greedy,MPV-GEN-T1-N30-R06,1,30,6,10.0,VALID_COMPLETE,True,7,,,COMPLETED,0.6859632330015302
B05-MPV-GEN-jerry-any-10s.jsonl,jerry,Jerry pivot/fix-point greedy,MPV-GEN-T1-N30-R07,1,30,7,10.0,VALID_COMPLETE,True,6,,,COMPLETED,0.671511810971424
B05-MPV-GEN-jerry-any-10s.jsonl,jerry,Jerry pivot/fix-point greedy,MPV-GEN-T1-N30-R08,1,30,8,10.0,VALID_COMPLETE,True,8,,,COMPLETED,0.6715528920758516
B05-MPV-GEN-jerry-any-10s.jsonl,jerry,Jerry pivot/fix-point greedy,MPV-GEN-T1-N30-R09,1,30,9,10.0,VALID_COMPLETE,True,9,,,COMPLETED,0.6320384270511568
B05-MPV-GEN-jerry-any-10s.jsonl,jerry,Jerry pivot/fix-point greedy,MPV-GEN-T1-N30-R10,1,30,10,10.0,VALID_COMPLETE,True,7,,,COMPLETED,0.6273965570144355
B05-MPV-GEN-jerry-any-10s.jsonl,jerry,Jerry pivot/fix-point greedy,MPV-GEN-T1-N60-R01,1,60,1,10.0,VALID_COMPLETE,True,14,,,COMPLETED,0.7272744278889149
B05-MPV-GEN-jerry-any-10s.jsonl,jerry,Jerry pivot/fix-point greedy,MPV-GEN-T1-N60-R02,1,60,2,10.0,VALID_COMPLETE,True,14,,,COMPLETED,0.7350546768866479
B05-MPV-GEN-jerry-any-10s.jsonl,jerry,Jerry pivot/fix-point greedy,MPV-GEN-T1-N60-R03,1,60,3,10.0,VALID_COMPLETE,True,16,,,COMPLETED,0.7233600369654596
B05-MPV-GEN-jerry-any-10s.jsonl,jerry,Jerry pivot/fix-point greedy,MPV-GEN-T1-N60-R04,1,60,4,10.0,VALID_COMPLETE,True,12,,,COMPLETED,0.7346262538339943
B05-MPV-GEN-jerry-any-10s.jsonl,jerry,Jerry pivot/fix-point greedy,MPV-GEN-T1-N60-R05,1,60,5,10.0,VALID_COMPLETE,True,16,,,COMPLETED,0.7188535491004586
B05-MPV-GEN-jerry-any-10s.jsonl,jerry,Jerry pivot/fix-point greedy,MPV-GEN-T1-N60-R06,1,60,6,10.0,VALID_COMPLETE,True,14,,,COMPLETED,0.7232484580017626
B05-MPV-GEN-jerry-any-10s.jsonl,jerry,Jerry pivot/fix-point greedy,MPV-GEN-T1-N60-R07,1,60,7,10.0,VALID_COMPLETE,True,15,,,COMPLETED,0.6971961839590222
B05-MPV-GEN-jerry-any-10s.jsonl,jerry,Jerry pivot/fix-point greedy,MPV-GEN-T1-N60-R08,1,60,8,10.0,VALID_COMPLETE,True,17,,,COMPLETED,0.6898918098304421
B05-MPV-GEN-jerry-any-10s.jsonl,jerry,Jerry pivot/fix-point greedy,MPV-GEN-T1-N60-R09,1,60,9,10.0,VALID_COMPLETE,True,15,,,COMPLETED,0.7006472300272435
B05-MPV-GEN-jerry-any-10s.jsonl,jerry,Jerry pivot/fix-point greedy,MPV-GEN-T1-N60-R10,1,60,10,10.0,VALID_COMPLETE,True,15,,,COMPLETED,0.7152917669154704
B05-MPV-GEN-jerry-any-10s.jsonl,jerry,Jerry pivot/fix-point greedy,MPV-GEN-T1-N90-R01,1,90,1,10.0,VALID_COMPLETE,True,27,,,COMPLETED,0.7967209108173847
B05-MPV-GEN-jerry-any-10s.jsonl,jerry,Jerry pivot/fix-point greedy,MPV-GEN-T1-N90-R02,1,90,2,10.0,VALID_COMPLETE,True,23,,,COMPLETED,0.8121841989923269
B05-MPV-GEN-jerry-any-10s.jsonl,jerry,Jerry pivot/fix-point greedy,MPV-GEN-T1-N90-R03,1,90,3,10.0,VALID_COMPLETE,True,23,,,COMPLETED,0.8112080190330744
B05-MPV-GEN-jerry-any-10s.jsonl,jerry,Jerry pivot/fix-point greedy,MPV-GEN-T1-N90-R04,1,90,4,10.0,VALID_COMPLETE,True,21,,,COMPLETED,0.8306444010231644
B05-MPV-GEN-jerry-any-10s.jsonl,jerry,Jerry pivot/fix-point greedy,MPV-GEN-T1-N90-R05,1,90,5,10.0,VALID_COMPLETE,True,25,,,COMPLETED,0.7573445111047477
B05-MPV-GEN-jerry-any-10s.jsonl,jerry,Jerry pivot/fix-point greedy,MPV-GEN-T1-N90-R06,1,90,6,10.0,VALID_COMPLETE,True,24,,,COMPLETED,0.7816123939119279
B05-MPV-GEN-jerry-any-10s.jsonl,jerry,Jerry pivot/fix-point greedy,MPV-GEN-T1-N90-R07,1,90,7,10.0,VALID_COMPLETE,True,21,,,COMPLETED,0.8573330128565431
B05-MPV-GEN-jerry-any-10s.jsonl,jerry,Jerry pivot/fix-point greedy,MPV-GEN-T1-N90-R08,1,90,8,10.0,VALID_COMPLETE,True,25,,,COMPLETED,0.8228134419769049
B05-MPV-GEN-jerry-any-10s.jsonl,jerry,Jerry pivot/fix-point greedy,MPV-GEN-T1-N90-R09,1,90,9,10.0,VALID_COMPLETE,True,26,,,COMPLETED,0.7940688659437001
B05-MPV-GEN-jerry-any-10s.jsonl,jerry,Jerry pivot/fix-point greedy,MPV-GEN-T1-N90-R10,1,90,10,10.0,VALID_COMPLETE,True,23,,,COMPLETED,0.8001684870105237
B05-MPV-GEN-jerry-any-10s.jsonl,jerry,Jerry pivot/fix-point greedy,MPV-GEN-T6-N30-R01,6,30,1,10.0,VALID_COMPLETE,True,1,,,COMPLETED,0.6704060030169785
B05-MPV-GEN-jerry-any-10s.jsonl,jerry,Jerry pivot/fix-point greedy,MPV-GEN-T6-N30-R02,6,30,2,10.0,VALID_COMPLETE,True,1,,,COMPLETED,0.7059674721676856
B05-MPV-GEN-jerry-any-10s.jsonl,jerry,Jerry pivot/fix-point greedy,MPV-GEN-T6-N30-R03,6,30,3,10.0,VALID_COMPLETE,True,1,,,COMPLETED,0.675081280991435
B05-MPV-GEN-jerry-any-10s.jsonl,jerry,Jerry pivot/fix-point greedy,MPV-GEN-T6-N30-R04,6,30,4,10.0,VALID_COMPLETE,True,1,,,COMPLETED,0.7031465519685298
B05-MPV-GEN-jerry-any-10s.jsonl,jerry,Jerry pivot/fix-point greedy,MPV-GEN-T6-N30-R05,6,30,5,10.0,VALID_COMPLETE,True,1,,,COMPLETED,0.6839193620253354
B05-MPV-GEN-jerry-any-10s.jsonl,jerry,Jerry pivot/fix-point greedy,MPV-GEN-T6-N30-R06,6,30,6,10.0,VALID_COMPLETE,True,1,,,COMPLETED,0.7213199660181999
B05-MPV-GEN-jerry-any-10s.jsonl,jerry,Jerry pivot/fix-point greedy,MPV-GEN-T6-N30-R07,6,30,7,10.0,VALID_COMPLETE,True,1,,,COMPLETED,0.740155559964478
B05-MPV-GEN-jerry-any-10s.jsonl,jerry,Jerry pivot/fix-point greedy,MPV-GEN-T6-N30-R08,6,30,8,10.0,VALID_COMPLETE,True,1,,,COMPLETED,0.7262021899223328
B05-MPV-GEN-jerry-any-10s.jsonl,jerry,Jerry pivot/fix-point greedy,MPV-GEN-T6-N30-R09,6,30,9,10.0,VALID_COMPLETE,True,1,,,COMPLETED,0.7158336469437927
B05-MPV-GEN-jerry-any-10s.jsonl,jerry,Jerry pivot/fix-point greedy,MPV-GEN-T6-N30-R10,6,30,10,10.0,VALID_COMPLETE,True,1,,,COMPLETED,0.7234661940019578
B05-MPV-GEN-jerry-any-10s.jsonl,jerry,Jerry pivot/fix-point greedy,MPV-GEN-T6-N60-R01,6,60,1,10.0,VALID_COMPLETE,True,1,,,COMPLETED,0.8656344879418612
B05-MPV-GEN-jerry-any-10s.jsonl,jerry,Jerry pivot/fix-point greedy,MPV-GEN-T6-N60-R02,6,60,2,10.0,VALID_COMPLETE,True,1,,,COMPLETED,0.903319678036496
B05-MPV-GEN-jerry-any-10s.jsonl,jerry,Jerry pivot/fix-point greedy,MPV-GEN-T6-N60-R03,6,60,3,10.0,VALID_COMPLETE,True,1,,,COMPLETED,0.9727381239645183
B05-MPV-GEN-jerry-any-10s.jsonl,jerry,Jerry pivot/fix-point greedy,MPV-GEN-T6-N60-R04,6,60,4,10.0,VALID_COMPLETE,True,1,,,COMPLETED,0.9583998350426555
B05-MPV-GEN-jerry-any-10s.jsonl,jerry,Jerry pivot/fix-point greedy,MPV-GEN-T6-N60-R05,6,60,5,10.0,VALID_COMPLETE,True,1,,,COMPLETED,0.9127846178598702
B05-MPV-GEN-jerry-any-10s.jsonl,jerry,Jerry pivot/fix-point greedy,MPV-GEN-T6-N60-R06,6,60,6,10.0,VALID_COMPLETE,True,1,,,COMPLETED,0.9447906441055238
B05-MPV-GEN-jerry-any-10s.jsonl,jerry,Jerry pivot/fix-point greedy,MPV-GEN-T6-N60-R07,6,60,7,10.0,VALID_COMPLETE,True,1,,,COMPLETED,0.9357353150844574
B05-MPV-GEN-jerry-any-10s.jsonl,jerry,Jerry pivot/fix-point greedy,MPV-GEN-T6-N60-R08,6,60,8,10.0,VALID_COMPLETE,True,1,,,COMPLETED,0.9275235929526389
B05-MPV-GEN-jerry-any-10s.jsonl,jerry,Jerry pivot/fix-point greedy,MPV-GEN-T6-N60-R09,6,60,9,10.0,VALID_COMPLETE,True,1,,,COMPLETED,0.906835975125432
B05-MPV-GEN-jerry-any-10s.jsonl,jerry,Jerry pivot/fix-point greedy,MPV-GEN-T6-N60-R10,6,60,10,10.0,VALID_COMPLETE,True,1,,,COMPLETED,0.9009901701938361
B05-MPV-GEN-jerry-any-10s.jsonl,jerry,Jerry pivot/fix-point greedy,MPV-GEN-T6-N90-R01,6,90,1,10.0,VALID_COMPLETE,True,1,,,COMPLETED,1.3841066109016538
B05-MPV-GEN-jerry-any-10s.jsonl,jerry,Jerry pivot/fix-point greedy,MPV-GEN-T6-N90-R02,6,90,2,10.0,VALID_COMPLETE,True,1,,,COMPLETED,1.442185458028689
B05-MPV-GEN-jerry-any-10s.jsonl,jerry,Jerry pivot/fix-point greedy,MPV-GEN-T6-N90-R03,6,90,3,10.0,VALID_COMPLETE,True,1,,,COMPLETED,1.4818156498949975
B05-MPV-GEN-jerry-any-10s.jsonl,jerry,Jerry pivot/fix-point greedy,MPV-GEN-T6-N90-R04,6,90,4,10.0,VALID_COMPLETE,True,1,,,COMPLETED,1.424521543085575
B05-MPV-GEN-jerry-any-10s.jsonl,jerry,Jerry pivot/fix-point greedy,MPV-GEN-T6-N90-R05,6,90,5,10.0,VALID_COMPLETE,True,1,,,COMPLETED,1.436291377991438
B05-MPV-GEN-jerry-any-10s.jsonl,jerry,Jerry pivot/fix-point greedy,MPV-GEN-T6-N90-R06,6,90,6,10.0,VALID_COMPLETE,True,1,,,COMPLETED,1.4749280631076545
B05-MPV-GEN-jerry-any-10s.jsonl,jerry,Jerry pivot/fix-point greedy,MPV-GEN-T6-N90-R07,6,90,7,10.0,VALID_COMPLETE,True,1,,,COMPLETED,1.3329378778580576
B05-MPV-GEN-jerry-any-10s.jsonl,jerry,Jerry pivot/fix-point greedy,MPV-GEN-T6-N90-R08,6,90,8,10.0,VALID_COMPLETE,True,1,,,COMPLETED,1.3343831149395555
B05-MPV-GEN-jerry-any-10s.jsonl,jerry,Jerry pivot/fix-point greedy,MPV-GEN-T6-N90-R09,6,90,9,10.0,VALID_COMPLETE,True,1,,,COMPLETED,1.3952784049324691
B05-MPV-GEN-jerry-any-10s.jsonl,jerry,Jerry pivot/fix-point greedy,MPV-GEN-T6-N90-R10,6,90,10,10.0,VALID_COMPLETE,True,1,,,COMPLETED,1.4917740100063384
B05-MPV-GEN-jerry-any-10s.jsonl,jerry,Jerry pivot/fix-point greedy,MPV-GEN-T7-N30-R01,7,30,1,10.0,VALID_COMPLETE,True,1,,,COMPLETED,0.6914096928667277
B05-MPV-GEN-jerry-any-10s.jsonl,jerry,Jerry pivot/fix-point greedy,MPV-GEN-T7-N30-R02,7,30,2,10.0,VALID_COMPLETE,True,1,,,COMPLETED,0.6662333321291953
B05-MPV-GEN-jerry-any-10s.jsonl,jerry,Jerry pivot/fix-point greedy,MPV-GEN-T7-N30-R03,7,30,3,10.0,VALID_COMPLETE,True,1,,,COMPLETED,0.6692005121149123
B05-MPV-GEN-jerry-any-10s.jsonl,jerry,Jerry pivot/fix-point greedy,MPV-GEN-T7-N30-R04,7,30,4,10.0,VALID_COMPLETE,True,1,,,COMPLETED,0.6756769800558686
B05-MPV-GEN-jerry-any-10s.jsonl,jerry,Jerry pivot/fix-point greedy,MPV-GEN-T7-N30-R05,7,30,5,10.0,VALID_COMPLETE,True,1,,,COMPLETED,0.6625402579084039
B05-MPV-GEN-jerry-any-10s.jsonl,jerry,Jerry pivot/fix-point greedy,MPV-GEN-T7-N30-R06,7,30,6,10.0,VALID_COMPLETE,True,1,,,COMPLETED,0.667110641952604
B05-MPV-GEN-jerry-any-10s.jsonl,jerry,Jerry pivot/fix-point greedy,MPV-GEN-T7-N30-R07,7,30,7,10.0,VALID_COMPLETE,True,1,,,COMPLETED,0.713374433806166
B05-MPV-GEN-jerry-any-10s.jsonl,jerry,Jerry pivot/fix-point greedy,MPV-GEN-T7-N30-R08,7,30,8,10.0,VALID_COMPLETE,True,1,,,COMPLETED,0.7319367120508105
B05-MPV-GEN-jerry-any-10s.jsonl,jerry,Jerry pivot/fix-point greedy,MPV-GEN-T7-N30-R09,7,30,9,10.0,VALID_COMPLETE,True,1,,,COMPLETED,0.7142937160097063
B05-MPV-GEN-jerry-any-10s.jsonl,jerry,Jerry pivot/fix-point greedy,MPV-GEN-T7-N30-R10,7,30,10,10.0,VALID_COMPLETE,True,1,,,COMPLETED,0.7151112388819456
B05-MPV-GEN-jerry-any-10s.jsonl,jerry,Jerry pivot/fix-point greedy,MPV-GEN-T7-N60-R01,7,60,1,10.0,VALID_COMPLETE,True,1,,,COMPLETED,0.8682281728833914
B05-MPV-GEN-jerry-any-10s.jsonl,jerry,Jerry pivot/fix-point greedy,MPV-GEN-T7-N60-R02,7,60,2,10.0,VALID_COMPLETE,True,1,,,COMPLETED,0.8957770329434425
B05-MPV-GEN-jerry-any-10s.jsonl,jerry,Jerry pivot/fix-point greedy,MPV-GEN-T7-N60-R03,7,60,3,10.0,VALID_COMPLETE,True,1,,,COMPLETED,0.9095279180910438
B05-MPV-GEN-jerry-any-10s.jsonl,jerry,Jerry pivot/fix-point greedy,MPV-GEN-T7-N60-R04,7,60,4,10.0,VALID_COMPLETE,True,1,,,COMPLETED,0.8763859299942851
B05-MPV-GEN-jerry-any-10s.jsonl,jerry,Jerry pivot/fix-point greedy,MPV-GEN-T7-N60-R05,7,60,5,10.0,VALID_COMPLETE,True,1,,,COMPLETED,0.9244344790931791
B05-MPV-GEN-jerry-any-10s.jsonl,jerry,Jerry pivot/fix-point greedy,MPV-GEN-T7-N60-R06,7,60,6,10.0,VALID_COMPLETE,True,1,,,COMPLETED,0.9669943579938263
B05-MPV-GEN-jerry-any-10s.jsonl,jerry,Jerry pivot/fix-point greedy,MPV-GEN-T7-N60-R07,7,60,7,10.0,VALID_COMPLETE,True,1,,,COMPLETED,0.9250151750165969
B05-MPV-GEN-jerry-any-10s.jsonl,jerry,Jerry pivot/fix-point greedy,MPV-GEN-T7-N60-R08,7,60,8,10.0,VALID_COMPLETE,True,1,,,COMPLETED,0.9279827009886503
B05-MPV-GEN-jerry-any-10s.jsonl,jerry,Jerry pivot/fix-point greedy,MPV-GEN-T7-N60-R09,7,60,9,10.0,VALID_COMPLETE,True,1,,,COMPLETED,0.8797011841088533
B05-MPV-GEN-jerry-any-10s.jsonl,jerry,Jerry pivot/fix-point greedy,MPV-GEN-T7-N60-R10,7,60,10,10.0,VALID_COMPLETE,True,1,,,COMPLETED,0.9028127200435847
B05-MPV-GEN-jerry-any-10s.jsonl,jerry,Jerry pivot/fix-point greedy,MPV-GEN-T7-N90-R01,7,90,1,10.0,VALID_COMPLETE,True,1,,,COMPLETED,1.4993481738492846
B05-MPV-GEN-jerry-any-10s.jsonl,jerry,Jerry pivot/fix-point greedy,MPV-GEN-T7-N90-R02,7,90,2,10.0,VALID_COMPLETE,True,1,,,COMPLETED,1.5429085900541395
B05-MPV-GEN-jerry-any-10s.jsonl,jerry,Jerry pivot/fix-point greedy,MPV-GEN-T7-N90-R03,7,90,3,10.0,VALID_COMPLETE,True,1,,,COMPLETED,1.3574113231152296
B05-MPV-GEN-jerry-any-10s.jsonl,jerry,Jerry pivot/fix-point greedy,MPV-GEN-T7-N90-R04,7,90,4,10.0,VALID_COMPLETE,True,1,,,COMPLETED,1.4842980769462883
B05-MPV-GEN-jerry-any-10s.jsonl,jerry,Jerry pivot/fix-point greedy,MPV-GEN-T7-N90-R05,7,90,5,10.0,VALID_COMPLETE,True,1,,,COMPLETED,1.4603476990014315
B05-MPV-GEN-jerry-any-10s.jsonl,jerry,Jerry pivot/fix-point greedy,MPV-GEN-T7-N90-R06,7,90,6,10.0,VALID_COMPLETE,True,1,,,COMPLETED,1.434803111013025
B05-MPV-GEN-jerry-any-10s.jsonl,jerry,Jerry pivot/fix-point greedy,MPV-GEN-T7-N90-R07,7,90,7,10.0,VALID_COMPLETE,True,1,,,COMPLETED,1.4026185099501163
B05-MPV-GEN-jerry-any-10s.jsonl,jerry,Jerry pivot/fix-point greedy,MPV-GEN-T7-N90-R08,7,90,8,10.0,VALID_COMPLETE,True,1,,,COMPLETED,1.4413383179344237
B05-MPV-GEN-jerry-any-10s.jsonl,jerry,Jerry pivot/fix-point greedy,MPV-GEN-T7-N90-R09,7,90,9,10.0,VALID_COMPLETE,True,1,,,COMPLETED,1.6555349121335894
B05-MPV-GEN-jerry-any-10s.jsonl,jerry,Jerry pivot/fix-point greedy,MPV-GEN-T7-N90-R10,7,90,10,10.0,VALID_COMPLETE,True,1,,,COMPLETED,1.5180406370200217
B05-MPV-GEN-jerry-any-10s.jsonl,jerry,Jerry pivot/fix-point greedy,MPV-GEN-T8-N30-R01,8,30,1,10.0,VALID_COMPLETE,True,5,,,COMPLETED,0.7479082338977605
B05-MPV-GEN-jerry-any-10s.jsonl,jerry,Jerry pivot/fix-point greedy,MPV-GEN-T8-N30-R02,8,30,2,10.0,VALID_COMPLETE,True,5,,,COMPLETED,0.705233939923346
B05-MPV-GEN-jerry-any-10s.jsonl,jerry,Jerry pivot/fix-point greedy,MPV-GEN-T8-N30-R03,8,30,3,10.0,VALID_COMPLETE,True,7,,,COMPLETED,0.6738044309895486
B05-MPV-GEN-jerry-any-10s.jsonl,jerry,Jerry pivot/fix-point greedy,MPV-GEN-T8-N30-R04,8,30,4,10.0,VALID_COMPLETE,True,4,,,COMPLETED,0.7477267801295966
B05-MPV-GEN-jerry-any-10s.jsonl,jerry,Jerry pivot/fix-point greedy,MPV-GEN-T8-N30-R05,8,30,5,10.0,VALID_COMPLETE,True,6,,,COMPLETED,0.714976446935907
B05-MPV-GEN-jerry-any-10s.jsonl,jerry,Jerry pivot/fix-point greedy,MPV-GEN-T8-N30-R06,8,30,6,10.0,VALID_COMPLETE,True,6,,,COMPLETED,0.6796233078930527
B05-MPV-GEN-jerry-any-10s.jsonl,jerry,Jerry pivot/fix-point greedy,MPV-GEN-T8-N30-R07,8,30,7,10.0,VALID_COMPLETE,True,5,,,COMPLETED,0.683266808046028
B05-MPV-GEN-jerry-any-10s.jsonl,jerry,Jerry pivot/fix-point greedy,MPV-GEN-T8-N30-R08,8,30,8,10.0,VALID_COMPLETE,True,5,,,COMPLETED,0.6710082008503377
B05-MPV-GEN-jerry-any-10s.jsonl,jerry,Jerry pivot/fix-point greedy,MPV-GEN-T8-N30-R09,8,30,9,10.0,VALID_COMPLETE,True,8,,,COMPLETED,0.687812085961923
B05-MPV-GEN-jerry-any-10s.jsonl,jerry,Jerry pivot/fix-point greedy,MPV-GEN-T8-N30-R10,8,30,10,10.0,VALID_COMPLETE,True,5,,,COMPLETED,0.728281072806567
B05-MPV-GEN-jerry-any-10s.jsonl,jerry,Jerry pivot/fix-point greedy,MPV-GEN-T8-N60-R01,8,60,1,10.0,VALID_COMPLETE,True,12,,,COMPLETED,0.749573013978079
B05-MPV-GEN-jerry-any-10s.jsonl,jerry,Jerry pivot/fix-point greedy,MPV-GEN-T8-N60-R02,8,60,2,10.0,VALID_COMPLETE,True,13,,,COMPLETED,0.7460032561793923
B05-MPV-GEN-jerry-any-10s.jsonl,jerry,Jerry pivot/fix-point greedy,MPV-GEN-T8-N60-R03,8,60,3,10.0,VALID_COMPLETE,True,12,,,COMPLETED,0.7929384589660913
B05-MPV-GEN-jerry-any-10s.jsonl,jerry,Jerry pivot/fix-point greedy,MPV-GEN-T8-N60-R04,8,60,4,10.0,VALID_COMPLETE,True,8,,,COMPLETED,0.7777321292087436
B05-MPV-GEN-jerry-any-10s.jsonl,jerry,Jerry pivot/fix-point greedy,MPV-GEN-T8-N60-R05,8,60,5,10.0,VALID_COMPLETE,True,11,,,COMPLETED,0.7805220677983016
B05-MPV-GEN-jerry-any-10s.jsonl,jerry,Jerry pivot/fix-point greedy,MPV-GEN-T8-N60-R06,8,60,6,10.0,VALID_COMPLETE,True,10,,,COMPLETED,0.7859251569025218
B05-MPV-GEN-jerry-any-10s.jsonl,jerry,Jerry pivot/fix-point greedy,MPV-GEN-T8-N60-R07,8,60,7,10.0,VALID_COMPLETE,True,10,,,COMPLETED,0.762581940041855
B05-MPV-GEN-jerry-any-10s.jsonl,jerry,Jerry pivot/fix-point greedy,MPV-GEN-T8-N60-R08,8,60,8,10.0,VALID_COMPLETE,True,8,,,COMPLETED,0.7847362631000578
B05-MPV-GEN-jerry-any-10s.jsonl,jerry,Jerry pivot/fix-point greedy,MPV-GEN-T8-N60-R09,8,60,9,10.0,VALID_COMPLETE,True,11,,,COMPLETED,0.7584802138153464
B05-MPV-GEN-jerry-any-10s.jsonl,jerry,Jerry pivot/fix-point greedy,MPV-GEN-T8-N60-R10,8,60,10,10.0,VALID_COMPLETE,True,11,,,COMPLETED,0.7840823130682111
B05-MPV-GEN-jerry-any-10s.jsonl,jerry,Jerry pivot/fix-point greedy,MPV-GEN-T8-N90-R01,8,90,1,10.0,VALID_COMPLETE,True,11,,,COMPLETED,0.9017036859877408
B05-MPV-GEN-jerry-any-10s.jsonl,jerry,Jerry pivot/fix-point greedy,MPV-GEN-T8-N90-R02,8,90,2,10.0,VALID_COMPLETE,True,11,,,COMPLETED,0.8889843749348074
B05-MPV-GEN-jerry-any-10s.jsonl,jerry,Jerry pivot/fix-point greedy,MPV-GEN-T8-N90-R03,8,90,3,10.0,VALID_COMPLETE,True,16,,,COMPLETED,0.8269456098787487
B05-MPV-GEN-jerry-any-10s.jsonl,jerry,Jerry pivot/fix-point greedy,MPV-GEN-T8-N90-R04,8,90,4,10.0,VALID_COMPLETE,True,15,,,COMPLETED,0.865999867208302
B05-MPV-GEN-jerry-any-10s.jsonl,jerry,Jerry pivot/fix-point greedy,MPV-GEN-T8-N90-R05,8,90,5,10.0,VALID_COMPLETE,True,15,,,COMPLETED,0.893431835109368
B05-MPV-GEN-jerry-any-10s.jsonl,jerry,Jerry pivot/fix-point greedy,MPV-GEN-T8-N90-R06,8,90,6,10.0,VALID_COMPLETE,True,16,,,COMPLETED,0.8659989819861948
B05-MPV-GEN-jerry-any-10s.jsonl,jerry,Jerry pivot/fix-point greedy,MPV-GEN-T8-N90-R07,8,90,7,10.0,VALID_COMPLETE,True,14,,,COMPLETED,0.8524514529854059
B05-MPV-GEN-jerry-any-10s.jsonl,jerry,Jerry pivot/fix-point greedy,MPV-GEN-T8-N90-R08,8,90,8,10.0,VALID_COMPLETE,True,13,,,COMPLETED,0.8502986789681017
B05-MPV-GEN-jerry-any-10s.jsonl,jerry,Jerry pivot/fix-point greedy,MPV-GEN-T8-N90-R09,8,90,9,10.0,VALID_COMPLETE,True,16,,,COMPLETED,0.8702796399593353
B05-MPV-GEN-jerry-any-10s.jsonl,jerry,Jerry pivot/fix-point greedy,MPV-GEN-T8-N90-R10,8,90,10,10.0,VALID_COMPLETE,True,14,,,COMPLETED,0.8459448849316686
B05-MPV-GEN-jerry-any-10s.jsonl,jerry,Jerry pivot/fix-point greedy,MPV-GEN-T9-N30-R01,9,30,1,10.0,VALID_COMPLETE,True,4,,,COMPLETED,0.6505453840363771
B05-MPV-GEN-jerry-any-10s.jsonl,jerry,Jerry pivot/fix-point greedy,MPV-GEN-T9-N30-R02,9,30,2,10.0,VALID_COMPLETE,True,4,,,COMPLETED,0.6832448139321059
B05-MPV-GEN-jerry-any-10s.jsonl,jerry,Jerry pivot/fix-point greedy,MPV-GEN-T9-N30-R03,9,30,3,10.0,VALID_COMPLETE,True,4,,,COMPLETED,0.7201393840368837
B05-MPV-GEN-jerry-any-10s.jsonl,jerry,Jerry pivot/fix-point greedy,MPV-GEN-T9-N30-R04,9,30,4,10.0,VALID_COMPLETE,True,4,,,COMPLETED,0.6993489118758589
B05-MPV-GEN-jerry-any-10s.jsonl,jerry,Jerry pivot/fix-point greedy,MPV-GEN-T9-N30-R05,9,30,5,10.0,VALID_COMPLETE,True,4,,,COMPLETED,0.6732709079515189
B05-MPV-GEN-jerry-any-10s.jsonl,jerry,Jerry pivot/fix-point greedy,MPV-GEN-T9-N30-R06,9,30,6,10.0,VALID_COMPLETE,True,4,,,COMPLETED,0.6904395138844848
B05-MPV-GEN-jerry-any-10s.jsonl,jerry,Jerry pivot/fix-point greedy,MPV-GEN-T9-N30-R07,9,30,7,10.0,VALID_COMPLETE,True,4,,,COMPLETED,0.6801048978231847
B05-MPV-GEN-jerry-any-10s.jsonl,jerry,Jerry pivot/fix-point greedy,MPV-GEN-T9-N30-R08,9,30,8,10.0,VALID_COMPLETE,True,4,,,COMPLETED,0.6818512708414346
B05-MPV-GEN-jerry-any-10s.jsonl,jerry,Jerry pivot/fix-point greedy,MPV-GEN-T9-N30-R09,9,30,9,10.0,VALID_COMPLETE,True,4,,,COMPLETED,0.6897995329927653
B05-MPV-GEN-jerry-any-10s.jsonl,jerry,Jerry pivot/fix-point greedy,MPV-GEN-T9-N30-R10,9,30,10,10.0,VALID_COMPLETE,True,5,,,COMPLETED,0.6833408728707582
B05-MPV-GEN-jerry-any-10s.jsonl,jerry,Jerry pivot/fix-point greedy,MPV-GEN-T9-N60-R01,9,60,1,10.0,VALID_COMPLETE,True,4,,,COMPLETED,0.8309587559197098
B05-MPV-GEN-jerry-any-10s.jsonl,jerry,Jerry pivot/fix-point greedy,MPV-GEN-T9-N60-R02,9,60,2,10.0,VALID_COMPLETE,True,4,,,COMPLETED,0.7794354548677802
B05-MPV-GEN-jerry-any-10s.jsonl,jerry,Jerry pivot/fix-point greedy,MPV-GEN-T9-N60-R03,9,60,3,10.0,VALID_COMPLETE,True,4,,,COMPLETED,0.8341139359399676
B05-MPV-GEN-jerry-any-10s.jsonl,jerry,Jerry pivot/fix-point greedy,MPV-GEN-T9-N60-R04,9,60,4,10.0,VALID_COMPLETE,True,4,,,COMPLETED,0.8043090151622891
B05-MPV-GEN-jerry-any-10s.jsonl,jerry,Jerry pivot/fix-point greedy,MPV-GEN-T9-N60-R05,9,60,5,10.0,VALID_COMPLETE,True,4,,,COMPLETED,0.8125827629119158
B05-MPV-GEN-jerry-any-10s.jsonl,jerry,Jerry pivot/fix-point greedy,MPV-GEN-T9-N60-R06,9,60,6,10.0,VALID_COMPLETE,True,5,,,COMPLETED,0.7789219089318067
B05-MPV-GEN-jerry-any-10s.jsonl,jerry,Jerry pivot/fix-point greedy,MPV-GEN-T9-N60-R07,9,60,7,10.0,VALID_COMPLETE,True,4,,,COMPLETED,0.7917234459891915
B05-MPV-GEN-jerry-any-10s.jsonl,jerry,Jerry pivot/fix-point greedy,MPV-GEN-T9-N60-R08,9,60,8,10.0,VALID_COMPLETE,True,4,,,COMPLETED,0.8081624370533973
B05-MPV-GEN-jerry-any-10s.jsonl,jerry,Jerry pivot/fix-point greedy,MPV-GEN-T9-N60-R09,9,60,9,10.0,VALID_COMPLETE,True,4,,,COMPLETED,0.8105433718301356
B05-MPV-GEN-jerry-any-10s.jsonl,jerry,Jerry pivot/fix-point greedy,MPV-GEN-T9-N60-R10,9,60,10,10.0,VALID_COMPLETE,True,4,,,COMPLETED,0.8098452540580183
B05-MPV-GEN-jerry-any-10s.jsonl,jerry,Jerry pivot/fix-point greedy,MPV-GEN-T9-N90-R01,9,90,1,10.0,VALID_COMPLETE,True,4,,,COMPLETED,0.9369788388721645
B05-MPV-GEN-jerry-any-10s.jsonl,jerry,Jerry pivot/fix-point greedy,MPV-GEN-T9-N90-R02,9,90,2,10.0,VALID_COMPLETE,True,4,,,COMPLETED,0.9498266470618546
B05-MPV-GEN-jerry-any-10s.jsonl,jerry,Jerry pivot/fix-point greedy,MPV-GEN-T9-N90-R03,9,90,3,10.0,VALID_COMPLETE,True,4,,,COMPLETED,0.996200897032395
B05-MPV-GEN-jerry-any-10s.jsonl,jerry,Jerry pivot/fix-point greedy,MPV-GEN-T9-N90-R04,9,90,4,10.0,VALID_COMPLETE,True,4,,,COMPLETED,0.9172746289987117
B05-MPV-GEN-jerry-any-10s.jsonl,jerry,Jerry pivot/fix-point greedy,MPV-GEN-T9-N90-R05,9,90,5,10.0,VALID_COMPLETE,True,5,,,COMPLETED,1.018882384058088
B05-MPV-GEN-jerry-any-10s.jsonl,jerry,Jerry pivot/fix-point greedy,MPV-GEN-T9-N90-R06,9,90,6,10.0,VALID_COMPLETE,True,5,,,COMPLETED,0.971367214107886
B05-MPV-GEN-jerry-any-10s.jsonl,jerry,Jerry pivot/fix-point greedy,MPV-GEN-T9-N90-R07,9,90,7,10.0,VALID_COMPLETE,True,4,,,COMPLETED,0.9158577660564333
B05-MPV-GEN-jerry-any-10s.jsonl,jerry,Jerry pivot/fix-point greedy,MPV-GEN-T9-N90-R08,9,90,8,10.0,VALID_COMPLETE,True,4,,,COMPLETED,0.9234564520884305
B05-MPV-GEN-jerry-any-10s.jsonl,jerry,Jerry pivot/fix-point greedy,MPV-GEN-T9-N90-R09,9,90,9,10.0,VALID_COMPLETE,True,4,,,COMPLETED,0.8451063898392022
B05-MPV-GEN-jerry-any-10s.jsonl,jerry,Jerry pivot/fix-point greedy,MPV-GEN-T9-N90-R10,9,90,10,10.0,VALID_COMPLETE,True,5,,,COMPLETED,0.8320060200057924
B05-MPV-GEN-jerry-any-1s.jsonl,jerry,Jerry pivot/fix-point greedy,MPV-GEN-T1-N30-R01,1,30,1,1.0,VALID_COMPLETE,True,9,,,COMPLETED,0.6675967290066183
B05-MPV-GEN-jerry-any-1s.jsonl,jerry,Jerry pivot/fix-point greedy,MPV-GEN-T1-N30-R02,1,30,2,1.0,VALID_COMPLETE,True,11,,,COMPLETED,0.6945839070249349
B05-MPV-GEN-jerry-any-1s.jsonl,jerry,Jerry pivot/fix-point greedy,MPV-GEN-T1-N30-R03,1,30,3,1.0,VALID_COMPLETE,True,7,,,COMPLETED,0.6719637829810381
B05-MPV-GEN-jerry-any-1s.jsonl,jerry,Jerry pivot/fix-point greedy,MPV-GEN-T1-N30-R04,1,30,4,1.0,VALID_COMPLETE,True,7,,,COMPLETED,0.664948628982529
B05-MPV-GEN-jerry-any-1s.jsonl,jerry,Jerry pivot/fix-point greedy,MPV-GEN-T1-N30-R05,1,30,5,1.0,VALID_COMPLETE,True,9,,,COMPLETED,0.6920449018944055
B05-MPV-GEN-jerry-any-1s.jsonl,jerry,Jerry pivot/fix-point greedy,MPV-GEN-T1-N30-R06,1,30,6,1.0,VALID_COMPLETE,True,7,,,COMPLETED,0.6836634271312505
B05-MPV-GEN-jerry-any-1s.jsonl,jerry,Jerry pivot/fix-point greedy,MPV-GEN-T1-N30-R07,1,30,7,1.0,VALID_COMPLETE,True,6,,,COMPLETED,0.6887049130164087
B05-MPV-GEN-jerry-any-1s.jsonl,jerry,Jerry pivot/fix-point greedy,MPV-GEN-T1-N30-R08,1,30,8,1.0,VALID_COMPLETE,True,8,,,COMPLETED,0.6946423780173063
B05-MPV-GEN-jerry-any-1s.jsonl,jerry,Jerry pivot/fix-point greedy,MPV-GEN-T1-N30-R09,1,30,9,1.0,VALID_COMPLETE,True,9,,,COMPLETED,0.5823985401075333
B05-MPV-GEN-jerry-any-1s.jsonl,jerry,Jerry pivot/fix-point greedy,MPV-GEN-T1-N30-R10,1,30,10,1.0,VALID_COMPLETE,True,7,,,COMPLETED,0.6440429461654276
B05-MPV-GEN-jerry-any-1s.jsonl,jerry,Jerry pivot/fix-point greedy,MPV-GEN-T1-N60-R01,1,60,1,1.0,VALID_COMPLETE,True,14,,,COMPLETED,0.738598879892379
B05-MPV-GEN-jerry-any-1s.jsonl,jerry,Jerry pivot/fix-point greedy,MPV-GEN-T1-N60-R02,1,60,2,1.0,VALID_COMPLETE,True,14,,,COMPLETED,0.7340834320057184
B05-MPV-GEN-jerry-any-1s.jsonl,jerry,Jerry pivot/fix-point greedy,MPV-GEN-T1-N60-R03,1,60,3,1.0,VALID_COMPLETE,True,16,,,COMPLETED,0.7398093449883163
B05-MPV-GEN-jerry-any-1s.jsonl,jerry,Jerry pivot/fix-point greedy,MPV-GEN-T1-N60-R04,1,60,4,1.0,VALID_COMPLETE,True,12,,,COMPLETED,0.7463617611210793
B05-MPV-GEN-jerry-any-1s.jsonl,jerry,Jerry pivot/fix-point greedy,MPV-GEN-T1-N60-R05,1,60,5,1.0,VALID_COMPLETE,True,16,,,COMPLETED,0.7335400860756636
B05-MPV-GEN-jerry-any-1s.jsonl,jerry,Jerry pivot/fix-point greedy,MPV-GEN-T1-N60-R06,1,60,6,1.0,VALID_COMPLETE,True,14,,,COMPLETED,0.721708512166515
B05-MPV-GEN-jerry-any-1s.jsonl,jerry,Jerry pivot/fix-point greedy,MPV-GEN-T1-N60-R07,1,60,7,1.0,VALID_COMPLETE,True,15,,,COMPLETED,0.7238928729202598
B05-MPV-GEN-jerry-any-1s.jsonl,jerry,Jerry pivot/fix-point greedy,MPV-GEN-T1-N60-R08,1,60,8,1.0,VALID_COMPLETE,True,17,,,COMPLETED,0.6957870610058308
B05-MPV-GEN-jerry-any-1s.jsonl,jerry,Jerry pivot/fix-point greedy,MPV-GEN-T1-N60-R09,1,60,9,1.0,VALID_COMPLETE,True,15,,,COMPLETED,0.6739287450909615
B05-MPV-GEN-jerry-any-1s.jsonl,jerry,Jerry pivot/fix-point greedy,MPV-GEN-T1-N60-R10,1,60,10,1.0,VALID_COMPLETE,True,15,,,COMPLETED,0.6849651630036533
B05-MPV-GEN-jerry-any-1s.jsonl,jerry,Jerry pivot/fix-point greedy,MPV-GEN-T1-N90-R01,1,90,1,1.0,VALID_COMPLETE,True,27,,,COMPLETED,0.7728077881038189
B05-MPV-GEN-jerry-any-1s.jsonl,jerry,Jerry pivot/fix-point greedy,MPV-GEN-T1-N90-R02,1,90,2,1.0,VALID_COMPLETE,True,23,,,COMPLETED,0.7810232141055167
B05-MPV-GEN-jerry-any-1s.jsonl,jerry,Jerry pivot/fix-point greedy,MPV-GEN-T1-N90-R03,1,90,3,1.0,VALID_COMPLETE,True,23,,,COMPLETED,0.7788900900632143
B05-MPV-GEN-jerry-any-1s.jsonl,jerry,Jerry pivot/fix-point greedy,MPV-GEN-T1-N90-R04,1,90,4,1.0,VALID_COMPLETE,True,21,,,COMPLETED,0.8054255549795926
B05-MPV-GEN-jerry-any-1s.jsonl,jerry,Jerry pivot/fix-point greedy,MPV-GEN-T1-N90-R05,1,90,5,1.0,VALID_COMPLETE,True,25,,,COMPLETED,0.8086725429166108
B05-MPV-GEN-jerry-any-1s.jsonl,jerry,Jerry pivot/fix-point greedy,MPV-GEN-T1-N90-R06,1,90,6,1.0,VALID_COMPLETE,True,24,,,COMPLETED,0.7640903790015727
B05-MPV-GEN-jerry-any-1s.jsonl,jerry,Jerry pivot/fix-point greedy,MPV-GEN-T1-N90-R07,1,90,7,1.0,VALID_COMPLETE,True,21,,,COMPLETED,0.8273493230808526
B05-MPV-GEN-jerry-any-1s.jsonl,jerry,Jerry pivot/fix-point greedy,MPV-GEN-T1-N90-R08,1,90,8,1.0,VALID_COMPLETE,True,25,,,COMPLETED,0.8180445558391511
B05-MPV-GEN-jerry-any-1s.jsonl,jerry,Jerry pivot/fix-point greedy,MPV-GEN-T1-N90-R09,1,90,9,1.0,VALID_COMPLETE,True,26,,,COMPLETED,0.8011476688552648
B05-MPV-GEN-jerry-any-1s.jsonl,jerry,Jerry pivot/fix-point greedy,MPV-GEN-T1-N90-R10,1,90,10,1.0,VALID_COMPLETE,True,23,,,COMPLETED,0.8159955651499331
B05-MPV-GEN-jerry-any-1s.jsonl,jerry,Jerry pivot/fix-point greedy,MPV-GEN-T6-N30-R01,6,30,1,1.0,VALID_COMPLETE,True,1,,,COMPLETED,0.7377505451440811
B05-MPV-GEN-jerry-any-1s.jsonl,jerry,Jerry pivot/fix-point greedy,MPV-GEN-T6-N30-R02,6,30,2,1.0,VALID_COMPLETE,True,1,,,COMPLETED,0.712684083962813
B05-MPV-GEN-jerry-any-1s.jsonl,jerry,Jerry pivot/fix-point greedy,MPV-GEN-T6-N30-R03,6,30,3,1.0,VALID_COMPLETE,True,1,,,COMPLETED,0.7231584538239986
B05-MPV-GEN-jerry-any-1s.jsonl,jerry,Jerry pivot/fix-point greedy,MPV-GEN-T6-N30-R04,6,30,4,1.0,VALID_COMPLETE,True,1,,,COMPLETED,0.7068138520698994
B05-MPV-GEN-jerry-any-1s.jsonl,jerry,Jerry pivot/fix-point greedy,MPV-GEN-T6-N30-R05,6,30,5,1.0,VALID_COMPLETE,True,1,,,COMPLETED,0.7383203769568354
B05-MPV-GEN-jerry-any-1s.jsonl,jerry,Jerry pivot/fix-point greedy,MPV-GEN-T6-N30-R06,6,30,6,1.0,VALID_COMPLETE,True,1,,,COMPLETED,0.716771287843585
B05-MPV-GEN-jerry-any-1s.jsonl,jerry,Jerry pivot/fix-point greedy,MPV-GEN-T6-N30-R07,6,30,7,1.0,VALID_COMPLETE,True,1,,,COMPLETED,0.7364585918840021
B05-MPV-GEN-jerry-any-1s.jsonl,jerry,Jerry pivot/fix-point greedy,MPV-GEN-T6-N30-R08,6,30,8,1.0,VALID_COMPLETE,True,1,,,COMPLETED,0.698227504035458
B05-MPV-GEN-jerry-any-1s.jsonl,jerry,Jerry pivot/fix-point greedy,MPV-GEN-T6-N30-R09,6,30,9,1.0,VALID_COMPLETE,True,1,,,COMPLETED,0.7218621959909797
B05-MPV-GEN-jerry-any-1s.jsonl,jerry,Jerry pivot/fix-point greedy,MPV-GEN-T6-N30-R10,6,30,10,1.0,VALID_COMPLETE,True,1,,,COMPLETED,0.7212776830419898
B05-MPV-GEN-jerry-any-1s.jsonl,jerry,Jerry pivot/fix-point greedy,MPV-GEN-T6-N60-R01,6,60,1,1.0,VALID_COMPLETE,True,1,,,COMPLETED,0.8808083101175725
B05-MPV-GEN-jerry-any-1s.jsonl,jerry,Jerry pivot/fix-point greedy,MPV-GEN-T6-N60-R02,6,60,2,1.0,VALID_COMPLETE,True,1,,,COMPLETED,0.8924871881026775
B05-MPV-GEN-jerry-any-1s.jsonl,jerry,Jerry pivot/fix-point greedy,MPV-GEN-T6-N60-R03,6,60,3,1.0,VALID_COMPLETE,True,1,,,COMPLETED,0.9579478488303721
B05-MPV-GEN-jerry-any-1s.jsonl,jerry,Jerry pivot/fix-point greedy,MPV-GEN-T6-N60-R04,6,60,4,1.0,VALID_COMPLETE,True,1,,,COMPLETED,0.9617591809947044
B05-MPV-GEN-jerry-any-1s.jsonl,jerry,Jerry pivot/fix-point greedy,MPV-GEN-T6-N60-R05,6,60,5,1.0,VALID_COMPLETE,True,1,,,COMPLETED,0.9403545130044222
B05-MPV-GEN-jerry-any-1s.jsonl,jerry,Jerry pivot/fix-point greedy,MPV-GEN-T6-N60-R06,6,60,6,1.0,VALID_COMPLETE,True,1,,,COMPLETED,0.939806813839823
B05-MPV-GEN-jerry-any-1s.jsonl,jerry,Jerry pivot/fix-point greedy,MPV-GEN-T6-N60-R07,6,60,7,1.0,VALID_COMPLETE,True,1,,,COMPLETED,0.9251735410653055
B05-MPV-GEN-jerry-any-1s.jsonl,jerry,Jerry pivot/fix-point greedy,MPV-GEN-T6-N60-R08,6,60,8,1.0,VALID_COMPLETE,True,1,,,COMPLETED,0.911711237160489
B05-MPV-GEN-jerry-any-1s.jsonl,jerry,Jerry pivot/fix-point greedy,MPV-GEN-T6-N60-R09,6,60,9,1.0,VALID_COMPLETE,True,1,,,COMPLETED,0.8464298129547387
B05-MPV-GEN-jerry-any-1s.jsonl,jerry,Jerry pivot/fix-point greedy,MPV-GEN-T6-N60-R10,6,60,10,1.0,VALID_COMPLETE,True,1,,,COMPLETED,0.8884098841808736
B05-MPV-GEN-jerry-any-1s.jsonl,jerry,Jerry pivot/fix-point greedy,MPV-GEN-T6-N90-R01,6,90,1,1.0,VALID_COMPLETE,True,1,,,COMPLETED,1.4147263150662184
B05-MPV-GEN-jerry-any-1s.jsonl,jerry,Jerry pivot/fix-point greedy,MPV-GEN-T6-N90-R02,6,90,2,1.0,VALID_COMPLETE,True,1,,,COMPLETED,1.444635045947507
B05-MPV-GEN-jerry-any-1s.jsonl,jerry,Jerry pivot/fix-point greedy,MPV-GEN-T6-N90-R03,6,90,3,1.0,VALID_COMPLETE,True,1,,,COMPLETED,1.4672935211565346
B05-MPV-GEN-jerry-any-1s.jsonl,jerry,Jerry pivot/fix-point greedy,MPV-GEN-T6-N90-R04,6,90,4,1.0,VALID_COMPLETE,True,1,,,COMPLETED,1.3651022559497505
B05-MPV-GEN-jerry-any-1s.jsonl,jerry,Jerry pivot/fix-point greedy,MPV-GEN-T6-N90-R05,6,90,5,1.0,VALID_COMPLETE,True,1,,,COMPLETED,1.4421228780411184
B05-MPV-GEN-jerry-any-1s.jsonl,jerry,Jerry pivot/fix-point greedy,MPV-GEN-T6-N90-R06,6,90,6,1.0,VALID_COMPLETE,True,1,,,COMPLETED,1.4249713059980422
B05-MPV-GEN-jerry-any-1s.jsonl,jerry,Jerry pivot/fix-point greedy,MPV-GEN-T6-N90-R07,6,90,7,1.0,VALID_COMPLETE,True,1,,,COMPLETED,1.3802573319990188
B05-MPV-GEN-jerry-any-1s.jsonl,jerry,Jerry pivot/fix-point greedy,MPV-GEN-T6-N90-R08,6,90,8,1.0,VALID_COMPLETE,True,1,,,COMPLETED,1.3418227329384536
B05-MPV-GEN-jerry-any-1s.jsonl,jerry,Jerry pivot/fix-point greedy,MPV-GEN-T6-N90-R09,6,90,9,1.0,VALID_COMPLETE,True,1,,,COMPLETED,1.4379158769734204
B05-MPV-GEN-jerry-any-1s.jsonl,jerry,Jerry pivot/fix-point greedy,MPV-GEN-T6-N90-R10,6,90,10,1.0,VALID_COMPLETE,True,1,,,COMPLETED,1.50613684207201
B05-MPV-GEN-jerry-any-1s.jsonl,jerry,Jerry pivot/fix-point greedy,MPV-GEN-T7-N30-R01,7,30,1,1.0,VALID_COMPLETE,True,1,,,COMPLETED,0.661740445997566
B05-MPV-GEN-jerry-any-1s.jsonl,jerry,Jerry pivot/fix-point greedy,MPV-GEN-T7-N30-R02,7,30,2,1.0,VALID_COMPLETE,True,1,,,COMPLETED,0.7180423380341381
B05-MPV-GEN-jerry-any-1s.jsonl,jerry,Jerry pivot/fix-point greedy,MPV-GEN-T7-N30-R03,7,30,3,1.0,VALID_COMPLETE,True,1,,,COMPLETED,0.6850819699466228
B05-MPV-GEN-jerry-any-1s.jsonl,jerry,Jerry pivot/fix-point greedy,MPV-GEN-T7-N30-R04,7,30,4,1.0,VALID_COMPLETE,True,1,,,COMPLETED,0.6821599658578634
B05-MPV-GEN-jerry-any-1s.jsonl,jerry,Jerry pivot/fix-point greedy,MPV-GEN-T7-N30-R05,7,30,5,1.0,VALID_COMPLETE,True,1,,,COMPLETED,0.7015470101032406
B05-MPV-GEN-jerry-any-1s.jsonl,jerry,Jerry pivot/fix-point greedy,MPV-GEN-T7-N30-R06,7,30,6,1.0,VALID_COMPLETE,True,1,,,COMPLETED,0.70997658604756
B05-MPV-GEN-jerry-any-1s.jsonl,jerry,Jerry pivot/fix-point greedy,MPV-GEN-T7-N30-R07,7,30,7,1.0,VALID_COMPLETE,True,1,,,COMPLETED,0.6870572462212294
B05-MPV-GEN-jerry-any-1s.jsonl,jerry,Jerry pivot/fix-point greedy,MPV-GEN-T7-N30-R08,7,30,8,1.0,VALID_COMPLETE,True,1,,,COMPLETED,0.7381372251547873
B05-MPV-GEN-jerry-any-1s.jsonl,jerry,Jerry pivot/fix-point greedy,MPV-GEN-T7-N30-R09,7,30,9,1.0,VALID_COMPLETE,True,1,,,COMPLETED,0.7319380950648338
B05-MPV-GEN-jerry-any-1s.jsonl,jerry,Jerry pivot/fix-point greedy,MPV-GEN-T7-N30-R10,7,30,10,1.0,VALID_COMPLETE,True,1,,,COMPLETED,0.7307641659863293
B05-MPV-GEN-jerry-any-1s.jsonl,jerry,Jerry pivot/fix-point greedy,MPV-GEN-T7-N60-R01,7,60,1,1.0,VALID_COMPLETE,True,1,,,COMPLETED,0.8732918640598655
B05-MPV-GEN-jerry-any-1s.jsonl,jerry,Jerry pivot/fix-point greedy,MPV-GEN-T7-N60-R02,7,60,2,1.0,VALID_COMPLETE,True,1,,,COMPLETED,0.9232189818285406
B05-MPV-GEN-jerry-any-1s.jsonl,jerry,Jerry pivot/fix-point greedy,MPV-GEN-T7-N60-R03,7,60,3,1.0,VALID_COMPLETE,True,1,,,COMPLETED,0.9196171718649566
B05-MPV-GEN-jerry-any-1s.jsonl,jerry,Jerry pivot/fix-point greedy,MPV-GEN-T7-N60-R04,7,60,4,1.0,VALID_COMPLETE,True,1,,,COMPLETED,0.9007937400601804
B05-MPV-GEN-jerry-any-1s.jsonl,jerry,Jerry pivot/fix-point greedy,MPV-GEN-T7-N60-R05,7,60,5,1.0,VALID_COMPLETE,True,1,,,COMPLETED,0.9397294819355011
B05-MPV-GEN-jerry-any-1s.jsonl,jerry,Jerry pivot/fix-point greedy,MPV-GEN-T7-N60-R06,7,60,6,1.0,VALID_COMPLETE,True,1,,,COMPLETED,1.0291437050327659
B05-MPV-GEN-jerry-any-1s.jsonl,jerry,Jerry pivot/fix-point greedy,MPV-GEN-T7-N60-R07,7,60,7,1.0,VALID_COMPLETE,True,1,,,COMPLETED,0.992119946051389
B05-MPV-GEN-jerry-any-1s.jsonl,jerry,Jerry pivot/fix-point greedy,MPV-GEN-T7-N60-R08,7,60,8,1.0,VALID_COMPLETE,True,1,,,COMPLETED,0.9946601740084589
B05-MPV-GEN-jerry-any-1s.jsonl,jerry,Jerry pivot/fix-point greedy,MPV-GEN-T7-N60-R09,7,60,9,1.0,VALID_COMPLETE,True,1,,,COMPLETED,0.945391371846199
B05-MPV-GEN-jerry-any-1s.jsonl,jerry,Jerry pivot/fix-point greedy,MPV-GEN-T7-N60-R10,7,60,10,1.0,VALID_COMPLETE,True,1,,,COMPLETED,0.983222940005362
B05-MPV-GEN-jerry-any-1s.jsonl,jerry,Jerry pivot/fix-point greedy,MPV-GEN-T7-N90-R01,7,90,1,1.0,VALID_COMPLETE,True,1,,,COMPLETED,1.5906833151821047
B05-MPV-GEN-jerry-any-1s.jsonl,jerry,Jerry pivot/fix-point greedy,MPV-GEN-T7-N90-R02,7,90,2,1.0,VALID_COMPLETE,True,1,,,COMPLETED,1.6189537171740085
B05-MPV-GEN-jerry-any-1s.jsonl,jerry,Jerry pivot/fix-point greedy,MPV-GEN-T7-N90-R03,7,90,3,1.0,VALID_COMPLETE,True,1,,,COMPLETED,1.4535105349496007
B05-MPV-GEN-jerry-any-1s.jsonl,jerry,Jerry pivot/fix-point greedy,MPV-GEN-T7-N90-R04,7,90,4,1.0,VALID_COMPLETE,True,1,,,COMPLETED,1.4746516910381615
B05-MPV-GEN-jerry-any-1s.jsonl,jerry,Jerry pivot/fix-point greedy,MPV-GEN-T7-N90-R05,7,90,5,1.0,VALID_COMPLETE,True,1,,,COMPLETED,1.4441303589846939
B05-MPV-GEN-jerry-any-1s.jsonl,jerry,Jerry pivot/fix-point greedy,MPV-GEN-T7-N90-R06,7,90,6,1.0,VALID_COMPLETE,True,1,,,COMPLETED,1.4163792971521616
B05-MPV-GEN-jerry-any-1s.jsonl,jerry,Jerry pivot/fix-point greedy,MPV-GEN-T7-N90-R07,7,90,7,1.0,VALID_COMPLETE,True,1,,,COMPLETED,1.4099174218717963
B05-MPV-GEN-jerry-any-1s.jsonl,jerry,Jerry pivot/fix-point greedy,MPV-GEN-T7-N90-R08,7,90,8,1.0,VALID_COMPLETE,True,1,,,COMPLETED,1.4202922380063683
B05-MPV-GEN-jerry-any-1s.jsonl,jerry,Jerry pivot/fix-point greedy,MPV-GEN-T7-N90-R09,7,90,9,1.0,VALID_COMPLETE,True,1,,,COMPLETED,1.60625055199489
B05-MPV-GEN-jerry-any-1s.jsonl,jerry,Jerry pivot/fix-point greedy,MPV-GEN-T7-N90-R10,7,90,10,1.0,VALID_COMPLETE,True,1,,,COMPLETED,1.5335357359144837
B05-MPV-GEN-jerry-any-1s.jsonl,jerry,Jerry pivot/fix-point greedy,MPV-GEN-T8-N30-R01,8,30,1,1.0,VALID_COMPLETE,True,5,,,COMPLETED,0.6583449530880898
B05-MPV-GEN-jerry-any-1s.jsonl,jerry,Jerry pivot/fix-point greedy,MPV-GEN-T8-N30-R02,8,30,2,1.0,VALID_COMPLETE,True,5,,,COMPLETED,0.6511609780136496
B05-MPV-GEN-jerry-any-1s.jsonl,jerry,Jerry pivot/fix-point greedy,MPV-GEN-T8-N30-R03,8,30,3,1.0,VALID_COMPLETE,True,7,,,COMPLETED,0.6837171029765159
B05-MPV-GEN-jerry-any-1s.jsonl,jerry,Jerry pivot/fix-point greedy,MPV-GEN-T8-N30-R04,8,30,4,1.0,VALID_COMPLETE,True,4,,,COMPLETED,0.6684835141059011
B05-MPV-GEN-jerry-any-1s.jsonl,jerry,Jerry pivot/fix-point greedy,MPV-GEN-T8-N30-R05,8,30,5,1.0,VALID_COMPLETE,True,6,,,COMPLETED,0.6514303989242762
B05-MPV-GEN-jerry-any-1s.jsonl,jerry,Jerry pivot/fix-point greedy,MPV-GEN-T8-N30-R06,8,30,6,1.0,VALID_COMPLETE,True,6,,,COMPLETED,0.6940604189876467
B05-MPV-GEN-jerry-any-1s.jsonl,jerry,Jerry pivot/fix-point greedy,MPV-GEN-T8-N30-R07,8,30,7,1.0,VALID_COMPLETE,True,5,,,COMPLETED,0.7018757960759103
B05-MPV-GEN-jerry-any-1s.jsonl,jerry,Jerry pivot/fix-point greedy,MPV-GEN-T8-N30-R08,8,30,8,1.0,VALID_COMPLETE,True,5,,,COMPLETED,0.6839715698733926
B05-MPV-GEN-jerry-any-1s.jsonl,jerry,Jerry pivot/fix-point greedy,MPV-GEN-T8-N30-R09,8,30,9,1.0,VALID_COMPLETE,True,8,,,COMPLETED,0.6974274930544198
B05-MPV-GEN-jerry-any-1s.jsonl,jerry,Jerry pivot/fix-point greedy,MPV-GEN-T8-N30-R10,8,30,10,1.0,VALID_COMPLETE,True,5,,,COMPLETED,0.7162303410004824
B05-MPV-GEN-jerry-any-1s.jsonl,jerry,Jerry pivot/fix-point greedy,MPV-GEN-T8-N60-R01,8,60,1,1.0,VALID_COMPLETE,True,12,,,COMPLETED,0.7376815332099795
B05-MPV-GEN-jerry-any-1s.jsonl,jerry,Jerry pivot/fix-point greedy,MPV-GEN-T8-N60-R02,8,60,2,1.0,VALID_COMPLETE,True,13,,,COMPLETED,0.7160042400937527
B05-MPV-GEN-jerry-any-1s.jsonl,jerry,Jerry pivot/fix-point greedy,MPV-GEN-T8-N60-R03,8,60,3,1.0,VALID_COMPLETE,True,12,,,COMPLETED,0.7695625352207571
B05-MPV-GEN-jerry-any-1s.jsonl,jerry,Jerry pivot/fix-point greedy,MPV-GEN-T8-N60-R04,8,60,4,1.0,VALID_COMPLETE,True,8,,,COMPLETED,0.7806660200003535
B05-MPV-GEN-jerry-any-1s.jsonl,jerry,Jerry pivot/fix-point greedy,MPV-GEN-T8-N60-R05,8,60,5,1.0,VALID_COMPLETE,True,11,,,COMPLETED,0.742798768915236
B05-MPV-GEN-jerry-any-1s.jsonl,jerry,Jerry pivot/fix-point greedy,MPV-GEN-T8-N60-R06,8,60,6,1.0,VALID_COMPLETE,True,10,,,COMPLETED,0.7475007059983909
B05-MPV-GEN-jerry-any-1s.jsonl,jerry,Jerry pivot/fix-point greedy,MPV-GEN-T8-N60-R07,8,60,7,1.0,VALID_COMPLETE,True,10,,,COMPLETED,0.7494756469968706
B05-MPV-GEN-jerry-any-1s.jsonl,jerry,Jerry pivot/fix-point greedy,MPV-GEN-T8-N60-R08,8,60,8,1.0,VALID_COMPLETE,True,8,,,COMPLETED,0.7690013388637453
B05-MPV-GEN-jerry-any-1s.jsonl,jerry,Jerry pivot/fix-point greedy,MPV-GEN-T8-N60-R09,8,60,9,1.0,VALID_COMPLETE,True,11,,,COMPLETED,0.7391555639915168
B05-MPV-GEN-jerry-any-1s.jsonl,jerry,Jerry pivot/fix-point greedy,MPV-GEN-T8-N60-R10,8,60,10,1.0,VALID_COMPLETE,True,11,,,COMPLETED,0.7534070550464094
B05-MPV-GEN-jerry-any-1s.jsonl,jerry,Jerry pivot/fix-point greedy,MPV-GEN-T8-N90-R01,8,90,1,1.0,VALID_COMPLETE,True,11,,,COMPLETED,0.8942202709149569
B05-MPV-GEN-jerry-any-1s.jsonl,jerry,Jerry pivot/fix-point greedy,MPV-GEN-T8-N90-R02,8,90,2,1.0,VALID_COMPLETE,True,11,,,COMPLETED,0.8852517751511186
B05-MPV-GEN-jerry-any-1s.jsonl,jerry,Jerry pivot/fix-point greedy,MPV-GEN-T8-N90-R03,8,90,3,1.0,VALID_COMPLETE,True,16,,,COMPLETED,0.833659027935937
B05-MPV-GEN-jerry-any-1s.jsonl,jerry,Jerry pivot/fix-point greedy,MPV-GEN-T8-N90-R04,8,90,4,1.0,VALID_COMPLETE,True,15,,,COMPLETED,0.8420342339668423
B05-MPV-GEN-jerry-any-1s.jsonl,jerry,Jerry pivot/fix-point greedy,MPV-GEN-T8-N90-R05,8,90,5,1.0,VALID_COMPLETE,True,15,,,COMPLETED,0.8320156650152057
B05-MPV-GEN-jerry-any-1s.jsonl,jerry,Jerry pivot/fix-point greedy,MPV-GEN-T8-N90-R06,8,90,6,1.0,VALID_COMPLETE,True,16,,,COMPLETED,0.8168872650712729
B05-MPV-GEN-jerry-any-1s.jsonl,jerry,Jerry pivot/fix-point greedy,MPV-GEN-T8-N90-R07,8,90,7,1.0,VALID_COMPLETE,True,14,,,COMPLETED,0.8231558699626476
B05-MPV-GEN-jerry-any-1s.jsonl,jerry,Jerry pivot/fix-point greedy,MPV-GEN-T8-N90-R08,8,90,8,1.0,VALID_COMPLETE,True,13,,,COMPLETED,0.8522267239168286
B05-MPV-GEN-jerry-any-1s.jsonl,jerry,Jerry pivot/fix-point greedy,MPV-GEN-T8-N90-R09,8,90,9,1.0,VALID_COMPLETE,True,16,,,COMPLETED,0.890496077015996
B05-MPV-GEN-jerry-any-1s.jsonl,jerry,Jerry pivot/fix-point greedy,MPV-GEN-T8-N90-R10,8,90,10,1.0,VALID_COMPLETE,True,14,,,COMPLETED,0.8812268390320241
B05-MPV-GEN-jerry-any-1s.jsonl,jerry,Jerry pivot/fix-point greedy,MPV-GEN-T9-N30-R01,9,30,1,1.0,VALID_COMPLETE,True,4,,,COMPLETED,0.6999729238450527
B05-MPV-GEN-jerry-any-1s.jsonl,jerry,Jerry pivot/fix-point greedy,MPV-GEN-T9-N30-R02,9,30,2,1.0,VALID_COMPLETE,True,4,,,COMPLETED,0.6939851099159569
B05-MPV-GEN-jerry-any-1s.jsonl,jerry,Jerry pivot/fix-point greedy,MPV-GEN-T9-N30-R03,9,30,3,1.0,VALID_COMPLETE,True,4,,,COMPLETED,0.7434284489136189
B05-MPV-GEN-jerry-any-1s.jsonl,jerry,Jerry pivot/fix-point greedy,MPV-GEN-T9-N30-R04,9,30,4,1.0,VALID_COMPLETE,True,4,,,COMPLETED,0.728158731944859
B05-MPV-GEN-jerry-any-1s.jsonl,jerry,Jerry pivot/fix-point greedy,MPV-GEN-T9-N30-R05,9,30,5,1.0,VALID_COMPLETE,True,4,,,COMPLETED,0.6709463018923998
B05-MPV-GEN-jerry-any-1s.jsonl,jerry,Jerry pivot/fix-point greedy,MPV-GEN-T9-N30-R06,9,30,6,1.0,VALID_COMPLETE,True,4,,,COMPLETED,0.7120938908774406
B05-MPV-GEN-jerry-any-1s.jsonl,jerry,Jerry pivot/fix-point greedy,MPV-GEN-T9-N30-R07,9,30,7,1.0,VALID_COMPLETE,True,4,,,COMPLETED,0.6871438890229911
B05-MPV-GEN-jerry-any-1s.jsonl,jerry,Jerry pivot/fix-point greedy,MPV-GEN-T9-N30-R08,9,30,8,1.0,VALID_COMPLETE,True,4,,,COMPLETED,0.7304136760067195
B05-MPV-GEN-jerry-any-1s.jsonl,jerry,Jerry pivot/fix-point greedy,MPV-GEN-T9-N30-R09,9,30,9,1.0,VALID_COMPLETE,True,4,,,COMPLETED,0.7008180478587747
B05-MPV-GEN-jerry-any-1s.jsonl,jerry,Jerry pivot/fix-point greedy,MPV-GEN-T9-N30-R10,9,30,10,1.0,VALID_COMPLETE,True,5,,,COMPLETED,0.6775065788533539
B05-MPV-GEN-jerry-any-1s.jsonl,jerry,Jerry pivot/fix-point greedy,MPV-GEN-T9-N60-R01,9,60,1,1.0,VALID_COMPLETE,True,4,,,COMPLETED,0.8178292259108275
B05-MPV-GEN-jerry-any-1s.jsonl,jerry,Jerry pivot/fix-point greedy,MPV-GEN-T9-N60-R02,9,60,2,1.0,VALID_COMPLETE,True,4,,,COMPLETED,0.7710931980982423
B05-MPV-GEN-jerry-any-1s.jsonl,jerry,Jerry pivot/fix-point greedy,MPV-GEN-T9-N60-R03,9,60,3,1.0,VALID_COMPLETE,True,4,,,COMPLETED,0.818524775095284
B05-MPV-GEN-jerry-any-1s.jsonl,jerry,Jerry pivot/fix-point greedy,MPV-GEN-T9-N60-R04,9,60,4,1.0,VALID_COMPLETE,True,4,,,COMPLETED,0.7714031198993325
B05-MPV-GEN-jerry-any-1s.jsonl,jerry,Jerry pivot/fix-point greedy,MPV-GEN-T9-N60-R05,9,60,5,1.0,VALID_COMPLETE,True,4,,,COMPLETED,0.8200849811546504
B05-MPV-GEN-jerry-any-1s.jsonl,jerry,Jerry pivot/fix-point greedy,MPV-GEN-T9-N60-R06,9,60,6,1.0,VALID_COMPLETE,True,5,,,COMPLETED,0.8031106281559914
B05-MPV-GEN-jerry-any-1s.jsonl,jerry,Jerry pivot/fix-point greedy,MPV-GEN-T9-N60-R07,9,60,7,1.0,VALID_COMPLETE,True,4,,,COMPLETED,0.817544172052294
B05-MPV-GEN-jerry-any-1s.jsonl,jerry,Jerry pivot/fix-point greedy,MPV-GEN-T9-N60-R08,9,60,8,1.0,VALID_COMPLETE,True,4,,,COMPLETED,0.7893741319421679
B05-MPV-GEN-jerry-any-1s.jsonl,jerry,Jerry pivot/fix-point greedy,MPV-GEN-T9-N60-R09,9,60,9,1.0,VALID_COMPLETE,True,4,,,COMPLETED,0.8325353178661317
B05-MPV-GEN-jerry-any-1s.jsonl,jerry,Jerry pivot/fix-point greedy,MPV-GEN-T9-N60-R10,9,60,10,1.0,VALID_COMPLETE,True,4,,,COMPLETED,0.7892181689385325
B05-MPV-GEN-jerry-any-1s.jsonl,jerry,Jerry pivot/fix-point greedy,MPV-GEN-T9-N90-R01,9,90,1,1.0,VALID_COMPLETE,True,4,,,COMPLETED,0.9805030089337379
B05-MPV-GEN-jerry-any-1s.jsonl,jerry,Jerry pivot/fix-point greedy,MPV-GEN-T9-N90-R02,9,90,2,1.0,VALID_COMPLETE,True,4,,,COMPLETED,1.0025293088983744
B05-MPV-GEN-jerry-any-1s.jsonl,jerry,Jerry pivot/fix-point greedy,MPV-GEN-T9-N90-R03,9,90,3,1.0,VALID_COMPLETE,True,4,,,COMPLETED,1.0229271929711103
B05-MPV-GEN-jerry-any-1s.jsonl,jerry,Jerry pivot/fix-point greedy,MPV-GEN-T9-N90-R04,9,90,4,1.0,VALID_COMPLETE,True,4,,,COMPLETED,0.9888938500080258
B05-MPV-GEN-jerry-any-1s.jsonl,jerry,Jerry pivot/fix-point greedy,MPV-GEN-T9-N90-R05,9,90,5,1.0,VALID_COMPLETE,True,5,,,COMPLETED,1.0635217840317637
B05-MPV-GEN-jerry-any-1s.jsonl,jerry,Jerry pivot/fix-point greedy,MPV-GEN-T9-N90-R06,9,90,6,1.0,VALID_COMPLETE,True,5,,,COMPLETED,1.019682734971866
B05-MPV-GEN-jerry-any-1s.jsonl,jerry,Jerry pivot/fix-point greedy,MPV-GEN-T9-N90-R07,9,90,7,1.0,VALID_COMPLETE,True,4,,,COMPLETED,0.9500448328908533
B05-MPV-GEN-jerry-any-1s.jsonl,jerry,Jerry pivot/fix-point greedy,MPV-GEN-T9-N90-R08,9,90,8,1.0,VALID_COMPLETE,True,4,,,COMPLETED,0.9479099509771913
B05-MPV-GEN-jerry-any-1s.jsonl,jerry,Jerry pivot/fix-point greedy,MPV-GEN-T9-N90-R09,9,90,9,1.0,VALID_COMPLETE,True,4,,,COMPLETED,0.8518264521844685
B05-MPV-GEN-jerry-any-1s.jsonl,jerry,Jerry pivot/fix-point greedy,MPV-GEN-T9-N90-R10,9,90,10,1.0,VALID_COMPLETE,True,5,,,COMPLETED,0.8187935671303421
B05-MPV-GEN-official-1s.jsonl,mpv_official_3dbpp_c,Martello-Pisinger-Vigo branch-and-bound / one-bin exact routine,MPV-GEN-T1-N30-R01,1,30,1,1,UNKNOWN,False,9,9,9,COMPLETED,0.00511713488958776
B05-MPV-GEN-official-1s.jsonl,mpv_official_3dbpp_c,Martello-Pisinger-Vigo branch-and-bound / one-bin exact routine,MPV-GEN-T1-N30-R02,1,30,2,1,UNKNOWN,False,11,11,11,COMPLETED,0.057396733900532126
B05-MPV-GEN-official-1s.jsonl,mpv_official_3dbpp_c,Martello-Pisinger-Vigo branch-and-bound / one-bin exact routine,MPV-GEN-T1-N30-R03,1,30,3,1,UNKNOWN,False,8,6,8,TIME_LIMIT,1.002639363054186
B05-MPV-GEN-official-1s.jsonl,mpv_official_3dbpp_c,Martello-Pisinger-Vigo branch-and-bound / one-bin exact routine,MPV-GEN-T1-N30-R04,1,30,4,1,UNKNOWN,False,7,7,7,COMPLETED,0.17190176085568964
B05-MPV-GEN-official-1s.jsonl,mpv_official_3dbpp_c,Martello-Pisinger-Vigo branch-and-bound / one-bin exact routine,MPV-GEN-T1-N30-R05,1,30,5,1,UNKNOWN,False,10,9,10,TIME_LIMIT,1.0031616089399904
B05-MPV-GEN-official-1s.jsonl,mpv_official_3dbpp_c,Martello-Pisinger-Vigo branch-and-bound / one-bin exact routine,MPV-GEN-T1-N30-R06,1,30,6,1,UNKNOWN,False,7,7,7,COMPLETED,0.0026693108957260847
B05-MPV-GEN-official-1s.jsonl,mpv_official_3dbpp_c,Martello-Pisinger-Vigo branch-and-bound / one-bin exact routine,MPV-GEN-T1-N30-R07,1,30,7,1,UNKNOWN,False,8,7,8,TIME_LIMIT,1.0013882820494473
B05-MPV-GEN-official-1s.jsonl,mpv_official_3dbpp_c,Martello-Pisinger-Vigo branch-and-bound / one-bin exact routine,MPV-GEN-T1-N30-R08,1,30,8,1,UNKNOWN,False,9,9,9,COMPLETED,0.0025726500898599625
B05-MPV-GEN-official-1s.jsonl,mpv_official_3dbpp_c,Martello-Pisinger-Vigo branch-and-bound / one-bin exact routine,MPV-GEN-T1-N30-R09,1,30,9,1,UNKNOWN,False,9,9,9,COMPLETED,0.0036567540373653173
B05-MPV-GEN-official-1s.jsonl,mpv_official_3dbpp_c,Martello-Pisinger-Vigo branch-and-bound / one-bin exact routine,MPV-GEN-T1-N30-R10,1,30,10,1,UNKNOWN,False,8,8,8,COMPLETED,0.08058770513162017
B05-MPV-GEN-official-1s.jsonl,mpv_official_3dbpp_c,Martello-Pisinger-Vigo branch-and-bound / one-bin exact routine,MPV-GEN-T1-N60-R01,1,60,1,1,UNKNOWN,False,15,14,15,TIME_LIMIT,1.0017455788329244
B05-MPV-GEN-official-1s.jsonl,mpv_official_3dbpp_c,Martello-Pisinger-Vigo branch-and-bound / one-bin exact routine,MPV-GEN-T1-N60-R02,1,60,2,1,UNKNOWN,False,15,14,15,TIME_LIMIT,1.0034191999584436
B05-MPV-GEN-official-1s.jsonl,mpv_official_3dbpp_c,Martello-Pisinger-Vigo branch-and-bound / one-bin exact routine,MPV-GEN-T1-N60-R03,1,60,3,1,UNKNOWN,False,17,14,17,TIME_LIMIT,1.002441057935357
B05-MPV-GEN-official-1s.jsonl,mpv_official_3dbpp_c,Martello-Pisinger-Vigo branch-and-bound / one-bin exact routine,MPV-GEN-T1-N60-R04,1,60,4,1,UNKNOWN,False,13,11,13,TIME_LIMIT,1.002809084020555
B05-MPV-GEN-official-1s.jsonl,mpv_official_3dbpp_c,Martello-Pisinger-Vigo branch-and-bound / one-bin exact routine,MPV-GEN-T1-N60-R05,1,60,5,1,UNKNOWN,False,18,17,18,TIME_LIMIT,1.0018424149602652
B05-MPV-GEN-official-1s.jsonl,mpv_official_3dbpp_c,Martello-Pisinger-Vigo branch-and-bound / one-bin exact routine,MPV-GEN-T1-N60-R06,1,60,6,1,UNKNOWN,False,15,14,15,TIME_LIMIT,1.0019594051409513
B05-MPV-GEN-official-1s.jsonl,mpv_official_3dbpp_c,Martello-Pisinger-Vigo branch-and-bound / one-bin exact routine,MPV-GEN-T1-N60-R07,1,60,7,1,UNKNOWN,False,16,14,16,TIME_LIMIT,1.0014913440681994
B05-MPV-GEN-official-1s.jsonl,mpv_official_3dbpp_c,Martello-Pisinger-Vigo branch-and-bound / one-bin exact routine,MPV-GEN-T1-N60-R08,1,60,8,1,UNKNOWN,False,17,15,17,TIME_LIMIT,1.0015384568832815
B05-MPV-GEN-official-1s.jsonl,mpv_official_3dbpp_c,Martello-Pisinger-Vigo branch-and-bound / one-bin exact routine,MPV-GEN-T1-N60-R09,1,60,9,1,UNKNOWN,False,15,14,15,TIME_LIMIT,1.0016254680231214
B05-MPV-GEN-official-1s.jsonl,mpv_official_3dbpp_c,Martello-Pisinger-Vigo branch-and-bound / one-bin exact routine,MPV-GEN-T1-N60-R10,1,60,10,1,UNKNOWN,False,15,14,15,TIME_LIMIT,1.001396348932758
B05-MPV-GEN-official-1s.jsonl,mpv_official_3dbpp_c,Martello-Pisinger-Vigo branch-and-bound / one-bin exact routine,MPV-GEN-T1-N90-R01,1,90,1,1,UNKNOWN,False,28,26,28,TIME_LIMIT,1.0021909549832344
B05-MPV-GEN-official-1s.jsonl,mpv_official_3dbpp_c,Martello-Pisinger-Vigo branch-and-bound / one-bin exact routine,MPV-GEN-T1-N90-R02,1,90,2,1,UNKNOWN,False,23,22,23,TIME_LIMIT,1.0026882861275226
B05-MPV-GEN-official-1s.jsonl,mpv_official_3dbpp_c,Martello-Pisinger-Vigo branch-and-bound / one-bin exact routine,MPV-GEN-T1-N90-R03,1,90,3,1,UNKNOWN,False,24,23,24,TIME_LIMIT,1.002151281107217
B05-MPV-GEN-official-1s.jsonl,mpv_official_3dbpp_c,Martello-Pisinger-Vigo branch-and-bound / one-bin exact routine,MPV-GEN-T1-N90-R04,1,90,4,1,UNKNOWN,False,22,19,22,TIME_LIMIT,1.0016188160516322
B05-MPV-GEN-official-1s.jsonl,mpv_official_3dbpp_c,Martello-Pisinger-Vigo branch-and-bound / one-bin exact routine,MPV-GEN-T1-N90-R05,1,90,5,1,UNKNOWN,False,28,26,28,TIME_LIMIT,1.0015874819364399
B05-MPV-GEN-official-1s.jsonl,mpv_official_3dbpp_c,Martello-Pisinger-Vigo branch-and-bound / one-bin exact routine,MPV-GEN-T1-N90-R06,1,90,6,1,UNKNOWN,False,25,22,25,TIME_LIMIT,1.0015805680304766
B05-MPV-GEN-official-1s.jsonl,mpv_official_3dbpp_c,Martello-Pisinger-Vigo branch-and-bound / one-bin exact routine,MPV-GEN-T1-N90-R07,1,90,7,1,UNKNOWN,False,22,19,22,TIME_LIMIT,1.0020688341464847
B05-MPV-GEN-official-1s.jsonl,mpv_official_3dbpp_c,Martello-Pisinger-Vigo branch-and-bound / one-bin exact routine,MPV-GEN-T1-N90-R08,1,90,8,1,UNKNOWN,False,27,23,27,TIME_LIMIT,1.0014196170959622
B05-MPV-GEN-official-1s.jsonl,mpv_official_3dbpp_c,Martello-Pisinger-Vigo branch-and-bound / one-bin exact routine,MPV-GEN-T1-N90-R09,1,90,9,1,UNKNOWN,False,28,26,28,TIME_LIMIT,1.0013892441056669
B05-MPV-GEN-official-1s.jsonl,mpv_official_3dbpp_c,Martello-Pisinger-Vigo branch-and-bound / one-bin exact routine,MPV-GEN-T1-N90-R10,1,90,10,1,UNKNOWN,False,24,23,24,TIME_LIMIT,1.0022493000142276
B05-MPV-GEN-official-1s.jsonl,mpv_official_3dbpp_c,Martello-Pisinger-Vigo branch-and-bound / one-bin exact routine,MPV-GEN-T6-N30-R01,6,30,1,1,UNKNOWN,False,1,1,1,COMPLETED,0.0013646550942212343
B05-MPV-GEN-official-1s.jsonl,mpv_official_3dbpp_c,Martello-Pisinger-Vigo branch-and-bound / one-bin exact routine,MPV-GEN-T6-N30-R02,6,30,2,1,UNKNOWN,False,1,1,1,COMPLETED,0.0009571160189807415
B05-MPV-GEN-official-1s.jsonl,mpv_official_3dbpp_c,Martello-Pisinger-Vigo branch-and-bound / one-bin exact routine,MPV-GEN-T6-N30-R03,6,30,3,1,UNKNOWN,False,1,1,1,COMPLETED,0.0009029959328472614
B05-MPV-GEN-official-1s.jsonl,mpv_official_3dbpp_c,Martello-Pisinger-Vigo branch-and-bound / one-bin exact routine,MPV-GEN-T6-N30-R04,6,30,4,1,UNKNOWN,False,1,1,1,COMPLETED,0.0009100718889385462
B05-MPV-GEN-official-1s.jsonl,mpv_official_3dbpp_c,Martello-Pisinger-Vigo branch-and-bound / one-bin exact routine,MPV-GEN-T6-N30-R05,6,30,5,1,UNKNOWN,False,1,1,1,COMPLETED,0.0008753181900829077
B05-MPV-GEN-official-1s.jsonl,mpv_official_3dbpp_c,Martello-Pisinger-Vigo branch-and-bound / one-bin exact routine,MPV-GEN-T6-N30-R06,6,30,6,1,UNKNOWN,False,1,1,1,COMPLETED,0.0009178770706057549
B05-MPV-GEN-official-1s.jsonl,mpv_official_3dbpp_c,Martello-Pisinger-Vigo branch-and-bound / one-bin exact routine,MPV-GEN-T6-N30-R07,6,30,7,1,UNKNOWN,False,1,1,1,COMPLETED,0.0010541980154812336
B05-MPV-GEN-official-1s.jsonl,mpv_official_3dbpp_c,Martello-Pisinger-Vigo branch-and-bound / one-bin exact routine,MPV-GEN-T6-N30-R08,6,30,8,1,UNKNOWN,False,1,1,1,COMPLETED,0.0012990611139684916
B05-MPV-GEN-official-1s.jsonl,mpv_official_3dbpp_c,Martello-Pisinger-Vigo branch-and-bound / one-bin exact routine,MPV-GEN-T6-N30-R09,6,30,9,1,UNKNOWN,False,1,1,1,COMPLETED,0.0011630288790911436
B05-MPV-GEN-official-1s.jsonl,mpv_official_3dbpp_c,Martello-Pisinger-Vigo branch-and-bound / one-bin exact routine,MPV-GEN-T6-N30-R10,6,30,10,1,UNKNOWN,False,1,1,1,COMPLETED,0.0011474189814180136
B05-MPV-GEN-official-1s.jsonl,mpv_official_3dbpp_c,Martello-Pisinger-Vigo branch-and-bound / one-bin exact routine,MPV-GEN-T6-N60-R01,6,60,1,1,UNKNOWN,False,1,1,1,COMPLETED,0.0013681070413440466
B05-MPV-GEN-official-1s.jsonl,mpv_official_3dbpp_c,Martello-Pisinger-Vigo branch-and-bound / one-bin exact routine,MPV-GEN-T6-N60-R02,6,60,2,1,UNKNOWN,False,1,1,1,COMPLETED,0.0012424991000443697
B05-MPV-GEN-official-1s.jsonl,mpv_official_3dbpp_c,Martello-Pisinger-Vigo branch-and-bound / one-bin exact routine,MPV-GEN-T6-N60-R03,6,60,3,1,UNKNOWN,False,1,1,1,COMPLETED,0.0012881250586360693
B05-MPV-GEN-official-1s.jsonl,mpv_official_3dbpp_c,Martello-Pisinger-Vigo branch-and-bound / one-bin exact routine,MPV-GEN-T6-N60-R04,6,60,4,1,UNKNOWN,False,1,1,1,COMPLETED,0.0010001189075410366
B05-MPV-GEN-official-1s.jsonl,mpv_official_3dbpp_c,Martello-Pisinger-Vigo branch-and-bound / one-bin exact routine,MPV-GEN-T6-N60-R05,6,60,5,1,UNKNOWN,False,1,1,1,COMPLETED,0.0009962150361388922
B05-MPV-GEN-official-1s.jsonl,mpv_official_3dbpp_c,Martello-Pisinger-Vigo branch-and-bound / one-bin exact routine,MPV-GEN-T6-N60-R06,6,60,6,1,UNKNOWN,False,1,1,1,COMPLETED,0.0010251251515001059
B05-MPV-GEN-official-1s.jsonl,mpv_official_3dbpp_c,Martello-Pisinger-Vigo branch-and-bound / one-bin exact routine,MPV-GEN-T6-N60-R07,6,60,7,1,UNKNOWN,False,1,1,1,COMPLETED,0.001001153141260147
B05-MPV-GEN-official-1s.jsonl,mpv_official_3dbpp_c,Martello-Pisinger-Vigo branch-and-bound / one-bin exact routine,MPV-GEN-T6-N60-R08,6,60,8,1,UNKNOWN,False,1,1,1,COMPLETED,0.0010518699418753386
B05-MPV-GEN-official-1s.jsonl,mpv_official_3dbpp_c,Martello-Pisinger-Vigo branch-and-bound / one-bin exact routine,MPV-GEN-T6-N60-R09,6,60,9,1,UNKNOWN,False,1,1,1,COMPLETED,0.00125018204562366
B05-MPV-GEN-official-1s.jsonl,mpv_official_3dbpp_c,Martello-Pisinger-Vigo branch-and-bound / one-bin exact routine,MPV-GEN-T6-N60-R10,6,60,10,1,UNKNOWN,False,1,1,1,COMPLETED,0.0013261889107525349
B05-MPV-GEN-official-1s.jsonl,mpv_official_3dbpp_c,Martello-Pisinger-Vigo branch-and-bound / one-bin exact routine,MPV-GEN-T6-N90-R01,6,90,1,1,UNKNOWN,False,1,1,1,COMPLETED,0.0014516760129481554
B05-MPV-GEN-official-1s.jsonl,mpv_official_3dbpp_c,Martello-Pisinger-Vigo branch-and-bound / one-bin exact routine,MPV-GEN-T6-N90-R02,6,90,2,1,UNKNOWN,False,1,1,1,COMPLETED,0.001320485956966877
B05-MPV-GEN-official-1s.jsonl,mpv_official_3dbpp_c,Martello-Pisinger-Vigo branch-and-bound / one-bin exact routine,MPV-GEN-T6-N90-R03,6,90,3,1,UNKNOWN,False,1,1,1,COMPLETED,0.0011563198640942574
B05-MPV-GEN-official-1s.jsonl,mpv_official_3dbpp_c,Martello-Pisinger-Vigo branch-and-bound / one-bin exact routine,MPV-GEN-T6-N90-R04,6,90,4,1,UNKNOWN,False,1,1,1,COMPLETED,0.001132819103077054
B05-MPV-GEN-official-1s.jsonl,mpv_official_3dbpp_c,Martello-Pisinger-Vigo branch-and-bound / one-bin exact routine,MPV-GEN-T6-N90-R05,6,90,5,1,UNKNOWN,False,1,1,1,COMPLETED,0.0012137738522142172
B05-MPV-GEN-official-1s.jsonl,mpv_official_3dbpp_c,Martello-Pisinger-Vigo branch-and-bound / one-bin exact routine,MPV-GEN-T6-N90-R06,6,90,6,1,UNKNOWN,False,1,1,1,COMPLETED,0.0013862380292266607
B05-MPV-GEN-official-1s.jsonl,mpv_official_3dbpp_c,Martello-Pisinger-Vigo branch-and-bound / one-bin exact routine,MPV-GEN-T6-N90-R07,6,90,7,1,UNKNOWN,False,1,1,1,COMPLETED,0.0013975449837744236
B05-MPV-GEN-official-1s.jsonl,mpv_official_3dbpp_c,Martello-Pisinger-Vigo branch-and-bound / one-bin exact routine,MPV-GEN-T6-N90-R08,6,90,8,1,UNKNOWN,False,1,1,1,COMPLETED,0.001493746880441904
B05-MPV-GEN-official-1s.jsonl,mpv_official_3dbpp_c,Martello-Pisinger-Vigo branch-and-bound / one-bin exact routine,MPV-GEN-T6-N90-R09,6,90,9,1,UNKNOWN,False,1,1,1,COMPLETED,0.001450445968657732
B05-MPV-GEN-official-1s.jsonl,mpv_official_3dbpp_c,Martello-Pisinger-Vigo branch-and-bound / one-bin exact routine,MPV-GEN-T6-N90-R10,6,90,10,1,UNKNOWN,False,1,1,1,COMPLETED,0.0015154730062931776
B05-MPV-GEN-official-1s.jsonl,mpv_official_3dbpp_c,Martello-Pisinger-Vigo branch-and-bound / one-bin exact routine,MPV-GEN-T7-N30-R01,7,30,1,1,UNKNOWN,False,1,1,1,COMPLETED,0.0015339790843427181
B05-MPV-GEN-official-1s.jsonl,mpv_official_3dbpp_c,Martello-Pisinger-Vigo branch-and-bound / one-bin exact routine,MPV-GEN-T7-N30-R02,7,30,2,1,UNKNOWN,False,1,1,1,COMPLETED,0.0014446941204369068
B05-MPV-GEN-official-1s.jsonl,mpv_official_3dbpp_c,Martello-Pisinger-Vigo branch-and-bound / one-bin exact routine,MPV-GEN-T7-N30-R03,7,30,3,1,UNKNOWN,False,1,1,1,COMPLETED,0.0014155751559883356
B05-MPV-GEN-official-1s.jsonl,mpv_official_3dbpp_c,Martello-Pisinger-Vigo branch-and-bound / one-bin exact routine,MPV-GEN-T7-N30-R04,7,30,4,1,UNKNOWN,False,1,1,1,COMPLETED,0.0016398581210523844
B05-MPV-GEN-official-1s.jsonl,mpv_official_3dbpp_c,Martello-Pisinger-Vigo branch-and-bound / one-bin exact routine,MPV-GEN-T7-N30-R05,7,30,5,1,UNKNOWN,False,1,1,1,COMPLETED,0.0014884669799357653
B05-MPV-GEN-official-1s.jsonl,mpv_official_3dbpp_c,Martello-Pisinger-Vigo branch-and-bound / one-bin exact routine,MPV-GEN-T7-N30-R06,7,30,6,1,UNKNOWN,False,1,1,1,COMPLETED,0.0013337819837033749
B05-MPV-GEN-official-1s.jsonl,mpv_official_3dbpp_c,Martello-Pisinger-Vigo branch-and-bound / one-bin exact routine,MPV-GEN-T7-N30-R07,7,30,7,1,UNKNOWN,False,1,1,1,COMPLETED,0.0013139289803802967
B05-MPV-GEN-official-1s.jsonl,mpv_official_3dbpp_c,Martello-Pisinger-Vigo branch-and-bound / one-bin exact routine,MPV-GEN-T7-N30-R08,7,30,8,1,UNKNOWN,False,1,1,1,COMPLETED,0.0015320880338549614
B05-MPV-GEN-official-1s.jsonl,mpv_official_3dbpp_c,Martello-Pisinger-Vigo branch-and-bound / one-bin exact routine,MPV-GEN-T7-N30-R09,7,30,9,1,UNKNOWN,False,1,1,1,COMPLETED,0.001553370850160718
B05-MPV-GEN-official-1s.jsonl,mpv_official_3dbpp_c,Martello-Pisinger-Vigo branch-and-bound / one-bin exact routine,MPV-GEN-T7-N30-R10,7,30,10,1,UNKNOWN,False,1,1,1,COMPLETED,0.0014798559714108706
B05-MPV-GEN-official-1s.jsonl,mpv_official_3dbpp_c,Martello-Pisinger-Vigo branch-and-bound / one-bin exact routine,MPV-GEN-T7-N60-R01,7,60,1,1,UNKNOWN,False,2,1,2,TIME_LIMIT,1.295649359934032
B05-MPV-GEN-official-1s.jsonl,mpv_official_3dbpp_c,Martello-Pisinger-Vigo branch-and-bound / one-bin exact routine,MPV-GEN-T7-N60-R02,7,60,2,1,UNKNOWN,False,2,1,2,TIME_LIMIT,1.1582944698166102
B05-MPV-GEN-official-1s.jsonl,mpv_official_3dbpp_c,Martello-Pisinger-Vigo branch-and-bound / one-bin exact routine,MPV-GEN-T7-N60-R03,7,60,3,1,UNKNOWN,False,2,1,2,TIME_LIMIT,1.3594063429627568
B05-MPV-GEN-official-1s.jsonl,mpv_official_3dbpp_c,Martello-Pisinger-Vigo branch-and-bound / one-bin exact routine,MPV-GEN-T7-N60-R04,7,60,4,1,UNKNOWN,False,2,1,2,TIME_LIMIT,1.2378496979363263
B05-MPV-GEN-official-1s.jsonl,mpv_official_3dbpp_c,Martello-Pisinger-Vigo branch-and-bound / one-bin exact routine,MPV-GEN-T7-N60-R05,7,60,5,1,UNKNOWN,False,2,1,2,TIME_LIMIT,1.0333738750778139
B05-MPV-GEN-official-1s.jsonl,mpv_official_3dbpp_c,Martello-Pisinger-Vigo branch-and-bound / one-bin exact routine,MPV-GEN-T7-N60-R06,7,60,6,1,UNKNOWN,False,2,1,2,TIME_LIMIT,1.1549367429688573
B05-MPV-GEN-official-1s.jsonl,mpv_official_3dbpp_c,Martello-Pisinger-Vigo branch-and-bound / one-bin exact routine,MPV-GEN-T7-N60-R07,7,60,7,1,UNKNOWN,False,2,1,2,TIME_LIMIT,1.0170846390537918
B05-MPV-GEN-official-1s.jsonl,mpv_official_3dbpp_c,Martello-Pisinger-Vigo branch-and-bound / one-bin exact routine,MPV-GEN-T7-N60-R08,7,60,8,1,UNKNOWN,False,2,1,2,TIME_LIMIT,1.2557256540749222
B05-MPV-GEN-official-1s.jsonl,mpv_official_3dbpp_c,Martello-Pisinger-Vigo branch-and-bound / one-bin exact routine,MPV-GEN-T7-N60-R09,7,60,9,1,UNKNOWN,False,1,1,1,COMPLETED,0.0017379219643771648
B05-MPV-GEN-official-1s.jsonl,mpv_official_3dbpp_c,Martello-Pisinger-Vigo branch-and-bound / one-bin exact routine,MPV-GEN-T7-N60-R10,7,60,10,1,UNKNOWN,False,2,1,2,TIME_LIMIT,1.0454748589545488
B05-MPV-GEN-official-1s.jsonl,mpv_official_3dbpp_c,Martello-Pisinger-Vigo branch-and-bound / one-bin exact routine,MPV-GEN-T7-N90-R01,7,90,1,1,UNKNOWN,False,2,1,2,TIME_LIMIT,1.163635890930891
B05-MPV-GEN-official-1s.jsonl,mpv_official_3dbpp_c,Martello-Pisinger-Vigo branch-and-bound / one-bin exact routine,MPV-GEN-T7-N90-R02,7,90,2,1,UNKNOWN,False,2,1,2,TIME_LIMIT,1.0825509051792324
B05-MPV-GEN-official-1s.jsonl,mpv_official_3dbpp_c,Martello-Pisinger-Vigo branch-and-bound / one-bin exact routine,MPV-GEN-T7-N90-R03,7,90,3,1,UNKNOWN,False,2,1,2,TIME_LIMIT,1.0692458199337125
B05-MPV-GEN-official-1s.jsonl,mpv_official_3dbpp_c,Martello-Pisinger-Vigo branch-and-bound / one-bin exact routine,MPV-GEN-T7-N90-R04,7,90,4,1,UNKNOWN,False,2,1,2,TIME_LIMIT,1.0193697959184647
B05-MPV-GEN-official-1s.jsonl,mpv_official_3dbpp_c,Martello-Pisinger-Vigo branch-and-bound / one-bin exact routine,MPV-GEN-T7-N90-R05,7,90,5,1,UNKNOWN,False,2,1,2,TIME_LIMIT,1.3542211800813675
B05-MPV-GEN-official-1s.jsonl,mpv_official_3dbpp_c,Martello-Pisinger-Vigo branch-and-bound / one-bin exact routine,MPV-GEN-T7-N90-R06,7,90,6,1,UNKNOWN,False,2,1,2,TIME_LIMIT,1.2523459820076823
B05-MPV-GEN-official-1s.jsonl,mpv_official_3dbpp_c,Martello-Pisinger-Vigo branch-and-bound / one-bin exact routine,MPV-GEN-T7-N90-R07,7,90,7,1,UNKNOWN,False,2,1,2,TIME_LIMIT,1.0030707300174981
B05-MPV-GEN-official-1s.jsonl,mpv_official_3dbpp_c,Martello-Pisinger-Vigo branch-and-bound / one-bin exact routine,MPV-GEN-T7-N90-R08,7,90,8,1,UNKNOWN,False,2,1,2,TIME_LIMIT,1.003871148917824
B05-MPV-GEN-official-1s.jsonl,mpv_official_3dbpp_c,Martello-Pisinger-Vigo branch-and-bound / one-bin exact routine,MPV-GEN-T7-N90-R09,7,90,9,1,UNKNOWN,False,2,1,2,TIME_LIMIT,1.0025463779456913
B05-MPV-GEN-official-1s.jsonl,mpv_official_3dbpp_c,Martello-Pisinger-Vigo branch-and-bound / one-bin exact routine,MPV-GEN-T7-N90-R10,7,90,10,1,UNKNOWN,False,2,1,2,TIME_LIMIT,1.0941960390191525
B05-MPV-GEN-official-1s.jsonl,mpv_official_3dbpp_c,Martello-Pisinger-Vigo branch-and-bound / one-bin exact routine,MPV-GEN-T8-N30-R01,8,30,1,1,UNKNOWN,False,5,5,5,COMPLETED,0.09687328385189176
B05-MPV-GEN-official-1s.jsonl,mpv_official_3dbpp_c,Martello-Pisinger-Vigo branch-and-bound / one-bin exact routine,MPV-GEN-T8-N30-R02,8,30,2,1,UNKNOWN,False,5,5,5,COMPLETED,0.053608437068760395
B05-MPV-GEN-official-1s.jsonl,mpv_official_3dbpp_c,Martello-Pisinger-Vigo branch-and-bound / one-bin exact routine,MPV-GEN-T8-N30-R03,8,30,3,1,UNKNOWN,False,8,8,8,COMPLETED,0.00675895088352263
B05-MPV-GEN-official-1s.jsonl,mpv_official_3dbpp_c,Martello-Pisinger-Vigo branch-and-bound / one-bin exact routine,MPV-GEN-T8-N30-R04,8,30,4,1,UNKNOWN,False,6,3,6,TIME_LIMIT,1.0016966320108622
B05-MPV-GEN-official-1s.jsonl,mpv_official_3dbpp_c,Martello-Pisinger-Vigo branch-and-bound / one-bin exact routine,MPV-GEN-T8-N30-R05,8,30,5,1,UNKNOWN,False,7,7,7,COMPLETED,0.018138849874958396
B05-MPV-GEN-official-1s.jsonl,mpv_official_3dbpp_c,Martello-Pisinger-Vigo branch-and-bound / one-bin exact routine,MPV-GEN-T8-N30-R06,8,30,6,1,UNKNOWN,False,6,6,6,COMPLETED,0.00235562096349895
B05-MPV-GEN-official-1s.jsonl,mpv_official_3dbpp_c,Martello-Pisinger-Vigo branch-and-bound / one-bin exact routine,MPV-GEN-T8-N30-R07,8,30,7,1,UNKNOWN,False,5,5,5,COMPLETED,0.09204646293073893
B05-MPV-GEN-official-1s.jsonl,mpv_official_3dbpp_c,Martello-Pisinger-Vigo branch-and-bound / one-bin exact routine,MPV-GEN-T8-N30-R08,8,30,8,1,UNKNOWN,False,5,5,5,COMPLETED,0.002902054227888584
B05-MPV-GEN-official-1s.jsonl,mpv_official_3dbpp_c,Martello-Pisinger-Vigo branch-and-bound / one-bin exact routine,MPV-GEN-T8-N30-R09,8,30,9,1,UNKNOWN,False,9,9,9,COMPLETED,0.003276376985013485
B05-MPV-GEN-official-1s.jsonl,mpv_official_3dbpp_c,Martello-Pisinger-Vigo branch-and-bound / one-bin exact routine,MPV-GEN-T8-N30-R10,8,30,10,1,UNKNOWN,False,5,5,5,COMPLETED,0.14819503901526332
B05-MPV-GEN-official-1s.jsonl,mpv_official_3dbpp_c,Martello-Pisinger-Vigo branch-and-bound / one-bin exact routine,MPV-GEN-T8-N60-R01,8,60,1,1,UNKNOWN,False,14,13,14,TIME_LIMIT,1.0021196058951318
B05-MPV-GEN-official-1s.jsonl,mpv_official_3dbpp_c,Martello-Pisinger-Vigo branch-and-bound / one-bin exact routine,MPV-GEN-T8-N60-R02,8,60,2,1,UNKNOWN,False,14,14,14,COMPLETED,0.04983868496492505
B05-MPV-GEN-official-1s.jsonl,mpv_official_3dbpp_c,Martello-Pisinger-Vigo branch-and-bound / one-bin exact routine,MPV-GEN-T8-N60-R03,8,60,3,1,UNKNOWN,False,12,12,12,COMPLETED,0.21491137822158635
B05-MPV-GEN-official-1s.jsonl,mpv_official_3dbpp_c,Martello-Pisinger-Vigo branch-and-bound / one-bin exact routine,MPV-GEN-T8-N60-R04,8,60,4,1,UNKNOWN,False,9,9,9,COMPLETED,0.3487616078928113
B05-MPV-GEN-official-1s.jsonl,mpv_official_3dbpp_c,Martello-Pisinger-Vigo branch-and-bound / one-bin exact routine,MPV-GEN-T8-N60-R05,8,60,5,1,UNKNOWN,False,12,12,12,COMPLETED,0.022695794003084302
B05-MPV-GEN-official-1s.jsonl,mpv_official_3dbpp_c,Martello-Pisinger-Vigo branch-and-bound / one-bin exact routine,MPV-GEN-T8-N60-R06,8,60,6,1,UNKNOWN,False,10,10,10,COMPLETED,0.26055126497521996
B05-MPV-GEN-official-1s.jsonl,mpv_official_3dbpp_c,Martello-Pisinger-Vigo branch-and-bound / one-bin exact routine,MPV-GEN-T8-N60-R07,8,60,7,1,UNKNOWN,False,13,10,13,TIME_LIMIT,1.0019808509387076
B05-MPV-GEN-official-1s.jsonl,mpv_official_3dbpp_c,Martello-Pisinger-Vigo branch-and-bound / one-bin exact routine,MPV-GEN-T8-N60-R08,8,60,8,1,UNKNOWN,False,11,7,11,TIME_LIMIT,1.0029351660050452
B05-MPV-GEN-official-1s.jsonl,mpv_official_3dbpp_c,Martello-Pisinger-Vigo branch-and-bound / one-bin exact routine,MPV-GEN-T8-N60-R09,8,60,9,1,UNKNOWN,False,11,8,11,TIME_LIMIT,1.0013796489220113
B05-MPV-GEN-official-1s.jsonl,mpv_official_3dbpp_c,Martello-Pisinger-Vigo branch-and-bound / one-bin exact routine,MPV-GEN-T8-N60-R10,8,60,10,1,UNKNOWN,False,14,10,14,TIME_LIMIT,1.0023832051083446
B05-MPV-GEN-official-1s.jsonl,mpv_official_3dbpp_c,Martello-Pisinger-Vigo branch-and-bound / one-bin exact routine,MPV-GEN-T8-N90-R01,8,90,1,1,UNKNOWN,False,15,10,15,TIME_LIMIT,1.0018000041600317
B05-MPV-GEN-official-1s.jsonl,mpv_official_3dbpp_c,Martello-Pisinger-Vigo branch-and-bound / one-bin exact routine,MPV-GEN-T8-N90-R02,8,90,2,1,UNKNOWN,False,14,9,14,TIME_LIMIT,1.0018398310057819
B05-MPV-GEN-official-1s.jsonl,mpv_official_3dbpp_c,Martello-Pisinger-Vigo branch-and-bound / one-bin exact routine,MPV-GEN-T8-N90-R03,8,90,3,1,UNKNOWN,False,18,16,18,TIME_LIMIT,1.0015033408999443
B05-MPV-GEN-official-1s.jsonl,mpv_official_3dbpp_c,Martello-Pisinger-Vigo branch-and-bound / one-bin exact routine,MPV-GEN-T8-N90-R04,8,90,4,1,UNKNOWN,False,19,14,19,TIME_LIMIT,1.0024905959144235
B05-MPV-GEN-official-1s.jsonl,mpv_official_3dbpp_c,Martello-Pisinger-Vigo branch-and-bound / one-bin exact routine,MPV-GEN-T8-N90-R05,8,90,5,1,UNKNOWN,False,19,13,19,TIME_LIMIT,1.0025556911714375
B05-MPV-GEN-official-1s.jsonl,mpv_official_3dbpp_c,Martello-Pisinger-Vigo branch-and-bound / one-bin exact routine,MPV-GEN-T8-N90-R06,8,90,6,1,UNKNOWN,False,20,14,20,TIME_LIMIT,1.0017153220251203
B05-MPV-GEN-official-1s.jsonl,mpv_official_3dbpp_c,Martello-Pisinger-Vigo branch-and-bound / one-bin exact routine,MPV-GEN-T8-N90-R07,8,90,7,1,UNKNOWN,False,17,15,17,TIME_LIMIT,1.0014206289779395
B05-MPV-GEN-official-1s.jsonl,mpv_official_3dbpp_c,Martello-Pisinger-Vigo branch-and-bound / one-bin exact routine,MPV-GEN-T8-N90-R08,8,90,8,1,UNKNOWN,False,14,11,14,TIME_LIMIT,1.002403609920293
B05-MPV-GEN-official-1s.jsonl,mpv_official_3dbpp_c,Martello-Pisinger-Vigo branch-and-bound / one-bin exact routine,MPV-GEN-T8-N90-R09,8,90,9,1,UNKNOWN,False,18,13,18,TIME_LIMIT,1.002730700885877
B05-MPV-GEN-official-1s.jsonl,mpv_official_3dbpp_c,Martello-Pisinger-Vigo branch-and-bound / one-bin exact routine,MPV-GEN-T8-N90-R10,8,90,10,1,UNKNOWN,False,18,14,18,TIME_LIMIT,1.0017740048933774
B05-MPV-GEN-official-1s.jsonl,mpv_official_3dbpp_c,Martello-Pisinger-Vigo branch-and-bound / one-bin exact routine,MPV-GEN-T9-N30-R01,9,30,1,1,UNKNOWN,False,4,3,4,TIME_LIMIT,1.0014486131258309
B05-MPV-GEN-official-1s.jsonl,mpv_official_3dbpp_c,Martello-Pisinger-Vigo branch-and-bound / one-bin exact routine,MPV-GEN-T9-N30-R02,9,30,2,1,UNKNOWN,False,5,3,5,TIME_LIMIT,1.0023118678946048
B05-MPV-GEN-official-1s.jsonl,mpv_official_3dbpp_c,Martello-Pisinger-Vigo branch-and-bound / one-bin exact routine,MPV-GEN-T9-N30-R03,9,30,3,1,UNKNOWN,False,5,3,5,TIME_LIMIT,1.0020336508750916
B05-MPV-GEN-official-1s.jsonl,mpv_official_3dbpp_c,Martello-Pisinger-Vigo branch-and-bound / one-bin exact routine,MPV-GEN-T9-N30-R04,9,30,4,1,UNKNOWN,False,4,3,4,TIME_LIMIT,1.002312449971214
B05-MPV-GEN-official-1s.jsonl,mpv_official_3dbpp_c,Martello-Pisinger-Vigo branch-and-bound / one-bin exact routine,MPV-GEN-T9-N30-R05,9,30,5,1,UNKNOWN,False,5,3,5,TIME_LIMIT,1.0012913700193167
B05-MPV-GEN-official-1s.jsonl,mpv_official_3dbpp_c,Martello-Pisinger-Vigo branch-and-bound / one-bin exact routine,MPV-GEN-T9-N30-R06,9,30,6,1,UNKNOWN,False,3,3,3,COMPLETED,0.4291759741026908
B05-MPV-GEN-official-1s.jsonl,mpv_official_3dbpp_c,Martello-Pisinger-Vigo branch-and-bound / one-bin exact routine,MPV-GEN-T9-N30-R07,9,30,7,1,UNKNOWN,False,3,3,3,COMPLETED,0.41457444801926613
B05-MPV-GEN-official-1s.jsonl,mpv_official_3dbpp_c,Martello-Pisinger-Vigo branch-and-bound / one-bin exact routine,MPV-GEN-T9-N30-R08,9,30,8,1,UNKNOWN,False,3,3,3,COMPLETED,0.006221957039088011
B05-MPV-GEN-official-1s.jsonl,mpv_official_3dbpp_c,Martello-Pisinger-Vigo branch-and-bound / one-bin exact routine,MPV-GEN-T9-N30-R09,9,30,9,1,UNKNOWN,False,3,3,3,COMPLETED,0.12037274590693414
B05-MPV-GEN-official-1s.jsonl,mpv_official_3dbpp_c,Martello-Pisinger-Vigo branch-and-bound / one-bin exact routine,MPV-GEN-T9-N30-R10,9,30,10,1,UNKNOWN,False,5,3,5,TIME_LIMIT,1.003147176001221
B05-MPV-GEN-official-1s.jsonl,mpv_official_3dbpp_c,Martello-Pisinger-Vigo branch-and-bound / one-bin exact routine,MPV-GEN-T9-N60-R01,9,60,1,1,UNKNOWN,False,6,3,6,TIME_LIMIT,1.0022623259574175
B05-MPV-GEN-official-1s.jsonl,mpv_official_3dbpp_c,Martello-Pisinger-Vigo branch-and-bound / one-bin exact routine,MPV-GEN-T9-N60-R02,9,60,2,1,UNKNOWN,False,7,3,7,TIME_LIMIT,1.0016651069745421
B05-MPV-GEN-official-1s.jsonl,mpv_official_3dbpp_c,Martello-Pisinger-Vigo branch-and-bound / one-bin exact routine,MPV-GEN-T9-N60-R03,9,60,3,1,UNKNOWN,False,5,3,5,TIME_LIMIT,1.0021586648654193
B05-MPV-GEN-official-1s.jsonl,mpv_official_3dbpp_c,Martello-Pisinger-Vigo branch-and-bound / one-bin exact routine,MPV-GEN-T9-N60-R04,9,60,4,1,UNKNOWN,False,6,3,6,TIME_LIMIT,1.0013841190375388
B05-MPV-GEN-official-1s.jsonl,mpv_official_3dbpp_c,Martello-Pisinger-Vigo branch-and-bound / one-bin exact routine,MPV-GEN-T9-N60-R05,9,60,5,1,UNKNOWN,False,6,3,6,TIME_LIMIT,1.0018896760884672
B05-MPV-GEN-official-1s.jsonl,mpv_official_3dbpp_c,Martello-Pisinger-Vigo branch-and-bound / one-bin exact routine,MPV-GEN-T9-N60-R06,9,60,6,1,UNKNOWN,False,6,3,6,TIME_LIMIT,1.0015610179398209
B05-MPV-GEN-official-1s.jsonl,mpv_official_3dbpp_c,Martello-Pisinger-Vigo branch-and-bound / one-bin exact routine,MPV-GEN-T9-N60-R07,9,60,7,1,UNKNOWN,False,4,3,4,TIME_LIMIT,1.0023458080831915
B05-MPV-GEN-official-1s.jsonl,mpv_official_3dbpp_c,Martello-Pisinger-Vigo branch-and-bound / one-bin exact routine,MPV-GEN-T9-N60-R08,9,60,8,1,UNKNOWN,False,6,3,6,TIME_LIMIT,1.0014104028232396
B05-MPV-GEN-official-1s.jsonl,mpv_official_3dbpp_c,Martello-Pisinger-Vigo branch-and-bound / one-bin exact routine,MPV-GEN-T9-N60-R09,9,60,9,1,UNKNOWN,False,7,3,7,TIME_LIMIT,1.0019837629515678
B05-MPV-GEN-official-1s.jsonl,mpv_official_3dbpp_c,Martello-Pisinger-Vigo branch-and-bound / one-bin exact routine,MPV-GEN-T9-N60-R10,9,60,10,1,UNKNOWN,False,6,3,6,TIME_LIMIT,1.001459751976654
B05-MPV-GEN-official-1s.jsonl,mpv_official_3dbpp_c,Martello-Pisinger-Vigo branch-and-bound / one-bin exact routine,MPV-GEN-T9-N90-R01,9,90,1,1,UNKNOWN,False,6,3,6,TIME_LIMIT,1.0015760278329253
B05-MPV-GEN-official-1s.jsonl,mpv_official_3dbpp_c,Martello-Pisinger-Vigo branch-and-bound / one-bin exact routine,MPV-GEN-T9-N90-R02,9,90,2,1,UNKNOWN,False,7,3,7,TIME_LIMIT,1.0021535737905651
B05-MPV-GEN-official-1s.jsonl,mpv_official_3dbpp_c,Martello-Pisinger-Vigo branch-and-bound / one-bin exact routine,MPV-GEN-T9-N90-R03,9,90,3,1,UNKNOWN,False,8,3,8,TIME_LIMIT,1.001774535048753
B05-MPV-GEN-official-1s.jsonl,mpv_official_3dbpp_c,Martello-Pisinger-Vigo branch-and-bound / one-bin exact routine,MPV-GEN-T9-N90-R04,9,90,4,1,UNKNOWN,False,7,3,7,TIME_LIMIT,1.0028201749082655
B05-MPV-GEN-official-1s.jsonl,mpv_official_3dbpp_c,Martello-Pisinger-Vigo branch-and-bound / one-bin exact routine,MPV-GEN-T9-N90-R05,9,90,5,1,UNKNOWN,False,7,3,7,TIME_LIMIT,1.010607039090246
B05-MPV-GEN-official-1s.jsonl,mpv_official_3dbpp_c,Martello-Pisinger-Vigo branch-and-bound / one-bin exact routine,MPV-GEN-T9-N90-R06,9,90,6,1,UNKNOWN,False,6,3,6,TIME_LIMIT,1.0015635639429092
B05-MPV-GEN-official-1s.jsonl,mpv_official_3dbpp_c,Martello-Pisinger-Vigo branch-and-bound / one-bin exact routine,MPV-GEN-T9-N90-R07,9,90,7,1,UNKNOWN,False,7,3,7,TIME_LIMIT,1.0017472838517278
B05-MPV-GEN-official-1s.jsonl,mpv_official_3dbpp_c,Martello-Pisinger-Vigo branch-and-bound / one-bin exact routine,MPV-GEN-T9-N90-R08,9,90,8,1,UNKNOWN,False,6,3,6,TIME_LIMIT,1.0021239039488137
B05-MPV-GEN-official-1s.jsonl,mpv_official_3dbpp_c,Martello-Pisinger-Vigo branch-and-bound / one-bin exact routine,MPV-GEN-T9-N90-R09,9,90,9,1,UNKNOWN,False,7,3,7,TIME_LIMIT,1.0016333668027073
B05-MPV-GEN-official-1s.jsonl,mpv_official_3dbpp_c,Martello-Pisinger-Vigo branch-and-bound / one-bin exact routine,MPV-GEN-T9-N90-R10,9,90,10,1,UNKNOWN,False,8,3,8,TIME_LIMIT,1.0025084260851145
B05-MPV-GEN-py3dbp-any-10s.jsonl,py3dbp,pivot greedy,MPV-GEN-T1-N30-R01,1,30,1,10.0,VALID_COMPLETE,True,9,,,COMPLETED,0.10862976801581681
B05-MPV-GEN-py3dbp-any-10s.jsonl,py3dbp,pivot greedy,MPV-GEN-T1-N30-R02,1,30,2,10.0,VALID_COMPLETE,True,11,,,COMPLETED,0.12063560308888555
B05-MPV-GEN-py3dbp-any-10s.jsonl,py3dbp,pivot greedy,MPV-GEN-T1-N30-R03,1,30,3,10.0,VALID_COMPLETE,True,7,,,COMPLETED,0.10281966696493328
B05-MPV-GEN-py3dbp-any-10s.jsonl,py3dbp,pivot greedy,MPV-GEN-T1-N30-R04,1,30,4,10.0,VALID_COMPLETE,True,7,,,COMPLETED,0.11425893194973469
B05-MPV-GEN-py3dbp-any-10s.jsonl,py3dbp,pivot greedy,MPV-GEN-T1-N30-R05,1,30,5,10.0,VALID_COMPLETE,True,9,,,COMPLETED,0.11559712397865951
B05-MPV-GEN-py3dbp-any-10s.jsonl,py3dbp,pivot greedy,MPV-GEN-T1-N30-R06,1,30,6,10.0,VALID_COMPLETE,True,7,,,COMPLETED,0.11931916303001344
B05-MPV-GEN-py3dbp-any-10s.jsonl,py3dbp,pivot greedy,MPV-GEN-T1-N30-R07,1,30,7,10.0,VALID_COMPLETE,True,6,,,COMPLETED,0.1213380650151521
B05-MPV-GEN-py3dbp-any-10s.jsonl,py3dbp,pivot greedy,MPV-GEN-T1-N30-R08,1,30,8,10.0,VALID_COMPLETE,True,8,,,COMPLETED,0.1216402598656714
B05-MPV-GEN-py3dbp-any-10s.jsonl,py3dbp,pivot greedy,MPV-GEN-T1-N30-R09,1,30,9,10.0,VALID_COMPLETE,True,9,,,COMPLETED,0.1006075949408114
B05-MPV-GEN-py3dbp-any-10s.jsonl,py3dbp,pivot greedy,MPV-GEN-T1-N30-R10,1,30,10,10.0,VALID_COMPLETE,True,7,,,COMPLETED,0.10554869496263564
B05-MPV-GEN-py3dbp-any-10s.jsonl,py3dbp,pivot greedy,MPV-GEN-T1-N60-R01,1,60,1,10.0,VALID_COMPLETE,True,14,,,COMPLETED,0.1541176971513778
B05-MPV-GEN-py3dbp-any-10s.jsonl,py3dbp,pivot greedy,MPV-GEN-T1-N60-R02,1,60,2,10.0,VALID_COMPLETE,True,14,,,COMPLETED,0.15621693688444793
B05-MPV-GEN-py3dbp-any-10s.jsonl,py3dbp,pivot greedy,MPV-GEN-T1-N60-R03,1,60,3,10.0,VALID_COMPLETE,True,16,,,COMPLETED,0.1484383379574865
B05-MPV-GEN-py3dbp-any-10s.jsonl,py3dbp,pivot greedy,MPV-GEN-T1-N60-R04,1,60,4,10.0,VALID_COMPLETE,True,12,,,COMPLETED,0.16230677696876228
B05-MPV-GEN-py3dbp-any-10s.jsonl,py3dbp,pivot greedy,MPV-GEN-T1-N60-R05,1,60,5,10.0,VALID_COMPLETE,True,16,,,COMPLETED,0.13773816591128707
B05-MPV-GEN-py3dbp-any-10s.jsonl,py3dbp,pivot greedy,MPV-GEN-T1-N60-R06,1,60,6,10.0,VALID_COMPLETE,True,14,,,COMPLETED,0.15249419189058244
B05-MPV-GEN-py3dbp-any-10s.jsonl,py3dbp,pivot greedy,MPV-GEN-T1-N60-R07,1,60,7,10.0,VALID_COMPLETE,True,15,,,COMPLETED,0.13638624688610435
B05-MPV-GEN-py3dbp-any-10s.jsonl,py3dbp,pivot greedy,MPV-GEN-T1-N60-R08,1,60,8,10.0,VALID_COMPLETE,True,17,,,COMPLETED,0.14252556022256613
B05-MPV-GEN-py3dbp-any-10s.jsonl,py3dbp,pivot greedy,MPV-GEN-T1-N60-R09,1,60,9,10.0,VALID_COMPLETE,True,15,,,COMPLETED,0.13824489782564342
B05-MPV-GEN-py3dbp-any-10s.jsonl,py3dbp,pivot greedy,MPV-GEN-T1-N60-R10,1,60,10,10.0,VALID_COMPLETE,True,15,,,COMPLETED,0.14635419403202832
B05-MPV-GEN-py3dbp-any-10s.jsonl,py3dbp,pivot greedy,MPV-GEN-T1-N90-R01,1,90,1,10.0,VALID_COMPLETE,True,27,,,COMPLETED,0.1919445430394262
B05-MPV-GEN-py3dbp-any-10s.jsonl,py3dbp,pivot greedy,MPV-GEN-T1-N90-R02,1,90,2,10.0,VALID_COMPLETE,True,23,,,COMPLETED,0.19232479017227888
B05-MPV-GEN-py3dbp-any-10s.jsonl,py3dbp,pivot greedy,MPV-GEN-T1-N90-R03,1,90,3,10.0,VALID_COMPLETE,True,23,,,COMPLETED,0.18527099397033453
B05-MPV-GEN-py3dbp-any-10s.jsonl,py3dbp,pivot greedy,MPV-GEN-T1-N90-R04,1,90,4,10.0,VALID_COMPLETE,True,21,,,COMPLETED,0.21458527608774602
B05-MPV-GEN-py3dbp-any-10s.jsonl,py3dbp,pivot greedy,MPV-GEN-T1-N90-R05,1,90,5,10.0,VALID_COMPLETE,True,25,,,COMPLETED,0.18519525998272002
B05-MPV-GEN-py3dbp-any-10s.jsonl,py3dbp,pivot greedy,MPV-GEN-T1-N90-R06,1,90,6,10.0,VALID_COMPLETE,True,24,,,COMPLETED,0.18674318282864988
B05-MPV-GEN-py3dbp-any-10s.jsonl,py3dbp,pivot greedy,MPV-GEN-T1-N90-R07,1,90,7,10.0,VALID_COMPLETE,True,21,,,COMPLETED,0.20585900591686368
B05-MPV-GEN-py3dbp-any-10s.jsonl,py3dbp,pivot greedy,MPV-GEN-T1-N90-R08,1,90,8,10.0,VALID_COMPLETE,True,25,,,COMPLETED,0.20692731207236648
B05-MPV-GEN-py3dbp-any-10s.jsonl,py3dbp,pivot greedy,MPV-GEN-T1-N90-R09,1,90,9,10.0,VALID_COMPLETE,True,26,,,COMPLETED,0.199411811074242
B05-MPV-GEN-py3dbp-any-10s.jsonl,py3dbp,pivot greedy,MPV-GEN-T1-N90-R10,1,90,10,10.0,VALID_COMPLETE,True,23,,,COMPLETED,0.22083650715649128
B05-MPV-GEN-py3dbp-any-10s.jsonl,py3dbp,pivot greedy,MPV-GEN-T6-N30-R01,6,30,1,10.0,VALID_COMPLETE,True,1,,,COMPLETED,0.13072397699579597
B05-MPV-GEN-py3dbp-any-10s.jsonl,py3dbp,pivot greedy,MPV-GEN-T6-N30-R02,6,30,2,10.0,VALID_COMPLETE,True,1,,,COMPLETED,0.11730189388617873
B05-MPV-GEN-py3dbp-any-10s.jsonl,py3dbp,pivot greedy,MPV-GEN-T6-N30-R03,6,30,3,10.0,VALID_COMPLETE,True,1,,,COMPLETED,0.1277805978897959
B05-MPV-GEN-py3dbp-any-10s.jsonl,py3dbp,pivot greedy,MPV-GEN-T6-N30-R04,6,30,4,10.0,VALID_COMPLETE,True,1,,,COMPLETED,0.11969533516094089
B05-MPV-GEN-py3dbp-any-10s.jsonl,py3dbp,pivot greedy,MPV-GEN-T6-N30-R05,6,30,5,10.0,VALID_COMPLETE,True,1,,,COMPLETED,0.131944915978238
B05-MPV-GEN-py3dbp-any-10s.jsonl,py3dbp,pivot greedy,MPV-GEN-T6-N30-R06,6,30,6,10.0,VALID_COMPLETE,True,1,,,COMPLETED,0.13212902913801372
B05-MPV-GEN-py3dbp-any-10s.jsonl,py3dbp,pivot greedy,MPV-GEN-T6-N30-R07,6,30,7,10.0,VALID_COMPLETE,True,1,,,COMPLETED,0.12500032596290112
B05-MPV-GEN-py3dbp-any-10s.jsonl,py3dbp,pivot greedy,MPV-GEN-T6-N30-R08,6,30,8,10.0,VALID_COMPLETE,True,1,,,COMPLETED,0.12079471908509731
B05-MPV-GEN-py3dbp-any-10s.jsonl,py3dbp,pivot greedy,MPV-GEN-T6-N30-R09,6,30,9,10.0,VALID_COMPLETE,True,1,,,COMPLETED,0.124835702823475
B05-MPV-GEN-py3dbp-any-10s.jsonl,py3dbp,pivot greedy,MPV-GEN-T6-N30-R10,6,30,10,10.0,VALID_COMPLETE,True,1,,,COMPLETED,0.13405535509809852
B05-MPV-GEN-py3dbp-any-10s.jsonl,py3dbp,pivot greedy,MPV-GEN-T6-N60-R01,6,60,1,10.0,VALID_COMPLETE,True,1,,,COMPLETED,0.2982980660162866
B05-MPV-GEN-py3dbp-any-10s.jsonl,py3dbp,pivot greedy,MPV-GEN-T6-N60-R02,6,60,2,10.0,VALID_COMPLETE,True,1,,,COMPLETED,0.3193155429325998
B05-MPV-GEN-py3dbp-any-10s.jsonl,py3dbp,pivot greedy,MPV-GEN-T6-N60-R03,6,60,3,10.0,VALID_COMPLETE,True,1,,,COMPLETED,0.34703365806490183
B05-MPV-GEN-py3dbp-any-10s.jsonl,py3dbp,pivot greedy,MPV-GEN-T6-N60-R04,6,60,4,10.0,VALID_COMPLETE,True,1,,,COMPLETED,0.32778558996506035
B05-MPV-GEN-py3dbp-any-10s.jsonl,py3dbp,pivot greedy,MPV-GEN-T6-N60-R05,6,60,5,10.0,VALID_COMPLETE,True,1,,,COMPLETED,0.3196142171509564
B05-MPV-GEN-py3dbp-any-10s.jsonl,py3dbp,pivot greedy,MPV-GEN-T6-N60-R06,6,60,6,10.0,VALID_COMPLETE,True,1,,,COMPLETED,0.30338850896805525
B05-MPV-GEN-py3dbp-any-10s.jsonl,py3dbp,pivot greedy,MPV-GEN-T6-N60-R07,6,60,7,10.0,VALID_COMPLETE,True,1,,,COMPLETED,0.33595985011197627
B05-MPV-GEN-py3dbp-any-10s.jsonl,py3dbp,pivot greedy,MPV-GEN-T6-N60-R08,6,60,8,10.0,VALID_COMPLETE,True,1,,,COMPLETED,0.3033860488794744
B05-MPV-GEN-py3dbp-any-10s.jsonl,py3dbp,pivot greedy,MPV-GEN-T6-N60-R09,6,60,9,10.0,VALID_COMPLETE,True,1,,,COMPLETED,0.2997174970805645
B05-MPV-GEN-py3dbp-any-10s.jsonl,py3dbp,pivot greedy,MPV-GEN-T6-N60-R10,6,60,10,10.0,VALID_COMPLETE,True,1,,,COMPLETED,0.2904888449702412
B05-MPV-GEN-py3dbp-any-10s.jsonl,py3dbp,pivot greedy,MPV-GEN-T6-N90-R01,6,90,1,10.0,VALID_COMPLETE,True,1,,,COMPLETED,0.7387673000339419
B05-MPV-GEN-py3dbp-any-10s.jsonl,py3dbp,pivot greedy,MPV-GEN-T6-N90-R02,6,90,2,10.0,VALID_COMPLETE,True,1,,,COMPLETED,0.8008723692037165
B05-MPV-GEN-py3dbp-any-10s.jsonl,py3dbp,pivot greedy,MPV-GEN-T6-N90-R03,6,90,3,10.0,VALID_COMPLETE,True,1,,,COMPLETED,0.7916498761624098
B05-MPV-GEN-py3dbp-any-10s.jsonl,py3dbp,pivot greedy,MPV-GEN-T6-N90-R04,6,90,4,10.0,VALID_COMPLETE,True,1,,,COMPLETED,0.696920326910913
B05-MPV-GEN-py3dbp-any-10s.jsonl,py3dbp,pivot greedy,MPV-GEN-T6-N90-R05,6,90,5,10.0,VALID_COMPLETE,True,1,,,COMPLETED,0.7660010820254683
B05-MPV-GEN-py3dbp-any-10s.jsonl,py3dbp,pivot greedy,MPV-GEN-T6-N90-R06,6,90,6,10.0,VALID_COMPLETE,True,1,,,COMPLETED,0.7535972399637103
B05-MPV-GEN-py3dbp-any-10s.jsonl,py3dbp,pivot greedy,MPV-GEN-T6-N90-R07,6,90,7,10.0,VALID_COMPLETE,True,1,,,COMPLETED,0.7174779269844294
B05-MPV-GEN-py3dbp-any-10s.jsonl,py3dbp,pivot greedy,MPV-GEN-T6-N90-R08,6,90,8,10.0,VALID_COMPLETE,True,1,,,COMPLETED,0.7542595108971
B05-MPV-GEN-py3dbp-any-10s.jsonl,py3dbp,pivot greedy,MPV-GEN-T6-N90-R09,6,90,9,10.0,VALID_COMPLETE,True,1,,,COMPLETED,0.7778234609868377
B05-MPV-GEN-py3dbp-any-10s.jsonl,py3dbp,pivot greedy,MPV-GEN-T6-N90-R10,6,90,10,10.0,VALID_COMPLETE,True,1,,,COMPLETED,0.8052151801530272
B05-MPV-GEN-py3dbp-any-10s.jsonl,py3dbp,pivot greedy,MPV-GEN-T7-N30-R01,7,30,1,10.0,VALID_COMPLETE,True,1,,,COMPLETED,0.122790751978755
B05-MPV-GEN-py3dbp-any-10s.jsonl,py3dbp,pivot greedy,MPV-GEN-T7-N30-R02,7,30,2,10.0,VALID_COMPLETE,True,1,,,COMPLETED,0.1146711150649935
B05-MPV-GEN-py3dbp-any-10s.jsonl,py3dbp,pivot greedy,MPV-GEN-T7-N30-R03,7,30,3,10.0,VALID_COMPLETE,True,1,,,COMPLETED,0.122172593139112
B05-MPV-GEN-py3dbp-any-10s.jsonl,py3dbp,pivot greedy,MPV-GEN-T7-N30-R04,7,30,4,10.0,VALID_COMPLETE,True,1,,,COMPLETED,0.1155768889002502
B05-MPV-GEN-py3dbp-any-10s.jsonl,py3dbp,pivot greedy,MPV-GEN-T7-N30-R05,7,30,5,10.0,VALID_COMPLETE,True,1,,,COMPLETED,0.1360134589485824
B05-MPV-GEN-py3dbp-any-10s.jsonl,py3dbp,pivot greedy,MPV-GEN-T7-N30-R06,7,30,6,10.0,VALID_COMPLETE,True,1,,,COMPLETED,0.12780813104473054
B05-MPV-GEN-py3dbp-any-10s.jsonl,py3dbp,pivot greedy,MPV-GEN-T7-N30-R07,7,30,7,10.0,VALID_COMPLETE,True,1,,,COMPLETED,0.12728421110659838
B05-MPV-GEN-py3dbp-any-10s.jsonl,py3dbp,pivot greedy,MPV-GEN-T7-N30-R08,7,30,8,10.0,VALID_COMPLETE,True,1,,,COMPLETED,0.12721821502782404
B05-MPV-GEN-py3dbp-any-10s.jsonl,py3dbp,pivot greedy,MPV-GEN-T7-N30-R09,7,30,9,10.0,VALID_COMPLETE,True,1,,,COMPLETED,0.13294966402463615
B05-MPV-GEN-py3dbp-any-10s.jsonl,py3dbp,pivot greedy,MPV-GEN-T7-N30-R10,7,30,10,10.0,VALID_COMPLETE,True,1,,,COMPLETED,0.1325087018776685
B05-MPV-GEN-py3dbp-any-10s.jsonl,py3dbp,pivot greedy,MPV-GEN-T7-N60-R01,7,60,1,10.0,VALID_COMPLETE,True,1,,,COMPLETED,0.29503330402076244
B05-MPV-GEN-py3dbp-any-10s.jsonl,py3dbp,pivot greedy,MPV-GEN-T7-N60-R02,7,60,2,10.0,VALID_COMPLETE,True,1,,,COMPLETED,0.33001786191016436
B05-MPV-GEN-py3dbp-any-10s.jsonl,py3dbp,pivot greedy,MPV-GEN-T7-N60-R03,7,60,3,10.0,VALID_COMPLETE,True,1,,,COMPLETED,0.3270447659306228
B05-MPV-GEN-py3dbp-any-10s.jsonl,py3dbp,pivot greedy,MPV-GEN-T7-N60-R04,7,60,4,10.0,VALID_COMPLETE,True,1,,,COMPLETED,0.3303807519841939
B05-MPV-GEN-py3dbp-any-10s.jsonl,py3dbp,pivot greedy,MPV-GEN-T7-N60-R05,7,60,5,10.0,VALID_COMPLETE,True,1,,,COMPLETED,0.2785552470013499
B05-MPV-GEN-py3dbp-any-10s.jsonl,py3dbp,pivot greedy,MPV-GEN-T7-N60-R06,7,60,6,10.0,VALID_COMPLETE,True,1,,,COMPLETED,0.30827644490636885
B05-MPV-GEN-py3dbp-any-10s.jsonl,py3dbp,pivot greedy,MPV-GEN-T7-N60-R07,7,60,7,10.0,VALID_COMPLETE,True,1,,,COMPLETED,0.301227425923571
B05-MPV-GEN-py3dbp-any-10s.jsonl,py3dbp,pivot greedy,MPV-GEN-T7-N60-R08,7,60,8,10.0,VALID_COMPLETE,True,1,,,COMPLETED,0.31447305297479033
B05-MPV-GEN-py3dbp-any-10s.jsonl,py3dbp,pivot greedy,MPV-GEN-T7-N60-R09,7,60,9,10.0,VALID_COMPLETE,True,1,,,COMPLETED,0.27971617598086596
B05-MPV-GEN-py3dbp-any-10s.jsonl,py3dbp,pivot greedy,MPV-GEN-T7-N60-R10,7,60,10,10.0,VALID_COMPLETE,True,1,,,COMPLETED,0.32193994685076177
B05-MPV-GEN-py3dbp-any-10s.jsonl,py3dbp,pivot greedy,MPV-GEN-T7-N90-R01,7,90,1,10.0,VALID_COMPLETE,True,1,,,COMPLETED,0.8491434219758958
B05-MPV-GEN-py3dbp-any-10s.jsonl,py3dbp,pivot greedy,MPV-GEN-T7-N90-R02,7,90,2,10.0,VALID_COMPLETE,True,1,,,COMPLETED,0.8194744710344821
B05-MPV-GEN-py3dbp-any-10s.jsonl,py3dbp,pivot greedy,MPV-GEN-T7-N90-R03,7,90,3,10.0,VALID_COMPLETE,True,1,,,COMPLETED,0.7167363301850855
B05-MPV-GEN-py3dbp-any-10s.jsonl,py3dbp,pivot greedy,MPV-GEN-T7-N90-R04,7,90,4,10.0,VALID_COMPLETE,True,1,,,COMPLETED,0.767057582968846
B05-MPV-GEN-py3dbp-any-10s.jsonl,py3dbp,pivot greedy,MPV-GEN-T7-N90-R05,7,90,5,10.0,VALID_COMPLETE,True,1,,,COMPLETED,0.7584263291209936
B05-MPV-GEN-py3dbp-any-10s.jsonl,py3dbp,pivot greedy,MPV-GEN-T7-N90-R06,7,90,6,10.0,VALID_COMPLETE,True,1,,,COMPLETED,0.766477830009535
B05-MPV-GEN-py3dbp-any-10s.jsonl,py3dbp,pivot greedy,MPV-GEN-T7-N90-R07,7,90,7,10.0,VALID_COMPLETE,True,1,,,COMPLETED,0.7985640631522983
B05-MPV-GEN-py3dbp-any-10s.jsonl,py3dbp,pivot greedy,MPV-GEN-T7-N90-R08,7,90,8,10.0,VALID_COMPLETE,True,1,,,COMPLETED,0.7732494750525802
B05-MPV-GEN-py3dbp-any-10s.jsonl,py3dbp,pivot greedy,MPV-GEN-T7-N90-R09,7,90,9,10.0,VALID_COMPLETE,True,1,,,COMPLETED,0.9059911069925874
B05-MPV-GEN-py3dbp-any-10s.jsonl,py3dbp,pivot greedy,MPV-GEN-T7-N90-R10,7,90,10,10.0,VALID_COMPLETE,True,1,,,COMPLETED,0.8199916412122548
B05-MPV-GEN-py3dbp-any-10s.jsonl,py3dbp,pivot greedy,MPV-GEN-T8-N30-R01,8,30,1,10.0,VALID_COMPLETE,True,5,,,COMPLETED,0.09429280902259052
B05-MPV-GEN-py3dbp-any-10s.jsonl,py3dbp,pivot greedy,MPV-GEN-T8-N30-R02,8,30,2,10.0,VALID_COMPLETE,True,5,,,COMPLETED,0.10084725893102586
B05-MPV-GEN-py3dbp-any-10s.jsonl,py3dbp,pivot greedy,MPV-GEN-T8-N30-R03,8,30,3,10.0,VALID_COMPLETE,True,7,,,COMPLETED,0.10989971505478024
B05-MPV-GEN-py3dbp-any-10s.jsonl,py3dbp,pivot greedy,MPV-GEN-T8-N30-R04,8,30,4,10.0,VALID_COMPLETE,True,4,,,COMPLETED,0.11324218194931746
B05-MPV-GEN-py3dbp-any-10s.jsonl,py3dbp,pivot greedy,MPV-GEN-T8-N30-R05,8,30,5,10.0,VALID_COMPLETE,True,6,,,COMPLETED,0.11633553798310459
B05-MPV-GEN-py3dbp-any-10s.jsonl,py3dbp,pivot greedy,MPV-GEN-T8-N30-R06,8,30,6,10.0,VALID_COMPLETE,True,6,,,COMPLETED,0.11832189885899425
B05-MPV-GEN-py3dbp-any-10s.jsonl,py3dbp,pivot greedy,MPV-GEN-T8-N30-R07,8,30,7,10.0,VALID_COMPLETE,True,5,,,COMPLETED,0.12074727285653353
B05-MPV-GEN-py3dbp-any-10s.jsonl,py3dbp,pivot greedy,MPV-GEN-T8-N30-R08,8,30,8,10.0,VALID_COMPLETE,True,5,,,COMPLETED,0.11805219599045813
B05-MPV-GEN-py3dbp-any-10s.jsonl,py3dbp,pivot greedy,MPV-GEN-T8-N30-R09,8,30,9,10.0,VALID_COMPLETE,True,8,,,COMPLETED,0.1083283768966794
B05-MPV-GEN-py3dbp-any-10s.jsonl,py3dbp,pivot greedy,MPV-GEN-T8-N30-R10,8,30,10,10.0,VALID_COMPLETE,True,5,,,COMPLETED,0.13355409004725516
B05-MPV-GEN-py3dbp-any-10s.jsonl,py3dbp,pivot greedy,MPV-GEN-T8-N60-R01,8,60,1,10.0,VALID_COMPLETE,True,12,,,COMPLETED,0.1587061989121139
B05-MPV-GEN-py3dbp-any-10s.jsonl,py3dbp,pivot greedy,MPV-GEN-T8-N60-R02,8,60,2,10.0,VALID_COMPLETE,True,13,,,COMPLETED,0.17601593700237572
B05-MPV-GEN-py3dbp-any-10s.jsonl,py3dbp,pivot greedy,MPV-GEN-T8-N60-R03,8,60,3,10.0,VALID_COMPLETE,True,12,,,COMPLETED,0.18245743005536497
B05-MPV-GEN-py3dbp-any-10s.jsonl,py3dbp,pivot greedy,MPV-GEN-T8-N60-R04,8,60,4,10.0,VALID_COMPLETE,True,8,,,COMPLETED,0.17672639805823565
B05-MPV-GEN-py3dbp-any-10s.jsonl,py3dbp,pivot greedy,MPV-GEN-T8-N60-R05,8,60,5,10.0,VALID_COMPLETE,True,11,,,COMPLETED,0.16000070585869253
B05-MPV-GEN-py3dbp-any-10s.jsonl,py3dbp,pivot greedy,MPV-GEN-T8-N60-R06,8,60,6,10.0,VALID_COMPLETE,True,10,,,COMPLETED,0.16508386097848415
B05-MPV-GEN-py3dbp-any-10s.jsonl,py3dbp,pivot greedy,MPV-GEN-T8-N60-R07,8,60,7,10.0,VALID_COMPLETE,True,10,,,COMPLETED,0.16766943619586527
B05-MPV-GEN-py3dbp-any-10s.jsonl,py3dbp,pivot greedy,MPV-GEN-T8-N60-R08,8,60,8,10.0,VALID_COMPLETE,True,8,,,COMPLETED,0.16777554177679121
B05-MPV-GEN-py3dbp-any-10s.jsonl,py3dbp,pivot greedy,MPV-GEN-T8-N60-R09,8,60,9,10.0,VALID_COMPLETE,True,11,,,COMPLETED,0.16900833183899522
B05-MPV-GEN-py3dbp-any-10s.jsonl,py3dbp,pivot greedy,MPV-GEN-T8-N60-R10,8,60,10,10.0,VALID_COMPLETE,True,11,,,COMPLETED,0.16459697694517672
B05-MPV-GEN-py3dbp-any-10s.jsonl,py3dbp,pivot greedy,MPV-GEN-T8-N90-R01,8,90,1,10.0,VALID_COMPLETE,True,11,,,COMPLETED,0.29275286896154284
B05-MPV-GEN-py3dbp-any-10s.jsonl,py3dbp,pivot greedy,MPV-GEN-T8-N90-R02,8,90,2,10.0,VALID_COMPLETE,True,11,,,COMPLETED,0.26947532687336206
B05-MPV-GEN-py3dbp-any-10s.jsonl,py3dbp,pivot greedy,MPV-GEN-T8-N90-R03,8,90,3,10.0,VALID_COMPLETE,True,16,,,COMPLETED,0.23982297908514738
B05-MPV-GEN-py3dbp-any-10s.jsonl,py3dbp,pivot greedy,MPV-GEN-T8-N90-R04,8,90,4,10.0,VALID_COMPLETE,True,15,,,COMPLETED,0.23356275307014585
B05-MPV-GEN-py3dbp-any-10s.jsonl,py3dbp,pivot greedy,MPV-GEN-T8-N90-R05,8,90,5,10.0,VALID_COMPLETE,True,15,,,COMPLETED,0.2347519090399146
B05-MPV-GEN-py3dbp-any-10s.jsonl,py3dbp,pivot greedy,MPV-GEN-T8-N90-R06,8,90,6,10.0,VALID_COMPLETE,True,16,,,COMPLETED,0.24735573097132146
B05-MPV-GEN-py3dbp-any-10s.jsonl,py3dbp,pivot greedy,MPV-GEN-T8-N90-R07,8,90,7,10.0,VALID_COMPLETE,True,14,,,COMPLETED,0.238400005036965
B05-MPV-GEN-py3dbp-any-10s.jsonl,py3dbp,pivot greedy,MPV-GEN-T8-N90-R08,8,90,8,10.0,VALID_COMPLETE,True,13,,,COMPLETED,0.27202056301757693
B05-MPV-GEN-py3dbp-any-10s.jsonl,py3dbp,pivot greedy,MPV-GEN-T8-N90-R09,8,90,9,10.0,VALID_COMPLETE,True,16,,,COMPLETED,0.254822552902624
B05-MPV-GEN-py3dbp-any-10s.jsonl,py3dbp,pivot greedy,MPV-GEN-T8-N90-R10,8,90,10,10.0,VALID_COMPLETE,True,14,,,COMPLETED,0.24653227301314473
B05-MPV-GEN-py3dbp-any-10s.jsonl,py3dbp,pivot greedy,MPV-GEN-T9-N30-R01,9,30,1,10.0,VALID_COMPLETE,True,4,,,COMPLETED,0.1201818510890007
B05-MPV-GEN-py3dbp-any-10s.jsonl,py3dbp,pivot greedy,MPV-GEN-T9-N30-R02,9,30,2,10.0,VALID_COMPLETE,True,4,,,COMPLETED,0.10015727300196886
B05-MPV-GEN-py3dbp-any-10s.jsonl,py3dbp,pivot greedy,MPV-GEN-T9-N30-R03,9,30,3,10.0,VALID_COMPLETE,True,4,,,COMPLETED,0.10364761599339545
B05-MPV-GEN-py3dbp-any-10s.jsonl,py3dbp,pivot greedy,MPV-GEN-T9-N30-R04,9,30,4,10.0,VALID_COMPLETE,True,4,,,COMPLETED,0.10733337211422622
B05-MPV-GEN-py3dbp-any-10s.jsonl,py3dbp,pivot greedy,MPV-GEN-T9-N30-R05,9,30,5,10.0,VALID_COMPLETE,True,4,,,COMPLETED,0.11632422194816172
B05-MPV-GEN-py3dbp-any-10s.jsonl,py3dbp,pivot greedy,MPV-GEN-T9-N30-R06,9,30,6,10.0,VALID_COMPLETE,True,4,,,COMPLETED,0.12290198891423643
B05-MPV-GEN-py3dbp-any-10s.jsonl,py3dbp,pivot greedy,MPV-GEN-T9-N30-R07,9,30,7,10.0,VALID_COMPLETE,True,4,,,COMPLETED,0.11494971113279462
B05-MPV-GEN-py3dbp-any-10s.jsonl,py3dbp,pivot greedy,MPV-GEN-T9-N30-R08,9,30,8,10.0,VALID_COMPLETE,True,4,,,COMPLETED,0.11805636109784245
B05-MPV-GEN-py3dbp-any-10s.jsonl,py3dbp,pivot greedy,MPV-GEN-T9-N30-R09,9,30,9,10.0,VALID_COMPLETE,True,4,,,COMPLETED,0.12252156296744943
B05-MPV-GEN-py3dbp-any-10s.jsonl,py3dbp,pivot greedy,MPV-GEN-T9-N30-R10,9,30,10,10.0,VALID_COMPLETE,True,5,,,COMPLETED,0.11872796411626041
B05-MPV-GEN-py3dbp-any-10s.jsonl,py3dbp,pivot greedy,MPV-GEN-T9-N60-R01,9,60,1,10.0,VALID_COMPLETE,True,4,,,COMPLETED,0.2213057759217918
B05-MPV-GEN-py3dbp-any-10s.jsonl,py3dbp,pivot greedy,MPV-GEN-T9-N60-R02,9,60,2,10.0,VALID_COMPLETE,True,4,,,COMPLETED,0.18613457004539669
B05-MPV-GEN-py3dbp-any-10s.jsonl,py3dbp,pivot greedy,MPV-GEN-T9-N60-R03,9,60,3,10.0,VALID_COMPLETE,True,4,,,COMPLETED,0.2110443210694939
B05-MPV-GEN-py3dbp-any-10s.jsonl,py3dbp,pivot greedy,MPV-GEN-T9-N60-R04,9,60,4,10.0,VALID_COMPLETE,True,4,,,COMPLETED,0.21454739989712834
B05-MPV-GEN-py3dbp-any-10s.jsonl,py3dbp,pivot greedy,MPV-GEN-T9-N60-R05,9,60,5,10.0,VALID_COMPLETE,True,4,,,COMPLETED,0.22044143499806523
B05-MPV-GEN-py3dbp-any-10s.jsonl,py3dbp,pivot greedy,MPV-GEN-T9-N60-R06,9,60,6,10.0,VALID_COMPLETE,True,5,,,COMPLETED,0.21515802899375558
B05-MPV-GEN-py3dbp-any-10s.jsonl,py3dbp,pivot greedy,MPV-GEN-T9-N60-R07,9,60,7,10.0,VALID_COMPLETE,True,4,,,COMPLETED,0.2251767839770764
B05-MPV-GEN-py3dbp-any-10s.jsonl,py3dbp,pivot greedy,MPV-GEN-T9-N60-R08,9,60,8,10.0,VALID_COMPLETE,True,4,,,COMPLETED,0.21053065499290824
B05-MPV-GEN-py3dbp-any-10s.jsonl,py3dbp,pivot greedy,MPV-GEN-T9-N60-R09,9,60,9,10.0,VALID_COMPLETE,True,4,,,COMPLETED,0.22816494898870587
B05-MPV-GEN-py3dbp-any-10s.jsonl,py3dbp,pivot greedy,MPV-GEN-T9-N60-R10,9,60,10,10.0,VALID_COMPLETE,True,4,,,COMPLETED,0.23074920615181327
B05-MPV-GEN-py3dbp-any-10s.jsonl,py3dbp,pivot greedy,MPV-GEN-T9-N90-R01,9,90,1,10.0,VALID_COMPLETE,True,4,,,COMPLETED,0.36341904615983367
B05-MPV-GEN-py3dbp-any-10s.jsonl,py3dbp,pivot greedy,MPV-GEN-T9-N90-R02,9,90,2,10.0,VALID_COMPLETE,True,4,,,COMPLETED,0.3936899059917778
B05-MPV-GEN-py3dbp-any-10s.jsonl,py3dbp,pivot greedy,MPV-GEN-T9-N90-R03,9,90,3,10.0,VALID_COMPLETE,True,4,,,COMPLETED,0.414286051876843
B05-MPV-GEN-py3dbp-any-10s.jsonl,py3dbp,pivot greedy,MPV-GEN-T9-N90-R04,9,90,4,10.0,VALID_COMPLETE,True,4,,,COMPLETED,0.3986451169475913
B05-MPV-GEN-py3dbp-any-10s.jsonl,py3dbp,pivot greedy,MPV-GEN-T9-N90-R05,9,90,5,10.0,VALID_COMPLETE,True,5,,,COMPLETED,0.415296555031091
B05-MPV-GEN-py3dbp-any-10s.jsonl,py3dbp,pivot greedy,MPV-GEN-T9-N90-R06,9,90,6,10.0,VALID_COMPLETE,True,5,,,COMPLETED,0.4110434630420059
B05-MPV-GEN-py3dbp-any-10s.jsonl,py3dbp,pivot greedy,MPV-GEN-T9-N90-R07,9,90,7,10.0,VALID_COMPLETE,True,4,,,COMPLETED,0.34445046610198915
B05-MPV-GEN-py3dbp-any-10s.jsonl,py3dbp,pivot greedy,MPV-GEN-T9-N90-R08,9,90,8,10.0,VALID_COMPLETE,True,4,,,COMPLETED,0.3740924531593919
B05-MPV-GEN-py3dbp-any-10s.jsonl,py3dbp,pivot greedy,MPV-GEN-T9-N90-R09,9,90,9,10.0,VALID_COMPLETE,True,4,,,COMPLETED,0.33643996296450496
B05-MPV-GEN-py3dbp-any-10s.jsonl,py3dbp,pivot greedy,MPV-GEN-T9-N90-R10,9,90,10,10.0,VALID_COMPLETE,True,5,,,COMPLETED,0.34450585884042084
B05-MPV-GEN-py3dbp-any-1s.jsonl,py3dbp,pivot greedy,MPV-GEN-T1-N30-R01,1,30,1,1.0,VALID_COMPLETE,True,9,,,COMPLETED,0.0955640128813684
B05-MPV-GEN-py3dbp-any-1s.jsonl,py3dbp,pivot greedy,MPV-GEN-T1-N30-R02,1,30,2,1.0,VALID_COMPLETE,True,11,,,COMPLETED,0.10759029886685312
B05-MPV-GEN-py3dbp-any-1s.jsonl,py3dbp,pivot greedy,MPV-GEN-T1-N30-R03,1,30,3,1.0,VALID_COMPLETE,True,7,,,COMPLETED,0.10191968502476811
B05-MPV-GEN-py3dbp-any-1s.jsonl,py3dbp,pivot greedy,MPV-GEN-T1-N30-R04,1,30,4,1.0,VALID_COMPLETE,True,7,,,COMPLETED,0.10144332703202963
B05-MPV-GEN-py3dbp-any-1s.jsonl,py3dbp,pivot greedy,MPV-GEN-T1-N30-R05,1,30,5,1.0,VALID_COMPLETE,True,9,,,COMPLETED,0.09841743810102344
B05-MPV-GEN-py3dbp-any-1s.jsonl,py3dbp,pivot greedy,MPV-GEN-T1-N30-R06,1,30,6,1.0,VALID_COMPLETE,True,7,,,COMPLETED,0.10355626791715622
B05-MPV-GEN-py3dbp-any-1s.jsonl,py3dbp,pivot greedy,MPV-GEN-T1-N30-R07,1,30,7,1.0,VALID_COMPLETE,True,6,,,COMPLETED,0.10507587995380163
B05-MPV-GEN-py3dbp-any-1s.jsonl,py3dbp,pivot greedy,MPV-GEN-T1-N30-R08,1,30,8,1.0,VALID_COMPLETE,True,8,,,COMPLETED,0.110283805988729
B05-MPV-GEN-py3dbp-any-1s.jsonl,py3dbp,pivot greedy,MPV-GEN-T1-N30-R09,1,30,9,1.0,VALID_COMPLETE,True,9,,,COMPLETED,0.09581977501511574
B05-MPV-GEN-py3dbp-any-1s.jsonl,py3dbp,pivot greedy,MPV-GEN-T1-N30-R10,1,30,10,1.0,VALID_COMPLETE,True,7,,,COMPLETED,0.09243286214768887
B05-MPV-GEN-py3dbp-any-1s.jsonl,py3dbp,pivot greedy,MPV-GEN-T1-N60-R01,1,60,1,1.0,VALID_COMPLETE,True,14,,,COMPLETED,0.13912986288778484
B05-MPV-GEN-py3dbp-any-1s.jsonl,py3dbp,pivot greedy,MPV-GEN-T1-N60-R02,1,60,2,1.0,VALID_COMPLETE,True,14,,,COMPLETED,0.1397334230132401
B05-MPV-GEN-py3dbp-any-1s.jsonl,py3dbp,pivot greedy,MPV-GEN-T1-N60-R03,1,60,3,1.0,VALID_COMPLETE,True,16,,,COMPLETED,0.14796514017507434
B05-MPV-GEN-py3dbp-any-1s.jsonl,py3dbp,pivot greedy,MPV-GEN-T1-N60-R04,1,60,4,1.0,VALID_COMPLETE,True,12,,,COMPLETED,0.15281614498235285
B05-MPV-GEN-py3dbp-any-1s.jsonl,py3dbp,pivot greedy,MPV-GEN-T1-N60-R05,1,60,5,1.0,VALID_COMPLETE,True,16,,,COMPLETED,0.13699088711291552
B05-MPV-GEN-py3dbp-any-1s.jsonl,py3dbp,pivot greedy,MPV-GEN-T1-N60-R06,1,60,6,1.0,VALID_COMPLETE,True,14,,,COMPLETED,0.14185778493992984
B05-MPV-GEN-py3dbp-any-1s.jsonl,py3dbp,pivot greedy,MPV-GEN-T1-N60-R07,1,60,7,1.0,VALID_COMPLETE,True,15,,,COMPLETED,0.1483027059584856
B05-MPV-GEN-py3dbp-any-1s.jsonl,py3dbp,pivot greedy,MPV-GEN-T1-N60-R08,1,60,8,1.0,VALID_COMPLETE,True,17,,,COMPLETED,0.14151007286272943
B05-MPV-GEN-py3dbp-any-1s.jsonl,py3dbp,pivot greedy,MPV-GEN-T1-N60-R09,1,60,9,1.0,VALID_COMPLETE,True,15,,,COMPLETED,0.14775601006112993
B05-MPV-GEN-py3dbp-any-1s.jsonl,py3dbp,pivot greedy,MPV-GEN-T1-N60-R10,1,60,10,1.0,VALID_COMPLETE,True,15,,,COMPLETED,0.1529363109730184
B05-MPV-GEN-py3dbp-any-1s.jsonl,py3dbp,pivot greedy,MPV-GEN-T1-N90-R01,1,90,1,1.0,VALID_COMPLETE,True,27,,,COMPLETED,0.2028992569539696
B05-MPV-GEN-py3dbp-any-1s.jsonl,py3dbp,pivot greedy,MPV-GEN-T1-N90-R02,1,90,2,1.0,VALID_COMPLETE,True,23,,,COMPLETED,0.2134240479208529
B05-MPV-GEN-py3dbp-any-1s.jsonl,py3dbp,pivot greedy,MPV-GEN-T1-N90-R03,1,90,3,1.0,VALID_COMPLETE,True,23,,,COMPLETED,0.19412962184287608
B05-MPV-GEN-py3dbp-any-1s.jsonl,py3dbp,pivot greedy,MPV-GEN-T1-N90-R04,1,90,4,1.0,VALID_COMPLETE,True,21,,,COMPLETED,0.23002484301105142
B05-MPV-GEN-py3dbp-any-1s.jsonl,py3dbp,pivot greedy,MPV-GEN-T1-N90-R05,1,90,5,1.0,VALID_COMPLETE,True,25,,,COMPLETED,0.2082072279881686
B05-MPV-GEN-py3dbp-any-1s.jsonl,py3dbp,pivot greedy,MPV-GEN-T1-N90-R06,1,90,6,1.0,VALID_COMPLETE,True,24,,,COMPLETED,0.19266891502775252
B05-MPV-GEN-py3dbp-any-1s.jsonl,py3dbp,pivot greedy,MPV-GEN-T1-N90-R07,1,90,7,1.0,VALID_COMPLETE,True,21,,,COMPLETED,0.21592676592990756
B05-MPV-GEN-py3dbp-any-1s.jsonl,py3dbp,pivot greedy,MPV-GEN-T1-N90-R08,1,90,8,1.0,VALID_COMPLETE,True,25,,,COMPLETED,0.21108266105875373
B05-MPV-GEN-py3dbp-any-1s.jsonl,py3dbp,pivot greedy,MPV-GEN-T1-N90-R09,1,90,9,1.0,VALID_COMPLETE,True,26,,,COMPLETED,0.1991788640152663
B05-MPV-GEN-py3dbp-any-1s.jsonl,py3dbp,pivot greedy,MPV-GEN-T1-N90-R10,1,90,10,1.0,VALID_COMPLETE,True,23,,,COMPLETED,0.20731016108766198
B05-MPV-GEN-py3dbp-any-1s.jsonl,py3dbp,pivot greedy,MPV-GEN-T6-N30-R01,6,30,1,1.0,VALID_COMPLETE,True,1,,,COMPLETED,0.11310252198018134
B05-MPV-GEN-py3dbp-any-1s.jsonl,py3dbp,pivot greedy,MPV-GEN-T6-N30-R02,6,30,2,1.0,VALID_COMPLETE,True,1,,,COMPLETED,0.11581577500328422
B05-MPV-GEN-py3dbp-any-1s.jsonl,py3dbp,pivot greedy,MPV-GEN-T6-N30-R03,6,30,3,1.0,VALID_COMPLETE,True,1,,,COMPLETED,0.1168997238855809
B05-MPV-GEN-py3dbp-any-1s.jsonl,py3dbp,pivot greedy,MPV-GEN-T6-N30-R04,6,30,4,1.0,VALID_COMPLETE,True,1,,,COMPLETED,0.11872604582458735
B05-MPV-GEN-py3dbp-any-1s.jsonl,py3dbp,pivot greedy,MPV-GEN-T6-N30-R05,6,30,5,1.0,VALID_COMPLETE,True,1,,,COMPLETED,0.1237305689137429
B05-MPV-GEN-py3dbp-any-1s.jsonl,py3dbp,pivot greedy,MPV-GEN-T6-N30-R06,6,30,6,1.0,VALID_COMPLETE,True,1,,,COMPLETED,0.12945010303519666
B05-MPV-GEN-py3dbp-any-1s.jsonl,py3dbp,pivot greedy,MPV-GEN-T6-N30-R07,6,30,7,1.0,VALID_COMPLETE,True,1,,,COMPLETED,0.13287827977910638
B05-MPV-GEN-py3dbp-any-1s.jsonl,py3dbp,pivot greedy,MPV-GEN-T6-N30-R08,6,30,8,1.0,VALID_COMPLETE,True,1,,,COMPLETED,0.12201265804469585
B05-MPV-GEN-py3dbp-any-1s.jsonl,py3dbp,pivot greedy,MPV-GEN-T6-N30-R09,6,30,9,1.0,VALID_COMPLETE,True,1,,,COMPLETED,0.12763878307305276
B05-MPV-GEN-py3dbp-any-1s.jsonl,py3dbp,pivot greedy,MPV-GEN-T6-N30-R10,6,30,10,1.0,VALID_COMPLETE,True,1,,,COMPLETED,0.12383276713080704
B05-MPV-GEN-py3dbp-any-1s.jsonl,py3dbp,pivot greedy,MPV-GEN-T6-N60-R01,6,60,1,1.0,VALID_COMPLETE,True,1,,,COMPLETED,0.29443753603845835
B05-MPV-GEN-py3dbp-any-1s.jsonl,py3dbp,pivot greedy,MPV-GEN-T6-N60-R02,6,60,2,1.0,VALID_COMPLETE,True,1,,,COMPLETED,0.32258405396714807
B05-MPV-GEN-py3dbp-any-1s.jsonl,py3dbp,pivot greedy,MPV-GEN-T6-N60-R03,6,60,3,1.0,VALID_COMPLETE,True,1,,,COMPLETED,0.3185054420027882
B05-MPV-GEN-py3dbp-any-1s.jsonl,py3dbp,pivot greedy,MPV-GEN-T6-N60-R04,6,60,4,1.0,VALID_COMPLETE,True,1,,,COMPLETED,0.3192321010865271
B05-MPV-GEN-py3dbp-any-1s.jsonl,py3dbp,pivot greedy,MPV-GEN-T6-N60-R05,6,60,5,1.0,VALID_COMPLETE,True,1,,,COMPLETED,0.2936993429902941
B05-MPV-GEN-py3dbp-any-1s.jsonl,py3dbp,pivot greedy,MPV-GEN-T6-N60-R06,6,60,6,1.0,VALID_COMPLETE,True,1,,,COMPLETED,0.3046253421343863
B05-MPV-GEN-py3dbp-any-1s.jsonl,py3dbp,pivot greedy,MPV-GEN-T6-N60-R07,6,60,7,1.0,VALID_COMPLETE,True,1,,,COMPLETED,0.29841674701310694
B05-MPV-GEN-py3dbp-any-1s.jsonl,py3dbp,pivot greedy,MPV-GEN-T6-N60-R08,6,60,8,1.0,VALID_COMPLETE,True,1,,,COMPLETED,0.27518831798806787
B05-MPV-GEN-py3dbp-any-1s.jsonl,py3dbp,pivot greedy,MPV-GEN-T6-N60-R09,6,60,9,1.0,VALID_COMPLETE,True,1,,,COMPLETED,0.30465129809454083
B05-MPV-GEN-py3dbp-any-1s.jsonl,py3dbp,pivot greedy,MPV-GEN-T6-N60-R10,6,60,10,1.0,VALID_COMPLETE,True,1,,,COMPLETED,0.2947127840016037
B05-MPV-GEN-py3dbp-any-1s.jsonl,py3dbp,pivot greedy,MPV-GEN-T6-N90-R01,6,90,1,1.0,VALID_COMPLETE,True,1,,,COMPLETED,0.7690775380469859
B05-MPV-GEN-py3dbp-any-1s.jsonl,py3dbp,pivot greedy,MPV-GEN-T6-N90-R02,6,90,2,1.0,VALID_COMPLETE,True,1,,,COMPLETED,0.7954741970170289
B05-MPV-GEN-py3dbp-any-1s.jsonl,py3dbp,pivot greedy,MPV-GEN-T6-N90-R03,6,90,3,1.0,VALID_COMPLETE,True,1,,,COMPLETED,0.7949773399159312
B05-MPV-GEN-py3dbp-any-1s.jsonl,py3dbp,pivot greedy,MPV-GEN-T6-N90-R04,6,90,4,1.0,VALID_COMPLETE,True,1,,,COMPLETED,0.7133373578544706
B05-MPV-GEN-py3dbp-any-1s.jsonl,py3dbp,pivot greedy,MPV-GEN-T6-N90-R05,6,90,5,1.0,VALID_COMPLETE,True,1,,,COMPLETED,0.8402167148888111
B05-MPV-GEN-py3dbp-any-1s.jsonl,py3dbp,pivot greedy,MPV-GEN-T6-N90-R06,6,90,6,1.0,VALID_COMPLETE,True,1,,,COMPLETED,0.8137779771350324
B05-MPV-GEN-py3dbp-any-1s.jsonl,py3dbp,pivot greedy,MPV-GEN-T6-N90-R07,6,90,7,1.0,VALID_COMPLETE,True,1,,,COMPLETED,0.7705147010274231
B05-MPV-GEN-py3dbp-any-1s.jsonl,py3dbp,pivot greedy,MPV-GEN-T6-N90-R08,6,90,8,1.0,VALID_COMPLETE,True,1,,,COMPLETED,0.7747900441754609
B05-MPV-GEN-py3dbp-any-1s.jsonl,py3dbp,pivot greedy,MPV-GEN-T6-N90-R09,6,90,9,1.0,VALID_COMPLETE,True,1,,,COMPLETED,0.8784085919614881
B05-MPV-GEN-py3dbp-any-1s.jsonl,py3dbp,pivot greedy,MPV-GEN-T6-N90-R10,6,90,10,1.0,VALID_COMPLETE,True,1,,,COMPLETED,0.9603542650584131
B05-MPV-GEN-py3dbp-any-1s.jsonl,py3dbp,pivot greedy,MPV-GEN-T7-N30-R01,7,30,1,1.0,VALID_COMPLETE,True,1,,,COMPLETED,0.12831259216181934
B05-MPV-GEN-py3dbp-any-1s.jsonl,py3dbp,pivot greedy,MPV-GEN-T7-N30-R02,7,30,2,1.0,VALID_COMPLETE,True,1,,,COMPLETED,0.1311857751570642
B05-MPV-GEN-py3dbp-any-1s.jsonl,py3dbp,pivot greedy,MPV-GEN-T7-N30-R03,7,30,3,1.0,VALID_COMPLETE,True,1,,,COMPLETED,0.12838689400814474
B05-MPV-GEN-py3dbp-any-1s.jsonl,py3dbp,pivot greedy,MPV-GEN-T7-N30-R04,7,30,4,1.0,VALID_COMPLETE,True,1,,,COMPLETED,0.1165889089461416
B05-MPV-GEN-py3dbp-any-1s.jsonl,py3dbp,pivot greedy,MPV-GEN-T7-N30-R05,7,30,5,1.0,VALID_COMPLETE,True,1,,,COMPLETED,0.1669310131110251
B05-MPV-GEN-py3dbp-any-1s.jsonl,py3dbp,pivot greedy,MPV-GEN-T7-N30-R06,7,30,6,1.0,VALID_COMPLETE,True,1,,,COMPLETED,0.13403076911345124
B05-MPV-GEN-py3dbp-any-1s.jsonl,py3dbp,pivot greedy,MPV-GEN-T7-N30-R07,7,30,7,1.0,VALID_COMPLETE,True,1,,,COMPLETED,0.15610059117898345
B05-MPV-GEN-py3dbp-any-1s.jsonl,py3dbp,pivot greedy,MPV-GEN-T7-N30-R08,7,30,8,1.0,VALID_COMPLETE,True,1,,,COMPLETED,0.15995567105710506
B05-MPV-GEN-py3dbp-any-1s.jsonl,py3dbp,pivot greedy,MPV-GEN-T7-N30-R09,7,30,9,1.0,VALID_COMPLETE,True,1,,,COMPLETED,0.15002102591097355
B05-MPV-GEN-py3dbp-any-1s.jsonl,py3dbp,pivot greedy,MPV-GEN-T7-N30-R10,7,30,10,1.0,VALID_COMPLETE,True,1,,,COMPLETED,0.15717542706988752
B05-MPV-GEN-py3dbp-any-1s.jsonl,py3dbp,pivot greedy,MPV-GEN-T7-N60-R01,7,60,1,1.0,VALID_COMPLETE,True,1,,,COMPLETED,0.3164143811445683
B05-MPV-GEN-py3dbp-any-1s.jsonl,py3dbp,pivot greedy,MPV-GEN-T7-N60-R02,7,60,2,1.0,VALID_COMPLETE,True,1,,,COMPLETED,0.3523992400150746
B05-MPV-GEN-py3dbp-any-1s.jsonl,py3dbp,pivot greedy,MPV-GEN-T7-N60-R03,7,60,3,1.0,VALID_COMPLETE,True,1,,,COMPLETED,0.39613165613263845
B05-MPV-GEN-py3dbp-any-1s.jsonl,py3dbp,pivot greedy,MPV-GEN-T7-N60-R04,7,60,4,1.0,VALID_COMPLETE,True,1,,,COMPLETED,0.3352833550889045
B05-MPV-GEN-py3dbp-any-1s.jsonl,py3dbp,pivot greedy,MPV-GEN-T7-N60-R05,7,60,5,1.0,VALID_COMPLETE,True,1,,,COMPLETED,0.32808632706291974
B05-MPV-GEN-py3dbp-any-1s.jsonl,py3dbp,pivot greedy,MPV-GEN-T7-N60-R06,7,60,6,1.0,VALID_COMPLETE,True,1,,,COMPLETED,0.4136208042036742
B05-MPV-GEN-py3dbp-any-1s.jsonl,py3dbp,pivot greedy,MPV-GEN-T7-N60-R07,7,60,7,1.0,VALID_COMPLETE,True,1,,,COMPLETED,0.3557807470206171
B05-MPV-GEN-py3dbp-any-1s.jsonl,py3dbp,pivot greedy,MPV-GEN-T7-N60-R08,7,60,8,1.0,VALID_COMPLETE,True,1,,,COMPLETED,0.2981488818768412
B05-MPV-GEN-py3dbp-any-1s.jsonl,py3dbp,pivot greedy,MPV-GEN-T7-N60-R09,7,60,9,1.0,VALID_COMPLETE,True,1,,,COMPLETED,0.30529793491587043
B05-MPV-GEN-py3dbp-any-1s.jsonl,py3dbp,pivot greedy,MPV-GEN-T7-N60-R10,7,60,10,1.0,VALID_COMPLETE,True,1,,,COMPLETED,0.31956592900678515
B05-MPV-GEN-py3dbp-any-1s.jsonl,py3dbp,pivot greedy,MPV-GEN-T7-N90-R01,7,90,1,1.0,VALID_COMPLETE,True,1,,,COMPLETED,0.8524099749047309
B05-MPV-GEN-py3dbp-any-1s.jsonl,py3dbp,pivot greedy,MPV-GEN-T7-N90-R02,7,90,2,1.0,VALID_COMPLETE,True,1,,,COMPLETED,0.823260627919808
B05-MPV-GEN-py3dbp-any-1s.jsonl,py3dbp,pivot greedy,MPV-GEN-T7-N90-R03,7,90,3,1.0,VALID_COMPLETE,True,1,,,COMPLETED,0.7124304149765521
B05-MPV-GEN-py3dbp-any-1s.jsonl,py3dbp,pivot greedy,MPV-GEN-T7-N90-R04,7,90,4,1.0,VALID_COMPLETE,True,1,,,COMPLETED,0.7766099500004202
B05-MPV-GEN-py3dbp-any-1s.jsonl,py3dbp,pivot greedy,MPV-GEN-T7-N90-R05,7,90,5,1.0,VALID_COMPLETE,True,1,,,COMPLETED,0.7844817012082785
B05-MPV-GEN-py3dbp-any-1s.jsonl,py3dbp,pivot greedy,MPV-GEN-T7-N90-R06,7,90,6,1.0,VALID_COMPLETE,True,1,,,COMPLETED,0.7689642028417438
B05-MPV-GEN-py3dbp-any-1s.jsonl,py3dbp,pivot greedy,MPV-GEN-T7-N90-R07,7,90,7,1.0,VALID_COMPLETE,True,1,,,COMPLETED,0.7804704098962247
B05-MPV-GEN-py3dbp-any-1s.jsonl,py3dbp,pivot greedy,MPV-GEN-T7-N90-R08,7,90,8,1.0,VALID_COMPLETE,True,1,,,COMPLETED,0.7711552949622273
B05-MPV-GEN-py3dbp-any-1s.jsonl,py3dbp,pivot greedy,MPV-GEN-T7-N90-R09,7,90,9,1.0,VALID_COMPLETE,True,1,,,COMPLETED,0.9177168339956552
B05-MPV-GEN-py3dbp-any-1s.jsonl,py3dbp,pivot greedy,MPV-GEN-T7-N90-R10,7,90,10,1.0,VALID_COMPLETE,True,1,,,COMPLETED,0.8344238251447678
B05-MPV-GEN-py3dbp-any-1s.jsonl,py3dbp,pivot greedy,MPV-GEN-T8-N30-R01,8,30,1,1.0,VALID_COMPLETE,True,5,,,COMPLETED,0.1088120942004025
B05-MPV-GEN-py3dbp-any-1s.jsonl,py3dbp,pivot greedy,MPV-GEN-T8-N30-R02,8,30,2,1.0,VALID_COMPLETE,True,5,,,COMPLETED,0.12173199001699686
B05-MPV-GEN-py3dbp-any-1s.jsonl,py3dbp,pivot greedy,MPV-GEN-T8-N30-R03,8,30,3,1.0,VALID_COMPLETE,True,7,,,COMPLETED,0.12245724000968039
B05-MPV-GEN-py3dbp-any-1s.jsonl,py3dbp,pivot greedy,MPV-GEN-T8-N30-R04,8,30,4,1.0,VALID_COMPLETE,True,4,,,COMPLETED,0.1264724349603057
B05-MPV-GEN-py3dbp-any-1s.jsonl,py3dbp,pivot greedy,MPV-GEN-T8-N30-R05,8,30,5,1.0,VALID_COMPLETE,True,6,,,COMPLETED,0.12984722619876266
B05-MPV-GEN-py3dbp-any-1s.jsonl,py3dbp,pivot greedy,MPV-GEN-T8-N30-R06,8,30,6,1.0,VALID_COMPLETE,True,6,,,COMPLETED,0.12130629387684166
B05-MPV-GEN-py3dbp-any-1s.jsonl,py3dbp,pivot greedy,MPV-GEN-T8-N30-R07,8,30,7,1.0,VALID_COMPLETE,True,5,,,COMPLETED,0.11868205107748508
B05-MPV-GEN-py3dbp-any-1s.jsonl,py3dbp,pivot greedy,MPV-GEN-T8-N30-R08,8,30,8,1.0,VALID_COMPLETE,True,5,,,COMPLETED,0.13109260890632868
B05-MPV-GEN-py3dbp-any-1s.jsonl,py3dbp,pivot greedy,MPV-GEN-T8-N30-R09,8,30,9,1.0,VALID_COMPLETE,True,8,,,COMPLETED,0.11182432086206973
B05-MPV-GEN-py3dbp-any-1s.jsonl,py3dbp,pivot greedy,MPV-GEN-T8-N30-R10,8,30,10,1.0,VALID_COMPLETE,True,5,,,COMPLETED,0.12780603393912315
B05-MPV-GEN-py3dbp-any-1s.jsonl,py3dbp,pivot greedy,MPV-GEN-T8-N60-R01,8,60,1,1.0,VALID_COMPLETE,True,12,,,COMPLETED,0.1521919439546764
B05-MPV-GEN-py3dbp-any-1s.jsonl,py3dbp,pivot greedy,MPV-GEN-T8-N60-R02,8,60,2,1.0,VALID_COMPLETE,True,13,,,COMPLETED,0.14953774213790894
B05-MPV-GEN-py3dbp-any-1s.jsonl,py3dbp,pivot greedy,MPV-GEN-T8-N60-R03,8,60,3,1.0,VALID_COMPLETE,True,12,,,COMPLETED,0.17262706998735666
B05-MPV-GEN-py3dbp-any-1s.jsonl,py3dbp,pivot greedy,MPV-GEN-T8-N60-R04,8,60,4,1.0,VALID_COMPLETE,True,8,,,COMPLETED,0.17139957519248128
B05-MPV-GEN-py3dbp-any-1s.jsonl,py3dbp,pivot greedy,MPV-GEN-T8-N60-R05,8,60,5,1.0,VALID_COMPLETE,True,11,,,COMPLETED,0.14689745800569654
B05-MPV-GEN-py3dbp-any-1s.jsonl,py3dbp,pivot greedy,MPV-GEN-T8-N60-R06,8,60,6,1.0,VALID_COMPLETE,True,10,,,COMPLETED,0.14925054996274412
B05-MPV-GEN-py3dbp-any-1s.jsonl,py3dbp,pivot greedy,MPV-GEN-T8-N60-R07,8,60,7,1.0,VALID_COMPLETE,True,10,,,COMPLETED,0.1602123121265322
B05-MPV-GEN-py3dbp-any-1s.jsonl,py3dbp,pivot greedy,MPV-GEN-T8-N60-R08,8,60,8,1.0,VALID_COMPLETE,True,8,,,COMPLETED,0.1593897279817611
B05-MPV-GEN-py3dbp-any-1s.jsonl,py3dbp,pivot greedy,MPV-GEN-T8-N60-R09,8,60,9,1.0,VALID_COMPLETE,True,11,,,COMPLETED,0.17354355612769723
B05-MPV-GEN-py3dbp-any-1s.jsonl,py3dbp,pivot greedy,MPV-GEN-T8-N60-R10,8,60,10,1.0,VALID_COMPLETE,True,11,,,COMPLETED,0.16147879394702613
B05-MPV-GEN-py3dbp-any-1s.jsonl,py3dbp,pivot greedy,MPV-GEN-T8-N90-R01,8,90,1,1.0,VALID_COMPLETE,True,11,,,COMPLETED,0.2810793239623308
B05-MPV-GEN-py3dbp-any-1s.jsonl,py3dbp,pivot greedy,MPV-GEN-T8-N90-R02,8,90,2,1.0,VALID_COMPLETE,True,11,,,COMPLETED,0.27741269301623106
B05-MPV-GEN-py3dbp-any-1s.jsonl,py3dbp,pivot greedy,MPV-GEN-T8-N90-R03,8,90,3,1.0,VALID_COMPLETE,True,16,,,COMPLETED,0.23007176886312664
B05-MPV-GEN-py3dbp-any-1s.jsonl,py3dbp,pivot greedy,MPV-GEN-T8-N90-R04,8,90,4,1.0,VALID_COMPLETE,True,15,,,COMPLETED,0.24511207500472665
B05-MPV-GEN-py3dbp-any-1s.jsonl,py3dbp,pivot greedy,MPV-GEN-T8-N90-R05,8,90,5,1.0,VALID_COMPLETE,True,15,,,COMPLETED,0.2364728341344744
B05-MPV-GEN-py3dbp-any-1s.jsonl,py3dbp,pivot greedy,MPV-GEN-T8-N90-R06,8,90,6,1.0,VALID_COMPLETE,True,16,,,COMPLETED,0.24387102713808417
B05-MPV-GEN-py3dbp-any-1s.jsonl,py3dbp,pivot greedy,MPV-GEN-T8-N90-R07,8,90,7,1.0,VALID_COMPLETE,True,14,,,COMPLETED,0.2801529918797314
B05-MPV-GEN-py3dbp-any-1s.jsonl,py3dbp,pivot greedy,MPV-GEN-T8-N90-R08,8,90,8,1.0,VALID_COMPLETE,True,13,,,COMPLETED,0.28933613398112357
B05-MPV-GEN-py3dbp-any-1s.jsonl,py3dbp,pivot greedy,MPV-GEN-T8-N90-R09,8,90,9,1.0,VALID_COMPLETE,True,16,,,COMPLETED,0.28402078920044005
B05-MPV-GEN-py3dbp-any-1s.jsonl,py3dbp,pivot greedy,MPV-GEN-T8-N90-R10,8,90,10,1.0,VALID_COMPLETE,True,14,,,COMPLETED,0.2642640960402787
B05-MPV-GEN-py3dbp-any-1s.jsonl,py3dbp,pivot greedy,MPV-GEN-T9-N30-R01,9,30,1,1.0,VALID_COMPLETE,True,4,,,COMPLETED,0.12698081508278847
B05-MPV-GEN-py3dbp-any-1s.jsonl,py3dbp,pivot greedy,MPV-GEN-T9-N30-R02,9,30,2,1.0,VALID_COMPLETE,True,4,,,COMPLETED,0.11964446702040732
B05-MPV-GEN-py3dbp-any-1s.jsonl,py3dbp,pivot greedy,MPV-GEN-T9-N30-R03,9,30,3,1.0,VALID_COMPLETE,True,4,,,COMPLETED,0.12639567302539945
B05-MPV-GEN-py3dbp-any-1s.jsonl,py3dbp,pivot greedy,MPV-GEN-T9-N30-R04,9,30,4,1.0,VALID_COMPLETE,True,4,,,COMPLETED,0.1237421149853617
B05-MPV-GEN-py3dbp-any-1s.jsonl,py3dbp,pivot greedy,MPV-GEN-T9-N30-R05,9,30,5,1.0,VALID_COMPLETE,True,4,,,COMPLETED,0.13718327111564577
B05-MPV-GEN-py3dbp-any-1s.jsonl,py3dbp,pivot greedy,MPV-GEN-T9-N30-R06,9,30,6,1.0,VALID_COMPLETE,True,4,,,COMPLETED,0.13125624507665634
B05-MPV-GEN-py3dbp-any-1s.jsonl,py3dbp,pivot greedy,MPV-GEN-T9-N30-R07,9,30,7,1.0,VALID_COMPLETE,True,4,,,COMPLETED,0.11641363403759897
B05-MPV-GEN-py3dbp-any-1s.jsonl,py3dbp,pivot greedy,MPV-GEN-T9-N30-R08,9,30,8,1.0,VALID_COMPLETE,True,4,,,COMPLETED,0.11826472799293697
B05-MPV-GEN-py3dbp-any-1s.jsonl,py3dbp,pivot greedy,MPV-GEN-T9-N30-R09,9,30,9,1.0,VALID_COMPLETE,True,4,,,COMPLETED,0.12127851415425539
B05-MPV-GEN-py3dbp-any-1s.jsonl,py3dbp,pivot greedy,MPV-GEN-T9-N30-R10,9,30,10,1.0,VALID_COMPLETE,True,5,,,COMPLETED,0.12085684901103377
B05-MPV-GEN-py3dbp-any-1s.jsonl,py3dbp,pivot greedy,MPV-GEN-T9-N60-R01,9,60,1,1.0,VALID_COMPLETE,True,4,,,COMPLETED,0.2348086789716035
B05-MPV-GEN-py3dbp-any-1s.jsonl,py3dbp,pivot greedy,MPV-GEN-T9-N60-R02,9,60,2,1.0,VALID_COMPLETE,True,4,,,COMPLETED,0.20074204704724252
B05-MPV-GEN-py3dbp-any-1s.jsonl,py3dbp,pivot greedy,MPV-GEN-T9-N60-R03,9,60,3,1.0,VALID_COMPLETE,True,4,,,COMPLETED,0.21744993701577187
B05-MPV-GEN-py3dbp-any-1s.jsonl,py3dbp,pivot greedy,MPV-GEN-T9-N60-R04,9,60,4,1.0,VALID_COMPLETE,True,4,,,COMPLETED,0.20492749102413654
B05-MPV-GEN-py3dbp-any-1s.jsonl,py3dbp,pivot greedy,MPV-GEN-T9-N60-R05,9,60,5,1.0,VALID_COMPLETE,True,4,,,COMPLETED,0.21555155608803034
B05-MPV-GEN-py3dbp-any-1s.jsonl,py3dbp,pivot greedy,MPV-GEN-T9-N60-R06,9,60,6,1.0,VALID_COMPLETE,True,5,,,COMPLETED,0.21624939609318972
B05-MPV-GEN-py3dbp-any-1s.jsonl,py3dbp,pivot greedy,MPV-GEN-T9-N60-R07,9,60,7,1.0,VALID_COMPLETE,True,4,,,COMPLETED,0.2206436248961836
B05-MPV-GEN-py3dbp-any-1s.jsonl,py3dbp,pivot greedy,MPV-GEN-T9-N60-R08,9,60,8,1.0,VALID_COMPLETE,True,4,,,COMPLETED,0.21962438500486314
B05-MPV-GEN-py3dbp-any-1s.jsonl,py3dbp,pivot greedy,MPV-GEN-T9-N60-R09,9,60,9,1.0,VALID_COMPLETE,True,4,,,COMPLETED,0.2063147670123726
B05-MPV-GEN-py3dbp-any-1s.jsonl,py3dbp,pivot greedy,MPV-GEN-T9-N60-R10,9,60,10,1.0,VALID_COMPLETE,True,4,,,COMPLETED,0.19860940286889672
B05-MPV-GEN-py3dbp-any-1s.jsonl,py3dbp,pivot greedy,MPV-GEN-T9-N90-R01,9,90,1,1.0,VALID_COMPLETE,True,4,,,COMPLETED,0.37441455107182264
B05-MPV-GEN-py3dbp-any-1s.jsonl,py3dbp,pivot greedy,MPV-GEN-T9-N90-R02,9,90,2,1.0,VALID_COMPLETE,True,4,,,COMPLETED,0.4123803561087698
B05-MPV-GEN-py3dbp-any-1s.jsonl,py3dbp,pivot greedy,MPV-GEN-T9-N90-R03,9,90,3,1.0,VALID_COMPLETE,True,4,,,COMPLETED,0.4339970101136714
B05-MPV-GEN-py3dbp-any-1s.jsonl,py3dbp,pivot greedy,MPV-GEN-T9-N90-R04,9,90,4,1.0,VALID_COMPLETE,True,4,,,COMPLETED,0.3902570290956646
B05-MPV-GEN-py3dbp-any-1s.jsonl,py3dbp,pivot greedy,MPV-GEN-T9-N90-R05,9,90,5,1.0,VALID_COMPLETE,True,5,,,COMPLETED,0.44198824116028845
B05-MPV-GEN-py3dbp-any-1s.jsonl,py3dbp,pivot greedy,MPV-GEN-T9-N90-R06,9,90,6,1.0,VALID_COMPLETE,True,5,,,COMPLETED,0.44146273704245687
B05-MPV-GEN-py3dbp-any-1s.jsonl,py3dbp,pivot greedy,MPV-GEN-T9-N90-R07,9,90,7,1.0,VALID_COMPLETE,True,4,,,COMPLETED,0.3704831008799374
B05-MPV-GEN-py3dbp-any-1s.jsonl,py3dbp,pivot greedy,MPV-GEN-T9-N90-R08,9,90,8,1.0,VALID_COMPLETE,True,4,,,COMPLETED,0.38065410894341767
B05-MPV-GEN-py3dbp-any-1s.jsonl,py3dbp,pivot greedy,MPV-GEN-T9-N90-R09,9,90,9,1.0,VALID_COMPLETE,True,4,,,COMPLETED,0.36980648594908416
B05-MPV-GEN-py3dbp-any-1s.jsonl,py3dbp,pivot greedy,MPV-GEN-T9-N90-R10,9,90,10,1.0,VALID_COMPLETE,True,5,,,COMPLETED,0.3609812699723989
B05-MPV-GEN-rust-brkga-fixed-10s.jsonl,rust_brkga,brkga,MPV-GEN-T1-N30-R01,1,30,1,10.0,VALID_COMPLETE,True,9,,,COMPLETED,0.07104193302802742
B05-MPV-GEN-rust-brkga-fixed-10s.jsonl,rust_brkga,brkga,MPV-GEN-T1-N30-R02,1,30,2,10.0,VALID_COMPLETE,True,11,,,COMPLETED,0.056314084911718965
B05-MPV-GEN-rust-brkga-fixed-10s.jsonl,rust_brkga,brkga,MPV-GEN-T1-N30-R03,1,30,3,10.0,VALID_COMPLETE,True,8,,,COMPLETED,0.0592266118619591
B05-MPV-GEN-rust-brkga-fixed-10s.jsonl,rust_brkga,brkga,MPV-GEN-T1-N30-R04,1,30,4,10.0,VALID_COMPLETE,True,8,,,COMPLETED,0.05678317788988352
B05-MPV-GEN-rust-brkga-fixed-10s.jsonl,rust_brkga,brkga,MPV-GEN-T1-N30-R05,1,30,5,10.0,VALID_COMPLETE,True,11,,,COMPLETED,0.04644640488550067
B05-MPV-GEN-rust-brkga-fixed-10s.jsonl,rust_brkga,brkga,MPV-GEN-T1-N30-R06,1,30,6,10.0,VALID_COMPLETE,True,9,,,COMPLETED,0.09540575998835266
B05-MPV-GEN-rust-brkga-fixed-10s.jsonl,rust_brkga,brkga,MPV-GEN-T1-N30-R07,1,30,7,10.0,VALID_COMPLETE,True,8,,,COMPLETED,0.09101855102926493
B05-MPV-GEN-rust-brkga-fixed-10s.jsonl,rust_brkga,brkga,MPV-GEN-T1-N30-R08,1,30,8,10.0,VALID_COMPLETE,True,10,,,COMPLETED,0.06422156211920083
B05-MPV-GEN-rust-brkga-fixed-10s.jsonl,rust_brkga,brkga,MPV-GEN-T1-N30-R09,1,30,9,10.0,VALID_COMPLETE,True,10,,,COMPLETED,0.06345480983145535
B05-MPV-GEN-rust-brkga-fixed-10s.jsonl,rust_brkga,brkga,MPV-GEN-T1-N30-R10,1,30,10,10.0,VALID_COMPLETE,True,9,,,COMPLETED,0.09284460102207959
B05-MPV-GEN-rust-brkga-fixed-10s.jsonl,rust_brkga,brkga,MPV-GEN-T1-N60-R01,1,60,1,10.0,VALID_COMPLETE,True,16,,,COMPLETED,0.418790842872113
B05-MPV-GEN-rust-brkga-fixed-10s.jsonl,rust_brkga,brkga,MPV-GEN-T1-N60-R02,1,60,2,10.0,VALID_COMPLETE,True,17,,,COMPLETED,0.5145174891222268
B05-MPV-GEN-rust-brkga-fixed-10s.jsonl,rust_brkga,brkga,MPV-GEN-T1-N60-R03,1,60,3,10.0,VALID_COMPLETE,True,18,,,COMPLETED,0.1673943381756544
B05-MPV-GEN-rust-brkga-fixed-10s.jsonl,rust_brkga,brkga,MPV-GEN-T1-N60-R04,1,60,4,10.0,VALID_COMPLETE,True,16,,,COMPLETED,0.12166130100376904
B05-MPV-GEN-rust-brkga-fixed-10s.jsonl,rust_brkga,brkga,MPV-GEN-T1-N60-R05,1,60,5,10.0,VALID_COMPLETE,True,21,,,COMPLETED,0.19271806813776493
B05-MPV-GEN-rust-brkga-fixed-10s.jsonl,rust_brkga,brkga,MPV-GEN-T1-N60-R06,1,60,6,10.0,VALID_COMPLETE,True,18,,,COMPLETED,0.2792114729527384
B05-MPV-GEN-rust-brkga-fixed-10s.jsonl,rust_brkga,brkga,MPV-GEN-T1-N60-R07,1,60,7,10.0,VALID_COMPLETE,True,17,,,COMPLETED,0.5282302908599377
B05-MPV-GEN-rust-brkga-fixed-10s.jsonl,rust_brkga,brkga,MPV-GEN-T1-N60-R08,1,60,8,10.0,VALID_COMPLETE,True,18,,,COMPLETED,0.22482633707113564
B05-MPV-GEN-rust-brkga-fixed-10s.jsonl,rust_brkga,brkga,MPV-GEN-T1-N60-R09,1,60,9,10.0,VALID_COMPLETE,True,18,,,COMPLETED,0.21233111200854182
B05-MPV-GEN-rust-brkga-fixed-10s.jsonl,rust_brkga,brkga,MPV-GEN-T1-N60-R10,1,60,10,10.0,VALID_COMPLETE,True,17,,,COMPLETED,0.2904722790699452
B05-MPV-GEN-rust-brkga-fixed-10s.jsonl,rust_brkga,brkga,MPV-GEN-T1-N90-R01,1,90,1,10.0,VALID_COMPLETE,True,30,,,COMPLETED,0.543650534003973
B05-MPV-GEN-rust-brkga-fixed-10s.jsonl,rust_brkga,brkga,MPV-GEN-T1-N90-R02,1,90,2,10.0,VALID_COMPLETE,True,26,,,COMPLETED,0.5367444779258221
B05-MPV-GEN-rust-brkga-fixed-10s.jsonl,rust_brkga,brkga,MPV-GEN-T1-N90-R03,1,90,3,10.0,VALID_COMPLETE,True,27,,,COMPLETED,0.43751380196772516
B05-MPV-GEN-rust-brkga-fixed-10s.jsonl,rust_brkga,brkga,MPV-GEN-T1-N90-R04,1,90,4,10.0,VALID_COMPLETE,True,25,,,COMPLETED,0.5617369620595127
B05-MPV-GEN-rust-brkga-fixed-10s.jsonl,rust_brkga,brkga,MPV-GEN-T1-N90-R05,1,90,5,10.0,VALID_COMPLETE,True,31,,,COMPLETED,0.7292873321566731
B05-MPV-GEN-rust-brkga-fixed-10s.jsonl,rust_brkga,brkga,MPV-GEN-T1-N90-R06,1,90,6,10.0,VALID_COMPLETE,True,28,,,COMPLETED,0.762236654991284
B05-MPV-GEN-rust-brkga-fixed-10s.jsonl,rust_brkga,brkga,MPV-GEN-T1-N90-R07,1,90,7,10.0,VALID_COMPLETE,True,24,,,COMPLETED,0.8054586569778621
B05-MPV-GEN-rust-brkga-fixed-10s.jsonl,rust_brkga,brkga,MPV-GEN-T1-N90-R08,1,90,8,10.0,VALID_COMPLETE,True,27,,,COMPLETED,0.638958086958155
B05-MPV-GEN-rust-brkga-fixed-10s.jsonl,rust_brkga,brkga,MPV-GEN-T1-N90-R09,1,90,9,10.0,VALID_COMPLETE,True,30,,,COMPLETED,0.42080629291012883
B05-MPV-GEN-rust-brkga-fixed-10s.jsonl,rust_brkga,brkga,MPV-GEN-T1-N90-R10,1,90,10,10.0,VALID_COMPLETE,True,28,,,COMPLETED,0.5211159700993448
B05-MPV-GEN-rust-brkga-fixed-10s.jsonl,rust_brkga,brkga,MPV-GEN-T6-N30-R01,6,30,1,10.0,VALID_COMPLETE,True,1,,,COMPLETED,0.07069666380994022
B05-MPV-GEN-rust-brkga-fixed-10s.jsonl,rust_brkga,brkga,MPV-GEN-T6-N30-R02,6,30,2,10.0,VALID_COMPLETE,True,1,,,COMPLETED,0.06878412305377424
B05-MPV-GEN-rust-brkga-fixed-10s.jsonl,rust_brkga,brkga,MPV-GEN-T6-N30-R03,6,30,3,10.0,VALID_COMPLETE,True,1,,,COMPLETED,0.06509368191473186
B05-MPV-GEN-rust-brkga-fixed-10s.jsonl,rust_brkga,brkga,MPV-GEN-T6-N30-R04,6,30,4,10.0,VALID_COMPLETE,True,2,,,COMPLETED,0.05230584507808089
B05-MPV-GEN-rust-brkga-fixed-10s.jsonl,rust_brkga,brkga,MPV-GEN-T6-N30-R05,6,30,5,10.0,VALID_COMPLETE,True,2,,,COMPLETED,0.046643408946692944
B05-MPV-GEN-rust-brkga-fixed-10s.jsonl,rust_brkga,brkga,MPV-GEN-T6-N30-R06,6,30,6,10.0,VALID_COMPLETE,True,2,,,COMPLETED,0.04632627801038325
B05-MPV-GEN-rust-brkga-fixed-10s.jsonl,rust_brkga,brkga,MPV-GEN-T6-N30-R07,6,30,7,10.0,VALID_COMPLETE,True,2,,,COMPLETED,0.1328202160075307
B05-MPV-GEN-rust-brkga-fixed-10s.jsonl,rust_brkga,brkga,MPV-GEN-T6-N30-R08,6,30,8,10.0,VALID_COMPLETE,True,2,,,COMPLETED,0.04113922407850623
B05-MPV-GEN-rust-brkga-fixed-10s.jsonl,rust_brkga,brkga,MPV-GEN-T6-N30-R09,6,30,9,10.0,VALID_COMPLETE,True,1,,,COMPLETED,0.06666796491481364
B05-MPV-GEN-rust-brkga-fixed-10s.jsonl,rust_brkga,brkga,MPV-GEN-T6-N30-R10,6,30,10,10.0,VALID_COMPLETE,True,1,,,COMPLETED,0.07576905004680157
B05-MPV-GEN-rust-brkga-fixed-10s.jsonl,rust_brkga,brkga,MPV-GEN-T6-N60-R01,6,60,1,10.0,VALID_COMPLETE,True,2,,,COMPLETED,0.22745853592641652
B05-MPV-GEN-rust-brkga-fixed-10s.jsonl,rust_brkga,brkga,MPV-GEN-T6-N60-R02,6,60,2,10.0,VALID_COMPLETE,True,2,,,COMPLETED,0.15825659898109734
B05-MPV-GEN-rust-brkga-fixed-10s.jsonl,rust_brkga,brkga,MPV-GEN-T6-N60-R03,6,60,3,10.0,VALID_COMPLETE,True,2,,,COMPLETED,0.11659626592881978
B05-MPV-GEN-rust-brkga-fixed-10s.jsonl,rust_brkga,brkga,MPV-GEN-T6-N60-R04,6,60,4,10.0,VALID_COMPLETE,True,2,,,COMPLETED,0.1626363501418382
B05-MPV-GEN-rust-brkga-fixed-10s.jsonl,rust_brkga,brkga,MPV-GEN-T6-N60-R05,6,60,5,10.0,VALID_COMPLETE,True,2,,,COMPLETED,0.1719650849699974
B05-MPV-GEN-rust-brkga-fixed-10s.jsonl,rust_brkga,brkga,MPV-GEN-T6-N60-R06,6,60,6,10.0,VALID_COMPLETE,True,2,,,COMPLETED,0.1066652440931648
B05-MPV-GEN-rust-brkga-fixed-10s.jsonl,rust_brkga,brkga,MPV-GEN-T6-N60-R07,6,60,7,10.0,VALID_COMPLETE,True,2,,,COMPLETED,0.18897131993435323
B05-MPV-GEN-rust-brkga-fixed-10s.jsonl,rust_brkga,brkga,MPV-GEN-T6-N60-R08,6,60,8,10.0,VALID_COMPLETE,True,2,,,COMPLETED,0.11054793698713183
B05-MPV-GEN-rust-brkga-fixed-10s.jsonl,rust_brkga,brkga,MPV-GEN-T6-N60-R09,6,60,9,10.0,VALID_COMPLETE,True,2,,,COMPLETED,0.08930901507847011
B05-MPV-GEN-rust-brkga-fixed-10s.jsonl,rust_brkga,brkga,MPV-GEN-T6-N60-R10,6,60,10,10.0,VALID_COMPLETE,True,2,,,COMPLETED,0.07647961191833019
B05-MPV-GEN-rust-brkga-fixed-10s.jsonl,rust_brkga,brkga,MPV-GEN-T6-N90-R01,6,90,1,10.0,VALID_COMPLETE,True,2,,,COMPLETED,0.11056506913155317
B05-MPV-GEN-rust-brkga-fixed-10s.jsonl,rust_brkga,brkga,MPV-GEN-T6-N90-R02,6,90,2,10.0,VALID_COMPLETE,True,2,,,COMPLETED,0.12121564382687211
B05-MPV-GEN-rust-brkga-fixed-10s.jsonl,rust_brkga,brkga,MPV-GEN-T6-N90-R03,6,90,3,10.0,VALID_COMPLETE,True,2,,,COMPLETED,0.20469083194620907
B05-MPV-GEN-rust-brkga-fixed-10s.jsonl,rust_brkga,brkga,MPV-GEN-T6-N90-R04,6,90,4,10.0,VALID_COMPLETE,True,2,,,COMPLETED,0.12730548903346062
B05-MPV-GEN-rust-brkga-fixed-10s.jsonl,rust_brkga,brkga,MPV-GEN-T6-N90-R05,6,90,5,10.0,VALID_COMPLETE,True,2,,,COMPLETED,0.1872494991403073
B05-MPV-GEN-rust-brkga-fixed-10s.jsonl,rust_brkga,brkga,MPV-GEN-T6-N90-R06,6,90,6,10.0,VALID_COMPLETE,True,2,,,COMPLETED,0.15342907700687647
B05-MPV-GEN-rust-brkga-fixed-10s.jsonl,rust_brkga,brkga,MPV-GEN-T6-N90-R07,6,90,7,10.0,VALID_COMPLETE,True,2,,,COMPLETED,0.1761934799142182
B05-MPV-GEN-rust-brkga-fixed-10s.jsonl,rust_brkga,brkga,MPV-GEN-T6-N90-R08,6,90,8,10.0,VALID_COMPLETE,True,2,,,COMPLETED,0.20279874396510422
B05-MPV-GEN-rust-brkga-fixed-10s.jsonl,rust_brkga,brkga,MPV-GEN-T6-N90-R09,6,90,9,10.0,VALID_COMPLETE,True,2,,,COMPLETED,0.19491676799952984
B05-MPV-GEN-rust-brkga-fixed-10s.jsonl,rust_brkga,brkga,MPV-GEN-T6-N90-R10,6,90,10,10.0,VALID_COMPLETE,True,2,,,COMPLETED,0.23470091703347862
B05-MPV-GEN-rust-brkga-fixed-10s.jsonl,rust_brkga,brkga,MPV-GEN-T7-N30-R01,7,30,1,10.0,VALID_COMPLETE,True,1,,,COMPLETED,0.08831064682453871
B05-MPV-GEN-rust-brkga-fixed-10s.jsonl,rust_brkga,brkga,MPV-GEN-T7-N30-R02,7,30,2,10.0,VALID_COMPLETE,True,2,,,COMPLETED,0.07392185903154314
B05-MPV-GEN-rust-brkga-fixed-10s.jsonl,rust_brkga,brkga,MPV-GEN-T7-N30-R03,7,30,3,10.0,VALID_COMPLETE,True,2,,,COMPLETED,0.0503098841290921
B05-MPV-GEN-rust-brkga-fixed-10s.jsonl,rust_brkga,brkga,MPV-GEN-T7-N30-R04,7,30,4,10.0,VALID_COMPLETE,True,2,,,COMPLETED,0.06657740706577897
B05-MPV-GEN-rust-brkga-fixed-10s.jsonl,rust_brkga,brkga,MPV-GEN-T7-N30-R05,7,30,5,10.0,VALID_COMPLETE,True,2,,,COMPLETED,0.05011233501136303
B05-MPV-GEN-rust-brkga-fixed-10s.jsonl,rust_brkga,brkga,MPV-GEN-T7-N30-R06,7,30,6,10.0,VALID_COMPLETE,True,2,,,COMPLETED,0.03921501408331096
B05-MPV-GEN-rust-brkga-fixed-10s.jsonl,rust_brkga,brkga,MPV-GEN-T7-N30-R07,7,30,7,10.0,VALID_COMPLETE,True,1,,,COMPLETED,0.04908094881102443
B05-MPV-GEN-rust-brkga-fixed-10s.jsonl,rust_brkga,brkga,MPV-GEN-T7-N30-R08,7,30,8,10.0,VALID_COMPLETE,True,2,,,COMPLETED,0.052133999997749925
B05-MPV-GEN-rust-brkga-fixed-10s.jsonl,rust_brkga,brkga,MPV-GEN-T7-N30-R09,7,30,9,10.0,VALID_COMPLETE,True,1,,,COMPLETED,0.08022352983243763
B05-MPV-GEN-rust-brkga-fixed-10s.jsonl,rust_brkga,brkga,MPV-GEN-T7-N30-R10,7,30,10,10.0,VALID_COMPLETE,True,2,,,COMPLETED,0.057017063023522496
B05-MPV-GEN-rust-brkga-fixed-10s.jsonl,rust_brkga,brkga,MPV-GEN-T7-N60-R01,7,60,1,10.0,VALID_COMPLETE,True,2,,,COMPLETED,0.10163075407035649
B05-MPV-GEN-rust-brkga-fixed-10s.jsonl,rust_brkga,brkga,MPV-GEN-T7-N60-R02,7,60,2,10.0,VALID_COMPLETE,True,2,,,COMPLETED,0.1045218980871141
B05-MPV-GEN-rust-brkga-fixed-10s.jsonl,rust_brkga,brkga,MPV-GEN-T7-N60-R03,7,60,3,10.0,VALID_COMPLETE,True,2,,,COMPLETED,0.17648334195837379
B05-MPV-GEN-rust-brkga-fixed-10s.jsonl,rust_brkga,brkga,MPV-GEN-T7-N60-R04,7,60,4,10.0,VALID_COMPLETE,True,2,,,COMPLETED,0.11142742005176842
B05-MPV-GEN-rust-brkga-fixed-10s.jsonl,rust_brkga,brkga,MPV-GEN-T7-N60-R05,7,60,5,10.0,VALID_COMPLETE,True,2,,,COMPLETED,0.12053651013411582
B05-MPV-GEN-rust-brkga-fixed-10s.jsonl,rust_brkga,brkga,MPV-GEN-T7-N60-R06,7,60,6,10.0,VALID_COMPLETE,True,2,,,COMPLETED,0.15940781799145043
B05-MPV-GEN-rust-brkga-fixed-10s.jsonl,rust_brkga,brkga,MPV-GEN-T7-N60-R07,7,60,7,10.0,VALID_COMPLETE,True,2,,,COMPLETED,0.12910891510546207
B05-MPV-GEN-rust-brkga-fixed-10s.jsonl,rust_brkga,brkga,MPV-GEN-T7-N60-R08,7,60,8,10.0,VALID_COMPLETE,True,2,,,COMPLETED,0.11710995598696172
B05-MPV-GEN-rust-brkga-fixed-10s.jsonl,rust_brkga,brkga,MPV-GEN-T7-N60-R09,7,60,9,10.0,VALID_COMPLETE,True,2,,,COMPLETED,0.10070995497517288
B05-MPV-GEN-rust-brkga-fixed-10s.jsonl,rust_brkga,brkga,MPV-GEN-T7-N60-R10,7,60,10,10.0,VALID_COMPLETE,True,2,,,COMPLETED,0.17106549791060388
B05-MPV-GEN-rust-brkga-fixed-10s.jsonl,rust_brkga,brkga,MPV-GEN-T7-N90-R01,7,90,1,10.0,VALID_COMPLETE,True,3,,,COMPLETED,0.12734038685448468
B05-MPV-GEN-rust-brkga-fixed-10s.jsonl,rust_brkga,brkga,MPV-GEN-T7-N90-R02,7,90,2,10.0,VALID_COMPLETE,True,2,,,COMPLETED,0.1266999659128487
B05-MPV-GEN-rust-brkga-fixed-10s.jsonl,rust_brkga,brkga,MPV-GEN-T7-N90-R03,7,90,3,10.0,VALID_COMPLETE,True,2,,,COMPLETED,0.13536745798774064
B05-MPV-GEN-rust-brkga-fixed-10s.jsonl,rust_brkga,brkga,MPV-GEN-T7-N90-R04,7,90,4,10.0,VALID_COMPLETE,True,2,,,COMPLETED,0.20908326096832752
B05-MPV-GEN-rust-brkga-fixed-10s.jsonl,rust_brkga,brkga,MPV-GEN-T7-N90-R05,7,90,5,10.0,VALID_COMPLETE,True,2,,,COMPLETED,0.18054750794544816
B05-MPV-GEN-rust-brkga-fixed-10s.jsonl,rust_brkga,brkga,MPV-GEN-T7-N90-R06,7,90,6,10.0,VALID_COMPLETE,True,3,,,COMPLETED,0.1982306360732764
B05-MPV-GEN-rust-brkga-fixed-10s.jsonl,rust_brkga,brkga,MPV-GEN-T7-N90-R07,7,90,7,10.0,VALID_COMPLETE,True,3,,,COMPLETED,0.23219196498394012
B05-MPV-GEN-rust-brkga-fixed-10s.jsonl,rust_brkga,brkga,MPV-GEN-T7-N90-R08,7,90,8,10.0,VALID_COMPLETE,True,3,,,COMPLETED,0.1362688399385661
B05-MPV-GEN-rust-brkga-fixed-10s.jsonl,rust_brkga,brkga,MPV-GEN-T7-N90-R09,7,90,9,10.0,VALID_COMPLETE,True,3,,,COMPLETED,0.19596954016014934
B05-MPV-GEN-rust-brkga-fixed-10s.jsonl,rust_brkga,brkga,MPV-GEN-T7-N90-R10,7,90,10,10.0,VALID_COMPLETE,True,2,,,COMPLETED,0.20602427003905177
B05-MPV-GEN-rust-brkga-fixed-10s.jsonl,rust_brkga,brkga,MPV-GEN-T8-N30-R01,8,30,1,10.0,VALID_COMPLETE,True,7,,,COMPLETED,0.10257977806031704
B05-MPV-GEN-rust-brkga-fixed-10s.jsonl,rust_brkga,brkga,MPV-GEN-T8-N30-R02,8,30,2,10.0,VALID_COMPLETE,True,6,,,COMPLETED,0.09201688412576914
B05-MPV-GEN-rust-brkga-fixed-10s.jsonl,rust_brkga,brkga,MPV-GEN-T8-N30-R03,8,30,3,10.0,VALID_COMPLETE,True,9,,,COMPLETED,0.06873184000141919
B05-MPV-GEN-rust-brkga-fixed-10s.jsonl,rust_brkga,brkga,MPV-GEN-T8-N30-R04,8,30,4,10.0,VALID_COMPLETE,True,6,,,COMPLETED,0.0657309798989445
B05-MPV-GEN-rust-brkga-fixed-10s.jsonl,rust_brkga,brkga,MPV-GEN-T8-N30-R05,8,30,5,10.0,VALID_COMPLETE,True,8,,,COMPLETED,0.10870801098644733
B05-MPV-GEN-rust-brkga-fixed-10s.jsonl,rust_brkga,brkga,MPV-GEN-T8-N30-R06,8,30,6,10.0,VALID_COMPLETE,True,8,,,COMPLETED,0.09046224900521338
B05-MPV-GEN-rust-brkga-fixed-10s.jsonl,rust_brkga,brkga,MPV-GEN-T8-N30-R07,8,30,7,10.0,VALID_COMPLETE,True,6,,,COMPLETED,0.11777339084073901
B05-MPV-GEN-rust-brkga-fixed-10s.jsonl,rust_brkga,brkga,MPV-GEN-T8-N30-R08,8,30,8,10.0,VALID_COMPLETE,True,7,,,COMPLETED,0.09772359603084624
B05-MPV-GEN-rust-brkga-fixed-10s.jsonl,rust_brkga,brkga,MPV-GEN-T8-N30-R09,8,30,9,10.0,VALID_COMPLETE,True,11,,,COMPLETED,0.10583934490568936
B05-MPV-GEN-rust-brkga-fixed-10s.jsonl,rust_brkga,brkga,MPV-GEN-T8-N30-R10,8,30,10,10.0,VALID_COMPLETE,True,6,,,COMPLETED,0.06958132702857256
B05-MPV-GEN-rust-brkga-fixed-10s.jsonl,rust_brkga,brkga,MPV-GEN-T8-N60-R01,8,60,1,10.0,VALID_COMPLETE,True,18,,,COMPLETED,0.17385436780750751
B05-MPV-GEN-rust-brkga-fixed-10s.jsonl,rust_brkga,brkga,MPV-GEN-T8-N60-R02,8,60,2,10.0,VALID_COMPLETE,True,18,,,COMPLETED,0.17363350791856647
B05-MPV-GEN-rust-brkga-fixed-10s.jsonl,rust_brkga,brkga,MPV-GEN-T8-N60-R03,8,60,3,10.0,VALID_COMPLETE,True,16,,,COMPLETED,0.17022048006765544
B05-MPV-GEN-rust-brkga-fixed-10s.jsonl,rust_brkga,brkga,MPV-GEN-T8-N60-R04,8,60,4,10.0,VALID_COMPLETE,True,12,,,COMPLETED,0.15222125593572855
B05-MPV-GEN-rust-brkga-fixed-10s.jsonl,rust_brkga,brkga,MPV-GEN-T8-N60-R05,8,60,5,10.0,VALID_COMPLETE,True,16,,,COMPLETED,0.2062039109878242
B05-MPV-GEN-rust-brkga-fixed-10s.jsonl,rust_brkga,brkga,MPV-GEN-T8-N60-R06,8,60,6,10.0,VALID_COMPLETE,True,15,,,COMPLETED,0.14122512401081622
B05-MPV-GEN-rust-brkga-fixed-10s.jsonl,rust_brkga,brkga,MPV-GEN-T8-N60-R07,8,60,7,10.0,VALID_COMPLETE,True,15,,,COMPLETED,0.1368994030635804
B05-MPV-GEN-rust-brkga-fixed-10s.jsonl,rust_brkga,brkga,MPV-GEN-T8-N60-R08,8,60,8,10.0,VALID_COMPLETE,True,12,,,COMPLETED,0.15571557101793587
B05-MPV-GEN-rust-brkga-fixed-10s.jsonl,rust_brkga,brkga,MPV-GEN-T8-N60-R09,8,60,9,10.0,VALID_COMPLETE,True,13,,,COMPLETED,0.1507847940083593
B05-MPV-GEN-rust-brkga-fixed-10s.jsonl,rust_brkga,brkga,MPV-GEN-T8-N60-R10,8,60,10,10.0,VALID_COMPLETE,True,15,,,COMPLETED,0.12855567480437458
B05-MPV-GEN-rust-brkga-fixed-10s.jsonl,rust_brkga,brkga,MPV-GEN-T8-N90-R01,8,90,1,10.0,VALID_COMPLETE,True,15,,,COMPLETED,0.2877960568293929
B05-MPV-GEN-rust-brkga-fixed-10s.jsonl,rust_brkga,brkga,MPV-GEN-T8-N90-R02,8,90,2,10.0,VALID_COMPLETE,True,17,,,COMPLETED,0.3923107679001987
B05-MPV-GEN-rust-brkga-fixed-10s.jsonl,rust_brkga,brkga,MPV-GEN-T8-N90-R03,8,90,3,10.0,VALID_COMPLETE,True,23,,,COMPLETED,0.5839857140090317
B05-MPV-GEN-rust-brkga-fixed-10s.jsonl,rust_brkga,brkga,MPV-GEN-T8-N90-R04,8,90,4,10.0,VALID_COMPLETE,True,21,,,COMPLETED,0.3972471668384969
B05-MPV-GEN-rust-brkga-fixed-10s.jsonl,rust_brkga,brkga,MPV-GEN-T8-N90-R05,8,90,5,10.0,VALID_COMPLETE,True,19,,,COMPLETED,0.6208753949031234
B05-MPV-GEN-rust-brkga-fixed-10s.jsonl,rust_brkga,brkga,MPV-GEN-T8-N90-R06,8,90,6,10.0,VALID_COMPLETE,True,21,,,COMPLETED,0.44277163594961166
B05-MPV-GEN-rust-brkga-fixed-10s.jsonl,rust_brkga,brkga,MPV-GEN-T8-N90-R07,8,90,7,10.0,VALID_COMPLETE,True,20,,,COMPLETED,0.4319549340289086
B05-MPV-GEN-rust-brkga-fixed-10s.jsonl,rust_brkga,brkga,MPV-GEN-T8-N90-R08,8,90,8,10.0,VALID_COMPLETE,True,20,,,COMPLETED,0.4743573081213981
B05-MPV-GEN-rust-brkga-fixed-10s.jsonl,rust_brkga,brkga,MPV-GEN-T8-N90-R09,8,90,9,10.0,VALID_COMPLETE,True,20,,,COMPLETED,0.4678400489501655
B05-MPV-GEN-rust-brkga-fixed-10s.jsonl,rust_brkga,brkga,MPV-GEN-T8-N90-R10,8,90,10,10.0,VALID_COMPLETE,True,20,,,COMPLETED,0.2580027829390019
B05-MPV-GEN-rust-brkga-fixed-10s.jsonl,rust_brkga,brkga,MPV-GEN-T9-N30-R01,9,30,1,10.0,VALID_COMPLETE,True,5,,,COMPLETED,0.1217848148662597
B05-MPV-GEN-rust-brkga-fixed-10s.jsonl,rust_brkga,brkga,MPV-GEN-T9-N30-R02,9,30,2,10.0,VALID_COMPLETE,True,6,,,COMPLETED,0.08833409706130624
B05-MPV-GEN-rust-brkga-fixed-10s.jsonl,rust_brkga,brkga,MPV-GEN-T9-N30-R03,9,30,3,10.0,VALID_COMPLETE,True,5,,,COMPLETED,0.06865983502939343
B05-MPV-GEN-rust-brkga-fixed-10s.jsonl,rust_brkga,brkga,MPV-GEN-T9-N30-R04,9,30,4,10.0,VALID_COMPLETE,True,5,,,COMPLETED,0.07898037997074425
B05-MPV-GEN-rust-brkga-fixed-10s.jsonl,rust_brkga,brkga,MPV-GEN-T9-N30-R05,9,30,5,10.0,VALID_COMPLETE,True,4,,,COMPLETED,0.13642516010440886
B05-MPV-GEN-rust-brkga-fixed-10s.jsonl,rust_brkga,brkga,MPV-GEN-T9-N30-R06,9,30,6,10.0,VALID_COMPLETE,True,6,,,COMPLETED,0.08055826812051237
B05-MPV-GEN-rust-brkga-fixed-10s.jsonl,rust_brkga,brkga,MPV-GEN-T9-N30-R07,9,30,7,10.0,VALID_COMPLETE,True,5,,,COMPLETED,0.11502840393222868
B05-MPV-GEN-rust-brkga-fixed-10s.jsonl,rust_brkga,brkga,MPV-GEN-T9-N30-R08,9,30,8,10.0,VALID_COMPLETE,True,6,,,COMPLETED,0.11096158111467957
B05-MPV-GEN-rust-brkga-fixed-10s.jsonl,rust_brkga,brkga,MPV-GEN-T9-N30-R09,9,30,9,10.0,VALID_COMPLETE,True,5,,,COMPLETED,0.10884039895609021
B05-MPV-GEN-rust-brkga-fixed-10s.jsonl,rust_brkga,brkga,MPV-GEN-T9-N30-R10,9,30,10,10.0,VALID_COMPLETE,True,5,,,COMPLETED,0.07683928497135639
B05-MPV-GEN-rust-brkga-fixed-10s.jsonl,rust_brkga,brkga,MPV-GEN-T9-N60-R01,9,60,1,10.0,VALID_COMPLETE,True,5,,,COMPLETED,0.11749097309075296
B05-MPV-GEN-rust-brkga-fixed-10s.jsonl,rust_brkga,brkga,MPV-GEN-T9-N60-R02,9,60,2,10.0,VALID_COMPLETE,True,6,,,COMPLETED,0.14796161302365363
B05-MPV-GEN-rust-brkga-fixed-10s.jsonl,rust_brkga,brkga,MPV-GEN-T9-N60-R03,9,60,3,10.0,VALID_COMPLETE,True,6,,,COMPLETED,0.1625626201275736
B05-MPV-GEN-rust-brkga-fixed-10s.jsonl,rust_brkga,brkga,MPV-GEN-T9-N60-R04,9,60,4,10.0,VALID_COMPLETE,True,5,,,COMPLETED,0.11279561906121671
B05-MPV-GEN-rust-brkga-fixed-10s.jsonl,rust_brkga,brkga,MPV-GEN-T9-N60-R05,9,60,5,10.0,VALID_COMPLETE,True,6,,,COMPLETED,0.2542182789184153
B05-MPV-GEN-rust-brkga-fixed-10s.jsonl,rust_brkga,brkga,MPV-GEN-T9-N60-R06,9,60,6,10.0,VALID_COMPLETE,True,5,,,COMPLETED,0.20324207609519362
B05-MPV-GEN-rust-brkga-fixed-10s.jsonl,rust_brkga,brkga,MPV-GEN-T9-N60-R07,9,60,7,10.0,VALID_COMPLETE,True,5,,,COMPLETED,0.22597535396926105
B05-MPV-GEN-rust-brkga-fixed-10s.jsonl,rust_brkga,brkga,MPV-GEN-T9-N60-R08,9,60,8,10.0,VALID_COMPLETE,True,6,,,COMPLETED,0.2006734397727996
B05-MPV-GEN-rust-brkga-fixed-10s.jsonl,rust_brkga,brkga,MPV-GEN-T9-N60-R09,9,60,9,10.0,VALID_COMPLETE,True,6,,,COMPLETED,0.22102245804853737
B05-MPV-GEN-rust-brkga-fixed-10s.jsonl,rust_brkga,brkga,MPV-GEN-T9-N60-R10,9,60,10,10.0,VALID_COMPLETE,True,6,,,COMPLETED,0.1908180781174451
B05-MPV-GEN-rust-brkga-fixed-10s.jsonl,rust_brkga,brkga,MPV-GEN-T9-N90-R01,9,90,1,10.0,VALID_COMPLETE,True,7,,,COMPLETED,0.24666093778796494
B05-MPV-GEN-rust-brkga-fixed-10s.jsonl,rust_brkga,brkga,MPV-GEN-T9-N90-R02,9,90,2,10.0,VALID_COMPLETE,True,6,,,COMPLETED,0.17053431109525263
B05-MPV-GEN-rust-brkga-fixed-10s.jsonl,rust_brkga,brkga,MPV-GEN-T9-N90-R03,9,90,3,10.0,VALID_COMPLETE,True,7,,,COMPLETED,0.3405150780454278
B05-MPV-GEN-rust-brkga-fixed-10s.jsonl,rust_brkga,brkga,MPV-GEN-T9-N90-R04,9,90,4,10.0,VALID_COMPLETE,True,7,,,COMPLETED,0.3144181708339602
B05-MPV-GEN-rust-brkga-fixed-10s.jsonl,rust_brkga,brkga,MPV-GEN-T9-N90-R05,9,90,5,10.0,VALID_COMPLETE,True,6,,,COMPLETED,0.2757380888797343
B05-MPV-GEN-rust-brkga-fixed-10s.jsonl,rust_brkga,brkga,MPV-GEN-T9-N90-R06,9,90,6,10.0,VALID_COMPLETE,True,7,,,COMPLETED,0.23073253314942122
B05-MPV-GEN-rust-brkga-fixed-10s.jsonl,rust_brkga,brkga,MPV-GEN-T9-N90-R07,9,90,7,10.0,VALID_COMPLETE,True,7,,,COMPLETED,0.2428988078609109
B05-MPV-GEN-rust-brkga-fixed-10s.jsonl,rust_brkga,brkga,MPV-GEN-T9-N90-R08,9,90,8,10.0,VALID_COMPLETE,True,6,,,COMPLETED,0.16603220207616687
B05-MPV-GEN-rust-brkga-fixed-10s.jsonl,rust_brkga,brkga,MPV-GEN-T9-N90-R09,9,90,9,10.0,VALID_COMPLETE,True,7,,,COMPLETED,0.16633288096636534
B05-MPV-GEN-rust-brkga-fixed-10s.jsonl,rust_brkga,brkga,MPV-GEN-T9-N90-R10,9,90,10,10.0,VALID_COMPLETE,True,6,,,COMPLETED,0.22822495317086577
B05-MPV-GEN-rust-brkga-fixed-1s.jsonl,rust_brkga,brkga,MPV-GEN-T1-N30-R01,1,30,1,1.0,VALID_COMPLETE,True,9,,,COMPLETED,0.046669134171679616
B05-MPV-GEN-rust-brkga-fixed-1s.jsonl,rust_brkga,brkga,MPV-GEN-T1-N30-R02,1,30,2,1.0,VALID_COMPLETE,True,12,,,COMPLETED,0.06046042311936617
B05-MPV-GEN-rust-brkga-fixed-1s.jsonl,rust_brkga,brkga,MPV-GEN-T1-N30-R03,1,30,3,1.0,VALID_COMPLETE,True,8,,,COMPLETED,0.034604544984176755
B05-MPV-GEN-rust-brkga-fixed-1s.jsonl,rust_brkga,brkga,MPV-GEN-T1-N30-R04,1,30,4,1.0,VALID_COMPLETE,True,8,,,COMPLETED,0.05170571920461953
B05-MPV-GEN-rust-brkga-fixed-1s.jsonl,rust_brkga,brkga,MPV-GEN-T1-N30-R05,1,30,5,1.0,VALID_COMPLETE,True,11,,,COMPLETED,0.0737642899621278
B05-MPV-GEN-rust-brkga-fixed-1s.jsonl,rust_brkga,brkga,MPV-GEN-T1-N30-R06,1,30,6,1.0,VALID_COMPLETE,True,8,,,COMPLETED,0.11998066399246454
B05-MPV-GEN-rust-brkga-fixed-1s.jsonl,rust_brkga,brkga,MPV-GEN-T1-N30-R07,1,30,7,1.0,VALID_COMPLETE,True,8,,,COMPLETED,0.10622293199412525
B05-MPV-GEN-rust-brkga-fixed-1s.jsonl,rust_brkga,brkga,MPV-GEN-T1-N30-R08,1,30,8,1.0,VALID_COMPLETE,True,10,,,COMPLETED,0.04371496010571718
B05-MPV-GEN-rust-brkga-fixed-1s.jsonl,rust_brkga,brkga,MPV-GEN-T1-N30-R09,1,30,9,1.0,VALID_COMPLETE,True,10,,,COMPLETED,0.044915664941072464
B05-MPV-GEN-rust-brkga-fixed-1s.jsonl,rust_brkga,brkga,MPV-GEN-T1-N30-R10,1,30,10,1.0,VALID_COMPLETE,True,9,,,COMPLETED,0.10668848594650626
B05-MPV-GEN-rust-brkga-fixed-1s.jsonl,rust_brkga,brkga,MPV-GEN-T1-N60-R01,1,60,1,1.0,VALID_COMPLETE,True,16,,,COMPLETED,0.11763436696492136
B05-MPV-GEN-rust-brkga-fixed-1s.jsonl,rust_brkga,brkga,MPV-GEN-T1-N60-R02,1,60,2,1.0,VALID_COMPLETE,True,17,,,COMPLETED,0.27534488192759454
B05-MPV-GEN-rust-brkga-fixed-1s.jsonl,rust_brkga,brkga,MPV-GEN-T1-N60-R03,1,60,3,1.0,VALID_COMPLETE,True,18,,,COMPLETED,0.29635379812680185
B05-MPV-GEN-rust-brkga-fixed-1s.jsonl,rust_brkga,brkga,MPV-GEN-T1-N60-R04,1,60,4,1.0,VALID_COMPLETE,True,14,,,COMPLETED,0.1757973381318152
B05-MPV-GEN-rust-brkga-fixed-1s.jsonl,rust_brkga,brkga,MPV-GEN-T1-N60-R05,1,60,5,1.0,VALID_COMPLETE,True,19,,,COMPLETED,0.18982379999943078
B05-MPV-GEN-rust-brkga-fixed-1s.jsonl,rust_brkga,brkga,MPV-GEN-T1-N60-R06,1,60,6,1.0,VALID_COMPLETE,True,18,,,COMPLETED,0.20411087619140744
B05-MPV-GEN-rust-brkga-fixed-1s.jsonl,rust_brkga,brkga,MPV-GEN-T1-N60-R07,1,60,7,1.0,VALID_COMPLETE,True,16,,,COMPLETED,0.19025090103968978
B05-MPV-GEN-rust-brkga-fixed-1s.jsonl,rust_brkga,brkga,MPV-GEN-T1-N60-R08,1,60,8,1.0,VALID_COMPLETE,True,18,,,COMPLETED,0.45810719789005816
B05-MPV-GEN-rust-brkga-fixed-1s.jsonl,rust_brkga,brkga,MPV-GEN-T1-N60-R09,1,60,9,1.0,VALID_COMPLETE,True,17,,,COMPLETED,0.3170755940955132
B05-MPV-GEN-rust-brkga-fixed-1s.jsonl,rust_brkga,brkga,MPV-GEN-T1-N60-R10,1,60,10,1.0,VALID_COMPLETE,True,18,,,COMPLETED,0.3514234621543437
B05-MPV-GEN-rust-brkga-fixed-1s.jsonl,rust_brkga,brkga,MPV-GEN-T1-N90-R01,1,90,1,1.0,VALID_COMPLETE,True,30,,,COMPLETED,0.7080061030574143
B05-MPV-GEN-rust-brkga-fixed-1s.jsonl,rust_brkga,brkga,MPV-GEN-T1-N90-R02,1,90,2,1.0,VALID_COMPLETE,True,28,,,COMPLETED,0.673085527960211
B05-MPV-GEN-rust-brkga-fixed-1s.jsonl,rust_brkga,brkga,MPV-GEN-T1-N90-R03,1,90,3,1.0,VALID_COMPLETE,True,26,,,COMPLETED,0.49440147704444826
B05-MPV-GEN-rust-brkga-fixed-1s.jsonl,rust_brkga,brkga,MPV-GEN-T1-N90-R04,1,90,4,1.0,VALID_COMPLETE,True,24,,,COMPLETED,0.7500279650557786
B05-MPV-GEN-rust-brkga-fixed-1s.jsonl,rust_brkga,brkga,MPV-GEN-T1-N90-R05,1,90,5,1.0,VALID_COMPLETE,True,31,,,COMPLETED,0.7497145859524608
B05-MPV-GEN-rust-brkga-fixed-1s.jsonl,rust_brkga,brkga,MPV-GEN-T1-N90-R06,1,90,6,1.0,VALID_COMPLETE,True,27,,,COMPLETED,0.33982200594618917
B05-MPV-GEN-rust-brkga-fixed-1s.jsonl,rust_brkga,brkga,MPV-GEN-T1-N90-R07,1,90,7,1.0,VALID_COMPLETE,True,25,,,COMPLETED,0.4750157732050866
B05-MPV-GEN-rust-brkga-fixed-1s.jsonl,rust_brkga,brkga,MPV-GEN-T1-N90-R08,1,90,8,1.0,VALID_COMPLETE,True,27,,,COMPLETED,0.979768862016499
B05-MPV-GEN-rust-brkga-fixed-1s.jsonl,rust_brkga,brkga,MPV-GEN-T1-N90-R09,1,90,9,1.0,VALID_COMPLETE,True,29,,,COMPLETED,0.4646572140045464
B05-MPV-GEN-rust-brkga-fixed-1s.jsonl,rust_brkga,brkga,MPV-GEN-T1-N90-R10,1,90,10,1.0,VALID_COMPLETE,True,27,,,COMPLETED,0.8030722679104656
B05-MPV-GEN-rust-brkga-fixed-1s.jsonl,rust_brkga,brkga,MPV-GEN-T6-N30-R01,6,30,1,1.0,VALID_COMPLETE,True,1,,,COMPLETED,0.15470246691256762
B05-MPV-GEN-rust-brkga-fixed-1s.jsonl,rust_brkga,brkga,MPV-GEN-T6-N30-R02,6,30,2,1.0,VALID_COMPLETE,True,2,,,COMPLETED,0.07983573689125478
B05-MPV-GEN-rust-brkga-fixed-1s.jsonl,rust_brkga,brkga,MPV-GEN-T6-N30-R03,6,30,3,1.0,VALID_COMPLETE,True,1,,,COMPLETED,0.062206015922129154
B05-MPV-GEN-rust-brkga-fixed-1s.jsonl,rust_brkga,brkga,MPV-GEN-T6-N30-R04,6,30,4,1.0,VALID_COMPLETE,True,2,,,COMPLETED,0.08370841108262539
B05-MPV-GEN-rust-brkga-fixed-1s.jsonl,rust_brkga,brkga,MPV-GEN-T6-N30-R05,6,30,5,1.0,VALID_COMPLETE,True,1,,,COMPLETED,0.08774823602288961
B05-MPV-GEN-rust-brkga-fixed-1s.jsonl,rust_brkga,brkga,MPV-GEN-T6-N30-R06,6,30,6,1.0,VALID_COMPLETE,True,1,,,COMPLETED,0.05072760279290378
B05-MPV-GEN-rust-brkga-fixed-1s.jsonl,rust_brkga,brkga,MPV-GEN-T6-N30-R07,6,30,7,1.0,VALID_COMPLETE,True,1,,,COMPLETED,0.032179181929677725
B05-MPV-GEN-rust-brkga-fixed-1s.jsonl,rust_brkga,brkga,MPV-GEN-T6-N30-R08,6,30,8,1.0,VALID_COMPLETE,True,2,,,COMPLETED,0.03460283810272813
B05-MPV-GEN-rust-brkga-fixed-1s.jsonl,rust_brkga,brkga,MPV-GEN-T6-N30-R09,6,30,9,1.0,VALID_COMPLETE,True,1,,,COMPLETED,0.0776397711597383
B05-MPV-GEN-rust-brkga-fixed-1s.jsonl,rust_brkga,brkga,MPV-GEN-T6-N30-R10,6,30,10,1.0,VALID_COMPLETE,True,2,,,COMPLETED,0.03505127178505063
B05-MPV-GEN-rust-brkga-fixed-1s.jsonl,rust_brkga,brkga,MPV-GEN-T6-N60-R01,6,60,1,1.0,VALID_COMPLETE,True,2,,,COMPLETED,0.21993341809138656
B05-MPV-GEN-rust-brkga-fixed-1s.jsonl,rust_brkga,brkga,MPV-GEN-T6-N60-R02,6,60,2,1.0,VALID_COMPLETE,True,2,,,COMPLETED,0.08052217098884284
B05-MPV-GEN-rust-brkga-fixed-1s.jsonl,rust_brkga,brkga,MPV-GEN-T6-N60-R03,6,60,3,1.0,VALID_COMPLETE,True,2,,,COMPLETED,0.1629031989723444
B05-MPV-GEN-rust-brkga-fixed-1s.jsonl,rust_brkga,brkga,MPV-GEN-T6-N60-R04,6,60,4,1.0,VALID_COMPLETE,True,2,,,COMPLETED,0.08179234806448221
B05-MPV-GEN-rust-brkga-fixed-1s.jsonl,rust_brkga,brkga,MPV-GEN-T6-N60-R05,6,60,5,1.0,VALID_COMPLETE,True,2,,,COMPLETED,0.08656228496693075
B05-MPV-GEN-rust-brkga-fixed-1s.jsonl,rust_brkga,brkga,MPV-GEN-T6-N60-R06,6,60,6,1.0,VALID_COMPLETE,True,2,,,COMPLETED,0.11419103178195655
B05-MPV-GEN-rust-brkga-fixed-1s.jsonl,rust_brkga,brkga,MPV-GEN-T6-N60-R07,6,60,7,1.0,VALID_COMPLETE,True,2,,,COMPLETED,0.11438759602606297
B05-MPV-GEN-rust-brkga-fixed-1s.jsonl,rust_brkga,brkga,MPV-GEN-T6-N60-R08,6,60,8,1.0,VALID_COMPLETE,True,2,,,COMPLETED,0.15992895606905222
B05-MPV-GEN-rust-brkga-fixed-1s.jsonl,rust_brkga,brkga,MPV-GEN-T6-N60-R09,6,60,9,1.0,VALID_COMPLETE,True,2,,,COMPLETED,0.1713607399724424
B05-MPV-GEN-rust-brkga-fixed-1s.jsonl,rust_brkga,brkga,MPV-GEN-T6-N60-R10,6,60,10,1.0,VALID_COMPLETE,True,2,,,COMPLETED,0.09311184519901872
B05-MPV-GEN-rust-brkga-fixed-1s.jsonl,rust_brkga,brkga,MPV-GEN-T6-N90-R01,6,90,1,1.0,VALID_COMPLETE,True,2,,,COMPLETED,0.1789662130177021
B05-MPV-GEN-rust-brkga-fixed-1s.jsonl,rust_brkga,brkga,MPV-GEN-T6-N90-R02,6,90,2,1.0,VALID_COMPLETE,True,2,,,COMPLETED,0.1526281009428203
B05-MPV-GEN-rust-brkga-fixed-1s.jsonl,rust_brkga,brkga,MPV-GEN-T6-N90-R03,6,90,3,1.0,VALID_COMPLETE,True,2,,,COMPLETED,0.133875316940248
B05-MPV-GEN-rust-brkga-fixed-1s.jsonl,rust_brkga,brkga,MPV-GEN-T6-N90-R04,6,90,4,1.0,VALID_COMPLETE,True,2,,,COMPLETED,0.11371062695980072
B05-MPV-GEN-rust-brkga-fixed-1s.jsonl,rust_brkga,brkga,MPV-GEN-T6-N90-R05,6,90,5,1.0,VALID_COMPLETE,True,2,,,COMPLETED,0.1761605970095843
B05-MPV-GEN-rust-brkga-fixed-1s.jsonl,rust_brkga,brkga,MPV-GEN-T6-N90-R06,6,90,6,1.0,VALID_COMPLETE,True,2,,,COMPLETED,0.1563441059552133
B05-MPV-GEN-rust-brkga-fixed-1s.jsonl,rust_brkga,brkga,MPV-GEN-T6-N90-R07,6,90,7,1.0,VALID_COMPLETE,True,2,,,COMPLETED,0.15063467482104897
B05-MPV-GEN-rust-brkga-fixed-1s.jsonl,rust_brkga,brkga,MPV-GEN-T6-N90-R08,6,90,8,1.0,VALID_COMPLETE,True,2,,,COMPLETED,0.17521043587476015
B05-MPV-GEN-rust-brkga-fixed-1s.jsonl,rust_brkga,brkga,MPV-GEN-T6-N90-R09,6,90,9,1.0,VALID_COMPLETE,True,2,,,COMPLETED,0.12047268217429519
B05-MPV-GEN-rust-brkga-fixed-1s.jsonl,rust_brkga,brkga,MPV-GEN-T6-N90-R10,6,90,10,1.0,VALID_COMPLETE,True,2,,,COMPLETED,0.13169491291046143
B05-MPV-GEN-rust-brkga-fixed-1s.jsonl,rust_brkga,brkga,MPV-GEN-T7-N30-R01,7,30,1,1.0,VALID_COMPLETE,True,1,,,COMPLETED,0.0782899409532547
B05-MPV-GEN-rust-brkga-fixed-1s.jsonl,rust_brkga,brkga,MPV-GEN-T7-N30-R02,7,30,2,1.0,VALID_COMPLETE,True,1,,,COMPLETED,0.06541980989277363
B05-MPV-GEN-rust-brkga-fixed-1s.jsonl,rust_brkga,brkga,MPV-GEN-T7-N30-R03,7,30,3,1.0,VALID_COMPLETE,True,2,,,COMPLETED,0.0818442590534687
B05-MPV-GEN-rust-brkga-fixed-1s.jsonl,rust_brkga,brkga,MPV-GEN-T7-N30-R04,7,30,4,1.0,VALID_COMPLETE,True,2,,,COMPLETED,0.05275110504589975
B05-MPV-GEN-rust-brkga-fixed-1s.jsonl,rust_brkga,brkga,MPV-GEN-T7-N30-R05,7,30,5,1.0,VALID_COMPLETE,True,1,,,COMPLETED,0.04220270016230643
B05-MPV-GEN-rust-brkga-fixed-1s.jsonl,rust_brkga,brkga,MPV-GEN-T7-N30-R06,7,30,6,1.0,VALID_COMPLETE,True,2,,,COMPLETED,0.04589549801312387
B05-MPV-GEN-rust-brkga-fixed-1s.jsonl,rust_brkga,brkga,MPV-GEN-T7-N30-R07,7,30,7,1.0,VALID_COMPLETE,True,1,,,COMPLETED,0.033461674116551876
B05-MPV-GEN-rust-brkga-fixed-1s.jsonl,rust_brkga,brkga,MPV-GEN-T7-N30-R08,7,30,8,1.0,VALID_COMPLETE,True,2,,,COMPLETED,0.05662738112732768
B05-MPV-GEN-rust-brkga-fixed-1s.jsonl,rust_brkga,brkga,MPV-GEN-T7-N30-R09,7,30,9,1.0,VALID_COMPLETE,True,1,,,COMPLETED,0.04979244293645024
B05-MPV-GEN-rust-brkga-fixed-1s.jsonl,rust_brkga,brkga,MPV-GEN-T7-N30-R10,7,30,10,1.0,VALID_COMPLETE,True,2,,,COMPLETED,0.04647664190270007
B05-MPV-GEN-rust-brkga-fixed-1s.jsonl,rust_brkga,brkga,MPV-GEN-T7-N60-R01,7,60,1,1.0,VALID_COMPLETE,True,2,,,COMPLETED,0.09967050887644291
B05-MPV-GEN-rust-brkga-fixed-1s.jsonl,rust_brkga,brkga,MPV-GEN-T7-N60-R02,7,60,2,1.0,VALID_COMPLETE,True,2,,,COMPLETED,0.11694551887921989
B05-MPV-GEN-rust-brkga-fixed-1s.jsonl,rust_brkga,brkga,MPV-GEN-T7-N60-R03,7,60,3,1.0,VALID_COMPLETE,True,3,,,COMPLETED,0.1523243458941579
B05-MPV-GEN-rust-brkga-fixed-1s.jsonl,rust_brkga,brkga,MPV-GEN-T7-N60-R04,7,60,4,1.0,VALID_COMPLETE,True,2,,,COMPLETED,0.1651328420266509
B05-MPV-GEN-rust-brkga-fixed-1s.jsonl,rust_brkga,brkga,MPV-GEN-T7-N60-R05,7,60,5,1.0,VALID_COMPLETE,True,2,,,COMPLETED,0.11624199897050858
B05-MPV-GEN-rust-brkga-fixed-1s.jsonl,rust_brkga,brkga,MPV-GEN-T7-N60-R06,7,60,6,1.0,VALID_COMPLETE,True,2,,,COMPLETED,0.21205304702743888
B05-MPV-GEN-rust-brkga-fixed-1s.jsonl,rust_brkga,brkga,MPV-GEN-T7-N60-R07,7,60,7,1.0,VALID_COMPLETE,True,2,,,COMPLETED,0.14198940200731158
B05-MPV-GEN-rust-brkga-fixed-1s.jsonl,rust_brkga,brkga,MPV-GEN-T7-N60-R08,7,60,8,1.0,VALID_COMPLETE,True,2,,,COMPLETED,0.11661204602569342
B05-MPV-GEN-rust-brkga-fixed-1s.jsonl,rust_brkga,brkga,MPV-GEN-T7-N60-R09,7,60,9,1.0,VALID_COMPLETE,True,2,,,COMPLETED,0.1321198169607669
B05-MPV-GEN-rust-brkga-fixed-1s.jsonl,rust_brkga,brkga,MPV-GEN-T7-N60-R10,7,60,10,1.0,VALID_COMPLETE,True,2,,,COMPLETED,0.16568445600569248
B05-MPV-GEN-rust-brkga-fixed-1s.jsonl,rust_brkga,brkga,MPV-GEN-T7-N90-R01,7,90,1,1.0,VALID_COMPLETE,True,2,,,COMPLETED,0.18280536704696715
B05-MPV-GEN-rust-brkga-fixed-1s.jsonl,rust_brkga,brkga,MPV-GEN-T7-N90-R02,7,90,2,1.0,VALID_COMPLETE,True,2,,,COMPLETED,0.13052730518393219
B05-MPV-GEN-rust-brkga-fixed-1s.jsonl,rust_brkga,brkga,MPV-GEN-T7-N90-R03,7,90,3,1.0,VALID_COMPLETE,True,2,,,COMPLETED,0.17534880712628365
B05-MPV-GEN-rust-brkga-fixed-1s.jsonl,rust_brkga,brkga,MPV-GEN-T7-N90-R04,7,90,4,1.0,VALID_COMPLETE,True,3,,,COMPLETED,0.22008187393657863
B05-MPV-GEN-rust-brkga-fixed-1s.jsonl,rust_brkga,brkga,MPV-GEN-T7-N90-R05,7,90,5,1.0,VALID_COMPLETE,True,2,,,COMPLETED,0.1476454520598054
B05-MPV-GEN-rust-brkga-fixed-1s.jsonl,rust_brkga,brkga,MPV-GEN-T7-N90-R06,7,90,6,1.0,VALID_COMPLETE,True,2,,,COMPLETED,0.1753119530621916
B05-MPV-GEN-rust-brkga-fixed-1s.jsonl,rust_brkga,brkga,MPV-GEN-T7-N90-R07,7,90,7,1.0,VALID_COMPLETE,True,3,,,COMPLETED,0.18923367490060627
B05-MPV-GEN-rust-brkga-fixed-1s.jsonl,rust_brkga,brkga,MPV-GEN-T7-N90-R08,7,90,8,1.0,VALID_COMPLETE,True,2,,,COMPLETED,0.15525882202200592
B05-MPV-GEN-rust-brkga-fixed-1s.jsonl,rust_brkga,brkga,MPV-GEN-T7-N90-R09,7,90,9,1.0,VALID_COMPLETE,True,3,,,COMPLETED,0.1392626368906349
B05-MPV-GEN-rust-brkga-fixed-1s.jsonl,rust_brkga,brkga,MPV-GEN-T7-N90-R10,7,90,10,1.0,VALID_COMPLETE,True,3,,,COMPLETED,0.1879637900274247
B05-MPV-GEN-rust-brkga-fixed-1s.jsonl,rust_brkga,brkga,MPV-GEN-T8-N30-R01,8,30,1,1.0,VALID_COMPLETE,True,7,,,COMPLETED,0.04800620605237782
B05-MPV-GEN-rust-brkga-fixed-1s.jsonl,rust_brkga,brkga,MPV-GEN-T8-N30-R02,8,30,2,1.0,VALID_COMPLETE,True,7,,,COMPLETED,0.07457094197161496
B05-MPV-GEN-rust-brkga-fixed-1s.jsonl,rust_brkga,brkga,MPV-GEN-T8-N30-R03,8,30,3,1.0,VALID_COMPLETE,True,9,,,COMPLETED,0.08196862391196191
B05-MPV-GEN-rust-brkga-fixed-1s.jsonl,rust_brkga,brkga,MPV-GEN-T8-N30-R04,8,30,4,1.0,VALID_COMPLETE,True,6,,,COMPLETED,0.10629944107495248
B05-MPV-GEN-rust-brkga-fixed-1s.jsonl,rust_brkga,brkga,MPV-GEN-T8-N30-R05,8,30,5,1.0,VALID_COMPLETE,True,7,,,COMPLETED,0.06845060712657869
B05-MPV-GEN-rust-brkga-fixed-1s.jsonl,rust_brkga,brkga,MPV-GEN-T8-N30-R06,8,30,6,1.0,VALID_COMPLETE,True,8,,,COMPLETED,0.11044965614564717
B05-MPV-GEN-rust-brkga-fixed-1s.jsonl,rust_brkga,brkga,MPV-GEN-T8-N30-R07,8,30,7,1.0,VALID_COMPLETE,True,6,,,COMPLETED,0.11486180499196053
B05-MPV-GEN-rust-brkga-fixed-1s.jsonl,rust_brkga,brkga,MPV-GEN-T8-N30-R08,8,30,8,1.0,VALID_COMPLETE,True,7,,,COMPLETED,0.0821294931229204
B05-MPV-GEN-rust-brkga-fixed-1s.jsonl,rust_brkga,brkga,MPV-GEN-T8-N30-R09,8,30,9,1.0,VALID_COMPLETE,True,11,,,COMPLETED,0.08805526793003082
B05-MPV-GEN-rust-brkga-fixed-1s.jsonl,rust_brkga,brkga,MPV-GEN-T8-N30-R10,8,30,10,1.0,VALID_COMPLETE,True,6,,,COMPLETED,0.06675175414420664
B05-MPV-GEN-rust-brkga-fixed-1s.jsonl,rust_brkga,brkga,MPV-GEN-T8-N60-R01,8,60,1,1.0,VALID_COMPLETE,True,18,,,COMPLETED,0.14500793302431703
B05-MPV-GEN-rust-brkga-fixed-1s.jsonl,rust_brkga,brkga,MPV-GEN-T8-N60-R02,8,60,2,1.0,VALID_COMPLETE,True,20,,,COMPLETED,0.20861067692749202
B05-MPV-GEN-rust-brkga-fixed-1s.jsonl,rust_brkga,brkga,MPV-GEN-T8-N60-R03,8,60,3,1.0,VALID_COMPLETE,True,15,,,COMPLETED,0.24146565701812506
B05-MPV-GEN-rust-brkga-fixed-1s.jsonl,rust_brkga,brkga,MPV-GEN-T8-N60-R04,8,60,4,1.0,VALID_COMPLETE,True,12,,,COMPLETED,0.17831027298234403
B05-MPV-GEN-rust-brkga-fixed-1s.jsonl,rust_brkga,brkga,MPV-GEN-T8-N60-R05,8,60,5,1.0,VALID_COMPLETE,True,17,,,COMPLETED,0.18773600808344781
B05-MPV-GEN-rust-brkga-fixed-1s.jsonl,rust_brkga,brkga,MPV-GEN-T8-N60-R06,8,60,6,1.0,VALID_COMPLETE,True,14,,,COMPLETED,0.13978069904260337
B05-MPV-GEN-rust-brkga-fixed-1s.jsonl,rust_brkga,brkga,MPV-GEN-T8-N60-R07,8,60,7,1.0,VALID_COMPLETE,True,15,,,COMPLETED,0.1841565938666463
B05-MPV-GEN-rust-brkga-fixed-1s.jsonl,rust_brkga,brkga,MPV-GEN-T8-N60-R08,8,60,8,1.0,VALID_COMPLETE,True,11,,,COMPLETED,0.21725893300026655
B05-MPV-GEN-rust-brkga-fixed-1s.jsonl,rust_brkga,brkga,MPV-GEN-T8-N60-R09,8,60,9,1.0,VALID_COMPLETE,True,13,,,COMPLETED,0.19486041297204792
B05-MPV-GEN-rust-brkga-fixed-1s.jsonl,rust_brkga,brkga,MPV-GEN-T8-N60-R10,8,60,10,1.0,VALID_COMPLETE,True,15,,,COMPLETED,0.37448874302208424
B05-MPV-GEN-rust-brkga-fixed-1s.jsonl,rust_brkga,brkga,MPV-GEN-T8-N90-R01,8,90,1,1.0,VALID_COMPLETE,True,16,,,COMPLETED,0.3152899828273803
B05-MPV-GEN-rust-brkga-fixed-1s.jsonl,rust_brkga,brkga,MPV-GEN-T8-N90-R02,8,90,2,1.0,VALID_COMPLETE,True,17,,,COMPLETED,0.4756543699186295
B05-MPV-GEN-rust-brkga-fixed-1s.jsonl,rust_brkga,brkga,MPV-GEN-T8-N90-R03,8,90,3,1.0,VALID_COMPLETE,True,21,,,COMPLETED,0.27332396106794477
B05-MPV-GEN-rust-brkga-fixed-1s.jsonl,rust_brkga,brkga,MPV-GEN-T8-N90-R04,8,90,4,1.0,VALID_COMPLETE,True,20,,,COMPLETED,0.5279900720342994
B05-MPV-GEN-rust-brkga-fixed-1s.jsonl,rust_brkga,brkga,MPV-GEN-T8-N90-R05,8,90,5,1.0,VALID_COMPLETE,True,20,,,COMPLETED,0.37473407899960876
B05-MPV-GEN-rust-brkga-fixed-1s.jsonl,rust_brkga,brkga,MPV-GEN-T8-N90-R06,8,90,6,1.0,VALID_COMPLETE,True,21,,,COMPLETED,0.3560015538241714
B05-MPV-GEN-rust-brkga-fixed-1s.jsonl,rust_brkga,brkga,MPV-GEN-T8-N90-R07,8,90,7,1.0,VALID_COMPLETE,True,21,,,COMPLETED,0.5545228319242597
B05-MPV-GEN-rust-brkga-fixed-1s.jsonl,rust_brkga,brkga,MPV-GEN-T8-N90-R08,8,90,8,1.0,VALID_COMPLETE,True,20,,,COMPLETED,0.45072834589518607
B05-MPV-GEN-rust-brkga-fixed-1s.jsonl,rust_brkga,brkga,MPV-GEN-T8-N90-R09,8,90,9,1.0,VALID_COMPLETE,True,21,,,COMPLETED,0.47657288308255374
B05-MPV-GEN-rust-brkga-fixed-1s.jsonl,rust_brkga,brkga,MPV-GEN-T8-N90-R10,8,90,10,1.0,VALID_COMPLETE,True,20,,,COMPLETED,0.37533018202520907
B05-MPV-GEN-rust-brkga-fixed-1s.jsonl,rust_brkga,brkga,MPV-GEN-T9-N30-R01,9,30,1,1.0,VALID_COMPLETE,True,6,,,COMPLETED,0.09350820817053318
B05-MPV-GEN-rust-brkga-fixed-1s.jsonl,rust_brkga,brkga,MPV-GEN-T9-N30-R02,9,30,2,1.0,VALID_COMPLETE,True,5,,,COMPLETED,0.15504170302301645
B05-MPV-GEN-rust-brkga-fixed-1s.jsonl,rust_brkga,brkga,MPV-GEN-T9-N30-R03,9,30,3,1.0,VALID_COMPLETE,True,5,,,COMPLETED,0.07321423082612455
B05-MPV-GEN-rust-brkga-fixed-1s.jsonl,rust_brkga,brkga,MPV-GEN-T9-N30-R04,9,30,4,1.0,VALID_COMPLETE,True,5,,,COMPLETED,0.06929637608118355
B05-MPV-GEN-rust-brkga-fixed-1s.jsonl,rust_brkga,brkga,MPV-GEN-T9-N30-R05,9,30,5,1.0,VALID_COMPLETE,True,4,,,COMPLETED,0.053466622019186616
B05-MPV-GEN-rust-brkga-fixed-1s.jsonl,rust_brkga,brkga,MPV-GEN-T9-N30-R06,9,30,6,1.0,VALID_COMPLETE,True,6,,,COMPLETED,0.041583758080378175
B05-MPV-GEN-rust-brkga-fixed-1s.jsonl,rust_brkga,brkga,MPV-GEN-T9-N30-R07,9,30,7,1.0,VALID_COMPLETE,True,5,,,COMPLETED,0.05552234407514334
B05-MPV-GEN-rust-brkga-fixed-1s.jsonl,rust_brkga,brkga,MPV-GEN-T9-N30-R08,9,30,8,1.0,VALID_COMPLETE,True,5,,,COMPLETED,0.06500275013968349
B05-MPV-GEN-rust-brkga-fixed-1s.jsonl,rust_brkga,brkga,MPV-GEN-T9-N30-R09,9,30,9,1.0,VALID_COMPLETE,True,5,,,COMPLETED,0.05064889695495367
B05-MPV-GEN-rust-brkga-fixed-1s.jsonl,rust_brkga,brkga,MPV-GEN-T9-N30-R10,9,30,10,1.0,VALID_COMPLETE,True,5,,,COMPLETED,0.09134106710553169
B05-MPV-GEN-rust-brkga-fixed-1s.jsonl,rust_brkga,brkga,MPV-GEN-T9-N60-R01,9,60,1,1.0,VALID_COMPLETE,True,5,,,COMPLETED,0.15314642898738384
B05-MPV-GEN-rust-brkga-fixed-1s.jsonl,rust_brkga,brkga,MPV-GEN-T9-N60-R02,9,60,2,1.0,VALID_COMPLETE,True,6,,,COMPLETED,0.18450201791711152
B05-MPV-GEN-rust-brkga-fixed-1s.jsonl,rust_brkga,brkga,MPV-GEN-T9-N60-R03,9,60,3,1.0,VALID_COMPLETE,True,6,,,COMPLETED,0.18722074781544507
B05-MPV-GEN-rust-brkga-fixed-1s.jsonl,rust_brkga,brkga,MPV-GEN-T9-N60-R04,9,60,4,1.0,VALID_COMPLETE,True,5,,,COMPLETED,0.27061701798811555
B05-MPV-GEN-rust-brkga-fixed-1s.jsonl,rust_brkga,brkga,MPV-GEN-T9-N60-R05,9,60,5,1.0,VALID_COMPLETE,True,5,,,COMPLETED,0.22370462818071246
B05-MPV-GEN-rust-brkga-fixed-1s.jsonl,rust_brkga,brkga,MPV-GEN-T9-N60-R06,9,60,6,1.0,VALID_COMPLETE,True,6,,,COMPLETED,0.19626479712314904
B05-MPV-GEN-rust-brkga-fixed-1s.jsonl,rust_brkga,brkga,MPV-GEN-T9-N60-R07,9,60,7,1.0,VALID_COMPLETE,True,5,,,COMPLETED,0.2414333198685199
B05-MPV-GEN-rust-brkga-fixed-1s.jsonl,rust_brkga,brkga,MPV-GEN-T9-N60-R08,9,60,8,1.0,VALID_COMPLETE,True,6,,,COMPLETED,0.22094430890865624
B05-MPV-GEN-rust-brkga-fixed-1s.jsonl,rust_brkga,brkga,MPV-GEN-T9-N60-R09,9,60,9,1.0,VALID_COMPLETE,True,6,,,COMPLETED,0.2037224150262773
B05-MPV-GEN-rust-brkga-fixed-1s.jsonl,rust_brkga,brkga,MPV-GEN-T9-N60-R10,9,60,10,1.0,VALID_COMPLETE,True,7,,,COMPLETED,0.24040347593836486
B05-MPV-GEN-rust-brkga-fixed-1s.jsonl,rust_brkga,brkga,MPV-GEN-T9-N90-R01,9,90,1,1.0,VALID_COMPLETE,True,7,,,COMPLETED,0.258763310033828
B05-MPV-GEN-rust-brkga-fixed-1s.jsonl,rust_brkga,brkga,MPV-GEN-T9-N90-R02,9,90,2,1.0,VALID_COMPLETE,True,7,,,COMPLETED,0.19963399204425514
B05-MPV-GEN-rust-brkga-fixed-1s.jsonl,rust_brkga,brkga,MPV-GEN-T9-N90-R03,9,90,3,1.0,VALID_COMPLETE,True,7,,,COMPLETED,0.336361630121246
B05-MPV-GEN-rust-brkga-fixed-1s.jsonl,rust_brkga,brkga,MPV-GEN-T9-N90-R04,9,90,4,1.0,VALID_COMPLETE,True,8,,,COMPLETED,0.17258786410093307
B05-MPV-GEN-rust-brkga-fixed-1s.jsonl,rust_brkga,brkga,MPV-GEN-T9-N90-R05,9,90,5,1.0,VALID_COMPLETE,True,6,,,COMPLETED,0.18718248582445085
B05-MPV-GEN-rust-brkga-fixed-1s.jsonl,rust_brkga,brkga,MPV-GEN-T9-N90-R06,9,90,6,1.0,VALID_COMPLETE,True,6,,,COMPLETED,0.13651730492711067
B05-MPV-GEN-rust-brkga-fixed-1s.jsonl,rust_brkga,brkga,MPV-GEN-T9-N90-R07,9,90,7,1.0,VALID_COMPLETE,True,7,,,COMPLETED,0.3626069149468094
B05-MPV-GEN-rust-brkga-fixed-1s.jsonl,rust_brkga,brkga,MPV-GEN-T9-N90-R08,9,90,8,1.0,VALID_COMPLETE,True,7,,,COMPLETED,0.2816920189652592
B05-MPV-GEN-rust-brkga-fixed-1s.jsonl,rust_brkga,brkga,MPV-GEN-T9-N90-R09,9,90,9,1.0,VALID_COMPLETE,True,7,,,COMPLETED,0.17861508997157216
B05-MPV-GEN-rust-brkga-fixed-1s.jsonl,rust_brkga,brkga,MPV-GEN-T9-N90-R10,9,90,10,1.0,VALID_COMPLETE,True,6,,,COMPLETED,0.21011618082411587
B05-MPV-GEN-rust-extremepoint-fixed-10s.jsonl,rust_extremepoint,extremepoint,MPV-GEN-T1-N30-R01,1,30,1,10.0,VALID_COMPLETE,True,10,,,COMPLETED,0.010166468098759651
B05-MPV-GEN-rust-extremepoint-fixed-10s.jsonl,rust_extremepoint,extremepoint,MPV-GEN-T1-N30-R02,1,30,2,10.0,VALID_COMPLETE,True,12,,,COMPLETED,0.009442975977435708
B05-MPV-GEN-rust-extremepoint-fixed-10s.jsonl,rust_extremepoint,extremepoint,MPV-GEN-T1-N30-R03,1,30,3,10.0,VALID_COMPLETE,True,8,,,COMPLETED,0.01225329004228115
B05-MPV-GEN-rust-extremepoint-fixed-10s.jsonl,rust_extremepoint,extremepoint,MPV-GEN-T1-N30-R04,1,30,4,10.0,VALID_COMPLETE,True,8,,,COMPLETED,0.009635919937863946
B05-MPV-GEN-rust-extremepoint-fixed-10s.jsonl,rust_extremepoint,extremepoint,MPV-GEN-T1-N30-R05,1,30,5,10.0,VALID_COMPLETE,True,11,,,COMPLETED,0.01189362583681941
B05-MPV-GEN-rust-extremepoint-fixed-10s.jsonl,rust_extremepoint,extremepoint,MPV-GEN-T1-N30-R06,1,30,6,10.0,VALID_COMPLETE,True,7,,,COMPLETED,0.011772358091548085
B05-MPV-GEN-rust-extremepoint-fixed-10s.jsonl,rust_extremepoint,extremepoint,MPV-GEN-T1-N30-R07,1,30,7,10.0,VALID_COMPLETE,True,8,,,COMPLETED,0.010888268938288093
B05-MPV-GEN-rust-extremepoint-fixed-10s.jsonl,rust_extremepoint,extremepoint,MPV-GEN-T1-N30-R08,1,30,8,10.0,VALID_COMPLETE,True,9,,,COMPLETED,0.006235499866306782
B05-MPV-GEN-rust-extremepoint-fixed-10s.jsonl,rust_extremepoint,extremepoint,MPV-GEN-T1-N30-R09,1,30,9,10.0,VALID_COMPLETE,True,9,,,COMPLETED,0.010101799154654145
B05-MPV-GEN-rust-extremepoint-fixed-10s.jsonl,rust_extremepoint,extremepoint,MPV-GEN-T1-N30-R10,1,30,10,10.0,VALID_COMPLETE,True,8,,,COMPLETED,0.006290297955274582
B05-MPV-GEN-rust-extremepoint-fixed-10s.jsonl,rust_extremepoint,extremepoint,MPV-GEN-T1-N60-R01,1,60,1,10.0,VALID_COMPLETE,True,16,,,COMPLETED,0.00727216899394989
B05-MPV-GEN-rust-extremepoint-fixed-10s.jsonl,rust_extremepoint,extremepoint,MPV-GEN-T1-N60-R02,1,60,2,10.0,VALID_COMPLETE,True,15,,,COMPLETED,0.011753519997000694
B05-MPV-GEN-rust-extremepoint-fixed-10s.jsonl,rust_extremepoint,extremepoint,MPV-GEN-T1-N60-R03,1,60,3,10.0,VALID_COMPLETE,True,17,,,COMPLETED,0.005342501914128661
B05-MPV-GEN-rust-extremepoint-fixed-10s.jsonl,rust_extremepoint,extremepoint,MPV-GEN-T1-N60-R04,1,60,4,10.0,VALID_COMPLETE,True,14,,,COMPLETED,0.01922916411422193
B05-MPV-GEN-rust-extremepoint-fixed-10s.jsonl,rust_extremepoint,extremepoint,MPV-GEN-T1-N60-R05,1,60,5,10.0,VALID_COMPLETE,True,19,,,COMPLETED,0.010741433128714561
B05-MPV-GEN-rust-extremepoint-fixed-10s.jsonl,rust_extremepoint,extremepoint,MPV-GEN-T1-N60-R06,1,60,6,10.0,VALID_COMPLETE,True,15,,,COMPLETED,0.013447027886286378
B05-MPV-GEN-rust-extremepoint-fixed-10s.jsonl,rust_extremepoint,extremepoint,MPV-GEN-T1-N60-R07,1,60,7,10.0,VALID_COMPLETE,True,16,,,COMPLETED,0.014554838882759213
B05-MPV-GEN-rust-extremepoint-fixed-10s.jsonl,rust_extremepoint,extremepoint,MPV-GEN-T1-N60-R08,1,60,8,10.0,VALID_COMPLETE,True,17,,,COMPLETED,0.012887285090982914
B05-MPV-GEN-rust-extremepoint-fixed-10s.jsonl,rust_extremepoint,extremepoint,MPV-GEN-T1-N60-R09,1,60,9,10.0,VALID_COMPLETE,True,16,,,COMPLETED,0.01779726892709732
B05-MPV-GEN-rust-extremepoint-fixed-10s.jsonl,rust_extremepoint,extremepoint,MPV-GEN-T1-N60-R10,1,60,10,10.0,VALID_COMPLETE,True,16,,,COMPLETED,0.012279432965442538
B05-MPV-GEN-rust-extremepoint-fixed-10s.jsonl,rust_extremepoint,extremepoint,MPV-GEN-T1-N90-R01,1,90,1,10.0,VALID_COMPLETE,True,30,,,COMPLETED,0.014532051049172878
B05-MPV-GEN-rust-extremepoint-fixed-10s.jsonl,rust_extremepoint,extremepoint,MPV-GEN-T1-N90-R02,1,90,2,10.0,VALID_COMPLETE,True,25,,,COMPLETED,0.014714547898620367
B05-MPV-GEN-rust-extremepoint-fixed-10s.jsonl,rust_extremepoint,extremepoint,MPV-GEN-T1-N90-R03,1,90,3,10.0,VALID_COMPLETE,True,25,,,COMPLETED,0.014352642931044102
B05-MPV-GEN-rust-extremepoint-fixed-10s.jsonl,rust_extremepoint,extremepoint,MPV-GEN-T1-N90-R04,1,90,4,10.0,VALID_COMPLETE,True,23,,,COMPLETED,0.02444480499252677
B05-MPV-GEN-rust-extremepoint-fixed-10s.jsonl,rust_extremepoint,extremepoint,MPV-GEN-T1-N90-R05,1,90,5,10.0,VALID_COMPLETE,True,28,,,COMPLETED,0.013053041882812977
B05-MPV-GEN-rust-extremepoint-fixed-10s.jsonl,rust_extremepoint,extremepoint,MPV-GEN-T1-N90-R06,1,90,6,10.0,VALID_COMPLETE,True,26,,,COMPLETED,0.01797935599461198
B05-MPV-GEN-rust-extremepoint-fixed-10s.jsonl,rust_extremepoint,extremepoint,MPV-GEN-T1-N90-R07,1,90,7,10.0,VALID_COMPLETE,True,23,,,COMPLETED,0.011686322977766395
B05-MPV-GEN-rust-extremepoint-fixed-10s.jsonl,rust_extremepoint,extremepoint,MPV-GEN-T1-N90-R08,1,90,8,10.0,VALID_COMPLETE,True,27,,,COMPLETED,0.027061264030635357
B05-MPV-GEN-rust-extremepoint-fixed-10s.jsonl,rust_extremepoint,extremepoint,MPV-GEN-T1-N90-R09,1,90,9,10.0,VALID_COMPLETE,True,28,,,COMPLETED,0.024064367171376944
B05-MPV-GEN-rust-extremepoint-fixed-10s.jsonl,rust_extremepoint,extremepoint,MPV-GEN-T1-N90-R10,1,90,10,10.0,VALID_COMPLETE,True,25,,,COMPLETED,0.009875908959656954
B05-MPV-GEN-rust-extremepoint-fixed-10s.jsonl,rust_extremepoint,extremepoint,MPV-GEN-T6-N30-R01,6,30,1,10.0,VALID_COMPLETE,True,1,,,COMPLETED,0.014374769991263747
B05-MPV-GEN-rust-extremepoint-fixed-10s.jsonl,rust_extremepoint,extremepoint,MPV-GEN-T6-N30-R02,6,30,2,10.0,VALID_COMPLETE,True,1,,,COMPLETED,0.018386827781796455
B05-MPV-GEN-rust-extremepoint-fixed-10s.jsonl,rust_extremepoint,extremepoint,MPV-GEN-T6-N30-R03,6,30,3,10.0,VALID_COMPLETE,True,1,,,COMPLETED,0.007768535986542702
B05-MPV-GEN-rust-extremepoint-fixed-10s.jsonl,rust_extremepoint,extremepoint,MPV-GEN-T6-N30-R04,6,30,4,10.0,VALID_COMPLETE,True,1,,,COMPLETED,0.0057185799814760685
B05-MPV-GEN-rust-extremepoint-fixed-10s.jsonl,rust_extremepoint,extremepoint,MPV-GEN-T6-N30-R05,6,30,5,10.0,VALID_COMPLETE,True,1,,,COMPLETED,0.006684469059109688
B05-MPV-GEN-rust-extremepoint-fixed-10s.jsonl,rust_extremepoint,extremepoint,MPV-GEN-T6-N30-R06,6,30,6,10.0,VALID_COMPLETE,True,1,,,COMPLETED,0.007145327050238848
B05-MPV-GEN-rust-extremepoint-fixed-10s.jsonl,rust_extremepoint,extremepoint,MPV-GEN-T6-N30-R07,6,30,7,10.0,VALID_COMPLETE,True,1,,,COMPLETED,0.010913244914263487
B05-MPV-GEN-rust-extremepoint-fixed-10s.jsonl,rust_extremepoint,extremepoint,MPV-GEN-T6-N30-R08,6,30,8,10.0,VALID_COMPLETE,True,1,,,COMPLETED,0.01733624702319503
B05-MPV-GEN-rust-extremepoint-fixed-10s.jsonl,rust_extremepoint,extremepoint,MPV-GEN-T6-N30-R09,6,30,9,10.0,VALID_COMPLETE,True,1,,,COMPLETED,0.01046333508566022
B05-MPV-GEN-rust-extremepoint-fixed-10s.jsonl,rust_extremepoint,extremepoint,MPV-GEN-T6-N30-R10,6,30,10,10.0,VALID_COMPLETE,True,1,,,COMPLETED,0.0099624739959836
B05-MPV-GEN-rust-extremepoint-fixed-10s.jsonl,rust_extremepoint,extremepoint,MPV-GEN-T6-N60-R01,6,60,1,10.0,VALID_COMPLETE,True,1,,,COMPLETED,0.011320189107209444
B05-MPV-GEN-rust-extremepoint-fixed-10s.jsonl,rust_extremepoint,extremepoint,MPV-GEN-T6-N60-R02,6,60,2,10.0,VALID_COMPLETE,True,1,,,COMPLETED,0.006651198957115412
B05-MPV-GEN-rust-extremepoint-fixed-10s.jsonl,rust_extremepoint,extremepoint,MPV-GEN-T6-N60-R03,6,60,3,10.0,VALID_COMPLETE,True,1,,,COMPLETED,0.01949669700115919
B05-MPV-GEN-rust-extremepoint-fixed-10s.jsonl,rust_extremepoint,extremepoint,MPV-GEN-T6-N60-R04,6,60,4,10.0,VALID_COMPLETE,True,1,,,COMPLETED,0.014643409987911582
B05-MPV-GEN-rust-extremepoint-fixed-10s.jsonl,rust_extremepoint,extremepoint,MPV-GEN-T6-N60-R05,6,60,5,10.0,VALID_COMPLETE,True,1,,,COMPLETED,0.016168453032150865
B05-MPV-GEN-rust-extremepoint-fixed-10s.jsonl,rust_extremepoint,extremepoint,MPV-GEN-T6-N60-R06,6,60,6,10.0,VALID_COMPLETE,True,1,,,COMPLETED,0.009974973043426871
B05-MPV-GEN-rust-extremepoint-fixed-10s.jsonl,rust_extremepoint,extremepoint,MPV-GEN-T6-N60-R07,6,60,7,10.0,VALID_COMPLETE,True,1,,,COMPLETED,0.024210825096815825
B05-MPV-GEN-rust-extremepoint-fixed-10s.jsonl,rust_extremepoint,extremepoint,MPV-GEN-T6-N60-R08,6,60,8,10.0,VALID_COMPLETE,True,1,,,COMPLETED,0.01576797617599368
B05-MPV-GEN-rust-extremepoint-fixed-10s.jsonl,rust_extremepoint,extremepoint,MPV-GEN-T6-N60-R09,6,60,9,10.0,VALID_COMPLETE,True,1,,,COMPLETED,0.013662271900102496
B05-MPV-GEN-rust-extremepoint-fixed-10s.jsonl,rust_extremepoint,extremepoint,MPV-GEN-T6-N60-R10,6,60,10,10.0,VALID_COMPLETE,True,1,,,COMPLETED,0.00887041981332004
B05-MPV-GEN-rust-extremepoint-fixed-10s.jsonl,rust_extremepoint,extremepoint,MPV-GEN-T6-N90-R01,6,90,1,10.0,VALID_COMPLETE,True,1,,,COMPLETED,0.011849226895719767
B05-MPV-GEN-rust-extremepoint-fixed-10s.jsonl,rust_extremepoint,extremepoint,MPV-GEN-T6-N90-R02,6,90,2,10.0,VALID_COMPLETE,True,1,,,COMPLETED,0.042492681881412864
B05-MPV-GEN-rust-extremepoint-fixed-10s.jsonl,rust_extremepoint,extremepoint,MPV-GEN-T6-N90-R03,6,90,3,10.0,VALID_COMPLETE,True,1,,,COMPLETED,0.020913801854476333
B05-MPV-GEN-rust-extremepoint-fixed-10s.jsonl,rust_extremepoint,extremepoint,MPV-GEN-T6-N90-R04,6,90,4,10.0,VALID_COMPLETE,True,1,,,COMPLETED,0.02076449920423329
B05-MPV-GEN-rust-extremepoint-fixed-10s.jsonl,rust_extremepoint,extremepoint,MPV-GEN-T6-N90-R05,6,90,5,10.0,VALID_COMPLETE,True,1,,,COMPLETED,0.016277505084872246
B05-MPV-GEN-rust-extremepoint-fixed-10s.jsonl,rust_extremepoint,extremepoint,MPV-GEN-T6-N90-R06,6,90,6,10.0,VALID_COMPLETE,True,1,,,COMPLETED,0.03898239508271217
B05-MPV-GEN-rust-extremepoint-fixed-10s.jsonl,rust_extremepoint,extremepoint,MPV-GEN-T6-N90-R07,6,90,7,10.0,VALID_COMPLETE,True,1,,,COMPLETED,0.025466796942055225
B05-MPV-GEN-rust-extremepoint-fixed-10s.jsonl,rust_extremepoint,extremepoint,MPV-GEN-T6-N90-R08,6,90,8,10.0,VALID_COMPLETE,True,1,,,COMPLETED,0.037938470020890236
B05-MPV-GEN-rust-extremepoint-fixed-10s.jsonl,rust_extremepoint,extremepoint,MPV-GEN-T6-N90-R09,6,90,9,10.0,VALID_COMPLETE,True,1,,,COMPLETED,0.009879824938252568
B05-MPV-GEN-rust-extremepoint-fixed-10s.jsonl,rust_extremepoint,extremepoint,MPV-GEN-T6-N90-R10,6,90,10,10.0,VALID_COMPLETE,True,1,,,COMPLETED,0.005609282059594989
B05-MPV-GEN-rust-extremepoint-fixed-10s.jsonl,rust_extremepoint,extremepoint,MPV-GEN-T7-N30-R01,7,30,1,10.0,VALID_COMPLETE,True,1,,,COMPLETED,0.02505736006423831
B05-MPV-GEN-rust-extremepoint-fixed-10s.jsonl,rust_extremepoint,extremepoint,MPV-GEN-T7-N30-R02,7,30,2,10.0,VALID_COMPLETE,True,1,,,COMPLETED,0.02827075100503862
B05-MPV-GEN-rust-extremepoint-fixed-10s.jsonl,rust_extremepoint,extremepoint,MPV-GEN-T7-N30-R03,7,30,3,10.0,VALID_COMPLETE,True,1,,,COMPLETED,0.0395569340325892
B05-MPV-GEN-rust-extremepoint-fixed-10s.jsonl,rust_extremepoint,extremepoint,MPV-GEN-T7-N30-R04,7,30,4,10.0,VALID_COMPLETE,True,1,,,COMPLETED,0.028035813011229038
B05-MPV-GEN-rust-extremepoint-fixed-10s.jsonl,rust_extremepoint,extremepoint,MPV-GEN-T7-N30-R05,7,30,5,10.0,VALID_COMPLETE,True,1,,,COMPLETED,0.015904542990028858
B05-MPV-GEN-rust-extremepoint-fixed-10s.jsonl,rust_extremepoint,extremepoint,MPV-GEN-T7-N30-R06,7,30,6,10.0,VALID_COMPLETE,True,1,,,COMPLETED,0.006022759014740586
B05-MPV-GEN-rust-extremepoint-fixed-10s.jsonl,rust_extremepoint,extremepoint,MPV-GEN-T7-N30-R07,7,30,7,10.0,VALID_COMPLETE,True,1,,,COMPLETED,0.007041347911581397
B05-MPV-GEN-rust-extremepoint-fixed-10s.jsonl,rust_extremepoint,extremepoint,MPV-GEN-T7-N30-R08,7,30,8,10.0,VALID_COMPLETE,True,1,,,COMPLETED,0.005683762952685356
B05-MPV-GEN-rust-extremepoint-fixed-10s.jsonl,rust_extremepoint,extremepoint,MPV-GEN-T7-N30-R09,7,30,9,10.0,VALID_COMPLETE,True,1,,,COMPLETED,0.021751482971012592
B05-MPV-GEN-rust-extremepoint-fixed-10s.jsonl,rust_extremepoint,extremepoint,MPV-GEN-T7-N30-R10,7,30,10,10.0,VALID_COMPLETE,True,1,,,COMPLETED,0.005360370967537165
B05-MPV-GEN-rust-extremepoint-fixed-10s.jsonl,rust_extremepoint,extremepoint,MPV-GEN-T7-N60-R01,7,60,1,10.0,VALID_COMPLETE,True,1,,,COMPLETED,0.007280375808477402
B05-MPV-GEN-rust-extremepoint-fixed-10s.jsonl,rust_extremepoint,extremepoint,MPV-GEN-T7-N60-R02,7,60,2,10.0,VALID_COMPLETE,True,1,,,COMPLETED,0.00514775887131691
B05-MPV-GEN-rust-extremepoint-fixed-10s.jsonl,rust_extremepoint,extremepoint,MPV-GEN-T7-N60-R03,7,60,3,10.0,VALID_COMPLETE,True,1,,,COMPLETED,0.019764740951359272
B05-MPV-GEN-rust-extremepoint-fixed-10s.jsonl,rust_extremepoint,extremepoint,MPV-GEN-T7-N60-R04,7,60,4,10.0,VALID_COMPLETE,True,1,,,COMPLETED,0.011020549107342958
B05-MPV-GEN-rust-extremepoint-fixed-10s.jsonl,rust_extremepoint,extremepoint,MPV-GEN-T7-N60-R05,7,60,5,10.0,VALID_COMPLETE,True,1,,,COMPLETED,0.01584502519108355
B05-MPV-GEN-rust-extremepoint-fixed-10s.jsonl,rust_extremepoint,extremepoint,MPV-GEN-T7-N60-R06,7,60,6,10.0,VALID_COMPLETE,True,1,,,COMPLETED,0.01734359306283295
B05-MPV-GEN-rust-extremepoint-fixed-10s.jsonl,rust_extremepoint,extremepoint,MPV-GEN-T7-N60-R07,7,60,7,10.0,VALID_COMPLETE,True,1,,,COMPLETED,0.018319554859772325
B05-MPV-GEN-rust-extremepoint-fixed-10s.jsonl,rust_extremepoint,extremepoint,MPV-GEN-T7-N60-R08,7,60,8,10.0,VALID_COMPLETE,True,1,,,COMPLETED,0.03320713294669986
B05-MPV-GEN-rust-extremepoint-fixed-10s.jsonl,rust_extremepoint,extremepoint,MPV-GEN-T7-N60-R09,7,60,9,10.0,VALID_COMPLETE,True,1,,,COMPLETED,0.0175623488612473
B05-MPV-GEN-rust-extremepoint-fixed-10s.jsonl,rust_extremepoint,extremepoint,MPV-GEN-T7-N60-R10,7,60,10,10.0,VALID_COMPLETE,True,1,,,COMPLETED,0.02351211104542017
B05-MPV-GEN-rust-extremepoint-fixed-10s.jsonl,rust_extremepoint,extremepoint,MPV-GEN-T7-N90-R01,7,90,1,10.0,VALID_COMPLETE,True,1,,,COMPLETED,0.015099032083526254
B05-MPV-GEN-rust-extremepoint-fixed-10s.jsonl,rust_extremepoint,extremepoint,MPV-GEN-T7-N90-R02,7,90,2,10.0,VALID_COMPLETE,True,1,,,COMPLETED,0.01407423592172563
B05-MPV-GEN-rust-extremepoint-fixed-10s.jsonl,rust_extremepoint,extremepoint,MPV-GEN-T7-N90-R03,7,90,3,10.0,VALID_COMPLETE,True,1,,,COMPLETED,0.014343115966767073
B05-MPV-GEN-rust-extremepoint-fixed-10s.jsonl,rust_extremepoint,extremepoint,MPV-GEN-T7-N90-R04,7,90,4,10.0,VALID_COMPLETE,True,1,,,COMPLETED,0.04975753999315202
B05-MPV-GEN-rust-extremepoint-fixed-10s.jsonl,rust_extremepoint,extremepoint,MPV-GEN-T7-N90-R05,7,90,5,10.0,VALID_COMPLETE,True,1,,,COMPLETED,0.024347722996026278
B05-MPV-GEN-rust-extremepoint-fixed-10s.jsonl,rust_extremepoint,extremepoint,MPV-GEN-T7-N90-R06,7,90,6,10.0,VALID_COMPLETE,True,1,,,COMPLETED,0.033254910027608275
B05-MPV-GEN-rust-extremepoint-fixed-10s.jsonl,rust_extremepoint,extremepoint,MPV-GEN-T7-N90-R07,7,90,7,10.0,VALID_COMPLETE,True,1,,,COMPLETED,0.034957102965563536
B05-MPV-GEN-rust-extremepoint-fixed-10s.jsonl,rust_extremepoint,extremepoint,MPV-GEN-T7-N90-R08,7,90,8,10.0,VALID_COMPLETE,True,1,,,COMPLETED,0.02370751602575183
B05-MPV-GEN-rust-extremepoint-fixed-10s.jsonl,rust_extremepoint,extremepoint,MPV-GEN-T7-N90-R09,7,90,9,10.0,VALID_COMPLETE,True,1,,,COMPLETED,0.01859060814604163
B05-MPV-GEN-rust-extremepoint-fixed-10s.jsonl,rust_extremepoint,extremepoint,MPV-GEN-T7-N90-R10,7,90,10,10.0,VALID_COMPLETE,True,1,,,COMPLETED,0.027160656871274114
B05-MPV-GEN-rust-extremepoint-fixed-10s.jsonl,rust_extremepoint,extremepoint,MPV-GEN-T8-N30-R01,8,30,1,10.0,VALID_COMPLETE,True,5,,,COMPLETED,0.030855054035782814
B05-MPV-GEN-rust-extremepoint-fixed-10s.jsonl,rust_extremepoint,extremepoint,MPV-GEN-T8-N30-R02,8,30,2,10.0,VALID_COMPLETE,True,5,,,COMPLETED,0.005990085890516639
B05-MPV-GEN-rust-extremepoint-fixed-10s.jsonl,rust_extremepoint,extremepoint,MPV-GEN-T8-N30-R03,8,30,3,10.0,VALID_COMPLETE,True,8,,,COMPLETED,0.008248450933024287
B05-MPV-GEN-rust-extremepoint-fixed-10s.jsonl,rust_extremepoint,extremepoint,MPV-GEN-T8-N30-R04,8,30,4,10.0,VALID_COMPLETE,True,5,,,COMPLETED,0.005938207032158971
B05-MPV-GEN-rust-extremepoint-fixed-10s.jsonl,rust_extremepoint,extremepoint,MPV-GEN-T8-N30-R05,8,30,5,10.0,VALID_COMPLETE,True,7,,,COMPLETED,0.010643523186445236
B05-MPV-GEN-rust-extremepoint-fixed-10s.jsonl,rust_extremepoint,extremepoint,MPV-GEN-T8-N30-R06,8,30,6,10.0,VALID_COMPLETE,True,7,,,COMPLETED,0.008578943088650703
B05-MPV-GEN-rust-extremepoint-fixed-10s.jsonl,rust_extremepoint,extremepoint,MPV-GEN-T8-N30-R07,8,30,7,10.0,VALID_COMPLETE,True,5,,,COMPLETED,0.008735389215871692
B05-MPV-GEN-rust-extremepoint-fixed-10s.jsonl,rust_extremepoint,extremepoint,MPV-GEN-T8-N30-R08,8,30,8,10.0,VALID_COMPLETE,True,5,,,COMPLETED,0.006875815102830529
B05-MPV-GEN-rust-extremepoint-fixed-10s.jsonl,rust_extremepoint,extremepoint,MPV-GEN-T8-N30-R09,8,30,9,10.0,VALID_COMPLETE,True,9,,,COMPLETED,0.011131837032735348
B05-MPV-GEN-rust-extremepoint-fixed-10s.jsonl,rust_extremepoint,extremepoint,MPV-GEN-T8-N30-R10,8,30,10,10.0,VALID_COMPLETE,True,6,,,COMPLETED,0.010238745948299766
B05-MPV-GEN-rust-extremepoint-fixed-10s.jsonl,rust_extremepoint,extremepoint,MPV-GEN-T8-N60-R01,8,60,1,10.0,VALID_COMPLETE,True,14,,,COMPLETED,0.01042232196778059
B05-MPV-GEN-rust-extremepoint-fixed-10s.jsonl,rust_extremepoint,extremepoint,MPV-GEN-T8-N60-R02,8,60,2,10.0,VALID_COMPLETE,True,15,,,COMPLETED,0.009562850929796696
B05-MPV-GEN-rust-extremepoint-fixed-10s.jsonl,rust_extremepoint,extremepoint,MPV-GEN-T8-N60-R03,8,60,3,10.0,VALID_COMPLETE,True,12,,,COMPLETED,0.01657053385861218
B05-MPV-GEN-rust-extremepoint-fixed-10s.jsonl,rust_extremepoint,extremepoint,MPV-GEN-T8-N60-R04,8,60,4,10.0,VALID_COMPLETE,True,10,,,COMPLETED,0.014430799055844545
B05-MPV-GEN-rust-extremepoint-fixed-10s.jsonl,rust_extremepoint,extremepoint,MPV-GEN-T8-N60-R05,8,60,5,10.0,VALID_COMPLETE,True,13,,,COMPLETED,0.019403358921408653
B05-MPV-GEN-rust-extremepoint-fixed-10s.jsonl,rust_extremepoint,extremepoint,MPV-GEN-T8-N60-R06,8,60,6,10.0,VALID_COMPLETE,True,11,,,COMPLETED,0.013510653050616384
B05-MPV-GEN-rust-extremepoint-fixed-10s.jsonl,rust_extremepoint,extremepoint,MPV-GEN-T8-N60-R07,8,60,7,10.0,VALID_COMPLETE,True,11,,,COMPLETED,0.020642487099394202
B05-MPV-GEN-rust-extremepoint-fixed-10s.jsonl,rust_extremepoint,extremepoint,MPV-GEN-T8-N60-R08,8,60,8,10.0,VALID_COMPLETE,True,9,,,COMPLETED,0.01711513986811042
B05-MPV-GEN-rust-extremepoint-fixed-10s.jsonl,rust_extremepoint,extremepoint,MPV-GEN-T8-N60-R09,8,60,9,10.0,VALID_COMPLETE,True,12,,,COMPLETED,0.018449640832841396
B05-MPV-GEN-rust-extremepoint-fixed-10s.jsonl,rust_extremepoint,extremepoint,MPV-GEN-T8-N60-R10,8,60,10,10.0,VALID_COMPLETE,True,13,,,COMPLETED,0.01357585284858942
B05-MPV-GEN-rust-extremepoint-fixed-10s.jsonl,rust_extremepoint,extremepoint,MPV-GEN-T8-N90-R01,8,90,1,10.0,VALID_COMPLETE,True,12,,,COMPLETED,0.01237257313914597
B05-MPV-GEN-rust-extremepoint-fixed-10s.jsonl,rust_extremepoint,extremepoint,MPV-GEN-T8-N90-R02,8,90,2,10.0,VALID_COMPLETE,True,13,,,COMPLETED,0.013139927992597222
B05-MPV-GEN-rust-extremepoint-fixed-10s.jsonl,rust_extremepoint,extremepoint,MPV-GEN-T8-N90-R03,8,90,3,10.0,VALID_COMPLETE,True,18,,,COMPLETED,0.021135234041139483
B05-MPV-GEN-rust-extremepoint-fixed-10s.jsonl,rust_extremepoint,extremepoint,MPV-GEN-T8-N90-R04,8,90,4,10.0,VALID_COMPLETE,True,17,,,COMPLETED,0.019081065896898508
B05-MPV-GEN-rust-extremepoint-fixed-10s.jsonl,rust_extremepoint,extremepoint,MPV-GEN-T8-N90-R05,8,90,5,10.0,VALID_COMPLETE,True,16,,,COMPLETED,0.018055631080642343
B05-MPV-GEN-rust-extremepoint-fixed-10s.jsonl,rust_extremepoint,extremepoint,MPV-GEN-T8-N90-R06,8,90,6,10.0,VALID_COMPLETE,True,17,,,COMPLETED,0.026607695035636425
B05-MPV-GEN-rust-extremepoint-fixed-10s.jsonl,rust_extremepoint,extremepoint,MPV-GEN-T8-N90-R07,8,90,7,10.0,VALID_COMPLETE,True,17,,,COMPLETED,0.018071058206260204
B05-MPV-GEN-rust-extremepoint-fixed-10s.jsonl,rust_extremepoint,extremepoint,MPV-GEN-T8-N90-R08,8,90,8,10.0,VALID_COMPLETE,True,15,,,COMPLETED,0.017944623017683625
B05-MPV-GEN-rust-extremepoint-fixed-10s.jsonl,rust_extremepoint,extremepoint,MPV-GEN-T8-N90-R09,8,90,9,10.0,VALID_COMPLETE,True,18,,,COMPLETED,0.016567083075642586
B05-MPV-GEN-rust-extremepoint-fixed-10s.jsonl,rust_extremepoint,extremepoint,MPV-GEN-T8-N90-R10,8,90,10,10.0,VALID_COMPLETE,True,17,,,COMPLETED,0.02195396088063717
B05-MPV-GEN-rust-extremepoint-fixed-10s.jsonl,rust_extremepoint,extremepoint,MPV-GEN-T9-N30-R01,9,30,1,10.0,VALID_COMPLETE,True,4,,,COMPLETED,0.02205908903852105
B05-MPV-GEN-rust-extremepoint-fixed-10s.jsonl,rust_extremepoint,extremepoint,MPV-GEN-T9-N30-R02,9,30,2,10.0,VALID_COMPLETE,True,4,,,COMPLETED,0.0144722331315279
B05-MPV-GEN-rust-extremepoint-fixed-10s.jsonl,rust_extremepoint,extremepoint,MPV-GEN-T9-N30-R03,9,30,3,10.0,VALID_COMPLETE,True,4,,,COMPLETED,0.006808068137615919
B05-MPV-GEN-rust-extremepoint-fixed-10s.jsonl,rust_extremepoint,extremepoint,MPV-GEN-T9-N30-R04,9,30,4,10.0,VALID_COMPLETE,True,5,,,COMPLETED,0.016006426885724068
B05-MPV-GEN-rust-extremepoint-fixed-10s.jsonl,rust_extremepoint,extremepoint,MPV-GEN-T9-N30-R05,9,30,5,10.0,VALID_COMPLETE,True,4,,,COMPLETED,0.006270902929827571
B05-MPV-GEN-rust-extremepoint-fixed-10s.jsonl,rust_extremepoint,extremepoint,MPV-GEN-T9-N30-R06,9,30,6,10.0,VALID_COMPLETE,True,4,,,COMPLETED,0.008909268071874976
B05-MPV-GEN-rust-extremepoint-fixed-10s.jsonl,rust_extremepoint,extremepoint,MPV-GEN-T9-N30-R07,9,30,7,10.0,VALID_COMPLETE,True,5,,,COMPLETED,0.010378243867307901
B05-MPV-GEN-rust-extremepoint-fixed-10s.jsonl,rust_extremepoint,extremepoint,MPV-GEN-T9-N30-R08,9,30,8,10.0,VALID_COMPLETE,True,4,,,COMPLETED,0.004353913012892008
B05-MPV-GEN-rust-extremepoint-fixed-10s.jsonl,rust_extremepoint,extremepoint,MPV-GEN-T9-N30-R09,9,30,9,10.0,VALID_COMPLETE,True,4,,,COMPLETED,0.012185784988105297
B05-MPV-GEN-rust-extremepoint-fixed-10s.jsonl,rust_extremepoint,extremepoint,MPV-GEN-T9-N30-R10,9,30,10,10.0,VALID_COMPLETE,True,4,,,COMPLETED,0.00513871293514967
B05-MPV-GEN-rust-extremepoint-fixed-10s.jsonl,rust_extremepoint,extremepoint,MPV-GEN-T9-N60-R01,9,60,1,10.0,VALID_COMPLETE,True,4,,,COMPLETED,0.008749938104301691
B05-MPV-GEN-rust-extremepoint-fixed-10s.jsonl,rust_extremepoint,extremepoint,MPV-GEN-T9-N60-R02,9,60,2,10.0,VALID_COMPLETE,True,5,,,COMPLETED,0.019916554912924767
B05-MPV-GEN-rust-extremepoint-fixed-10s.jsonl,rust_extremepoint,extremepoint,MPV-GEN-T9-N60-R03,9,60,3,10.0,VALID_COMPLETE,True,5,,,COMPLETED,0.018863841891288757
B05-MPV-GEN-rust-extremepoint-fixed-10s.jsonl,rust_extremepoint,extremepoint,MPV-GEN-T9-N60-R04,9,60,4,10.0,VALID_COMPLETE,True,5,,,COMPLETED,0.026426163967698812
B05-MPV-GEN-rust-extremepoint-fixed-10s.jsonl,rust_extremepoint,extremepoint,MPV-GEN-T9-N60-R05,9,60,5,10.0,VALID_COMPLETE,True,4,,,COMPLETED,0.00662022503092885
B05-MPV-GEN-rust-extremepoint-fixed-10s.jsonl,rust_extremepoint,extremepoint,MPV-GEN-T9-N60-R06,9,60,6,10.0,VALID_COMPLETE,True,4,,,COMPLETED,0.014210763853043318
B05-MPV-GEN-rust-extremepoint-fixed-10s.jsonl,rust_extremepoint,extremepoint,MPV-GEN-T9-N60-R07,9,60,7,10.0,VALID_COMPLETE,True,4,,,COMPLETED,0.02333698491565883
B05-MPV-GEN-rust-extremepoint-fixed-10s.jsonl,rust_extremepoint,extremepoint,MPV-GEN-T9-N60-R08,9,60,8,10.0,VALID_COMPLETE,True,5,,,COMPLETED,0.016070136101916432
B05-MPV-GEN-rust-extremepoint-fixed-10s.jsonl,rust_extremepoint,extremepoint,MPV-GEN-T9-N60-R09,9,60,9,10.0,VALID_COMPLETE,True,5,,,COMPLETED,0.017326107947155833
B05-MPV-GEN-rust-extremepoint-fixed-10s.jsonl,rust_extremepoint,extremepoint,MPV-GEN-T9-N60-R10,9,60,10,10.0,VALID_COMPLETE,True,5,,,COMPLETED,0.006593453930690885
B05-MPV-GEN-rust-extremepoint-fixed-10s.jsonl,rust_extremepoint,extremepoint,MPV-GEN-T9-N90-R01,9,90,1,10.0,VALID_COMPLETE,True,5,,,COMPLETED,0.010900154942646623
B05-MPV-GEN-rust-extremepoint-fixed-10s.jsonl,rust_extremepoint,extremepoint,MPV-GEN-T9-N90-R02,9,90,2,10.0,VALID_COMPLETE,True,5,,,COMPLETED,0.02744864602573216
B05-MPV-GEN-rust-extremepoint-fixed-10s.jsonl,rust_extremepoint,extremepoint,MPV-GEN-T9-N90-R03,9,90,3,10.0,VALID_COMPLETE,True,5,,,COMPLETED,0.0255201100371778
B05-MPV-GEN-rust-extremepoint-fixed-10s.jsonl,rust_extremepoint,extremepoint,MPV-GEN-T9-N90-R04,9,90,4,10.0,VALID_COMPLETE,True,5,,,COMPLETED,0.015519181964918971
B05-MPV-GEN-rust-extremepoint-fixed-10s.jsonl,rust_extremepoint,extremepoint,MPV-GEN-T9-N90-R05,9,90,5,10.0,VALID_COMPLETE,True,5,,,COMPLETED,0.022690064972266555
B05-MPV-GEN-rust-extremepoint-fixed-10s.jsonl,rust_extremepoint,extremepoint,MPV-GEN-T9-N90-R06,9,90,6,10.0,VALID_COMPLETE,True,5,,,COMPLETED,0.022093340987339616
B05-MPV-GEN-rust-extremepoint-fixed-10s.jsonl,rust_extremepoint,extremepoint,MPV-GEN-T9-N90-R07,9,90,7,10.0,VALID_COMPLETE,True,5,,,COMPLETED,0.01613709796220064
B05-MPV-GEN-rust-extremepoint-fixed-10s.jsonl,rust_extremepoint,extremepoint,MPV-GEN-T9-N90-R08,9,90,8,10.0,VALID_COMPLETE,True,5,,,COMPLETED,0.021327317925170064
B05-MPV-GEN-rust-extremepoint-fixed-10s.jsonl,rust_extremepoint,extremepoint,MPV-GEN-T9-N90-R09,9,90,9,10.0,VALID_COMPLETE,True,5,,,COMPLETED,0.017031379975378513
B05-MPV-GEN-rust-extremepoint-fixed-10s.jsonl,rust_extremepoint,extremepoint,MPV-GEN-T9-N90-R10,9,90,10,10.0,VALID_COMPLETE,True,6,,,COMPLETED,0.01723052514716983
B05-MPV-GEN-rust-extremepoint-fixed-1s.jsonl,rust_extremepoint,extremepoint,MPV-GEN-T1-N30-R01,1,30,1,1.0,VALID_COMPLETE,True,10,,,COMPLETED,0.00832722196355462
B05-MPV-GEN-rust-extremepoint-fixed-1s.jsonl,rust_extremepoint,extremepoint,MPV-GEN-T1-N30-R02,1,30,2,1.0,VALID_COMPLETE,True,12,,,COMPLETED,0.005447375820949674
B05-MPV-GEN-rust-extremepoint-fixed-1s.jsonl,rust_extremepoint,extremepoint,MPV-GEN-T1-N30-R03,1,30,3,1.0,VALID_COMPLETE,True,8,,,COMPLETED,0.006510514998808503
B05-MPV-GEN-rust-extremepoint-fixed-1s.jsonl,rust_extremepoint,extremepoint,MPV-GEN-T1-N30-R04,1,30,4,1.0,VALID_COMPLETE,True,8,,,COMPLETED,0.011802467983216047
B05-MPV-GEN-rust-extremepoint-fixed-1s.jsonl,rust_extremepoint,extremepoint,MPV-GEN-T1-N30-R05,1,30,5,1.0,VALID_COMPLETE,True,11,,,COMPLETED,0.008244876051321626
B05-MPV-GEN-rust-extremepoint-fixed-1s.jsonl,rust_extremepoint,extremepoint,MPV-GEN-T1-N30-R06,1,30,6,1.0,VALID_COMPLETE,True,7,,,COMPLETED,0.01140878302976489
B05-MPV-GEN-rust-extremepoint-fixed-1s.jsonl,rust_extremepoint,extremepoint,MPV-GEN-T1-N30-R07,1,30,7,1.0,VALID_COMPLETE,True,8,,,COMPLETED,0.010659867199137807
B05-MPV-GEN-rust-extremepoint-fixed-1s.jsonl,rust_extremepoint,extremepoint,MPV-GEN-T1-N30-R08,1,30,8,1.0,VALID_COMPLETE,True,9,,,COMPLETED,0.015065564075484872
B05-MPV-GEN-rust-extremepoint-fixed-1s.jsonl,rust_extremepoint,extremepoint,MPV-GEN-T1-N30-R09,1,30,9,1.0,VALID_COMPLETE,True,9,,,COMPLETED,0.005927789956331253
B05-MPV-GEN-rust-extremepoint-fixed-1s.jsonl,rust_extremepoint,extremepoint,MPV-GEN-T1-N30-R10,1,30,10,1.0,VALID_COMPLETE,True,8,,,COMPLETED,0.011141418013721704
B05-MPV-GEN-rust-extremepoint-fixed-1s.jsonl,rust_extremepoint,extremepoint,MPV-GEN-T1-N60-R01,1,60,1,1.0,VALID_COMPLETE,True,16,,,COMPLETED,0.012453512055799365
B05-MPV-GEN-rust-extremepoint-fixed-1s.jsonl,rust_extremepoint,extremepoint,MPV-GEN-T1-N60-R02,1,60,2,1.0,VALID_COMPLETE,True,15,,,COMPLETED,0.010135862976312637
B05-MPV-GEN-rust-extremepoint-fixed-1s.jsonl,rust_extremepoint,extremepoint,MPV-GEN-T1-N60-R03,1,60,3,1.0,VALID_COMPLETE,True,17,,,COMPLETED,0.023160221055150032
B05-MPV-GEN-rust-extremepoint-fixed-1s.jsonl,rust_extremepoint,extremepoint,MPV-GEN-T1-N60-R04,1,60,4,1.0,VALID_COMPLETE,True,14,,,COMPLETED,0.01345603703521192
B05-MPV-GEN-rust-extremepoint-fixed-1s.jsonl,rust_extremepoint,extremepoint,MPV-GEN-T1-N60-R05,1,60,5,1.0,VALID_COMPLETE,True,19,,,COMPLETED,0.02760152705013752
B05-MPV-GEN-rust-extremepoint-fixed-1s.jsonl,rust_extremepoint,extremepoint,MPV-GEN-T1-N60-R06,1,60,6,1.0,VALID_COMPLETE,True,15,,,COMPLETED,0.017765874043107033
B05-MPV-GEN-rust-extremepoint-fixed-1s.jsonl,rust_extremepoint,extremepoint,MPV-GEN-T1-N60-R07,1,60,7,1.0,VALID_COMPLETE,True,16,,,COMPLETED,0.02140080789104104
B05-MPV-GEN-rust-extremepoint-fixed-1s.jsonl,rust_extremepoint,extremepoint,MPV-GEN-T1-N60-R08,1,60,8,1.0,VALID_COMPLETE,True,17,,,COMPLETED,0.016395628917962313
B05-MPV-GEN-rust-extremepoint-fixed-1s.jsonl,rust_extremepoint,extremepoint,MPV-GEN-T1-N60-R09,1,60,9,1.0,VALID_COMPLETE,True,16,,,COMPLETED,0.01346122706308961
B05-MPV-GEN-rust-extremepoint-fixed-1s.jsonl,rust_extremepoint,extremepoint,MPV-GEN-T1-N60-R10,1,60,10,1.0,VALID_COMPLETE,True,16,,,COMPLETED,0.012619539862498641
B05-MPV-GEN-rust-extremepoint-fixed-1s.jsonl,rust_extremepoint,extremepoint,MPV-GEN-T1-N90-R01,1,90,1,1.0,VALID_COMPLETE,True,30,,,COMPLETED,0.0066051899921149015
B05-MPV-GEN-rust-extremepoint-fixed-1s.jsonl,rust_extremepoint,extremepoint,MPV-GEN-T1-N90-R02,1,90,2,1.0,VALID_COMPLETE,True,25,,,COMPLETED,0.008559425128623843
B05-MPV-GEN-rust-extremepoint-fixed-1s.jsonl,rust_extremepoint,extremepoint,MPV-GEN-T1-N90-R03,1,90,3,1.0,VALID_COMPLETE,True,25,,,COMPLETED,0.011135405860841274
B05-MPV-GEN-rust-extremepoint-fixed-1s.jsonl,rust_extremepoint,extremepoint,MPV-GEN-T1-N90-R04,1,90,4,1.0,VALID_COMPLETE,True,23,,,COMPLETED,0.023893678095191717
B05-MPV-GEN-rust-extremepoint-fixed-1s.jsonl,rust_extremepoint,extremepoint,MPV-GEN-T1-N90-R05,1,90,5,1.0,VALID_COMPLETE,True,28,,,COMPLETED,0.010652488097548485
B05-MPV-GEN-rust-extremepoint-fixed-1s.jsonl,rust_extremepoint,extremepoint,MPV-GEN-T1-N90-R06,1,90,6,1.0,VALID_COMPLETE,True,26,,,COMPLETED,0.02327570808120072
B05-MPV-GEN-rust-extremepoint-fixed-1s.jsonl,rust_extremepoint,extremepoint,MPV-GEN-T1-N90-R07,1,90,7,1.0,VALID_COMPLETE,True,23,,,COMPLETED,0.036619973136112094
B05-MPV-GEN-rust-extremepoint-fixed-1s.jsonl,rust_extremepoint,extremepoint,MPV-GEN-T1-N90-R08,1,90,8,1.0,VALID_COMPLETE,True,27,,,COMPLETED,0.025422602891921997
B05-MPV-GEN-rust-extremepoint-fixed-1s.jsonl,rust_extremepoint,extremepoint,MPV-GEN-T1-N90-R09,1,90,9,1.0,VALID_COMPLETE,True,28,,,COMPLETED,0.020336174871772528
B05-MPV-GEN-rust-extremepoint-fixed-1s.jsonl,rust_extremepoint,extremepoint,MPV-GEN-T1-N90-R10,1,90,10,1.0,VALID_COMPLETE,True,25,,,COMPLETED,0.008718282915651798
B05-MPV-GEN-rust-extremepoint-fixed-1s.jsonl,rust_extremepoint,extremepoint,MPV-GEN-T6-N30-R01,6,30,1,1.0,VALID_COMPLETE,True,1,,,COMPLETED,0.012280334020033479
B05-MPV-GEN-rust-extremepoint-fixed-1s.jsonl,rust_extremepoint,extremepoint,MPV-GEN-T6-N30-R02,6,30,2,1.0,VALID_COMPLETE,True,1,,,COMPLETED,0.004920440958812833
B05-MPV-GEN-rust-extremepoint-fixed-1s.jsonl,rust_extremepoint,extremepoint,MPV-GEN-T6-N30-R03,6,30,3,1.0,VALID_COMPLETE,True,1,,,COMPLETED,0.010775043163448572
B05-MPV-GEN-rust-extremepoint-fixed-1s.jsonl,rust_extremepoint,extremepoint,MPV-GEN-T6-N30-R04,6,30,4,1.0,VALID_COMPLETE,True,1,,,COMPLETED,0.017969778971746564
B05-MPV-GEN-rust-extremepoint-fixed-1s.jsonl,rust_extremepoint,extremepoint,MPV-GEN-T6-N30-R05,6,30,5,1.0,VALID_COMPLETE,True,1,,,COMPLETED,0.01078025996685028
B05-MPV-GEN-rust-extremepoint-fixed-1s.jsonl,rust_extremepoint,extremepoint,MPV-GEN-T6-N30-R06,6,30,6,1.0,VALID_COMPLETE,True,1,,,COMPLETED,0.010506763122975826
B05-MPV-GEN-rust-extremepoint-fixed-1s.jsonl,rust_extremepoint,extremepoint,MPV-GEN-T6-N30-R07,6,30,7,1.0,VALID_COMPLETE,True,1,,,COMPLETED,0.0052174709271639585
B05-MPV-GEN-rust-extremepoint-fixed-1s.jsonl,rust_extremepoint,extremepoint,MPV-GEN-T6-N30-R08,6,30,8,1.0,VALID_COMPLETE,True,1,,,COMPLETED,0.00692298193462193
B05-MPV-GEN-rust-extremepoint-fixed-1s.jsonl,rust_extremepoint,extremepoint,MPV-GEN-T6-N30-R09,6,30,9,1.0,VALID_COMPLETE,True,1,,,COMPLETED,0.008393635973334312
B05-MPV-GEN-rust-extremepoint-fixed-1s.jsonl,rust_extremepoint,extremepoint,MPV-GEN-T6-N30-R10,6,30,10,1.0,VALID_COMPLETE,True,1,,,COMPLETED,0.0144515719730407
B05-MPV-GEN-rust-extremepoint-fixed-1s.jsonl,rust_extremepoint,extremepoint,MPV-GEN-T6-N60-R01,6,60,1,1.0,VALID_COMPLETE,True,1,,,COMPLETED,0.00880938395857811
B05-MPV-GEN-rust-extremepoint-fixed-1s.jsonl,rust_extremepoint,extremepoint,MPV-GEN-T6-N60-R02,6,60,2,1.0,VALID_COMPLETE,True,1,,,COMPLETED,0.007585200946778059
B05-MPV-GEN-rust-extremepoint-fixed-1s.jsonl,rust_extremepoint,extremepoint,MPV-GEN-T6-N60-R03,6,60,3,1.0,VALID_COMPLETE,True,1,,,COMPLETED,0.016597262118011713
B05-MPV-GEN-rust-extremepoint-fixed-1s.jsonl,rust_extremepoint,extremepoint,MPV-GEN-T6-N60-R04,6,60,4,1.0,VALID_COMPLETE,True,1,,,COMPLETED,0.025618845829740167
B05-MPV-GEN-rust-extremepoint-fixed-1s.jsonl,rust_extremepoint,extremepoint,MPV-GEN-T6-N60-R05,6,60,5,1.0,VALID_COMPLETE,True,1,,,COMPLETED,0.015143349999561906
B05-MPV-GEN-rust-extremepoint-fixed-1s.jsonl,rust_extremepoint,extremepoint,MPV-GEN-T6-N60-R06,6,60,6,1.0,VALID_COMPLETE,True,1,,,COMPLETED,0.019131210865452886
B05-MPV-GEN-rust-extremepoint-fixed-1s.jsonl,rust_extremepoint,extremepoint,MPV-GEN-T6-N60-R07,6,60,7,1.0,VALID_COMPLETE,True,1,,,COMPLETED,0.012073792982846498
B05-MPV-GEN-rust-extremepoint-fixed-1s.jsonl,rust_extremepoint,extremepoint,MPV-GEN-T6-N60-R08,6,60,8,1.0,VALID_COMPLETE,True,1,,,COMPLETED,0.021809734869748354
B05-MPV-GEN-rust-extremepoint-fixed-1s.jsonl,rust_extremepoint,extremepoint,MPV-GEN-T6-N60-R09,6,60,9,1.0,VALID_COMPLETE,True,1,,,COMPLETED,0.01672696298919618
B05-MPV-GEN-rust-extremepoint-fixed-1s.jsonl,rust_extremepoint,extremepoint,MPV-GEN-T6-N60-R10,6,60,10,1.0,VALID_COMPLETE,True,1,,,COMPLETED,0.012985988985747099
B05-MPV-GEN-rust-extremepoint-fixed-1s.jsonl,rust_extremepoint,extremepoint,MPV-GEN-T6-N90-R01,6,90,1,1.0,VALID_COMPLETE,True,1,,,COMPLETED,0.02151489700190723
B05-MPV-GEN-rust-extremepoint-fixed-1s.jsonl,rust_extremepoint,extremepoint,MPV-GEN-T6-N90-R02,6,90,2,1.0,VALID_COMPLETE,True,1,,,COMPLETED,0.0230381959117949
B05-MPV-GEN-rust-extremepoint-fixed-1s.jsonl,rust_extremepoint,extremepoint,MPV-GEN-T6-N90-R03,6,90,3,1.0,VALID_COMPLETE,True,1,,,COMPLETED,0.020969257224351168
B05-MPV-GEN-rust-extremepoint-fixed-1s.jsonl,rust_extremepoint,extremepoint,MPV-GEN-T6-N90-R04,6,90,4,1.0,VALID_COMPLETE,True,1,,,COMPLETED,0.014851526822894812
B05-MPV-GEN-rust-extremepoint-fixed-1s.jsonl,rust_extremepoint,extremepoint,MPV-GEN-T6-N90-R05,6,90,5,1.0,VALID_COMPLETE,True,1,,,COMPLETED,0.028158852830529213
B05-MPV-GEN-rust-extremepoint-fixed-1s.jsonl,rust_extremepoint,extremepoint,MPV-GEN-T6-N90-R06,6,90,6,1.0,VALID_COMPLETE,True,1,,,COMPLETED,0.02110101212747395
B05-MPV-GEN-rust-extremepoint-fixed-1s.jsonl,rust_extremepoint,extremepoint,MPV-GEN-T6-N90-R07,6,90,7,1.0,VALID_COMPLETE,True,1,,,COMPLETED,0.006391804898157716
B05-MPV-GEN-rust-extremepoint-fixed-1s.jsonl,rust_extremepoint,extremepoint,MPV-GEN-T6-N90-R08,6,90,8,1.0,VALID_COMPLETE,True,1,,,COMPLETED,0.02551094302907586
B05-MPV-GEN-rust-extremepoint-fixed-1s.jsonl,rust_extremepoint,extremepoint,MPV-GEN-T6-N90-R09,6,90,9,1.0,VALID_COMPLETE,True,1,,,COMPLETED,0.040660961996763945
B05-MPV-GEN-rust-extremepoint-fixed-1s.jsonl,rust_extremepoint,extremepoint,MPV-GEN-T6-N90-R10,6,90,10,1.0,VALID_COMPLETE,True,1,,,COMPLETED,0.030090935993939638
B05-MPV-GEN-rust-extremepoint-fixed-1s.jsonl,rust_extremepoint,extremepoint,MPV-GEN-T7-N30-R01,7,30,1,1.0,VALID_COMPLETE,True,1,,,COMPLETED,0.009749207878485322
B05-MPV-GEN-rust-extremepoint-fixed-1s.jsonl,rust_extremepoint,extremepoint,MPV-GEN-T7-N30-R02,7,30,2,1.0,VALID_COMPLETE,True,1,,,COMPLETED,0.00530807301402092
B05-MPV-GEN-rust-extremepoint-fixed-1s.jsonl,rust_extremepoint,extremepoint,MPV-GEN-T7-N30-R03,7,30,3,1.0,VALID_COMPLETE,True,1,,,COMPLETED,0.007705641910433769
B05-MPV-GEN-rust-extremepoint-fixed-1s.jsonl,rust_extremepoint,extremepoint,MPV-GEN-T7-N30-R04,7,30,4,1.0,VALID_COMPLETE,True,1,,,COMPLETED,0.007673332933336496
B05-MPV-GEN-rust-extremepoint-fixed-1s.jsonl,rust_extremepoint,extremepoint,MPV-GEN-T7-N30-R05,7,30,5,1.0,VALID_COMPLETE,True,1,,,COMPLETED,0.0075100690592080355
B05-MPV-GEN-rust-extremepoint-fixed-1s.jsonl,rust_extremepoint,extremepoint,MPV-GEN-T7-N30-R06,7,30,6,1.0,VALID_COMPLETE,True,1,,,COMPLETED,0.012252354063093662
B05-MPV-GEN-rust-extremepoint-fixed-1s.jsonl,rust_extremepoint,extremepoint,MPV-GEN-T7-N30-R07,7,30,7,1.0,VALID_COMPLETE,True,1,,,COMPLETED,0.011750137899070978
B05-MPV-GEN-rust-extremepoint-fixed-1s.jsonl,rust_extremepoint,extremepoint,MPV-GEN-T7-N30-R08,7,30,8,1.0,VALID_COMPLETE,True,1,,,COMPLETED,0.00990280881524086
B05-MPV-GEN-rust-extremepoint-fixed-1s.jsonl,rust_extremepoint,extremepoint,MPV-GEN-T7-N30-R09,7,30,9,1.0,VALID_COMPLETE,True,1,,,COMPLETED,0.0051769360434263945
B05-MPV-GEN-rust-extremepoint-fixed-1s.jsonl,rust_extremepoint,extremepoint,MPV-GEN-T7-N30-R10,7,30,10,1.0,VALID_COMPLETE,True,1,,,COMPLETED,0.007082840893417597
B05-MPV-GEN-rust-extremepoint-fixed-1s.jsonl,rust_extremepoint,extremepoint,MPV-GEN-T7-N60-R01,7,60,1,1.0,VALID_COMPLETE,True,1,,,COMPLETED,0.00486707198433578
B05-MPV-GEN-rust-extremepoint-fixed-1s.jsonl,rust_extremepoint,extremepoint,MPV-GEN-T7-N60-R02,7,60,2,1.0,VALID_COMPLETE,True,1,,,COMPLETED,0.013168288860470057
B05-MPV-GEN-rust-extremepoint-fixed-1s.jsonl,rust_extremepoint,extremepoint,MPV-GEN-T7-N60-R03,7,60,3,1.0,VALID_COMPLETE,True,1,,,COMPLETED,0.015352096175774932
B05-MPV-GEN-rust-extremepoint-fixed-1s.jsonl,rust_extremepoint,extremepoint,MPV-GEN-T7-N60-R04,7,60,4,1.0,VALID_COMPLETE,True,1,,,COMPLETED,0.02984287589788437
B05-MPV-GEN-rust-extremepoint-fixed-1s.jsonl,rust_extremepoint,extremepoint,MPV-GEN-T7-N60-R05,7,60,5,1.0,VALID_COMPLETE,True,1,,,COMPLETED,0.014282854972407222
B05-MPV-GEN-rust-extremepoint-fixed-1s.jsonl,rust_extremepoint,extremepoint,MPV-GEN-T7-N60-R06,7,60,6,1.0,VALID_COMPLETE,True,1,,,COMPLETED,0.026476728031411767
B05-MPV-GEN-rust-extremepoint-fixed-1s.jsonl,rust_extremepoint,extremepoint,MPV-GEN-T7-N60-R07,7,60,7,1.0,VALID_COMPLETE,True,1,,,COMPLETED,0.01316195004619658
B05-MPV-GEN-rust-extremepoint-fixed-1s.jsonl,rust_extremepoint,extremepoint,MPV-GEN-T7-N60-R08,7,60,8,1.0,VALID_COMPLETE,True,1,,,COMPLETED,0.0121265291236341
B05-MPV-GEN-rust-extremepoint-fixed-1s.jsonl,rust_extremepoint,extremepoint,MPV-GEN-T7-N60-R09,7,60,9,1.0,VALID_COMPLETE,True,1,,,COMPLETED,0.013859055005013943
B05-MPV-GEN-rust-extremepoint-fixed-1s.jsonl,rust_extremepoint,extremepoint,MPV-GEN-T7-N60-R10,7,60,10,1.0,VALID_COMPLETE,True,1,,,COMPLETED,0.01929471711628139
B05-MPV-GEN-rust-extremepoint-fixed-1s.jsonl,rust_extremepoint,extremepoint,MPV-GEN-T7-N90-R01,7,90,1,1.0,VALID_COMPLETE,True,1,,,COMPLETED,0.01737890485674143
B05-MPV-GEN-rust-extremepoint-fixed-1s.jsonl,rust_extremepoint,extremepoint,MPV-GEN-T7-N90-R02,7,90,2,1.0,VALID_COMPLETE,True,1,,,COMPLETED,0.01771720196120441
B05-MPV-GEN-rust-extremepoint-fixed-1s.jsonl,rust_extremepoint,extremepoint,MPV-GEN-T7-N90-R03,7,90,3,1.0,VALID_COMPLETE,True,1,,,COMPLETED,0.020178016973659396
B05-MPV-GEN-rust-extremepoint-fixed-1s.jsonl,rust_extremepoint,extremepoint,MPV-GEN-T7-N90-R04,7,90,4,1.0,VALID_COMPLETE,True,1,,,COMPLETED,0.03257121401838958
B05-MPV-GEN-rust-extremepoint-fixed-1s.jsonl,rust_extremepoint,extremepoint,MPV-GEN-T7-N90-R05,7,90,5,1.0,VALID_COMPLETE,True,1,,,COMPLETED,0.01322522689588368
B05-MPV-GEN-rust-extremepoint-fixed-1s.jsonl,rust_extremepoint,extremepoint,MPV-GEN-T7-N90-R06,7,90,6,1.0,VALID_COMPLETE,True,1,,,COMPLETED,0.010313003091141582
B05-MPV-GEN-rust-extremepoint-fixed-1s.jsonl,rust_extremepoint,extremepoint,MPV-GEN-T7-N90-R07,7,90,7,1.0,VALID_COMPLETE,True,1,,,COMPLETED,0.025170493172481656
B05-MPV-GEN-rust-extremepoint-fixed-1s.jsonl,rust_extremepoint,extremepoint,MPV-GEN-T7-N90-R08,7,90,8,1.0,VALID_COMPLETE,True,1,,,COMPLETED,0.009929430903866887
B05-MPV-GEN-rust-extremepoint-fixed-1s.jsonl,rust_extremepoint,extremepoint,MPV-GEN-T7-N90-R09,7,90,9,1.0,VALID_COMPLETE,True,1,,,COMPLETED,0.0321476929821074
B05-MPV-GEN-rust-extremepoint-fixed-1s.jsonl,rust_extremepoint,extremepoint,MPV-GEN-T7-N90-R10,7,90,10,1.0,VALID_COMPLETE,True,1,,,COMPLETED,0.04183059395290911
B05-MPV-GEN-rust-extremepoint-fixed-1s.jsonl,rust_extremepoint,extremepoint,MPV-GEN-T8-N30-R01,8,30,1,1.0,VALID_COMPLETE,True,5,,,COMPLETED,0.032572881085798144
B05-MPV-GEN-rust-extremepoint-fixed-1s.jsonl,rust_extremepoint,extremepoint,MPV-GEN-T8-N30-R02,8,30,2,1.0,VALID_COMPLETE,True,5,,,COMPLETED,0.01789136789739132
B05-MPV-GEN-rust-extremepoint-fixed-1s.jsonl,rust_extremepoint,extremepoint,MPV-GEN-T8-N30-R03,8,30,3,1.0,VALID_COMPLETE,True,8,,,COMPLETED,0.007539649028331041
B05-MPV-GEN-rust-extremepoint-fixed-1s.jsonl,rust_extremepoint,extremepoint,MPV-GEN-T8-N30-R04,8,30,4,1.0,VALID_COMPLETE,True,5,,,COMPLETED,0.012309656012803316
B05-MPV-GEN-rust-extremepoint-fixed-1s.jsonl,rust_extremepoint,extremepoint,MPV-GEN-T8-N30-R05,8,30,5,1.0,VALID_COMPLETE,True,7,,,COMPLETED,0.00724578695371747
B05-MPV-GEN-rust-extremepoint-fixed-1s.jsonl,rust_extremepoint,extremepoint,MPV-GEN-T8-N30-R06,8,30,6,1.0,VALID_COMPLETE,True,7,,,COMPLETED,0.008082477143034339
B05-MPV-GEN-rust-extremepoint-fixed-1s.jsonl,rust_extremepoint,extremepoint,MPV-GEN-T8-N30-R07,8,30,7,1.0,VALID_COMPLETE,True,5,,,COMPLETED,0.009861105820164084
B05-MPV-GEN-rust-extremepoint-fixed-1s.jsonl,rust_extremepoint,extremepoint,MPV-GEN-T8-N30-R08,8,30,8,1.0,VALID_COMPLETE,True,5,,,COMPLETED,0.008098648861050606
B05-MPV-GEN-rust-extremepoint-fixed-1s.jsonl,rust_extremepoint,extremepoint,MPV-GEN-T8-N30-R09,8,30,9,1.0,VALID_COMPLETE,True,9,,,COMPLETED,0.010733666131272912
B05-MPV-GEN-rust-extremepoint-fixed-1s.jsonl,rust_extremepoint,extremepoint,MPV-GEN-T8-N30-R10,8,30,10,1.0,VALID_COMPLETE,True,6,,,COMPLETED,0.011562370928004384
B05-MPV-GEN-rust-extremepoint-fixed-1s.jsonl,rust_extremepoint,extremepoint,MPV-GEN-T8-N60-R01,8,60,1,1.0,VALID_COMPLETE,True,14,,,COMPLETED,0.012272582156583667
B05-MPV-GEN-rust-extremepoint-fixed-1s.jsonl,rust_extremepoint,extremepoint,MPV-GEN-T8-N60-R02,8,60,2,1.0,VALID_COMPLETE,True,15,,,COMPLETED,0.0053658271208405495
B05-MPV-GEN-rust-extremepoint-fixed-1s.jsonl,rust_extremepoint,extremepoint,MPV-GEN-T8-N60-R03,8,60,3,1.0,VALID_COMPLETE,True,12,,,COMPLETED,0.007589163025841117
B05-MPV-GEN-rust-extremepoint-fixed-1s.jsonl,rust_extremepoint,extremepoint,MPV-GEN-T8-N60-R04,8,60,4,1.0,VALID_COMPLETE,True,10,,,COMPLETED,0.014377621933817863
B05-MPV-GEN-rust-extremepoint-fixed-1s.jsonl,rust_extremepoint,extremepoint,MPV-GEN-T8-N60-R05,8,60,5,1.0,VALID_COMPLETE,True,13,,,COMPLETED,0.013767478987574577
B05-MPV-GEN-rust-extremepoint-fixed-1s.jsonl,rust_extremepoint,extremepoint,MPV-GEN-T8-N60-R06,8,60,6,1.0,VALID_COMPLETE,True,11,,,COMPLETED,0.01221626391634345
B05-MPV-GEN-rust-extremepoint-fixed-1s.jsonl,rust_extremepoint,extremepoint,MPV-GEN-T8-N60-R07,8,60,7,1.0,VALID_COMPLETE,True,11,,,COMPLETED,0.026433421997353435
B05-MPV-GEN-rust-extremepoint-fixed-1s.jsonl,rust_extremepoint,extremepoint,MPV-GEN-T8-N60-R08,8,60,8,1.0,VALID_COMPLETE,True,9,,,COMPLETED,0.02393648005090654
B05-MPV-GEN-rust-extremepoint-fixed-1s.jsonl,rust_extremepoint,extremepoint,MPV-GEN-T8-N60-R09,8,60,9,1.0,VALID_COMPLETE,True,12,,,COMPLETED,0.018818861106410623
B05-MPV-GEN-rust-extremepoint-fixed-1s.jsonl,rust_extremepoint,extremepoint,MPV-GEN-T8-N60-R10,8,60,10,1.0,VALID_COMPLETE,True,13,,,COMPLETED,0.022885489044710994
B05-MPV-GEN-rust-extremepoint-fixed-1s.jsonl,rust_extremepoint,extremepoint,MPV-GEN-T8-N90-R01,8,90,1,1.0,VALID_COMPLETE,True,12,,,COMPLETED,0.015897847013548017
B05-MPV-GEN-rust-extremepoint-fixed-1s.jsonl,rust_extremepoint,extremepoint,MPV-GEN-T8-N90-R02,8,90,2,1.0,VALID_COMPLETE,True,13,,,COMPLETED,0.021523309173062444
B05-MPV-GEN-rust-extremepoint-fixed-1s.jsonl,rust_extremepoint,extremepoint,MPV-GEN-T8-N90-R03,8,90,3,1.0,VALID_COMPLETE,True,18,,,COMPLETED,0.014612967846915126
B05-MPV-GEN-rust-extremepoint-fixed-1s.jsonl,rust_extremepoint,extremepoint,MPV-GEN-T8-N90-R04,8,90,4,1.0,VALID_COMPLETE,True,17,,,COMPLETED,0.010208479827269912
B05-MPV-GEN-rust-extremepoint-fixed-1s.jsonl,rust_extremepoint,extremepoint,MPV-GEN-T8-N90-R05,8,90,5,1.0,VALID_COMPLETE,True,16,,,COMPLETED,0.025700747035443783
B05-MPV-GEN-rust-extremepoint-fixed-1s.jsonl,rust_extremepoint,extremepoint,MPV-GEN-T8-N90-R06,8,90,6,1.0,VALID_COMPLETE,True,17,,,COMPLETED,0.024035970913246274
B05-MPV-GEN-rust-extremepoint-fixed-1s.jsonl,rust_extremepoint,extremepoint,MPV-GEN-T8-N90-R07,8,90,7,1.0,VALID_COMPLETE,True,17,,,COMPLETED,0.015820242930203676
B05-MPV-GEN-rust-extremepoint-fixed-1s.jsonl,rust_extremepoint,extremepoint,MPV-GEN-T8-N90-R08,8,90,8,1.0,VALID_COMPLETE,True,15,,,COMPLETED,0.02400362491607666
B05-MPV-GEN-rust-extremepoint-fixed-1s.jsonl,rust_extremepoint,extremepoint,MPV-GEN-T8-N90-R09,8,90,9,1.0,VALID_COMPLETE,True,18,,,COMPLETED,0.010452801128849387
B05-MPV-GEN-rust-extremepoint-fixed-1s.jsonl,rust_extremepoint,extremepoint,MPV-GEN-T8-N90-R10,8,90,10,1.0,VALID_COMPLETE,True,17,,,COMPLETED,0.01631910284049809
B05-MPV-GEN-rust-extremepoint-fixed-1s.jsonl,rust_extremepoint,extremepoint,MPV-GEN-T9-N30-R01,9,30,1,1.0,VALID_COMPLETE,True,4,,,COMPLETED,0.011068349005654454
B05-MPV-GEN-rust-extremepoint-fixed-1s.jsonl,rust_extremepoint,extremepoint,MPV-GEN-T9-N30-R02,9,30,2,1.0,VALID_COMPLETE,True,4,,,COMPLETED,0.00859639304690063
B05-MPV-GEN-rust-extremepoint-fixed-1s.jsonl,rust_extremepoint,extremepoint,MPV-GEN-T9-N30-R03,9,30,3,1.0,VALID_COMPLETE,True,4,,,COMPLETED,0.009939310839399695
B05-MPV-GEN-rust-extremepoint-fixed-1s.jsonl,rust_extremepoint,extremepoint,MPV-GEN-T9-N30-R04,9,30,4,1.0,VALID_COMPLETE,True,5,,,COMPLETED,0.018918645102530718
B05-MPV-GEN-rust-extremepoint-fixed-1s.jsonl,rust_extremepoint,extremepoint,MPV-GEN-T9-N30-R05,9,30,5,1.0,VALID_COMPLETE,True,4,,,COMPLETED,0.011376345064491034
B05-MPV-GEN-rust-extremepoint-fixed-1s.jsonl,rust_extremepoint,extremepoint,MPV-GEN-T9-N30-R06,9,30,6,1.0,VALID_COMPLETE,True,4,,,COMPLETED,0.01603425992652774
B05-MPV-GEN-rust-extremepoint-fixed-1s.jsonl,rust_extremepoint,extremepoint,MPV-GEN-T9-N30-R07,9,30,7,1.0,VALID_COMPLETE,True,5,,,COMPLETED,0.009402818977832794
B05-MPV-GEN-rust-extremepoint-fixed-1s.jsonl,rust_extremepoint,extremepoint,MPV-GEN-T9-N30-R08,9,30,8,1.0,VALID_COMPLETE,True,4,,,COMPLETED,0.006511701038107276
B05-MPV-GEN-rust-extremepoint-fixed-1s.jsonl,rust_extremepoint,extremepoint,MPV-GEN-T9-N30-R09,9,30,9,1.0,VALID_COMPLETE,True,4,,,COMPLETED,0.007160932989791036
B05-MPV-GEN-rust-extremepoint-fixed-1s.jsonl,rust_extremepoint,extremepoint,MPV-GEN-T9-N30-R10,9,30,10,1.0,VALID_COMPLETE,True,4,,,COMPLETED,0.011117896065115929
B05-MPV-GEN-rust-extremepoint-fixed-1s.jsonl,rust_extremepoint,extremepoint,MPV-GEN-T9-N60-R01,9,60,1,1.0,VALID_COMPLETE,True,4,,,COMPLETED,0.012412867043167353
B05-MPV-GEN-rust-extremepoint-fixed-1s.jsonl,rust_extremepoint,extremepoint,MPV-GEN-T9-N60-R02,9,60,2,1.0,VALID_COMPLETE,True,5,,,COMPLETED,0.009509304072707891
B05-MPV-GEN-rust-extremepoint-fixed-1s.jsonl,rust_extremepoint,extremepoint,MPV-GEN-T9-N60-R03,9,60,3,1.0,VALID_COMPLETE,True,5,,,COMPLETED,0.009227947099134326
B05-MPV-GEN-rust-extremepoint-fixed-1s.jsonl,rust_extremepoint,extremepoint,MPV-GEN-T9-N60-R04,9,60,4,1.0,VALID_COMPLETE,True,5,,,COMPLETED,0.010844003176316619
B05-MPV-GEN-rust-extremepoint-fixed-1s.jsonl,rust_extremepoint,extremepoint,MPV-GEN-T9-N60-R05,9,60,5,1.0,VALID_COMPLETE,True,4,,,COMPLETED,0.014370933873578906
B05-MPV-GEN-rust-extremepoint-fixed-1s.jsonl,rust_extremepoint,extremepoint,MPV-GEN-T9-N60-R06,9,60,6,1.0,VALID_COMPLETE,True,4,,,COMPLETED,0.008006727090105414
B05-MPV-GEN-rust-extremepoint-fixed-1s.jsonl,rust_extremepoint,extremepoint,MPV-GEN-T9-N60-R07,9,60,7,1.0,VALID_COMPLETE,True,4,,,COMPLETED,0.017481460934504867
B05-MPV-GEN-rust-extremepoint-fixed-1s.jsonl,rust_extremepoint,extremepoint,MPV-GEN-T9-N60-R08,9,60,8,1.0,VALID_COMPLETE,True,5,,,COMPLETED,0.018505520187318325
B05-MPV-GEN-rust-extremepoint-fixed-1s.jsonl,rust_extremepoint,extremepoint,MPV-GEN-T9-N60-R09,9,60,9,1.0,VALID_COMPLETE,True,5,,,COMPLETED,0.03174606314860284
B05-MPV-GEN-rust-extremepoint-fixed-1s.jsonl,rust_extremepoint,extremepoint,MPV-GEN-T9-N60-R10,9,60,10,1.0,VALID_COMPLETE,True,5,,,COMPLETED,0.015058531891554594
B05-MPV-GEN-rust-extremepoint-fixed-1s.jsonl,rust_extremepoint,extremepoint,MPV-GEN-T9-N90-R01,9,90,1,1.0,VALID_COMPLETE,True,5,,,COMPLETED,0.013391509186476469
B05-MPV-GEN-rust-extremepoint-fixed-1s.jsonl,rust_extremepoint,extremepoint,MPV-GEN-T9-N90-R02,9,90,2,1.0,VALID_COMPLETE,True,5,,,COMPLETED,0.009689390892162919
B05-MPV-GEN-rust-extremepoint-fixed-1s.jsonl,rust_extremepoint,extremepoint,MPV-GEN-T9-N90-R03,9,90,3,1.0,VALID_COMPLETE,True,5,,,COMPLETED,0.011159872869029641
B05-MPV-GEN-rust-extremepoint-fixed-1s.jsonl,rust_extremepoint,extremepoint,MPV-GEN-T9-N90-R04,9,90,4,1.0,VALID_COMPLETE,True,5,,,COMPLETED,0.026410066056996584
B05-MPV-GEN-rust-extremepoint-fixed-1s.jsonl,rust_extremepoint,extremepoint,MPV-GEN-T9-N90-R05,9,90,5,1.0,VALID_COMPLETE,True,5,,,COMPLETED,0.009728340897709131
B05-MPV-GEN-rust-extremepoint-fixed-1s.jsonl,rust_extremepoint,extremepoint,MPV-GEN-T9-N90-R06,9,90,6,1.0,VALID_COMPLETE,True,5,,,COMPLETED,0.029078396037220955
B05-MPV-GEN-rust-extremepoint-fixed-1s.jsonl,rust_extremepoint,extremepoint,MPV-GEN-T9-N90-R07,9,90,7,1.0,VALID_COMPLETE,True,5,,,COMPLETED,0.013572382042184472
B05-MPV-GEN-rust-extremepoint-fixed-1s.jsonl,rust_extremepoint,extremepoint,MPV-GEN-T9-N90-R08,9,90,8,1.0,VALID_COMPLETE,True,5,,,COMPLETED,0.009461381938308477
B05-MPV-GEN-rust-extremepoint-fixed-1s.jsonl,rust_extremepoint,extremepoint,MPV-GEN-T9-N90-R09,9,90,9,1.0,VALID_COMPLETE,True,5,,,COMPLETED,0.007258008001372218
B05-MPV-GEN-rust-extremepoint-fixed-1s.jsonl,rust_extremepoint,extremepoint,MPV-GEN-T9-N90-R10,9,90,10,1.0,VALID_COMPLETE,True,6,,,COMPLETED,0.016482672886922956
B05-MPV-GEN-rust-ga-fixed-10s.jsonl,rust_ga,ga,MPV-GEN-T1-N30-R01,1,30,1,10.0,VALID_COMPLETE,True,9,,,COMPLETED,0.04775760695338249
B05-MPV-GEN-rust-ga-fixed-10s.jsonl,rust_ga,ga,MPV-GEN-T1-N30-R02,1,30,2,10.0,VALID_COMPLETE,True,12,,,COMPLETED,0.04869176493957639
B05-MPV-GEN-rust-ga-fixed-10s.jsonl,rust_ga,ga,MPV-GEN-T1-N30-R03,1,30,3,10.0,VALID_COMPLETE,True,8,,,COMPLETED,0.04117562901228666
B05-MPV-GEN-rust-ga-fixed-10s.jsonl,rust_ga,ga,MPV-GEN-T1-N30-R04,1,30,4,10.0,VALID_COMPLETE,True,8,,,COMPLETED,0.05337939411401749
B05-MPV-GEN-rust-ga-fixed-10s.jsonl,rust_ga,ga,MPV-GEN-T1-N30-R05,1,30,5,10.0,VALID_COMPLETE,True,10,,,COMPLETED,0.052316386019811034
B05-MPV-GEN-rust-ga-fixed-10s.jsonl,rust_ga,ga,MPV-GEN-T1-N30-R06,1,30,6,10.0,VALID_COMPLETE,True,9,,,COMPLETED,0.03964352607727051
B05-MPV-GEN-rust-ga-fixed-10s.jsonl,rust_ga,ga,MPV-GEN-T1-N30-R07,1,30,7,10.0,VALID_COMPLETE,True,8,,,COMPLETED,0.06745435995981097
B05-MPV-GEN-rust-ga-fixed-10s.jsonl,rust_ga,ga,MPV-GEN-T1-N30-R08,1,30,8,10.0,VALID_COMPLETE,True,10,,,COMPLETED,0.04124433803372085
B05-MPV-GEN-rust-ga-fixed-10s.jsonl,rust_ga,ga,MPV-GEN-T1-N30-R09,1,30,9,10.0,VALID_COMPLETE,True,10,,,COMPLETED,0.05464848503470421
B05-MPV-GEN-rust-ga-fixed-10s.jsonl,rust_ga,ga,MPV-GEN-T1-N30-R10,1,30,10,10.0,VALID_COMPLETE,True,9,,,COMPLETED,0.052139873150736094
B05-MPV-GEN-rust-ga-fixed-10s.jsonl,rust_ga,ga,MPV-GEN-T1-N60-R01,1,60,1,10.0,VALID_COMPLETE,True,17,,,COMPLETED,0.1112308339215815
B05-MPV-GEN-rust-ga-fixed-10s.jsonl,rust_ga,ga,MPV-GEN-T1-N60-R02,1,60,2,10.0,VALID_COMPLETE,True,16,,,COMPLETED,0.11842633900232613
B05-MPV-GEN-rust-ga-fixed-10s.jsonl,rust_ga,ga,MPV-GEN-T1-N60-R03,1,60,3,10.0,VALID_COMPLETE,True,18,,,COMPLETED,0.12763898796401918
B05-MPV-GEN-rust-ga-fixed-10s.jsonl,rust_ga,ga,MPV-GEN-T1-N60-R04,1,60,4,10.0,VALID_COMPLETE,True,15,,,COMPLETED,0.09270088700577617
B05-MPV-GEN-rust-ga-fixed-10s.jsonl,rust_ga,ga,MPV-GEN-T1-N60-R05,1,60,5,10.0,VALID_COMPLETE,True,19,,,COMPLETED,0.13874961691908538
B05-MPV-GEN-rust-ga-fixed-10s.jsonl,rust_ga,ga,MPV-GEN-T1-N60-R06,1,60,6,10.0,VALID_COMPLETE,True,17,,,COMPLETED,0.13472048100084066
B05-MPV-GEN-rust-ga-fixed-10s.jsonl,rust_ga,ga,MPV-GEN-T1-N60-R07,1,60,7,10.0,VALID_COMPLETE,True,17,,,COMPLETED,0.16749422810971737
B05-MPV-GEN-rust-ga-fixed-10s.jsonl,rust_ga,ga,MPV-GEN-T1-N60-R08,1,60,8,10.0,VALID_COMPLETE,True,19,,,COMPLETED,0.11298949690535665
B05-MPV-GEN-rust-ga-fixed-10s.jsonl,rust_ga,ga,MPV-GEN-T1-N60-R09,1,60,9,10.0,VALID_COMPLETE,True,17,,,COMPLETED,0.16699455585330725
B05-MPV-GEN-rust-ga-fixed-10s.jsonl,rust_ga,ga,MPV-GEN-T1-N60-R10,1,60,10,10.0,VALID_COMPLETE,True,17,,,COMPLETED,0.1240304431412369
B05-MPV-GEN-rust-ga-fixed-10s.jsonl,rust_ga,ga,MPV-GEN-T1-N90-R01,1,90,1,10.0,VALID_COMPLETE,True,29,,,COMPLETED,0.23464059992693365
B05-MPV-GEN-rust-ga-fixed-10s.jsonl,rust_ga,ga,MPV-GEN-T1-N90-R02,1,90,2,10.0,VALID_COMPLETE,True,25,,,COMPLETED,0.23923865100368857
B05-MPV-GEN-rust-ga-fixed-10s.jsonl,rust_ga,ga,MPV-GEN-T1-N90-R03,1,90,3,10.0,VALID_COMPLETE,True,28,,,COMPLETED,0.23345704819075763
B05-MPV-GEN-rust-ga-fixed-10s.jsonl,rust_ga,ga,MPV-GEN-T1-N90-R04,1,90,4,10.0,VALID_COMPLETE,True,24,,,COMPLETED,0.260087622795254
B05-MPV-GEN-rust-ga-fixed-10s.jsonl,rust_ga,ga,MPV-GEN-T1-N90-R05,1,90,5,10.0,VALID_COMPLETE,True,31,,,COMPLETED,0.2931392560712993
B05-MPV-GEN-rust-ga-fixed-10s.jsonl,rust_ga,ga,MPV-GEN-T1-N90-R06,1,90,6,10.0,VALID_COMPLETE,True,29,,,COMPLETED,0.2600082329008728
B05-MPV-GEN-rust-ga-fixed-10s.jsonl,rust_ga,ga,MPV-GEN-T1-N90-R07,1,90,7,10.0,VALID_COMPLETE,True,25,,,COMPLETED,0.30986687703989446
B05-MPV-GEN-rust-ga-fixed-10s.jsonl,rust_ga,ga,MPV-GEN-T1-N90-R08,1,90,8,10.0,VALID_COMPLETE,True,27,,,COMPLETED,0.3029470620676875
B05-MPV-GEN-rust-ga-fixed-10s.jsonl,rust_ga,ga,MPV-GEN-T1-N90-R09,1,90,9,10.0,VALID_COMPLETE,True,29,,,COMPLETED,0.27062359009869397
B05-MPV-GEN-rust-ga-fixed-10s.jsonl,rust_ga,ga,MPV-GEN-T1-N90-R10,1,90,10,10.0,VALID_COMPLETE,True,28,,,COMPLETED,0.3031779190059751
B05-MPV-GEN-rust-ga-fixed-10s.jsonl,rust_ga,ga,MPV-GEN-T6-N30-R01,6,30,1,10.0,VALID_COMPLETE,True,1,,,COMPLETED,0.026707548880949616
B05-MPV-GEN-rust-ga-fixed-10s.jsonl,rust_ga,ga,MPV-GEN-T6-N30-R02,6,30,2,10.0,VALID_COMPLETE,True,1,,,COMPLETED,0.028346773935481906
B05-MPV-GEN-rust-ga-fixed-10s.jsonl,rust_ga,ga,MPV-GEN-T6-N30-R03,6,30,3,10.0,VALID_COMPLETE,True,1,,,COMPLETED,0.024760941043496132
B05-MPV-GEN-rust-ga-fixed-10s.jsonl,rust_ga,ga,MPV-GEN-T6-N30-R04,6,30,4,10.0,VALID_COMPLETE,True,1,,,COMPLETED,0.029080114094540477
B05-MPV-GEN-rust-ga-fixed-10s.jsonl,rust_ga,ga,MPV-GEN-T6-N30-R05,6,30,5,10.0,VALID_COMPLETE,True,1,,,COMPLETED,0.02486247499473393
B05-MPV-GEN-rust-ga-fixed-10s.jsonl,rust_ga,ga,MPV-GEN-T6-N30-R06,6,30,6,10.0,VALID_COMPLETE,True,1,,,COMPLETED,0.024304907070472836
B05-MPV-GEN-rust-ga-fixed-10s.jsonl,rust_ga,ga,MPV-GEN-T6-N30-R07,6,30,7,10.0,VALID_COMPLETE,True,1,,,COMPLETED,0.025536380941048265
B05-MPV-GEN-rust-ga-fixed-10s.jsonl,rust_ga,ga,MPV-GEN-T6-N30-R08,6,30,8,10.0,VALID_COMPLETE,True,1,,,COMPLETED,0.024122315924614668
B05-MPV-GEN-rust-ga-fixed-10s.jsonl,rust_ga,ga,MPV-GEN-T6-N30-R09,6,30,9,10.0,VALID_COMPLETE,True,1,,,COMPLETED,0.027950198855251074
B05-MPV-GEN-rust-ga-fixed-10s.jsonl,rust_ga,ga,MPV-GEN-T6-N30-R10,6,30,10,10.0,VALID_COMPLETE,True,1,,,COMPLETED,0.02721020602621138
B05-MPV-GEN-rust-ga-fixed-10s.jsonl,rust_ga,ga,MPV-GEN-T6-N60-R01,6,60,1,10.0,VALID_COMPLETE,True,1,,,COMPLETED,0.049852625001221895
B05-MPV-GEN-rust-ga-fixed-10s.jsonl,rust_ga,ga,MPV-GEN-T6-N60-R02,6,60,2,10.0,VALID_COMPLETE,True,1,,,COMPLETED,0.0491110950242728
B05-MPV-GEN-rust-ga-fixed-10s.jsonl,rust_ga,ga,MPV-GEN-T6-N60-R03,6,60,3,10.0,VALID_COMPLETE,True,1,,,COMPLETED,0.045190731063485146
B05-MPV-GEN-rust-ga-fixed-10s.jsonl,rust_ga,ga,MPV-GEN-T6-N60-R04,6,60,4,10.0,VALID_COMPLETE,True,1,,,COMPLETED,0.05433145095594227
B05-MPV-GEN-rust-ga-fixed-10s.jsonl,rust_ga,ga,MPV-GEN-T6-N60-R05,6,60,5,10.0,VALID_COMPLETE,True,1,,,COMPLETED,0.04662023484706879
B05-MPV-GEN-rust-ga-fixed-10s.jsonl,rust_ga,ga,MPV-GEN-T6-N60-R06,6,60,6,10.0,VALID_COMPLETE,True,1,,,COMPLETED,0.0516734030097723
B05-MPV-GEN-rust-ga-fixed-10s.jsonl,rust_ga,ga,MPV-GEN-T6-N60-R07,6,60,7,10.0,VALID_COMPLETE,True,1,,,COMPLETED,0.05299117718823254
B05-MPV-GEN-rust-ga-fixed-10s.jsonl,rust_ga,ga,MPV-GEN-T6-N60-R08,6,60,8,10.0,VALID_COMPLETE,True,1,,,COMPLETED,0.06011887709610164
B05-MPV-GEN-rust-ga-fixed-10s.jsonl,rust_ga,ga,MPV-GEN-T6-N60-R09,6,60,9,10.0,VALID_COMPLETE,True,1,,,COMPLETED,0.047127404948696494
B05-MPV-GEN-rust-ga-fixed-10s.jsonl,rust_ga,ga,MPV-GEN-T6-N60-R10,6,60,10,10.0,VALID_COMPLETE,True,1,,,COMPLETED,0.051594108110293746
B05-MPV-GEN-rust-ga-fixed-10s.jsonl,rust_ga,ga,MPV-GEN-T6-N90-R01,6,90,1,10.0,VALID_COMPLETE,True,1,,,COMPLETED,0.06365655502304435
B05-MPV-GEN-rust-ga-fixed-10s.jsonl,rust_ga,ga,MPV-GEN-T6-N90-R02,6,90,2,10.0,VALID_COMPLETE,True,1,,,COMPLETED,0.0687514680903405
B05-MPV-GEN-rust-ga-fixed-10s.jsonl,rust_ga,ga,MPV-GEN-T6-N90-R03,6,90,3,10.0,VALID_COMPLETE,True,1,,,COMPLETED,0.06988933100365102
B05-MPV-GEN-rust-ga-fixed-10s.jsonl,rust_ga,ga,MPV-GEN-T6-N90-R04,6,90,4,10.0,VALID_COMPLETE,True,1,,,COMPLETED,0.06876000203192234
B05-MPV-GEN-rust-ga-fixed-10s.jsonl,rust_ga,ga,MPV-GEN-T6-N90-R05,6,90,5,10.0,VALID_COMPLETE,True,1,,,COMPLETED,0.07582987006753683
B05-MPV-GEN-rust-ga-fixed-10s.jsonl,rust_ga,ga,MPV-GEN-T6-N90-R06,6,90,6,10.0,VALID_COMPLETE,True,1,,,COMPLETED,0.06916870200075209
B05-MPV-GEN-rust-ga-fixed-10s.jsonl,rust_ga,ga,MPV-GEN-T6-N90-R07,6,90,7,10.0,VALID_COMPLETE,True,1,,,COMPLETED,0.08980940305627882
B05-MPV-GEN-rust-ga-fixed-10s.jsonl,rust_ga,ga,MPV-GEN-T6-N90-R08,6,90,8,10.0,VALID_COMPLETE,True,1,,,COMPLETED,0.08242481108754873
B05-MPV-GEN-rust-ga-fixed-10s.jsonl,rust_ga,ga,MPV-GEN-T6-N90-R09,6,90,9,10.0,VALID_COMPLETE,True,1,,,COMPLETED,0.08022560179233551
B05-MPV-GEN-rust-ga-fixed-10s.jsonl,rust_ga,ga,MPV-GEN-T6-N90-R10,6,90,10,10.0,VALID_COMPLETE,True,1,,,COMPLETED,0.0664775650948286
B05-MPV-GEN-rust-ga-fixed-10s.jsonl,rust_ga,ga,MPV-GEN-T7-N30-R01,7,30,1,10.0,VALID_COMPLETE,True,1,,,COMPLETED,0.05014885193668306
B05-MPV-GEN-rust-ga-fixed-10s.jsonl,rust_ga,ga,MPV-GEN-T7-N30-R02,7,30,2,10.0,VALID_COMPLETE,True,1,,,COMPLETED,0.02541576698422432
B05-MPV-GEN-rust-ga-fixed-10s.jsonl,rust_ga,ga,MPV-GEN-T7-N30-R03,7,30,3,10.0,VALID_COMPLETE,True,1,,,COMPLETED,0.02294992096722126
B05-MPV-GEN-rust-ga-fixed-10s.jsonl,rust_ga,ga,MPV-GEN-T7-N30-R04,7,30,4,10.0,VALID_COMPLETE,True,1,,,COMPLETED,0.028909510001540184
B05-MPV-GEN-rust-ga-fixed-10s.jsonl,rust_ga,ga,MPV-GEN-T7-N30-R05,7,30,5,10.0,VALID_COMPLETE,True,1,,,COMPLETED,0.029764255974441767
B05-MPV-GEN-rust-ga-fixed-10s.jsonl,rust_ga,ga,MPV-GEN-T7-N30-R06,7,30,6,10.0,VALID_COMPLETE,True,1,,,COMPLETED,0.028038540855050087
B05-MPV-GEN-rust-ga-fixed-10s.jsonl,rust_ga,ga,MPV-GEN-T7-N30-R07,7,30,7,10.0,VALID_COMPLETE,True,1,,,COMPLETED,0.03132583503611386
B05-MPV-GEN-rust-ga-fixed-10s.jsonl,rust_ga,ga,MPV-GEN-T7-N30-R08,7,30,8,10.0,VALID_COMPLETE,True,1,,,COMPLETED,0.027744072023779154
B05-MPV-GEN-rust-ga-fixed-10s.jsonl,rust_ga,ga,MPV-GEN-T7-N30-R09,7,30,9,10.0,VALID_COMPLETE,True,1,,,COMPLETED,0.036731637082993984
B05-MPV-GEN-rust-ga-fixed-10s.jsonl,rust_ga,ga,MPV-GEN-T7-N30-R10,7,30,10,10.0,VALID_COMPLETE,True,1,,,COMPLETED,0.03014035616070032
B05-MPV-GEN-rust-ga-fixed-10s.jsonl,rust_ga,ga,MPV-GEN-T7-N60-R01,7,60,1,10.0,VALID_COMPLETE,True,2,,,COMPLETED,0.14792446908541024
B05-MPV-GEN-rust-ga-fixed-10s.jsonl,rust_ga,ga,MPV-GEN-T7-N60-R02,7,60,2,10.0,VALID_COMPLETE,True,2,,,COMPLETED,0.11557524790987372
B05-MPV-GEN-rust-ga-fixed-10s.jsonl,rust_ga,ga,MPV-GEN-T7-N60-R03,7,60,3,10.0,VALID_COMPLETE,True,2,,,COMPLETED,0.09881670097820461
B05-MPV-GEN-rust-ga-fixed-10s.jsonl,rust_ga,ga,MPV-GEN-T7-N60-R04,7,60,4,10.0,VALID_COMPLETE,True,2,,,COMPLETED,0.07672339607961476
B05-MPV-GEN-rust-ga-fixed-10s.jsonl,rust_ga,ga,MPV-GEN-T7-N60-R05,7,60,5,10.0,VALID_COMPLETE,True,2,,,COMPLETED,0.09971176809631288
B05-MPV-GEN-rust-ga-fixed-10s.jsonl,rust_ga,ga,MPV-GEN-T7-N60-R06,7,60,6,10.0,VALID_COMPLETE,True,2,,,COMPLETED,0.13751993188634515
B05-MPV-GEN-rust-ga-fixed-10s.jsonl,rust_ga,ga,MPV-GEN-T7-N60-R07,7,60,7,10.0,VALID_COMPLETE,True,2,,,COMPLETED,0.05904640187509358
B05-MPV-GEN-rust-ga-fixed-10s.jsonl,rust_ga,ga,MPV-GEN-T7-N60-R08,7,60,8,10.0,VALID_COMPLETE,True,1,,,COMPLETED,0.0759328450076282
B05-MPV-GEN-rust-ga-fixed-10s.jsonl,rust_ga,ga,MPV-GEN-T7-N60-R09,7,60,9,10.0,VALID_COMPLETE,True,2,,,COMPLETED,0.0650602460373193
B05-MPV-GEN-rust-ga-fixed-10s.jsonl,rust_ga,ga,MPV-GEN-T7-N60-R10,7,60,10,10.0,VALID_COMPLETE,True,2,,,COMPLETED,0.056595569010823965
B05-MPV-GEN-rust-ga-fixed-10s.jsonl,rust_ga,ga,MPV-GEN-T7-N90-R01,7,90,1,10.0,VALID_COMPLETE,True,2,,,COMPLETED,0.3536332498770207
B05-MPV-GEN-rust-ga-fixed-10s.jsonl,rust_ga,ga,MPV-GEN-T7-N90-R02,7,90,2,10.0,VALID_COMPLETE,True,2,,,COMPLETED,0.4390007769688964
B05-MPV-GEN-rust-ga-fixed-10s.jsonl,rust_ga,ga,MPV-GEN-T7-N90-R03,7,90,3,10.0,VALID_COMPLETE,True,2,,,COMPLETED,0.2945956760086119
B05-MPV-GEN-rust-ga-fixed-10s.jsonl,rust_ga,ga,MPV-GEN-T7-N90-R04,7,90,4,10.0,VALID_COMPLETE,True,2,,,COMPLETED,0.48429673979990184
B05-MPV-GEN-rust-ga-fixed-10s.jsonl,rust_ga,ga,MPV-GEN-T7-N90-R05,7,90,5,10.0,VALID_COMPLETE,True,2,,,COMPLETED,0.6120713269338012
B05-MPV-GEN-rust-ga-fixed-10s.jsonl,rust_ga,ga,MPV-GEN-T7-N90-R06,7,90,6,10.0,VALID_COMPLETE,True,2,,,COMPLETED,0.6005298350937665
B05-MPV-GEN-rust-ga-fixed-10s.jsonl,rust_ga,ga,MPV-GEN-T7-N90-R07,7,90,7,10.0,VALID_COMPLETE,True,2,,,COMPLETED,0.5266110708471388
B05-MPV-GEN-rust-ga-fixed-10s.jsonl,rust_ga,ga,MPV-GEN-T7-N90-R08,7,90,8,10.0,VALID_COMPLETE,True,2,,,COMPLETED,0.5093569029122591
B05-MPV-GEN-rust-ga-fixed-10s.jsonl,rust_ga,ga,MPV-GEN-T7-N90-R09,7,90,9,10.0,VALID_COMPLETE,True,2,,,COMPLETED,0.5792273711413145
B05-MPV-GEN-rust-ga-fixed-10s.jsonl,rust_ga,ga,MPV-GEN-T7-N90-R10,7,90,10,10.0,VALID_COMPLETE,True,2,,,COMPLETED,0.4918976628687233
B05-MPV-GEN-rust-ga-fixed-10s.jsonl,rust_ga,ga,MPV-GEN-T8-N30-R01,8,30,1,10.0,VALID_COMPLETE,True,7,,,COMPLETED,0.054675542982295156
B05-MPV-GEN-rust-ga-fixed-10s.jsonl,rust_ga,ga,MPV-GEN-T8-N30-R02,8,30,2,10.0,VALID_COMPLETE,True,6,,,COMPLETED,0.048236827133223414
B05-MPV-GEN-rust-ga-fixed-10s.jsonl,rust_ga,ga,MPV-GEN-T8-N30-R03,8,30,3,10.0,VALID_COMPLETE,True,9,,,COMPLETED,0.04735324694775045
B05-MPV-GEN-rust-ga-fixed-10s.jsonl,rust_ga,ga,MPV-GEN-T8-N30-R04,8,30,4,10.0,VALID_COMPLETE,True,6,,,COMPLETED,0.03895344608463347
B05-MPV-GEN-rust-ga-fixed-10s.jsonl,rust_ga,ga,MPV-GEN-T8-N30-R05,8,30,5,10.0,VALID_COMPLETE,True,8,,,COMPLETED,0.052821862045675516
B05-MPV-GEN-rust-ga-fixed-10s.jsonl,rust_ga,ga,MPV-GEN-T8-N30-R06,8,30,6,10.0,VALID_COMPLETE,True,8,,,COMPLETED,0.059167937841266394
B05-MPV-GEN-rust-ga-fixed-10s.jsonl,rust_ga,ga,MPV-GEN-T8-N30-R07,8,30,7,10.0,VALID_COMPLETE,True,6,,,COMPLETED,0.04713734099641442
B05-MPV-GEN-rust-ga-fixed-10s.jsonl,rust_ga,ga,MPV-GEN-T8-N30-R08,8,30,8,10.0,VALID_COMPLETE,True,6,,,COMPLETED,0.04864785703830421
B05-MPV-GEN-rust-ga-fixed-10s.jsonl,rust_ga,ga,MPV-GEN-T8-N30-R09,8,30,9,10.0,VALID_COMPLETE,True,10,,,COMPLETED,0.05927604506723583
B05-MPV-GEN-rust-ga-fixed-10s.jsonl,rust_ga,ga,MPV-GEN-T8-N30-R10,8,30,10,10.0,VALID_COMPLETE,True,6,,,COMPLETED,0.04386605811305344
B05-MPV-GEN-rust-ga-fixed-10s.jsonl,rust_ga,ga,MPV-GEN-T8-N60-R01,8,60,1,10.0,VALID_COMPLETE,True,18,,,COMPLETED,0.15114840492606163
B05-MPV-GEN-rust-ga-fixed-10s.jsonl,rust_ga,ga,MPV-GEN-T8-N60-R02,8,60,2,10.0,VALID_COMPLETE,True,18,,,COMPLETED,0.1358104150276631
B05-MPV-GEN-rust-ga-fixed-10s.jsonl,rust_ga,ga,MPV-GEN-T8-N60-R03,8,60,3,10.0,VALID_COMPLETE,True,16,,,COMPLETED,0.14477847097441554
B05-MPV-GEN-rust-ga-fixed-10s.jsonl,rust_ga,ga,MPV-GEN-T8-N60-R04,8,60,4,10.0,VALID_COMPLETE,True,13,,,COMPLETED,0.1751413617748767
B05-MPV-GEN-rust-ga-fixed-10s.jsonl,rust_ga,ga,MPV-GEN-T8-N60-R05,8,60,5,10.0,VALID_COMPLETE,True,17,,,COMPLETED,0.13856255589053035
B05-MPV-GEN-rust-ga-fixed-10s.jsonl,rust_ga,ga,MPV-GEN-T8-N60-R06,8,60,6,10.0,VALID_COMPLETE,True,14,,,COMPLETED,0.1438578381203115
B05-MPV-GEN-rust-ga-fixed-10s.jsonl,rust_ga,ga,MPV-GEN-T8-N60-R07,8,60,7,10.0,VALID_COMPLETE,True,16,,,COMPLETED,0.11979183997027576
B05-MPV-GEN-rust-ga-fixed-10s.jsonl,rust_ga,ga,MPV-GEN-T8-N60-R08,8,60,8,10.0,VALID_COMPLETE,True,13,,,COMPLETED,0.09991510701365769
B05-MPV-GEN-rust-ga-fixed-10s.jsonl,rust_ga,ga,MPV-GEN-T8-N60-R09,8,60,9,10.0,VALID_COMPLETE,True,13,,,COMPLETED,0.1432826928794384
B05-MPV-GEN-rust-ga-fixed-10s.jsonl,rust_ga,ga,MPV-GEN-T8-N60-R10,8,60,10,10.0,VALID_COMPLETE,True,15,,,COMPLETED,0.1494219119194895
B05-MPV-GEN-rust-ga-fixed-10s.jsonl,rust_ga,ga,MPV-GEN-T8-N90-R01,8,90,1,10.0,VALID_COMPLETE,True,16,,,COMPLETED,0.27505017700605094
B05-MPV-GEN-rust-ga-fixed-10s.jsonl,rust_ga,ga,MPV-GEN-T8-N90-R02,8,90,2,10.0,VALID_COMPLETE,True,16,,,COMPLETED,0.23287357785739005
B05-MPV-GEN-rust-ga-fixed-10s.jsonl,rust_ga,ga,MPV-GEN-T8-N90-R03,8,90,3,10.0,VALID_COMPLETE,True,23,,,COMPLETED,0.28700180910527706
B05-MPV-GEN-rust-ga-fixed-10s.jsonl,rust_ga,ga,MPV-GEN-T8-N90-R04,8,90,4,10.0,VALID_COMPLETE,True,19,,,COMPLETED,0.28745700395666063
B05-MPV-GEN-rust-ga-fixed-10s.jsonl,rust_ga,ga,MPV-GEN-T8-N90-R05,8,90,5,10.0,VALID_COMPLETE,True,21,,,COMPLETED,0.2529614339582622
B05-MPV-GEN-rust-ga-fixed-10s.jsonl,rust_ga,ga,MPV-GEN-T8-N90-R06,8,90,6,10.0,VALID_COMPLETE,True,21,,,COMPLETED,0.26387521298602223
B05-MPV-GEN-rust-ga-fixed-10s.jsonl,rust_ga,ga,MPV-GEN-T8-N90-R07,8,90,7,10.0,VALID_COMPLETE,True,22,,,COMPLETED,0.2630659630522132
B05-MPV-GEN-rust-ga-fixed-10s.jsonl,rust_ga,ga,MPV-GEN-T8-N90-R08,8,90,8,10.0,VALID_COMPLETE,True,19,,,COMPLETED,0.25202401797287166
B05-MPV-GEN-rust-ga-fixed-10s.jsonl,rust_ga,ga,MPV-GEN-T8-N90-R09,8,90,9,10.0,VALID_COMPLETE,True,21,,,COMPLETED,0.23872987600043416
B05-MPV-GEN-rust-ga-fixed-10s.jsonl,rust_ga,ga,MPV-GEN-T8-N90-R10,8,90,10,10.0,VALID_COMPLETE,True,21,,,COMPLETED,0.25961998011916876
B05-MPV-GEN-rust-ga-fixed-10s.jsonl,rust_ga,ga,MPV-GEN-T9-N30-R01,9,30,1,10.0,VALID_COMPLETE,True,5,,,COMPLETED,0.06261622090823948
B05-MPV-GEN-rust-ga-fixed-10s.jsonl,rust_ga,ga,MPV-GEN-T9-N30-R02,9,30,2,10.0,VALID_COMPLETE,True,5,,,COMPLETED,0.04917449504137039
B05-MPV-GEN-rust-ga-fixed-10s.jsonl,rust_ga,ga,MPV-GEN-T9-N30-R03,9,30,3,10.0,VALID_COMPLETE,True,4,,,COMPLETED,0.071934609208256
B05-MPV-GEN-rust-ga-fixed-10s.jsonl,rust_ga,ga,MPV-GEN-T9-N30-R04,9,30,4,10.0,VALID_COMPLETE,True,5,,,COMPLETED,0.06766626005992293
B05-MPV-GEN-rust-ga-fixed-10s.jsonl,rust_ga,ga,MPV-GEN-T9-N30-R05,9,30,5,10.0,VALID_COMPLETE,True,4,,,COMPLETED,0.05220680614002049
B05-MPV-GEN-rust-ga-fixed-10s.jsonl,rust_ga,ga,MPV-GEN-T9-N30-R06,9,30,6,10.0,VALID_COMPLETE,True,6,,,COMPLETED,0.03301684092730284
B05-MPV-GEN-rust-ga-fixed-10s.jsonl,rust_ga,ga,MPV-GEN-T9-N30-R07,9,30,7,10.0,VALID_COMPLETE,True,5,,,COMPLETED,0.04700351809151471
B05-MPV-GEN-rust-ga-fixed-10s.jsonl,rust_ga,ga,MPV-GEN-T9-N30-R08,9,30,8,10.0,VALID_COMPLETE,True,6,,,COMPLETED,0.043264513136819005
B05-MPV-GEN-rust-ga-fixed-10s.jsonl,rust_ga,ga,MPV-GEN-T9-N30-R09,9,30,9,10.0,VALID_COMPLETE,True,5,,,COMPLETED,0.04403297300450504
B05-MPV-GEN-rust-ga-fixed-10s.jsonl,rust_ga,ga,MPV-GEN-T9-N30-R10,9,30,10,10.0,VALID_COMPLETE,True,5,,,COMPLETED,0.04272888577543199
B05-MPV-GEN-rust-ga-fixed-10s.jsonl,rust_ga,ga,MPV-GEN-T9-N60-R01,9,60,1,10.0,VALID_COMPLETE,True,6,,,COMPLETED,0.1224999011028558
B05-MPV-GEN-rust-ga-fixed-10s.jsonl,rust_ga,ga,MPV-GEN-T9-N60-R02,9,60,2,10.0,VALID_COMPLETE,True,6,,,COMPLETED,0.10336785996332765
B05-MPV-GEN-rust-ga-fixed-10s.jsonl,rust_ga,ga,MPV-GEN-T9-N60-R03,9,60,3,10.0,VALID_COMPLETE,True,6,,,COMPLETED,0.17145484895445406
B05-MPV-GEN-rust-ga-fixed-10s.jsonl,rust_ga,ga,MPV-GEN-T9-N60-R04,9,60,4,10.0,VALID_COMPLETE,True,5,,,COMPLETED,0.1597120149526745
B05-MPV-GEN-rust-ga-fixed-10s.jsonl,rust_ga,ga,MPV-GEN-T9-N60-R05,9,60,5,10.0,VALID_COMPLETE,True,6,,,COMPLETED,0.15438986802473664
B05-MPV-GEN-rust-ga-fixed-10s.jsonl,rust_ga,ga,MPV-GEN-T9-N60-R06,9,60,6,10.0,VALID_COMPLETE,True,5,,,COMPLETED,0.12333484599366784
B05-MPV-GEN-rust-ga-fixed-10s.jsonl,rust_ga,ga,MPV-GEN-T9-N60-R07,9,60,7,10.0,VALID_COMPLETE,True,5,,,COMPLETED,0.20133063499815762
B05-MPV-GEN-rust-ga-fixed-10s.jsonl,rust_ga,ga,MPV-GEN-T9-N60-R08,9,60,8,10.0,VALID_COMPLETE,True,6,,,COMPLETED,0.10790714109316468
B05-MPV-GEN-rust-ga-fixed-10s.jsonl,rust_ga,ga,MPV-GEN-T9-N60-R09,9,60,9,10.0,VALID_COMPLETE,True,5,,,COMPLETED,0.17553880205377936
B05-MPV-GEN-rust-ga-fixed-10s.jsonl,rust_ga,ga,MPV-GEN-T9-N60-R10,9,60,10,10.0,VALID_COMPLETE,True,7,,,COMPLETED,0.14325968408957124
B05-MPV-GEN-rust-ga-fixed-10s.jsonl,rust_ga,ga,MPV-GEN-T9-N90-R01,9,90,1,10.0,VALID_COMPLETE,True,7,,,COMPLETED,0.29227795195765793
B05-MPV-GEN-rust-ga-fixed-10s.jsonl,rust_ga,ga,MPV-GEN-T9-N90-R02,9,90,2,10.0,VALID_COMPLETE,True,7,,,COMPLETED,0.16120312898419797
B05-MPV-GEN-rust-ga-fixed-10s.jsonl,rust_ga,ga,MPV-GEN-T9-N90-R03,9,90,3,10.0,VALID_COMPLETE,True,7,,,COMPLETED,0.21334582706913352
B05-MPV-GEN-rust-ga-fixed-10s.jsonl,rust_ga,ga,MPV-GEN-T9-N90-R04,9,90,4,10.0,VALID_COMPLETE,True,6,,,COMPLETED,0.31474382104352117
B05-MPV-GEN-rust-ga-fixed-10s.jsonl,rust_ga,ga,MPV-GEN-T9-N90-R05,9,90,5,10.0,VALID_COMPLETE,True,7,,,COMPLETED,0.23763670399785042
B05-MPV-GEN-rust-ga-fixed-10s.jsonl,rust_ga,ga,MPV-GEN-T9-N90-R06,9,90,6,10.0,VALID_COMPLETE,True,7,,,COMPLETED,0.341845785966143
B05-MPV-GEN-rust-ga-fixed-10s.jsonl,rust_ga,ga,MPV-GEN-T9-N90-R07,9,90,7,10.0,VALID_COMPLETE,True,8,,,COMPLETED,0.2333923119585961
B05-MPV-GEN-rust-ga-fixed-10s.jsonl,rust_ga,ga,MPV-GEN-T9-N90-R08,9,90,8,10.0,VALID_COMPLETE,True,6,,,COMPLETED,0.27784914104267955
B05-MPV-GEN-rust-ga-fixed-10s.jsonl,rust_ga,ga,MPV-GEN-T9-N90-R09,9,90,9,10.0,VALID_COMPLETE,True,7,,,COMPLETED,0.24579913704656065
B05-MPV-GEN-rust-ga-fixed-10s.jsonl,rust_ga,ga,MPV-GEN-T9-N90-R10,9,90,10,10.0,VALID_COMPLETE,True,7,,,COMPLETED,0.24629238690249622
B05-MPV-GEN-rust-ga-fixed-1s.jsonl,rust_ga,ga,MPV-GEN-T1-N30-R01,1,30,1,1.0,VALID_COMPLETE,True,9,,,COMPLETED,0.05355711001902819
B05-MPV-GEN-rust-ga-fixed-1s.jsonl,rust_ga,ga,MPV-GEN-T1-N30-R02,1,30,2,1.0,VALID_COMPLETE,True,12,,,COMPLETED,0.05150038190186024
B05-MPV-GEN-rust-ga-fixed-1s.jsonl,rust_ga,ga,MPV-GEN-T1-N30-R03,1,30,3,1.0,VALID_COMPLETE,True,8,,,COMPLETED,0.049797315150499344
B05-MPV-GEN-rust-ga-fixed-1s.jsonl,rust_ga,ga,MPV-GEN-T1-N30-R04,1,30,4,1.0,VALID_COMPLETE,True,8,,,COMPLETED,0.044559675035998225
B05-MPV-GEN-rust-ga-fixed-1s.jsonl,rust_ga,ga,MPV-GEN-T1-N30-R05,1,30,5,1.0,VALID_COMPLETE,True,10,,,COMPLETED,0.04833389585837722
B05-MPV-GEN-rust-ga-fixed-1s.jsonl,rust_ga,ga,MPV-GEN-T1-N30-R06,1,30,6,1.0,VALID_COMPLETE,True,9,,,COMPLETED,0.052683542016893625
B05-MPV-GEN-rust-ga-fixed-1s.jsonl,rust_ga,ga,MPV-GEN-T1-N30-R07,1,30,7,1.0,VALID_COMPLETE,True,8,,,COMPLETED,0.06530609494075179
B05-MPV-GEN-rust-ga-fixed-1s.jsonl,rust_ga,ga,MPV-GEN-T1-N30-R08,1,30,8,1.0,VALID_COMPLETE,True,10,,,COMPLETED,0.045205588918179274
B05-MPV-GEN-rust-ga-fixed-1s.jsonl,rust_ga,ga,MPV-GEN-T1-N30-R09,1,30,9,1.0,VALID_COMPLETE,True,10,,,COMPLETED,0.06488745100796223
B05-MPV-GEN-rust-ga-fixed-1s.jsonl,rust_ga,ga,MPV-GEN-T1-N30-R10,1,30,10,1.0,VALID_COMPLETE,True,9,,,COMPLETED,0.04405748192220926
B05-MPV-GEN-rust-ga-fixed-1s.jsonl,rust_ga,ga,MPV-GEN-T1-N60-R01,1,60,1,1.0,VALID_COMPLETE,True,16,,,COMPLETED,0.12122484506107867
B05-MPV-GEN-rust-ga-fixed-1s.jsonl,rust_ga,ga,MPV-GEN-T1-N60-R02,1,60,2,1.0,VALID_COMPLETE,True,17,,,COMPLETED,0.10524664400145411
B05-MPV-GEN-rust-ga-fixed-1s.jsonl,rust_ga,ga,MPV-GEN-T1-N60-R03,1,60,3,1.0,VALID_COMPLETE,True,17,,,COMPLETED,0.1359586480539292
B05-MPV-GEN-rust-ga-fixed-1s.jsonl,rust_ga,ga,MPV-GEN-T1-N60-R04,1,60,4,1.0,VALID_COMPLETE,True,15,,,COMPLETED,0.17475980520248413
B05-MPV-GEN-rust-ga-fixed-1s.jsonl,rust_ga,ga,MPV-GEN-T1-N60-R05,1,60,5,1.0,VALID_COMPLETE,True,19,,,COMPLETED,0.12432714900933206
B05-MPV-GEN-rust-ga-fixed-1s.jsonl,rust_ga,ga,MPV-GEN-T1-N60-R06,1,60,6,1.0,VALID_COMPLETE,True,16,,,COMPLETED,0.1304706921800971
B05-MPV-GEN-rust-ga-fixed-1s.jsonl,rust_ga,ga,MPV-GEN-T1-N60-R07,1,60,7,1.0,VALID_COMPLETE,True,16,,,COMPLETED,0.12098369211889803
B05-MPV-GEN-rust-ga-fixed-1s.jsonl,rust_ga,ga,MPV-GEN-T1-N60-R08,1,60,8,1.0,VALID_COMPLETE,True,19,,,COMPLETED,0.1445245030336082
B05-MPV-GEN-rust-ga-fixed-1s.jsonl,rust_ga,ga,MPV-GEN-T1-N60-R09,1,60,9,1.0,VALID_COMPLETE,True,17,,,COMPLETED,0.14538233797065914
B05-MPV-GEN-rust-ga-fixed-1s.jsonl,rust_ga,ga,MPV-GEN-T1-N60-R10,1,60,10,1.0,VALID_COMPLETE,True,18,,,COMPLETED,0.13146932888776064
B05-MPV-GEN-rust-ga-fixed-1s.jsonl,rust_ga,ga,MPV-GEN-T1-N90-R01,1,90,1,1.0,VALID_COMPLETE,True,30,,,COMPLETED,0.28426248813048005
B05-MPV-GEN-rust-ga-fixed-1s.jsonl,rust_ga,ga,MPV-GEN-T1-N90-R02,1,90,2,1.0,VALID_COMPLETE,True,26,,,COMPLETED,0.2718240648973733
B05-MPV-GEN-rust-ga-fixed-1s.jsonl,rust_ga,ga,MPV-GEN-T1-N90-R03,1,90,3,1.0,VALID_COMPLETE,True,27,,,COMPLETED,0.23484452185221016
B05-MPV-GEN-rust-ga-fixed-1s.jsonl,rust_ga,ga,MPV-GEN-T1-N90-R04,1,90,4,1.0,VALID_COMPLETE,True,24,,,COMPLETED,0.29371906304731965
B05-MPV-GEN-rust-ga-fixed-1s.jsonl,rust_ga,ga,MPV-GEN-T1-N90-R05,1,90,5,1.0,VALID_COMPLETE,True,32,,,COMPLETED,0.27395496401004493
B05-MPV-GEN-rust-ga-fixed-1s.jsonl,rust_ga,ga,MPV-GEN-T1-N90-R06,1,90,6,1.0,VALID_COMPLETE,True,29,,,COMPLETED,0.2616265721153468
B05-MPV-GEN-rust-ga-fixed-1s.jsonl,rust_ga,ga,MPV-GEN-T1-N90-R07,1,90,7,1.0,VALID_COMPLETE,True,24,,,COMPLETED,0.22628739103674889
B05-MPV-GEN-rust-ga-fixed-1s.jsonl,rust_ga,ga,MPV-GEN-T1-N90-R08,1,90,8,1.0,VALID_COMPLETE,True,27,,,COMPLETED,0.2816570238210261
B05-MPV-GEN-rust-ga-fixed-1s.jsonl,rust_ga,ga,MPV-GEN-T1-N90-R09,1,90,9,1.0,VALID_COMPLETE,True,29,,,COMPLETED,0.29223665897734463
B05-MPV-GEN-rust-ga-fixed-1s.jsonl,rust_ga,ga,MPV-GEN-T1-N90-R10,1,90,10,1.0,VALID_COMPLETE,True,28,,,COMPLETED,0.27025872585363686
B05-MPV-GEN-rust-ga-fixed-1s.jsonl,rust_ga,ga,MPV-GEN-T6-N30-R01,6,30,1,1.0,VALID_COMPLETE,True,1,,,COMPLETED,0.032246191054582596
B05-MPV-GEN-rust-ga-fixed-1s.jsonl,rust_ga,ga,MPV-GEN-T6-N30-R02,6,30,2,1.0,VALID_COMPLETE,True,1,,,COMPLETED,0.02929695788770914
B05-MPV-GEN-rust-ga-fixed-1s.jsonl,rust_ga,ga,MPV-GEN-T6-N30-R03,6,30,3,1.0,VALID_COMPLETE,True,1,,,COMPLETED,0.025817648973315954
B05-MPV-GEN-rust-ga-fixed-1s.jsonl,rust_ga,ga,MPV-GEN-T6-N30-R04,6,30,4,1.0,VALID_COMPLETE,True,1,,,COMPLETED,0.026527042035013437
B05-MPV-GEN-rust-ga-fixed-1s.jsonl,rust_ga,ga,MPV-GEN-T6-N30-R05,6,30,5,1.0,VALID_COMPLETE,True,1,,,COMPLETED,0.027842106064781547
B05-MPV-GEN-rust-ga-fixed-1s.jsonl,rust_ga,ga,MPV-GEN-T6-N30-R06,6,30,6,1.0,VALID_COMPLETE,True,1,,,COMPLETED,0.030651940032839775
B05-MPV-GEN-rust-ga-fixed-1s.jsonl,rust_ga,ga,MPV-GEN-T6-N30-R07,6,30,7,1.0,VALID_COMPLETE,True,1,,,COMPLETED,0.025227357866242528
B05-MPV-GEN-rust-ga-fixed-1s.jsonl,rust_ga,ga,MPV-GEN-T6-N30-R08,6,30,8,1.0,VALID_COMPLETE,True,1,,,COMPLETED,0.02512246510013938
B05-MPV-GEN-rust-ga-fixed-1s.jsonl,rust_ga,ga,MPV-GEN-T6-N30-R09,6,30,9,1.0,VALID_COMPLETE,True,1,,,COMPLETED,0.02987067005597055
B05-MPV-GEN-rust-ga-fixed-1s.jsonl,rust_ga,ga,MPV-GEN-T6-N30-R10,6,30,10,1.0,VALID_COMPLETE,True,1,,,COMPLETED,0.02487035794183612
B05-MPV-GEN-rust-ga-fixed-1s.jsonl,rust_ga,ga,MPV-GEN-T6-N60-R01,6,60,1,1.0,VALID_COMPLETE,True,1,,,COMPLETED,0.05560658103786409
B05-MPV-GEN-rust-ga-fixed-1s.jsonl,rust_ga,ga,MPV-GEN-T6-N60-R02,6,60,2,1.0,VALID_COMPLETE,True,1,,,COMPLETED,0.04552725818939507
B05-MPV-GEN-rust-ga-fixed-1s.jsonl,rust_ga,ga,MPV-GEN-T6-N60-R03,6,60,3,1.0,VALID_COMPLETE,True,1,,,COMPLETED,0.056868128944188356
B05-MPV-GEN-rust-ga-fixed-1s.jsonl,rust_ga,ga,MPV-GEN-T6-N60-R04,6,60,4,1.0,VALID_COMPLETE,True,1,,,COMPLETED,0.05400867806747556
B05-MPV-GEN-rust-ga-fixed-1s.jsonl,rust_ga,ga,MPV-GEN-T6-N60-R05,6,60,5,1.0,VALID_COMPLETE,True,1,,,COMPLETED,0.06444490817375481
B05-MPV-GEN-rust-ga-fixed-1s.jsonl,rust_ga,ga,MPV-GEN-T6-N60-R06,6,60,6,1.0,VALID_COMPLETE,True,1,,,COMPLETED,0.047103016171604395
B05-MPV-GEN-rust-ga-fixed-1s.jsonl,rust_ga,ga,MPV-GEN-T6-N60-R07,6,60,7,1.0,VALID_COMPLETE,True,1,,,COMPLETED,0.050324692856520414
B05-MPV-GEN-rust-ga-fixed-1s.jsonl,rust_ga,ga,MPV-GEN-T6-N60-R08,6,60,8,1.0,VALID_COMPLETE,True,1,,,COMPLETED,0.05505557218566537
B05-MPV-GEN-rust-ga-fixed-1s.jsonl,rust_ga,ga,MPV-GEN-T6-N60-R09,6,60,9,1.0,VALID_COMPLETE,True,1,,,COMPLETED,0.06291951588355005
B05-MPV-GEN-rust-ga-fixed-1s.jsonl,rust_ga,ga,MPV-GEN-T6-N60-R10,6,60,10,1.0,VALID_COMPLETE,True,1,,,COMPLETED,0.049877726938575506
B05-MPV-GEN-rust-ga-fixed-1s.jsonl,rust_ga,ga,MPV-GEN-T6-N90-R01,6,90,1,1.0,VALID_COMPLETE,True,1,,,COMPLETED,0.07789383013732731
B05-MPV-GEN-rust-ga-fixed-1s.jsonl,rust_ga,ga,MPV-GEN-T6-N90-R02,6,90,2,1.0,VALID_COMPLETE,True,1,,,COMPLETED,0.08863059617578983
B05-MPV-GEN-rust-ga-fixed-1s.jsonl,rust_ga,ga,MPV-GEN-T6-N90-R03,6,90,3,1.0,VALID_COMPLETE,True,1,,,COMPLETED,0.09076352906413376
B05-MPV-GEN-rust-ga-fixed-1s.jsonl,rust_ga,ga,MPV-GEN-T6-N90-R04,6,90,4,1.0,VALID_COMPLETE,True,1,,,COMPLETED,0.07823615986853838
B05-MPV-GEN-rust-ga-fixed-1s.jsonl,rust_ga,ga,MPV-GEN-T6-N90-R05,6,90,5,1.0,VALID_COMPLETE,True,1,,,COMPLETED,0.07714636716991663
B05-MPV-GEN-rust-ga-fixed-1s.jsonl,rust_ga,ga,MPV-GEN-T6-N90-R06,6,90,6,1.0,VALID_COMPLETE,True,1,,,COMPLETED,0.06892625498585403
B05-MPV-GEN-rust-ga-fixed-1s.jsonl,rust_ga,ga,MPV-GEN-T6-N90-R07,6,90,7,1.0,VALID_COMPLETE,True,1,,,COMPLETED,0.07194855995476246
B05-MPV-GEN-rust-ga-fixed-1s.jsonl,rust_ga,ga,MPV-GEN-T6-N90-R08,6,90,8,1.0,VALID_COMPLETE,True,1,,,COMPLETED,0.06558017991483212
B05-MPV-GEN-rust-ga-fixed-1s.jsonl,rust_ga,ga,MPV-GEN-T6-N90-R09,6,90,9,1.0,VALID_COMPLETE,True,1,,,COMPLETED,0.07060912996530533
B05-MPV-GEN-rust-ga-fixed-1s.jsonl,rust_ga,ga,MPV-GEN-T6-N90-R10,6,90,10,1.0,VALID_COMPLETE,True,1,,,COMPLETED,0.07277123001404107
B05-MPV-GEN-rust-ga-fixed-1s.jsonl,rust_ga,ga,MPV-GEN-T7-N30-R01,7,30,1,1.0,VALID_COMPLETE,True,1,,,COMPLETED,0.027791514992713928
B05-MPV-GEN-rust-ga-fixed-1s.jsonl,rust_ga,ga,MPV-GEN-T7-N30-R02,7,30,2,1.0,VALID_COMPLETE,True,1,,,COMPLETED,0.034636101918295026
B05-MPV-GEN-rust-ga-fixed-1s.jsonl,rust_ga,ga,MPV-GEN-T7-N30-R03,7,30,3,1.0,VALID_COMPLETE,True,1,,,COMPLETED,0.034538412000983953
B05-MPV-GEN-rust-ga-fixed-1s.jsonl,rust_ga,ga,MPV-GEN-T7-N30-R04,7,30,4,1.0,VALID_COMPLETE,True,1,,,COMPLETED,0.031425331020727754
B05-MPV-GEN-rust-ga-fixed-1s.jsonl,rust_ga,ga,MPV-GEN-T7-N30-R05,7,30,5,1.0,VALID_COMPLETE,True,1,,,COMPLETED,0.04647309915162623
B05-MPV-GEN-rust-ga-fixed-1s.jsonl,rust_ga,ga,MPV-GEN-T7-N30-R06,7,30,6,1.0,VALID_COMPLETE,True,1,,,COMPLETED,0.022536157863214612
B05-MPV-GEN-rust-ga-fixed-1s.jsonl,rust_ga,ga,MPV-GEN-T7-N30-R07,7,30,7,1.0,VALID_COMPLETE,True,1,,,COMPLETED,0.032735800836235285
B05-MPV-GEN-rust-ga-fixed-1s.jsonl,rust_ga,ga,MPV-GEN-T7-N30-R08,7,30,8,1.0,VALID_COMPLETE,True,1,,,COMPLETED,0.02991776284761727
B05-MPV-GEN-rust-ga-fixed-1s.jsonl,rust_ga,ga,MPV-GEN-T7-N30-R09,7,30,9,1.0,VALID_COMPLETE,True,1,,,COMPLETED,0.02994607202708721
B05-MPV-GEN-rust-ga-fixed-1s.jsonl,rust_ga,ga,MPV-GEN-T7-N30-R10,7,30,10,1.0,VALID_COMPLETE,True,1,,,COMPLETED,0.03024511504918337
B05-MPV-GEN-rust-ga-fixed-1s.jsonl,rust_ga,ga,MPV-GEN-T7-N60-R01,7,60,1,1.0,VALID_COMPLETE,True,2,,,COMPLETED,0.06276301899924874
B05-MPV-GEN-rust-ga-fixed-1s.jsonl,rust_ga,ga,MPV-GEN-T7-N60-R02,7,60,2,1.0,VALID_COMPLETE,True,2,,,COMPLETED,0.06042225589044392
B05-MPV-GEN-rust-ga-fixed-1s.jsonl,rust_ga,ga,MPV-GEN-T7-N60-R03,7,60,3,1.0,VALID_COMPLETE,True,1,,,COMPLETED,0.08683945890516043
B05-MPV-GEN-rust-ga-fixed-1s.jsonl,rust_ga,ga,MPV-GEN-T7-N60-R04,7,60,4,1.0,VALID_COMPLETE,True,2,,,COMPLETED,0.07939517986960709
B05-MPV-GEN-rust-ga-fixed-1s.jsonl,rust_ga,ga,MPV-GEN-T7-N60-R05,7,60,5,1.0,VALID_COMPLETE,True,1,,,COMPLETED,0.09647225495427847
B05-MPV-GEN-rust-ga-fixed-1s.jsonl,rust_ga,ga,MPV-GEN-T7-N60-R06,7,60,6,1.0,VALID_COMPLETE,True,1,,,COMPLETED,0.10588959604501724
B05-MPV-GEN-rust-ga-fixed-1s.jsonl,rust_ga,ga,MPV-GEN-T7-N60-R07,7,60,7,1.0,VALID_COMPLETE,True,2,,,COMPLETED,0.12416757200844586
B05-MPV-GEN-rust-ga-fixed-1s.jsonl,rust_ga,ga,MPV-GEN-T7-N60-R08,7,60,8,1.0,VALID_COMPLETE,True,2,,,COMPLETED,0.09053472685627639
B05-MPV-GEN-rust-ga-fixed-1s.jsonl,rust_ga,ga,MPV-GEN-T7-N60-R09,7,60,9,1.0,VALID_COMPLETE,True,2,,,COMPLETED,0.07365383487194777
B05-MPV-GEN-rust-ga-fixed-1s.jsonl,rust_ga,ga,MPV-GEN-T7-N60-R10,7,60,10,1.0,VALID_COMPLETE,True,1,,,COMPLETED,0.11522374604828656
B05-MPV-GEN-rust-ga-fixed-1s.jsonl,rust_ga,ga,MPV-GEN-T7-N90-R01,7,90,1,1.0,VALID_COMPLETE,True,2,,,COMPLETED,0.6121786758303642
B05-MPV-GEN-rust-ga-fixed-1s.jsonl,rust_ga,ga,MPV-GEN-T7-N90-R02,7,90,2,1.0,VALID_COMPLETE,True,2,,,COMPLETED,0.1576682790182531
B05-MPV-GEN-rust-ga-fixed-1s.jsonl,rust_ga,ga,MPV-GEN-T7-N90-R03,7,90,3,1.0,VALID_COMPLETE,True,2,,,COMPLETED,0.4398189499042928
B05-MPV-GEN-rust-ga-fixed-1s.jsonl,rust_ga,ga,MPV-GEN-T7-N90-R04,7,90,4,1.0,VALID_COMPLETE,True,2,,,COMPLETED,0.3534925798885524
B05-MPV-GEN-rust-ga-fixed-1s.jsonl,rust_ga,ga,MPV-GEN-T7-N90-R05,7,90,5,1.0,VALID_COMPLETE,True,2,,,COMPLETED,0.6492578210309148
B05-MPV-GEN-rust-ga-fixed-1s.jsonl,rust_ga,ga,MPV-GEN-T7-N90-R06,7,90,6,1.0,VALID_COMPLETE,True,2,,,COMPLETED,0.23973821685649455
B05-MPV-GEN-rust-ga-fixed-1s.jsonl,rust_ga,ga,MPV-GEN-T7-N90-R07,7,90,7,1.0,VALID_COMPLETE,True,2,,,COMPLETED,0.3207749919965863
B05-MPV-GEN-rust-ga-fixed-1s.jsonl,rust_ga,ga,MPV-GEN-T7-N90-R08,7,90,8,1.0,VALID_COMPLETE,True,2,,,COMPLETED,0.5312904280144721
B05-MPV-GEN-rust-ga-fixed-1s.jsonl,rust_ga,ga,MPV-GEN-T7-N90-R09,7,90,9,1.0,VALID_COMPLETE,True,2,,,COMPLETED,0.4140051349531859
B05-MPV-GEN-rust-ga-fixed-1s.jsonl,rust_ga,ga,MPV-GEN-T7-N90-R10,7,90,10,1.0,VALID_COMPLETE,True,2,,,COMPLETED,0.4443543809466064
B05-MPV-GEN-rust-ga-fixed-1s.jsonl,rust_ga,ga,MPV-GEN-T8-N30-R01,8,30,1,1.0,VALID_COMPLETE,True,7,,,COMPLETED,0.05128884990699589
B05-MPV-GEN-rust-ga-fixed-1s.jsonl,rust_ga,ga,MPV-GEN-T8-N30-R02,8,30,2,1.0,VALID_COMPLETE,True,6,,,COMPLETED,0.0449473331682384
B05-MPV-GEN-rust-ga-fixed-1s.jsonl,rust_ga,ga,MPV-GEN-T8-N30-R03,8,30,3,1.0,VALID_COMPLETE,True,8,,,COMPLETED,0.05741132912226021
B05-MPV-GEN-rust-ga-fixed-1s.jsonl,rust_ga,ga,MPV-GEN-T8-N30-R04,8,30,4,1.0,VALID_COMPLETE,True,5,,,COMPLETED,0.07113522081635892
B05-MPV-GEN-rust-ga-fixed-1s.jsonl,rust_ga,ga,MPV-GEN-T8-N30-R05,8,30,5,1.0,VALID_COMPLETE,True,9,,,COMPLETED,0.05323588103055954
B05-MPV-GEN-rust-ga-fixed-1s.jsonl,rust_ga,ga,MPV-GEN-T8-N30-R06,8,30,6,1.0,VALID_COMPLETE,True,8,,,COMPLETED,0.04537047119811177
B05-MPV-GEN-rust-ga-fixed-1s.jsonl,rust_ga,ga,MPV-GEN-T8-N30-R07,8,30,7,1.0,VALID_COMPLETE,True,7,,,COMPLETED,0.07838627602905035
B05-MPV-GEN-rust-ga-fixed-1s.jsonl,rust_ga,ga,MPV-GEN-T8-N30-R08,8,30,8,1.0,VALID_COMPLETE,True,7,,,COMPLETED,0.0877795978449285
B05-MPV-GEN-rust-ga-fixed-1s.jsonl,rust_ga,ga,MPV-GEN-T8-N30-R09,8,30,9,1.0,VALID_COMPLETE,True,11,,,COMPLETED,0.05970044620335102
B05-MPV-GEN-rust-ga-fixed-1s.jsonl,rust_ga,ga,MPV-GEN-T8-N30-R10,8,30,10,1.0,VALID_COMPLETE,True,6,,,COMPLETED,0.06011652387678623
B05-MPV-GEN-rust-ga-fixed-1s.jsonl,rust_ga,ga,MPV-GEN-T8-N60-R01,8,60,1,1.0,VALID_COMPLETE,True,18,,,COMPLETED,0.14734590309672058
B05-MPV-GEN-rust-ga-fixed-1s.jsonl,rust_ga,ga,MPV-GEN-T8-N60-R02,8,60,2,1.0,VALID_COMPLETE,True,18,,,COMPLETED,0.17649283190257847
B05-MPV-GEN-rust-ga-fixed-1s.jsonl,rust_ga,ga,MPV-GEN-T8-N60-R03,8,60,3,1.0,VALID_COMPLETE,True,15,,,COMPLETED,0.19034404191188514
B05-MPV-GEN-rust-ga-fixed-1s.jsonl,rust_ga,ga,MPV-GEN-T8-N60-R04,8,60,4,1.0,VALID_COMPLETE,True,13,,,COMPLETED,0.13620850793085992
B05-MPV-GEN-rust-ga-fixed-1s.jsonl,rust_ga,ga,MPV-GEN-T8-N60-R05,8,60,5,1.0,VALID_COMPLETE,True,16,,,COMPLETED,0.1228907760232687
B05-MPV-GEN-rust-ga-fixed-1s.jsonl,rust_ga,ga,MPV-GEN-T8-N60-R06,8,60,6,1.0,VALID_COMPLETE,True,13,,,COMPLETED,0.12169031822122633
B05-MPV-GEN-rust-ga-fixed-1s.jsonl,rust_ga,ga,MPV-GEN-T8-N60-R07,8,60,7,1.0,VALID_COMPLETE,True,15,,,COMPLETED,0.13950181799009442
B05-MPV-GEN-rust-ga-fixed-1s.jsonl,rust_ga,ga,MPV-GEN-T8-N60-R08,8,60,8,1.0,VALID_COMPLETE,True,11,,,COMPLETED,0.11848691012710333
B05-MPV-GEN-rust-ga-fixed-1s.jsonl,rust_ga,ga,MPV-GEN-T8-N60-R09,8,60,9,1.0,VALID_COMPLETE,True,14,,,COMPLETED,0.13983712787739933
B05-MPV-GEN-rust-ga-fixed-1s.jsonl,rust_ga,ga,MPV-GEN-T8-N60-R10,8,60,10,1.0,VALID_COMPLETE,True,15,,,COMPLETED,0.12738584610633552
B05-MPV-GEN-rust-ga-fixed-1s.jsonl,rust_ga,ga,MPV-GEN-T8-N90-R01,8,90,1,1.0,VALID_COMPLETE,True,15,,,COMPLETED,0.35143176605924964
B05-MPV-GEN-rust-ga-fixed-1s.jsonl,rust_ga,ga,MPV-GEN-T8-N90-R02,8,90,2,1.0,VALID_COMPLETE,True,17,,,COMPLETED,0.38070233003236353
B05-MPV-GEN-rust-ga-fixed-1s.jsonl,rust_ga,ga,MPV-GEN-T8-N90-R03,8,90,3,1.0,VALID_COMPLETE,True,23,,,COMPLETED,0.2975550671108067
B05-MPV-GEN-rust-ga-fixed-1s.jsonl,rust_ga,ga,MPV-GEN-T8-N90-R04,8,90,4,1.0,VALID_COMPLETE,True,22,,,COMPLETED,0.23554817191325128
B05-MPV-GEN-rust-ga-fixed-1s.jsonl,rust_ga,ga,MPV-GEN-T8-N90-R05,8,90,5,1.0,VALID_COMPLETE,True,20,,,COMPLETED,0.2700734450481832
B05-MPV-GEN-rust-ga-fixed-1s.jsonl,rust_ga,ga,MPV-GEN-T8-N90-R06,8,90,6,1.0,VALID_COMPLETE,True,20,,,COMPLETED,0.2694009959232062
B05-MPV-GEN-rust-ga-fixed-1s.jsonl,rust_ga,ga,MPV-GEN-T8-N90-R07,8,90,7,1.0,VALID_COMPLETE,True,21,,,COMPLETED,0.3094499569851905
B05-MPV-GEN-rust-ga-fixed-1s.jsonl,rust_ga,ga,MPV-GEN-T8-N90-R08,8,90,8,1.0,VALID_COMPLETE,True,18,,,COMPLETED,0.2593737861607224
B05-MPV-GEN-rust-ga-fixed-1s.jsonl,rust_ga,ga,MPV-GEN-T8-N90-R09,8,90,9,1.0,VALID_COMPLETE,True,21,,,COMPLETED,0.3540775019209832
B05-MPV-GEN-rust-ga-fixed-1s.jsonl,rust_ga,ga,MPV-GEN-T8-N90-R10,8,90,10,1.0,VALID_COMPLETE,True,20,,,COMPLETED,0.24413455789908767
B05-MPV-GEN-rust-ga-fixed-1s.jsonl,rust_ga,ga,MPV-GEN-T9-N30-R01,9,30,1,1.0,VALID_COMPLETE,True,5,,,COMPLETED,0.05711910896934569
B05-MPV-GEN-rust-ga-fixed-1s.jsonl,rust_ga,ga,MPV-GEN-T9-N30-R02,9,30,2,1.0,VALID_COMPLETE,True,5,,,COMPLETED,0.03929520701058209
B05-MPV-GEN-rust-ga-fixed-1s.jsonl,rust_ga,ga,MPV-GEN-T9-N30-R03,9,30,3,1.0,VALID_COMPLETE,True,5,,,COMPLETED,0.07461428991518915
B05-MPV-GEN-rust-ga-fixed-1s.jsonl,rust_ga,ga,MPV-GEN-T9-N30-R04,9,30,4,1.0,VALID_COMPLETE,True,5,,,COMPLETED,0.05464629898779094
B05-MPV-GEN-rust-ga-fixed-1s.jsonl,rust_ga,ga,MPV-GEN-T9-N30-R05,9,30,5,1.0,VALID_COMPLETE,True,4,,,COMPLETED,0.03772867005318403
B05-MPV-GEN-rust-ga-fixed-1s.jsonl,rust_ga,ga,MPV-GEN-T9-N30-R06,9,30,6,1.0,VALID_COMPLETE,True,6,,,COMPLETED,0.0349804749712348
B05-MPV-GEN-rust-ga-fixed-1s.jsonl,rust_ga,ga,MPV-GEN-T9-N30-R07,9,30,7,1.0,VALID_COMPLETE,True,5,,,COMPLETED,0.04275519191287458
B05-MPV-GEN-rust-ga-fixed-1s.jsonl,rust_ga,ga,MPV-GEN-T9-N30-R08,9,30,8,1.0,VALID_COMPLETE,True,5,,,COMPLETED,0.04249562602490187
B05-MPV-GEN-rust-ga-fixed-1s.jsonl,rust_ga,ga,MPV-GEN-T9-N30-R09,9,30,9,1.0,VALID_COMPLETE,True,5,,,COMPLETED,0.05944191990420222
B05-MPV-GEN-rust-ga-fixed-1s.jsonl,rust_ga,ga,MPV-GEN-T9-N30-R10,9,30,10,1.0,VALID_COMPLETE,True,5,,,COMPLETED,0.05342783802188933
B05-MPV-GEN-rust-ga-fixed-1s.jsonl,rust_ga,ga,MPV-GEN-T9-N60-R01,9,60,1,1.0,VALID_COMPLETE,True,6,,,COMPLETED,0.12890143389813602
B05-MPV-GEN-rust-ga-fixed-1s.jsonl,rust_ga,ga,MPV-GEN-T9-N60-R02,9,60,2,1.0,VALID_COMPLETE,True,6,,,COMPLETED,0.11627665092237294
B05-MPV-GEN-rust-ga-fixed-1s.jsonl,rust_ga,ga,MPV-GEN-T9-N60-R03,9,60,3,1.0,VALID_COMPLETE,True,6,,,COMPLETED,0.13978216983377934
B05-MPV-GEN-rust-ga-fixed-1s.jsonl,rust_ga,ga,MPV-GEN-T9-N60-R04,9,60,4,1.0,VALID_COMPLETE,True,5,,,COMPLETED,0.1674115660134703
B05-MPV-GEN-rust-ga-fixed-1s.jsonl,rust_ga,ga,MPV-GEN-T9-N60-R05,9,60,5,1.0,VALID_COMPLETE,True,6,,,COMPLETED,0.11504234396852553
B05-MPV-GEN-rust-ga-fixed-1s.jsonl,rust_ga,ga,MPV-GEN-T9-N60-R06,9,60,6,1.0,VALID_COMPLETE,True,5,,,COMPLETED,0.21650911285541952
B05-MPV-GEN-rust-ga-fixed-1s.jsonl,rust_ga,ga,MPV-GEN-T9-N60-R07,9,60,7,1.0,VALID_COMPLETE,True,5,,,COMPLETED,0.2374238669872284
B05-MPV-GEN-rust-ga-fixed-1s.jsonl,rust_ga,ga,MPV-GEN-T9-N60-R08,9,60,8,1.0,VALID_COMPLETE,True,6,,,COMPLETED,0.11537819192744792
B05-MPV-GEN-rust-ga-fixed-1s.jsonl,rust_ga,ga,MPV-GEN-T9-N60-R09,9,60,9,1.0,VALID_COMPLETE,True,6,,,COMPLETED,0.13671326800249517
B05-MPV-GEN-rust-ga-fixed-1s.jsonl,rust_ga,ga,MPV-GEN-T9-N60-R10,9,60,10,1.0,VALID_COMPLETE,True,6,,,COMPLETED,0.1425095850136131
B05-MPV-GEN-rust-ga-fixed-1s.jsonl,rust_ga,ga,MPV-GEN-T9-N90-R01,9,90,1,1.0,VALID_COMPLETE,True,7,,,COMPLETED,0.28661321196705103
B05-MPV-GEN-rust-ga-fixed-1s.jsonl,rust_ga,ga,MPV-GEN-T9-N90-R02,9,90,2,1.0,VALID_COMPLETE,True,7,,,COMPLETED,0.4161339681595564
B05-MPV-GEN-rust-ga-fixed-1s.jsonl,rust_ga,ga,MPV-GEN-T9-N90-R03,9,90,3,1.0,VALID_COMPLETE,True,7,,,COMPLETED,0.35704611986875534
B05-MPV-GEN-rust-ga-fixed-1s.jsonl,rust_ga,ga,MPV-GEN-T9-N90-R04,9,90,4,1.0,VALID_COMPLETE,True,7,,,COMPLETED,0.34041460510343313
B05-MPV-GEN-rust-ga-fixed-1s.jsonl,rust_ga,ga,MPV-GEN-T9-N90-R05,9,90,5,1.0,VALID_COMPLETE,True,7,,,COMPLETED,0.1933863719459623
B05-MPV-GEN-rust-ga-fixed-1s.jsonl,rust_ga,ga,MPV-GEN-T9-N90-R06,9,90,6,1.0,VALID_COMPLETE,True,6,,,COMPLETED,0.42251940397545695
B05-MPV-GEN-rust-ga-fixed-1s.jsonl,rust_ga,ga,MPV-GEN-T9-N90-R07,9,90,7,1.0,VALID_COMPLETE,True,8,,,COMPLETED,0.18733379896730185
B05-MPV-GEN-rust-ga-fixed-1s.jsonl,rust_ga,ga,MPV-GEN-T9-N90-R08,9,90,8,1.0,VALID_COMPLETE,True,7,,,COMPLETED,0.2654159751255065
B05-MPV-GEN-rust-ga-fixed-1s.jsonl,rust_ga,ga,MPV-GEN-T9-N90-R09,9,90,9,1.0,VALID_COMPLETE,True,7,,,COMPLETED,0.3276053450535983
B05-MPV-GEN-rust-ga-fixed-1s.jsonl,rust_ga,ga,MPV-GEN-T9-N90-R10,9,90,10,1.0,VALID_COMPLETE,True,7,,,COMPLETED,0.305246148025617
B05-MPV-GEN-rust-layer-fixed-10s.jsonl,rust_layer,bottomleftfill,MPV-GEN-T1-N30-R01,1,30,1,10.0,VALID_COMPLETE,True,11,,,COMPLETED,0.0077564348466694355
B05-MPV-GEN-rust-layer-fixed-10s.jsonl,rust_layer,bottomleftfill,MPV-GEN-T1-N30-R02,1,30,2,10.0,VALID_COMPLETE,True,13,,,COMPLETED,0.012875248212367296
B05-MPV-GEN-rust-layer-fixed-10s.jsonl,rust_layer,bottomleftfill,MPV-GEN-T1-N30-R03,1,30,3,10.0,VALID_COMPLETE,True,9,,,COMPLETED,0.010323010850697756
B05-MPV-GEN-rust-layer-fixed-10s.jsonl,rust_layer,bottomleftfill,MPV-GEN-T1-N30-R04,1,30,4,10.0,VALID_COMPLETE,True,8,,,COMPLETED,0.0037962449714541435
B05-MPV-GEN-rust-layer-fixed-10s.jsonl,rust_layer,bottomleftfill,MPV-GEN-T1-N30-R05,1,30,5,10.0,VALID_COMPLETE,True,11,,,COMPLETED,0.011203588917851448
B05-MPV-GEN-rust-layer-fixed-10s.jsonl,rust_layer,bottomleftfill,MPV-GEN-T1-N30-R06,1,30,6,10.0,VALID_COMPLETE,True,10,,,COMPLETED,0.011859911028295755
B05-MPV-GEN-rust-layer-fixed-10s.jsonl,rust_layer,bottomleftfill,MPV-GEN-T1-N30-R07,1,30,7,10.0,VALID_COMPLETE,True,9,,,COMPLETED,0.010490929940715432
B05-MPV-GEN-rust-layer-fixed-10s.jsonl,rust_layer,bottomleftfill,MPV-GEN-T1-N30-R08,1,30,8,10.0,VALID_COMPLETE,True,10,,,COMPLETED,0.005487695103511214
B05-MPV-GEN-rust-layer-fixed-10s.jsonl,rust_layer,bottomleftfill,MPV-GEN-T1-N30-R09,1,30,9,10.0,VALID_COMPLETE,True,11,,,COMPLETED,0.007441218011081219
B05-MPV-GEN-rust-layer-fixed-10s.jsonl,rust_layer,bottomleftfill,MPV-GEN-T1-N30-R10,1,30,10,10.0,VALID_COMPLETE,True,9,,,COMPLETED,0.007107270183041692
B05-MPV-GEN-rust-layer-fixed-10s.jsonl,rust_layer,bottomleftfill,MPV-GEN-T1-N60-R01,1,60,1,10.0,VALID_COMPLETE,True,17,,,COMPLETED,0.010560296941548586
B05-MPV-GEN-rust-layer-fixed-10s.jsonl,rust_layer,bottomleftfill,MPV-GEN-T1-N60-R02,1,60,2,10.0,VALID_COMPLETE,True,17,,,COMPLETED,0.00823778985068202
B05-MPV-GEN-rust-layer-fixed-10s.jsonl,rust_layer,bottomleftfill,MPV-GEN-T1-N60-R03,1,60,3,10.0,VALID_COMPLETE,True,19,,,COMPLETED,0.013365010032430291
B05-MPV-GEN-rust-layer-fixed-10s.jsonl,rust_layer,bottomleftfill,MPV-GEN-T1-N60-R04,1,60,4,10.0,VALID_COMPLETE,True,17,,,COMPLETED,0.009687226032838225
B05-MPV-GEN-rust-layer-fixed-10s.jsonl,rust_layer,bottomleftfill,MPV-GEN-T1-N60-R05,1,60,5,10.0,VALID_COMPLETE,True,21,,,COMPLETED,0.010269366903230548
B05-MPV-GEN-rust-layer-fixed-10s.jsonl,rust_layer,bottomleftfill,MPV-GEN-T1-N60-R06,1,60,6,10.0,VALID_COMPLETE,True,18,,,COMPLETED,0.022066862089559436
B05-MPV-GEN-rust-layer-fixed-10s.jsonl,rust_layer,bottomleftfill,MPV-GEN-T1-N60-R07,1,60,7,10.0,VALID_COMPLETE,True,19,,,COMPLETED,0.010813012951985002
B05-MPV-GEN-rust-layer-fixed-10s.jsonl,rust_layer,bottomleftfill,MPV-GEN-T1-N60-R08,1,60,8,10.0,VALID_COMPLETE,True,21,,,COMPLETED,0.014530389104038477
B05-MPV-GEN-rust-layer-fixed-10s.jsonl,rust_layer,bottomleftfill,MPV-GEN-T1-N60-R09,1,60,9,10.0,VALID_COMPLETE,True,18,,,COMPLETED,0.012560725212097168
B05-MPV-GEN-rust-layer-fixed-10s.jsonl,rust_layer,bottomleftfill,MPV-GEN-T1-N60-R10,1,60,10,10.0,VALID_COMPLETE,True,18,,,COMPLETED,0.00693341507576406
B05-MPV-GEN-rust-layer-fixed-10s.jsonl,rust_layer,bottomleftfill,MPV-GEN-T1-N90-R01,1,90,1,10.0,VALID_COMPLETE,True,31,,,COMPLETED,0.006277872947975993
B05-MPV-GEN-rust-layer-fixed-10s.jsonl,rust_layer,bottomleftfill,MPV-GEN-T1-N90-R02,1,90,2,10.0,VALID_COMPLETE,True,27,,,COMPLETED,0.012915336061269045
B05-MPV-GEN-rust-layer-fixed-10s.jsonl,rust_layer,bottomleftfill,MPV-GEN-T1-N90-R03,1,90,3,10.0,VALID_COMPLETE,True,28,,,COMPLETED,0.02038532099686563
B05-MPV-GEN-rust-layer-fixed-10s.jsonl,rust_layer,bottomleftfill,MPV-GEN-T1-N90-R04,1,90,4,10.0,VALID_COMPLETE,True,25,,,COMPLETED,0.014404959976673126
B05-MPV-GEN-rust-layer-fixed-10s.jsonl,rust_layer,bottomleftfill,MPV-GEN-T1-N90-R05,1,90,5,10.0,VALID_COMPLETE,True,32,,,COMPLETED,0.01444287016056478
B05-MPV-GEN-rust-layer-fixed-10s.jsonl,rust_layer,bottomleftfill,MPV-GEN-T1-N90-R06,1,90,6,10.0,VALID_COMPLETE,True,30,,,COMPLETED,0.022048301063477993
B05-MPV-GEN-rust-layer-fixed-10s.jsonl,rust_layer,bottomleftfill,MPV-GEN-T1-N90-R07,1,90,7,10.0,VALID_COMPLETE,True,26,,,COMPLETED,0.021774014923721552
B05-MPV-GEN-rust-layer-fixed-10s.jsonl,rust_layer,bottomleftfill,MPV-GEN-T1-N90-R08,1,90,8,10.0,VALID_COMPLETE,True,29,,,COMPLETED,0.012740298872813582
B05-MPV-GEN-rust-layer-fixed-10s.jsonl,rust_layer,bottomleftfill,MPV-GEN-T1-N90-R09,1,90,9,10.0,VALID_COMPLETE,True,30,,,COMPLETED,0.01593925105407834
B05-MPV-GEN-rust-layer-fixed-10s.jsonl,rust_layer,bottomleftfill,MPV-GEN-T1-N90-R10,1,90,10,10.0,VALID_COMPLETE,True,29,,,COMPLETED,0.011045614955946803
B05-MPV-GEN-rust-layer-fixed-10s.jsonl,rust_layer,bottomleftfill,MPV-GEN-T6-N30-R01,6,30,1,10.0,VALID_COMPLETE,True,1,,,COMPLETED,0.019101526122540236
B05-MPV-GEN-rust-layer-fixed-10s.jsonl,rust_layer,bottomleftfill,MPV-GEN-T6-N30-R02,6,30,2,10.0,VALID_COMPLETE,True,1,,,COMPLETED,0.009591144975274801
B05-MPV-GEN-rust-layer-fixed-10s.jsonl,rust_layer,bottomleftfill,MPV-GEN-T6-N30-R03,6,30,3,10.0,VALID_COMPLETE,True,1,,,COMPLETED,0.008002628805115819
B05-MPV-GEN-rust-layer-fixed-10s.jsonl,rust_layer,bottomleftfill,MPV-GEN-T6-N30-R04,6,30,4,10.0,VALID_COMPLETE,True,1,,,COMPLETED,0.0071939630433917046
B05-MPV-GEN-rust-layer-fixed-10s.jsonl,rust_layer,bottomleftfill,MPV-GEN-T6-N30-R05,6,30,5,10.0,VALID_COMPLETE,True,1,,,COMPLETED,0.009608966996893287
B05-MPV-GEN-rust-layer-fixed-10s.jsonl,rust_layer,bottomleftfill,MPV-GEN-T6-N30-R06,6,30,6,10.0,VALID_COMPLETE,True,1,,,COMPLETED,0.007254770956933498
B05-MPV-GEN-rust-layer-fixed-10s.jsonl,rust_layer,bottomleftfill,MPV-GEN-T6-N30-R07,6,30,7,10.0,VALID_COMPLETE,True,1,,,COMPLETED,0.01341185811907053
B05-MPV-GEN-rust-layer-fixed-10s.jsonl,rust_layer,bottomleftfill,MPV-GEN-T6-N30-R08,6,30,8,10.0,VALID_COMPLETE,True,1,,,COMPLETED,0.0074697749223560095
B05-MPV-GEN-rust-layer-fixed-10s.jsonl,rust_layer,bottomleftfill,MPV-GEN-T6-N30-R09,6,30,9,10.0,VALID_COMPLETE,True,1,,,COMPLETED,0.013035658048465848
B05-MPV-GEN-rust-layer-fixed-10s.jsonl,rust_layer,bottomleftfill,MPV-GEN-T6-N30-R10,6,30,10,10.0,VALID_COMPLETE,True,1,,,COMPLETED,0.008789806859567761
B05-MPV-GEN-rust-layer-fixed-10s.jsonl,rust_layer,bottomleftfill,MPV-GEN-T6-N60-R01,6,60,1,10.0,VALID_COMPLETE,True,1,,,COMPLETED,0.011953314999118447
B05-MPV-GEN-rust-layer-fixed-10s.jsonl,rust_layer,bottomleftfill,MPV-GEN-T6-N60-R02,6,60,2,10.0,VALID_COMPLETE,True,1,,,COMPLETED,0.011139635927975178
B05-MPV-GEN-rust-layer-fixed-10s.jsonl,rust_layer,bottomleftfill,MPV-GEN-T6-N60-R03,6,60,3,10.0,VALID_COMPLETE,True,1,,,COMPLETED,0.007110515143722296
B05-MPV-GEN-rust-layer-fixed-10s.jsonl,rust_layer,bottomleftfill,MPV-GEN-T6-N60-R04,6,60,4,10.0,VALID_COMPLETE,True,1,,,COMPLETED,0.01183457113802433
B05-MPV-GEN-rust-layer-fixed-10s.jsonl,rust_layer,bottomleftfill,MPV-GEN-T6-N60-R05,6,60,5,10.0,VALID_COMPLETE,True,1,,,COMPLETED,0.02232530014589429
B05-MPV-GEN-rust-layer-fixed-10s.jsonl,rust_layer,bottomleftfill,MPV-GEN-T6-N60-R06,6,60,6,10.0,VALID_COMPLETE,True,1,,,COMPLETED,0.022429437842220068
B05-MPV-GEN-rust-layer-fixed-10s.jsonl,rust_layer,bottomleftfill,MPV-GEN-T6-N60-R07,6,60,7,10.0,VALID_COMPLETE,True,1,,,COMPLETED,0.010360616957768798
B05-MPV-GEN-rust-layer-fixed-10s.jsonl,rust_layer,bottomleftfill,MPV-GEN-T6-N60-R08,6,60,8,10.0,VALID_COMPLETE,True,1,,,COMPLETED,0.017351574962958694
B05-MPV-GEN-rust-layer-fixed-10s.jsonl,rust_layer,bottomleftfill,MPV-GEN-T6-N60-R09,6,60,9,10.0,VALID_COMPLETE,True,1,,,COMPLETED,0.007120331982150674
B05-MPV-GEN-rust-layer-fixed-10s.jsonl,rust_layer,bottomleftfill,MPV-GEN-T6-N60-R10,6,60,10,10.0,VALID_COMPLETE,True,1,,,COMPLETED,0.018507221015170217
B05-MPV-GEN-rust-layer-fixed-10s.jsonl,rust_layer,bottomleftfill,MPV-GEN-T6-N90-R01,6,90,1,10.0,VALID_COMPLETE,True,1,,,COMPLETED,0.0294713678304106
B05-MPV-GEN-rust-layer-fixed-10s.jsonl,rust_layer,bottomleftfill,MPV-GEN-T6-N90-R02,6,90,2,10.0,VALID_COMPLETE,True,1,,,COMPLETED,0.018166312016546726
B05-MPV-GEN-rust-layer-fixed-10s.jsonl,rust_layer,bottomleftfill,MPV-GEN-T6-N90-R03,6,90,3,10.0,VALID_COMPLETE,True,1,,,COMPLETED,0.03225165908224881
B05-MPV-GEN-rust-layer-fixed-10s.jsonl,rust_layer,bottomleftfill,MPV-GEN-T6-N90-R04,6,90,4,10.0,VALID_COMPLETE,True,1,,,COMPLETED,0.010886009782552719
B05-MPV-GEN-rust-layer-fixed-10s.jsonl,rust_layer,bottomleftfill,MPV-GEN-T6-N90-R05,6,90,5,10.0,VALID_COMPLETE,True,1,,,COMPLETED,0.0184561749920249
B05-MPV-GEN-rust-layer-fixed-10s.jsonl,rust_layer,bottomleftfill,MPV-GEN-T6-N90-R06,6,90,6,10.0,VALID_COMPLETE,True,1,,,COMPLETED,0.017860512947663665
B05-MPV-GEN-rust-layer-fixed-10s.jsonl,rust_layer,bottomleftfill,MPV-GEN-T6-N90-R07,6,90,7,10.0,VALID_COMPLETE,True,1,,,COMPLETED,0.016237047035247087
B05-MPV-GEN-rust-layer-fixed-10s.jsonl,rust_layer,bottomleftfill,MPV-GEN-T6-N90-R08,6,90,8,10.0,VALID_COMPLETE,True,1,,,COMPLETED,0.02727362490259111
B05-MPV-GEN-rust-layer-fixed-10s.jsonl,rust_layer,bottomleftfill,MPV-GEN-T6-N90-R09,6,90,9,10.0,VALID_COMPLETE,True,1,,,COMPLETED,0.03252708399668336
B05-MPV-GEN-rust-layer-fixed-10s.jsonl,rust_layer,bottomleftfill,MPV-GEN-T6-N90-R10,6,90,10,10.0,VALID_COMPLETE,True,1,,,COMPLETED,0.0053237550891935825
B05-MPV-GEN-rust-layer-fixed-10s.jsonl,rust_layer,bottomleftfill,MPV-GEN-T7-N30-R01,7,30,1,10.0,VALID_COMPLETE,True,1,,,COMPLETED,0.01312112296000123
B05-MPV-GEN-rust-layer-fixed-10s.jsonl,rust_layer,bottomleftfill,MPV-GEN-T7-N30-R02,7,30,2,10.0,VALID_COMPLETE,True,1,,,COMPLETED,0.009820248000323772
B05-MPV-GEN-rust-layer-fixed-10s.jsonl,rust_layer,bottomleftfill,MPV-GEN-T7-N30-R03,7,30,3,10.0,VALID_COMPLETE,True,1,,,COMPLETED,0.030883006984367967
B05-MPV-GEN-rust-layer-fixed-10s.jsonl,rust_layer,bottomleftfill,MPV-GEN-T7-N30-R04,7,30,4,10.0,VALID_COMPLETE,True,1,,,COMPLETED,0.028668036917224526
B05-MPV-GEN-rust-layer-fixed-10s.jsonl,rust_layer,bottomleftfill,MPV-GEN-T7-N30-R05,7,30,5,10.0,VALID_COMPLETE,True,1,,,COMPLETED,0.010708507150411606
B05-MPV-GEN-rust-layer-fixed-10s.jsonl,rust_layer,bottomleftfill,MPV-GEN-T7-N30-R06,7,30,6,10.0,VALID_COMPLETE,True,1,,,COMPLETED,0.017737068003043532
B05-MPV-GEN-rust-layer-fixed-10s.jsonl,rust_layer,bottomleftfill,MPV-GEN-T7-N30-R07,7,30,7,10.0,VALID_COMPLETE,True,1,,,COMPLETED,0.008418163983151317
B05-MPV-GEN-rust-layer-fixed-10s.jsonl,rust_layer,bottomleftfill,MPV-GEN-T7-N30-R08,7,30,8,10.0,VALID_COMPLETE,True,1,,,COMPLETED,0.010254360968247056
B05-MPV-GEN-rust-layer-fixed-10s.jsonl,rust_layer,bottomleftfill,MPV-GEN-T7-N30-R09,7,30,9,10.0,VALID_COMPLETE,True,1,,,COMPLETED,0.00625004805624485
B05-MPV-GEN-rust-layer-fixed-10s.jsonl,rust_layer,bottomleftfill,MPV-GEN-T7-N30-R10,7,30,10,10.0,VALID_COMPLETE,True,1,,,COMPLETED,0.008159852121025324
B05-MPV-GEN-rust-layer-fixed-10s.jsonl,rust_layer,bottomleftfill,MPV-GEN-T7-N60-R01,7,60,1,10.0,VALID_COMPLETE,True,2,,,COMPLETED,0.016545900143682957
B05-MPV-GEN-rust-layer-fixed-10s.jsonl,rust_layer,bottomleftfill,MPV-GEN-T7-N60-R02,7,60,2,10.0,VALID_COMPLETE,True,2,,,COMPLETED,0.012848485028371215
B05-MPV-GEN-rust-layer-fixed-10s.jsonl,rust_layer,bottomleftfill,MPV-GEN-T7-N60-R03,7,60,3,10.0,VALID_COMPLETE,True,2,,,COMPLETED,0.010579786030575633
B05-MPV-GEN-rust-layer-fixed-10s.jsonl,rust_layer,bottomleftfill,MPV-GEN-T7-N60-R04,7,60,4,10.0,VALID_COMPLETE,True,2,,,COMPLETED,0.023643424967303872
B05-MPV-GEN-rust-layer-fixed-10s.jsonl,rust_layer,bottomleftfill,MPV-GEN-T7-N60-R05,7,60,5,10.0,VALID_COMPLETE,True,2,,,COMPLETED,0.018184385960921645
B05-MPV-GEN-rust-layer-fixed-10s.jsonl,rust_layer,bottomleftfill,MPV-GEN-T7-N60-R06,7,60,6,10.0,VALID_COMPLETE,True,2,,,COMPLETED,0.0191043249797076
B05-MPV-GEN-rust-layer-fixed-10s.jsonl,rust_layer,bottomleftfill,MPV-GEN-T7-N60-R07,7,60,7,10.0,VALID_COMPLETE,True,2,,,COMPLETED,0.015925975050777197
B05-MPV-GEN-rust-layer-fixed-10s.jsonl,rust_layer,bottomleftfill,MPV-GEN-T7-N60-R08,7,60,8,10.0,VALID_COMPLETE,True,2,,,COMPLETED,0.0073326039128005505
B05-MPV-GEN-rust-layer-fixed-10s.jsonl,rust_layer,bottomleftfill,MPV-GEN-T7-N60-R09,7,60,9,10.0,VALID_COMPLETE,True,2,,,COMPLETED,0.025705164996907115
B05-MPV-GEN-rust-layer-fixed-10s.jsonl,rust_layer,bottomleftfill,MPV-GEN-T7-N60-R10,7,60,10,10.0,VALID_COMPLETE,True,2,,,COMPLETED,0.015408104984089732
B05-MPV-GEN-rust-layer-fixed-10s.jsonl,rust_layer,bottomleftfill,MPV-GEN-T7-N90-R01,7,90,1,10.0,VALID_COMPLETE,True,2,,,COMPLETED,0.017679665004834533
B05-MPV-GEN-rust-layer-fixed-10s.jsonl,rust_layer,bottomleftfill,MPV-GEN-T7-N90-R02,7,90,2,10.0,VALID_COMPLETE,True,2,,,COMPLETED,0.023726498009636998
B05-MPV-GEN-rust-layer-fixed-10s.jsonl,rust_layer,bottomleftfill,MPV-GEN-T7-N90-R03,7,90,3,10.0,VALID_COMPLETE,True,3,,,COMPLETED,0.022850237088277936
B05-MPV-GEN-rust-layer-fixed-10s.jsonl,rust_layer,bottomleftfill,MPV-GEN-T7-N90-R04,7,90,4,10.0,VALID_COMPLETE,True,2,,,COMPLETED,0.02700296207331121
B05-MPV-GEN-rust-layer-fixed-10s.jsonl,rust_layer,bottomleftfill,MPV-GEN-T7-N90-R05,7,90,5,10.0,VALID_COMPLETE,True,3,,,COMPLETED,0.024311553919687867
B05-MPV-GEN-rust-layer-fixed-10s.jsonl,rust_layer,bottomleftfill,MPV-GEN-T7-N90-R06,7,90,6,10.0,VALID_COMPLETE,True,2,,,COMPLETED,0.03081279806792736
B05-MPV-GEN-rust-layer-fixed-10s.jsonl,rust_layer,bottomleftfill,MPV-GEN-T7-N90-R07,7,90,7,10.0,VALID_COMPLETE,True,2,,,COMPLETED,0.019678134936839342
B05-MPV-GEN-rust-layer-fixed-10s.jsonl,rust_layer,bottomleftfill,MPV-GEN-T7-N90-R08,7,90,8,10.0,VALID_COMPLETE,True,3,,,COMPLETED,0.016634470084682107
B05-MPV-GEN-rust-layer-fixed-10s.jsonl,rust_layer,bottomleftfill,MPV-GEN-T7-N90-R09,7,90,9,10.0,VALID_COMPLETE,True,2,,,COMPLETED,0.016153583070263267
B05-MPV-GEN-rust-layer-fixed-10s.jsonl,rust_layer,bottomleftfill,MPV-GEN-T7-N90-R10,7,90,10,10.0,VALID_COMPLETE,True,2,,,COMPLETED,0.030962364049628377
B05-MPV-GEN-rust-layer-fixed-10s.jsonl,rust_layer,bottomleftfill,MPV-GEN-T8-N30-R01,8,30,1,10.0,VALID_COMPLETE,True,8,,,COMPLETED,0.01696590008214116
B05-MPV-GEN-rust-layer-fixed-10s.jsonl,rust_layer,bottomleftfill,MPV-GEN-T8-N30-R02,8,30,2,10.0,VALID_COMPLETE,True,8,,,COMPLETED,0.02006035391241312
B05-MPV-GEN-rust-layer-fixed-10s.jsonl,rust_layer,bottomleftfill,MPV-GEN-T8-N30-R03,8,30,3,10.0,VALID_COMPLETE,True,9,,,COMPLETED,0.016739513957872987
B05-MPV-GEN-rust-layer-fixed-10s.jsonl,rust_layer,bottomleftfill,MPV-GEN-T8-N30-R04,8,30,4,10.0,VALID_COMPLETE,True,7,,,COMPLETED,0.008508377941325307
B05-MPV-GEN-rust-layer-fixed-10s.jsonl,rust_layer,bottomleftfill,MPV-GEN-T8-N30-R05,8,30,5,10.0,VALID_COMPLETE,True,9,,,COMPLETED,0.006954926066100597
B05-MPV-GEN-rust-layer-fixed-10s.jsonl,rust_layer,bottomleftfill,MPV-GEN-T8-N30-R06,8,30,6,10.0,VALID_COMPLETE,True,8,,,COMPLETED,0.013937938958406448
B05-MPV-GEN-rust-layer-fixed-10s.jsonl,rust_layer,bottomleftfill,MPV-GEN-T8-N30-R07,8,30,7,10.0,VALID_COMPLETE,True,8,,,COMPLETED,0.009454090846702456
B05-MPV-GEN-rust-layer-fixed-10s.jsonl,rust_layer,bottomleftfill,MPV-GEN-T8-N30-R08,8,30,8,10.0,VALID_COMPLETE,True,8,,,COMPLETED,0.007056785048916936
B05-MPV-GEN-rust-layer-fixed-10s.jsonl,rust_layer,bottomleftfill,MPV-GEN-T8-N30-R09,8,30,9,10.0,VALID_COMPLETE,True,11,,,COMPLETED,0.00750313512980938
B05-MPV-GEN-rust-layer-fixed-10s.jsonl,rust_layer,bottomleftfill,MPV-GEN-T8-N30-R10,8,30,10,10.0,VALID_COMPLETE,True,9,,,COMPLETED,0.013496451079845428
B05-MPV-GEN-rust-layer-fixed-10s.jsonl,rust_layer,bottomleftfill,MPV-GEN-T8-N60-R01,8,60,1,10.0,VALID_COMPLETE,True,18,,,COMPLETED,0.014060832094401121
B05-MPV-GEN-rust-layer-fixed-10s.jsonl,rust_layer,bottomleftfill,MPV-GEN-T8-N60-R02,8,60,2,10.0,VALID_COMPLETE,True,17,,,COMPLETED,0.013780253939330578
B05-MPV-GEN-rust-layer-fixed-10s.jsonl,rust_layer,bottomleftfill,MPV-GEN-T8-N60-R03,8,60,3,10.0,VALID_COMPLETE,True,16,,,COMPLETED,0.016330874990671873
B05-MPV-GEN-rust-layer-fixed-10s.jsonl,rust_layer,bottomleftfill,MPV-GEN-T8-N60-R04,8,60,4,10.0,VALID_COMPLETE,True,14,,,COMPLETED,0.01173713686875999
B05-MPV-GEN-rust-layer-fixed-10s.jsonl,rust_layer,bottomleftfill,MPV-GEN-T8-N60-R05,8,60,5,10.0,VALID_COMPLETE,True,17,,,COMPLETED,0.011311862152069807
B05-MPV-GEN-rust-layer-fixed-10s.jsonl,rust_layer,bottomleftfill,MPV-GEN-T8-N60-R06,8,60,6,10.0,VALID_COMPLETE,True,15,,,COMPLETED,0.01720431400462985
B05-MPV-GEN-rust-layer-fixed-10s.jsonl,rust_layer,bottomleftfill,MPV-GEN-T8-N60-R07,8,60,7,10.0,VALID_COMPLETE,True,15,,,COMPLETED,0.02731718891300261
B05-MPV-GEN-rust-layer-fixed-10s.jsonl,rust_layer,bottomleftfill,MPV-GEN-T8-N60-R08,8,60,8,10.0,VALID_COMPLETE,True,14,,,COMPLETED,0.016961521934717894
B05-MPV-GEN-rust-layer-fixed-10s.jsonl,rust_layer,bottomleftfill,MPV-GEN-T8-N60-R09,8,60,9,10.0,VALID_COMPLETE,True,15,,,COMPLETED,0.016421752981841564
B05-MPV-GEN-rust-layer-fixed-10s.jsonl,rust_layer,bottomleftfill,MPV-GEN-T8-N60-R10,8,60,10,10.0,VALID_COMPLETE,True,16,,,COMPLETED,0.013833249919116497
B05-MPV-GEN-rust-layer-fixed-10s.jsonl,rust_layer,bottomleftfill,MPV-GEN-T8-N90-R01,8,90,1,10.0,VALID_COMPLETE,True,18,,,COMPLETED,0.013987672049552202
B05-MPV-GEN-rust-layer-fixed-10s.jsonl,rust_layer,bottomleftfill,MPV-GEN-T8-N90-R02,8,90,2,10.0,VALID_COMPLETE,True,18,,,COMPLETED,0.019939115969464183
B05-MPV-GEN-rust-layer-fixed-10s.jsonl,rust_layer,bottomleftfill,MPV-GEN-T8-N90-R03,8,90,3,10.0,VALID_COMPLETE,True,26,,,COMPLETED,0.0313333400990814
B05-MPV-GEN-rust-layer-fixed-10s.jsonl,rust_layer,bottomleftfill,MPV-GEN-T8-N90-R04,8,90,4,10.0,VALID_COMPLETE,True,22,,,COMPLETED,0.012624927097931504
B05-MPV-GEN-rust-layer-fixed-10s.jsonl,rust_layer,bottomleftfill,MPV-GEN-T8-N90-R05,8,90,5,10.0,VALID_COMPLETE,True,22,,,COMPLETED,0.020091787911951542
B05-MPV-GEN-rust-layer-fixed-10s.jsonl,rust_layer,bottomleftfill,MPV-GEN-T8-N90-R06,8,90,6,10.0,VALID_COMPLETE,True,23,,,COMPLETED,0.016714218072593212
B05-MPV-GEN-rust-layer-fixed-10s.jsonl,rust_layer,bottomleftfill,MPV-GEN-T8-N90-R07,8,90,7,10.0,VALID_COMPLETE,True,21,,,COMPLETED,0.017040468053892255
B05-MPV-GEN-rust-layer-fixed-10s.jsonl,rust_layer,bottomleftfill,MPV-GEN-T8-N90-R08,8,90,8,10.0,VALID_COMPLETE,True,20,,,COMPLETED,0.0159925757907331
B05-MPV-GEN-rust-layer-fixed-10s.jsonl,rust_layer,bottomleftfill,MPV-GEN-T8-N90-R09,8,90,9,10.0,VALID_COMPLETE,True,24,,,COMPLETED,0.014582513133063912
B05-MPV-GEN-rust-layer-fixed-10s.jsonl,rust_layer,bottomleftfill,MPV-GEN-T8-N90-R10,8,90,10,10.0,VALID_COMPLETE,True,23,,,COMPLETED,0.013719303999096155
B05-MPV-GEN-rust-layer-fixed-10s.jsonl,rust_layer,bottomleftfill,MPV-GEN-T9-N30-R01,9,30,1,10.0,VALID_COMPLETE,True,6,,,COMPLETED,0.022334389155730605
B05-MPV-GEN-rust-layer-fixed-10s.jsonl,rust_layer,bottomleftfill,MPV-GEN-T9-N30-R02,9,30,2,10.0,VALID_COMPLETE,True,6,,,COMPLETED,0.017184335039928555
B05-MPV-GEN-rust-layer-fixed-10s.jsonl,rust_layer,bottomleftfill,MPV-GEN-T9-N30-R03,9,30,3,10.0,VALID_COMPLETE,True,5,,,COMPLETED,0.010582185117527843
B05-MPV-GEN-rust-layer-fixed-10s.jsonl,rust_layer,bottomleftfill,MPV-GEN-T9-N30-R04,9,30,4,10.0,VALID_COMPLETE,True,5,,,COMPLETED,0.009551937924697995
B05-MPV-GEN-rust-layer-fixed-10s.jsonl,rust_layer,bottomleftfill,MPV-GEN-T9-N30-R05,9,30,5,10.0,VALID_COMPLETE,True,6,,,COMPLETED,0.013361928053200245
B05-MPV-GEN-rust-layer-fixed-10s.jsonl,rust_layer,bottomleftfill,MPV-GEN-T9-N30-R06,9,30,6,10.0,VALID_COMPLETE,True,6,,,COMPLETED,0.018041403032839298
B05-MPV-GEN-rust-layer-fixed-10s.jsonl,rust_layer,bottomleftfill,MPV-GEN-T9-N30-R07,9,30,7,10.0,VALID_COMPLETE,True,6,,,COMPLETED,0.01071165595203638
B05-MPV-GEN-rust-layer-fixed-10s.jsonl,rust_layer,bottomleftfill,MPV-GEN-T9-N30-R08,9,30,8,10.0,VALID_COMPLETE,True,6,,,COMPLETED,0.007478927029296756
B05-MPV-GEN-rust-layer-fixed-10s.jsonl,rust_layer,bottomleftfill,MPV-GEN-T9-N30-R09,9,30,9,10.0,VALID_COMPLETE,True,7,,,COMPLETED,0.011537594953551888
B05-MPV-GEN-rust-layer-fixed-10s.jsonl,rust_layer,bottomleftfill,MPV-GEN-T9-N30-R10,9,30,10,10.0,VALID_COMPLETE,True,6,,,COMPLETED,0.009165802039206028
B05-MPV-GEN-rust-layer-fixed-10s.jsonl,rust_layer,bottomleftfill,MPV-GEN-T9-N60-R01,9,60,1,10.0,VALID_COMPLETE,True,6,,,COMPLETED,0.019260179018601775
B05-MPV-GEN-rust-layer-fixed-10s.jsonl,rust_layer,bottomleftfill,MPV-GEN-T9-N60-R02,9,60,2,10.0,VALID_COMPLETE,True,8,,,COMPLETED,0.014288360951468349
B05-MPV-GEN-rust-layer-fixed-10s.jsonl,rust_layer,bottomleftfill,MPV-GEN-T9-N60-R03,9,60,3,10.0,VALID_COMPLETE,True,6,,,COMPLETED,0.007598644122481346
B05-MPV-GEN-rust-layer-fixed-10s.jsonl,rust_layer,bottomleftfill,MPV-GEN-T9-N60-R04,9,60,4,10.0,VALID_COMPLETE,True,7,,,COMPLETED,0.012323656119406223
B05-MPV-GEN-rust-layer-fixed-10s.jsonl,rust_layer,bottomleftfill,MPV-GEN-T9-N60-R05,9,60,5,10.0,VALID_COMPLETE,True,7,,,COMPLETED,0.01696718903258443
B05-MPV-GEN-rust-layer-fixed-10s.jsonl,rust_layer,bottomleftfill,MPV-GEN-T9-N60-R06,9,60,6,10.0,VALID_COMPLETE,True,8,,,COMPLETED,0.01355445384979248
B05-MPV-GEN-rust-layer-fixed-10s.jsonl,rust_layer,bottomleftfill,MPV-GEN-T9-N60-R07,9,60,7,10.0,VALID_COMPLETE,True,6,,,COMPLETED,0.016127474140375853
B05-MPV-GEN-rust-layer-fixed-10s.jsonl,rust_layer,bottomleftfill,MPV-GEN-T9-N60-R08,9,60,8,10.0,VALID_COMPLETE,True,6,,,COMPLETED,0.019141569966450334
B05-MPV-GEN-rust-layer-fixed-10s.jsonl,rust_layer,bottomleftfill,MPV-GEN-T9-N60-R09,9,60,9,10.0,VALID_COMPLETE,True,7,,,COMPLETED,0.024245182052254677
B05-MPV-GEN-rust-layer-fixed-10s.jsonl,rust_layer,bottomleftfill,MPV-GEN-T9-N60-R10,9,60,10,10.0,VALID_COMPLETE,True,7,,,COMPLETED,0.03044693893752992
B05-MPV-GEN-rust-layer-fixed-10s.jsonl,rust_layer,bottomleftfill,MPV-GEN-T9-N90-R01,9,90,1,10.0,VALID_COMPLETE,True,9,,,COMPLETED,0.012647364055737853
B05-MPV-GEN-rust-layer-fixed-10s.jsonl,rust_layer,bottomleftfill,MPV-GEN-T9-N90-R02,9,90,2,10.0,VALID_COMPLETE,True,7,,,COMPLETED,0.015227581141516566
B05-MPV-GEN-rust-layer-fixed-10s.jsonl,rust_layer,bottomleftfill,MPV-GEN-T9-N90-R03,9,90,3,10.0,VALID_COMPLETE,True,8,,,COMPLETED,0.023619425017386675
B05-MPV-GEN-rust-layer-fixed-10s.jsonl,rust_layer,bottomleftfill,MPV-GEN-T9-N90-R04,9,90,4,10.0,VALID_COMPLETE,True,7,,,COMPLETED,0.018367483979091048
B05-MPV-GEN-rust-layer-fixed-10s.jsonl,rust_layer,bottomleftfill,MPV-GEN-T9-N90-R05,9,90,5,10.0,VALID_COMPLETE,True,7,,,COMPLETED,0.025783227989450097
B05-MPV-GEN-rust-layer-fixed-10s.jsonl,rust_layer,bottomleftfill,MPV-GEN-T9-N90-R06,9,90,6,10.0,VALID_COMPLETE,True,7,,,COMPLETED,0.015054911142215133
B05-MPV-GEN-rust-layer-fixed-10s.jsonl,rust_layer,bottomleftfill,MPV-GEN-T9-N90-R07,9,90,7,10.0,VALID_COMPLETE,True,8,,,COMPLETED,0.0165264829993248
B05-MPV-GEN-rust-layer-fixed-10s.jsonl,rust_layer,bottomleftfill,MPV-GEN-T9-N90-R08,9,90,8,10.0,VALID_COMPLETE,True,8,,,COMPLETED,0.01890145894140005
B05-MPV-GEN-rust-layer-fixed-10s.jsonl,rust_layer,bottomleftfill,MPV-GEN-T9-N90-R09,9,90,9,10.0,VALID_COMPLETE,True,8,,,COMPLETED,0.01619935082271695
B05-MPV-GEN-rust-layer-fixed-10s.jsonl,rust_layer,bottomleftfill,MPV-GEN-T9-N90-R10,9,90,10,10.0,VALID_COMPLETE,True,7,,,COMPLETED,0.015840211883187294
B05-MPV-GEN-rust-layer-fixed-1s.jsonl,rust_layer,bottomleftfill,MPV-GEN-T1-N30-R01,1,30,1,1.0,VALID_COMPLETE,True,11,,,COMPLETED,0.00847488990984857
B05-MPV-GEN-rust-layer-fixed-1s.jsonl,rust_layer,bottomleftfill,MPV-GEN-T1-N30-R02,1,30,2,1.0,VALID_COMPLETE,True,13,,,COMPLETED,0.008655898971483111
B05-MPV-GEN-rust-layer-fixed-1s.jsonl,rust_layer,bottomleftfill,MPV-GEN-T1-N30-R03,1,30,3,1.0,VALID_COMPLETE,True,9,,,COMPLETED,0.007942815078422427
B05-MPV-GEN-rust-layer-fixed-1s.jsonl,rust_layer,bottomleftfill,MPV-GEN-T1-N30-R04,1,30,4,1.0,VALID_COMPLETE,True,8,,,COMPLETED,0.008818523027002811
B05-MPV-GEN-rust-layer-fixed-1s.jsonl,rust_layer,bottomleftfill,MPV-GEN-T1-N30-R05,1,30,5,1.0,VALID_COMPLETE,True,11,,,COMPLETED,0.006685063010081649
B05-MPV-GEN-rust-layer-fixed-1s.jsonl,rust_layer,bottomleftfill,MPV-GEN-T1-N30-R06,1,30,6,1.0,VALID_COMPLETE,True,10,,,COMPLETED,0.013338642194867134
B05-MPV-GEN-rust-layer-fixed-1s.jsonl,rust_layer,bottomleftfill,MPV-GEN-T1-N30-R07,1,30,7,1.0,VALID_COMPLETE,True,9,,,COMPLETED,0.011647499166429043
B05-MPV-GEN-rust-layer-fixed-1s.jsonl,rust_layer,bottomleftfill,MPV-GEN-T1-N30-R08,1,30,8,1.0,VALID_COMPLETE,True,10,,,COMPLETED,0.008281985996291041
B05-MPV-GEN-rust-layer-fixed-1s.jsonl,rust_layer,bottomleftfill,MPV-GEN-T1-N30-R09,1,30,9,1.0,VALID_COMPLETE,True,11,,,COMPLETED,0.010816433001309633
B05-MPV-GEN-rust-layer-fixed-1s.jsonl,rust_layer,bottomleftfill,MPV-GEN-T1-N30-R10,1,30,10,1.0,VALID_COMPLETE,True,9,,,COMPLETED,0.006786738988012075
B05-MPV-GEN-rust-layer-fixed-1s.jsonl,rust_layer,bottomleftfill,MPV-GEN-T1-N60-R01,1,60,1,1.0,VALID_COMPLETE,True,17,,,COMPLETED,0.008862739894539118
B05-MPV-GEN-rust-layer-fixed-1s.jsonl,rust_layer,bottomleftfill,MPV-GEN-T1-N60-R02,1,60,2,1.0,VALID_COMPLETE,True,17,,,COMPLETED,0.008231620071455836
B05-MPV-GEN-rust-layer-fixed-1s.jsonl,rust_layer,bottomleftfill,MPV-GEN-T1-N60-R03,1,60,3,1.0,VALID_COMPLETE,True,19,,,COMPLETED,0.007475867867469788
B05-MPV-GEN-rust-layer-fixed-1s.jsonl,rust_layer,bottomleftfill,MPV-GEN-T1-N60-R04,1,60,4,1.0,VALID_COMPLETE,True,17,,,COMPLETED,0.019919238053262234
B05-MPV-GEN-rust-layer-fixed-1s.jsonl,rust_layer,bottomleftfill,MPV-GEN-T1-N60-R05,1,60,5,1.0,VALID_COMPLETE,True,21,,,COMPLETED,0.0078065290581434965
B05-MPV-GEN-rust-layer-fixed-1s.jsonl,rust_layer,bottomleftfill,MPV-GEN-T1-N60-R06,1,60,6,1.0,VALID_COMPLETE,True,18,,,COMPLETED,0.011338054900988936
B05-MPV-GEN-rust-layer-fixed-1s.jsonl,rust_layer,bottomleftfill,MPV-GEN-T1-N60-R07,1,60,7,1.0,VALID_COMPLETE,True,19,,,COMPLETED,0.013081643963232636
B05-MPV-GEN-rust-layer-fixed-1s.jsonl,rust_layer,bottomleftfill,MPV-GEN-T1-N60-R08,1,60,8,1.0,VALID_COMPLETE,True,21,,,COMPLETED,0.011142156086862087
B05-MPV-GEN-rust-layer-fixed-1s.jsonl,rust_layer,bottomleftfill,MPV-GEN-T1-N60-R09,1,60,9,1.0,VALID_COMPLETE,True,18,,,COMPLETED,0.014251708984375
B05-MPV-GEN-rust-layer-fixed-1s.jsonl,rust_layer,bottomleftfill,MPV-GEN-T1-N60-R10,1,60,10,1.0,VALID_COMPLETE,True,18,,,COMPLETED,0.016148430993780494
B05-MPV-GEN-rust-layer-fixed-1s.jsonl,rust_layer,bottomleftfill,MPV-GEN-T1-N90-R01,1,90,1,1.0,VALID_COMPLETE,True,31,,,COMPLETED,0.019688110798597336
B05-MPV-GEN-rust-layer-fixed-1s.jsonl,rust_layer,bottomleftfill,MPV-GEN-T1-N90-R02,1,90,2,1.0,VALID_COMPLETE,True,27,,,COMPLETED,0.023265381110832095
B05-MPV-GEN-rust-layer-fixed-1s.jsonl,rust_layer,bottomleftfill,MPV-GEN-T1-N90-R03,1,90,3,1.0,VALID_COMPLETE,True,28,,,COMPLETED,0.020452019991353154
B05-MPV-GEN-rust-layer-fixed-1s.jsonl,rust_layer,bottomleftfill,MPV-GEN-T1-N90-R04,1,90,4,1.0,VALID_COMPLETE,True,25,,,COMPLETED,0.016054648905992508
B05-MPV-GEN-rust-layer-fixed-1s.jsonl,rust_layer,bottomleftfill,MPV-GEN-T1-N90-R05,1,90,5,1.0,VALID_COMPLETE,True,32,,,COMPLETED,0.029163572937250137
B05-MPV-GEN-rust-layer-fixed-1s.jsonl,rust_layer,bottomleftfill,MPV-GEN-T1-N90-R06,1,90,6,1.0,VALID_COMPLETE,True,30,,,COMPLETED,0.018514301860705018
B05-MPV-GEN-rust-layer-fixed-1s.jsonl,rust_layer,bottomleftfill,MPV-GEN-T1-N90-R07,1,90,7,1.0,VALID_COMPLETE,True,26,,,COMPLETED,0.027681228006258607
B05-MPV-GEN-rust-layer-fixed-1s.jsonl,rust_layer,bottomleftfill,MPV-GEN-T1-N90-R08,1,90,8,1.0,VALID_COMPLETE,True,29,,,COMPLETED,0.014916701009497046
B05-MPV-GEN-rust-layer-fixed-1s.jsonl,rust_layer,bottomleftfill,MPV-GEN-T1-N90-R09,1,90,9,1.0,VALID_COMPLETE,True,30,,,COMPLETED,0.017383435973897576
B05-MPV-GEN-rust-layer-fixed-1s.jsonl,rust_layer,bottomleftfill,MPV-GEN-T1-N90-R10,1,90,10,1.0,VALID_COMPLETE,True,29,,,COMPLETED,0.013508212985470891
B05-MPV-GEN-rust-layer-fixed-1s.jsonl,rust_layer,bottomleftfill,MPV-GEN-T6-N30-R01,6,30,1,1.0,VALID_COMPLETE,True,1,,,COMPLETED,0.010576640954241157
B05-MPV-GEN-rust-layer-fixed-1s.jsonl,rust_layer,bottomleftfill,MPV-GEN-T6-N30-R02,6,30,2,1.0,VALID_COMPLETE,True,1,,,COMPLETED,0.007712017046287656
B05-MPV-GEN-rust-layer-fixed-1s.jsonl,rust_layer,bottomleftfill,MPV-GEN-T6-N30-R03,6,30,3,1.0,VALID_COMPLETE,True,1,,,COMPLETED,0.011590700130909681
B05-MPV-GEN-rust-layer-fixed-1s.jsonl,rust_layer,bottomleftfill,MPV-GEN-T6-N30-R04,6,30,4,1.0,VALID_COMPLETE,True,1,,,COMPLETED,0.009063255973160267
B05-MPV-GEN-rust-layer-fixed-1s.jsonl,rust_layer,bottomleftfill,MPV-GEN-T6-N30-R05,6,30,5,1.0,VALID_COMPLETE,True,1,,,COMPLETED,0.010537720983847976
B05-MPV-GEN-rust-layer-fixed-1s.jsonl,rust_layer,bottomleftfill,MPV-GEN-T6-N30-R06,6,30,6,1.0,VALID_COMPLETE,True,1,,,COMPLETED,0.016271060798317194
B05-MPV-GEN-rust-layer-fixed-1s.jsonl,rust_layer,bottomleftfill,MPV-GEN-T6-N30-R07,6,30,7,1.0,VALID_COMPLETE,True,1,,,COMPLETED,0.012013189028948545
B05-MPV-GEN-rust-layer-fixed-1s.jsonl,rust_layer,bottomleftfill,MPV-GEN-T6-N30-R08,6,30,8,1.0,VALID_COMPLETE,True,1,,,COMPLETED,0.010298047913238406
B05-MPV-GEN-rust-layer-fixed-1s.jsonl,rust_layer,bottomleftfill,MPV-GEN-T6-N30-R09,6,30,9,1.0,VALID_COMPLETE,True,1,,,COMPLETED,0.01524609001353383
B05-MPV-GEN-rust-layer-fixed-1s.jsonl,rust_layer,bottomleftfill,MPV-GEN-T6-N30-R10,6,30,10,1.0,VALID_COMPLETE,True,1,,,COMPLETED,0.013342849910259247
B05-MPV-GEN-rust-layer-fixed-1s.jsonl,rust_layer,bottomleftfill,MPV-GEN-T6-N60-R01,6,60,1,1.0,VALID_COMPLETE,True,1,,,COMPLETED,0.0067423610016703606
B05-MPV-GEN-rust-layer-fixed-1s.jsonl,rust_layer,bottomleftfill,MPV-GEN-T6-N60-R02,6,60,2,1.0,VALID_COMPLETE,True,1,,,COMPLETED,0.016168582951650023
B05-MPV-GEN-rust-layer-fixed-1s.jsonl,rust_layer,bottomleftfill,MPV-GEN-T6-N60-R03,6,60,3,1.0,VALID_COMPLETE,True,1,,,COMPLETED,0.012912465026602149
B05-MPV-GEN-rust-layer-fixed-1s.jsonl,rust_layer,bottomleftfill,MPV-GEN-T6-N60-R04,6,60,4,1.0,VALID_COMPLETE,True,1,,,COMPLETED,0.009116671048104763
B05-MPV-GEN-rust-layer-fixed-1s.jsonl,rust_layer,bottomleftfill,MPV-GEN-T6-N60-R05,6,60,5,1.0,VALID_COMPLETE,True,1,,,COMPLETED,0.022260649129748344
B05-MPV-GEN-rust-layer-fixed-1s.jsonl,rust_layer,bottomleftfill,MPV-GEN-T6-N60-R06,6,60,6,1.0,VALID_COMPLETE,True,1,,,COMPLETED,0.02157428697682917
B05-MPV-GEN-rust-layer-fixed-1s.jsonl,rust_layer,bottomleftfill,MPV-GEN-T6-N60-R07,6,60,7,1.0,VALID_COMPLETE,True,1,,,COMPLETED,0.01926789083518088
B05-MPV-GEN-rust-layer-fixed-1s.jsonl,rust_layer,bottomleftfill,MPV-GEN-T6-N60-R08,6,60,8,1.0,VALID_COMPLETE,True,1,,,COMPLETED,0.014620172092691064
B05-MPV-GEN-rust-layer-fixed-1s.jsonl,rust_layer,bottomleftfill,MPV-GEN-T6-N60-R09,6,60,9,1.0,VALID_COMPLETE,True,1,,,COMPLETED,0.012353436788544059
B05-MPV-GEN-rust-layer-fixed-1s.jsonl,rust_layer,bottomleftfill,MPV-GEN-T6-N60-R10,6,60,10,1.0,VALID_COMPLETE,True,1,,,COMPLETED,0.017118929186835885
B05-MPV-GEN-rust-layer-fixed-1s.jsonl,rust_layer,bottomleftfill,MPV-GEN-T6-N90-R01,6,90,1,1.0,VALID_COMPLETE,True,1,,,COMPLETED,0.017489247024059296
B05-MPV-GEN-rust-layer-fixed-1s.jsonl,rust_layer,bottomleftfill,MPV-GEN-T6-N90-R02,6,90,2,1.0,VALID_COMPLETE,True,1,,,COMPLETED,0.025661173975095153
B05-MPV-GEN-rust-layer-fixed-1s.jsonl,rust_layer,bottomleftfill,MPV-GEN-T6-N90-R03,6,90,3,1.0,VALID_COMPLETE,True,1,,,COMPLETED,0.019551436882466078
B05-MPV-GEN-rust-layer-fixed-1s.jsonl,rust_layer,bottomleftfill,MPV-GEN-T6-N90-R04,6,90,4,1.0,VALID_COMPLETE,True,1,,,COMPLETED,0.013937372947111726
B05-MPV-GEN-rust-layer-fixed-1s.jsonl,rust_layer,bottomleftfill,MPV-GEN-T6-N90-R05,6,90,5,1.0,VALID_COMPLETE,True,1,,,COMPLETED,0.04699391615577042
B05-MPV-GEN-rust-layer-fixed-1s.jsonl,rust_layer,bottomleftfill,MPV-GEN-T6-N90-R06,6,90,6,1.0,VALID_COMPLETE,True,1,,,COMPLETED,0.025581347988918424
B05-MPV-GEN-rust-layer-fixed-1s.jsonl,rust_layer,bottomleftfill,MPV-GEN-T6-N90-R07,6,90,7,1.0,VALID_COMPLETE,True,1,,,COMPLETED,0.025905941147357225
B05-MPV-GEN-rust-layer-fixed-1s.jsonl,rust_layer,bottomleftfill,MPV-GEN-T6-N90-R08,6,90,8,1.0,VALID_COMPLETE,True,1,,,COMPLETED,0.01319966814480722
B05-MPV-GEN-rust-layer-fixed-1s.jsonl,rust_layer,bottomleftfill,MPV-GEN-T6-N90-R09,6,90,9,1.0,VALID_COMPLETE,True,1,,,COMPLETED,0.023248631972819567
B05-MPV-GEN-rust-layer-fixed-1s.jsonl,rust_layer,bottomleftfill,MPV-GEN-T6-N90-R10,6,90,10,1.0,VALID_COMPLETE,True,1,,,COMPLETED,0.012916120002046227
B05-MPV-GEN-rust-layer-fixed-1s.jsonl,rust_layer,bottomleftfill,MPV-GEN-T7-N30-R01,7,30,1,1.0,VALID_COMPLETE,True,1,,,COMPLETED,0.01476589497178793
B05-MPV-GEN-rust-layer-fixed-1s.jsonl,rust_layer,bottomleftfill,MPV-GEN-T7-N30-R02,7,30,2,1.0,VALID_COMPLETE,True,1,,,COMPLETED,0.011547551024705172
B05-MPV-GEN-rust-layer-fixed-1s.jsonl,rust_layer,bottomleftfill,MPV-GEN-T7-N30-R03,7,30,3,1.0,VALID_COMPLETE,True,1,,,COMPLETED,0.01598803186789155
B05-MPV-GEN-rust-layer-fixed-1s.jsonl,rust_layer,bottomleftfill,MPV-GEN-T7-N30-R04,7,30,4,1.0,VALID_COMPLETE,True,1,,,COMPLETED,0.01355594303458929
B05-MPV-GEN-rust-layer-fixed-1s.jsonl,rust_layer,bottomleftfill,MPV-GEN-T7-N30-R05,7,30,5,1.0,VALID_COMPLETE,True,1,,,COMPLETED,0.020055267959833145
B05-MPV-GEN-rust-layer-fixed-1s.jsonl,rust_layer,bottomleftfill,MPV-GEN-T7-N30-R06,7,30,6,1.0,VALID_COMPLETE,True,1,,,COMPLETED,0.01728984504006803
B05-MPV-GEN-rust-layer-fixed-1s.jsonl,rust_layer,bottomleftfill,MPV-GEN-T7-N30-R07,7,30,7,1.0,VALID_COMPLETE,True,1,,,COMPLETED,0.016365229850634933
B05-MPV-GEN-rust-layer-fixed-1s.jsonl,rust_layer,bottomleftfill,MPV-GEN-T7-N30-R08,7,30,8,1.0,VALID_COMPLETE,True,1,,,COMPLETED,0.007562317186966538
B05-MPV-GEN-rust-layer-fixed-1s.jsonl,rust_layer,bottomleftfill,MPV-GEN-T7-N30-R09,7,30,9,1.0,VALID_COMPLETE,True,1,,,COMPLETED,0.014598195208236575
B05-MPV-GEN-rust-layer-fixed-1s.jsonl,rust_layer,bottomleftfill,MPV-GEN-T7-N30-R10,7,30,10,1.0,VALID_COMPLETE,True,1,,,COMPLETED,0.00533890794031322
B05-MPV-GEN-rust-layer-fixed-1s.jsonl,rust_layer,bottomleftfill,MPV-GEN-T7-N60-R01,7,60,1,1.0,VALID_COMPLETE,True,2,,,COMPLETED,0.005103945964947343
B05-MPV-GEN-rust-layer-fixed-1s.jsonl,rust_layer,bottomleftfill,MPV-GEN-T7-N60-R02,7,60,2,1.0,VALID_COMPLETE,True,2,,,COMPLETED,0.01942572114057839
B05-MPV-GEN-rust-layer-fixed-1s.jsonl,rust_layer,bottomleftfill,MPV-GEN-T7-N60-R03,7,60,3,1.0,VALID_COMPLETE,True,2,,,COMPLETED,0.010845247888937593
B05-MPV-GEN-rust-layer-fixed-1s.jsonl,rust_layer,bottomleftfill,MPV-GEN-T7-N60-R04,7,60,4,1.0,VALID_COMPLETE,True,2,,,COMPLETED,0.017348227091133595
B05-MPV-GEN-rust-layer-fixed-1s.jsonl,rust_layer,bottomleftfill,MPV-GEN-T7-N60-R05,7,60,5,1.0,VALID_COMPLETE,True,2,,,COMPLETED,0.01444003893993795
B05-MPV-GEN-rust-layer-fixed-1s.jsonl,rust_layer,bottomleftfill,MPV-GEN-T7-N60-R06,7,60,6,1.0,VALID_COMPLETE,True,2,,,COMPLETED,0.03465213580057025
B05-MPV-GEN-rust-layer-fixed-1s.jsonl,rust_layer,bottomleftfill,MPV-GEN-T7-N60-R07,7,60,7,1.0,VALID_COMPLETE,True,2,,,COMPLETED,0.0208964089397341
B05-MPV-GEN-rust-layer-fixed-1s.jsonl,rust_layer,bottomleftfill,MPV-GEN-T7-N60-R08,7,60,8,1.0,VALID_COMPLETE,True,2,,,COMPLETED,0.015571597032248974
B05-MPV-GEN-rust-layer-fixed-1s.jsonl,rust_layer,bottomleftfill,MPV-GEN-T7-N60-R09,7,60,9,1.0,VALID_COMPLETE,True,2,,,COMPLETED,0.039478435181081295
B05-MPV-GEN-rust-layer-fixed-1s.jsonl,rust_layer,bottomleftfill,MPV-GEN-T7-N60-R10,7,60,10,1.0,VALID_COMPLETE,True,2,,,COMPLETED,0.012258101953193545
B05-MPV-GEN-rust-layer-fixed-1s.jsonl,rust_layer,bottomleftfill,MPV-GEN-T7-N90-R01,7,90,1,1.0,VALID_COMPLETE,True,2,,,COMPLETED,0.016951485769823194
B05-MPV-GEN-rust-layer-fixed-1s.jsonl,rust_layer,bottomleftfill,MPV-GEN-T7-N90-R02,7,90,2,1.0,VALID_COMPLETE,True,2,,,COMPLETED,0.011949770851060748
B05-MPV-GEN-rust-layer-fixed-1s.jsonl,rust_layer,bottomleftfill,MPV-GEN-T7-N90-R03,7,90,3,1.0,VALID_COMPLETE,True,3,,,COMPLETED,0.016188595909625292
B05-MPV-GEN-rust-layer-fixed-1s.jsonl,rust_layer,bottomleftfill,MPV-GEN-T7-N90-R04,7,90,4,1.0,VALID_COMPLETE,True,2,,,COMPLETED,0.011691952822729945
B05-MPV-GEN-rust-layer-fixed-1s.jsonl,rust_layer,bottomleftfill,MPV-GEN-T7-N90-R05,7,90,5,1.0,VALID_COMPLETE,True,3,,,COMPLETED,0.01343715493567288
B05-MPV-GEN-rust-layer-fixed-1s.jsonl,rust_layer,bottomleftfill,MPV-GEN-T7-N90-R06,7,90,6,1.0,VALID_COMPLETE,True,2,,,COMPLETED,0.014971842058002949
B05-MPV-GEN-rust-layer-fixed-1s.jsonl,rust_layer,bottomleftfill,MPV-GEN-T7-N90-R07,7,90,7,1.0,VALID_COMPLETE,True,2,,,COMPLETED,0.015233786078169942
B05-MPV-GEN-rust-layer-fixed-1s.jsonl,rust_layer,bottomleftfill,MPV-GEN-T7-N90-R08,7,90,8,1.0,VALID_COMPLETE,True,3,,,COMPLETED,0.031618825159966946
B05-MPV-GEN-rust-layer-fixed-1s.jsonl,rust_layer,bottomleftfill,MPV-GEN-T7-N90-R09,7,90,9,1.0,VALID_COMPLETE,True,2,,,COMPLETED,0.014530873857438564
B05-MPV-GEN-rust-layer-fixed-1s.jsonl,rust_layer,bottomleftfill,MPV-GEN-T7-N90-R10,7,90,10,1.0,VALID_COMPLETE,True,2,,,COMPLETED,0.02536404295824468
B05-MPV-GEN-rust-layer-fixed-1s.jsonl,rust_layer,bottomleftfill,MPV-GEN-T8-N30-R01,8,30,1,1.0,VALID_COMPLETE,True,8,,,COMPLETED,0.019823649898171425
B05-MPV-GEN-rust-layer-fixed-1s.jsonl,rust_layer,bottomleftfill,MPV-GEN-T8-N30-R02,8,30,2,1.0,VALID_COMPLETE,True,8,,,COMPLETED,0.017757506109774113
B05-MPV-GEN-rust-layer-fixed-1s.jsonl,rust_layer,bottomleftfill,MPV-GEN-T8-N30-R03,8,30,3,1.0,VALID_COMPLETE,True,9,,,COMPLETED,0.00871694297529757
B05-MPV-GEN-rust-layer-fixed-1s.jsonl,rust_layer,bottomleftfill,MPV-GEN-T8-N30-R04,8,30,4,1.0,VALID_COMPLETE,True,7,,,COMPLETED,0.013976798160001636
B05-MPV-GEN-rust-layer-fixed-1s.jsonl,rust_layer,bottomleftfill,MPV-GEN-T8-N30-R05,8,30,5,1.0,VALID_COMPLETE,True,9,,,COMPLETED,0.009583457140251994
B05-MPV-GEN-rust-layer-fixed-1s.jsonl,rust_layer,bottomleftfill,MPV-GEN-T8-N30-R06,8,30,6,1.0,VALID_COMPLETE,True,8,,,COMPLETED,0.017262284876778722
B05-MPV-GEN-rust-layer-fixed-1s.jsonl,rust_layer,bottomleftfill,MPV-GEN-T8-N30-R07,8,30,7,1.0,VALID_COMPLETE,True,8,,,COMPLETED,0.011724964948371053
B05-MPV-GEN-rust-layer-fixed-1s.jsonl,rust_layer,bottomleftfill,MPV-GEN-T8-N30-R08,8,30,8,1.0,VALID_COMPLETE,True,8,,,COMPLETED,0.010317882988601923
B05-MPV-GEN-rust-layer-fixed-1s.jsonl,rust_layer,bottomleftfill,MPV-GEN-T8-N30-R09,8,30,9,1.0,VALID_COMPLETE,True,11,,,COMPLETED,0.013183967908844352
B05-MPV-GEN-rust-layer-fixed-1s.jsonl,rust_layer,bottomleftfill,MPV-GEN-T8-N30-R10,8,30,10,1.0,VALID_COMPLETE,True,9,,,COMPLETED,0.017032078932970762
B05-MPV-GEN-rust-layer-fixed-1s.jsonl,rust_layer,bottomleftfill,MPV-GEN-T8-N60-R01,8,60,1,1.0,VALID_COMPLETE,True,18,,,COMPLETED,0.01259166793897748
B05-MPV-GEN-rust-layer-fixed-1s.jsonl,rust_layer,bottomleftfill,MPV-GEN-T8-N60-R02,8,60,2,1.0,VALID_COMPLETE,True,17,,,COMPLETED,0.011281720828264952
B05-MPV-GEN-rust-layer-fixed-1s.jsonl,rust_layer,bottomleftfill,MPV-GEN-T8-N60-R03,8,60,3,1.0,VALID_COMPLETE,True,16,,,COMPLETED,0.01618816703557968
B05-MPV-GEN-rust-layer-fixed-1s.jsonl,rust_layer,bottomleftfill,MPV-GEN-T8-N60-R04,8,60,4,1.0,VALID_COMPLETE,True,14,,,COMPLETED,0.013861604034900665
B05-MPV-GEN-rust-layer-fixed-1s.jsonl,rust_layer,bottomleftfill,MPV-GEN-T8-N60-R05,8,60,5,1.0,VALID_COMPLETE,True,17,,,COMPLETED,0.019467661157250404
B05-MPV-GEN-rust-layer-fixed-1s.jsonl,rust_layer,bottomleftfill,MPV-GEN-T8-N60-R06,8,60,6,1.0,VALID_COMPLETE,True,15,,,COMPLETED,0.008185866987332702
B05-MPV-GEN-rust-layer-fixed-1s.jsonl,rust_layer,bottomleftfill,MPV-GEN-T8-N60-R07,8,60,7,1.0,VALID_COMPLETE,True,15,,,COMPLETED,0.01223926106467843
B05-MPV-GEN-rust-layer-fixed-1s.jsonl,rust_layer,bottomleftfill,MPV-GEN-T8-N60-R08,8,60,8,1.0,VALID_COMPLETE,True,14,,,COMPLETED,0.01803153078071773
B05-MPV-GEN-rust-layer-fixed-1s.jsonl,rust_layer,bottomleftfill,MPV-GEN-T8-N60-R09,8,60,9,1.0,VALID_COMPLETE,True,15,,,COMPLETED,0.011153141967952251
B05-MPV-GEN-rust-layer-fixed-1s.jsonl,rust_layer,bottomleftfill,MPV-GEN-T8-N60-R10,8,60,10,1.0,VALID_COMPLETE,True,16,,,COMPLETED,0.012737951008602977
B05-MPV-GEN-rust-layer-fixed-1s.jsonl,rust_layer,bottomleftfill,MPV-GEN-T8-N90-R01,8,90,1,1.0,VALID_COMPLETE,True,18,,,COMPLETED,0.023194240871816874
B05-MPV-GEN-rust-layer-fixed-1s.jsonl,rust_layer,bottomleftfill,MPV-GEN-T8-N90-R02,8,90,2,1.0,VALID_COMPLETE,True,18,,,COMPLETED,0.00434056599624455
B05-MPV-GEN-rust-layer-fixed-1s.jsonl,rust_layer,bottomleftfill,MPV-GEN-T8-N90-R03,8,90,3,1.0,VALID_COMPLETE,True,26,,,COMPLETED,0.020248864078894258
B05-MPV-GEN-rust-layer-fixed-1s.jsonl,rust_layer,bottomleftfill,MPV-GEN-T8-N90-R04,8,90,4,1.0,VALID_COMPLETE,True,22,,,COMPLETED,0.023906118934974074
B05-MPV-GEN-rust-layer-fixed-1s.jsonl,rust_layer,bottomleftfill,MPV-GEN-T8-N90-R05,8,90,5,1.0,VALID_COMPLETE,True,22,,,COMPLETED,0.01882468000985682
B05-MPV-GEN-rust-layer-fixed-1s.jsonl,rust_layer,bottomleftfill,MPV-GEN-T8-N90-R06,8,90,6,1.0,VALID_COMPLETE,True,23,,,COMPLETED,0.030580309918150306
B05-MPV-GEN-rust-layer-fixed-1s.jsonl,rust_layer,bottomleftfill,MPV-GEN-T8-N90-R07,8,90,7,1.0,VALID_COMPLETE,True,21,,,COMPLETED,0.0155747109092772
B05-MPV-GEN-rust-layer-fixed-1s.jsonl,rust_layer,bottomleftfill,MPV-GEN-T8-N90-R08,8,90,8,1.0,VALID_COMPLETE,True,20,,,COMPLETED,0.011293041054159403
B05-MPV-GEN-rust-layer-fixed-1s.jsonl,rust_layer,bottomleftfill,MPV-GEN-T8-N90-R09,8,90,9,1.0,VALID_COMPLETE,True,24,,,COMPLETED,0.00569612393155694
B05-MPV-GEN-rust-layer-fixed-1s.jsonl,rust_layer,bottomleftfill,MPV-GEN-T8-N90-R10,8,90,10,1.0,VALID_COMPLETE,True,23,,,COMPLETED,0.024177165934816003
B05-MPV-GEN-rust-layer-fixed-1s.jsonl,rust_layer,bottomleftfill,MPV-GEN-T9-N30-R01,9,30,1,1.0,VALID_COMPLETE,True,6,,,COMPLETED,0.011271531926468015
B05-MPV-GEN-rust-layer-fixed-1s.jsonl,rust_layer,bottomleftfill,MPV-GEN-T9-N30-R02,9,30,2,1.0,VALID_COMPLETE,True,6,,,COMPLETED,0.01627698098309338
B05-MPV-GEN-rust-layer-fixed-1s.jsonl,rust_layer,bottomleftfill,MPV-GEN-T9-N30-R03,9,30,3,1.0,VALID_COMPLETE,True,5,,,COMPLETED,0.01158102904446423
B05-MPV-GEN-rust-layer-fixed-1s.jsonl,rust_layer,bottomleftfill,MPV-GEN-T9-N30-R04,9,30,4,1.0,VALID_COMPLETE,True,5,,,COMPLETED,0.008711830945685506
B05-MPV-GEN-rust-layer-fixed-1s.jsonl,rust_layer,bottomleftfill,MPV-GEN-T9-N30-R05,9,30,5,1.0,VALID_COMPLETE,True,6,,,COMPLETED,0.009026868036016822
B05-MPV-GEN-rust-layer-fixed-1s.jsonl,rust_layer,bottomleftfill,MPV-GEN-T9-N30-R06,9,30,6,1.0,VALID_COMPLETE,True,6,,,COMPLETED,0.0057484309654682875
B05-MPV-GEN-rust-layer-fixed-1s.jsonl,rust_layer,bottomleftfill,MPV-GEN-T9-N30-R07,9,30,7,1.0,VALID_COMPLETE,True,6,,,COMPLETED,0.007837451063096523
B05-MPV-GEN-rust-layer-fixed-1s.jsonl,rust_layer,bottomleftfill,MPV-GEN-T9-N30-R08,9,30,8,1.0,VALID_COMPLETE,True,6,,,COMPLETED,0.012830231804400682
B05-MPV-GEN-rust-layer-fixed-1s.jsonl,rust_layer,bottomleftfill,MPV-GEN-T9-N30-R09,9,30,9,1.0,VALID_COMPLETE,True,7,,,COMPLETED,0.00951239001005888
B05-MPV-GEN-rust-layer-fixed-1s.jsonl,rust_layer,bottomleftfill,MPV-GEN-T9-N30-R10,9,30,10,1.0,VALID_COMPLETE,True,6,,,COMPLETED,0.012311744969338179
B05-MPV-GEN-rust-layer-fixed-1s.jsonl,rust_layer,bottomleftfill,MPV-GEN-T9-N60-R01,9,60,1,1.0,VALID_COMPLETE,True,6,,,COMPLETED,0.009389964863657951
B05-MPV-GEN-rust-layer-fixed-1s.jsonl,rust_layer,bottomleftfill,MPV-GEN-T9-N60-R02,9,60,2,1.0,VALID_COMPLETE,True,8,,,COMPLETED,0.01103115314617753
B05-MPV-GEN-rust-layer-fixed-1s.jsonl,rust_layer,bottomleftfill,MPV-GEN-T9-N60-R03,9,60,3,1.0,VALID_COMPLETE,True,6,,,COMPLETED,0.012263892916962504
B05-MPV-GEN-rust-layer-fixed-1s.jsonl,rust_layer,bottomleftfill,MPV-GEN-T9-N60-R04,9,60,4,1.0,VALID_COMPLETE,True,7,,,COMPLETED,0.004317551851272583
B05-MPV-GEN-rust-layer-fixed-1s.jsonl,rust_layer,bottomleftfill,MPV-GEN-T9-N60-R05,9,60,5,1.0,VALID_COMPLETE,True,7,,,COMPLETED,0.008464990882202983
B05-MPV-GEN-rust-layer-fixed-1s.jsonl,rust_layer,bottomleftfill,MPV-GEN-T9-N60-R06,9,60,6,1.0,VALID_COMPLETE,True,8,,,COMPLETED,0.01987980818375945
B05-MPV-GEN-rust-layer-fixed-1s.jsonl,rust_layer,bottomleftfill,MPV-GEN-T9-N60-R07,9,60,7,1.0,VALID_COMPLETE,True,6,,,COMPLETED,0.014520386001095176
B05-MPV-GEN-rust-layer-fixed-1s.jsonl,rust_layer,bottomleftfill,MPV-GEN-T9-N60-R08,9,60,8,1.0,VALID_COMPLETE,True,6,,,COMPLETED,0.01304692798294127
B05-MPV-GEN-rust-layer-fixed-1s.jsonl,rust_layer,bottomleftfill,MPV-GEN-T9-N60-R09,9,60,9,1.0,VALID_COMPLETE,True,7,,,COMPLETED,0.01733660395257175
B05-MPV-GEN-rust-layer-fixed-1s.jsonl,rust_layer,bottomleftfill,MPV-GEN-T9-N60-R10,9,60,10,1.0,VALID_COMPLETE,True,7,,,COMPLETED,0.012255559908226132
B05-MPV-GEN-rust-layer-fixed-1s.jsonl,rust_layer,bottomleftfill,MPV-GEN-T9-N90-R01,9,90,1,1.0,VALID_COMPLETE,True,9,,,COMPLETED,0.010045110015198588
B05-MPV-GEN-rust-layer-fixed-1s.jsonl,rust_layer,bottomleftfill,MPV-GEN-T9-N90-R02,9,90,2,1.0,VALID_COMPLETE,True,7,,,COMPLETED,0.02008411707356572
B05-MPV-GEN-rust-layer-fixed-1s.jsonl,rust_layer,bottomleftfill,MPV-GEN-T9-N90-R03,9,90,3,1.0,VALID_COMPLETE,True,8,,,COMPLETED,0.01157742296345532
B05-MPV-GEN-rust-layer-fixed-1s.jsonl,rust_layer,bottomleftfill,MPV-GEN-T9-N90-R04,9,90,4,1.0,VALID_COMPLETE,True,7,,,COMPLETED,0.008544425945729017
B05-MPV-GEN-rust-layer-fixed-1s.jsonl,rust_layer,bottomleftfill,MPV-GEN-T9-N90-R05,9,90,5,1.0,VALID_COMPLETE,True,7,,,COMPLETED,0.023414765018969774
B05-MPV-GEN-rust-layer-fixed-1s.jsonl,rust_layer,bottomleftfill,MPV-GEN-T9-N90-R06,9,90,6,1.0,VALID_COMPLETE,True,7,,,COMPLETED,0.03960900008678436
B05-MPV-GEN-rust-layer-fixed-1s.jsonl,rust_layer,bottomleftfill,MPV-GEN-T9-N90-R07,9,90,7,1.0,VALID_COMPLETE,True,8,,,COMPLETED,0.013180810026824474
B05-MPV-GEN-rust-layer-fixed-1s.jsonl,rust_layer,bottomleftfill,MPV-GEN-T9-N90-R08,9,90,8,1.0,VALID_COMPLETE,True,8,,,COMPLETED,0.03279091720469296
B05-MPV-GEN-rust-layer-fixed-1s.jsonl,rust_layer,bottomleftfill,MPV-GEN-T9-N90-R09,9,90,9,1.0,VALID_COMPLETE,True,8,,,COMPLETED,0.025646070949733257
B05-MPV-GEN-rust-layer-fixed-1s.jsonl,rust_layer,bottomleftfill,MPV-GEN-T9-N90-R10,9,90,10,1.0,VALID_COMPLETE,True,7,,,COMPLETED,0.025263301096856594
B05-MPV-GEN-rust-sa-fixed-10s.jsonl,rust_sa,sa,MPV-GEN-T1-N30-R01,1,30,1,10.0,VALID_COMPLETE,True,10,,,COMPLETED,0.09888106281869113
B05-MPV-GEN-rust-sa-fixed-10s.jsonl,rust_sa,sa,MPV-GEN-T1-N30-R02,1,30,2,10.0,VALID_COMPLETE,True,11,,,COMPLETED,0.12335858517326415
B05-MPV-GEN-rust-sa-fixed-10s.jsonl,rust_sa,sa,MPV-GEN-T1-N30-R03,1,30,3,10.0,VALID_COMPLETE,True,8,,,COMPLETED,0.10211056284606457
B05-MPV-GEN-rust-sa-fixed-10s.jsonl,rust_sa,sa,MPV-GEN-T1-N30-R04,1,30,4,10.0,VALID_COMPLETE,True,7,,,COMPLETED,0.06530817016027868
B05-MPV-GEN-rust-sa-fixed-10s.jsonl,rust_sa,sa,MPV-GEN-T1-N30-R05,1,30,5,10.0,VALID_COMPLETE,True,10,,,COMPLETED,0.18399419100023806
B05-MPV-GEN-rust-sa-fixed-10s.jsonl,rust_sa,sa,MPV-GEN-T1-N30-R06,1,30,6,10.0,VALID_COMPLETE,True,9,,,COMPLETED,0.11159619386307895
B05-MPV-GEN-rust-sa-fixed-10s.jsonl,rust_sa,sa,MPV-GEN-T1-N30-R07,1,30,7,10.0,VALID_COMPLETE,True,8,,,COMPLETED,0.07556683989241719
B05-MPV-GEN-rust-sa-fixed-10s.jsonl,rust_sa,sa,MPV-GEN-T1-N30-R08,1,30,8,10.0,VALID_COMPLETE,True,11,,,COMPLETED,0.08114189491607249
B05-MPV-GEN-rust-sa-fixed-10s.jsonl,rust_sa,sa,MPV-GEN-T1-N30-R09,1,30,9,10.0,VALID_COMPLETE,True,10,,,COMPLETED,0.13504798500798643
B05-MPV-GEN-rust-sa-fixed-10s.jsonl,rust_sa,sa,MPV-GEN-T1-N30-R10,1,30,10,10.0,VALID_COMPLETE,True,8,,,COMPLETED,0.08874553209170699
B05-MPV-GEN-rust-sa-fixed-10s.jsonl,rust_sa,sa,MPV-GEN-T1-N60-R01,1,60,1,10.0,VALID_COMPLETE,True,17,,,COMPLETED,0.5902322251349688
B05-MPV-GEN-rust-sa-fixed-10s.jsonl,rust_sa,sa,MPV-GEN-T1-N60-R02,1,60,2,10.0,VALID_COMPLETE,True,17,,,COMPLETED,0.2293910998851061
B05-MPV-GEN-rust-sa-fixed-10s.jsonl,rust_sa,sa,MPV-GEN-T1-N60-R03,1,60,3,10.0,VALID_COMPLETE,True,19,,,COMPLETED,0.3145817269105464
B05-MPV-GEN-rust-sa-fixed-10s.jsonl,rust_sa,sa,MPV-GEN-T1-N60-R04,1,60,4,10.0,VALID_COMPLETE,True,15,,,COMPLETED,0.37322451500222087
B05-MPV-GEN-rust-sa-fixed-10s.jsonl,rust_sa,sa,MPV-GEN-T1-N60-R05,1,60,5,10.0,VALID_COMPLETE,True,21,,,COMPLETED,0.23121203295886517
B05-MPV-GEN-rust-sa-fixed-10s.jsonl,rust_sa,sa,MPV-GEN-T1-N60-R06,1,60,6,10.0,VALID_COMPLETE,True,17,,,COMPLETED,0.554736252874136
B05-MPV-GEN-rust-sa-fixed-10s.jsonl,rust_sa,sa,MPV-GEN-T1-N60-R07,1,60,7,10.0,VALID_COMPLETE,True,17,,,COMPLETED,0.20714177889749408
B05-MPV-GEN-rust-sa-fixed-10s.jsonl,rust_sa,sa,MPV-GEN-T1-N60-R08,1,60,8,10.0,VALID_COMPLETE,True,18,,,COMPLETED,0.2611921178176999
B05-MPV-GEN-rust-sa-fixed-10s.jsonl,rust_sa,sa,MPV-GEN-T1-N60-R09,1,60,9,10.0,VALID_COMPLETE,True,17,,,COMPLETED,0.1795514919795096
B05-MPV-GEN-rust-sa-fixed-10s.jsonl,rust_sa,sa,MPV-GEN-T1-N60-R10,1,60,10,10.0,VALID_COMPLETE,True,17,,,COMPLETED,0.362536994041875
B05-MPV-GEN-rust-sa-fixed-10s.jsonl,rust_sa,sa,MPV-GEN-T1-N90-R01,1,90,1,10.0,VALID_COMPLETE,True,30,,,COMPLETED,0.775102601153776
B05-MPV-GEN-rust-sa-fixed-10s.jsonl,rust_sa,sa,MPV-GEN-T1-N90-R02,1,90,2,10.0,VALID_COMPLETE,True,25,,,COMPLETED,0.5695558020379394
B05-MPV-GEN-rust-sa-fixed-10s.jsonl,rust_sa,sa,MPV-GEN-T1-N90-R03,1,90,3,10.0,VALID_COMPLETE,True,27,,,COMPLETED,0.8842725169379264
B05-MPV-GEN-rust-sa-fixed-10s.jsonl,rust_sa,sa,MPV-GEN-T1-N90-R04,1,90,4,10.0,VALID_COMPLETE,True,24,,,COMPLETED,0.8661261440720409
B05-MPV-GEN-rust-sa-fixed-10s.jsonl,rust_sa,sa,MPV-GEN-T1-N90-R05,1,90,5,10.0,VALID_COMPLETE,True,31,,,COMPLETED,1.115243085892871
B05-MPV-GEN-rust-sa-fixed-10s.jsonl,rust_sa,sa,MPV-GEN-T1-N90-R06,1,90,6,10.0,VALID_COMPLETE,True,28,,,COMPLETED,0.5549618839286268
B05-MPV-GEN-rust-sa-fixed-10s.jsonl,rust_sa,sa,MPV-GEN-T1-N90-R07,1,90,7,10.0,VALID_COMPLETE,True,25,,,COMPLETED,0.5394152908120304
B05-MPV-GEN-rust-sa-fixed-10s.jsonl,rust_sa,sa,MPV-GEN-T1-N90-R08,1,90,8,10.0,VALID_COMPLETE,True,27,,,COMPLETED,0.3898949450813234
B05-MPV-GEN-rust-sa-fixed-10s.jsonl,rust_sa,sa,MPV-GEN-T1-N90-R09,1,90,9,10.0,VALID_COMPLETE,True,30,,,COMPLETED,0.7870892791543156
B05-MPV-GEN-rust-sa-fixed-10s.jsonl,rust_sa,sa,MPV-GEN-T1-N90-R10,1,90,10,10.0,VALID_COMPLETE,True,27,,,COMPLETED,0.41732605919241905
B05-MPV-GEN-rust-sa-fixed-10s.jsonl,rust_sa,sa,MPV-GEN-T6-N30-R01,6,30,1,10.0,VALID_COMPLETE,True,1,,,COMPLETED,0.048251855885609984
B05-MPV-GEN-rust-sa-fixed-10s.jsonl,rust_sa,sa,MPV-GEN-T6-N30-R02,6,30,2,10.0,VALID_COMPLETE,True,1,,,COMPLETED,0.06122351996600628
B05-MPV-GEN-rust-sa-fixed-10s.jsonl,rust_sa,sa,MPV-GEN-T6-N30-R03,6,30,3,10.0,VALID_COMPLETE,True,1,,,COMPLETED,0.09852114506065845
B05-MPV-GEN-rust-sa-fixed-10s.jsonl,rust_sa,sa,MPV-GEN-T6-N30-R04,6,30,4,10.0,VALID_COMPLETE,True,1,,,COMPLETED,0.07744351821020246
B05-MPV-GEN-rust-sa-fixed-10s.jsonl,rust_sa,sa,MPV-GEN-T6-N30-R05,6,30,5,10.0,VALID_COMPLETE,True,1,,,COMPLETED,0.104199054883793
B05-MPV-GEN-rust-sa-fixed-10s.jsonl,rust_sa,sa,MPV-GEN-T6-N30-R06,6,30,6,10.0,VALID_COMPLETE,True,1,,,COMPLETED,0.09677478182129562
B05-MPV-GEN-rust-sa-fixed-10s.jsonl,rust_sa,sa,MPV-GEN-T6-N30-R07,6,30,7,10.0,VALID_COMPLETE,True,1,,,COMPLETED,0.08421342889778316
B05-MPV-GEN-rust-sa-fixed-10s.jsonl,rust_sa,sa,MPV-GEN-T6-N30-R08,6,30,8,10.0,VALID_COMPLETE,True,1,,,COMPLETED,0.06598164304159582
B05-MPV-GEN-rust-sa-fixed-10s.jsonl,rust_sa,sa,MPV-GEN-T6-N30-R09,6,30,9,10.0,VALID_COMPLETE,True,1,,,COMPLETED,0.057637862861156464
B05-MPV-GEN-rust-sa-fixed-10s.jsonl,rust_sa,sa,MPV-GEN-T6-N30-R10,6,30,10,10.0,VALID_COMPLETE,True,1,,,COMPLETED,0.06121315504424274
B05-MPV-GEN-rust-sa-fixed-10s.jsonl,rust_sa,sa,MPV-GEN-T6-N60-R01,6,60,1,10.0,VALID_COMPLETE,True,1,,,COMPLETED,0.1236690750811249
B05-MPV-GEN-rust-sa-fixed-10s.jsonl,rust_sa,sa,MPV-GEN-T6-N60-R02,6,60,2,10.0,VALID_COMPLETE,True,1,,,COMPLETED,0.09312079311348498
B05-MPV-GEN-rust-sa-fixed-10s.jsonl,rust_sa,sa,MPV-GEN-T6-N60-R03,6,60,3,10.0,VALID_COMPLETE,True,1,,,COMPLETED,0.1284059730824083
B05-MPV-GEN-rust-sa-fixed-10s.jsonl,rust_sa,sa,MPV-GEN-T6-N60-R04,6,60,4,10.0,VALID_COMPLETE,True,1,,,COMPLETED,0.10031296801753342
B05-MPV-GEN-rust-sa-fixed-10s.jsonl,rust_sa,sa,MPV-GEN-T6-N60-R05,6,60,5,10.0,VALID_COMPLETE,True,1,,,COMPLETED,0.13223233702592552
B05-MPV-GEN-rust-sa-fixed-10s.jsonl,rust_sa,sa,MPV-GEN-T6-N60-R06,6,60,6,10.0,VALID_COMPLETE,True,1,,,COMPLETED,0.11724515398964286
B05-MPV-GEN-rust-sa-fixed-10s.jsonl,rust_sa,sa,MPV-GEN-T6-N60-R07,6,60,7,10.0,VALID_COMPLETE,True,1,,,COMPLETED,0.12423058715648949
B05-MPV-GEN-rust-sa-fixed-10s.jsonl,rust_sa,sa,MPV-GEN-T6-N60-R08,6,60,8,10.0,VALID_COMPLETE,True,1,,,COMPLETED,0.13038728991523385
B05-MPV-GEN-rust-sa-fixed-10s.jsonl,rust_sa,sa,MPV-GEN-T6-N60-R09,6,60,9,10.0,VALID_COMPLETE,True,1,,,COMPLETED,0.19220844679512084
B05-MPV-GEN-rust-sa-fixed-10s.jsonl,rust_sa,sa,MPV-GEN-T6-N60-R10,6,60,10,10.0,VALID_COMPLETE,True,1,,,COMPLETED,0.1923470061738044
B05-MPV-GEN-rust-sa-fixed-10s.jsonl,rust_sa,sa,MPV-GEN-T6-N90-R01,6,90,1,10.0,VALID_COMPLETE,True,1,,,COMPLETED,0.25783413415774703
B05-MPV-GEN-rust-sa-fixed-10s.jsonl,rust_sa,sa,MPV-GEN-T6-N90-R02,6,90,2,10.0,VALID_COMPLETE,True,1,,,COMPLETED,0.2548890169709921
B05-MPV-GEN-rust-sa-fixed-10s.jsonl,rust_sa,sa,MPV-GEN-T6-N90-R03,6,90,3,10.0,VALID_COMPLETE,True,1,,,COMPLETED,0.19157522404566407
B05-MPV-GEN-rust-sa-fixed-10s.jsonl,rust_sa,sa,MPV-GEN-T6-N90-R04,6,90,4,10.0,VALID_COMPLETE,True,1,,,COMPLETED,0.23643104685470462
B05-MPV-GEN-rust-sa-fixed-10s.jsonl,rust_sa,sa,MPV-GEN-T6-N90-R05,6,90,5,10.0,VALID_COMPLETE,True,1,,,COMPLETED,0.2562657769303769
B05-MPV-GEN-rust-sa-fixed-10s.jsonl,rust_sa,sa,MPV-GEN-T6-N90-R06,6,90,6,10.0,VALID_COMPLETE,True,1,,,COMPLETED,0.17358087096363306
B05-MPV-GEN-rust-sa-fixed-10s.jsonl,rust_sa,sa,MPV-GEN-T6-N90-R07,6,90,7,10.0,VALID_COMPLETE,True,1,,,COMPLETED,0.20344894309528172
B05-MPV-GEN-rust-sa-fixed-10s.jsonl,rust_sa,sa,MPV-GEN-T6-N90-R08,6,90,8,10.0,VALID_COMPLETE,True,1,,,COMPLETED,0.33495795517228544
B05-MPV-GEN-rust-sa-fixed-10s.jsonl,rust_sa,sa,MPV-GEN-T6-N90-R09,6,90,9,10.0,VALID_COMPLETE,True,1,,,COMPLETED,0.2844492041040212
B05-MPV-GEN-rust-sa-fixed-10s.jsonl,rust_sa,sa,MPV-GEN-T6-N90-R10,6,90,10,10.0,VALID_COMPLETE,True,1,,,COMPLETED,0.14772381191141903
B05-MPV-GEN-rust-sa-fixed-10s.jsonl,rust_sa,sa,MPV-GEN-T7-N30-R01,7,30,1,10.0,VALID_COMPLETE,True,1,,,COMPLETED,0.11072429199703038
B05-MPV-GEN-rust-sa-fixed-10s.jsonl,rust_sa,sa,MPV-GEN-T7-N30-R02,7,30,2,10.0,VALID_COMPLETE,True,1,,,COMPLETED,0.10474399896338582
B05-MPV-GEN-rust-sa-fixed-10s.jsonl,rust_sa,sa,MPV-GEN-T7-N30-R03,7,30,3,10.0,VALID_COMPLETE,True,1,,,COMPLETED,0.15530006890185177
B05-MPV-GEN-rust-sa-fixed-10s.jsonl,rust_sa,sa,MPV-GEN-T7-N30-R04,7,30,4,10.0,VALID_COMPLETE,True,1,,,COMPLETED,0.09004059410654008
B05-MPV-GEN-rust-sa-fixed-10s.jsonl,rust_sa,sa,MPV-GEN-T7-N30-R05,7,30,5,10.0,VALID_COMPLETE,True,1,,,COMPLETED,0.08578813495114446
B05-MPV-GEN-rust-sa-fixed-10s.jsonl,rust_sa,sa,MPV-GEN-T7-N30-R06,7,30,6,10.0,VALID_COMPLETE,True,1,,,COMPLETED,0.08358284598216414
B05-MPV-GEN-rust-sa-fixed-10s.jsonl,rust_sa,sa,MPV-GEN-T7-N30-R07,7,30,7,10.0,VALID_COMPLETE,True,1,,,COMPLETED,0.08820703602395952
B05-MPV-GEN-rust-sa-fixed-10s.jsonl,rust_sa,sa,MPV-GEN-T7-N30-R08,7,30,8,10.0,VALID_COMPLETE,True,1,,,COMPLETED,0.11044146283529699
B05-MPV-GEN-rust-sa-fixed-10s.jsonl,rust_sa,sa,MPV-GEN-T7-N30-R09,7,30,9,10.0,VALID_COMPLETE,True,1,,,COMPLETED,0.08491371618583798
B05-MPV-GEN-rust-sa-fixed-10s.jsonl,rust_sa,sa,MPV-GEN-T7-N30-R10,7,30,10,10.0,VALID_COMPLETE,True,1,,,COMPLETED,0.07055250811390579
B05-MPV-GEN-rust-sa-fixed-10s.jsonl,rust_sa,sa,MPV-GEN-T7-N60-R01,7,60,1,10.0,VALID_COMPLETE,True,2,,,COMPLETED,0.1526262159459293
B05-MPV-GEN-rust-sa-fixed-10s.jsonl,rust_sa,sa,MPV-GEN-T7-N60-R02,7,60,2,10.0,VALID_COMPLETE,True,1,,,COMPLETED,0.1124252958688885
B05-MPV-GEN-rust-sa-fixed-10s.jsonl,rust_sa,sa,MPV-GEN-T7-N60-R03,7,60,3,10.0,VALID_COMPLETE,True,1,,,COMPLETED,0.15807860088534653
B05-MPV-GEN-rust-sa-fixed-10s.jsonl,rust_sa,sa,MPV-GEN-T7-N60-R04,7,60,4,10.0,VALID_COMPLETE,True,2,,,COMPLETED,0.13570935698226094
B05-MPV-GEN-rust-sa-fixed-10s.jsonl,rust_sa,sa,MPV-GEN-T7-N60-R05,7,60,5,10.0,VALID_COMPLETE,True,1,,,COMPLETED,0.12135828891769052
B05-MPV-GEN-rust-sa-fixed-10s.jsonl,rust_sa,sa,MPV-GEN-T7-N60-R06,7,60,6,10.0,VALID_COMPLETE,True,1,,,COMPLETED,0.11594493896700442
B05-MPV-GEN-rust-sa-fixed-10s.jsonl,rust_sa,sa,MPV-GEN-T7-N60-R07,7,60,7,10.0,VALID_COMPLETE,True,1,,,COMPLETED,0.09331614500842988
B05-MPV-GEN-rust-sa-fixed-10s.jsonl,rust_sa,sa,MPV-GEN-T7-N60-R08,7,60,8,10.0,VALID_COMPLETE,True,1,,,COMPLETED,0.10591656994074583
B05-MPV-GEN-rust-sa-fixed-10s.jsonl,rust_sa,sa,MPV-GEN-T7-N60-R09,7,60,9,10.0,VALID_COMPLETE,True,1,,,COMPLETED,0.1143061628099531
B05-MPV-GEN-rust-sa-fixed-10s.jsonl,rust_sa,sa,MPV-GEN-T7-N60-R10,7,60,10,10.0,VALID_COMPLETE,True,1,,,COMPLETED,0.09563692705705762
B05-MPV-GEN-rust-sa-fixed-10s.jsonl,rust_sa,sa,MPV-GEN-T7-N90-R01,7,90,1,10.0,VALID_COMPLETE,True,2,,,COMPLETED,0.21843514987267554
B05-MPV-GEN-rust-sa-fixed-10s.jsonl,rust_sa,sa,MPV-GEN-T7-N90-R02,7,90,2,10.0,VALID_COMPLETE,True,2,,,COMPLETED,0.1681117571424693
B05-MPV-GEN-rust-sa-fixed-10s.jsonl,rust_sa,sa,MPV-GEN-T7-N90-R03,7,90,3,10.0,VALID_COMPLETE,True,2,,,COMPLETED,0.25495726498775184
B05-MPV-GEN-rust-sa-fixed-10s.jsonl,rust_sa,sa,MPV-GEN-T7-N90-R04,7,90,4,10.0,VALID_COMPLETE,True,2,,,COMPLETED,0.29896164988167584
B05-MPV-GEN-rust-sa-fixed-10s.jsonl,rust_sa,sa,MPV-GEN-T7-N90-R05,7,90,5,10.0,VALID_COMPLETE,True,2,,,COMPLETED,0.2012206360232085
B05-MPV-GEN-rust-sa-fixed-10s.jsonl,rust_sa,sa,MPV-GEN-T7-N90-R06,7,90,6,10.0,VALID_COMPLETE,True,2,,,COMPLETED,0.2898844829760492
B05-MPV-GEN-rust-sa-fixed-10s.jsonl,rust_sa,sa,MPV-GEN-T7-N90-R07,7,90,7,10.0,VALID_COMPLETE,True,2,,,COMPLETED,0.24945422890596092
B05-MPV-GEN-rust-sa-fixed-10s.jsonl,rust_sa,sa,MPV-GEN-T7-N90-R08,7,90,8,10.0,VALID_COMPLETE,True,2,,,COMPLETED,0.30701884301379323
B05-MPV-GEN-rust-sa-fixed-10s.jsonl,rust_sa,sa,MPV-GEN-T7-N90-R09,7,90,9,10.0,VALID_COMPLETE,True,2,,,COMPLETED,0.33216118486598134
B05-MPV-GEN-rust-sa-fixed-10s.jsonl,rust_sa,sa,MPV-GEN-T7-N90-R10,7,90,10,10.0,VALID_COMPLETE,True,2,,,COMPLETED,0.1975193889811635
B05-MPV-GEN-rust-sa-fixed-10s.jsonl,rust_sa,sa,MPV-GEN-T8-N30-R01,8,30,1,10.0,VALID_COMPLETE,True,7,,,COMPLETED,0.09416449395939708
B05-MPV-GEN-rust-sa-fixed-10s.jsonl,rust_sa,sa,MPV-GEN-T8-N30-R02,8,30,2,10.0,VALID_COMPLETE,True,6,,,COMPLETED,0.17708315001800656
B05-MPV-GEN-rust-sa-fixed-10s.jsonl,rust_sa,sa,MPV-GEN-T8-N30-R03,8,30,3,10.0,VALID_COMPLETE,True,10,,,COMPLETED,0.11178600904531777
B05-MPV-GEN-rust-sa-fixed-10s.jsonl,rust_sa,sa,MPV-GEN-T8-N30-R04,8,30,4,10.0,VALID_COMPLETE,True,6,,,COMPLETED,0.19061246397905052
B05-MPV-GEN-rust-sa-fixed-10s.jsonl,rust_sa,sa,MPV-GEN-T8-N30-R05,8,30,5,10.0,VALID_COMPLETE,True,8,,,COMPLETED,0.12203874695114791
B05-MPV-GEN-rust-sa-fixed-10s.jsonl,rust_sa,sa,MPV-GEN-T8-N30-R06,8,30,6,10.0,VALID_COMPLETE,True,8,,,COMPLETED,0.14780535805039108
B05-MPV-GEN-rust-sa-fixed-10s.jsonl,rust_sa,sa,MPV-GEN-T8-N30-R07,8,30,7,10.0,VALID_COMPLETE,True,6,,,COMPLETED,0.1142245780210942
B05-MPV-GEN-rust-sa-fixed-10s.jsonl,rust_sa,sa,MPV-GEN-T8-N30-R08,8,30,8,10.0,VALID_COMPLETE,True,7,,,COMPLETED,0.11496554594486952
B05-MPV-GEN-rust-sa-fixed-10s.jsonl,rust_sa,sa,MPV-GEN-T8-N30-R09,8,30,9,10.0,VALID_COMPLETE,True,10,,,COMPLETED,0.2003236359450966
B05-MPV-GEN-rust-sa-fixed-10s.jsonl,rust_sa,sa,MPV-GEN-T8-N30-R10,8,30,10,10.0,VALID_COMPLETE,True,6,,,COMPLETED,0.13472662097774446
B05-MPV-GEN-rust-sa-fixed-10s.jsonl,rust_sa,sa,MPV-GEN-T8-N60-R01,8,60,1,10.0,VALID_COMPLETE,True,16,,,COMPLETED,0.3945696949958801
B05-MPV-GEN-rust-sa-fixed-10s.jsonl,rust_sa,sa,MPV-GEN-T8-N60-R02,8,60,2,10.0,VALID_COMPLETE,True,18,,,COMPLETED,0.2548948139883578
B05-MPV-GEN-rust-sa-fixed-10s.jsonl,rust_sa,sa,MPV-GEN-T8-N60-R03,8,60,3,10.0,VALID_COMPLETE,True,16,,,COMPLETED,0.4268434199038893
B05-MPV-GEN-rust-sa-fixed-10s.jsonl,rust_sa,sa,MPV-GEN-T8-N60-R04,8,60,4,10.0,VALID_COMPLETE,True,13,,,COMPLETED,0.22996559413149953
B05-MPV-GEN-rust-sa-fixed-10s.jsonl,rust_sa,sa,MPV-GEN-T8-N60-R05,8,60,5,10.0,VALID_COMPLETE,True,15,,,COMPLETED,0.41208296292461455
B05-MPV-GEN-rust-sa-fixed-10s.jsonl,rust_sa,sa,MPV-GEN-T8-N60-R06,8,60,6,10.0,VALID_COMPLETE,True,15,,,COMPLETED,0.23508715792559087
B05-MPV-GEN-rust-sa-fixed-10s.jsonl,rust_sa,sa,MPV-GEN-T8-N60-R07,8,60,7,10.0,VALID_COMPLETE,True,14,,,COMPLETED,0.34779239702038467
B05-MPV-GEN-rust-sa-fixed-10s.jsonl,rust_sa,sa,MPV-GEN-T8-N60-R08,8,60,8,10.0,VALID_COMPLETE,True,12,,,COMPLETED,0.15258654300123453
B05-MPV-GEN-rust-sa-fixed-10s.jsonl,rust_sa,sa,MPV-GEN-T8-N60-R09,8,60,9,10.0,VALID_COMPLETE,True,13,,,COMPLETED,0.20977101405151188
B05-MPV-GEN-rust-sa-fixed-10s.jsonl,rust_sa,sa,MPV-GEN-T8-N60-R10,8,60,10,10.0,VALID_COMPLETE,True,14,,,COMPLETED,0.24287443701177835
B05-MPV-GEN-rust-sa-fixed-10s.jsonl,rust_sa,sa,MPV-GEN-T8-N90-R01,8,90,1,10.0,VALID_COMPLETE,True,16,,,COMPLETED,0.2716699109878391
B05-MPV-GEN-rust-sa-fixed-10s.jsonl,rust_sa,sa,MPV-GEN-T8-N90-R02,8,90,2,10.0,VALID_COMPLETE,True,16,,,COMPLETED,0.48223693994805217
B05-MPV-GEN-rust-sa-fixed-10s.jsonl,rust_sa,sa,MPV-GEN-T8-N90-R03,8,90,3,10.0,VALID_COMPLETE,True,22,,,COMPLETED,0.6348853681702167
B05-MPV-GEN-rust-sa-fixed-10s.jsonl,rust_sa,sa,MPV-GEN-T8-N90-R04,8,90,4,10.0,VALID_COMPLETE,True,19,,,COMPLETED,0.5746920090168715
B05-MPV-GEN-rust-sa-fixed-10s.jsonl,rust_sa,sa,MPV-GEN-T8-N90-R05,8,90,5,10.0,VALID_COMPLETE,True,20,,,COMPLETED,0.48100579692982137
B05-MPV-GEN-rust-sa-fixed-10s.jsonl,rust_sa,sa,MPV-GEN-T8-N90-R06,8,90,6,10.0,VALID_COMPLETE,True,21,,,COMPLETED,0.5358077050186694
B05-MPV-GEN-rust-sa-fixed-10s.jsonl,rust_sa,sa,MPV-GEN-T8-N90-R07,8,90,7,10.0,VALID_COMPLETE,True,22,,,COMPLETED,0.5150114551652223
B05-MPV-GEN-rust-sa-fixed-10s.jsonl,rust_sa,sa,MPV-GEN-T8-N90-R08,8,90,8,10.0,VALID_COMPLETE,True,20,,,COMPLETED,0.3187182880938053
B05-MPV-GEN-rust-sa-fixed-10s.jsonl,rust_sa,sa,MPV-GEN-T8-N90-R09,8,90,9,10.0,VALID_COMPLETE,True,21,,,COMPLETED,0.4958360199816525
B05-MPV-GEN-rust-sa-fixed-10s.jsonl,rust_sa,sa,MPV-GEN-T8-N90-R10,8,90,10,10.0,VALID_COMPLETE,True,21,,,COMPLETED,0.3905027511063963
B05-MPV-GEN-rust-sa-fixed-10s.jsonl,rust_sa,sa,MPV-GEN-T9-N30-R01,9,30,1,10.0,VALID_COMPLETE,True,5,,,COMPLETED,0.2566647850908339
B05-MPV-GEN-rust-sa-fixed-10s.jsonl,rust_sa,sa,MPV-GEN-T9-N30-R02,9,30,2,10.0,VALID_COMPLETE,True,6,,,COMPLETED,0.2455196361988783
B05-MPV-GEN-rust-sa-fixed-10s.jsonl,rust_sa,sa,MPV-GEN-T9-N30-R03,9,30,3,10.0,VALID_COMPLETE,True,4,,,COMPLETED,0.10974012408405542
B05-MPV-GEN-rust-sa-fixed-10s.jsonl,rust_sa,sa,MPV-GEN-T9-N30-R04,9,30,4,10.0,VALID_COMPLETE,True,5,,,COMPLETED,0.07153500197455287
B05-MPV-GEN-rust-sa-fixed-10s.jsonl,rust_sa,sa,MPV-GEN-T9-N30-R05,9,30,5,10.0,VALID_COMPLETE,True,4,,,COMPLETED,0.11155207105912268
B05-MPV-GEN-rust-sa-fixed-10s.jsonl,rust_sa,sa,MPV-GEN-T9-N30-R06,9,30,6,10.0,VALID_COMPLETE,True,6,,,COMPLETED,0.17428136197850108
B05-MPV-GEN-rust-sa-fixed-10s.jsonl,rust_sa,sa,MPV-GEN-T9-N30-R07,9,30,7,10.0,VALID_COMPLETE,True,5,,,COMPLETED,0.09280372806824744
B05-MPV-GEN-rust-sa-fixed-10s.jsonl,rust_sa,sa,MPV-GEN-T9-N30-R08,9,30,8,10.0,VALID_COMPLETE,True,5,,,COMPLETED,0.12484481604769826
B05-MPV-GEN-rust-sa-fixed-10s.jsonl,rust_sa,sa,MPV-GEN-T9-N30-R09,9,30,9,10.0,VALID_COMPLETE,True,5,,,COMPLETED,0.08395414403639734
B05-MPV-GEN-rust-sa-fixed-10s.jsonl,rust_sa,sa,MPV-GEN-T9-N30-R10,9,30,10,10.0,VALID_COMPLETE,True,5,,,COMPLETED,0.07705193501897156
B05-MPV-GEN-rust-sa-fixed-10s.jsonl,rust_sa,sa,MPV-GEN-T9-N60-R01,9,60,1,10.0,VALID_COMPLETE,True,5,,,COMPLETED,0.10874039097689092
B05-MPV-GEN-rust-sa-fixed-10s.jsonl,rust_sa,sa,MPV-GEN-T9-N60-R02,9,60,2,10.0,VALID_COMPLETE,True,6,,,COMPLETED,0.14274044008925557
B05-MPV-GEN-rust-sa-fixed-10s.jsonl,rust_sa,sa,MPV-GEN-T9-N60-R03,9,60,3,10.0,VALID_COMPLETE,True,5,,,COMPLETED,0.1014650568831712
B05-MPV-GEN-rust-sa-fixed-10s.jsonl,rust_sa,sa,MPV-GEN-T9-N60-R04,9,60,4,10.0,VALID_COMPLETE,True,5,,,COMPLETED,0.12713263207115233
B05-MPV-GEN-rust-sa-fixed-10s.jsonl,rust_sa,sa,MPV-GEN-T9-N60-R05,9,60,5,10.0,VALID_COMPLETE,True,5,,,COMPLETED,0.13254114985466003
B05-MPV-GEN-rust-sa-fixed-10s.jsonl,rust_sa,sa,MPV-GEN-T9-N60-R06,9,60,6,10.0,VALID_COMPLETE,True,5,,,COMPLETED,0.09527750313282013
B05-MPV-GEN-rust-sa-fixed-10s.jsonl,rust_sa,sa,MPV-GEN-T9-N60-R07,9,60,7,10.0,VALID_COMPLETE,True,5,,,COMPLETED,0.09884713194333017
B05-MPV-GEN-rust-sa-fixed-10s.jsonl,rust_sa,sa,MPV-GEN-T9-N60-R08,9,60,8,10.0,VALID_COMPLETE,True,5,,,COMPLETED,0.08193098497577012
B05-MPV-GEN-rust-sa-fixed-10s.jsonl,rust_sa,sa,MPV-GEN-T9-N60-R09,9,60,9,10.0,VALID_COMPLETE,True,6,,,COMPLETED,0.08165233302861452
B05-MPV-GEN-rust-sa-fixed-10s.jsonl,rust_sa,sa,MPV-GEN-T9-N60-R10,9,60,10,10.0,VALID_COMPLETE,True,6,,,COMPLETED,0.09208687883801758
B05-MPV-GEN-rust-sa-fixed-10s.jsonl,rust_sa,sa,MPV-GEN-T9-N90-R01,9,90,1,10.0,VALID_COMPLETE,True,6,,,COMPLETED,0.15042511303909123
B05-MPV-GEN-rust-sa-fixed-10s.jsonl,rust_sa,sa,MPV-GEN-T9-N90-R02,9,90,2,10.0,VALID_COMPLETE,True,6,,,COMPLETED,0.11018376192077994
B05-MPV-GEN-rust-sa-fixed-10s.jsonl,rust_sa,sa,MPV-GEN-T9-N90-R03,9,90,3,10.0,VALID_COMPLETE,True,6,,,COMPLETED,0.17046034010127187
B05-MPV-GEN-rust-sa-fixed-10s.jsonl,rust_sa,sa,MPV-GEN-T9-N90-R04,9,90,4,10.0,VALID_COMPLETE,True,7,,,COMPLETED,0.15642127394676208
B05-MPV-GEN-rust-sa-fixed-10s.jsonl,rust_sa,sa,MPV-GEN-T9-N90-R05,9,90,5,10.0,VALID_COMPLETE,True,6,,,COMPLETED,0.18030154309235513
B05-MPV-GEN-rust-sa-fixed-10s.jsonl,rust_sa,sa,MPV-GEN-T9-N90-R06,9,90,6,10.0,VALID_COMPLETE,True,6,,,COMPLETED,0.18321720603853464
B05-MPV-GEN-rust-sa-fixed-10s.jsonl,rust_sa,sa,MPV-GEN-T9-N90-R07,9,90,7,10.0,VALID_COMPLETE,True,7,,,COMPLETED,0.15116683393716812
B05-MPV-GEN-rust-sa-fixed-10s.jsonl,rust_sa,sa,MPV-GEN-T9-N90-R08,9,90,8,10.0,VALID_COMPLETE,True,6,,,COMPLETED,0.12418066780082881
B05-MPV-GEN-rust-sa-fixed-10s.jsonl,rust_sa,sa,MPV-GEN-T9-N90-R09,9,90,9,10.0,VALID_COMPLETE,True,6,,,COMPLETED,0.09855379513464868
B05-MPV-GEN-rust-sa-fixed-10s.jsonl,rust_sa,sa,MPV-GEN-T9-N90-R10,9,90,10,10.0,VALID_COMPLETE,True,6,,,COMPLETED,0.10879991785623133
B05-MPV-GEN-rust-sa-fixed-1s.jsonl,rust_sa,sa,MPV-GEN-T1-N30-R01,1,30,1,1.0,VALID_COMPLETE,True,9,,,COMPLETED,0.14674302795901895
B05-MPV-GEN-rust-sa-fixed-1s.jsonl,rust_sa,sa,MPV-GEN-T1-N30-R02,1,30,2,1.0,VALID_COMPLETE,True,11,,,COMPLETED,0.17679784796200693
B05-MPV-GEN-rust-sa-fixed-1s.jsonl,rust_sa,sa,MPV-GEN-T1-N30-R03,1,30,3,1.0,VALID_COMPLETE,True,8,,,COMPLETED,0.08506145910359919
B05-MPV-GEN-rust-sa-fixed-1s.jsonl,rust_sa,sa,MPV-GEN-T1-N30-R04,1,30,4,1.0,VALID_COMPLETE,True,8,,,COMPLETED,0.12277737492695451
B05-MPV-GEN-rust-sa-fixed-1s.jsonl,rust_sa,sa,MPV-GEN-T1-N30-R05,1,30,5,1.0,VALID_COMPLETE,True,10,,,COMPLETED,0.15507118101231754
B05-MPV-GEN-rust-sa-fixed-1s.jsonl,rust_sa,sa,MPV-GEN-T1-N30-R06,1,30,6,1.0,VALID_COMPLETE,True,8,,,COMPLETED,0.10310502909123898
B05-MPV-GEN-rust-sa-fixed-1s.jsonl,rust_sa,sa,MPV-GEN-T1-N30-R07,1,30,7,1.0,VALID_COMPLETE,True,8,,,COMPLETED,0.08987801987677813
B05-MPV-GEN-rust-sa-fixed-1s.jsonl,rust_sa,sa,MPV-GEN-T1-N30-R08,1,30,8,1.0,VALID_COMPLETE,True,11,,,COMPLETED,0.10506076412275434
B05-MPV-GEN-rust-sa-fixed-1s.jsonl,rust_sa,sa,MPV-GEN-T1-N30-R09,1,30,9,1.0,VALID_COMPLETE,True,10,,,COMPLETED,0.08184831193648279
B05-MPV-GEN-rust-sa-fixed-1s.jsonl,rust_sa,sa,MPV-GEN-T1-N30-R10,1,30,10,1.0,VALID_COMPLETE,True,9,,,COMPLETED,0.17472291481681168
B05-MPV-GEN-rust-sa-fixed-1s.jsonl,rust_sa,sa,MPV-GEN-T1-N60-R01,1,60,1,1.0,VALID_COMPLETE,True,18,,,COMPLETED,0.4214930410962552
B05-MPV-GEN-rust-sa-fixed-1s.jsonl,rust_sa,sa,MPV-GEN-T1-N60-R02,1,60,2,1.0,VALID_COMPLETE,True,16,,,COMPLETED,0.24820141005329788
B05-MPV-GEN-rust-sa-fixed-1s.jsonl,rust_sa,sa,MPV-GEN-T1-N60-R03,1,60,3,1.0,VALID_COMPLETE,True,18,,,COMPLETED,0.2873538350686431
B05-MPV-GEN-rust-sa-fixed-1s.jsonl,rust_sa,sa,MPV-GEN-T1-N60-R04,1,60,4,1.0,VALID_COMPLETE,True,15,,,COMPLETED,0.453223129035905
B05-MPV-GEN-rust-sa-fixed-1s.jsonl,rust_sa,sa,MPV-GEN-T1-N60-R05,1,60,5,1.0,VALID_COMPLETE,True,20,,,COMPLETED,0.21968704788014293
B05-MPV-GEN-rust-sa-fixed-1s.jsonl,rust_sa,sa,MPV-GEN-T1-N60-R06,1,60,6,1.0,VALID_COMPLETE,True,17,,,COMPLETED,0.6282329619862139
B05-MPV-GEN-rust-sa-fixed-1s.jsonl,rust_sa,sa,MPV-GEN-T1-N60-R07,1,60,7,1.0,VALID_COMPLETE,True,17,,,COMPLETED,0.21270696399733424
B05-MPV-GEN-rust-sa-fixed-1s.jsonl,rust_sa,sa,MPV-GEN-T1-N60-R08,1,60,8,1.0,VALID_COMPLETE,True,18,,,COMPLETED,0.25776008190587163
B05-MPV-GEN-rust-sa-fixed-1s.jsonl,rust_sa,sa,MPV-GEN-T1-N60-R09,1,60,9,1.0,VALID_COMPLETE,True,18,,,COMPLETED,0.24586798017844558
B05-MPV-GEN-rust-sa-fixed-1s.jsonl,rust_sa,sa,MPV-GEN-T1-N60-R10,1,60,10,1.0,VALID_COMPLETE,True,17,,,COMPLETED,0.3405316181015223
B05-MPV-GEN-rust-sa-fixed-1s.jsonl,rust_sa,sa,MPV-GEN-T1-N90-R01,1,90,1,1.0,VALID_COMPLETE,True,30,,,COMPLETED,0.6185820589307696
B05-MPV-GEN-rust-sa-fixed-1s.jsonl,rust_sa,sa,MPV-GEN-T1-N90-R02,1,90,2,1.0,VALID_COMPLETE,True,25,,,COMPLETED,0.7786998320370913
B05-MPV-GEN-rust-sa-fixed-1s.jsonl,rust_sa,sa,MPV-GEN-T1-N90-R03,1,90,3,1.0,VALID_COMPLETE,True,27,,,COMPLETED,0.59173080814071
B05-MPV-GEN-rust-sa-fixed-1s.jsonl,rust_sa,sa,MPV-GEN-T1-N90-R04,1,90,4,1.0,VALID_COMPLETE,True,24,,,COMPLETED,0.8550808089785278
B05-MPV-GEN-rust-sa-fixed-1s.jsonl,rust_sa,sa,MPV-GEN-T1-N90-R05,1,90,5,1.0,VALID_COMPLETE,True,31,,,COMPLETED,0.690829467959702
B05-MPV-GEN-rust-sa-fixed-1s.jsonl,rust_sa,sa,MPV-GEN-T1-N90-R06,1,90,6,1.0,VALID_COMPLETE,True,28,,,COMPLETED,0.8274343879893422
B05-MPV-GEN-rust-sa-fixed-1s.jsonl,rust_sa,sa,MPV-GEN-T1-N90-R07,1,90,7,1.0,VALID_COMPLETE,True,24,,,COMPLETED,0.44767877110280097
B05-MPV-GEN-rust-sa-fixed-1s.jsonl,rust_sa,sa,MPV-GEN-T1-N90-R08,1,90,8,1.0,VALID_COMPLETE,True,28,,,COMPLETED,0.7258125441148877
B05-MPV-GEN-rust-sa-fixed-1s.jsonl,rust_sa,sa,MPV-GEN-T1-N90-R09,1,90,9,1.0,VALID_COMPLETE,True,29,,,COMPLETED,0.570298315025866
B05-MPV-GEN-rust-sa-fixed-1s.jsonl,rust_sa,sa,MPV-GEN-T1-N90-R10,1,90,10,1.0,VALID_COMPLETE,True,28,,,COMPLETED,0.6581854380201548
B05-MPV-GEN-rust-sa-fixed-1s.jsonl,rust_sa,sa,MPV-GEN-T6-N30-R01,6,30,1,1.0,VALID_COMPLETE,True,1,,,COMPLETED,0.054419738007709384
B05-MPV-GEN-rust-sa-fixed-1s.jsonl,rust_sa,sa,MPV-GEN-T6-N30-R02,6,30,2,1.0,VALID_COMPLETE,True,1,,,COMPLETED,0.05412183701992035
B05-MPV-GEN-rust-sa-fixed-1s.jsonl,rust_sa,sa,MPV-GEN-T6-N30-R03,6,30,3,1.0,VALID_COMPLETE,True,1,,,COMPLETED,0.09504275489598513
B05-MPV-GEN-rust-sa-fixed-1s.jsonl,rust_sa,sa,MPV-GEN-T6-N30-R04,6,30,4,1.0,VALID_COMPLETE,True,1,,,COMPLETED,0.10402206797152758
B05-MPV-GEN-rust-sa-fixed-1s.jsonl,rust_sa,sa,MPV-GEN-T6-N30-R05,6,30,5,1.0,VALID_COMPLETE,True,1,,,COMPLETED,0.08871976984664798
B05-MPV-GEN-rust-sa-fixed-1s.jsonl,rust_sa,sa,MPV-GEN-T6-N30-R06,6,30,6,1.0,VALID_COMPLETE,True,1,,,COMPLETED,0.12174056796357036
B05-MPV-GEN-rust-sa-fixed-1s.jsonl,rust_sa,sa,MPV-GEN-T6-N30-R07,6,30,7,1.0,VALID_COMPLETE,True,1,,,COMPLETED,0.09686156292445958
B05-MPV-GEN-rust-sa-fixed-1s.jsonl,rust_sa,sa,MPV-GEN-T6-N30-R08,6,30,8,1.0,VALID_COMPLETE,True,1,,,COMPLETED,0.08082971395924687
B05-MPV-GEN-rust-sa-fixed-1s.jsonl,rust_sa,sa,MPV-GEN-T6-N30-R09,6,30,9,1.0,VALID_COMPLETE,True,1,,,COMPLETED,0.06655792309902608
B05-MPV-GEN-rust-sa-fixed-1s.jsonl,rust_sa,sa,MPV-GEN-T6-N30-R10,6,30,10,1.0,VALID_COMPLETE,True,1,,,COMPLETED,0.08026445587165654
B05-MPV-GEN-rust-sa-fixed-1s.jsonl,rust_sa,sa,MPV-GEN-T6-N60-R01,6,60,1,1.0,VALID_COMPLETE,True,1,,,COMPLETED,0.10943431383930147
B05-MPV-GEN-rust-sa-fixed-1s.jsonl,rust_sa,sa,MPV-GEN-T6-N60-R02,6,60,2,1.0,VALID_COMPLETE,True,1,,,COMPLETED,0.10401225322857499
B05-MPV-GEN-rust-sa-fixed-1s.jsonl,rust_sa,sa,MPV-GEN-T6-N60-R03,6,60,3,1.0,VALID_COMPLETE,True,1,,,COMPLETED,0.1292583979666233
B05-MPV-GEN-rust-sa-fixed-1s.jsonl,rust_sa,sa,MPV-GEN-T6-N60-R04,6,60,4,1.0,VALID_COMPLETE,True,1,,,COMPLETED,0.09839137201197445
B05-MPV-GEN-rust-sa-fixed-1s.jsonl,rust_sa,sa,MPV-GEN-T6-N60-R05,6,60,5,1.0,VALID_COMPLETE,True,1,,,COMPLETED,0.1401221479754895
B05-MPV-GEN-rust-sa-fixed-1s.jsonl,rust_sa,sa,MPV-GEN-T6-N60-R06,6,60,6,1.0,VALID_COMPLETE,True,1,,,COMPLETED,0.13764435495249927
B05-MPV-GEN-rust-sa-fixed-1s.jsonl,rust_sa,sa,MPV-GEN-T6-N60-R07,6,60,7,1.0,VALID_COMPLETE,True,1,,,COMPLETED,0.15948637295514345
B05-MPV-GEN-rust-sa-fixed-1s.jsonl,rust_sa,sa,MPV-GEN-T6-N60-R08,6,60,8,1.0,VALID_COMPLETE,True,1,,,COMPLETED,0.10432065487839282
B05-MPV-GEN-rust-sa-fixed-1s.jsonl,rust_sa,sa,MPV-GEN-T6-N60-R09,6,60,9,1.0,VALID_COMPLETE,True,1,,,COMPLETED,0.09354125894606113
B05-MPV-GEN-rust-sa-fixed-1s.jsonl,rust_sa,sa,MPV-GEN-T6-N60-R10,6,60,10,1.0,VALID_COMPLETE,True,1,,,COMPLETED,0.1343171859625727
B05-MPV-GEN-rust-sa-fixed-1s.jsonl,rust_sa,sa,MPV-GEN-T6-N90-R01,6,90,1,1.0,VALID_COMPLETE,True,1,,,COMPLETED,0.25980291212908924
B05-MPV-GEN-rust-sa-fixed-1s.jsonl,rust_sa,sa,MPV-GEN-T6-N90-R02,6,90,2,1.0,VALID_COMPLETE,True,1,,,COMPLETED,0.29179176897741854
B05-MPV-GEN-rust-sa-fixed-1s.jsonl,rust_sa,sa,MPV-GEN-T6-N90-R03,6,90,3,1.0,VALID_COMPLETE,True,1,,,COMPLETED,0.2020221978891641
B05-MPV-GEN-rust-sa-fixed-1s.jsonl,rust_sa,sa,MPV-GEN-T6-N90-R04,6,90,4,1.0,VALID_COMPLETE,True,1,,,COMPLETED,0.18816458596847951
B05-MPV-GEN-rust-sa-fixed-1s.jsonl,rust_sa,sa,MPV-GEN-T6-N90-R05,6,90,5,1.0,VALID_COMPLETE,True,1,,,COMPLETED,0.2507477439939976
B05-MPV-GEN-rust-sa-fixed-1s.jsonl,rust_sa,sa,MPV-GEN-T6-N90-R06,6,90,6,1.0,VALID_COMPLETE,True,1,,,COMPLETED,0.24072413006797433
B05-MPV-GEN-rust-sa-fixed-1s.jsonl,rust_sa,sa,MPV-GEN-T6-N90-R07,6,90,7,1.0,VALID_COMPLETE,True,1,,,COMPLETED,0.3199263559654355
B05-MPV-GEN-rust-sa-fixed-1s.jsonl,rust_sa,sa,MPV-GEN-T6-N90-R08,6,90,8,1.0,VALID_COMPLETE,True,1,,,COMPLETED,0.24825853295624256
B05-MPV-GEN-rust-sa-fixed-1s.jsonl,rust_sa,sa,MPV-GEN-T6-N90-R09,6,90,9,1.0,VALID_COMPLETE,True,1,,,COMPLETED,0.19684519106522202
B05-MPV-GEN-rust-sa-fixed-1s.jsonl,rust_sa,sa,MPV-GEN-T6-N90-R10,6,90,10,1.0,VALID_COMPLETE,True,1,,,COMPLETED,0.22236856096424162
B05-MPV-GEN-rust-sa-fixed-1s.jsonl,rust_sa,sa,MPV-GEN-T7-N30-R01,7,30,1,1.0,VALID_COMPLETE,True,1,,,COMPLETED,0.0946559680160135
B05-MPV-GEN-rust-sa-fixed-1s.jsonl,rust_sa,sa,MPV-GEN-T7-N30-R02,7,30,2,1.0,VALID_COMPLETE,True,1,,,COMPLETED,0.08965400094166398
B05-MPV-GEN-rust-sa-fixed-1s.jsonl,rust_sa,sa,MPV-GEN-T7-N30-R03,7,30,3,1.0,VALID_COMPLETE,True,1,,,COMPLETED,0.13285453105345368
B05-MPV-GEN-rust-sa-fixed-1s.jsonl,rust_sa,sa,MPV-GEN-T7-N30-R04,7,30,4,1.0,VALID_COMPLETE,True,1,,,COMPLETED,0.13445052108727396
B05-MPV-GEN-rust-sa-fixed-1s.jsonl,rust_sa,sa,MPV-GEN-T7-N30-R05,7,30,5,1.0,VALID_COMPLETE,True,1,,,COMPLETED,0.09498914796859026
B05-MPV-GEN-rust-sa-fixed-1s.jsonl,rust_sa,sa,MPV-GEN-T7-N30-R06,7,30,6,1.0,VALID_COMPLETE,True,1,,,COMPLETED,0.09017473412677646
B05-MPV-GEN-rust-sa-fixed-1s.jsonl,rust_sa,sa,MPV-GEN-T7-N30-R07,7,30,7,1.0,VALID_COMPLETE,True,1,,,COMPLETED,0.10935523896478117
B05-MPV-GEN-rust-sa-fixed-1s.jsonl,rust_sa,sa,MPV-GEN-T7-N30-R08,7,30,8,1.0,VALID_COMPLETE,True,1,,,COMPLETED,0.06499610119499266
B05-MPV-GEN-rust-sa-fixed-1s.jsonl,rust_sa,sa,MPV-GEN-T7-N30-R09,7,30,9,1.0,VALID_COMPLETE,True,1,,,COMPLETED,0.09330209298059344
B05-MPV-GEN-rust-sa-fixed-1s.jsonl,rust_sa,sa,MPV-GEN-T7-N30-R10,7,30,10,1.0,VALID_COMPLETE,True,1,,,COMPLETED,0.08556964597664773
B05-MPV-GEN-rust-sa-fixed-1s.jsonl,rust_sa,sa,MPV-GEN-T7-N60-R01,7,60,1,1.0,VALID_COMPLETE,True,2,,,COMPLETED,0.14170845691114664
B05-MPV-GEN-rust-sa-fixed-1s.jsonl,rust_sa,sa,MPV-GEN-T7-N60-R02,7,60,2,1.0,VALID_COMPLETE,True,2,,,COMPLETED,0.19844485516659915
B05-MPV-GEN-rust-sa-fixed-1s.jsonl,rust_sa,sa,MPV-GEN-T7-N60-R03,7,60,3,1.0,VALID_COMPLETE,True,1,,,COMPLETED,0.11268171714618802
B05-MPV-GEN-rust-sa-fixed-1s.jsonl,rust_sa,sa,MPV-GEN-T7-N60-R04,7,60,4,1.0,VALID_COMPLETE,True,1,,,COMPLETED,0.08276854688301682
B05-MPV-GEN-rust-sa-fixed-1s.jsonl,rust_sa,sa,MPV-GEN-T7-N60-R05,7,60,5,1.0,VALID_COMPLETE,True,1,,,COMPLETED,0.17102693486958742
B05-MPV-GEN-rust-sa-fixed-1s.jsonl,rust_sa,sa,MPV-GEN-T7-N60-R06,7,60,6,1.0,VALID_COMPLETE,True,1,,,COMPLETED,0.12076420709490776
B05-MPV-GEN-rust-sa-fixed-1s.jsonl,rust_sa,sa,MPV-GEN-T7-N60-R07,7,60,7,1.0,VALID_COMPLETE,True,1,,,COMPLETED,0.1900762189179659
B05-MPV-GEN-rust-sa-fixed-1s.jsonl,rust_sa,sa,MPV-GEN-T7-N60-R08,7,60,8,1.0,VALID_COMPLETE,True,1,,,COMPLETED,0.17556570493616164
B05-MPV-GEN-rust-sa-fixed-1s.jsonl,rust_sa,sa,MPV-GEN-T7-N60-R09,7,60,9,1.0,VALID_COMPLETE,True,1,,,COMPLETED,0.11673414404504001
B05-MPV-GEN-rust-sa-fixed-1s.jsonl,rust_sa,sa,MPV-GEN-T7-N60-R10,7,60,10,1.0,VALID_COMPLETE,True,1,,,COMPLETED,0.09089083690196276
B05-MPV-GEN-rust-sa-fixed-1s.jsonl,rust_sa,sa,MPV-GEN-T7-N90-R01,7,90,1,1.0,VALID_COMPLETE,True,2,,,COMPLETED,0.20207058498635888
B05-MPV-GEN-rust-sa-fixed-1s.jsonl,rust_sa,sa,MPV-GEN-T7-N90-R02,7,90,2,1.0,VALID_COMPLETE,True,2,,,COMPLETED,0.20937231089919806
B05-MPV-GEN-rust-sa-fixed-1s.jsonl,rust_sa,sa,MPV-GEN-T7-N90-R03,7,90,3,1.0,VALID_COMPLETE,True,2,,,COMPLETED,0.22768591903150082
B05-MPV-GEN-rust-sa-fixed-1s.jsonl,rust_sa,sa,MPV-GEN-T7-N90-R04,7,90,4,1.0,VALID_COMPLETE,True,2,,,COMPLETED,0.29027788201346993
B05-MPV-GEN-rust-sa-fixed-1s.jsonl,rust_sa,sa,MPV-GEN-T7-N90-R05,7,90,5,1.0,VALID_COMPLETE,True,2,,,COMPLETED,0.4441408538259566
B05-MPV-GEN-rust-sa-fixed-1s.jsonl,rust_sa,sa,MPV-GEN-T7-N90-R06,7,90,6,1.0,VALID_COMPLETE,True,2,,,COMPLETED,0.3567379619926214
B05-MPV-GEN-rust-sa-fixed-1s.jsonl,rust_sa,sa,MPV-GEN-T7-N90-R07,7,90,7,1.0,VALID_COMPLETE,True,2,,,COMPLETED,0.27756772306747735
B05-MPV-GEN-rust-sa-fixed-1s.jsonl,rust_sa,sa,MPV-GEN-T7-N90-R08,7,90,8,1.0,VALID_COMPLETE,True,2,,,COMPLETED,0.18925216398201883
B05-MPV-GEN-rust-sa-fixed-1s.jsonl,rust_sa,sa,MPV-GEN-T7-N90-R09,7,90,9,1.0,VALID_COMPLETE,True,2,,,COMPLETED,0.21461832313798368
B05-MPV-GEN-rust-sa-fixed-1s.jsonl,rust_sa,sa,MPV-GEN-T7-N90-R10,7,90,10,1.0,VALID_COMPLETE,True,2,,,COMPLETED,0.24378578318282962
B05-MPV-GEN-rust-sa-fixed-1s.jsonl,rust_sa,sa,MPV-GEN-T8-N30-R01,8,30,1,1.0,VALID_COMPLETE,True,7,,,COMPLETED,0.07335655484348536
B05-MPV-GEN-rust-sa-fixed-1s.jsonl,rust_sa,sa,MPV-GEN-T8-N30-R02,8,30,2,1.0,VALID_COMPLETE,True,6,,,COMPLETED,0.10118408896960318
B05-MPV-GEN-rust-sa-fixed-1s.jsonl,rust_sa,sa,MPV-GEN-T8-N30-R03,8,30,3,1.0,VALID_COMPLETE,True,9,,,COMPLETED,0.10750624816864729
B05-MPV-GEN-rust-sa-fixed-1s.jsonl,rust_sa,sa,MPV-GEN-T8-N30-R04,8,30,4,1.0,VALID_COMPLETE,True,6,,,COMPLETED,0.07032573712058365
B05-MPV-GEN-rust-sa-fixed-1s.jsonl,rust_sa,sa,MPV-GEN-T8-N30-R05,8,30,5,1.0,VALID_COMPLETE,True,8,,,COMPLETED,0.23120949999429286
B05-MPV-GEN-rust-sa-fixed-1s.jsonl,rust_sa,sa,MPV-GEN-T8-N30-R06,8,30,6,1.0,VALID_COMPLETE,True,8,,,COMPLETED,0.12523902812972665
B05-MPV-GEN-rust-sa-fixed-1s.jsonl,rust_sa,sa,MPV-GEN-T8-N30-R07,8,30,7,1.0,VALID_COMPLETE,True,7,,,COMPLETED,0.08977221394889057
B05-MPV-GEN-rust-sa-fixed-1s.jsonl,rust_sa,sa,MPV-GEN-T8-N30-R08,8,30,8,1.0,VALID_COMPLETE,True,7,,,COMPLETED,0.12648143991827965
B05-MPV-GEN-rust-sa-fixed-1s.jsonl,rust_sa,sa,MPV-GEN-T8-N30-R09,8,30,9,1.0,VALID_COMPLETE,True,11,,,COMPLETED,0.1264711730182171
B05-MPV-GEN-rust-sa-fixed-1s.jsonl,rust_sa,sa,MPV-GEN-T8-N30-R10,8,30,10,1.0,VALID_COMPLETE,True,6,,,COMPLETED,0.1414490300230682
B05-MPV-GEN-rust-sa-fixed-1s.jsonl,rust_sa,sa,MPV-GEN-T8-N60-R01,8,60,1,1.0,VALID_COMPLETE,True,18,,,COMPLETED,0.2703966139815748
B05-MPV-GEN-rust-sa-fixed-1s.jsonl,rust_sa,sa,MPV-GEN-T8-N60-R02,8,60,2,1.0,VALID_COMPLETE,True,17,,,COMPLETED,0.3198124850168824
B05-MPV-GEN-rust-sa-fixed-1s.jsonl,rust_sa,sa,MPV-GEN-T8-N60-R03,8,60,3,1.0,VALID_COMPLETE,True,16,,,COMPLETED,0.2515232351142913
B05-MPV-GEN-rust-sa-fixed-1s.jsonl,rust_sa,sa,MPV-GEN-T8-N60-R04,8,60,4,1.0,VALID_COMPLETE,True,12,,,COMPLETED,0.40667358809150755
B05-MPV-GEN-rust-sa-fixed-1s.jsonl,rust_sa,sa,MPV-GEN-T8-N60-R05,8,60,5,1.0,VALID_COMPLETE,True,16,,,COMPLETED,0.29315809695981443
B05-MPV-GEN-rust-sa-fixed-1s.jsonl,rust_sa,sa,MPV-GEN-T8-N60-R06,8,60,6,1.0,VALID_COMPLETE,True,14,,,COMPLETED,0.41093895002268255
B05-MPV-GEN-rust-sa-fixed-1s.jsonl,rust_sa,sa,MPV-GEN-T8-N60-R07,8,60,7,1.0,VALID_COMPLETE,True,14,,,COMPLETED,0.15657525998540223
B05-MPV-GEN-rust-sa-fixed-1s.jsonl,rust_sa,sa,MPV-GEN-T8-N60-R08,8,60,8,1.0,VALID_COMPLETE,True,12,,,COMPLETED,0.2726028189063072
B05-MPV-GEN-rust-sa-fixed-1s.jsonl,rust_sa,sa,MPV-GEN-T8-N60-R09,8,60,9,1.0,VALID_COMPLETE,True,13,,,COMPLETED,0.17142359004355967
B05-MPV-GEN-rust-sa-fixed-1s.jsonl,rust_sa,sa,MPV-GEN-T8-N60-R10,8,60,10,1.0,VALID_COMPLETE,True,16,,,COMPLETED,0.28871557489037514
B05-MPV-GEN-rust-sa-fixed-1s.jsonl,rust_sa,sa,MPV-GEN-T8-N90-R01,8,90,1,1.0,VALID_COMPLETE,True,16,,,COMPLETED,0.3524544690735638
B05-MPV-GEN-rust-sa-fixed-1s.jsonl,rust_sa,sa,MPV-GEN-T8-N90-R02,8,90,2,1.0,VALID_COMPLETE,True,16,,,COMPLETED,0.46204894385300577
B05-MPV-GEN-rust-sa-fixed-1s.jsonl,rust_sa,sa,MPV-GEN-T8-N90-R03,8,90,3,1.0,VALID_COMPLETE,True,23,,,COMPLETED,0.32467428501695395
B05-MPV-GEN-rust-sa-fixed-1s.jsonl,rust_sa,sa,MPV-GEN-T8-N90-R04,8,90,4,1.0,VALID_COMPLETE,True,21,,,COMPLETED,0.6046222120057791
B05-MPV-GEN-rust-sa-fixed-1s.jsonl,rust_sa,sa,MPV-GEN-T8-N90-R05,8,90,5,1.0,VALID_COMPLETE,True,19,,,COMPLETED,0.4941361239179969
B05-MPV-GEN-rust-sa-fixed-1s.jsonl,rust_sa,sa,MPV-GEN-T8-N90-R06,8,90,6,1.0,VALID_COMPLETE,True,21,,,COMPLETED,0.41170963016338646
B05-MPV-GEN-rust-sa-fixed-1s.jsonl,rust_sa,sa,MPV-GEN-T8-N90-R07,8,90,7,1.0,VALID_COMPLETE,True,20,,,COMPLETED,0.4510130120906979
B05-MPV-GEN-rust-sa-fixed-1s.jsonl,rust_sa,sa,MPV-GEN-T8-N90-R08,8,90,8,1.0,VALID_COMPLETE,True,19,,,COMPLETED,0.4419824620708823
B05-MPV-GEN-rust-sa-fixed-1s.jsonl,rust_sa,sa,MPV-GEN-T8-N90-R09,8,90,9,1.0,VALID_COMPLETE,True,21,,,COMPLETED,0.47069095098413527
B05-MPV-GEN-rust-sa-fixed-1s.jsonl,rust_sa,sa,MPV-GEN-T8-N90-R10,8,90,10,1.0,VALID_COMPLETE,True,20,,,COMPLETED,0.4240694718901068
B05-MPV-GEN-rust-sa-fixed-1s.jsonl,rust_sa,sa,MPV-GEN-T9-N30-R01,9,30,1,1.0,VALID_COMPLETE,True,5,,,COMPLETED,0.20840262691490352
B05-MPV-GEN-rust-sa-fixed-1s.jsonl,rust_sa,sa,MPV-GEN-T9-N30-R02,9,30,2,1.0,VALID_COMPLETE,True,5,,,COMPLETED,0.10669822199270129
B05-MPV-GEN-rust-sa-fixed-1s.jsonl,rust_sa,sa,MPV-GEN-T9-N30-R03,9,30,3,1.0,VALID_COMPLETE,True,4,,,COMPLETED,0.07864728500135243
B05-MPV-GEN-rust-sa-fixed-1s.jsonl,rust_sa,sa,MPV-GEN-T9-N30-R04,9,30,4,1.0,VALID_COMPLETE,True,5,,,COMPLETED,0.07616591081023216
B05-MPV-GEN-rust-sa-fixed-1s.jsonl,rust_sa,sa,MPV-GEN-T9-N30-R05,9,30,5,1.0,VALID_COMPLETE,True,4,,,COMPLETED,0.20721978298388422
B05-MPV-GEN-rust-sa-fixed-1s.jsonl,rust_sa,sa,MPV-GEN-T9-N30-R06,9,30,6,1.0,VALID_COMPLETE,True,6,,,COMPLETED,0.1607186070177704
B05-MPV-GEN-rust-sa-fixed-1s.jsonl,rust_sa,sa,MPV-GEN-T9-N30-R07,9,30,7,1.0,VALID_COMPLETE,True,5,,,COMPLETED,0.1588811781257391
B05-MPV-GEN-rust-sa-fixed-1s.jsonl,rust_sa,sa,MPV-GEN-T9-N30-R08,9,30,8,1.0,VALID_COMPLETE,True,5,,,COMPLETED,0.07121553900651634
B05-MPV-GEN-rust-sa-fixed-1s.jsonl,rust_sa,sa,MPV-GEN-T9-N30-R09,9,30,9,1.0,VALID_COMPLETE,True,5,,,COMPLETED,0.1291292489040643
B05-MPV-GEN-rust-sa-fixed-1s.jsonl,rust_sa,sa,MPV-GEN-T9-N30-R10,9,30,10,1.0,VALID_COMPLETE,True,5,,,COMPLETED,0.16813691705465317
B05-MPV-GEN-rust-sa-fixed-1s.jsonl,rust_sa,sa,MPV-GEN-T9-N60-R01,9,60,1,1.0,VALID_COMPLETE,True,6,,,COMPLETED,0.11821660888381302
B05-MPV-GEN-rust-sa-fixed-1s.jsonl,rust_sa,sa,MPV-GEN-T9-N60-R02,9,60,2,1.0,VALID_COMPLETE,True,6,,,COMPLETED,0.1699275888968259
B05-MPV-GEN-rust-sa-fixed-1s.jsonl,rust_sa,sa,MPV-GEN-T9-N60-R03,9,60,3,1.0,VALID_COMPLETE,True,5,,,COMPLETED,0.13754479307681322
B05-MPV-GEN-rust-sa-fixed-1s.jsonl,rust_sa,sa,MPV-GEN-T9-N60-R04,9,60,4,1.0,VALID_COMPLETE,True,5,,,COMPLETED,0.10661791590973735
B05-MPV-GEN-rust-sa-fixed-1s.jsonl,rust_sa,sa,MPV-GEN-T9-N60-R05,9,60,5,1.0,VALID_COMPLETE,True,6,,,COMPLETED,0.13611999596469104
B05-MPV-GEN-rust-sa-fixed-1s.jsonl,rust_sa,sa,MPV-GEN-T9-N60-R06,9,60,6,1.0,VALID_COMPLETE,True,5,,,COMPLETED,0.14093297207728028
B05-MPV-GEN-rust-sa-fixed-1s.jsonl,rust_sa,sa,MPV-GEN-T9-N60-R07,9,60,7,1.0,VALID_COMPLETE,True,5,,,COMPLETED,0.1317463810555637
B05-MPV-GEN-rust-sa-fixed-1s.jsonl,rust_sa,sa,MPV-GEN-T9-N60-R08,9,60,8,1.0,VALID_COMPLETE,True,5,,,COMPLETED,0.10869045509025455
B05-MPV-GEN-rust-sa-fixed-1s.jsonl,rust_sa,sa,MPV-GEN-T9-N60-R09,9,60,9,1.0,VALID_COMPLETE,True,6,,,COMPLETED,0.1601636321283877
B05-MPV-GEN-rust-sa-fixed-1s.jsonl,rust_sa,sa,MPV-GEN-T9-N60-R10,9,60,10,1.0,VALID_COMPLETE,True,6,,,COMPLETED,0.0984703020658344
B05-MPV-GEN-rust-sa-fixed-1s.jsonl,rust_sa,sa,MPV-GEN-T9-N90-R01,9,90,1,1.0,VALID_COMPLETE,True,6,,,COMPLETED,0.14094625297002494
B05-MPV-GEN-rust-sa-fixed-1s.jsonl,rust_sa,sa,MPV-GEN-T9-N90-R02,9,90,2,1.0,VALID_COMPLETE,True,6,,,COMPLETED,0.17675973800942302
B05-MPV-GEN-rust-sa-fixed-1s.jsonl,rust_sa,sa,MPV-GEN-T9-N90-R03,9,90,3,1.0,VALID_COMPLETE,True,7,,,COMPLETED,0.16193370684050024
B05-MPV-GEN-rust-sa-fixed-1s.jsonl,rust_sa,sa,MPV-GEN-T9-N90-R04,9,90,4,1.0,VALID_COMPLETE,True,6,,,COMPLETED,0.1944964318536222
B05-MPV-GEN-rust-sa-fixed-1s.jsonl,rust_sa,sa,MPV-GEN-T9-N90-R05,9,90,5,1.0,VALID_COMPLETE,True,7,,,COMPLETED,0.19832621212117374
B05-MPV-GEN-rust-sa-fixed-1s.jsonl,rust_sa,sa,MPV-GEN-T9-N90-R06,9,90,6,1.0,VALID_COMPLETE,True,6,,,COMPLETED,0.15441066795028746
B05-MPV-GEN-rust-sa-fixed-1s.jsonl,rust_sa,sa,MPV-GEN-T9-N90-R07,9,90,7,1.0,VALID_COMPLETE,True,7,,,COMPLETED,0.12779636401683092
B05-MPV-GEN-rust-sa-fixed-1s.jsonl,rust_sa,sa,MPV-GEN-T9-N90-R08,9,90,8,1.0,VALID_COMPLETE,True,6,,,COMPLETED,0.1009287319611758
B05-MPV-GEN-rust-sa-fixed-1s.jsonl,rust_sa,sa,MPV-GEN-T9-N90-R09,9,90,9,1.0,VALID_COMPLETE,True,6,,,COMPLETED,0.10043207905255258
B05-MPV-GEN-rust-sa-fixed-1s.jsonl,rust_sa,sa,MPV-GEN-T9-N90-R10,9,90,10,1.0,VALID_COMPLETE,True,6,,,COMPLETED,0.09069507103413343
B05-MPV-GEN-skjolber-fastbrute-fixed-10s-final.jsonl,skjolber_fast_brute_force,fast_brute_force,MPV-GEN-T1-N30-R01,1,30,1,10.0,INVALID_CERTIFICATE,False,0,,,COMPLETED,
B05-MPV-GEN-skjolber-fastbrute-fixed-10s-final.jsonl,skjolber_fast_brute_force,fast_brute_force,MPV-GEN-T1-N30-R02,1,30,2,10.0,INVALID_CERTIFICATE,False,0,,,COMPLETED,
B05-MPV-GEN-skjolber-fastbrute-fixed-10s-final.jsonl,skjolber_fast_brute_force,fast_brute_force,MPV-GEN-T1-N30-R03,1,30,3,10.0,INVALID_CERTIFICATE,False,0,,,COMPLETED,
B05-MPV-GEN-skjolber-fastbrute-fixed-10s-final.jsonl,skjolber_fast_brute_force,fast_brute_force,MPV-GEN-T1-N30-R04,1,30,4,10.0,INVALID_CERTIFICATE,False,0,,,COMPLETED,
B05-MPV-GEN-skjolber-fastbrute-fixed-10s-final.jsonl,skjolber_fast_brute_force,fast_brute_force,MPV-GEN-T1-N30-R05,1,30,5,10.0,INVALID_CERTIFICATE,False,0,,,COMPLETED,
B05-MPV-GEN-skjolber-fastbrute-fixed-10s-final.jsonl,skjolber_fast_brute_force,fast_brute_force,MPV-GEN-T1-N30-R06,1,30,6,10.0,INVALID_CERTIFICATE,False,0,,,COMPLETED,
B05-MPV-GEN-skjolber-fastbrute-fixed-10s-final.jsonl,skjolber_fast_brute_force,fast_brute_force,MPV-GEN-T1-N30-R07,1,30,7,10.0,INVALID_CERTIFICATE,False,0,,,COMPLETED,
B05-MPV-GEN-skjolber-fastbrute-fixed-10s-final.jsonl,skjolber_fast_brute_force,fast_brute_force,MPV-GEN-T1-N30-R08,1,30,8,10.0,INVALID_CERTIFICATE,False,0,,,COMPLETED,
B05-MPV-GEN-skjolber-fastbrute-fixed-10s-final.jsonl,skjolber_fast_brute_force,fast_brute_force,MPV-GEN-T1-N30-R09,1,30,9,10.0,INVALID_CERTIFICATE,False,0,,,COMPLETED,
B05-MPV-GEN-skjolber-fastbrute-fixed-10s-final.jsonl,skjolber_fast_brute_force,fast_brute_force,MPV-GEN-T1-N30-R10,1,30,10,10.0,INVALID_CERTIFICATE,False,0,,,COMPLETED,
B05-MPV-GEN-skjolber-fastbrute-fixed-10s-final.jsonl,skjolber_fast_brute_force,fast_brute_force,MPV-GEN-T1-N60-R01,1,60,1,10.0,INVALID_CERTIFICATE,False,0,,,COMPLETED,
B05-MPV-GEN-skjolber-fastbrute-fixed-10s-final.jsonl,skjolber_fast_brute_force,fast_brute_force,MPV-GEN-T1-N60-R02,1,60,2,10.0,INVALID_CERTIFICATE,False,0,,,COMPLETED,
B05-MPV-GEN-skjolber-fastbrute-fixed-10s-final.jsonl,skjolber_fast_brute_force,fast_brute_force,MPV-GEN-T1-N60-R03,1,60,3,10.0,INVALID_CERTIFICATE,False,0,,,COMPLETED,
B05-MPV-GEN-skjolber-fastbrute-fixed-10s-final.jsonl,skjolber_fast_brute_force,fast_brute_force,MPV-GEN-T1-N60-R04,1,60,4,10.0,INVALID_CERTIFICATE,False,0,,,COMPLETED,
B05-MPV-GEN-skjolber-fastbrute-fixed-10s-final.jsonl,skjolber_fast_brute_force,fast_brute_force,MPV-GEN-T1-N60-R05,1,60,5,10.0,INVALID_CERTIFICATE,False,0,,,COMPLETED,
B05-MPV-GEN-skjolber-fastbrute-fixed-10s-final.jsonl,skjolber_fast_brute_force,fast_brute_force,MPV-GEN-T1-N60-R06,1,60,6,10.0,INVALID_CERTIFICATE,False,0,,,COMPLETED,
B05-MPV-GEN-skjolber-fastbrute-fixed-10s-final.jsonl,skjolber_fast_brute_force,fast_brute_force,MPV-GEN-T1-N60-R07,1,60,7,10.0,INVALID_CERTIFICATE,False,0,,,COMPLETED,
B05-MPV-GEN-skjolber-fastbrute-fixed-10s-final.jsonl,skjolber_fast_brute_force,fast_brute_force,MPV-GEN-T1-N60-R08,1,60,8,10.0,INVALID_CERTIFICATE,False,0,,,COMPLETED,
B05-MPV-GEN-skjolber-fastbrute-fixed-10s-final.jsonl,skjolber_fast_brute_force,fast_brute_force,MPV-GEN-T1-N60-R09,1,60,9,10.0,INVALID_CERTIFICATE,False,0,,,COMPLETED,
B05-MPV-GEN-skjolber-fastbrute-fixed-10s-final.jsonl,skjolber_fast_brute_force,fast_brute_force,MPV-GEN-T1-N60-R10,1,60,10,10.0,INVALID_CERTIFICATE,False,0,,,COMPLETED,
B05-MPV-GEN-skjolber-fastbrute-fixed-10s-final.jsonl,skjolber_fast_brute_force,fast_brute_force,MPV-GEN-T1-N90-R01,1,90,1,10.0,INVALID_CERTIFICATE,False,0,,,COMPLETED,
B05-MPV-GEN-skjolber-fastbrute-fixed-10s-final.jsonl,skjolber_fast_brute_force,fast_brute_force,MPV-GEN-T1-N90-R02,1,90,2,10.0,INVALID_CERTIFICATE,False,0,,,COMPLETED,
B05-MPV-GEN-skjolber-fastbrute-fixed-10s-final.jsonl,skjolber_fast_brute_force,fast_brute_force,MPV-GEN-T1-N90-R03,1,90,3,10.0,INVALID_CERTIFICATE,False,0,,,COMPLETED,
B05-MPV-GEN-skjolber-fastbrute-fixed-10s-final.jsonl,skjolber_fast_brute_force,fast_brute_force,MPV-GEN-T1-N90-R04,1,90,4,10.0,INVALID_CERTIFICATE,False,0,,,COMPLETED,
B05-MPV-GEN-skjolber-fastbrute-fixed-10s-final.jsonl,skjolber_fast_brute_force,fast_brute_force,MPV-GEN-T1-N90-R05,1,90,5,10.0,INVALID_CERTIFICATE,False,0,,,COMPLETED,
B05-MPV-GEN-skjolber-fastbrute-fixed-10s-final.jsonl,skjolber_fast_brute_force,fast_brute_force,MPV-GEN-T1-N90-R06,1,90,6,10.0,INVALID_CERTIFICATE,False,0,,,COMPLETED,
B05-MPV-GEN-skjolber-fastbrute-fixed-10s-final.jsonl,skjolber_fast_brute_force,fast_brute_force,MPV-GEN-T1-N90-R07,1,90,7,10.0,INVALID_CERTIFICATE,False,0,,,COMPLETED,
B05-MPV-GEN-skjolber-fastbrute-fixed-10s-final.jsonl,skjolber_fast_brute_force,fast_brute_force,MPV-GEN-T1-N90-R08,1,90,8,10.0,INVALID_CERTIFICATE,False,0,,,COMPLETED,
B05-MPV-GEN-skjolber-fastbrute-fixed-10s-final.jsonl,skjolber_fast_brute_force,fast_brute_force,MPV-GEN-T1-N90-R09,1,90,9,10.0,INVALID_CERTIFICATE,False,0,,,COMPLETED,
B05-MPV-GEN-skjolber-fastbrute-fixed-10s-final.jsonl,skjolber_fast_brute_force,fast_brute_force,MPV-GEN-T1-N90-R10,1,90,10,10.0,INVALID_CERTIFICATE,False,0,,,COMPLETED,
B05-MPV-GEN-skjolber-fastbrute-fixed-10s-final.jsonl,skjolber_fast_brute_force,fast_brute_force,MPV-GEN-T6-N30-R01,6,30,1,10.0,VALID_COMPLETE,True,1,,,COMPLETED,
B05-MPV-GEN-skjolber-fastbrute-fixed-10s-final.jsonl,skjolber_fast_brute_force,fast_brute_force,MPV-GEN-T6-N30-R02,6,30,2,10.0,VALID_COMPLETE,True,1,,,COMPLETED,
B05-MPV-GEN-skjolber-fastbrute-fixed-10s-final.jsonl,skjolber_fast_brute_force,fast_brute_force,MPV-GEN-T6-N30-R03,6,30,3,10.0,VALID_COMPLETE,True,1,,,COMPLETED,
B05-MPV-GEN-skjolber-fastbrute-fixed-10s-final.jsonl,skjolber_fast_brute_force,fast_brute_force,MPV-GEN-T6-N30-R04,6,30,4,10.0,VALID_COMPLETE,True,1,,,COMPLETED,
B05-MPV-GEN-skjolber-fastbrute-fixed-10s-final.jsonl,skjolber_fast_brute_force,fast_brute_force,MPV-GEN-T6-N30-R05,6,30,5,10.0,VALID_COMPLETE,True,1,,,COMPLETED,
B05-MPV-GEN-skjolber-fastbrute-fixed-10s-final.jsonl,skjolber_fast_brute_force,fast_brute_force,MPV-GEN-T6-N30-R06,6,30,6,10.0,VALID_COMPLETE,True,1,,,COMPLETED,
B05-MPV-GEN-skjolber-fastbrute-fixed-10s-final.jsonl,skjolber_fast_brute_force,fast_brute_force,MPV-GEN-T6-N30-R07,6,30,7,10.0,VALID_COMPLETE,True,1,,,COMPLETED,
B05-MPV-GEN-skjolber-fastbrute-fixed-10s-final.jsonl,skjolber_fast_brute_force,fast_brute_force,MPV-GEN-T6-N30-R08,6,30,8,10.0,VALID_COMPLETE,True,1,,,COMPLETED,
B05-MPV-GEN-skjolber-fastbrute-fixed-10s-final.jsonl,skjolber_fast_brute_force,fast_brute_force,MPV-GEN-T6-N30-R09,6,30,9,10.0,VALID_COMPLETE,True,1,,,COMPLETED,
B05-MPV-GEN-skjolber-fastbrute-fixed-10s-final.jsonl,skjolber_fast_brute_force,fast_brute_force,MPV-GEN-T6-N30-R10,6,30,10,10.0,VALID_COMPLETE,True,1,,,COMPLETED,
B05-MPV-GEN-skjolber-fastbrute-fixed-10s-final.jsonl,skjolber_fast_brute_force,fast_brute_force,MPV-GEN-T6-N60-R01,6,60,1,10.0,VALID_COMPLETE,True,1,,,COMPLETED,
B05-MPV-GEN-skjolber-fastbrute-fixed-10s-final.jsonl,skjolber_fast_brute_force,fast_brute_force,MPV-GEN-T6-N60-R02,6,60,2,10.0,VALID_COMPLETE,True,1,,,COMPLETED,
B05-MPV-GEN-skjolber-fastbrute-fixed-10s-final.jsonl,skjolber_fast_brute_force,fast_brute_force,MPV-GEN-T6-N60-R03,6,60,3,10.0,VALID_COMPLETE,True,1,,,COMPLETED,
B05-MPV-GEN-skjolber-fastbrute-fixed-10s-final.jsonl,skjolber_fast_brute_force,fast_brute_force,MPV-GEN-T6-N60-R04,6,60,4,10.0,VALID_COMPLETE,True,1,,,COMPLETED,
B05-MPV-GEN-skjolber-fastbrute-fixed-10s-final.jsonl,skjolber_fast_brute_force,fast_brute_force,MPV-GEN-T6-N60-R05,6,60,5,10.0,VALID_COMPLETE,True,1,,,COMPLETED,
B05-MPV-GEN-skjolber-fastbrute-fixed-10s-final.jsonl,skjolber_fast_brute_force,fast_brute_force,MPV-GEN-T6-N60-R06,6,60,6,10.0,VALID_COMPLETE,True,1,,,COMPLETED,
B05-MPV-GEN-skjolber-fastbrute-fixed-10s-final.jsonl,skjolber_fast_brute_force,fast_brute_force,MPV-GEN-T6-N60-R07,6,60,7,10.0,VALID_COMPLETE,True,1,,,COMPLETED,
B05-MPV-GEN-skjolber-fastbrute-fixed-10s-final.jsonl,skjolber_fast_brute_force,fast_brute_force,MPV-GEN-T6-N60-R08,6,60,8,10.0,VALID_COMPLETE,True,1,,,COMPLETED,
B05-MPV-GEN-skjolber-fastbrute-fixed-10s-final.jsonl,skjolber_fast_brute_force,fast_brute_force,MPV-GEN-T6-N60-R09,6,60,9,10.0,VALID_COMPLETE,True,1,,,COMPLETED,
B05-MPV-GEN-skjolber-fastbrute-fixed-10s-final.jsonl,skjolber_fast_brute_force,fast_brute_force,MPV-GEN-T6-N60-R10,6,60,10,10.0,VALID_COMPLETE,True,1,,,COMPLETED,
B05-MPV-GEN-skjolber-fastbrute-fixed-10s-final.jsonl,skjolber_fast_brute_force,fast_brute_force,MPV-GEN-T6-N90-R01,6,90,1,10.0,VALID_COMPLETE,True,1,,,COMPLETED,
B05-MPV-GEN-skjolber-fastbrute-fixed-10s-final.jsonl,skjolber_fast_brute_force,fast_brute_force,MPV-GEN-T6-N90-R02,6,90,2,10.0,VALID_COMPLETE,True,1,,,COMPLETED,
B05-MPV-GEN-skjolber-fastbrute-fixed-10s-final.jsonl,skjolber_fast_brute_force,fast_brute_force,MPV-GEN-T6-N90-R03,6,90,3,10.0,VALID_COMPLETE,True,1,,,COMPLETED,
B05-MPV-GEN-skjolber-fastbrute-fixed-10s-final.jsonl,skjolber_fast_brute_force,fast_brute_force,MPV-GEN-T6-N90-R04,6,90,4,10.0,VALID_COMPLETE,True,1,,,COMPLETED,
B05-MPV-GEN-skjolber-fastbrute-fixed-10s-final.jsonl,skjolber_fast_brute_force,fast_brute_force,MPV-GEN-T6-N90-R05,6,90,5,10.0,VALID_COMPLETE,True,1,,,COMPLETED,
B05-MPV-GEN-skjolber-fastbrute-fixed-10s-final.jsonl,skjolber_fast_brute_force,fast_brute_force,MPV-GEN-T6-N90-R06,6,90,6,10.0,VALID_COMPLETE,True,1,,,COMPLETED,
B05-MPV-GEN-skjolber-fastbrute-fixed-10s-final.jsonl,skjolber_fast_brute_force,fast_brute_force,MPV-GEN-T6-N90-R07,6,90,7,10.0,VALID_COMPLETE,True,1,,,COMPLETED,
B05-MPV-GEN-skjolber-fastbrute-fixed-10s-final.jsonl,skjolber_fast_brute_force,fast_brute_force,MPV-GEN-T6-N90-R08,6,90,8,10.0,VALID_COMPLETE,True,1,,,COMPLETED,
B05-MPV-GEN-skjolber-fastbrute-fixed-10s-final.jsonl,skjolber_fast_brute_force,fast_brute_force,MPV-GEN-T6-N90-R09,6,90,9,10.0,VALID_COMPLETE,True,1,,,COMPLETED,
B05-MPV-GEN-skjolber-fastbrute-fixed-10s-final.jsonl,skjolber_fast_brute_force,fast_brute_force,MPV-GEN-T6-N90-R10,6,90,10,10.0,VALID_COMPLETE,True,1,,,COMPLETED,
B05-MPV-GEN-skjolber-fastbrute-fixed-10s-final.jsonl,skjolber_fast_brute_force,fast_brute_force,MPV-GEN-T7-N30-R01,7,30,1,10.0,VALID_COMPLETE,True,1,,,COMPLETED,
B05-MPV-GEN-skjolber-fastbrute-fixed-10s-final.jsonl,skjolber_fast_brute_force,fast_brute_force,MPV-GEN-T7-N30-R02,7,30,2,10.0,VALID_COMPLETE,True,1,,,COMPLETED,
B05-MPV-GEN-skjolber-fastbrute-fixed-10s-final.jsonl,skjolber_fast_brute_force,fast_brute_force,MPV-GEN-T7-N30-R03,7,30,3,10.0,VALID_COMPLETE,True,1,,,COMPLETED,
B05-MPV-GEN-skjolber-fastbrute-fixed-10s-final.jsonl,skjolber_fast_brute_force,fast_brute_force,MPV-GEN-T7-N30-R04,7,30,4,10.0,VALID_COMPLETE,True,1,,,COMPLETED,
B05-MPV-GEN-skjolber-fastbrute-fixed-10s-final.jsonl,skjolber_fast_brute_force,fast_brute_force,MPV-GEN-T7-N30-R05,7,30,5,10.0,VALID_COMPLETE,True,1,,,COMPLETED,
B05-MPV-GEN-skjolber-fastbrute-fixed-10s-final.jsonl,skjolber_fast_brute_force,fast_brute_force,MPV-GEN-T7-N30-R06,7,30,6,10.0,VALID_COMPLETE,True,1,,,COMPLETED,
B05-MPV-GEN-skjolber-fastbrute-fixed-10s-final.jsonl,skjolber_fast_brute_force,fast_brute_force,MPV-GEN-T7-N30-R07,7,30,7,10.0,VALID_COMPLETE,True,1,,,COMPLETED,
B05-MPV-GEN-skjolber-fastbrute-fixed-10s-final.jsonl,skjolber_fast_brute_force,fast_brute_force,MPV-GEN-T7-N30-R08,7,30,8,10.0,VALID_COMPLETE,True,1,,,COMPLETED,
B05-MPV-GEN-skjolber-fastbrute-fixed-10s-final.jsonl,skjolber_fast_brute_force,fast_brute_force,MPV-GEN-T7-N30-R09,7,30,9,10.0,VALID_COMPLETE,True,1,,,COMPLETED,
B05-MPV-GEN-skjolber-fastbrute-fixed-10s-final.jsonl,skjolber_fast_brute_force,fast_brute_force,MPV-GEN-T7-N30-R10,7,30,10,10.0,VALID_COMPLETE,True,1,,,COMPLETED,
B05-MPV-GEN-skjolber-fastbrute-fixed-10s-final.jsonl,skjolber_fast_brute_force,fast_brute_force,MPV-GEN-T7-N60-R01,7,60,1,10.0,VALID_COMPLETE,True,1,,,COMPLETED,
B05-MPV-GEN-skjolber-fastbrute-fixed-10s-final.jsonl,skjolber_fast_brute_force,fast_brute_force,MPV-GEN-T7-N60-R02,7,60,2,10.0,VALID_COMPLETE,True,1,,,COMPLETED,
B05-MPV-GEN-skjolber-fastbrute-fixed-10s-final.jsonl,skjolber_fast_brute_force,fast_brute_force,MPV-GEN-T7-N60-R03,7,60,3,10.0,VALID_COMPLETE,True,1,,,COMPLETED,
B05-MPV-GEN-skjolber-fastbrute-fixed-10s-final.jsonl,skjolber_fast_brute_force,fast_brute_force,MPV-GEN-T7-N60-R04,7,60,4,10.0,VALID_COMPLETE,True,1,,,COMPLETED,
B05-MPV-GEN-skjolber-fastbrute-fixed-10s-final.jsonl,skjolber_fast_brute_force,fast_brute_force,MPV-GEN-T7-N60-R05,7,60,5,10.0,VALID_COMPLETE,True,1,,,COMPLETED,
B05-MPV-GEN-skjolber-fastbrute-fixed-10s-final.jsonl,skjolber_fast_brute_force,fast_brute_force,MPV-GEN-T7-N60-R06,7,60,6,10.0,VALID_COMPLETE,True,1,,,COMPLETED,
B05-MPV-GEN-skjolber-fastbrute-fixed-10s-final.jsonl,skjolber_fast_brute_force,fast_brute_force,MPV-GEN-T7-N60-R07,7,60,7,10.0,VALID_COMPLETE,True,1,,,COMPLETED,
B05-MPV-GEN-skjolber-fastbrute-fixed-10s-final.jsonl,skjolber_fast_brute_force,fast_brute_force,MPV-GEN-T7-N60-R08,7,60,8,10.0,VALID_COMPLETE,True,1,,,COMPLETED,
B05-MPV-GEN-skjolber-fastbrute-fixed-10s-final.jsonl,skjolber_fast_brute_force,fast_brute_force,MPV-GEN-T7-N60-R09,7,60,9,10.0,VALID_COMPLETE,True,1,,,COMPLETED,
B05-MPV-GEN-skjolber-fastbrute-fixed-10s-final.jsonl,skjolber_fast_brute_force,fast_brute_force,MPV-GEN-T7-N60-R10,7,60,10,10.0,VALID_COMPLETE,True,1,,,COMPLETED,
B05-MPV-GEN-skjolber-fastbrute-fixed-10s-final.jsonl,skjolber_fast_brute_force,fast_brute_force,MPV-GEN-T7-N90-R01,7,90,1,10.0,VALID_COMPLETE,True,1,,,COMPLETED,
B05-MPV-GEN-skjolber-fastbrute-fixed-10s-final.jsonl,skjolber_fast_brute_force,fast_brute_force,MPV-GEN-T7-N90-R02,7,90,2,10.0,VALID_COMPLETE,True,1,,,COMPLETED,
B05-MPV-GEN-skjolber-fastbrute-fixed-10s-final.jsonl,skjolber_fast_brute_force,fast_brute_force,MPV-GEN-T7-N90-R03,7,90,3,10.0,VALID_COMPLETE,True,1,,,COMPLETED,
B05-MPV-GEN-skjolber-fastbrute-fixed-10s-final.jsonl,skjolber_fast_brute_force,fast_brute_force,MPV-GEN-T7-N90-R04,7,90,4,10.0,VALID_COMPLETE,True,1,,,COMPLETED,
B05-MPV-GEN-skjolber-fastbrute-fixed-10s-final.jsonl,skjolber_fast_brute_force,fast_brute_force,MPV-GEN-T7-N90-R05,7,90,5,10.0,VALID_COMPLETE,True,1,,,COMPLETED,
B05-MPV-GEN-skjolber-fastbrute-fixed-10s-final.jsonl,skjolber_fast_brute_force,fast_brute_force,MPV-GEN-T7-N90-R06,7,90,6,10.0,VALID_COMPLETE,True,1,,,COMPLETED,
B05-MPV-GEN-skjolber-fastbrute-fixed-10s-final.jsonl,skjolber_fast_brute_force,fast_brute_force,MPV-GEN-T7-N90-R07,7,90,7,10.0,VALID_COMPLETE,True,1,,,COMPLETED,
B05-MPV-GEN-skjolber-fastbrute-fixed-10s-final.jsonl,skjolber_fast_brute_force,fast_brute_force,MPV-GEN-T7-N90-R08,7,90,8,10.0,VALID_COMPLETE,True,1,,,COMPLETED,
B05-MPV-GEN-skjolber-fastbrute-fixed-10s-final.jsonl,skjolber_fast_brute_force,fast_brute_force,MPV-GEN-T7-N90-R09,7,90,9,10.0,VALID_COMPLETE,True,1,,,COMPLETED,
B05-MPV-GEN-skjolber-fastbrute-fixed-10s-final.jsonl,skjolber_fast_brute_force,fast_brute_force,MPV-GEN-T7-N90-R10,7,90,10,10.0,VALID_COMPLETE,True,1,,,COMPLETED,
B05-MPV-GEN-skjolber-fastbrute-fixed-10s-final.jsonl,skjolber_fast_brute_force,fast_brute_force,MPV-GEN-T8-N30-R01,8,30,1,10.0,INVALID_CERTIFICATE,False,0,,,COMPLETED,
B05-MPV-GEN-skjolber-fastbrute-fixed-10s-final.jsonl,skjolber_fast_brute_force,fast_brute_force,MPV-GEN-T8-N30-R02,8,30,2,10.0,INVALID_CERTIFICATE,False,0,,,COMPLETED,
B05-MPV-GEN-skjolber-fastbrute-fixed-10s-final.jsonl,skjolber_fast_brute_force,fast_brute_force,MPV-GEN-T8-N30-R03,8,30,3,10.0,INVALID_CERTIFICATE,False,0,,,COMPLETED,
B05-MPV-GEN-skjolber-fastbrute-fixed-10s-final.jsonl,skjolber_fast_brute_force,fast_brute_force,MPV-GEN-T8-N30-R04,8,30,4,10.0,INVALID_CERTIFICATE,False,0,,,COMPLETED,
B05-MPV-GEN-skjolber-fastbrute-fixed-10s-final.jsonl,skjolber_fast_brute_force,fast_brute_force,MPV-GEN-T8-N30-R05,8,30,5,10.0,INVALID_CERTIFICATE,False,0,,,COMPLETED,
B05-MPV-GEN-skjolber-fastbrute-fixed-10s-final.jsonl,skjolber_fast_brute_force,fast_brute_force,MPV-GEN-T8-N30-R06,8,30,6,10.0,INVALID_CERTIFICATE,False,0,,,COMPLETED,
B05-MPV-GEN-skjolber-fastbrute-fixed-10s-final.jsonl,skjolber_fast_brute_force,fast_brute_force,MPV-GEN-T8-N30-R07,8,30,7,10.0,INVALID_CERTIFICATE,False,0,,,COMPLETED,
B05-MPV-GEN-skjolber-fastbrute-fixed-10s-final.jsonl,skjolber_fast_brute_force,fast_brute_force,MPV-GEN-T8-N30-R08,8,30,8,10.0,INVALID_CERTIFICATE,False,0,,,COMPLETED,
B05-MPV-GEN-skjolber-fastbrute-fixed-10s-final.jsonl,skjolber_fast_brute_force,fast_brute_force,MPV-GEN-T8-N30-R09,8,30,9,10.0,INVALID_CERTIFICATE,False,0,,,COMPLETED,
B05-MPV-GEN-skjolber-fastbrute-fixed-10s-final.jsonl,skjolber_fast_brute_force,fast_brute_force,MPV-GEN-T8-N30-R10,8,30,10,10.0,INVALID_CERTIFICATE,False,0,,,COMPLETED,
B05-MPV-GEN-skjolber-fastbrute-fixed-10s-final.jsonl,skjolber_fast_brute_force,fast_brute_force,MPV-GEN-T8-N60-R01,8,60,1,10.0,INVALID_CERTIFICATE,False,0,,,COMPLETED,
B05-MPV-GEN-skjolber-fastbrute-fixed-10s-final.jsonl,skjolber_fast_brute_force,fast_brute_force,MPV-GEN-T8-N60-R02,8,60,2,10.0,INVALID_CERTIFICATE,False,0,,,COMPLETED,
B05-MPV-GEN-skjolber-fastbrute-fixed-10s-final.jsonl,skjolber_fast_brute_force,fast_brute_force,MPV-GEN-T8-N60-R03,8,60,3,10.0,INVALID_CERTIFICATE,False,0,,,COMPLETED,
B05-MPV-GEN-skjolber-fastbrute-fixed-10s-final.jsonl,skjolber_fast_brute_force,fast_brute_force,MPV-GEN-T8-N60-R04,8,60,4,10.0,INVALID_CERTIFICATE,False,0,,,COMPLETED,
B05-MPV-GEN-skjolber-fastbrute-fixed-10s-final.jsonl,skjolber_fast_brute_force,fast_brute_force,MPV-GEN-T8-N60-R05,8,60,5,10.0,INVALID_CERTIFICATE,False,0,,,COMPLETED,
B05-MPV-GEN-skjolber-fastbrute-fixed-10s-final.jsonl,skjolber_fast_brute_force,fast_brute_force,MPV-GEN-T8-N60-R06,8,60,6,10.0,INVALID_CERTIFICATE,False,0,,,COMPLETED,
B05-MPV-GEN-skjolber-fastbrute-fixed-10s-final.jsonl,skjolber_fast_brute_force,fast_brute_force,MPV-GEN-T8-N60-R07,8,60,7,10.0,INVALID_CERTIFICATE,False,0,,,COMPLETED,
B05-MPV-GEN-skjolber-fastbrute-fixed-10s-final.jsonl,skjolber_fast_brute_force,fast_brute_force,MPV-GEN-T8-N60-R08,8,60,8,10.0,INVALID_CERTIFICATE,False,0,,,COMPLETED,
B05-MPV-GEN-skjolber-fastbrute-fixed-10s-final.jsonl,skjolber_fast_brute_force,fast_brute_force,MPV-GEN-T8-N60-R09,8,60,9,10.0,INVALID_CERTIFICATE,False,0,,,COMPLETED,
B05-MPV-GEN-skjolber-fastbrute-fixed-10s-final.jsonl,skjolber_fast_brute_force,fast_brute_force,MPV-GEN-T8-N60-R10,8,60,10,10.0,INVALID_CERTIFICATE,False,0,,,COMPLETED,
B05-MPV-GEN-skjolber-fastbrute-fixed-10s-final.jsonl,skjolber_fast_brute_force,fast_brute_force,MPV-GEN-T8-N90-R01,8,90,1,10.0,INVALID_CERTIFICATE,False,0,,,COMPLETED,
B05-MPV-GEN-skjolber-fastbrute-fixed-10s-final.jsonl,skjolber_fast_brute_force,fast_brute_force,MPV-GEN-T8-N90-R02,8,90,2,10.0,INVALID_CERTIFICATE,False,0,,,COMPLETED,
B05-MPV-GEN-skjolber-fastbrute-fixed-10s-final.jsonl,skjolber_fast_brute_force,fast_brute_force,MPV-GEN-T8-N90-R03,8,90,3,10.0,INVALID_CERTIFICATE,False,0,,,COMPLETED,
B05-MPV-GEN-skjolber-fastbrute-fixed-10s-final.jsonl,skjolber_fast_brute_force,fast_brute_force,MPV-GEN-T8-N90-R04,8,90,4,10.0,INVALID_CERTIFICATE,False,0,,,COMPLETED,
B05-MPV-GEN-skjolber-fastbrute-fixed-10s-final.jsonl,skjolber_fast_brute_force,fast_brute_force,MPV-GEN-T8-N90-R05,8,90,5,10.0,INVALID_CERTIFICATE,False,0,,,COMPLETED,
B05-MPV-GEN-skjolber-fastbrute-fixed-10s-final.jsonl,skjolber_fast_brute_force,fast_brute_force,MPV-GEN-T8-N90-R06,8,90,6,10.0,INVALID_CERTIFICATE,False,0,,,COMPLETED,
B05-MPV-GEN-skjolber-fastbrute-fixed-10s-final.jsonl,skjolber_fast_brute_force,fast_brute_force,MPV-GEN-T8-N90-R07,8,90,7,10.0,INVALID_CERTIFICATE,False,0,,,COMPLETED,
B05-MPV-GEN-skjolber-fastbrute-fixed-10s-final.jsonl,skjolber_fast_brute_force,fast_brute_force,MPV-GEN-T8-N90-R08,8,90,8,10.0,INVALID_CERTIFICATE,False,0,,,COMPLETED,
B05-MPV-GEN-skjolber-fastbrute-fixed-10s-final.jsonl,skjolber_fast_brute_force,fast_brute_force,MPV-GEN-T8-N90-R09,8,90,9,10.0,INVALID_CERTIFICATE,False,0,,,COMPLETED,
B05-MPV-GEN-skjolber-fastbrute-fixed-10s-final.jsonl,skjolber_fast_brute_force,fast_brute_force,MPV-GEN-T8-N90-R10,8,90,10,10.0,INVALID_CERTIFICATE,False,0,,,COMPLETED,
B05-MPV-GEN-skjolber-fastbrute-fixed-10s-final.jsonl,skjolber_fast_brute_force,fast_brute_force,MPV-GEN-T9-N30-R01,9,30,1,10.0,INVALID_CERTIFICATE,False,0,,,COMPLETED,
B05-MPV-GEN-skjolber-fastbrute-fixed-10s-final.jsonl,skjolber_fast_brute_force,fast_brute_force,MPV-GEN-T9-N30-R02,9,30,2,10.0,INVALID_CERTIFICATE,False,0,,,COMPLETED,
B05-MPV-GEN-skjolber-fastbrute-fixed-10s-final.jsonl,skjolber_fast_brute_force,fast_brute_force,MPV-GEN-T9-N30-R03,9,30,3,10.0,INVALID_CERTIFICATE,False,0,,,COMPLETED,
B05-MPV-GEN-skjolber-fastbrute-fixed-10s-final.jsonl,skjolber_fast_brute_force,fast_brute_force,MPV-GEN-T9-N30-R04,9,30,4,10.0,INVALID_CERTIFICATE,False,0,,,COMPLETED,
B05-MPV-GEN-skjolber-fastbrute-fixed-10s-final.jsonl,skjolber_fast_brute_force,fast_brute_force,MPV-GEN-T9-N30-R05,9,30,5,10.0,INVALID_CERTIFICATE,False,0,,,COMPLETED,
B05-MPV-GEN-skjolber-fastbrute-fixed-10s-final.jsonl,skjolber_fast_brute_force,fast_brute_force,MPV-GEN-T9-N30-R06,9,30,6,10.0,INVALID_CERTIFICATE,False,0,,,COMPLETED,
B05-MPV-GEN-skjolber-fastbrute-fixed-10s-final.jsonl,skjolber_fast_brute_force,fast_brute_force,MPV-GEN-T9-N30-R07,9,30,7,10.0,INVALID_CERTIFICATE,False,0,,,COMPLETED,
B05-MPV-GEN-skjolber-fastbrute-fixed-10s-final.jsonl,skjolber_fast_brute_force,fast_brute_force,MPV-GEN-T9-N30-R08,9,30,8,10.0,INVALID_CERTIFICATE,False,0,,,COMPLETED,
B05-MPV-GEN-skjolber-fastbrute-fixed-10s-final.jsonl,skjolber_fast_brute_force,fast_brute_force,MPV-GEN-T9-N30-R09,9,30,9,10.0,INVALID_CERTIFICATE,False,0,,,COMPLETED,
B05-MPV-GEN-skjolber-fastbrute-fixed-10s-final.jsonl,skjolber_fast_brute_force,fast_brute_force,MPV-GEN-T9-N30-R10,9,30,10,10.0,INVALID_CERTIFICATE,False,0,,,COMPLETED,
B05-MPV-GEN-skjolber-fastbrute-fixed-10s-final.jsonl,skjolber_fast_brute_force,fast_brute_force,MPV-GEN-T9-N60-R01,9,60,1,10.0,INVALID_CERTIFICATE,False,0,,,COMPLETED,
B05-MPV-GEN-skjolber-fastbrute-fixed-10s-final.jsonl,skjolber_fast_brute_force,fast_brute_force,MPV-GEN-T9-N60-R02,9,60,2,10.0,INVALID_CERTIFICATE,False,0,,,COMPLETED,
B05-MPV-GEN-skjolber-fastbrute-fixed-10s-final.jsonl,skjolber_fast_brute_force,fast_brute_force,MPV-GEN-T9-N60-R03,9,60,3,10.0,INVALID_CERTIFICATE,False,0,,,COMPLETED,
B05-MPV-GEN-skjolber-fastbrute-fixed-10s-final.jsonl,skjolber_fast_brute_force,fast_brute_force,MPV-GEN-T9-N60-R04,9,60,4,10.0,INVALID_CERTIFICATE,False,0,,,COMPLETED,
B05-MPV-GEN-skjolber-fastbrute-fixed-10s-final.jsonl,skjolber_fast_brute_force,fast_brute_force,MPV-GEN-T9-N60-R05,9,60,5,10.0,INVALID_CERTIFICATE,False,0,,,COMPLETED,
B05-MPV-GEN-skjolber-fastbrute-fixed-10s-final.jsonl,skjolber_fast_brute_force,fast_brute_force,MPV-GEN-T9-N60-R06,9,60,6,10.0,INVALID_CERTIFICATE,False,0,,,COMPLETED,
B05-MPV-GEN-skjolber-fastbrute-fixed-10s-final.jsonl,skjolber_fast_brute_force,fast_brute_force,MPV-GEN-T9-N60-R07,9,60,7,10.0,INVALID_CERTIFICATE,False,0,,,COMPLETED,
B05-MPV-GEN-skjolber-fastbrute-fixed-10s-final.jsonl,skjolber_fast_brute_force,fast_brute_force,MPV-GEN-T9-N60-R08,9,60,8,10.0,INVALID_CERTIFICATE,False,0,,,COMPLETED,
B05-MPV-GEN-skjolber-fastbrute-fixed-10s-final.jsonl,skjolber_fast_brute_force,fast_brute_force,MPV-GEN-T9-N60-R09,9,60,9,10.0,INVALID_CERTIFICATE,False,0,,,COMPLETED,
B05-MPV-GEN-skjolber-fastbrute-fixed-10s-final.jsonl,skjolber_fast_brute_force,fast_brute_force,MPV-GEN-T9-N60-R10,9,60,10,10.0,INVALID_CERTIFICATE,False,0,,,COMPLETED,
B05-MPV-GEN-skjolber-fastbrute-fixed-10s-final.jsonl,skjolber_fast_brute_force,fast_brute_force,MPV-GEN-T9-N90-R01,9,90,1,10.0,INVALID_CERTIFICATE,False,0,,,COMPLETED,
B05-MPV-GEN-skjolber-fastbrute-fixed-10s-final.jsonl,skjolber_fast_brute_force,fast_brute_force,MPV-GEN-T9-N90-R02,9,90,2,10.0,INVALID_CERTIFICATE,False,0,,,COMPLETED,
B05-MPV-GEN-skjolber-fastbrute-fixed-10s-final.jsonl,skjolber_fast_brute_force,fast_brute_force,MPV-GEN-T9-N90-R03,9,90,3,10.0,INVALID_CERTIFICATE,False,0,,,COMPLETED,
B05-MPV-GEN-skjolber-fastbrute-fixed-10s-final.jsonl,skjolber_fast_brute_force,fast_brute_force,MPV-GEN-T9-N90-R04,9,90,4,10.0,INVALID_CERTIFICATE,False,0,,,COMPLETED,
B05-MPV-GEN-skjolber-fastbrute-fixed-10s-final.jsonl,skjolber_fast_brute_force,fast_brute_force,MPV-GEN-T9-N90-R05,9,90,5,10.0,INVALID_CERTIFICATE,False,0,,,COMPLETED,
B05-MPV-GEN-skjolber-fastbrute-fixed-10s-final.jsonl,skjolber_fast_brute_force,fast_brute_force,MPV-GEN-T9-N90-R06,9,90,6,10.0,INVALID_CERTIFICATE,False,0,,,COMPLETED,
B05-MPV-GEN-skjolber-fastbrute-fixed-10s-final.jsonl,skjolber_fast_brute_force,fast_brute_force,MPV-GEN-T9-N90-R07,9,90,7,10.0,INVALID_CERTIFICATE,False,0,,,COMPLETED,
B05-MPV-GEN-skjolber-fastbrute-fixed-10s-final.jsonl,skjolber_fast_brute_force,fast_brute_force,MPV-GEN-T9-N90-R08,9,90,8,10.0,INVALID_CERTIFICATE,False,0,,,COMPLETED,
B05-MPV-GEN-skjolber-fastbrute-fixed-10s-final.jsonl,skjolber_fast_brute_force,fast_brute_force,MPV-GEN-T9-N90-R09,9,90,9,10.0,INVALID_CERTIFICATE,False,0,,,COMPLETED,
B05-MPV-GEN-skjolber-fastbrute-fixed-10s-final.jsonl,skjolber_fast_brute_force,fast_brute_force,MPV-GEN-T9-N90-R10,9,90,10,10.0,INVALID_CERTIFICATE,False,0,,,COMPLETED,
B05-MPV-GEN-skjolber-fastbrute-fixed-1s-final.jsonl,skjolber_fast_brute_force,fast_brute_force,MPV-GEN-T1-N30-R01,1,30,1,1.0,INVALID_CERTIFICATE,False,0,,,COMPLETED,
B05-MPV-GEN-skjolber-fastbrute-fixed-1s-final.jsonl,skjolber_fast_brute_force,fast_brute_force,MPV-GEN-T1-N30-R02,1,30,2,1.0,INVALID_CERTIFICATE,False,0,,,COMPLETED,
B05-MPV-GEN-skjolber-fastbrute-fixed-1s-final.jsonl,skjolber_fast_brute_force,fast_brute_force,MPV-GEN-T1-N30-R03,1,30,3,1.0,INVALID_CERTIFICATE,False,0,,,COMPLETED,
B05-MPV-GEN-skjolber-fastbrute-fixed-1s-final.jsonl,skjolber_fast_brute_force,fast_brute_force,MPV-GEN-T1-N30-R04,1,30,4,1.0,INVALID_CERTIFICATE,False,0,,,COMPLETED,
B05-MPV-GEN-skjolber-fastbrute-fixed-1s-final.jsonl,skjolber_fast_brute_force,fast_brute_force,MPV-GEN-T1-N30-R05,1,30,5,1.0,INVALID_CERTIFICATE,False,0,,,COMPLETED,
B05-MPV-GEN-skjolber-fastbrute-fixed-1s-final.jsonl,skjolber_fast_brute_force,fast_brute_force,MPV-GEN-T1-N30-R06,1,30,6,1.0,INVALID_CERTIFICATE,False,0,,,COMPLETED,
B05-MPV-GEN-skjolber-fastbrute-fixed-1s-final.jsonl,skjolber_fast_brute_force,fast_brute_force,MPV-GEN-T1-N30-R07,1,30,7,1.0,INVALID_CERTIFICATE,False,0,,,COMPLETED,
B05-MPV-GEN-skjolber-fastbrute-fixed-1s-final.jsonl,skjolber_fast_brute_force,fast_brute_force,MPV-GEN-T1-N30-R08,1,30,8,1.0,INVALID_CERTIFICATE,False,0,,,COMPLETED,
B05-MPV-GEN-skjolber-fastbrute-fixed-1s-final.jsonl,skjolber_fast_brute_force,fast_brute_force,MPV-GEN-T1-N30-R09,1,30,9,1.0,INVALID_CERTIFICATE,False,0,,,COMPLETED,
B05-MPV-GEN-skjolber-fastbrute-fixed-1s-final.jsonl,skjolber_fast_brute_force,fast_brute_force,MPV-GEN-T1-N30-R10,1,30,10,1.0,INVALID_CERTIFICATE,False,0,,,COMPLETED,
B05-MPV-GEN-skjolber-fastbrute-fixed-1s-final.jsonl,skjolber_fast_brute_force,fast_brute_force,MPV-GEN-T1-N60-R01,1,60,1,1.0,INVALID_CERTIFICATE,False,0,,,COMPLETED,
B05-MPV-GEN-skjolber-fastbrute-fixed-1s-final.jsonl,skjolber_fast_brute_force,fast_brute_force,MPV-GEN-T1-N60-R02,1,60,2,1.0,INVALID_CERTIFICATE,False,0,,,COMPLETED,
B05-MPV-GEN-skjolber-fastbrute-fixed-1s-final.jsonl,skjolber_fast_brute_force,fast_brute_force,MPV-GEN-T1-N60-R03,1,60,3,1.0,INVALID_CERTIFICATE,False,0,,,COMPLETED,
B05-MPV-GEN-skjolber-fastbrute-fixed-1s-final.jsonl,skjolber_fast_brute_force,fast_brute_force,MPV-GEN-T1-N60-R04,1,60,4,1.0,INVALID_CERTIFICATE,False,0,,,COMPLETED,
B05-MPV-GEN-skjolber-fastbrute-fixed-1s-final.jsonl,skjolber_fast_brute_force,fast_brute_force,MPV-GEN-T1-N60-R05,1,60,5,1.0,INVALID_CERTIFICATE,False,0,,,COMPLETED,
B05-MPV-GEN-skjolber-fastbrute-fixed-1s-final.jsonl,skjolber_fast_brute_force,fast_brute_force,MPV-GEN-T1-N60-R06,1,60,6,1.0,INVALID_CERTIFICATE,False,0,,,COMPLETED,
B05-MPV-GEN-skjolber-fastbrute-fixed-1s-final.jsonl,skjolber_fast_brute_force,fast_brute_force,MPV-GEN-T1-N60-R07,1,60,7,1.0,INVALID_CERTIFICATE,False,0,,,COMPLETED,
B05-MPV-GEN-skjolber-fastbrute-fixed-1s-final.jsonl,skjolber_fast_brute_force,fast_brute_force,MPV-GEN-T1-N60-R08,1,60,8,1.0,INVALID_CERTIFICATE,False,0,,,COMPLETED,
B05-MPV-GEN-skjolber-fastbrute-fixed-1s-final.jsonl,skjolber_fast_brute_force,fast_brute_force,MPV-GEN-T1-N60-R09,1,60,9,1.0,INVALID_CERTIFICATE,False,0,,,COMPLETED,
B05-MPV-GEN-skjolber-fastbrute-fixed-1s-final.jsonl,skjolber_fast_brute_force,fast_brute_force,MPV-GEN-T1-N60-R10,1,60,10,1.0,INVALID_CERTIFICATE,False,0,,,COMPLETED,
B05-MPV-GEN-skjolber-fastbrute-fixed-1s-final.jsonl,skjolber_fast_brute_force,fast_brute_force,MPV-GEN-T1-N90-R01,1,90,1,1.0,INVALID_CERTIFICATE,False,0,,,COMPLETED,
B05-MPV-GEN-skjolber-fastbrute-fixed-1s-final.jsonl,skjolber_fast_brute_force,fast_brute_force,MPV-GEN-T1-N90-R02,1,90,2,1.0,INVALID_CERTIFICATE,False,0,,,COMPLETED,
B05-MPV-GEN-skjolber-fastbrute-fixed-1s-final.jsonl,skjolber_fast_brute_force,fast_brute_force,MPV-GEN-T1-N90-R03,1,90,3,1.0,INVALID_CERTIFICATE,False,0,,,COMPLETED,
B05-MPV-GEN-skjolber-fastbrute-fixed-1s-final.jsonl,skjolber_fast_brute_force,fast_brute_force,MPV-GEN-T1-N90-R04,1,90,4,1.0,INVALID_CERTIFICATE,False,0,,,COMPLETED,
B05-MPV-GEN-skjolber-fastbrute-fixed-1s-final.jsonl,skjolber_fast_brute_force,fast_brute_force,MPV-GEN-T1-N90-R05,1,90,5,1.0,INVALID_CERTIFICATE,False,0,,,COMPLETED,
B05-MPV-GEN-skjolber-fastbrute-fixed-1s-final.jsonl,skjolber_fast_brute_force,fast_brute_force,MPV-GEN-T1-N90-R06,1,90,6,1.0,INVALID_CERTIFICATE,False,0,,,COMPLETED,
B05-MPV-GEN-skjolber-fastbrute-fixed-1s-final.jsonl,skjolber_fast_brute_force,fast_brute_force,MPV-GEN-T1-N90-R07,1,90,7,1.0,INVALID_CERTIFICATE,False,0,,,COMPLETED,
B05-MPV-GEN-skjolber-fastbrute-fixed-1s-final.jsonl,skjolber_fast_brute_force,fast_brute_force,MPV-GEN-T1-N90-R08,1,90,8,1.0,INVALID_CERTIFICATE,False,0,,,COMPLETED,
B05-MPV-GEN-skjolber-fastbrute-fixed-1s-final.jsonl,skjolber_fast_brute_force,fast_brute_force,MPV-GEN-T1-N90-R09,1,90,9,1.0,INVALID_CERTIFICATE,False,0,,,COMPLETED,
B05-MPV-GEN-skjolber-fastbrute-fixed-1s-final.jsonl,skjolber_fast_brute_force,fast_brute_force,MPV-GEN-T1-N90-R10,1,90,10,1.0,INVALID_CERTIFICATE,False,0,,,COMPLETED,
B05-MPV-GEN-skjolber-fastbrute-fixed-1s-final.jsonl,skjolber_fast_brute_force,fast_brute_force,MPV-GEN-T6-N30-R01,6,30,1,1.0,VALID_COMPLETE,True,1,,,COMPLETED,
B05-MPV-GEN-skjolber-fastbrute-fixed-1s-final.jsonl,skjolber_fast_brute_force,fast_brute_force,MPV-GEN-T6-N30-R02,6,30,2,1.0,VALID_COMPLETE,True,1,,,COMPLETED,
B05-MPV-GEN-skjolber-fastbrute-fixed-1s-final.jsonl,skjolber_fast_brute_force,fast_brute_force,MPV-GEN-T6-N30-R03,6,30,3,1.0,VALID_COMPLETE,True,1,,,COMPLETED,
B05-MPV-GEN-skjolber-fastbrute-fixed-1s-final.jsonl,skjolber_fast_brute_force,fast_brute_force,MPV-GEN-T6-N30-R04,6,30,4,1.0,VALID_COMPLETE,True,1,,,COMPLETED,
B05-MPV-GEN-skjolber-fastbrute-fixed-1s-final.jsonl,skjolber_fast_brute_force,fast_brute_force,MPV-GEN-T6-N30-R05,6,30,5,1.0,VALID_COMPLETE,True,1,,,COMPLETED,
B05-MPV-GEN-skjolber-fastbrute-fixed-1s-final.jsonl,skjolber_fast_brute_force,fast_brute_force,MPV-GEN-T6-N30-R06,6,30,6,1.0,VALID_COMPLETE,True,1,,,COMPLETED,
B05-MPV-GEN-skjolber-fastbrute-fixed-1s-final.jsonl,skjolber_fast_brute_force,fast_brute_force,MPV-GEN-T6-N30-R07,6,30,7,1.0,VALID_COMPLETE,True,1,,,COMPLETED,
B05-MPV-GEN-skjolber-fastbrute-fixed-1s-final.jsonl,skjolber_fast_brute_force,fast_brute_force,MPV-GEN-T6-N30-R08,6,30,8,1.0,VALID_COMPLETE,True,1,,,COMPLETED,
B05-MPV-GEN-skjolber-fastbrute-fixed-1s-final.jsonl,skjolber_fast_brute_force,fast_brute_force,MPV-GEN-T6-N30-R09,6,30,9,1.0,VALID_COMPLETE,True,1,,,COMPLETED,
B05-MPV-GEN-skjolber-fastbrute-fixed-1s-final.jsonl,skjolber_fast_brute_force,fast_brute_force,MPV-GEN-T6-N30-R10,6,30,10,1.0,VALID_COMPLETE,True,1,,,COMPLETED,
B05-MPV-GEN-skjolber-fastbrute-fixed-1s-final.jsonl,skjolber_fast_brute_force,fast_brute_force,MPV-GEN-T6-N60-R01,6,60,1,1.0,VALID_COMPLETE,True,1,,,COMPLETED,
B05-MPV-GEN-skjolber-fastbrute-fixed-1s-final.jsonl,skjolber_fast_brute_force,fast_brute_force,MPV-GEN-T6-N60-R02,6,60,2,1.0,VALID_COMPLETE,True,1,,,COMPLETED,
B05-MPV-GEN-skjolber-fastbrute-fixed-1s-final.jsonl,skjolber_fast_brute_force,fast_brute_force,MPV-GEN-T6-N60-R03,6,60,3,1.0,VALID_COMPLETE,True,1,,,COMPLETED,
B05-MPV-GEN-skjolber-fastbrute-fixed-1s-final.jsonl,skjolber_fast_brute_force,fast_brute_force,MPV-GEN-T6-N60-R04,6,60,4,1.0,VALID_COMPLETE,True,1,,,COMPLETED,
B05-MPV-GEN-skjolber-fastbrute-fixed-1s-final.jsonl,skjolber_fast_brute_force,fast_brute_force,MPV-GEN-T6-N60-R05,6,60,5,1.0,VALID_COMPLETE,True,1,,,COMPLETED,
B05-MPV-GEN-skjolber-fastbrute-fixed-1s-final.jsonl,skjolber_fast_brute_force,fast_brute_force,MPV-GEN-T6-N60-R06,6,60,6,1.0,VALID_COMPLETE,True,1,,,COMPLETED,
B05-MPV-GEN-skjolber-fastbrute-fixed-1s-final.jsonl,skjolber_fast_brute_force,fast_brute_force,MPV-GEN-T6-N60-R07,6,60,7,1.0,VALID_COMPLETE,True,1,,,COMPLETED,
B05-MPV-GEN-skjolber-fastbrute-fixed-1s-final.jsonl,skjolber_fast_brute_force,fast_brute_force,MPV-GEN-T6-N60-R08,6,60,8,1.0,VALID_COMPLETE,True,1,,,COMPLETED,
B05-MPV-GEN-skjolber-fastbrute-fixed-1s-final.jsonl,skjolber_fast_brute_force,fast_brute_force,MPV-GEN-T6-N60-R09,6,60,9,1.0,VALID_COMPLETE,True,1,,,COMPLETED,
B05-MPV-GEN-skjolber-fastbrute-fixed-1s-final.jsonl,skjolber_fast_brute_force,fast_brute_force,MPV-GEN-T6-N60-R10,6,60,10,1.0,VALID_COMPLETE,True,1,,,COMPLETED,
B05-MPV-GEN-skjolber-fastbrute-fixed-1s-final.jsonl,skjolber_fast_brute_force,fast_brute_force,MPV-GEN-T6-N90-R01,6,90,1,1.0,VALID_COMPLETE,True,1,,,COMPLETED,
B05-MPV-GEN-skjolber-fastbrute-fixed-1s-final.jsonl,skjolber_fast_brute_force,fast_brute_force,MPV-GEN-T6-N90-R02,6,90,2,1.0,VALID_COMPLETE,True,1,,,COMPLETED,
B05-MPV-GEN-skjolber-fastbrute-fixed-1s-final.jsonl,skjolber_fast_brute_force,fast_brute_force,MPV-GEN-T6-N90-R03,6,90,3,1.0,VALID_COMPLETE,True,1,,,COMPLETED,
B05-MPV-GEN-skjolber-fastbrute-fixed-1s-final.jsonl,skjolber_fast_brute_force,fast_brute_force,MPV-GEN-T6-N90-R04,6,90,4,1.0,VALID_COMPLETE,True,1,,,COMPLETED,
B05-MPV-GEN-skjolber-fastbrute-fixed-1s-final.jsonl,skjolber_fast_brute_force,fast_brute_force,MPV-GEN-T6-N90-R05,6,90,5,1.0,VALID_COMPLETE,True,1,,,COMPLETED,
B05-MPV-GEN-skjolber-fastbrute-fixed-1s-final.jsonl,skjolber_fast_brute_force,fast_brute_force,MPV-GEN-T6-N90-R06,6,90,6,1.0,VALID_COMPLETE,True,1,,,COMPLETED,
B05-MPV-GEN-skjolber-fastbrute-fixed-1s-final.jsonl,skjolber_fast_brute_force,fast_brute_force,MPV-GEN-T6-N90-R07,6,90,7,1.0,VALID_COMPLETE,True,1,,,COMPLETED,
B05-MPV-GEN-skjolber-fastbrute-fixed-1s-final.jsonl,skjolber_fast_brute_force,fast_brute_force,MPV-GEN-T6-N90-R08,6,90,8,1.0,VALID_COMPLETE,True,1,,,COMPLETED,
B05-MPV-GEN-skjolber-fastbrute-fixed-1s-final.jsonl,skjolber_fast_brute_force,fast_brute_force,MPV-GEN-T6-N90-R09,6,90,9,1.0,VALID_COMPLETE,True,1,,,COMPLETED,
B05-MPV-GEN-skjolber-fastbrute-fixed-1s-final.jsonl,skjolber_fast_brute_force,fast_brute_force,MPV-GEN-T6-N90-R10,6,90,10,1.0,VALID_COMPLETE,True,1,,,COMPLETED,
B05-MPV-GEN-skjolber-fastbrute-fixed-1s-final.jsonl,skjolber_fast_brute_force,fast_brute_force,MPV-GEN-T7-N30-R01,7,30,1,1.0,VALID_COMPLETE,True,1,,,COMPLETED,
B05-MPV-GEN-skjolber-fastbrute-fixed-1s-final.jsonl,skjolber_fast_brute_force,fast_brute_force,MPV-GEN-T7-N30-R02,7,30,2,1.0,VALID_COMPLETE,True,1,,,COMPLETED,
B05-MPV-GEN-skjolber-fastbrute-fixed-1s-final.jsonl,skjolber_fast_brute_force,fast_brute_force,MPV-GEN-T7-N30-R03,7,30,3,1.0,VALID_COMPLETE,True,1,,,COMPLETED,
B05-MPV-GEN-skjolber-fastbrute-fixed-1s-final.jsonl,skjolber_fast_brute_force,fast_brute_force,MPV-GEN-T7-N30-R04,7,30,4,1.0,VALID_COMPLETE,True,1,,,COMPLETED,
B05-MPV-GEN-skjolber-fastbrute-fixed-1s-final.jsonl,skjolber_fast_brute_force,fast_brute_force,MPV-GEN-T7-N30-R05,7,30,5,1.0,VALID_COMPLETE,True,1,,,COMPLETED,
B05-MPV-GEN-skjolber-fastbrute-fixed-1s-final.jsonl,skjolber_fast_brute_force,fast_brute_force,MPV-GEN-T7-N30-R06,7,30,6,1.0,VALID_COMPLETE,True,1,,,COMPLETED,
B05-MPV-GEN-skjolber-fastbrute-fixed-1s-final.jsonl,skjolber_fast_brute_force,fast_brute_force,MPV-GEN-T7-N30-R07,7,30,7,1.0,VALID_COMPLETE,True,1,,,COMPLETED,
B05-MPV-GEN-skjolber-fastbrute-fixed-1s-final.jsonl,skjolber_fast_brute_force,fast_brute_force,MPV-GEN-T7-N30-R08,7,30,8,1.0,VALID_COMPLETE,True,1,,,COMPLETED,
B05-MPV-GEN-skjolber-fastbrute-fixed-1s-final.jsonl,skjolber_fast_brute_force,fast_brute_force,MPV-GEN-T7-N30-R09,7,30,9,1.0,VALID_COMPLETE,True,1,,,COMPLETED,
B05-MPV-GEN-skjolber-fastbrute-fixed-1s-final.jsonl,skjolber_fast_brute_force,fast_brute_force,MPV-GEN-T7-N30-R10,7,30,10,1.0,VALID_COMPLETE,True,1,,,COMPLETED,
B05-MPV-GEN-skjolber-fastbrute-fixed-1s-final.jsonl,skjolber_fast_brute_force,fast_brute_force,MPV-GEN-T7-N60-R01,7,60,1,1.0,VALID_COMPLETE,True,1,,,COMPLETED,
B05-MPV-GEN-skjolber-fastbrute-fixed-1s-final.jsonl,skjolber_fast_brute_force,fast_brute_force,MPV-GEN-T7-N60-R02,7,60,2,1.0,VALID_COMPLETE,True,1,,,COMPLETED,
B05-MPV-GEN-skjolber-fastbrute-fixed-1s-final.jsonl,skjolber_fast_brute_force,fast_brute_force,MPV-GEN-T7-N60-R03,7,60,3,1.0,VALID_COMPLETE,True,1,,,COMPLETED,
B05-MPV-GEN-skjolber-fastbrute-fixed-1s-final.jsonl,skjolber_fast_brute_force,fast_brute_force,MPV-GEN-T7-N60-R04,7,60,4,1.0,VALID_COMPLETE,True,1,,,COMPLETED,
B05-MPV-GEN-skjolber-fastbrute-fixed-1s-final.jsonl,skjolber_fast_brute_force,fast_brute_force,MPV-GEN-T7-N60-R05,7,60,5,1.0,VALID_COMPLETE,True,1,,,COMPLETED,
B05-MPV-GEN-skjolber-fastbrute-fixed-1s-final.jsonl,skjolber_fast_brute_force,fast_brute_force,MPV-GEN-T7-N60-R06,7,60,6,1.0,VALID_COMPLETE,True,1,,,COMPLETED,
B05-MPV-GEN-skjolber-fastbrute-fixed-1s-final.jsonl,skjolber_fast_brute_force,fast_brute_force,MPV-GEN-T7-N60-R07,7,60,7,1.0,VALID_COMPLETE,True,1,,,COMPLETED,
B05-MPV-GEN-skjolber-fastbrute-fixed-1s-final.jsonl,skjolber_fast_brute_force,fast_brute_force,MPV-GEN-T7-N60-R08,7,60,8,1.0,VALID_COMPLETE,True,1,,,COMPLETED,
B05-MPV-GEN-skjolber-fastbrute-fixed-1s-final.jsonl,skjolber_fast_brute_force,fast_brute_force,MPV-GEN-T7-N60-R09,7,60,9,1.0,VALID_COMPLETE,True,1,,,COMPLETED,
B05-MPV-GEN-skjolber-fastbrute-fixed-1s-final.jsonl,skjolber_fast_brute_force,fast_brute_force,MPV-GEN-T7-N60-R10,7,60,10,1.0,VALID_COMPLETE,True,1,,,COMPLETED,
B05-MPV-GEN-skjolber-fastbrute-fixed-1s-final.jsonl,skjolber_fast_brute_force,fast_brute_force,MPV-GEN-T7-N90-R01,7,90,1,1.0,VALID_COMPLETE,True,1,,,COMPLETED,
B05-MPV-GEN-skjolber-fastbrute-fixed-1s-final.jsonl,skjolber_fast_brute_force,fast_brute_force,MPV-GEN-T7-N90-R02,7,90,2,1.0,VALID_COMPLETE,True,1,,,COMPLETED,
B05-MPV-GEN-skjolber-fastbrute-fixed-1s-final.jsonl,skjolber_fast_brute_force,fast_brute_force,MPV-GEN-T7-N90-R03,7,90,3,1.0,VALID_COMPLETE,True,1,,,COMPLETED,
B05-MPV-GEN-skjolber-fastbrute-fixed-1s-final.jsonl,skjolber_fast_brute_force,fast_brute_force,MPV-GEN-T7-N90-R04,7,90,4,1.0,VALID_COMPLETE,True,1,,,COMPLETED,
B05-MPV-GEN-skjolber-fastbrute-fixed-1s-final.jsonl,skjolber_fast_brute_force,fast_brute_force,MPV-GEN-T7-N90-R05,7,90,5,1.0,VALID_COMPLETE,True,1,,,COMPLETED,
B05-MPV-GEN-skjolber-fastbrute-fixed-1s-final.jsonl,skjolber_fast_brute_force,fast_brute_force,MPV-GEN-T7-N90-R06,7,90,6,1.0,VALID_COMPLETE,True,1,,,COMPLETED,
B05-MPV-GEN-skjolber-fastbrute-fixed-1s-final.jsonl,skjolber_fast_brute_force,fast_brute_force,MPV-GEN-T7-N90-R07,7,90,7,1.0,VALID_COMPLETE,True,1,,,COMPLETED,
B05-MPV-GEN-skjolber-fastbrute-fixed-1s-final.jsonl,skjolber_fast_brute_force,fast_brute_force,MPV-GEN-T7-N90-R08,7,90,8,1.0,VALID_COMPLETE,True,1,,,COMPLETED,
B05-MPV-GEN-skjolber-fastbrute-fixed-1s-final.jsonl,skjolber_fast_brute_force,fast_brute_force,MPV-GEN-T7-N90-R09,7,90,9,1.0,VALID_COMPLETE,True,1,,,COMPLETED,
B05-MPV-GEN-skjolber-fastbrute-fixed-1s-final.jsonl,skjolber_fast_brute_force,fast_brute_force,MPV-GEN-T7-N90-R10,7,90,10,1.0,VALID_COMPLETE,True,1,,,COMPLETED,
B05-MPV-GEN-skjolber-fastbrute-fixed-1s-final.jsonl,skjolber_fast_brute_force,fast_brute_force,MPV-GEN-T8-N30-R01,8,30,1,1.0,INVALID_CERTIFICATE,False,0,,,COMPLETED,
B05-MPV-GEN-skjolber-fastbrute-fixed-1s-final.jsonl,skjolber_fast_brute_force,fast_brute_force,MPV-GEN-T8-N30-R02,8,30,2,1.0,INVALID_CERTIFICATE,False,0,,,COMPLETED,
B05-MPV-GEN-skjolber-fastbrute-fixed-1s-final.jsonl,skjolber_fast_brute_force,fast_brute_force,MPV-GEN-T8-N30-R03,8,30,3,1.0,INVALID_CERTIFICATE,False,0,,,COMPLETED,
B05-MPV-GEN-skjolber-fastbrute-fixed-1s-final.jsonl,skjolber_fast_brute_force,fast_brute_force,MPV-GEN-T8-N30-R04,8,30,4,1.0,INVALID_CERTIFICATE,False,0,,,COMPLETED,
B05-MPV-GEN-skjolber-fastbrute-fixed-1s-final.jsonl,skjolber_fast_brute_force,fast_brute_force,MPV-GEN-T8-N30-R05,8,30,5,1.0,INVALID_CERTIFICATE,False,0,,,COMPLETED,
B05-MPV-GEN-skjolber-fastbrute-fixed-1s-final.jsonl,skjolber_fast_brute_force,fast_brute_force,MPV-GEN-T8-N30-R06,8,30,6,1.0,INVALID_CERTIFICATE,False,0,,,COMPLETED,
B05-MPV-GEN-skjolber-fastbrute-fixed-1s-final.jsonl,skjolber_fast_brute_force,fast_brute_force,MPV-GEN-T8-N30-R07,8,30,7,1.0,INVALID_CERTIFICATE,False,0,,,COMPLETED,
B05-MPV-GEN-skjolber-fastbrute-fixed-1s-final.jsonl,skjolber_fast_brute_force,fast_brute_force,MPV-GEN-T8-N30-R08,8,30,8,1.0,INVALID_CERTIFICATE,False,0,,,COMPLETED,
B05-MPV-GEN-skjolber-fastbrute-fixed-1s-final.jsonl,skjolber_fast_brute_force,fast_brute_force,MPV-GEN-T8-N30-R09,8,30,9,1.0,INVALID_CERTIFICATE,False,0,,,COMPLETED,
B05-MPV-GEN-skjolber-fastbrute-fixed-1s-final.jsonl,skjolber_fast_brute_force,fast_brute_force,MPV-GEN-T8-N30-R10,8,30,10,1.0,INVALID_CERTIFICATE,False,0,,,COMPLETED,
B05-MPV-GEN-skjolber-fastbrute-fixed-1s-final.jsonl,skjolber_fast_brute_force,fast_brute_force,MPV-GEN-T8-N60-R01,8,60,1,1.0,INVALID_CERTIFICATE,False,0,,,COMPLETED,
B05-MPV-GEN-skjolber-fastbrute-fixed-1s-final.jsonl,skjolber_fast_brute_force,fast_brute_force,MPV-GEN-T8-N60-R02,8,60,2,1.0,INVALID_CERTIFICATE,False,0,,,COMPLETED,
B05-MPV-GEN-skjolber-fastbrute-fixed-1s-final.jsonl,skjolber_fast_brute_force,fast_brute_force,MPV-GEN-T8-N60-R03,8,60,3,1.0,INVALID_CERTIFICATE,False,0,,,COMPLETED,
B05-MPV-GEN-skjolber-fastbrute-fixed-1s-final.jsonl,skjolber_fast_brute_force,fast_brute_force,MPV-GEN-T8-N60-R04,8,60,4,1.0,INVALID_CERTIFICATE,False,0,,,COMPLETED,
B05-MPV-GEN-skjolber-fastbrute-fixed-1s-final.jsonl,skjolber_fast_brute_force,fast_brute_force,MPV-GEN-T8-N60-R05,8,60,5,1.0,INVALID_CERTIFICATE,False,0,,,COMPLETED,
B05-MPV-GEN-skjolber-fastbrute-fixed-1s-final.jsonl,skjolber_fast_brute_force,fast_brute_force,MPV-GEN-T8-N60-R06,8,60,6,1.0,INVALID_CERTIFICATE,False,0,,,COMPLETED,
B05-MPV-GEN-skjolber-fastbrute-fixed-1s-final.jsonl,skjolber_fast_brute_force,fast_brute_force,MPV-GEN-T8-N60-R07,8,60,7,1.0,INVALID_CERTIFICATE,False,0,,,COMPLETED,
B05-MPV-GEN-skjolber-fastbrute-fixed-1s-final.jsonl,skjolber_fast_brute_force,fast_brute_force,MPV-GEN-T8-N60-R08,8,60,8,1.0,INVALID_CERTIFICATE,False,0,,,COMPLETED,
B05-MPV-GEN-skjolber-fastbrute-fixed-1s-final.jsonl,skjolber_fast_brute_force,fast_brute_force,MPV-GEN-T8-N60-R09,8,60,9,1.0,INVALID_CERTIFICATE,False,0,,,COMPLETED,
B05-MPV-GEN-skjolber-fastbrute-fixed-1s-final.jsonl,skjolber_fast_brute_force,fast_brute_force,MPV-GEN-T8-N60-R10,8,60,10,1.0,INVALID_CERTIFICATE,False,0,,,COMPLETED,
B05-MPV-GEN-skjolber-fastbrute-fixed-1s-final.jsonl,skjolber_fast_brute_force,fast_brute_force,MPV-GEN-T8-N90-R01,8,90,1,1.0,INVALID_CERTIFICATE,False,0,,,COMPLETED,
B05-MPV-GEN-skjolber-fastbrute-fixed-1s-final.jsonl,skjolber_fast_brute_force,fast_brute_force,MPV-GEN-T8-N90-R02,8,90,2,1.0,INVALID_CERTIFICATE,False,0,,,COMPLETED,
B05-MPV-GEN-skjolber-fastbrute-fixed-1s-final.jsonl,skjolber_fast_brute_force,fast_brute_force,MPV-GEN-T8-N90-R03,8,90,3,1.0,INVALID_CERTIFICATE,False,0,,,COMPLETED,
B05-MPV-GEN-skjolber-fastbrute-fixed-1s-final.jsonl,skjolber_fast_brute_force,fast_brute_force,MPV-GEN-T8-N90-R04,8,90,4,1.0,INVALID_CERTIFICATE,False,0,,,COMPLETED,
B05-MPV-GEN-skjolber-fastbrute-fixed-1s-final.jsonl,skjolber_fast_brute_force,fast_brute_force,MPV-GEN-T8-N90-R05,8,90,5,1.0,INVALID_CERTIFICATE,False,0,,,COMPLETED,
B05-MPV-GEN-skjolber-fastbrute-fixed-1s-final.jsonl,skjolber_fast_brute_force,fast_brute_force,MPV-GEN-T8-N90-R06,8,90,6,1.0,INVALID_CERTIFICATE,False,0,,,COMPLETED,
B05-MPV-GEN-skjolber-fastbrute-fixed-1s-final.jsonl,skjolber_fast_brute_force,fast_brute_force,MPV-GEN-T8-N90-R07,8,90,7,1.0,INVALID_CERTIFICATE,False,0,,,COMPLETED,
B05-MPV-GEN-skjolber-fastbrute-fixed-1s-final.jsonl,skjolber_fast_brute_force,fast_brute_force,MPV-GEN-T8-N90-R08,8,90,8,1.0,INVALID_CERTIFICATE,False,0,,,COMPLETED,
B05-MPV-GEN-skjolber-fastbrute-fixed-1s-final.jsonl,skjolber_fast_brute_force,fast_brute_force,MPV-GEN-T8-N90-R09,8,90,9,1.0,INVALID_CERTIFICATE,False,0,,,COMPLETED,
B05-MPV-GEN-skjolber-fastbrute-fixed-1s-final.jsonl,skjolber_fast_brute_force,fast_brute_force,MPV-GEN-T8-N90-R10,8,90,10,1.0,INVALID_CERTIFICATE,False,0,,,COMPLETED,
B05-MPV-GEN-skjolber-fastbrute-fixed-1s-final.jsonl,skjolber_fast_brute_force,fast_brute_force,MPV-GEN-T9-N30-R01,9,30,1,1.0,INVALID_CERTIFICATE,False,0,,,COMPLETED,
B05-MPV-GEN-skjolber-fastbrute-fixed-1s-final.jsonl,skjolber_fast_brute_force,fast_brute_force,MPV-GEN-T9-N30-R02,9,30,2,1.0,INVALID_CERTIFICATE,False,0,,,COMPLETED,
B05-MPV-GEN-skjolber-fastbrute-fixed-1s-final.jsonl,skjolber_fast_brute_force,fast_brute_force,MPV-GEN-T9-N30-R03,9,30,3,1.0,INVALID_CERTIFICATE,False,0,,,COMPLETED,
B05-MPV-GEN-skjolber-fastbrute-fixed-1s-final.jsonl,skjolber_fast_brute_force,fast_brute_force,MPV-GEN-T9-N30-R04,9,30,4,1.0,INVALID_CERTIFICATE,False,0,,,COMPLETED,
B05-MPV-GEN-skjolber-fastbrute-fixed-1s-final.jsonl,skjolber_fast_brute_force,fast_brute_force,MPV-GEN-T9-N30-R05,9,30,5,1.0,INVALID_CERTIFICATE,False,0,,,COMPLETED,
B05-MPV-GEN-skjolber-fastbrute-fixed-1s-final.jsonl,skjolber_fast_brute_force,fast_brute_force,MPV-GEN-T9-N30-R06,9,30,6,1.0,INVALID_CERTIFICATE,False,0,,,COMPLETED,
B05-MPV-GEN-skjolber-fastbrute-fixed-1s-final.jsonl,skjolber_fast_brute_force,fast_brute_force,MPV-GEN-T9-N30-R07,9,30,7,1.0,INVALID_CERTIFICATE,False,0,,,COMPLETED,
B05-MPV-GEN-skjolber-fastbrute-fixed-1s-final.jsonl,skjolber_fast_brute_force,fast_brute_force,MPV-GEN-T9-N30-R08,9,30,8,1.0,INVALID_CERTIFICATE,False,0,,,COMPLETED,
B05-MPV-GEN-skjolber-fastbrute-fixed-1s-final.jsonl,skjolber_fast_brute_force,fast_brute_force,MPV-GEN-T9-N30-R09,9,30,9,1.0,INVALID_CERTIFICATE,False,0,,,COMPLETED,
B05-MPV-GEN-skjolber-fastbrute-fixed-1s-final.jsonl,skjolber_fast_brute_force,fast_brute_force,MPV-GEN-T9-N30-R10,9,30,10,1.0,INVALID_CERTIFICATE,False,0,,,COMPLETED,
B05-MPV-GEN-skjolber-fastbrute-fixed-1s-final.jsonl,skjolber_fast_brute_force,fast_brute_force,MPV-GEN-T9-N60-R01,9,60,1,1.0,INVALID_CERTIFICATE,False,0,,,COMPLETED,
B05-MPV-GEN-skjolber-fastbrute-fixed-1s-final.jsonl,skjolber_fast_brute_force,fast_brute_force,MPV-GEN-T9-N60-R02,9,60,2,1.0,INVALID_CERTIFICATE,False,0,,,COMPLETED,
B05-MPV-GEN-skjolber-fastbrute-fixed-1s-final.jsonl,skjolber_fast_brute_force,fast_brute_force,MPV-GEN-T9-N60-R03,9,60,3,1.0,INVALID_CERTIFICATE,False,0,,,COMPLETED,
B05-MPV-GEN-skjolber-fastbrute-fixed-1s-final.jsonl,skjolber_fast_brute_force,fast_brute_force,MPV-GEN-T9-N60-R04,9,60,4,1.0,INVALID_CERTIFICATE,False,0,,,COMPLETED,
B05-MPV-GEN-skjolber-fastbrute-fixed-1s-final.jsonl,skjolber_fast_brute_force,fast_brute_force,MPV-GEN-T9-N60-R05,9,60,5,1.0,INVALID_CERTIFICATE,False,0,,,COMPLETED,
B05-MPV-GEN-skjolber-fastbrute-fixed-1s-final.jsonl,skjolber_fast_brute_force,fast_brute_force,MPV-GEN-T9-N60-R06,9,60,6,1.0,INVALID_CERTIFICATE,False,0,,,COMPLETED,
B05-MPV-GEN-skjolber-fastbrute-fixed-1s-final.jsonl,skjolber_fast_brute_force,fast_brute_force,MPV-GEN-T9-N60-R07,9,60,7,1.0,INVALID_CERTIFICATE,False,0,,,COMPLETED,
B05-MPV-GEN-skjolber-fastbrute-fixed-1s-final.jsonl,skjolber_fast_brute_force,fast_brute_force,MPV-GEN-T9-N60-R08,9,60,8,1.0,INVALID_CERTIFICATE,False,0,,,COMPLETED,
B05-MPV-GEN-skjolber-fastbrute-fixed-1s-final.jsonl,skjolber_fast_brute_force,fast_brute_force,MPV-GEN-T9-N60-R09,9,60,9,1.0,INVALID_CERTIFICATE,False,0,,,COMPLETED,
B05-MPV-GEN-skjolber-fastbrute-fixed-1s-final.jsonl,skjolber_fast_brute_force,fast_brute_force,MPV-GEN-T9-N60-R10,9,60,10,1.0,INVALID_CERTIFICATE,False,0,,,COMPLETED,
B05-MPV-GEN-skjolber-fastbrute-fixed-1s-final.jsonl,skjolber_fast_brute_force,fast_brute_force,MPV-GEN-T9-N90-R01,9,90,1,1.0,INVALID_CERTIFICATE,False,0,,,COMPLETED,
B05-MPV-GEN-skjolber-fastbrute-fixed-1s-final.jsonl,skjolber_fast_brute_force,fast_brute_force,MPV-GEN-T9-N90-R02,9,90,2,1.0,INVALID_CERTIFICATE,False,0,,,COMPLETED,
B05-MPV-GEN-skjolber-fastbrute-fixed-1s-final.jsonl,skjolber_fast_brute_force,fast_brute_force,MPV-GEN-T9-N90-R03,9,90,3,1.0,INVALID_CERTIFICATE,False,0,,,COMPLETED,
B05-MPV-GEN-skjolber-fastbrute-fixed-1s-final.jsonl,skjolber_fast_brute_force,fast_brute_force,MPV-GEN-T9-N90-R04,9,90,4,1.0,INVALID_CERTIFICATE,False,0,,,COMPLETED,
B05-MPV-GEN-skjolber-fastbrute-fixed-1s-final.jsonl,skjolber_fast_brute_force,fast_brute_force,MPV-GEN-T9-N90-R05,9,90,5,1.0,INVALID_CERTIFICATE,False,0,,,COMPLETED,
B05-MPV-GEN-skjolber-fastbrute-fixed-1s-final.jsonl,skjolber_fast_brute_force,fast_brute_force,MPV-GEN-T9-N90-R06,9,90,6,1.0,INVALID_CERTIFICATE,False,0,,,COMPLETED,
B05-MPV-GEN-skjolber-fastbrute-fixed-1s-final.jsonl,skjolber_fast_brute_force,fast_brute_force,MPV-GEN-T9-N90-R07,9,90,7,1.0,INVALID_CERTIFICATE,False,0,,,COMPLETED,
B05-MPV-GEN-skjolber-fastbrute-fixed-1s-final.jsonl,skjolber_fast_brute_force,fast_brute_force,MPV-GEN-T9-N90-R08,9,90,8,1.0,INVALID_CERTIFICATE,False,0,,,COMPLETED,
B05-MPV-GEN-skjolber-fastbrute-fixed-1s-final.jsonl,skjolber_fast_brute_force,fast_brute_force,MPV-GEN-T9-N90-R09,9,90,9,1.0,INVALID_CERTIFICATE,False,0,,,COMPLETED,
B05-MPV-GEN-skjolber-fastbrute-fixed-1s-final.jsonl,skjolber_fast_brute_force,fast_brute_force,MPV-GEN-T9-N90-R10,9,90,10,1.0,INVALID_CERTIFICATE,False,0,,,COMPLETED,
B05-MPV-GEN-skjolber-laff-fixed-10s.jsonl,skjolber_laff,laff,MPV-GEN-T1-N30-R01,1,30,1,10.0,VALID_COMPLETE,True,12,,,COMPLETED,
B05-MPV-GEN-skjolber-laff-fixed-10s.jsonl,skjolber_laff,laff,MPV-GEN-T1-N30-R02,1,30,2,10.0,VALID_COMPLETE,True,13,,,COMPLETED,
B05-MPV-GEN-skjolber-laff-fixed-10s.jsonl,skjolber_laff,laff,MPV-GEN-T1-N30-R03,1,30,3,10.0,VALID_COMPLETE,True,10,,,COMPLETED,
B05-MPV-GEN-skjolber-laff-fixed-10s.jsonl,skjolber_laff,laff,MPV-GEN-T1-N30-R04,1,30,4,10.0,VALID_COMPLETE,True,11,,,COMPLETED,
B05-MPV-GEN-skjolber-laff-fixed-10s.jsonl,skjolber_laff,laff,MPV-GEN-T1-N30-R05,1,30,5,10.0,VALID_COMPLETE,True,11,,,COMPLETED,
B05-MPV-GEN-skjolber-laff-fixed-10s.jsonl,skjolber_laff,laff,MPV-GEN-T1-N30-R06,1,30,6,10.0,VALID_COMPLETE,True,8,,,COMPLETED,
B05-MPV-GEN-skjolber-laff-fixed-10s.jsonl,skjolber_laff,laff,MPV-GEN-T1-N30-R07,1,30,7,10.0,VALID_COMPLETE,True,9,,,COMPLETED,
B05-MPV-GEN-skjolber-laff-fixed-10s.jsonl,skjolber_laff,laff,MPV-GEN-T1-N30-R08,1,30,8,10.0,VALID_COMPLETE,True,10,,,COMPLETED,
B05-MPV-GEN-skjolber-laff-fixed-10s.jsonl,skjolber_laff,laff,MPV-GEN-T1-N30-R09,1,30,9,10.0,VALID_COMPLETE,True,12,,,COMPLETED,
B05-MPV-GEN-skjolber-laff-fixed-10s.jsonl,skjolber_laff,laff,MPV-GEN-T1-N30-R10,1,30,10,10.0,VALID_COMPLETE,True,11,,,COMPLETED,
B05-MPV-GEN-skjolber-laff-fixed-10s.jsonl,skjolber_laff,laff,MPV-GEN-T1-N60-R01,1,60,1,10.0,VALID_COMPLETE,True,18,,,COMPLETED,
B05-MPV-GEN-skjolber-laff-fixed-10s.jsonl,skjolber_laff,laff,MPV-GEN-T1-N60-R02,1,60,2,10.0,VALID_COMPLETE,True,18,,,COMPLETED,
B05-MPV-GEN-skjolber-laff-fixed-10s.jsonl,skjolber_laff,laff,MPV-GEN-T1-N60-R03,1,60,3,10.0,VALID_COMPLETE,True,19,,,COMPLETED,
B05-MPV-GEN-skjolber-laff-fixed-10s.jsonl,skjolber_laff,laff,MPV-GEN-T1-N60-R04,1,60,4,10.0,VALID_COMPLETE,True,16,,,COMPLETED,
B05-MPV-GEN-skjolber-laff-fixed-10s.jsonl,skjolber_laff,laff,MPV-GEN-T1-N60-R05,1,60,5,10.0,VALID_COMPLETE,True,21,,,COMPLETED,
B05-MPV-GEN-skjolber-laff-fixed-10s.jsonl,skjolber_laff,laff,MPV-GEN-T1-N60-R06,1,60,6,10.0,VALID_COMPLETE,True,17,,,COMPLETED,
B05-MPV-GEN-skjolber-laff-fixed-10s.jsonl,skjolber_laff,laff,MPV-GEN-T1-N60-R07,1,60,7,10.0,VALID_COMPLETE,True,19,,,COMPLETED,
B05-MPV-GEN-skjolber-laff-fixed-10s.jsonl,skjolber_laff,laff,MPV-GEN-T1-N60-R08,1,60,8,10.0,VALID_COMPLETE,True,21,,,COMPLETED,
B05-MPV-GEN-skjolber-laff-fixed-10s.jsonl,skjolber_laff,laff,MPV-GEN-T1-N60-R09,1,60,9,10.0,VALID_COMPLETE,True,18,,,COMPLETED,
B05-MPV-GEN-skjolber-laff-fixed-10s.jsonl,skjolber_laff,laff,MPV-GEN-T1-N60-R10,1,60,10,10.0,VALID_COMPLETE,True,17,,,COMPLETED,
B05-MPV-GEN-skjolber-laff-fixed-10s.jsonl,skjolber_laff,laff,MPV-GEN-T1-N90-R01,1,90,1,10.0,VALID_COMPLETE,True,33,,,COMPLETED,
B05-MPV-GEN-skjolber-laff-fixed-10s.jsonl,skjolber_laff,laff,MPV-GEN-T1-N90-R02,1,90,2,10.0,VALID_COMPLETE,True,25,,,COMPLETED,
B05-MPV-GEN-skjolber-laff-fixed-10s.jsonl,skjolber_laff,laff,MPV-GEN-T1-N90-R03,1,90,3,10.0,VALID_COMPLETE,True,30,,,COMPLETED,
B05-MPV-GEN-skjolber-laff-fixed-10s.jsonl,skjolber_laff,laff,MPV-GEN-T1-N90-R04,1,90,4,10.0,VALID_COMPLETE,True,24,,,COMPLETED,
B05-MPV-GEN-skjolber-laff-fixed-10s.jsonl,skjolber_laff,laff,MPV-GEN-T1-N90-R05,1,90,5,10.0,VALID_COMPLETE,True,33,,,COMPLETED,
B05-MPV-GEN-skjolber-laff-fixed-10s.jsonl,skjolber_laff,laff,MPV-GEN-T1-N90-R06,1,90,6,10.0,VALID_COMPLETE,True,29,,,COMPLETED,
B05-MPV-GEN-skjolber-laff-fixed-10s.jsonl,skjolber_laff,laff,MPV-GEN-T1-N90-R07,1,90,7,10.0,VALID_COMPLETE,True,26,,,COMPLETED,
B05-MPV-GEN-skjolber-laff-fixed-10s.jsonl,skjolber_laff,laff,MPV-GEN-T1-N90-R08,1,90,8,10.0,VALID_COMPLETE,True,32,,,COMPLETED,
B05-MPV-GEN-skjolber-laff-fixed-10s.jsonl,skjolber_laff,laff,MPV-GEN-T1-N90-R09,1,90,9,10.0,VALID_COMPLETE,True,29,,,COMPLETED,
B05-MPV-GEN-skjolber-laff-fixed-10s.jsonl,skjolber_laff,laff,MPV-GEN-T1-N90-R10,1,90,10,10.0,VALID_COMPLETE,True,28,,,COMPLETED,
B05-MPV-GEN-skjolber-laff-fixed-10s.jsonl,skjolber_laff,laff,MPV-GEN-T6-N30-R01,6,30,1,10.0,VALID_COMPLETE,True,1,,,COMPLETED,
B05-MPV-GEN-skjolber-laff-fixed-10s.jsonl,skjolber_laff,laff,MPV-GEN-T6-N30-R02,6,30,2,10.0,VALID_COMPLETE,True,1,,,COMPLETED,
B05-MPV-GEN-skjolber-laff-fixed-10s.jsonl,skjolber_laff,laff,MPV-GEN-T6-N30-R03,6,30,3,10.0,VALID_COMPLETE,True,1,,,COMPLETED,
B05-MPV-GEN-skjolber-laff-fixed-10s.jsonl,skjolber_laff,laff,MPV-GEN-T6-N30-R04,6,30,4,10.0,VALID_COMPLETE,True,1,,,COMPLETED,
B05-MPV-GEN-skjolber-laff-fixed-10s.jsonl,skjolber_laff,laff,MPV-GEN-T6-N30-R05,6,30,5,10.0,VALID_COMPLETE,True,1,,,COMPLETED,
B05-MPV-GEN-skjolber-laff-fixed-10s.jsonl,skjolber_laff,laff,MPV-GEN-T6-N30-R06,6,30,6,10.0,VALID_COMPLETE,True,1,,,COMPLETED,
B05-MPV-GEN-skjolber-laff-fixed-10s.jsonl,skjolber_laff,laff,MPV-GEN-T6-N30-R07,6,30,7,10.0,VALID_COMPLETE,True,1,,,COMPLETED,
B05-MPV-GEN-skjolber-laff-fixed-10s.jsonl,skjolber_laff,laff,MPV-GEN-T6-N30-R08,6,30,8,10.0,VALID_COMPLETE,True,1,,,COMPLETED,
B05-MPV-GEN-skjolber-laff-fixed-10s.jsonl,skjolber_laff,laff,MPV-GEN-T6-N30-R09,6,30,9,10.0,VALID_COMPLETE,True,1,,,COMPLETED,
B05-MPV-GEN-skjolber-laff-fixed-10s.jsonl,skjolber_laff,laff,MPV-GEN-T6-N30-R10,6,30,10,10.0,VALID_COMPLETE,True,1,,,COMPLETED,
B05-MPV-GEN-skjolber-laff-fixed-10s.jsonl,skjolber_laff,laff,MPV-GEN-T6-N60-R01,6,60,1,10.0,VALID_COMPLETE,True,1,,,COMPLETED,
B05-MPV-GEN-skjolber-laff-fixed-10s.jsonl,skjolber_laff,laff,MPV-GEN-T6-N60-R02,6,60,2,10.0,VALID_COMPLETE,True,1,,,COMPLETED,
B05-MPV-GEN-skjolber-laff-fixed-10s.jsonl,skjolber_laff,laff,MPV-GEN-T6-N60-R03,6,60,3,10.0,VALID_COMPLETE,True,1,,,COMPLETED,
B05-MPV-GEN-skjolber-laff-fixed-10s.jsonl,skjolber_laff,laff,MPV-GEN-T6-N60-R04,6,60,4,10.0,VALID_COMPLETE,True,1,,,COMPLETED,
B05-MPV-GEN-skjolber-laff-fixed-10s.jsonl,skjolber_laff,laff,MPV-GEN-T6-N60-R05,6,60,5,10.0,VALID_COMPLETE,True,1,,,COMPLETED,
B05-MPV-GEN-skjolber-laff-fixed-10s.jsonl,skjolber_laff,laff,MPV-GEN-T6-N60-R06,6,60,6,10.0,VALID_COMPLETE,True,1,,,COMPLETED,
B05-MPV-GEN-skjolber-laff-fixed-10s.jsonl,skjolber_laff,laff,MPV-GEN-T6-N60-R07,6,60,7,10.0,VALID_COMPLETE,True,1,,,COMPLETED,
B05-MPV-GEN-skjolber-laff-fixed-10s.jsonl,skjolber_laff,laff,MPV-GEN-T6-N60-R08,6,60,8,10.0,VALID_COMPLETE,True,1,,,COMPLETED,
B05-MPV-GEN-skjolber-laff-fixed-10s.jsonl,skjolber_laff,laff,MPV-GEN-T6-N60-R09,6,60,9,10.0,VALID_COMPLETE,True,1,,,COMPLETED,
B05-MPV-GEN-skjolber-laff-fixed-10s.jsonl,skjolber_laff,laff,MPV-GEN-T6-N60-R10,6,60,10,10.0,VALID_COMPLETE,True,1,,,COMPLETED,
B05-MPV-GEN-skjolber-laff-fixed-10s.jsonl,skjolber_laff,laff,MPV-GEN-T6-N90-R01,6,90,1,10.0,VALID_COMPLETE,True,1,,,COMPLETED,
B05-MPV-GEN-skjolber-laff-fixed-10s.jsonl,skjolber_laff,laff,MPV-GEN-T6-N90-R02,6,90,2,10.0,VALID_COMPLETE,True,1,,,COMPLETED,
B05-MPV-GEN-skjolber-laff-fixed-10s.jsonl,skjolber_laff,laff,MPV-GEN-T6-N90-R03,6,90,3,10.0,VALID_COMPLETE,True,1,,,COMPLETED,
B05-MPV-GEN-skjolber-laff-fixed-10s.jsonl,skjolber_laff,laff,MPV-GEN-T6-N90-R04,6,90,4,10.0,VALID_COMPLETE,True,1,,,COMPLETED,
B05-MPV-GEN-skjolber-laff-fixed-10s.jsonl,skjolber_laff,laff,MPV-GEN-T6-N90-R05,6,90,5,10.0,VALID_COMPLETE,True,1,,,COMPLETED,
B05-MPV-GEN-skjolber-laff-fixed-10s.jsonl,skjolber_laff,laff,MPV-GEN-T6-N90-R06,6,90,6,10.0,VALID_COMPLETE,True,1,,,COMPLETED,
B05-MPV-GEN-skjolber-laff-fixed-10s.jsonl,skjolber_laff,laff,MPV-GEN-T6-N90-R07,6,90,7,10.0,VALID_COMPLETE,True,1,,,COMPLETED,
B05-MPV-GEN-skjolber-laff-fixed-10s.jsonl,skjolber_laff,laff,MPV-GEN-T6-N90-R08,6,90,8,10.0,VALID_COMPLETE,True,1,,,COMPLETED,
B05-MPV-GEN-skjolber-laff-fixed-10s.jsonl,skjolber_laff,laff,MPV-GEN-T6-N90-R09,6,90,9,10.0,VALID_COMPLETE,True,1,,,COMPLETED,
B05-MPV-GEN-skjolber-laff-fixed-10s.jsonl,skjolber_laff,laff,MPV-GEN-T6-N90-R10,6,90,10,10.0,VALID_COMPLETE,True,1,,,COMPLETED,
B05-MPV-GEN-skjolber-laff-fixed-10s.jsonl,skjolber_laff,laff,MPV-GEN-T7-N30-R01,7,30,1,10.0,VALID_COMPLETE,True,2,,,COMPLETED,
B05-MPV-GEN-skjolber-laff-fixed-10s.jsonl,skjolber_laff,laff,MPV-GEN-T7-N30-R02,7,30,2,10.0,VALID_COMPLETE,True,1,,,COMPLETED,
B05-MPV-GEN-skjolber-laff-fixed-10s.jsonl,skjolber_laff,laff,MPV-GEN-T7-N30-R03,7,30,3,10.0,VALID_COMPLETE,True,1,,,COMPLETED,
B05-MPV-GEN-skjolber-laff-fixed-10s.jsonl,skjolber_laff,laff,MPV-GEN-T7-N30-R04,7,30,4,10.0,VALID_COMPLETE,True,1,,,COMPLETED,
B05-MPV-GEN-skjolber-laff-fixed-10s.jsonl,skjolber_laff,laff,MPV-GEN-T7-N30-R05,7,30,5,10.0,VALID_COMPLETE,True,2,,,COMPLETED,
B05-MPV-GEN-skjolber-laff-fixed-10s.jsonl,skjolber_laff,laff,MPV-GEN-T7-N30-R06,7,30,6,10.0,VALID_COMPLETE,True,2,,,COMPLETED,
B05-MPV-GEN-skjolber-laff-fixed-10s.jsonl,skjolber_laff,laff,MPV-GEN-T7-N30-R07,7,30,7,10.0,VALID_COMPLETE,True,2,,,COMPLETED,
B05-MPV-GEN-skjolber-laff-fixed-10s.jsonl,skjolber_laff,laff,MPV-GEN-T7-N30-R08,7,30,8,10.0,VALID_COMPLETE,True,2,,,COMPLETED,
B05-MPV-GEN-skjolber-laff-fixed-10s.jsonl,skjolber_laff,laff,MPV-GEN-T7-N30-R09,7,30,9,10.0,VALID_COMPLETE,True,1,,,COMPLETED,
B05-MPV-GEN-skjolber-laff-fixed-10s.jsonl,skjolber_laff,laff,MPV-GEN-T7-N30-R10,7,30,10,10.0,VALID_COMPLETE,True,2,,,COMPLETED,
B05-MPV-GEN-skjolber-laff-fixed-10s.jsonl,skjolber_laff,laff,MPV-GEN-T7-N60-R01,7,60,1,10.0,VALID_COMPLETE,True,2,,,COMPLETED,
B05-MPV-GEN-skjolber-laff-fixed-10s.jsonl,skjolber_laff,laff,MPV-GEN-T7-N60-R02,7,60,2,10.0,VALID_COMPLETE,True,1,,,COMPLETED,
B05-MPV-GEN-skjolber-laff-fixed-10s.jsonl,skjolber_laff,laff,MPV-GEN-T7-N60-R03,7,60,3,10.0,VALID_COMPLETE,True,1,,,COMPLETED,
B05-MPV-GEN-skjolber-laff-fixed-10s.jsonl,skjolber_laff,laff,MPV-GEN-T7-N60-R04,7,60,4,10.0,VALID_COMPLETE,True,2,,,COMPLETED,
B05-MPV-GEN-skjolber-laff-fixed-10s.jsonl,skjolber_laff,laff,MPV-GEN-T7-N60-R05,7,60,5,10.0,VALID_COMPLETE,True,2,,,COMPLETED,
B05-MPV-GEN-skjolber-laff-fixed-10s.jsonl,skjolber_laff,laff,MPV-GEN-T7-N60-R06,7,60,6,10.0,VALID_COMPLETE,True,2,,,COMPLETED,
B05-MPV-GEN-skjolber-laff-fixed-10s.jsonl,skjolber_laff,laff,MPV-GEN-T7-N60-R07,7,60,7,10.0,VALID_COMPLETE,True,1,,,COMPLETED,
B05-MPV-GEN-skjolber-laff-fixed-10s.jsonl,skjolber_laff,laff,MPV-GEN-T7-N60-R08,7,60,8,10.0,VALID_COMPLETE,True,2,,,COMPLETED,
B05-MPV-GEN-skjolber-laff-fixed-10s.jsonl,skjolber_laff,laff,MPV-GEN-T7-N60-R09,7,60,9,10.0,VALID_COMPLETE,True,2,,,COMPLETED,
B05-MPV-GEN-skjolber-laff-fixed-10s.jsonl,skjolber_laff,laff,MPV-GEN-T7-N60-R10,7,60,10,10.0,VALID_COMPLETE,True,2,,,COMPLETED,
B05-MPV-GEN-skjolber-laff-fixed-10s.jsonl,skjolber_laff,laff,MPV-GEN-T7-N90-R01,7,90,1,10.0,VALID_COMPLETE,True,2,,,COMPLETED,
B05-MPV-GEN-skjolber-laff-fixed-10s.jsonl,skjolber_laff,laff,MPV-GEN-T7-N90-R02,7,90,2,10.0,VALID_COMPLETE,True,2,,,COMPLETED,
B05-MPV-GEN-skjolber-laff-fixed-10s.jsonl,skjolber_laff,laff,MPV-GEN-T7-N90-R03,7,90,3,10.0,VALID_COMPLETE,True,2,,,COMPLETED,
B05-MPV-GEN-skjolber-laff-fixed-10s.jsonl,skjolber_laff,laff,MPV-GEN-T7-N90-R04,7,90,4,10.0,VALID_COMPLETE,True,3,,,COMPLETED,
B05-MPV-GEN-skjolber-laff-fixed-10s.jsonl,skjolber_laff,laff,MPV-GEN-T7-N90-R05,7,90,5,10.0,VALID_COMPLETE,True,2,,,COMPLETED,
B05-MPV-GEN-skjolber-laff-fixed-10s.jsonl,skjolber_laff,laff,MPV-GEN-T7-N90-R06,7,90,6,10.0,VALID_COMPLETE,True,1,,,COMPLETED,
B05-MPV-GEN-skjolber-laff-fixed-10s.jsonl,skjolber_laff,laff,MPV-GEN-T7-N90-R07,7,90,7,10.0,VALID_COMPLETE,True,2,,,COMPLETED,
B05-MPV-GEN-skjolber-laff-fixed-10s.jsonl,skjolber_laff,laff,MPV-GEN-T7-N90-R08,7,90,8,10.0,VALID_COMPLETE,True,2,,,COMPLETED,
B05-MPV-GEN-skjolber-laff-fixed-10s.jsonl,skjolber_laff,laff,MPV-GEN-T7-N90-R09,7,90,9,10.0,VALID_COMPLETE,True,3,,,COMPLETED,
B05-MPV-GEN-skjolber-laff-fixed-10s.jsonl,skjolber_laff,laff,MPV-GEN-T7-N90-R10,7,90,10,10.0,VALID_COMPLETE,True,2,,,COMPLETED,
B05-MPV-GEN-skjolber-laff-fixed-10s.jsonl,skjolber_laff,laff,MPV-GEN-T8-N30-R01,8,30,1,10.0,VALID_COMPLETE,True,8,,,COMPLETED,
B05-MPV-GEN-skjolber-laff-fixed-10s.jsonl,skjolber_laff,laff,MPV-GEN-T8-N30-R02,8,30,2,10.0,VALID_COMPLETE,True,8,,,COMPLETED,
B05-MPV-GEN-skjolber-laff-fixed-10s.jsonl,skjolber_laff,laff,MPV-GEN-T8-N30-R03,8,30,3,10.0,VALID_COMPLETE,True,10,,,COMPLETED,
B05-MPV-GEN-skjolber-laff-fixed-10s.jsonl,skjolber_laff,laff,MPV-GEN-T8-N30-R04,8,30,4,10.0,VALID_COMPLETE,True,7,,,COMPLETED,
B05-MPV-GEN-skjolber-laff-fixed-10s.jsonl,skjolber_laff,laff,MPV-GEN-T8-N30-R05,8,30,5,10.0,VALID_COMPLETE,True,8,,,COMPLETED,
B05-MPV-GEN-skjolber-laff-fixed-10s.jsonl,skjolber_laff,laff,MPV-GEN-T8-N30-R06,8,30,6,10.0,VALID_COMPLETE,True,7,,,COMPLETED,
B05-MPV-GEN-skjolber-laff-fixed-10s.jsonl,skjolber_laff,laff,MPV-GEN-T8-N30-R07,8,30,7,10.0,VALID_COMPLETE,True,7,,,COMPLETED,
B05-MPV-GEN-skjolber-laff-fixed-10s.jsonl,skjolber_laff,laff,MPV-GEN-T8-N30-R08,8,30,8,10.0,VALID_COMPLETE,True,8,,,COMPLETED,
B05-MPV-GEN-skjolber-laff-fixed-10s.jsonl,skjolber_laff,laff,MPV-GEN-T8-N30-R09,8,30,9,10.0,VALID_COMPLETE,True,11,,,COMPLETED,
B05-MPV-GEN-skjolber-laff-fixed-10s.jsonl,skjolber_laff,laff,MPV-GEN-T8-N30-R10,8,30,10,10.0,VALID_COMPLETE,True,7,,,COMPLETED,
B05-MPV-GEN-skjolber-laff-fixed-10s.jsonl,skjolber_laff,laff,MPV-GEN-T8-N60-R01,8,60,1,10.0,VALID_COMPLETE,True,17,,,COMPLETED,
B05-MPV-GEN-skjolber-laff-fixed-10s.jsonl,skjolber_laff,laff,MPV-GEN-T8-N60-R02,8,60,2,10.0,VALID_COMPLETE,True,17,,,COMPLETED,
B05-MPV-GEN-skjolber-laff-fixed-10s.jsonl,skjolber_laff,laff,MPV-GEN-T8-N60-R03,8,60,3,10.0,VALID_COMPLETE,True,15,,,COMPLETED,
B05-MPV-GEN-skjolber-laff-fixed-10s.jsonl,skjolber_laff,laff,MPV-GEN-T8-N60-R04,8,60,4,10.0,VALID_COMPLETE,True,12,,,COMPLETED,
B05-MPV-GEN-skjolber-laff-fixed-10s.jsonl,skjolber_laff,laff,MPV-GEN-T8-N60-R05,8,60,5,10.0,VALID_COMPLETE,True,17,,,COMPLETED,
B05-MPV-GEN-skjolber-laff-fixed-10s.jsonl,skjolber_laff,laff,MPV-GEN-T8-N60-R06,8,60,6,10.0,VALID_COMPLETE,True,12,,,COMPLETED,
B05-MPV-GEN-skjolber-laff-fixed-10s.jsonl,skjolber_laff,laff,MPV-GEN-T8-N60-R07,8,60,7,10.0,VALID_COMPLETE,True,13,,,COMPLETED,
B05-MPV-GEN-skjolber-laff-fixed-10s.jsonl,skjolber_laff,laff,MPV-GEN-T8-N60-R08,8,60,8,10.0,VALID_COMPLETE,True,12,,,COMPLETED,
B05-MPV-GEN-skjolber-laff-fixed-10s.jsonl,skjolber_laff,laff,MPV-GEN-T8-N60-R09,8,60,9,10.0,VALID_COMPLETE,True,14,,,COMPLETED,
B05-MPV-GEN-skjolber-laff-fixed-10s.jsonl,skjolber_laff,laff,MPV-GEN-T8-N60-R10,8,60,10,10.0,VALID_COMPLETE,True,14,,,COMPLETED,
B05-MPV-GEN-skjolber-laff-fixed-10s.jsonl,skjolber_laff,laff,MPV-GEN-T8-N90-R01,8,90,1,10.0,VALID_COMPLETE,True,16,,,COMPLETED,
B05-MPV-GEN-skjolber-laff-fixed-10s.jsonl,skjolber_laff,laff,MPV-GEN-T8-N90-R02,8,90,2,10.0,VALID_COMPLETE,True,18,,,COMPLETED,
B05-MPV-GEN-skjolber-laff-fixed-10s.jsonl,skjolber_laff,laff,MPV-GEN-T8-N90-R03,8,90,3,10.0,VALID_COMPLETE,True,21,,,COMPLETED,
B05-MPV-GEN-skjolber-laff-fixed-10s.jsonl,skjolber_laff,laff,MPV-GEN-T8-N90-R04,8,90,4,10.0,VALID_COMPLETE,True,21,,,COMPLETED,
B05-MPV-GEN-skjolber-laff-fixed-10s.jsonl,skjolber_laff,laff,MPV-GEN-T8-N90-R05,8,90,5,10.0,VALID_COMPLETE,True,22,,,COMPLETED,
B05-MPV-GEN-skjolber-laff-fixed-10s.jsonl,skjolber_laff,laff,MPV-GEN-T8-N90-R06,8,90,6,10.0,VALID_COMPLETE,True,20,,,COMPLETED,
B05-MPV-GEN-skjolber-laff-fixed-10s.jsonl,skjolber_laff,laff,MPV-GEN-T8-N90-R07,8,90,7,10.0,VALID_COMPLETE,True,20,,,COMPLETED,
B05-MPV-GEN-skjolber-laff-fixed-10s.jsonl,skjolber_laff,laff,MPV-GEN-T8-N90-R08,8,90,8,10.0,VALID_COMPLETE,True,20,,,COMPLETED,
B05-MPV-GEN-skjolber-laff-fixed-10s.jsonl,skjolber_laff,laff,MPV-GEN-T8-N90-R09,8,90,9,10.0,VALID_COMPLETE,True,21,,,COMPLETED,
B05-MPV-GEN-skjolber-laff-fixed-10s.jsonl,skjolber_laff,laff,MPV-GEN-T8-N90-R10,8,90,10,10.0,VALID_COMPLETE,True,19,,,COMPLETED,
B05-MPV-GEN-skjolber-laff-fixed-10s.jsonl,skjolber_laff,laff,MPV-GEN-T9-N30-R01,9,30,1,10.0,VALID_COMPLETE,True,5,,,COMPLETED,
B05-MPV-GEN-skjolber-laff-fixed-10s.jsonl,skjolber_laff,laff,MPV-GEN-T9-N30-R02,9,30,2,10.0,VALID_COMPLETE,True,5,,,COMPLETED,
B05-MPV-GEN-skjolber-laff-fixed-10s.jsonl,skjolber_laff,laff,MPV-GEN-T9-N30-R03,9,30,3,10.0,VALID_COMPLETE,True,5,,,COMPLETED,
B05-MPV-GEN-skjolber-laff-fixed-10s.jsonl,skjolber_laff,laff,MPV-GEN-T9-N30-R04,9,30,4,10.0,VALID_COMPLETE,True,4,,,COMPLETED,
B05-MPV-GEN-skjolber-laff-fixed-10s.jsonl,skjolber_laff,laff,MPV-GEN-T9-N30-R05,9,30,5,10.0,VALID_COMPLETE,True,4,,,COMPLETED,
B05-MPV-GEN-skjolber-laff-fixed-10s.jsonl,skjolber_laff,laff,MPV-GEN-T9-N30-R06,9,30,6,10.0,VALID_COMPLETE,True,5,,,COMPLETED,
B05-MPV-GEN-skjolber-laff-fixed-10s.jsonl,skjolber_laff,laff,MPV-GEN-T9-N30-R07,9,30,7,10.0,VALID_COMPLETE,True,5,,,COMPLETED,
B05-MPV-GEN-skjolber-laff-fixed-10s.jsonl,skjolber_laff,laff,MPV-GEN-T9-N30-R08,9,30,8,10.0,VALID_COMPLETE,True,5,,,COMPLETED,
B05-MPV-GEN-skjolber-laff-fixed-10s.jsonl,skjolber_laff,laff,MPV-GEN-T9-N30-R09,9,30,9,10.0,VALID_COMPLETE,True,5,,,COMPLETED,
B05-MPV-GEN-skjolber-laff-fixed-10s.jsonl,skjolber_laff,laff,MPV-GEN-T9-N30-R10,9,30,10,10.0,VALID_COMPLETE,True,5,,,COMPLETED,
B05-MPV-GEN-skjolber-laff-fixed-10s.jsonl,skjolber_laff,laff,MPV-GEN-T9-N60-R01,9,60,1,10.0,VALID_COMPLETE,True,6,,,COMPLETED,
B05-MPV-GEN-skjolber-laff-fixed-10s.jsonl,skjolber_laff,laff,MPV-GEN-T9-N60-R02,9,60,2,10.0,VALID_COMPLETE,True,6,,,COMPLETED,
B05-MPV-GEN-skjolber-laff-fixed-10s.jsonl,skjolber_laff,laff,MPV-GEN-T9-N60-R03,9,60,3,10.0,VALID_COMPLETE,True,4,,,COMPLETED,
B05-MPV-GEN-skjolber-laff-fixed-10s.jsonl,skjolber_laff,laff,MPV-GEN-T9-N60-R04,9,60,4,10.0,VALID_COMPLETE,True,5,,,COMPLETED,
B05-MPV-GEN-skjolber-laff-fixed-10s.jsonl,skjolber_laff,laff,MPV-GEN-T9-N60-R05,9,60,5,10.0,VALID_COMPLETE,True,6,,,COMPLETED,
B05-MPV-GEN-skjolber-laff-fixed-10s.jsonl,skjolber_laff,laff,MPV-GEN-T9-N60-R06,9,60,6,10.0,VALID_COMPLETE,True,6,,,COMPLETED,
B05-MPV-GEN-skjolber-laff-fixed-10s.jsonl,skjolber_laff,laff,MPV-GEN-T9-N60-R07,9,60,7,10.0,VALID_COMPLETE,True,5,,,COMPLETED,
B05-MPV-GEN-skjolber-laff-fixed-10s.jsonl,skjolber_laff,laff,MPV-GEN-T9-N60-R08,9,60,8,10.0,VALID_COMPLETE,True,6,,,COMPLETED,
B05-MPV-GEN-skjolber-laff-fixed-10s.jsonl,skjolber_laff,laff,MPV-GEN-T9-N60-R09,9,60,9,10.0,VALID_COMPLETE,True,5,,,COMPLETED,
B05-MPV-GEN-skjolber-laff-fixed-10s.jsonl,skjolber_laff,laff,MPV-GEN-T9-N60-R10,9,60,10,10.0,VALID_COMPLETE,True,5,,,COMPLETED,
B05-MPV-GEN-skjolber-laff-fixed-10s.jsonl,skjolber_laff,laff,MPV-GEN-T9-N90-R01,9,90,1,10.0,VALID_COMPLETE,True,8,,,COMPLETED,
B05-MPV-GEN-skjolber-laff-fixed-10s.jsonl,skjolber_laff,laff,MPV-GEN-T9-N90-R02,9,90,2,10.0,VALID_COMPLETE,True,6,,,COMPLETED,
B05-MPV-GEN-skjolber-laff-fixed-10s.jsonl,skjolber_laff,laff,MPV-GEN-T9-N90-R03,9,90,3,10.0,VALID_COMPLETE,True,6,,,COMPLETED,
B05-MPV-GEN-skjolber-laff-fixed-10s.jsonl,skjolber_laff,laff,MPV-GEN-T9-N90-R04,9,90,4,10.0,VALID_COMPLETE,True,5,,,COMPLETED,
B05-MPV-GEN-skjolber-laff-fixed-10s.jsonl,skjolber_laff,laff,MPV-GEN-T9-N90-R05,9,90,5,10.0,VALID_COMPLETE,True,7,,,COMPLETED,
B05-MPV-GEN-skjolber-laff-fixed-10s.jsonl,skjolber_laff,laff,MPV-GEN-T9-N90-R06,9,90,6,10.0,VALID_COMPLETE,True,6,,,COMPLETED,
B05-MPV-GEN-skjolber-laff-fixed-10s.jsonl,skjolber_laff,laff,MPV-GEN-T9-N90-R07,9,90,7,10.0,VALID_COMPLETE,True,5,,,COMPLETED,
B05-MPV-GEN-skjolber-laff-fixed-10s.jsonl,skjolber_laff,laff,MPV-GEN-T9-N90-R08,9,90,8,10.0,VALID_COMPLETE,True,6,,,COMPLETED,
B05-MPV-GEN-skjolber-laff-fixed-10s.jsonl,skjolber_laff,laff,MPV-GEN-T9-N90-R09,9,90,9,10.0,VALID_COMPLETE,True,5,,,COMPLETED,
B05-MPV-GEN-skjolber-laff-fixed-10s.jsonl,skjolber_laff,laff,MPV-GEN-T9-N90-R10,9,90,10,10.0,VALID_COMPLETE,True,6,,,COMPLETED,
B05-MPV-GEN-skjolber-laff-fixed-1s.jsonl,skjolber_laff,laff,MPV-GEN-T1-N30-R01,1,30,1,1.0,VALID_COMPLETE,True,12,,,COMPLETED,
B05-MPV-GEN-skjolber-laff-fixed-1s.jsonl,skjolber_laff,laff,MPV-GEN-T1-N30-R02,1,30,2,1.0,VALID_COMPLETE,True,13,,,COMPLETED,
B05-MPV-GEN-skjolber-laff-fixed-1s.jsonl,skjolber_laff,laff,MPV-GEN-T1-N30-R03,1,30,3,1.0,VALID_COMPLETE,True,10,,,COMPLETED,
B05-MPV-GEN-skjolber-laff-fixed-1s.jsonl,skjolber_laff,laff,MPV-GEN-T1-N30-R04,1,30,4,1.0,VALID_COMPLETE,True,11,,,COMPLETED,
B05-MPV-GEN-skjolber-laff-fixed-1s.jsonl,skjolber_laff,laff,MPV-GEN-T1-N30-R05,1,30,5,1.0,VALID_COMPLETE,True,11,,,COMPLETED,
B05-MPV-GEN-skjolber-laff-fixed-1s.jsonl,skjolber_laff,laff,MPV-GEN-T1-N30-R06,1,30,6,1.0,VALID_COMPLETE,True,8,,,COMPLETED,
B05-MPV-GEN-skjolber-laff-fixed-1s.jsonl,skjolber_laff,laff,MPV-GEN-T1-N30-R07,1,30,7,1.0,VALID_COMPLETE,True,9,,,COMPLETED,
B05-MPV-GEN-skjolber-laff-fixed-1s.jsonl,skjolber_laff,laff,MPV-GEN-T1-N30-R08,1,30,8,1.0,VALID_COMPLETE,True,10,,,COMPLETED,
B05-MPV-GEN-skjolber-laff-fixed-1s.jsonl,skjolber_laff,laff,MPV-GEN-T1-N30-R09,1,30,9,1.0,VALID_COMPLETE,True,12,,,COMPLETED,
B05-MPV-GEN-skjolber-laff-fixed-1s.jsonl,skjolber_laff,laff,MPV-GEN-T1-N30-R10,1,30,10,1.0,VALID_COMPLETE,True,11,,,COMPLETED,
B05-MPV-GEN-skjolber-laff-fixed-1s.jsonl,skjolber_laff,laff,MPV-GEN-T1-N60-R01,1,60,1,1.0,VALID_COMPLETE,True,18,,,COMPLETED,
B05-MPV-GEN-skjolber-laff-fixed-1s.jsonl,skjolber_laff,laff,MPV-GEN-T1-N60-R02,1,60,2,1.0,VALID_COMPLETE,True,18,,,COMPLETED,
B05-MPV-GEN-skjolber-laff-fixed-1s.jsonl,skjolber_laff,laff,MPV-GEN-T1-N60-R03,1,60,3,1.0,VALID_COMPLETE,True,19,,,COMPLETED,
B05-MPV-GEN-skjolber-laff-fixed-1s.jsonl,skjolber_laff,laff,MPV-GEN-T1-N60-R04,1,60,4,1.0,VALID_COMPLETE,True,16,,,COMPLETED,
B05-MPV-GEN-skjolber-laff-fixed-1s.jsonl,skjolber_laff,laff,MPV-GEN-T1-N60-R05,1,60,5,1.0,VALID_COMPLETE,True,21,,,COMPLETED,
B05-MPV-GEN-skjolber-laff-fixed-1s.jsonl,skjolber_laff,laff,MPV-GEN-T1-N60-R06,1,60,6,1.0,VALID_COMPLETE,True,17,,,COMPLETED,
B05-MPV-GEN-skjolber-laff-fixed-1s.jsonl,skjolber_laff,laff,MPV-GEN-T1-N60-R07,1,60,7,1.0,VALID_COMPLETE,True,19,,,COMPLETED,
B05-MPV-GEN-skjolber-laff-fixed-1s.jsonl,skjolber_laff,laff,MPV-GEN-T1-N60-R08,1,60,8,1.0,VALID_COMPLETE,True,21,,,COMPLETED,
B05-MPV-GEN-skjolber-laff-fixed-1s.jsonl,skjolber_laff,laff,MPV-GEN-T1-N60-R09,1,60,9,1.0,VALID_COMPLETE,True,18,,,COMPLETED,
B05-MPV-GEN-skjolber-laff-fixed-1s.jsonl,skjolber_laff,laff,MPV-GEN-T1-N60-R10,1,60,10,1.0,VALID_COMPLETE,True,17,,,COMPLETED,
B05-MPV-GEN-skjolber-laff-fixed-1s.jsonl,skjolber_laff,laff,MPV-GEN-T1-N90-R01,1,90,1,1.0,VALID_COMPLETE,True,33,,,COMPLETED,
B05-MPV-GEN-skjolber-laff-fixed-1s.jsonl,skjolber_laff,laff,MPV-GEN-T1-N90-R02,1,90,2,1.0,VALID_COMPLETE,True,25,,,COMPLETED,
B05-MPV-GEN-skjolber-laff-fixed-1s.jsonl,skjolber_laff,laff,MPV-GEN-T1-N90-R03,1,90,3,1.0,VALID_COMPLETE,True,30,,,COMPLETED,
B05-MPV-GEN-skjolber-laff-fixed-1s.jsonl,skjolber_laff,laff,MPV-GEN-T1-N90-R04,1,90,4,1.0,VALID_COMPLETE,True,24,,,COMPLETED,
B05-MPV-GEN-skjolber-laff-fixed-1s.jsonl,skjolber_laff,laff,MPV-GEN-T1-N90-R05,1,90,5,1.0,VALID_COMPLETE,True,33,,,COMPLETED,
B05-MPV-GEN-skjolber-laff-fixed-1s.jsonl,skjolber_laff,laff,MPV-GEN-T1-N90-R06,1,90,6,1.0,VALID_COMPLETE,True,29,,,COMPLETED,
B05-MPV-GEN-skjolber-laff-fixed-1s.jsonl,skjolber_laff,laff,MPV-GEN-T1-N90-R07,1,90,7,1.0,VALID_COMPLETE,True,26,,,COMPLETED,
B05-MPV-GEN-skjolber-laff-fixed-1s.jsonl,skjolber_laff,laff,MPV-GEN-T1-N90-R08,1,90,8,1.0,VALID_COMPLETE,True,32,,,COMPLETED,
B05-MPV-GEN-skjolber-laff-fixed-1s.jsonl,skjolber_laff,laff,MPV-GEN-T1-N90-R09,1,90,9,1.0,VALID_COMPLETE,True,29,,,COMPLETED,
B05-MPV-GEN-skjolber-laff-fixed-1s.jsonl,skjolber_laff,laff,MPV-GEN-T1-N90-R10,1,90,10,1.0,VALID_COMPLETE,True,28,,,COMPLETED,
B05-MPV-GEN-skjolber-laff-fixed-1s.jsonl,skjolber_laff,laff,MPV-GEN-T6-N30-R01,6,30,1,1.0,VALID_COMPLETE,True,1,,,COMPLETED,
B05-MPV-GEN-skjolber-laff-fixed-1s.jsonl,skjolber_laff,laff,MPV-GEN-T6-N30-R02,6,30,2,1.0,VALID_COMPLETE,True,1,,,COMPLETED,
B05-MPV-GEN-skjolber-laff-fixed-1s.jsonl,skjolber_laff,laff,MPV-GEN-T6-N30-R03,6,30,3,1.0,VALID_COMPLETE,True,1,,,COMPLETED,
B05-MPV-GEN-skjolber-laff-fixed-1s.jsonl,skjolber_laff,laff,MPV-GEN-T6-N30-R04,6,30,4,1.0,VALID_COMPLETE,True,1,,,COMPLETED,
B05-MPV-GEN-skjolber-laff-fixed-1s.jsonl,skjolber_laff,laff,MPV-GEN-T6-N30-R05,6,30,5,1.0,VALID_COMPLETE,True,1,,,COMPLETED,
B05-MPV-GEN-skjolber-laff-fixed-1s.jsonl,skjolber_laff,laff,MPV-GEN-T6-N30-R06,6,30,6,1.0,VALID_COMPLETE,True,1,,,COMPLETED,
B05-MPV-GEN-skjolber-laff-fixed-1s.jsonl,skjolber_laff,laff,MPV-GEN-T6-N30-R07,6,30,7,1.0,VALID_COMPLETE,True,1,,,COMPLETED,
B05-MPV-GEN-skjolber-laff-fixed-1s.jsonl,skjolber_laff,laff,MPV-GEN-T6-N30-R08,6,30,8,1.0,VALID_COMPLETE,True,1,,,COMPLETED,
B05-MPV-GEN-skjolber-laff-fixed-1s.jsonl,skjolber_laff,laff,MPV-GEN-T6-N30-R09,6,30,9,1.0,VALID_COMPLETE,True,1,,,COMPLETED,
B05-MPV-GEN-skjolber-laff-fixed-1s.jsonl,skjolber_laff,laff,MPV-GEN-T6-N30-R10,6,30,10,1.0,VALID_COMPLETE,True,1,,,COMPLETED,
B05-MPV-GEN-skjolber-laff-fixed-1s.jsonl,skjolber_laff,laff,MPV-GEN-T6-N60-R01,6,60,1,1.0,VALID_COMPLETE,True,1,,,COMPLETED,
B05-MPV-GEN-skjolber-laff-fixed-1s.jsonl,skjolber_laff,laff,MPV-GEN-T6-N60-R02,6,60,2,1.0,VALID_COMPLETE,True,1,,,COMPLETED,
B05-MPV-GEN-skjolber-laff-fixed-1s.jsonl,skjolber_laff,laff,MPV-GEN-T6-N60-R03,6,60,3,1.0,VALID_COMPLETE,True,1,,,COMPLETED,
B05-MPV-GEN-skjolber-laff-fixed-1s.jsonl,skjolber_laff,laff,MPV-GEN-T6-N60-R04,6,60,4,1.0,VALID_COMPLETE,True,1,,,COMPLETED,
B05-MPV-GEN-skjolber-laff-fixed-1s.jsonl,skjolber_laff,laff,MPV-GEN-T6-N60-R05,6,60,5,1.0,VALID_COMPLETE,True,1,,,COMPLETED,
B05-MPV-GEN-skjolber-laff-fixed-1s.jsonl,skjolber_laff,laff,MPV-GEN-T6-N60-R06,6,60,6,1.0,VALID_COMPLETE,True,1,,,COMPLETED,
B05-MPV-GEN-skjolber-laff-fixed-1s.jsonl,skjolber_laff,laff,MPV-GEN-T6-N60-R07,6,60,7,1.0,VALID_COMPLETE,True,1,,,COMPLETED,
B05-MPV-GEN-skjolber-laff-fixed-1s.jsonl,skjolber_laff,laff,MPV-GEN-T6-N60-R08,6,60,8,1.0,VALID_COMPLETE,True,1,,,COMPLETED,
B05-MPV-GEN-skjolber-laff-fixed-1s.jsonl,skjolber_laff,laff,MPV-GEN-T6-N60-R09,6,60,9,1.0,VALID_COMPLETE,True,1,,,COMPLETED,
B05-MPV-GEN-skjolber-laff-fixed-1s.jsonl,skjolber_laff,laff,MPV-GEN-T6-N60-R10,6,60,10,1.0,VALID_COMPLETE,True,1,,,COMPLETED,
B05-MPV-GEN-skjolber-laff-fixed-1s.jsonl,skjolber_laff,laff,MPV-GEN-T6-N90-R01,6,90,1,1.0,VALID_COMPLETE,True,1,,,COMPLETED,
B05-MPV-GEN-skjolber-laff-fixed-1s.jsonl,skjolber_laff,laff,MPV-GEN-T6-N90-R02,6,90,2,1.0,VALID_COMPLETE,True,1,,,COMPLETED,
B05-MPV-GEN-skjolber-laff-fixed-1s.jsonl,skjolber_laff,laff,MPV-GEN-T6-N90-R03,6,90,3,1.0,VALID_COMPLETE,True,1,,,COMPLETED,
B05-MPV-GEN-skjolber-laff-fixed-1s.jsonl,skjolber_laff,laff,MPV-GEN-T6-N90-R04,6,90,4,1.0,VALID_COMPLETE,True,1,,,COMPLETED,
B05-MPV-GEN-skjolber-laff-fixed-1s.jsonl,skjolber_laff,laff,MPV-GEN-T6-N90-R05,6,90,5,1.0,VALID_COMPLETE,True,1,,,COMPLETED,
B05-MPV-GEN-skjolber-laff-fixed-1s.jsonl,skjolber_laff,laff,MPV-GEN-T6-N90-R06,6,90,6,1.0,VALID_COMPLETE,True,1,,,COMPLETED,
B05-MPV-GEN-skjolber-laff-fixed-1s.jsonl,skjolber_laff,laff,MPV-GEN-T6-N90-R07,6,90,7,1.0,VALID_COMPLETE,True,1,,,COMPLETED,
B05-MPV-GEN-skjolber-laff-fixed-1s.jsonl,skjolber_laff,laff,MPV-GEN-T6-N90-R08,6,90,8,1.0,VALID_COMPLETE,True,1,,,COMPLETED,
B05-MPV-GEN-skjolber-laff-fixed-1s.jsonl,skjolber_laff,laff,MPV-GEN-T6-N90-R09,6,90,9,1.0,VALID_COMPLETE,True,1,,,COMPLETED,
B05-MPV-GEN-skjolber-laff-fixed-1s.jsonl,skjolber_laff,laff,MPV-GEN-T6-N90-R10,6,90,10,1.0,VALID_COMPLETE,True,1,,,COMPLETED,
B05-MPV-GEN-skjolber-laff-fixed-1s.jsonl,skjolber_laff,laff,MPV-GEN-T7-N30-R01,7,30,1,1.0,VALID_COMPLETE,True,2,,,COMPLETED,
B05-MPV-GEN-skjolber-laff-fixed-1s.jsonl,skjolber_laff,laff,MPV-GEN-T7-N30-R02,7,30,2,1.0,VALID_COMPLETE,True,1,,,COMPLETED,
B05-MPV-GEN-skjolber-laff-fixed-1s.jsonl,skjolber_laff,laff,MPV-GEN-T7-N30-R03,7,30,3,1.0,VALID_COMPLETE,True,1,,,COMPLETED,
B05-MPV-GEN-skjolber-laff-fixed-1s.jsonl,skjolber_laff,laff,MPV-GEN-T7-N30-R04,7,30,4,1.0,VALID_COMPLETE,True,1,,,COMPLETED,
B05-MPV-GEN-skjolber-laff-fixed-1s.jsonl,skjolber_laff,laff,MPV-GEN-T7-N30-R05,7,30,5,1.0,VALID_COMPLETE,True,2,,,COMPLETED,
B05-MPV-GEN-skjolber-laff-fixed-1s.jsonl,skjolber_laff,laff,MPV-GEN-T7-N30-R06,7,30,6,1.0,VALID_COMPLETE,True,2,,,COMPLETED,
B05-MPV-GEN-skjolber-laff-fixed-1s.jsonl,skjolber_laff,laff,MPV-GEN-T7-N30-R07,7,30,7,1.0,VALID_COMPLETE,True,2,,,COMPLETED,
B05-MPV-GEN-skjolber-laff-fixed-1s.jsonl,skjolber_laff,laff,MPV-GEN-T7-N30-R08,7,30,8,1.0,VALID_COMPLETE,True,2,,,COMPLETED,
B05-MPV-GEN-skjolber-laff-fixed-1s.jsonl,skjolber_laff,laff,MPV-GEN-T7-N30-R09,7,30,9,1.0,VALID_COMPLETE,True,1,,,COMPLETED,
B05-MPV-GEN-skjolber-laff-fixed-1s.jsonl,skjolber_laff,laff,MPV-GEN-T7-N30-R10,7,30,10,1.0,VALID_COMPLETE,True,2,,,COMPLETED,
B05-MPV-GEN-skjolber-laff-fixed-1s.jsonl,skjolber_laff,laff,MPV-GEN-T7-N60-R01,7,60,1,1.0,VALID_COMPLETE,True,2,,,COMPLETED,
B05-MPV-GEN-skjolber-laff-fixed-1s.jsonl,skjolber_laff,laff,MPV-GEN-T7-N60-R02,7,60,2,1.0,VALID_COMPLETE,True,1,,,COMPLETED,
B05-MPV-GEN-skjolber-laff-fixed-1s.jsonl,skjolber_laff,laff,MPV-GEN-T7-N60-R03,7,60,3,1.0,VALID_COMPLETE,True,1,,,COMPLETED,
B05-MPV-GEN-skjolber-laff-fixed-1s.jsonl,skjolber_laff,laff,MPV-GEN-T7-N60-R04,7,60,4,1.0,VALID_COMPLETE,True,2,,,COMPLETED,
B05-MPV-GEN-skjolber-laff-fixed-1s.jsonl,skjolber_laff,laff,MPV-GEN-T7-N60-R05,7,60,5,1.0,VALID_COMPLETE,True,2,,,COMPLETED,
B05-MPV-GEN-skjolber-laff-fixed-1s.jsonl,skjolber_laff,laff,MPV-GEN-T7-N60-R06,7,60,6,1.0,VALID_COMPLETE,True,2,,,COMPLETED,
B05-MPV-GEN-skjolber-laff-fixed-1s.jsonl,skjolber_laff,laff,MPV-GEN-T7-N60-R07,7,60,7,1.0,VALID_COMPLETE,True,1,,,COMPLETED,
B05-MPV-GEN-skjolber-laff-fixed-1s.jsonl,skjolber_laff,laff,MPV-GEN-T7-N60-R08,7,60,8,1.0,VALID_COMPLETE,True,2,,,COMPLETED,
B05-MPV-GEN-skjolber-laff-fixed-1s.jsonl,skjolber_laff,laff,MPV-GEN-T7-N60-R09,7,60,9,1.0,VALID_COMPLETE,True,2,,,COMPLETED,
B05-MPV-GEN-skjolber-laff-fixed-1s.jsonl,skjolber_laff,laff,MPV-GEN-T7-N60-R10,7,60,10,1.0,VALID_COMPLETE,True,2,,,COMPLETED,
B05-MPV-GEN-skjolber-laff-fixed-1s.jsonl,skjolber_laff,laff,MPV-GEN-T7-N90-R01,7,90,1,1.0,VALID_COMPLETE,True,2,,,COMPLETED,
B05-MPV-GEN-skjolber-laff-fixed-1s.jsonl,skjolber_laff,laff,MPV-GEN-T7-N90-R02,7,90,2,1.0,VALID_COMPLETE,True,2,,,COMPLETED,
B05-MPV-GEN-skjolber-laff-fixed-1s.jsonl,skjolber_laff,laff,MPV-GEN-T7-N90-R03,7,90,3,1.0,VALID_COMPLETE,True,2,,,COMPLETED,
B05-MPV-GEN-skjolber-laff-fixed-1s.jsonl,skjolber_laff,laff,MPV-GEN-T7-N90-R04,7,90,4,1.0,VALID_COMPLETE,True,3,,,COMPLETED,
B05-MPV-GEN-skjolber-laff-fixed-1s.jsonl,skjolber_laff,laff,MPV-GEN-T7-N90-R05,7,90,5,1.0,VALID_COMPLETE,True,2,,,COMPLETED,
B05-MPV-GEN-skjolber-laff-fixed-1s.jsonl,skjolber_laff,laff,MPV-GEN-T7-N90-R06,7,90,6,1.0,VALID_COMPLETE,True,1,,,COMPLETED,
B05-MPV-GEN-skjolber-laff-fixed-1s.jsonl,skjolber_laff,laff,MPV-GEN-T7-N90-R07,7,90,7,1.0,VALID_COMPLETE,True,2,,,COMPLETED,
B05-MPV-GEN-skjolber-laff-fixed-1s.jsonl,skjolber_laff,laff,MPV-GEN-T7-N90-R08,7,90,8,1.0,VALID_COMPLETE,True,2,,,COMPLETED,
B05-MPV-GEN-skjolber-laff-fixed-1s.jsonl,skjolber_laff,laff,MPV-GEN-T7-N90-R09,7,90,9,1.0,VALID_COMPLETE,True,3,,,COMPLETED,
B05-MPV-GEN-skjolber-laff-fixed-1s.jsonl,skjolber_laff,laff,MPV-GEN-T7-N90-R10,7,90,10,1.0,VALID_COMPLETE,True,2,,,COMPLETED,
B05-MPV-GEN-skjolber-laff-fixed-1s.jsonl,skjolber_laff,laff,MPV-GEN-T8-N30-R01,8,30,1,1.0,VALID_COMPLETE,True,8,,,COMPLETED,
B05-MPV-GEN-skjolber-laff-fixed-1s.jsonl,skjolber_laff,laff,MPV-GEN-T8-N30-R02,8,30,2,1.0,VALID_COMPLETE,True,8,,,COMPLETED,
B05-MPV-GEN-skjolber-laff-fixed-1s.jsonl,skjolber_laff,laff,MPV-GEN-T8-N30-R03,8,30,3,1.0,VALID_COMPLETE,True,10,,,COMPLETED,
B05-MPV-GEN-skjolber-laff-fixed-1s.jsonl,skjolber_laff,laff,MPV-GEN-T8-N30-R04,8,30,4,1.0,VALID_COMPLETE,True,7,,,COMPLETED,
B05-MPV-GEN-skjolber-laff-fixed-1s.jsonl,skjolber_laff,laff,MPV-GEN-T8-N30-R05,8,30,5,1.0,VALID_COMPLETE,True,8,,,COMPLETED,
B05-MPV-GEN-skjolber-laff-fixed-1s.jsonl,skjolber_laff,laff,MPV-GEN-T8-N30-R06,8,30,6,1.0,VALID_COMPLETE,True,7,,,COMPLETED,
B05-MPV-GEN-skjolber-laff-fixed-1s.jsonl,skjolber_laff,laff,MPV-GEN-T8-N30-R07,8,30,7,1.0,VALID_COMPLETE,True,7,,,COMPLETED,
B05-MPV-GEN-skjolber-laff-fixed-1s.jsonl,skjolber_laff,laff,MPV-GEN-T8-N30-R08,8,30,8,1.0,VALID_COMPLETE,True,8,,,COMPLETED,
B05-MPV-GEN-skjolber-laff-fixed-1s.jsonl,skjolber_laff,laff,MPV-GEN-T8-N30-R09,8,30,9,1.0,VALID_COMPLETE,True,11,,,COMPLETED,
B05-MPV-GEN-skjolber-laff-fixed-1s.jsonl,skjolber_laff,laff,MPV-GEN-T8-N30-R10,8,30,10,1.0,VALID_COMPLETE,True,7,,,COMPLETED,
B05-MPV-GEN-skjolber-laff-fixed-1s.jsonl,skjolber_laff,laff,MPV-GEN-T8-N60-R01,8,60,1,1.0,VALID_COMPLETE,True,17,,,COMPLETED,
B05-MPV-GEN-skjolber-laff-fixed-1s.jsonl,skjolber_laff,laff,MPV-GEN-T8-N60-R02,8,60,2,1.0,VALID_COMPLETE,True,17,,,COMPLETED,
B05-MPV-GEN-skjolber-laff-fixed-1s.jsonl,skjolber_laff,laff,MPV-GEN-T8-N60-R03,8,60,3,1.0,VALID_COMPLETE,True,15,,,COMPLETED,
B05-MPV-GEN-skjolber-laff-fixed-1s.jsonl,skjolber_laff,laff,MPV-GEN-T8-N60-R04,8,60,4,1.0,VALID_COMPLETE,True,12,,,COMPLETED,
B05-MPV-GEN-skjolber-laff-fixed-1s.jsonl,skjolber_laff,laff,MPV-GEN-T8-N60-R05,8,60,5,1.0,VALID_COMPLETE,True,17,,,COMPLETED,
B05-MPV-GEN-skjolber-laff-fixed-1s.jsonl,skjolber_laff,laff,MPV-GEN-T8-N60-R06,8,60,6,1.0,VALID_COMPLETE,True,12,,,COMPLETED,
B05-MPV-GEN-skjolber-laff-fixed-1s.jsonl,skjolber_laff,laff,MPV-GEN-T8-N60-R07,8,60,7,1.0,VALID_COMPLETE,True,13,,,COMPLETED,
B05-MPV-GEN-skjolber-laff-fixed-1s.jsonl,skjolber_laff,laff,MPV-GEN-T8-N60-R08,8,60,8,1.0,VALID_COMPLETE,True,12,,,COMPLETED,
B05-MPV-GEN-skjolber-laff-fixed-1s.jsonl,skjolber_laff,laff,MPV-GEN-T8-N60-R09,8,60,9,1.0,VALID_COMPLETE,True,14,,,COMPLETED,
B05-MPV-GEN-skjolber-laff-fixed-1s.jsonl,skjolber_laff,laff,MPV-GEN-T8-N60-R10,8,60,10,1.0,VALID_COMPLETE,True,14,,,COMPLETED,
B05-MPV-GEN-skjolber-laff-fixed-1s.jsonl,skjolber_laff,laff,MPV-GEN-T8-N90-R01,8,90,1,1.0,VALID_COMPLETE,True,16,,,COMPLETED,
B05-MPV-GEN-skjolber-laff-fixed-1s.jsonl,skjolber_laff,laff,MPV-GEN-T8-N90-R02,8,90,2,1.0,VALID_COMPLETE,True,18,,,COMPLETED,
B05-MPV-GEN-skjolber-laff-fixed-1s.jsonl,skjolber_laff,laff,MPV-GEN-T8-N90-R03,8,90,3,1.0,VALID_COMPLETE,True,21,,,COMPLETED,
B05-MPV-GEN-skjolber-laff-fixed-1s.jsonl,skjolber_laff,laff,MPV-GEN-T8-N90-R04,8,90,4,1.0,VALID_COMPLETE,True,21,,,COMPLETED,
B05-MPV-GEN-skjolber-laff-fixed-1s.jsonl,skjolber_laff,laff,MPV-GEN-T8-N90-R05,8,90,5,1.0,VALID_COMPLETE,True,22,,,COMPLETED,
B05-MPV-GEN-skjolber-laff-fixed-1s.jsonl,skjolber_laff,laff,MPV-GEN-T8-N90-R06,8,90,6,1.0,VALID_COMPLETE,True,20,,,COMPLETED,
B05-MPV-GEN-skjolber-laff-fixed-1s.jsonl,skjolber_laff,laff,MPV-GEN-T8-N90-R07,8,90,7,1.0,VALID_COMPLETE,True,20,,,COMPLETED,
B05-MPV-GEN-skjolber-laff-fixed-1s.jsonl,skjolber_laff,laff,MPV-GEN-T8-N90-R08,8,90,8,1.0,VALID_COMPLETE,True,20,,,COMPLETED,
B05-MPV-GEN-skjolber-laff-fixed-1s.jsonl,skjolber_laff,laff,MPV-GEN-T8-N90-R09,8,90,9,1.0,VALID_COMPLETE,True,21,,,COMPLETED,
B05-MPV-GEN-skjolber-laff-fixed-1s.jsonl,skjolber_laff,laff,MPV-GEN-T8-N90-R10,8,90,10,1.0,VALID_COMPLETE,True,19,,,COMPLETED,
B05-MPV-GEN-skjolber-laff-fixed-1s.jsonl,skjolber_laff,laff,MPV-GEN-T9-N30-R01,9,30,1,1.0,VALID_COMPLETE,True,5,,,COMPLETED,
B05-MPV-GEN-skjolber-laff-fixed-1s.jsonl,skjolber_laff,laff,MPV-GEN-T9-N30-R02,9,30,2,1.0,VALID_COMPLETE,True,5,,,COMPLETED,
B05-MPV-GEN-skjolber-laff-fixed-1s.jsonl,skjolber_laff,laff,MPV-GEN-T9-N30-R03,9,30,3,1.0,VALID_COMPLETE,True,5,,,COMPLETED,
B05-MPV-GEN-skjolber-laff-fixed-1s.jsonl,skjolber_laff,laff,MPV-GEN-T9-N30-R04,9,30,4,1.0,VALID_COMPLETE,True,4,,,COMPLETED,
B05-MPV-GEN-skjolber-laff-fixed-1s.jsonl,skjolber_laff,laff,MPV-GEN-T9-N30-R05,9,30,5,1.0,VALID_COMPLETE,True,4,,,COMPLETED,
B05-MPV-GEN-skjolber-laff-fixed-1s.jsonl,skjolber_laff,laff,MPV-GEN-T9-N30-R06,9,30,6,1.0,VALID_COMPLETE,True,5,,,COMPLETED,
B05-MPV-GEN-skjolber-laff-fixed-1s.jsonl,skjolber_laff,laff,MPV-GEN-T9-N30-R07,9,30,7,1.0,VALID_COMPLETE,True,5,,,COMPLETED,
B05-MPV-GEN-skjolber-laff-fixed-1s.jsonl,skjolber_laff,laff,MPV-GEN-T9-N30-R08,9,30,8,1.0,VALID_COMPLETE,True,5,,,COMPLETED,
B05-MPV-GEN-skjolber-laff-fixed-1s.jsonl,skjolber_laff,laff,MPV-GEN-T9-N30-R09,9,30,9,1.0,VALID_COMPLETE,True,5,,,COMPLETED,
B05-MPV-GEN-skjolber-laff-fixed-1s.jsonl,skjolber_laff,laff,MPV-GEN-T9-N30-R10,9,30,10,1.0,VALID_COMPLETE,True,5,,,COMPLETED,
B05-MPV-GEN-skjolber-laff-fixed-1s.jsonl,skjolber_laff,laff,MPV-GEN-T9-N60-R01,9,60,1,1.0,VALID_COMPLETE,True,6,,,COMPLETED,
B05-MPV-GEN-skjolber-laff-fixed-1s.jsonl,skjolber_laff,laff,MPV-GEN-T9-N60-R02,9,60,2,1.0,VALID_COMPLETE,True,6,,,COMPLETED,
B05-MPV-GEN-skjolber-laff-fixed-1s.jsonl,skjolber_laff,laff,MPV-GEN-T9-N60-R03,9,60,3,1.0,VALID_COMPLETE,True,4,,,COMPLETED,
B05-MPV-GEN-skjolber-laff-fixed-1s.jsonl,skjolber_laff,laff,MPV-GEN-T9-N60-R04,9,60,4,1.0,VALID_COMPLETE,True,5,,,COMPLETED,
B05-MPV-GEN-skjolber-laff-fixed-1s.jsonl,skjolber_laff,laff,MPV-GEN-T9-N60-R05,9,60,5,1.0,VALID_COMPLETE,True,6,,,COMPLETED,
B05-MPV-GEN-skjolber-laff-fixed-1s.jsonl,skjolber_laff,laff,MPV-GEN-T9-N60-R06,9,60,6,1.0,VALID_COMPLETE,True,6,,,COMPLETED,
B05-MPV-GEN-skjolber-laff-fixed-1s.jsonl,skjolber_laff,laff,MPV-GEN-T9-N60-R07,9,60,7,1.0,VALID_COMPLETE,True,5,,,COMPLETED,
B05-MPV-GEN-skjolber-laff-fixed-1s.jsonl,skjolber_laff,laff,MPV-GEN-T9-N60-R08,9,60,8,1.0,VALID_COMPLETE,True,6,,,COMPLETED,
B05-MPV-GEN-skjolber-laff-fixed-1s.jsonl,skjolber_laff,laff,MPV-GEN-T9-N60-R09,9,60,9,1.0,VALID_COMPLETE,True,5,,,COMPLETED,
B05-MPV-GEN-skjolber-laff-fixed-1s.jsonl,skjolber_laff,laff,MPV-GEN-T9-N60-R10,9,60,10,1.0,VALID_COMPLETE,True,5,,,COMPLETED,
B05-MPV-GEN-skjolber-laff-fixed-1s.jsonl,skjolber_laff,laff,MPV-GEN-T9-N90-R01,9,90,1,1.0,VALID_COMPLETE,True,8,,,COMPLETED,
B05-MPV-GEN-skjolber-laff-fixed-1s.jsonl,skjolber_laff,laff,MPV-GEN-T9-N90-R02,9,90,2,1.0,VALID_COMPLETE,True,6,,,COMPLETED,
B05-MPV-GEN-skjolber-laff-fixed-1s.jsonl,skjolber_laff,laff,MPV-GEN-T9-N90-R03,9,90,3,1.0,VALID_COMPLETE,True,6,,,COMPLETED,
B05-MPV-GEN-skjolber-laff-fixed-1s.jsonl,skjolber_laff,laff,MPV-GEN-T9-N90-R04,9,90,4,1.0,VALID_COMPLETE,True,5,,,COMPLETED,
B05-MPV-GEN-skjolber-laff-fixed-1s.jsonl,skjolber_laff,laff,MPV-GEN-T9-N90-R05,9,90,5,1.0,VALID_COMPLETE,True,7,,,COMPLETED,
B05-MPV-GEN-skjolber-laff-fixed-1s.jsonl,skjolber_laff,laff,MPV-GEN-T9-N90-R06,9,90,6,1.0,VALID_COMPLETE,True,6,,,COMPLETED,
B05-MPV-GEN-skjolber-laff-fixed-1s.jsonl,skjolber_laff,laff,MPV-GEN-T9-N90-R07,9,90,7,1.0,VALID_COMPLETE,True,5,,,COMPLETED,
B05-MPV-GEN-skjolber-laff-fixed-1s.jsonl,skjolber_laff,laff,MPV-GEN-T9-N90-R08,9,90,8,1.0,VALID_COMPLETE,True,6,,,COMPLETED,
B05-MPV-GEN-skjolber-laff-fixed-1s.jsonl,skjolber_laff,laff,MPV-GEN-T9-N90-R09,9,90,9,1.0,VALID_COMPLETE,True,5,,,COMPLETED,
B05-MPV-GEN-skjolber-laff-fixed-1s.jsonl,skjolber_laff,laff,MPV-GEN-T9-N90-R10,9,90,10,1.0,VALID_COMPLETE,True,6,,,COMPLETED,
B05-MPV-GEN-skjolber-plain-fixed-10s.jsonl,skjolber_plain,plain,MPV-GEN-T1-N30-R01,1,30,1,10.0,VALID_COMPLETE,True,9,,,COMPLETED,
B05-MPV-GEN-skjolber-plain-fixed-10s.jsonl,skjolber_plain,plain,MPV-GEN-T1-N30-R02,1,30,2,10.0,VALID_COMPLETE,True,12,,,COMPLETED,
B05-MPV-GEN-skjolber-plain-fixed-10s.jsonl,skjolber_plain,plain,MPV-GEN-T1-N30-R03,1,30,3,10.0,VALID_COMPLETE,True,8,,,COMPLETED,
B05-MPV-GEN-skjolber-plain-fixed-10s.jsonl,skjolber_plain,plain,MPV-GEN-T1-N30-R04,1,30,4,10.0,VALID_COMPLETE,True,8,,,COMPLETED,
B05-MPV-GEN-skjolber-plain-fixed-10s.jsonl,skjolber_plain,plain,MPV-GEN-T1-N30-R05,1,30,5,10.0,VALID_COMPLETE,True,11,,,COMPLETED,
B05-MPV-GEN-skjolber-plain-fixed-10s.jsonl,skjolber_plain,plain,MPV-GEN-T1-N30-R06,1,30,6,10.0,VALID_COMPLETE,True,8,,,COMPLETED,
B05-MPV-GEN-skjolber-plain-fixed-10s.jsonl,skjolber_plain,plain,MPV-GEN-T1-N30-R07,1,30,7,10.0,VALID_COMPLETE,True,8,,,COMPLETED,
B05-MPV-GEN-skjolber-plain-fixed-10s.jsonl,skjolber_plain,plain,MPV-GEN-T1-N30-R08,1,30,8,10.0,VALID_COMPLETE,True,9,,,COMPLETED,
B05-MPV-GEN-skjolber-plain-fixed-10s.jsonl,skjolber_plain,plain,MPV-GEN-T1-N30-R09,1,30,9,10.0,VALID_COMPLETE,True,10,,,COMPLETED,
B05-MPV-GEN-skjolber-plain-fixed-10s.jsonl,skjolber_plain,plain,MPV-GEN-T1-N30-R10,1,30,10,10.0,VALID_COMPLETE,True,8,,,COMPLETED,
B05-MPV-GEN-skjolber-plain-fixed-10s.jsonl,skjolber_plain,plain,MPV-GEN-T1-N60-R01,1,60,1,10.0,VALID_COMPLETE,True,16,,,COMPLETED,
B05-MPV-GEN-skjolber-plain-fixed-10s.jsonl,skjolber_plain,plain,MPV-GEN-T1-N60-R02,1,60,2,10.0,VALID_COMPLETE,True,15,,,COMPLETED,
B05-MPV-GEN-skjolber-plain-fixed-10s.jsonl,skjolber_plain,plain,MPV-GEN-T1-N60-R03,1,60,3,10.0,VALID_COMPLETE,True,18,,,COMPLETED,
B05-MPV-GEN-skjolber-plain-fixed-10s.jsonl,skjolber_plain,plain,MPV-GEN-T1-N60-R04,1,60,4,10.0,VALID_COMPLETE,True,14,,,COMPLETED,
B05-MPV-GEN-skjolber-plain-fixed-10s.jsonl,skjolber_plain,plain,MPV-GEN-T1-N60-R05,1,60,5,10.0,VALID_COMPLETE,True,19,,,COMPLETED,
B05-MPV-GEN-skjolber-plain-fixed-10s.jsonl,skjolber_plain,plain,MPV-GEN-T1-N60-R06,1,60,6,10.0,VALID_COMPLETE,True,16,,,COMPLETED,
B05-MPV-GEN-skjolber-plain-fixed-10s.jsonl,skjolber_plain,plain,MPV-GEN-T1-N60-R07,1,60,7,10.0,VALID_COMPLETE,True,17,,,COMPLETED,
B05-MPV-GEN-skjolber-plain-fixed-10s.jsonl,skjolber_plain,plain,MPV-GEN-T1-N60-R08,1,60,8,10.0,VALID_COMPLETE,True,17,,,COMPLETED,
B05-MPV-GEN-skjolber-plain-fixed-10s.jsonl,skjolber_plain,plain,MPV-GEN-T1-N60-R09,1,60,9,10.0,VALID_COMPLETE,True,16,,,COMPLETED,
B05-MPV-GEN-skjolber-plain-fixed-10s.jsonl,skjolber_plain,plain,MPV-GEN-T1-N60-R10,1,60,10,10.0,VALID_COMPLETE,True,15,,,COMPLETED,
B05-MPV-GEN-skjolber-plain-fixed-10s.jsonl,skjolber_plain,plain,MPV-GEN-T1-N90-R01,1,90,1,10.0,VALID_COMPLETE,True,28,,,COMPLETED,
B05-MPV-GEN-skjolber-plain-fixed-10s.jsonl,skjolber_plain,plain,MPV-GEN-T1-N90-R02,1,90,2,10.0,VALID_COMPLETE,True,24,,,COMPLETED,
B05-MPV-GEN-skjolber-plain-fixed-10s.jsonl,skjolber_plain,plain,MPV-GEN-T1-N90-R03,1,90,3,10.0,VALID_COMPLETE,True,25,,,COMPLETED,
B05-MPV-GEN-skjolber-plain-fixed-10s.jsonl,skjolber_plain,plain,MPV-GEN-T1-N90-R04,1,90,4,10.0,VALID_COMPLETE,True,22,,,COMPLETED,
B05-MPV-GEN-skjolber-plain-fixed-10s.jsonl,skjolber_plain,plain,MPV-GEN-T1-N90-R05,1,90,5,10.0,VALID_COMPLETE,True,28,,,COMPLETED,
B05-MPV-GEN-skjolber-plain-fixed-10s.jsonl,skjolber_plain,plain,MPV-GEN-T1-N90-R06,1,90,6,10.0,VALID_COMPLETE,True,25,,,COMPLETED,
B05-MPV-GEN-skjolber-plain-fixed-10s.jsonl,skjolber_plain,plain,MPV-GEN-T1-N90-R07,1,90,7,10.0,VALID_COMPLETE,True,23,,,COMPLETED,
B05-MPV-GEN-skjolber-plain-fixed-10s.jsonl,skjolber_plain,plain,MPV-GEN-T1-N90-R08,1,90,8,10.0,VALID_COMPLETE,True,28,,,COMPLETED,
B05-MPV-GEN-skjolber-plain-fixed-10s.jsonl,skjolber_plain,plain,MPV-GEN-T1-N90-R09,1,90,9,10.0,VALID_COMPLETE,True,28,,,COMPLETED,
B05-MPV-GEN-skjolber-plain-fixed-10s.jsonl,skjolber_plain,plain,MPV-GEN-T1-N90-R10,1,90,10,10.0,VALID_COMPLETE,True,25,,,COMPLETED,
B05-MPV-GEN-skjolber-plain-fixed-10s.jsonl,skjolber_plain,plain,MPV-GEN-T6-N30-R01,6,30,1,10.0,VALID_COMPLETE,True,1,,,COMPLETED,
B05-MPV-GEN-skjolber-plain-fixed-10s.jsonl,skjolber_plain,plain,MPV-GEN-T6-N30-R02,6,30,2,10.0,VALID_COMPLETE,True,1,,,COMPLETED,
B05-MPV-GEN-skjolber-plain-fixed-10s.jsonl,skjolber_plain,plain,MPV-GEN-T6-N30-R03,6,30,3,10.0,VALID_COMPLETE,True,1,,,COMPLETED,
B05-MPV-GEN-skjolber-plain-fixed-10s.jsonl,skjolber_plain,plain,MPV-GEN-T6-N30-R04,6,30,4,10.0,VALID_COMPLETE,True,1,,,COMPLETED,
B05-MPV-GEN-skjolber-plain-fixed-10s.jsonl,skjolber_plain,plain,MPV-GEN-T6-N30-R05,6,30,5,10.0,VALID_COMPLETE,True,1,,,COMPLETED,
B05-MPV-GEN-skjolber-plain-fixed-10s.jsonl,skjolber_plain,plain,MPV-GEN-T6-N30-R06,6,30,6,10.0,VALID_COMPLETE,True,1,,,COMPLETED,
B05-MPV-GEN-skjolber-plain-fixed-10s.jsonl,skjolber_plain,plain,MPV-GEN-T6-N30-R07,6,30,7,10.0,VALID_COMPLETE,True,1,,,COMPLETED,
B05-MPV-GEN-skjolber-plain-fixed-10s.jsonl,skjolber_plain,plain,MPV-GEN-T6-N30-R08,6,30,8,10.0,VALID_COMPLETE,True,1,,,COMPLETED,
B05-MPV-GEN-skjolber-plain-fixed-10s.jsonl,skjolber_plain,plain,MPV-GEN-T6-N30-R09,6,30,9,10.0,VALID_COMPLETE,True,1,,,COMPLETED,
B05-MPV-GEN-skjolber-plain-fixed-10s.jsonl,skjolber_plain,plain,MPV-GEN-T6-N30-R10,6,30,10,10.0,VALID_COMPLETE,True,1,,,COMPLETED,
B05-MPV-GEN-skjolber-plain-fixed-10s.jsonl,skjolber_plain,plain,MPV-GEN-T6-N60-R01,6,60,1,10.0,VALID_COMPLETE,True,1,,,COMPLETED,
B05-MPV-GEN-skjolber-plain-fixed-10s.jsonl,skjolber_plain,plain,MPV-GEN-T6-N60-R02,6,60,2,10.0,VALID_COMPLETE,True,1,,,COMPLETED,
B05-MPV-GEN-skjolber-plain-fixed-10s.jsonl,skjolber_plain,plain,MPV-GEN-T6-N60-R03,6,60,3,10.0,VALID_COMPLETE,True,1,,,COMPLETED,
B05-MPV-GEN-skjolber-plain-fixed-10s.jsonl,skjolber_plain,plain,MPV-GEN-T6-N60-R04,6,60,4,10.0,VALID_COMPLETE,True,1,,,COMPLETED,
B05-MPV-GEN-skjolber-plain-fixed-10s.jsonl,skjolber_plain,plain,MPV-GEN-T6-N60-R05,6,60,5,10.0,VALID_COMPLETE,True,1,,,COMPLETED,
B05-MPV-GEN-skjolber-plain-fixed-10s.jsonl,skjolber_plain,plain,MPV-GEN-T6-N60-R06,6,60,6,10.0,VALID_COMPLETE,True,1,,,COMPLETED,
B05-MPV-GEN-skjolber-plain-fixed-10s.jsonl,skjolber_plain,plain,MPV-GEN-T6-N60-R07,6,60,7,10.0,VALID_COMPLETE,True,1,,,COMPLETED,
B05-MPV-GEN-skjolber-plain-fixed-10s.jsonl,skjolber_plain,plain,MPV-GEN-T6-N60-R08,6,60,8,10.0,VALID_COMPLETE,True,1,,,COMPLETED,
B05-MPV-GEN-skjolber-plain-fixed-10s.jsonl,skjolber_plain,plain,MPV-GEN-T6-N60-R09,6,60,9,10.0,VALID_COMPLETE,True,1,,,COMPLETED,
B05-MPV-GEN-skjolber-plain-fixed-10s.jsonl,skjolber_plain,plain,MPV-GEN-T6-N60-R10,6,60,10,10.0,VALID_COMPLETE,True,1,,,COMPLETED,
B05-MPV-GEN-skjolber-plain-fixed-10s.jsonl,skjolber_plain,plain,MPV-GEN-T6-N90-R01,6,90,1,10.0,VALID_COMPLETE,True,1,,,COMPLETED,
B05-MPV-GEN-skjolber-plain-fixed-10s.jsonl,skjolber_plain,plain,MPV-GEN-T6-N90-R02,6,90,2,10.0,VALID_COMPLETE,True,1,,,COMPLETED,
B05-MPV-GEN-skjolber-plain-fixed-10s.jsonl,skjolber_plain,plain,MPV-GEN-T6-N90-R03,6,90,3,10.0,VALID_COMPLETE,True,1,,,COMPLETED,
B05-MPV-GEN-skjolber-plain-fixed-10s.jsonl,skjolber_plain,plain,MPV-GEN-T6-N90-R04,6,90,4,10.0,VALID_COMPLETE,True,1,,,COMPLETED,
B05-MPV-GEN-skjolber-plain-fixed-10s.jsonl,skjolber_plain,plain,MPV-GEN-T6-N90-R05,6,90,5,10.0,VALID_COMPLETE,True,1,,,COMPLETED,
B05-MPV-GEN-skjolber-plain-fixed-10s.jsonl,skjolber_plain,plain,MPV-GEN-T6-N90-R06,6,90,6,10.0,VALID_COMPLETE,True,1,,,COMPLETED,
B05-MPV-GEN-skjolber-plain-fixed-10s.jsonl,skjolber_plain,plain,MPV-GEN-T6-N90-R07,6,90,7,10.0,VALID_COMPLETE,True,1,,,COMPLETED,
B05-MPV-GEN-skjolber-plain-fixed-10s.jsonl,skjolber_plain,plain,MPV-GEN-T6-N90-R08,6,90,8,10.0,VALID_COMPLETE,True,1,,,COMPLETED,
B05-MPV-GEN-skjolber-plain-fixed-10s.jsonl,skjolber_plain,plain,MPV-GEN-T6-N90-R09,6,90,9,10.0,VALID_COMPLETE,True,1,,,COMPLETED,
B05-MPV-GEN-skjolber-plain-fixed-10s.jsonl,skjolber_plain,plain,MPV-GEN-T6-N90-R10,6,90,10,10.0,VALID_COMPLETE,True,1,,,COMPLETED,
B05-MPV-GEN-skjolber-plain-fixed-10s.jsonl,skjolber_plain,plain,MPV-GEN-T7-N30-R01,7,30,1,10.0,VALID_COMPLETE,True,1,,,COMPLETED,
B05-MPV-GEN-skjolber-plain-fixed-10s.jsonl,skjolber_plain,plain,MPV-GEN-T7-N30-R02,7,30,2,10.0,VALID_COMPLETE,True,1,,,COMPLETED,
B05-MPV-GEN-skjolber-plain-fixed-10s.jsonl,skjolber_plain,plain,MPV-GEN-T7-N30-R03,7,30,3,10.0,VALID_COMPLETE,True,1,,,COMPLETED,
B05-MPV-GEN-skjolber-plain-fixed-10s.jsonl,skjolber_plain,plain,MPV-GEN-T7-N30-R04,7,30,4,10.0,VALID_COMPLETE,True,1,,,COMPLETED,
B05-MPV-GEN-skjolber-plain-fixed-10s.jsonl,skjolber_plain,plain,MPV-GEN-T7-N30-R05,7,30,5,10.0,VALID_COMPLETE,True,1,,,COMPLETED,
B05-MPV-GEN-skjolber-plain-fixed-10s.jsonl,skjolber_plain,plain,MPV-GEN-T7-N30-R06,7,30,6,10.0,VALID_COMPLETE,True,1,,,COMPLETED,
B05-MPV-GEN-skjolber-plain-fixed-10s.jsonl,skjolber_plain,plain,MPV-GEN-T7-N30-R07,7,30,7,10.0,VALID_COMPLETE,True,1,,,COMPLETED,
B05-MPV-GEN-skjolber-plain-fixed-10s.jsonl,skjolber_plain,plain,MPV-GEN-T7-N30-R08,7,30,8,10.0,VALID_COMPLETE,True,1,,,COMPLETED,
B05-MPV-GEN-skjolber-plain-fixed-10s.jsonl,skjolber_plain,plain,MPV-GEN-T7-N30-R09,7,30,9,10.0,VALID_COMPLETE,True,1,,,COMPLETED,
B05-MPV-GEN-skjolber-plain-fixed-10s.jsonl,skjolber_plain,plain,MPV-GEN-T7-N30-R10,7,30,10,10.0,VALID_COMPLETE,True,1,,,COMPLETED,
B05-MPV-GEN-skjolber-plain-fixed-10s.jsonl,skjolber_plain,plain,MPV-GEN-T7-N60-R01,7,60,1,10.0,VALID_COMPLETE,True,1,,,COMPLETED,
B05-MPV-GEN-skjolber-plain-fixed-10s.jsonl,skjolber_plain,plain,MPV-GEN-T7-N60-R02,7,60,2,10.0,VALID_COMPLETE,True,1,,,COMPLETED,
B05-MPV-GEN-skjolber-plain-fixed-10s.jsonl,skjolber_plain,plain,MPV-GEN-T7-N60-R03,7,60,3,10.0,VALID_COMPLETE,True,1,,,COMPLETED,
B05-MPV-GEN-skjolber-plain-fixed-10s.jsonl,skjolber_plain,plain,MPV-GEN-T7-N60-R04,7,60,4,10.0,VALID_COMPLETE,True,1,,,COMPLETED,
B05-MPV-GEN-skjolber-plain-fixed-10s.jsonl,skjolber_plain,plain,MPV-GEN-T7-N60-R05,7,60,5,10.0,VALID_COMPLETE,True,1,,,COMPLETED,
B05-MPV-GEN-skjolber-plain-fixed-10s.jsonl,skjolber_plain,plain,MPV-GEN-T7-N60-R06,7,60,6,10.0,VALID_COMPLETE,True,1,,,COMPLETED,
B05-MPV-GEN-skjolber-plain-fixed-10s.jsonl,skjolber_plain,plain,MPV-GEN-T7-N60-R07,7,60,7,10.0,VALID_COMPLETE,True,1,,,COMPLETED,
B05-MPV-GEN-skjolber-plain-fixed-10s.jsonl,skjolber_plain,plain,MPV-GEN-T7-N60-R08,7,60,8,10.0,VALID_COMPLETE,True,1,,,COMPLETED,
B05-MPV-GEN-skjolber-plain-fixed-10s.jsonl,skjolber_plain,plain,MPV-GEN-T7-N60-R09,7,60,9,10.0,VALID_COMPLETE,True,1,,,COMPLETED,
B05-MPV-GEN-skjolber-plain-fixed-10s.jsonl,skjolber_plain,plain,MPV-GEN-T7-N60-R10,7,60,10,10.0,VALID_COMPLETE,True,1,,,COMPLETED,
B05-MPV-GEN-skjolber-plain-fixed-10s.jsonl,skjolber_plain,plain,MPV-GEN-T7-N90-R01,7,90,1,10.0,VALID_COMPLETE,True,1,,,COMPLETED,
B05-MPV-GEN-skjolber-plain-fixed-10s.jsonl,skjolber_plain,plain,MPV-GEN-T7-N90-R02,7,90,2,10.0,VALID_COMPLETE,True,1,,,COMPLETED,
B05-MPV-GEN-skjolber-plain-fixed-10s.jsonl,skjolber_plain,plain,MPV-GEN-T7-N90-R03,7,90,3,10.0,VALID_COMPLETE,True,1,,,COMPLETED,
B05-MPV-GEN-skjolber-plain-fixed-10s.jsonl,skjolber_plain,plain,MPV-GEN-T7-N90-R04,7,90,4,10.0,VALID_COMPLETE,True,1,,,COMPLETED,
B05-MPV-GEN-skjolber-plain-fixed-10s.jsonl,skjolber_plain,plain,MPV-GEN-T7-N90-R05,7,90,5,10.0,VALID_COMPLETE,True,1,,,COMPLETED,
B05-MPV-GEN-skjolber-plain-fixed-10s.jsonl,skjolber_plain,plain,MPV-GEN-T7-N90-R06,7,90,6,10.0,VALID_COMPLETE,True,1,,,COMPLETED,
B05-MPV-GEN-skjolber-plain-fixed-10s.jsonl,skjolber_plain,plain,MPV-GEN-T7-N90-R07,7,90,7,10.0,VALID_COMPLETE,True,1,,,COMPLETED,
B05-MPV-GEN-skjolber-plain-fixed-10s.jsonl,skjolber_plain,plain,MPV-GEN-T7-N90-R08,7,90,8,10.0,VALID_COMPLETE,True,1,,,COMPLETED,
B05-MPV-GEN-skjolber-plain-fixed-10s.jsonl,skjolber_plain,plain,MPV-GEN-T7-N90-R09,7,90,9,10.0,VALID_COMPLETE,True,1,,,COMPLETED,
B05-MPV-GEN-skjolber-plain-fixed-10s.jsonl,skjolber_plain,plain,MPV-GEN-T7-N90-R10,7,90,10,10.0,VALID_COMPLETE,True,1,,,COMPLETED,
B05-MPV-GEN-skjolber-plain-fixed-10s.jsonl,skjolber_plain,plain,MPV-GEN-T8-N30-R01,8,30,1,10.0,VALID_COMPLETE,True,5,,,COMPLETED,
B05-MPV-GEN-skjolber-plain-fixed-10s.jsonl,skjolber_plain,plain,MPV-GEN-T8-N30-R02,8,30,2,10.0,VALID_COMPLETE,True,5,,,COMPLETED,
B05-MPV-GEN-skjolber-plain-fixed-10s.jsonl,skjolber_plain,plain,MPV-GEN-T8-N30-R03,8,30,3,10.0,VALID_COMPLETE,True,8,,,COMPLETED,
B05-MPV-GEN-skjolber-plain-fixed-10s.jsonl,skjolber_plain,plain,MPV-GEN-T8-N30-R04,8,30,4,10.0,VALID_COMPLETE,True,6,,,COMPLETED,
B05-MPV-GEN-skjolber-plain-fixed-10s.jsonl,skjolber_plain,plain,MPV-GEN-T8-N30-R05,8,30,5,10.0,VALID_COMPLETE,True,7,,,COMPLETED,
B05-MPV-GEN-skjolber-plain-fixed-10s.jsonl,skjolber_plain,plain,MPV-GEN-T8-N30-R06,8,30,6,10.0,VALID_COMPLETE,True,7,,,COMPLETED,
B05-MPV-GEN-skjolber-plain-fixed-10s.jsonl,skjolber_plain,plain,MPV-GEN-T8-N30-R07,8,30,7,10.0,VALID_COMPLETE,True,5,,,COMPLETED,
B05-MPV-GEN-skjolber-plain-fixed-10s.jsonl,skjolber_plain,plain,MPV-GEN-T8-N30-R08,8,30,8,10.0,VALID_COMPLETE,True,5,,,COMPLETED,
B05-MPV-GEN-skjolber-plain-fixed-10s.jsonl,skjolber_plain,plain,MPV-GEN-T8-N30-R09,8,30,9,10.0,VALID_COMPLETE,True,10,,,COMPLETED,
B05-MPV-GEN-skjolber-plain-fixed-10s.jsonl,skjolber_plain,plain,MPV-GEN-T8-N30-R10,8,30,10,10.0,VALID_COMPLETE,True,5,,,COMPLETED,
B05-MPV-GEN-skjolber-plain-fixed-10s.jsonl,skjolber_plain,plain,MPV-GEN-T8-N60-R01,8,60,1,10.0,VALID_COMPLETE,True,14,,,COMPLETED,
B05-MPV-GEN-skjolber-plain-fixed-10s.jsonl,skjolber_plain,plain,MPV-GEN-T8-N60-R02,8,60,2,10.0,VALID_COMPLETE,True,15,,,COMPLETED,
B05-MPV-GEN-skjolber-plain-fixed-10s.jsonl,skjolber_plain,plain,MPV-GEN-T8-N60-R03,8,60,3,10.0,VALID_COMPLETE,True,12,,,COMPLETED,
B05-MPV-GEN-skjolber-plain-fixed-10s.jsonl,skjolber_plain,plain,MPV-GEN-T8-N60-R04,8,60,4,10.0,VALID_COMPLETE,True,11,,,COMPLETED,
B05-MPV-GEN-skjolber-plain-fixed-10s.jsonl,skjolber_plain,plain,MPV-GEN-T8-N60-R05,8,60,5,10.0,VALID_COMPLETE,True,13,,,COMPLETED,
B05-MPV-GEN-skjolber-plain-fixed-10s.jsonl,skjolber_plain,plain,MPV-GEN-T8-N60-R06,8,60,6,10.0,VALID_COMPLETE,True,11,,,COMPLETED,
B05-MPV-GEN-skjolber-plain-fixed-10s.jsonl,skjolber_plain,plain,MPV-GEN-T8-N60-R07,8,60,7,10.0,VALID_COMPLETE,True,11,,,COMPLETED,
B05-MPV-GEN-skjolber-plain-fixed-10s.jsonl,skjolber_plain,plain,MPV-GEN-T8-N60-R08,8,60,8,10.0,VALID_COMPLETE,True,9,,,COMPLETED,
B05-MPV-GEN-skjolber-plain-fixed-10s.jsonl,skjolber_plain,plain,MPV-GEN-T8-N60-R09,8,60,9,10.0,VALID_COMPLETE,True,12,,,COMPLETED,
B05-MPV-GEN-skjolber-plain-fixed-10s.jsonl,skjolber_plain,plain,MPV-GEN-T8-N60-R10,8,60,10,10.0,VALID_COMPLETE,True,13,,,COMPLETED,
B05-MPV-GEN-skjolber-plain-fixed-10s.jsonl,skjolber_plain,plain,MPV-GEN-T8-N90-R01,8,90,1,10.0,VALID_COMPLETE,True,12,,,COMPLETED,
B05-MPV-GEN-skjolber-plain-fixed-10s.jsonl,skjolber_plain,plain,MPV-GEN-T8-N90-R02,8,90,2,10.0,VALID_COMPLETE,True,13,,,COMPLETED,
B05-MPV-GEN-skjolber-plain-fixed-10s.jsonl,skjolber_plain,plain,MPV-GEN-T8-N90-R03,8,90,3,10.0,VALID_COMPLETE,True,19,,,COMPLETED,
B05-MPV-GEN-skjolber-plain-fixed-10s.jsonl,skjolber_plain,plain,MPV-GEN-T8-N90-R04,8,90,4,10.0,VALID_COMPLETE,True,17,,,COMPLETED,
B05-MPV-GEN-skjolber-plain-fixed-10s.jsonl,skjolber_plain,plain,MPV-GEN-T8-N90-R05,8,90,5,10.0,VALID_COMPLETE,True,16,,,COMPLETED,
B05-MPV-GEN-skjolber-plain-fixed-10s.jsonl,skjolber_plain,plain,MPV-GEN-T8-N90-R06,8,90,6,10.0,VALID_COMPLETE,True,17,,,COMPLETED,
B05-MPV-GEN-skjolber-plain-fixed-10s.jsonl,skjolber_plain,plain,MPV-GEN-T8-N90-R07,8,90,7,10.0,VALID_COMPLETE,True,17,,,COMPLETED,
B05-MPV-GEN-skjolber-plain-fixed-10s.jsonl,skjolber_plain,plain,MPV-GEN-T8-N90-R08,8,90,8,10.0,VALID_COMPLETE,True,14,,,COMPLETED,
B05-MPV-GEN-skjolber-plain-fixed-10s.jsonl,skjolber_plain,plain,MPV-GEN-T8-N90-R09,8,90,9,10.0,VALID_COMPLETE,True,18,,,COMPLETED,
B05-MPV-GEN-skjolber-plain-fixed-10s.jsonl,skjolber_plain,plain,MPV-GEN-T8-N90-R10,8,90,10,10.0,VALID_COMPLETE,True,16,,,COMPLETED,
B05-MPV-GEN-skjolber-plain-fixed-10s.jsonl,skjolber_plain,plain,MPV-GEN-T9-N30-R01,9,30,1,10.0,VALID_COMPLETE,True,4,,,COMPLETED,
B05-MPV-GEN-skjolber-plain-fixed-10s.jsonl,skjolber_plain,plain,MPV-GEN-T9-N30-R02,9,30,2,10.0,VALID_COMPLETE,True,4,,,COMPLETED,
B05-MPV-GEN-skjolber-plain-fixed-10s.jsonl,skjolber_plain,plain,MPV-GEN-T9-N30-R03,9,30,3,10.0,VALID_COMPLETE,True,4,,,COMPLETED,
B05-MPV-GEN-skjolber-plain-fixed-10s.jsonl,skjolber_plain,plain,MPV-GEN-T9-N30-R04,9,30,4,10.0,VALID_COMPLETE,True,5,,,COMPLETED,
B05-MPV-GEN-skjolber-plain-fixed-10s.jsonl,skjolber_plain,plain,MPV-GEN-T9-N30-R05,9,30,5,10.0,VALID_COMPLETE,True,4,,,COMPLETED,
B05-MPV-GEN-skjolber-plain-fixed-10s.jsonl,skjolber_plain,plain,MPV-GEN-T9-N30-R06,9,30,6,10.0,VALID_COMPLETE,True,5,,,COMPLETED,
B05-MPV-GEN-skjolber-plain-fixed-10s.jsonl,skjolber_plain,plain,MPV-GEN-T9-N30-R07,9,30,7,10.0,VALID_COMPLETE,True,4,,,COMPLETED,
B05-MPV-GEN-skjolber-plain-fixed-10s.jsonl,skjolber_plain,plain,MPV-GEN-T9-N30-R08,9,30,8,10.0,VALID_COMPLETE,True,4,,,COMPLETED,
B05-MPV-GEN-skjolber-plain-fixed-10s.jsonl,skjolber_plain,plain,MPV-GEN-T9-N30-R09,9,30,9,10.0,VALID_COMPLETE,True,4,,,COMPLETED,
B05-MPV-GEN-skjolber-plain-fixed-10s.jsonl,skjolber_plain,plain,MPV-GEN-T9-N30-R10,9,30,10,10.0,VALID_COMPLETE,True,5,,,COMPLETED,
B05-MPV-GEN-skjolber-plain-fixed-10s.jsonl,skjolber_plain,plain,MPV-GEN-T9-N60-R01,9,60,1,10.0,VALID_COMPLETE,True,4,,,COMPLETED,
B05-MPV-GEN-skjolber-plain-fixed-10s.jsonl,skjolber_plain,plain,MPV-GEN-T9-N60-R02,9,60,2,10.0,VALID_COMPLETE,True,5,,,COMPLETED,
B05-MPV-GEN-skjolber-plain-fixed-10s.jsonl,skjolber_plain,plain,MPV-GEN-T9-N60-R03,9,60,3,10.0,VALID_COMPLETE,True,4,,,COMPLETED,
B05-MPV-GEN-skjolber-plain-fixed-10s.jsonl,skjolber_plain,plain,MPV-GEN-T9-N60-R04,9,60,4,10.0,VALID_COMPLETE,True,4,,,COMPLETED,
B05-MPV-GEN-skjolber-plain-fixed-10s.jsonl,skjolber_plain,plain,MPV-GEN-T9-N60-R05,9,60,5,10.0,VALID_COMPLETE,True,4,,,COMPLETED,
B05-MPV-GEN-skjolber-plain-fixed-10s.jsonl,skjolber_plain,plain,MPV-GEN-T9-N60-R06,9,60,6,10.0,VALID_COMPLETE,True,4,,,COMPLETED,
B05-MPV-GEN-skjolber-plain-fixed-10s.jsonl,skjolber_plain,plain,MPV-GEN-T9-N60-R07,9,60,7,10.0,VALID_COMPLETE,True,4,,,COMPLETED,
B05-MPV-GEN-skjolber-plain-fixed-10s.jsonl,skjolber_plain,plain,MPV-GEN-T9-N60-R08,9,60,8,10.0,VALID_COMPLETE,True,4,,,COMPLETED,
B05-MPV-GEN-skjolber-plain-fixed-10s.jsonl,skjolber_plain,plain,MPV-GEN-T9-N60-R09,9,60,9,10.0,VALID_COMPLETE,True,4,,,COMPLETED,
B05-MPV-GEN-skjolber-plain-fixed-10s.jsonl,skjolber_plain,plain,MPV-GEN-T9-N60-R10,9,60,10,10.0,VALID_COMPLETE,True,4,,,COMPLETED,
B05-MPV-GEN-skjolber-plain-fixed-10s.jsonl,skjolber_plain,plain,MPV-GEN-T9-N90-R01,9,90,1,10.0,VALID_COMPLETE,True,5,,,COMPLETED,
B05-MPV-GEN-skjolber-plain-fixed-10s.jsonl,skjolber_plain,plain,MPV-GEN-T9-N90-R02,9,90,2,10.0,VALID_COMPLETE,True,5,,,COMPLETED,
B05-MPV-GEN-skjolber-plain-fixed-10s.jsonl,skjolber_plain,plain,MPV-GEN-T9-N90-R03,9,90,3,10.0,VALID_COMPLETE,True,5,,,COMPLETED,
B05-MPV-GEN-skjolber-plain-fixed-10s.jsonl,skjolber_plain,plain,MPV-GEN-T9-N90-R04,9,90,4,10.0,VALID_COMPLETE,True,4,,,COMPLETED,
B05-MPV-GEN-skjolber-plain-fixed-10s.jsonl,skjolber_plain,plain,MPV-GEN-T9-N90-R05,9,90,5,10.0,VALID_COMPLETE,True,4,,,COMPLETED,
B05-MPV-GEN-skjolber-plain-fixed-10s.jsonl,skjolber_plain,plain,MPV-GEN-T9-N90-R06,9,90,6,10.0,VALID_COMPLETE,True,5,,,COMPLETED,
B05-MPV-GEN-skjolber-plain-fixed-10s.jsonl,skjolber_plain,plain,MPV-GEN-T9-N90-R07,9,90,7,10.0,VALID_COMPLETE,True,4,,,COMPLETED,
B05-MPV-GEN-skjolber-plain-fixed-10s.jsonl,skjolber_plain,plain,MPV-GEN-T9-N90-R08,9,90,8,10.0,VALID_COMPLETE,True,4,,,COMPLETED,
B05-MPV-GEN-skjolber-plain-fixed-10s.jsonl,skjolber_plain,plain,MPV-GEN-T9-N90-R09,9,90,9,10.0,VALID_COMPLETE,True,5,,,COMPLETED,
B05-MPV-GEN-skjolber-plain-fixed-10s.jsonl,skjolber_plain,plain,MPV-GEN-T9-N90-R10,9,90,10,10.0,VALID_COMPLETE,True,5,,,COMPLETED,
B05-MPV-GEN-skjolber-plain-fixed-1s.jsonl,skjolber_plain,plain,MPV-GEN-T1-N30-R01,1,30,1,1.0,VALID_COMPLETE,True,9,,,COMPLETED,
B05-MPV-GEN-skjolber-plain-fixed-1s.jsonl,skjolber_plain,plain,MPV-GEN-T1-N30-R02,1,30,2,1.0,VALID_COMPLETE,True,12,,,COMPLETED,
B05-MPV-GEN-skjolber-plain-fixed-1s.jsonl,skjolber_plain,plain,MPV-GEN-T1-N30-R03,1,30,3,1.0,VALID_COMPLETE,True,8,,,COMPLETED,
B05-MPV-GEN-skjolber-plain-fixed-1s.jsonl,skjolber_plain,plain,MPV-GEN-T1-N30-R04,1,30,4,1.0,VALID_COMPLETE,True,8,,,COMPLETED,
B05-MPV-GEN-skjolber-plain-fixed-1s.jsonl,skjolber_plain,plain,MPV-GEN-T1-N30-R05,1,30,5,1.0,VALID_COMPLETE,True,11,,,COMPLETED,
B05-MPV-GEN-skjolber-plain-fixed-1s.jsonl,skjolber_plain,plain,MPV-GEN-T1-N30-R06,1,30,6,1.0,VALID_COMPLETE,True,8,,,COMPLETED,
B05-MPV-GEN-skjolber-plain-fixed-1s.jsonl,skjolber_plain,plain,MPV-GEN-T1-N30-R07,1,30,7,1.0,VALID_COMPLETE,True,8,,,COMPLETED,
B05-MPV-GEN-skjolber-plain-fixed-1s.jsonl,skjolber_plain,plain,MPV-GEN-T1-N30-R08,1,30,8,1.0,VALID_COMPLETE,True,9,,,COMPLETED,
B05-MPV-GEN-skjolber-plain-fixed-1s.jsonl,skjolber_plain,plain,MPV-GEN-T1-N30-R09,1,30,9,1.0,VALID_COMPLETE,True,10,,,COMPLETED,
B05-MPV-GEN-skjolber-plain-fixed-1s.jsonl,skjolber_plain,plain,MPV-GEN-T1-N30-R10,1,30,10,1.0,VALID_COMPLETE,True,8,,,COMPLETED,
B05-MPV-GEN-skjolber-plain-fixed-1s.jsonl,skjolber_plain,plain,MPV-GEN-T1-N60-R01,1,60,1,1.0,VALID_COMPLETE,True,16,,,COMPLETED,
B05-MPV-GEN-skjolber-plain-fixed-1s.jsonl,skjolber_plain,plain,MPV-GEN-T1-N60-R02,1,60,2,1.0,VALID_COMPLETE,True,15,,,COMPLETED,
B05-MPV-GEN-skjolber-plain-fixed-1s.jsonl,skjolber_plain,plain,MPV-GEN-T1-N60-R03,1,60,3,1.0,VALID_COMPLETE,True,18,,,COMPLETED,
B05-MPV-GEN-skjolber-plain-fixed-1s.jsonl,skjolber_plain,plain,MPV-GEN-T1-N60-R04,1,60,4,1.0,VALID_COMPLETE,True,14,,,COMPLETED,
B05-MPV-GEN-skjolber-plain-fixed-1s.jsonl,skjolber_plain,plain,MPV-GEN-T1-N60-R05,1,60,5,1.0,VALID_COMPLETE,True,19,,,COMPLETED,
B05-MPV-GEN-skjolber-plain-fixed-1s.jsonl,skjolber_plain,plain,MPV-GEN-T1-N60-R06,1,60,6,1.0,VALID_COMPLETE,True,16,,,COMPLETED,
B05-MPV-GEN-skjolber-plain-fixed-1s.jsonl,skjolber_plain,plain,MPV-GEN-T1-N60-R07,1,60,7,1.0,VALID_COMPLETE,True,17,,,COMPLETED,
B05-MPV-GEN-skjolber-plain-fixed-1s.jsonl,skjolber_plain,plain,MPV-GEN-T1-N60-R08,1,60,8,1.0,VALID_COMPLETE,True,17,,,COMPLETED,
B05-MPV-GEN-skjolber-plain-fixed-1s.jsonl,skjolber_plain,plain,MPV-GEN-T1-N60-R09,1,60,9,1.0,VALID_COMPLETE,True,16,,,COMPLETED,
B05-MPV-GEN-skjolber-plain-fixed-1s.jsonl,skjolber_plain,plain,MPV-GEN-T1-N60-R10,1,60,10,1.0,VALID_COMPLETE,True,15,,,COMPLETED,
B05-MPV-GEN-skjolber-plain-fixed-1s.jsonl,skjolber_plain,plain,MPV-GEN-T1-N90-R01,1,90,1,1.0,VALID_COMPLETE,True,28,,,COMPLETED,
B05-MPV-GEN-skjolber-plain-fixed-1s.jsonl,skjolber_plain,plain,MPV-GEN-T1-N90-R02,1,90,2,1.0,VALID_COMPLETE,True,24,,,COMPLETED,
B05-MPV-GEN-skjolber-plain-fixed-1s.jsonl,skjolber_plain,plain,MPV-GEN-T1-N90-R03,1,90,3,1.0,VALID_COMPLETE,True,25,,,COMPLETED,
B05-MPV-GEN-skjolber-plain-fixed-1s.jsonl,skjolber_plain,plain,MPV-GEN-T1-N90-R04,1,90,4,1.0,VALID_COMPLETE,True,22,,,COMPLETED,
B05-MPV-GEN-skjolber-plain-fixed-1s.jsonl,skjolber_plain,plain,MPV-GEN-T1-N90-R05,1,90,5,1.0,VALID_COMPLETE,True,28,,,COMPLETED,
B05-MPV-GEN-skjolber-plain-fixed-1s.jsonl,skjolber_plain,plain,MPV-GEN-T1-N90-R06,1,90,6,1.0,VALID_COMPLETE,True,25,,,COMPLETED,
B05-MPV-GEN-skjolber-plain-fixed-1s.jsonl,skjolber_plain,plain,MPV-GEN-T1-N90-R07,1,90,7,1.0,VALID_COMPLETE,True,23,,,COMPLETED,
B05-MPV-GEN-skjolber-plain-fixed-1s.jsonl,skjolber_plain,plain,MPV-GEN-T1-N90-R08,1,90,8,1.0,VALID_COMPLETE,True,28,,,COMPLETED,
B05-MPV-GEN-skjolber-plain-fixed-1s.jsonl,skjolber_plain,plain,MPV-GEN-T1-N90-R09,1,90,9,1.0,VALID_COMPLETE,True,28,,,COMPLETED,
B05-MPV-GEN-skjolber-plain-fixed-1s.jsonl,skjolber_plain,plain,MPV-GEN-T1-N90-R10,1,90,10,1.0,VALID_COMPLETE,True,25,,,COMPLETED,
B05-MPV-GEN-skjolber-plain-fixed-1s.jsonl,skjolber_plain,plain,MPV-GEN-T6-N30-R01,6,30,1,1.0,VALID_COMPLETE,True,1,,,COMPLETED,
B05-MPV-GEN-skjolber-plain-fixed-1s.jsonl,skjolber_plain,plain,MPV-GEN-T6-N30-R02,6,30,2,1.0,VALID_COMPLETE,True,1,,,COMPLETED,
B05-MPV-GEN-skjolber-plain-fixed-1s.jsonl,skjolber_plain,plain,MPV-GEN-T6-N30-R03,6,30,3,1.0,VALID_COMPLETE,True,1,,,COMPLETED,
B05-MPV-GEN-skjolber-plain-fixed-1s.jsonl,skjolber_plain,plain,MPV-GEN-T6-N30-R04,6,30,4,1.0,VALID_COMPLETE,True,1,,,COMPLETED,
B05-MPV-GEN-skjolber-plain-fixed-1s.jsonl,skjolber_plain,plain,MPV-GEN-T6-N30-R05,6,30,5,1.0,VALID_COMPLETE,True,1,,,COMPLETED,
B05-MPV-GEN-skjolber-plain-fixed-1s.jsonl,skjolber_plain,plain,MPV-GEN-T6-N30-R06,6,30,6,1.0,VALID_COMPLETE,True,1,,,COMPLETED,
B05-MPV-GEN-skjolber-plain-fixed-1s.jsonl,skjolber_plain,plain,MPV-GEN-T6-N30-R07,6,30,7,1.0,VALID_COMPLETE,True,1,,,COMPLETED,
B05-MPV-GEN-skjolber-plain-fixed-1s.jsonl,skjolber_plain,plain,MPV-GEN-T6-N30-R08,6,30,8,1.0,VALID_COMPLETE,True,1,,,COMPLETED,
B05-MPV-GEN-skjolber-plain-fixed-1s.jsonl,skjolber_plain,plain,MPV-GEN-T6-N30-R09,6,30,9,1.0,VALID_COMPLETE,True,1,,,COMPLETED,
B05-MPV-GEN-skjolber-plain-fixed-1s.jsonl,skjolber_plain,plain,MPV-GEN-T6-N30-R10,6,30,10,1.0,VALID_COMPLETE,True,1,,,COMPLETED,
B05-MPV-GEN-skjolber-plain-fixed-1s.jsonl,skjolber_plain,plain,MPV-GEN-T6-N60-R01,6,60,1,1.0,VALID_COMPLETE,True,1,,,COMPLETED,
B05-MPV-GEN-skjolber-plain-fixed-1s.jsonl,skjolber_plain,plain,MPV-GEN-T6-N60-R02,6,60,2,1.0,VALID_COMPLETE,True,1,,,COMPLETED,
B05-MPV-GEN-skjolber-plain-fixed-1s.jsonl,skjolber_plain,plain,MPV-GEN-T6-N60-R03,6,60,3,1.0,VALID_COMPLETE,True,1,,,COMPLETED,
B05-MPV-GEN-skjolber-plain-fixed-1s.jsonl,skjolber_plain,plain,MPV-GEN-T6-N60-R04,6,60,4,1.0,VALID_COMPLETE,True,1,,,COMPLETED,
B05-MPV-GEN-skjolber-plain-fixed-1s.jsonl,skjolber_plain,plain,MPV-GEN-T6-N60-R05,6,60,5,1.0,VALID_COMPLETE,True,1,,,COMPLETED,
B05-MPV-GEN-skjolber-plain-fixed-1s.jsonl,skjolber_plain,plain,MPV-GEN-T6-N60-R06,6,60,6,1.0,VALID_COMPLETE,True,1,,,COMPLETED,
B05-MPV-GEN-skjolber-plain-fixed-1s.jsonl,skjolber_plain,plain,MPV-GEN-T6-N60-R07,6,60,7,1.0,VALID_COMPLETE,True,1,,,COMPLETED,
B05-MPV-GEN-skjolber-plain-fixed-1s.jsonl,skjolber_plain,plain,MPV-GEN-T6-N60-R08,6,60,8,1.0,VALID_COMPLETE,True,1,,,COMPLETED,
B05-MPV-GEN-skjolber-plain-fixed-1s.jsonl,skjolber_plain,plain,MPV-GEN-T6-N60-R09,6,60,9,1.0,VALID_COMPLETE,True,1,,,COMPLETED,
B05-MPV-GEN-skjolber-plain-fixed-1s.jsonl,skjolber_plain,plain,MPV-GEN-T6-N60-R10,6,60,10,1.0,VALID_COMPLETE,True,1,,,COMPLETED,
B05-MPV-GEN-skjolber-plain-fixed-1s.jsonl,skjolber_plain,plain,MPV-GEN-T6-N90-R01,6,90,1,1.0,VALID_COMPLETE,True,1,,,COMPLETED,
B05-MPV-GEN-skjolber-plain-fixed-1s.jsonl,skjolber_plain,plain,MPV-GEN-T6-N90-R02,6,90,2,1.0,VALID_COMPLETE,True,1,,,COMPLETED,
B05-MPV-GEN-skjolber-plain-fixed-1s.jsonl,skjolber_plain,plain,MPV-GEN-T6-N90-R03,6,90,3,1.0,VALID_COMPLETE,True,1,,,COMPLETED,
B05-MPV-GEN-skjolber-plain-fixed-1s.jsonl,skjolber_plain,plain,MPV-GEN-T6-N90-R04,6,90,4,1.0,VALID_COMPLETE,True,1,,,COMPLETED,
B05-MPV-GEN-skjolber-plain-fixed-1s.jsonl,skjolber_plain,plain,MPV-GEN-T6-N90-R05,6,90,5,1.0,VALID_COMPLETE,True,1,,,COMPLETED,
B05-MPV-GEN-skjolber-plain-fixed-1s.jsonl,skjolber_plain,plain,MPV-GEN-T6-N90-R06,6,90,6,1.0,VALID_COMPLETE,True,1,,,COMPLETED,
B05-MPV-GEN-skjolber-plain-fixed-1s.jsonl,skjolber_plain,plain,MPV-GEN-T6-N90-R07,6,90,7,1.0,VALID_COMPLETE,True,1,,,COMPLETED,
B05-MPV-GEN-skjolber-plain-fixed-1s.jsonl,skjolber_plain,plain,MPV-GEN-T6-N90-R08,6,90,8,1.0,VALID_COMPLETE,True,1,,,COMPLETED,
B05-MPV-GEN-skjolber-plain-fixed-1s.jsonl,skjolber_plain,plain,MPV-GEN-T6-N90-R09,6,90,9,1.0,VALID_COMPLETE,True,1,,,COMPLETED,
B05-MPV-GEN-skjolber-plain-fixed-1s.jsonl,skjolber_plain,plain,MPV-GEN-T6-N90-R10,6,90,10,1.0,VALID_COMPLETE,True,1,,,COMPLETED,
B05-MPV-GEN-skjolber-plain-fixed-1s.jsonl,skjolber_plain,plain,MPV-GEN-T7-N30-R01,7,30,1,1.0,VALID_COMPLETE,True,1,,,COMPLETED,
B05-MPV-GEN-skjolber-plain-fixed-1s.jsonl,skjolber_plain,plain,MPV-GEN-T7-N30-R02,7,30,2,1.0,VALID_COMPLETE,True,1,,,COMPLETED,
B05-MPV-GEN-skjolber-plain-fixed-1s.jsonl,skjolber_plain,plain,MPV-GEN-T7-N30-R03,7,30,3,1.0,VALID_COMPLETE,True,1,,,COMPLETED,
B05-MPV-GEN-skjolber-plain-fixed-1s.jsonl,skjolber_plain,plain,MPV-GEN-T7-N30-R04,7,30,4,1.0,VALID_COMPLETE,True,1,,,COMPLETED,
B05-MPV-GEN-skjolber-plain-fixed-1s.jsonl,skjolber_plain,plain,MPV-GEN-T7-N30-R05,7,30,5,1.0,VALID_COMPLETE,True,1,,,COMPLETED,
B05-MPV-GEN-skjolber-plain-fixed-1s.jsonl,skjolber_plain,plain,MPV-GEN-T7-N30-R06,7,30,6,1.0,VALID_COMPLETE,True,1,,,COMPLETED,
B05-MPV-GEN-skjolber-plain-fixed-1s.jsonl,skjolber_plain,plain,MPV-GEN-T7-N30-R07,7,30,7,1.0,VALID_COMPLETE,True,1,,,COMPLETED,
B05-MPV-GEN-skjolber-plain-fixed-1s.jsonl,skjolber_plain,plain,MPV-GEN-T7-N30-R08,7,30,8,1.0,VALID_COMPLETE,True,1,,,COMPLETED,
B05-MPV-GEN-skjolber-plain-fixed-1s.jsonl,skjolber_plain,plain,MPV-GEN-T7-N30-R09,7,30,9,1.0,VALID_COMPLETE,True,1,,,COMPLETED,
B05-MPV-GEN-skjolber-plain-fixed-1s.jsonl,skjolber_plain,plain,MPV-GEN-T7-N30-R10,7,30,10,1.0,VALID_COMPLETE,True,1,,,COMPLETED,
B05-MPV-GEN-skjolber-plain-fixed-1s.jsonl,skjolber_plain,plain,MPV-GEN-T7-N60-R01,7,60,1,1.0,VALID_COMPLETE,True,1,,,COMPLETED,
B05-MPV-GEN-skjolber-plain-fixed-1s.jsonl,skjolber_plain,plain,MPV-GEN-T7-N60-R02,7,60,2,1.0,VALID_COMPLETE,True,1,,,COMPLETED,
B05-MPV-GEN-skjolber-plain-fixed-1s.jsonl,skjolber_plain,plain,MPV-GEN-T7-N60-R03,7,60,3,1.0,VALID_COMPLETE,True,1,,,COMPLETED,
B05-MPV-GEN-skjolber-plain-fixed-1s.jsonl,skjolber_plain,plain,MPV-GEN-T7-N60-R04,7,60,4,1.0,VALID_COMPLETE,True,1,,,COMPLETED,
B05-MPV-GEN-skjolber-plain-fixed-1s.jsonl,skjolber_plain,plain,MPV-GEN-T7-N60-R05,7,60,5,1.0,VALID_COMPLETE,True,1,,,COMPLETED,
B05-MPV-GEN-skjolber-plain-fixed-1s.jsonl,skjolber_plain,plain,MPV-GEN-T7-N60-R06,7,60,6,1.0,VALID_COMPLETE,True,1,,,COMPLETED,
B05-MPV-GEN-skjolber-plain-fixed-1s.jsonl,skjolber_plain,plain,MPV-GEN-T7-N60-R07,7,60,7,1.0,VALID_COMPLETE,True,1,,,COMPLETED,
B05-MPV-GEN-skjolber-plain-fixed-1s.jsonl,skjolber_plain,plain,MPV-GEN-T7-N60-R08,7,60,8,1.0,VALID_COMPLETE,True,1,,,COMPLETED,
B05-MPV-GEN-skjolber-plain-fixed-1s.jsonl,skjolber_plain,plain,MPV-GEN-T7-N60-R09,7,60,9,1.0,VALID_COMPLETE,True,1,,,COMPLETED,
B05-MPV-GEN-skjolber-plain-fixed-1s.jsonl,skjolber_plain,plain,MPV-GEN-T7-N60-R10,7,60,10,1.0,VALID_COMPLETE,True,1,,,COMPLETED,
B05-MPV-GEN-skjolber-plain-fixed-1s.jsonl,skjolber_plain,plain,MPV-GEN-T7-N90-R01,7,90,1,1.0,VALID_COMPLETE,True,1,,,COMPLETED,
B05-MPV-GEN-skjolber-plain-fixed-1s.jsonl,skjolber_plain,plain,MPV-GEN-T7-N90-R02,7,90,2,1.0,VALID_COMPLETE,True,1,,,COMPLETED,
B05-MPV-GEN-skjolber-plain-fixed-1s.jsonl,skjolber_plain,plain,MPV-GEN-T7-N90-R03,7,90,3,1.0,VALID_COMPLETE,True,1,,,COMPLETED,
B05-MPV-GEN-skjolber-plain-fixed-1s.jsonl,skjolber_plain,plain,MPV-GEN-T7-N90-R04,7,90,4,1.0,VALID_COMPLETE,True,1,,,COMPLETED,
B05-MPV-GEN-skjolber-plain-fixed-1s.jsonl,skjolber_plain,plain,MPV-GEN-T7-N90-R05,7,90,5,1.0,VALID_COMPLETE,True,1,,,COMPLETED,
B05-MPV-GEN-skjolber-plain-fixed-1s.jsonl,skjolber_plain,plain,MPV-GEN-T7-N90-R06,7,90,6,1.0,VALID_COMPLETE,True,1,,,COMPLETED,
B05-MPV-GEN-skjolber-plain-fixed-1s.jsonl,skjolber_plain,plain,MPV-GEN-T7-N90-R07,7,90,7,1.0,VALID_COMPLETE,True,1,,,COMPLETED,
B05-MPV-GEN-skjolber-plain-fixed-1s.jsonl,skjolber_plain,plain,MPV-GEN-T7-N90-R08,7,90,8,1.0,VALID_COMPLETE,True,1,,,COMPLETED,
B05-MPV-GEN-skjolber-plain-fixed-1s.jsonl,skjolber_plain,plain,MPV-GEN-T7-N90-R09,7,90,9,1.0,VALID_COMPLETE,True,1,,,COMPLETED,
B05-MPV-GEN-skjolber-plain-fixed-1s.jsonl,skjolber_plain,plain,MPV-GEN-T7-N90-R10,7,90,10,1.0,VALID_COMPLETE,True,1,,,COMPLETED,
B05-MPV-GEN-skjolber-plain-fixed-1s.jsonl,skjolber_plain,plain,MPV-GEN-T8-N30-R01,8,30,1,1.0,VALID_COMPLETE,True,5,,,COMPLETED,
B05-MPV-GEN-skjolber-plain-fixed-1s.jsonl,skjolber_plain,plain,MPV-GEN-T8-N30-R02,8,30,2,1.0,VALID_COMPLETE,True,5,,,COMPLETED,
B05-MPV-GEN-skjolber-plain-fixed-1s.jsonl,skjolber_plain,plain,MPV-GEN-T8-N30-R03,8,30,3,1.0,VALID_COMPLETE,True,8,,,COMPLETED,
B05-MPV-GEN-skjolber-plain-fixed-1s.jsonl,skjolber_plain,plain,MPV-GEN-T8-N30-R04,8,30,4,1.0,VALID_COMPLETE,True,6,,,COMPLETED,
B05-MPV-GEN-skjolber-plain-fixed-1s.jsonl,skjolber_plain,plain,MPV-GEN-T8-N30-R05,8,30,5,1.0,VALID_COMPLETE,True,7,,,COMPLETED,
B05-MPV-GEN-skjolber-plain-fixed-1s.jsonl,skjolber_plain,plain,MPV-GEN-T8-N30-R06,8,30,6,1.0,VALID_COMPLETE,True,7,,,COMPLETED,
B05-MPV-GEN-skjolber-plain-fixed-1s.jsonl,skjolber_plain,plain,MPV-GEN-T8-N30-R07,8,30,7,1.0,VALID_COMPLETE,True,5,,,COMPLETED,
B05-MPV-GEN-skjolber-plain-fixed-1s.jsonl,skjolber_plain,plain,MPV-GEN-T8-N30-R08,8,30,8,1.0,VALID_COMPLETE,True,5,,,COMPLETED,
B05-MPV-GEN-skjolber-plain-fixed-1s.jsonl,skjolber_plain,plain,MPV-GEN-T8-N30-R09,8,30,9,1.0,VALID_COMPLETE,True,10,,,COMPLETED,
B05-MPV-GEN-skjolber-plain-fixed-1s.jsonl,skjolber_plain,plain,MPV-GEN-T8-N30-R10,8,30,10,1.0,VALID_COMPLETE,True,5,,,COMPLETED,
B05-MPV-GEN-skjolber-plain-fixed-1s.jsonl,skjolber_plain,plain,MPV-GEN-T8-N60-R01,8,60,1,1.0,VALID_COMPLETE,True,14,,,COMPLETED,
B05-MPV-GEN-skjolber-plain-fixed-1s.jsonl,skjolber_plain,plain,MPV-GEN-T8-N60-R02,8,60,2,1.0,VALID_COMPLETE,True,15,,,COMPLETED,
B05-MPV-GEN-skjolber-plain-fixed-1s.jsonl,skjolber_plain,plain,MPV-GEN-T8-N60-R03,8,60,3,1.0,VALID_COMPLETE,True,12,,,COMPLETED,
B05-MPV-GEN-skjolber-plain-fixed-1s.jsonl,skjolber_plain,plain,MPV-GEN-T8-N60-R04,8,60,4,1.0,VALID_COMPLETE,True,11,,,COMPLETED,
B05-MPV-GEN-skjolber-plain-fixed-1s.jsonl,skjolber_plain,plain,MPV-GEN-T8-N60-R05,8,60,5,1.0,VALID_COMPLETE,True,13,,,COMPLETED,
B05-MPV-GEN-skjolber-plain-fixed-1s.jsonl,skjolber_plain,plain,MPV-GEN-T8-N60-R06,8,60,6,1.0,VALID_COMPLETE,True,11,,,COMPLETED,
B05-MPV-GEN-skjolber-plain-fixed-1s.jsonl,skjolber_plain,plain,MPV-GEN-T8-N60-R07,8,60,7,1.0,VALID_COMPLETE,True,11,,,COMPLETED,
B05-MPV-GEN-skjolber-plain-fixed-1s.jsonl,skjolber_plain,plain,MPV-GEN-T8-N60-R08,8,60,8,1.0,VALID_COMPLETE,True,9,,,COMPLETED,
B05-MPV-GEN-skjolber-plain-fixed-1s.jsonl,skjolber_plain,plain,MPV-GEN-T8-N60-R09,8,60,9,1.0,VALID_COMPLETE,True,12,,,COMPLETED,
B05-MPV-GEN-skjolber-plain-fixed-1s.jsonl,skjolber_plain,plain,MPV-GEN-T8-N60-R10,8,60,10,1.0,VALID_COMPLETE,True,13,,,COMPLETED,
B05-MPV-GEN-skjolber-plain-fixed-1s.jsonl,skjolber_plain,plain,MPV-GEN-T8-N90-R01,8,90,1,1.0,VALID_COMPLETE,True,12,,,COMPLETED,
B05-MPV-GEN-skjolber-plain-fixed-1s.jsonl,skjolber_plain,plain,MPV-GEN-T8-N90-R02,8,90,2,1.0,VALID_COMPLETE,True,13,,,COMPLETED,
B05-MPV-GEN-skjolber-plain-fixed-1s.jsonl,skjolber_plain,plain,MPV-GEN-T8-N90-R03,8,90,3,1.0,VALID_COMPLETE,True,19,,,COMPLETED,
B05-MPV-GEN-skjolber-plain-fixed-1s.jsonl,skjolber_plain,plain,MPV-GEN-T8-N90-R04,8,90,4,1.0,VALID_COMPLETE,True,17,,,COMPLETED,
B05-MPV-GEN-skjolber-plain-fixed-1s.jsonl,skjolber_plain,plain,MPV-GEN-T8-N90-R05,8,90,5,1.0,VALID_COMPLETE,True,16,,,COMPLETED,
B05-MPV-GEN-skjolber-plain-fixed-1s.jsonl,skjolber_plain,plain,MPV-GEN-T8-N90-R06,8,90,6,1.0,VALID_COMPLETE,True,17,,,COMPLETED,
B05-MPV-GEN-skjolber-plain-fixed-1s.jsonl,skjolber_plain,plain,MPV-GEN-T8-N90-R07,8,90,7,1.0,VALID_COMPLETE,True,17,,,COMPLETED,
B05-MPV-GEN-skjolber-plain-fixed-1s.jsonl,skjolber_plain,plain,MPV-GEN-T8-N90-R08,8,90,8,1.0,VALID_COMPLETE,True,14,,,COMPLETED,
B05-MPV-GEN-skjolber-plain-fixed-1s.jsonl,skjolber_plain,plain,MPV-GEN-T8-N90-R09,8,90,9,1.0,VALID_COMPLETE,True,18,,,COMPLETED,
B05-MPV-GEN-skjolber-plain-fixed-1s.jsonl,skjolber_plain,plain,MPV-GEN-T8-N90-R10,8,90,10,1.0,VALID_COMPLETE,True,16,,,COMPLETED,
B05-MPV-GEN-skjolber-plain-fixed-1s.jsonl,skjolber_plain,plain,MPV-GEN-T9-N30-R01,9,30,1,1.0,VALID_COMPLETE,True,4,,,COMPLETED,
B05-MPV-GEN-skjolber-plain-fixed-1s.jsonl,skjolber_plain,plain,MPV-GEN-T9-N30-R02,9,30,2,1.0,VALID_COMPLETE,True,4,,,COMPLETED,
B05-MPV-GEN-skjolber-plain-fixed-1s.jsonl,skjolber_plain,plain,MPV-GEN-T9-N30-R03,9,30,3,1.0,VALID_COMPLETE,True,4,,,COMPLETED,
B05-MPV-GEN-skjolber-plain-fixed-1s.jsonl,skjolber_plain,plain,MPV-GEN-T9-N30-R04,9,30,4,1.0,VALID_COMPLETE,True,5,,,COMPLETED,
B05-MPV-GEN-skjolber-plain-fixed-1s.jsonl,skjolber_plain,plain,MPV-GEN-T9-N30-R05,9,30,5,1.0,VALID_COMPLETE,True,4,,,COMPLETED,
B05-MPV-GEN-skjolber-plain-fixed-1s.jsonl,skjolber_plain,plain,MPV-GEN-T9-N30-R06,9,30,6,1.0,VALID_COMPLETE,True,5,,,COMPLETED,
B05-MPV-GEN-skjolber-plain-fixed-1s.jsonl,skjolber_plain,plain,MPV-GEN-T9-N30-R07,9,30,7,1.0,VALID_COMPLETE,True,4,,,COMPLETED,
B05-MPV-GEN-skjolber-plain-fixed-1s.jsonl,skjolber_plain,plain,MPV-GEN-T9-N30-R08,9,30,8,1.0,VALID_COMPLETE,True,4,,,COMPLETED,
B05-MPV-GEN-skjolber-plain-fixed-1s.jsonl,skjolber_plain,plain,MPV-GEN-T9-N30-R09,9,30,9,1.0,VALID_COMPLETE,True,4,,,COMPLETED,
B05-MPV-GEN-skjolber-plain-fixed-1s.jsonl,skjolber_plain,plain,MPV-GEN-T9-N30-R10,9,30,10,1.0,VALID_COMPLETE,True,5,,,COMPLETED,
B05-MPV-GEN-skjolber-plain-fixed-1s.jsonl,skjolber_plain,plain,MPV-GEN-T9-N60-R01,9,60,1,1.0,VALID_COMPLETE,True,4,,,COMPLETED,
B05-MPV-GEN-skjolber-plain-fixed-1s.jsonl,skjolber_plain,plain,MPV-GEN-T9-N60-R02,9,60,2,1.0,VALID_COMPLETE,True,5,,,COMPLETED,
B05-MPV-GEN-skjolber-plain-fixed-1s.jsonl,skjolber_plain,plain,MPV-GEN-T9-N60-R03,9,60,3,1.0,VALID_COMPLETE,True,4,,,COMPLETED,
B05-MPV-GEN-skjolber-plain-fixed-1s.jsonl,skjolber_plain,plain,MPV-GEN-T9-N60-R04,9,60,4,1.0,VALID_COMPLETE,True,4,,,COMPLETED,
B05-MPV-GEN-skjolber-plain-fixed-1s.jsonl,skjolber_plain,plain,MPV-GEN-T9-N60-R05,9,60,5,1.0,VALID_COMPLETE,True,4,,,COMPLETED,
B05-MPV-GEN-skjolber-plain-fixed-1s.jsonl,skjolber_plain,plain,MPV-GEN-T9-N60-R06,9,60,6,1.0,VALID_COMPLETE,True,4,,,COMPLETED,
B05-MPV-GEN-skjolber-plain-fixed-1s.jsonl,skjolber_plain,plain,MPV-GEN-T9-N60-R07,9,60,7,1.0,VALID_COMPLETE,True,4,,,COMPLETED,
B05-MPV-GEN-skjolber-plain-fixed-1s.jsonl,skjolber_plain,plain,MPV-GEN-T9-N60-R08,9,60,8,1.0,VALID_COMPLETE,True,4,,,COMPLETED,
B05-MPV-GEN-skjolber-plain-fixed-1s.jsonl,skjolber_plain,plain,MPV-GEN-T9-N60-R09,9,60,9,1.0,VALID_COMPLETE,True,4,,,COMPLETED,
B05-MPV-GEN-skjolber-plain-fixed-1s.jsonl,skjolber_plain,plain,MPV-GEN-T9-N60-R10,9,60,10,1.0,VALID_COMPLETE,True,4,,,COMPLETED,
B05-MPV-GEN-skjolber-plain-fixed-1s.jsonl,skjolber_plain,plain,MPV-GEN-T9-N90-R01,9,90,1,1.0,VALID_COMPLETE,True,5,,,COMPLETED,
B05-MPV-GEN-skjolber-plain-fixed-1s.jsonl,skjolber_plain,plain,MPV-GEN-T9-N90-R02,9,90,2,1.0,VALID_COMPLETE,True,5,,,COMPLETED,
B05-MPV-GEN-skjolber-plain-fixed-1s.jsonl,skjolber_plain,plain,MPV-GEN-T9-N90-R03,9,90,3,1.0,VALID_COMPLETE,True,5,,,COMPLETED,
B05-MPV-GEN-skjolber-plain-fixed-1s.jsonl,skjolber_plain,plain,MPV-GEN-T9-N90-R04,9,90,4,1.0,VALID_COMPLETE,True,4,,,COMPLETED,
B05-MPV-GEN-skjolber-plain-fixed-1s.jsonl,skjolber_plain,plain,MPV-GEN-T9-N90-R05,9,90,5,1.0,VALID_COMPLETE,True,4,,,COMPLETED,
B05-MPV-GEN-skjolber-plain-fixed-1s.jsonl,skjolber_plain,plain,MPV-GEN-T9-N90-R06,9,90,6,1.0,VALID_COMPLETE,True,5,,,COMPLETED,
B05-MPV-GEN-skjolber-plain-fixed-1s.jsonl,skjolber_plain,plain,MPV-GEN-T9-N90-R07,9,90,7,1.0,VALID_COMPLETE,True,4,,,COMPLETED,
B05-MPV-GEN-skjolber-plain-fixed-1s.jsonl,skjolber_plain,plain,MPV-GEN-T9-N90-R08,9,90,8,1.0,VALID_COMPLETE,True,4,,,COMPLETED,
B05-MPV-GEN-skjolber-plain-fixed-1s.jsonl,skjolber_plain,plain,MPV-GEN-T9-N90-R09,9,90,9,1.0,VALID_COMPLETE,True,5,,,COMPLETED,
B05-MPV-GEN-skjolber-plain-fixed-1s.jsonl,skjolber_plain,plain,MPV-GEN-T9-N90-R10,9,90,10,1.0,VALID_COMPLETE,True,5,,,COMPLETED,
B05-MPV-GEN-upstream-box-10s-finite.jsonl,packingsolver_upstream_box,box portfolio,IMM:mpvgen_t1_n30:001,1,30,1,10.0,VALID_COMPLETE,True,9,,,COMPLETED,1.1539463868830353
B05-MPV-GEN-upstream-box-10s-finite.jsonl,packingsolver_upstream_box,box portfolio,IMM:mpvgen_t1_n30:002,1,30,2,10.0,VALID_COMPLETE,True,11,,,TIME_LIMIT,10.697730442974716
B05-MPV-GEN-upstream-box-10s-finite.jsonl,packingsolver_upstream_box,box portfolio,IMM:mpvgen_t1_n30:003,1,30,3,10.0,VALID_COMPLETE,True,8,,,TIME_LIMIT,10.712387160165235
B05-MPV-GEN-upstream-box-10s-finite.jsonl,packingsolver_upstream_box,box portfolio,IMM:mpvgen_t1_n30:004,1,30,4,10.0,VALID_COMPLETE,True,7,,,COMPLETED,2.0588467121124268
B05-MPV-GEN-upstream-box-10s-finite.jsonl,packingsolver_upstream_box,box portfolio,IMM:mpvgen_t1_n30:005,1,30,5,10.0,VALID_COMPLETE,True,10,,,TIME_LIMIT,10.952248852001503
B05-MPV-GEN-upstream-box-10s-finite.jsonl,packingsolver_upstream_box,box portfolio,IMM:mpvgen_t1_n30:006,1,30,6,10.0,VALID_COMPLETE,True,7,,,COMPLETED,2.402756995987147
B05-MPV-GEN-upstream-box-10s-finite.jsonl,packingsolver_upstream_box,box portfolio,IMM:mpvgen_t1_n30:007,1,30,7,10.0,VALID_COMPLETE,True,8,,,TIME_LIMIT,11.930710347834975
B05-MPV-GEN-upstream-box-10s-finite.jsonl,packingsolver_upstream_box,box portfolio,IMM:mpvgen_t1_n30:008,1,30,8,10.0,VALID_COMPLETE,True,9,,,COMPLETED,2.858229649020359
B05-MPV-GEN-upstream-box-10s-finite.jsonl,packingsolver_upstream_box,box portfolio,IMM:mpvgen_t1_n30:009,1,30,9,10.0,VALID_COMPLETE,True,9,,,COMPLETED,1.5560697470791638
B05-MPV-GEN-upstream-box-10s-finite.jsonl,packingsolver_upstream_box,box portfolio,IMM:mpvgen_t1_n30:010,1,30,10,10.0,VALID_COMPLETE,True,8,,,TIME_LIMIT,10.630994815845042
B05-MPV-GEN-upstream-box-10s-finite.jsonl,packingsolver_upstream_box,box portfolio,IMM:mpvgen_t1_n60:001,1,60,1,10.0,VALID_COMPLETE,True,15,,,TIME_LIMIT,21.382985239848495
B05-MPV-GEN-upstream-box-10s-finite.jsonl,packingsolver_upstream_box,box portfolio,IMM:mpvgen_t1_n60:002,1,60,2,10.0,VALID_COMPLETE,True,14,,,TIME_LIMIT,20.248931403039023
B05-MPV-GEN-upstream-box-10s-finite.jsonl,packingsolver_upstream_box,box portfolio,IMM:mpvgen_t1_n60:003,1,60,3,10.0,VALID_COMPLETE,True,16,,,TIME_LIMIT,15.123191518941894
B05-MPV-GEN-upstream-box-10s-finite.jsonl,packingsolver_upstream_box,box portfolio,IMM:mpvgen_t1_n60:004,1,60,4,10.0,VALID_COMPLETE,True,13,,,TIME_LIMIT,10.047122090822086
B05-MPV-GEN-upstream-box-10s-finite.jsonl,packingsolver_upstream_box,box portfolio,IMM:mpvgen_t1_n60:005,1,60,5,10.0,VALID_COMPLETE,True,18,,,TIME_LIMIT,20.973900018027052
B05-MPV-GEN-upstream-box-10s-finite.jsonl,packingsolver_upstream_box,box portfolio,IMM:mpvgen_t1_n60:006,1,60,6,10.0,VALID_COMPLETE,True,15,,,TIME_LIMIT,10.063852434046566
B05-MPV-GEN-upstream-box-10s-finite.jsonl,packingsolver_upstream_box,box portfolio,IMM:mpvgen_t1_n60:007,1,60,7,10.0,VALID_COMPLETE,True,15,,,TIME_LIMIT,17.539128847187385
B05-MPV-GEN-upstream-box-10s-finite.jsonl,packingsolver_upstream_box,box portfolio,IMM:mpvgen_t1_n60:008,1,60,8,10.0,VALID_COMPLETE,True,16,,,TIME_LIMIT,13.81508747395128
B05-MPV-GEN-upstream-box-10s-finite.jsonl,packingsolver_upstream_box,box portfolio,IMM:mpvgen_t1_n60:009,1,60,9,10.0,VALID_COMPLETE,True,15,,,TIME_LIMIT,21.933239553123713
B05-MPV-GEN-upstream-box-10s-finite.jsonl,packingsolver_upstream_box,box portfolio,IMM:mpvgen_t1_n60:010,1,60,10,10.0,VALID_COMPLETE,True,15,,,TIME_LIMIT,16.965719145024195
B05-MPV-GEN-upstream-box-10s-finite.jsonl,packingsolver_upstream_box,box portfolio,IMM:mpvgen_t1_n90:001,1,90,1,10.0,VALID_COMPLETE,True,27,,,TIME_LIMIT,10.269885866902769
B05-MPV-GEN-upstream-box-10s-finite.jsonl,packingsolver_upstream_box,box portfolio,IMM:mpvgen_t1_n90:002,1,90,2,10.0,VALID_COMPLETE,True,23,,,TIME_LIMIT,10.064771486911923
B05-MPV-GEN-upstream-box-10s-finite.jsonl,packingsolver_upstream_box,box portfolio,IMM:mpvgen_t1_n90:003,1,90,3,10.0,VALID_COMPLETE,True,24,,,TIME_LIMIT,10.108159099938348
B05-MPV-GEN-upstream-box-10s-finite.jsonl,packingsolver_upstream_box,box portfolio,IMM:mpvgen_t1_n90:004,1,90,4,10.0,VALID_COMPLETE,True,21,,,TIME_LIMIT,10.109009726904333
B05-MPV-GEN-upstream-box-10s-finite.jsonl,packingsolver_upstream_box,box portfolio,IMM:mpvgen_t1_n90:005,1,90,5,10.0,VALID_COMPLETE,True,28,,,TIME_LIMIT,10.14117795880884
B05-MPV-GEN-upstream-box-10s-finite.jsonl,packingsolver_upstream_box,box portfolio,IMM:mpvgen_t1_n90:006,1,90,6,10.0,VALID_COMPLETE,True,24,,,TIME_LIMIT,10.097193970810622
B05-MPV-GEN-upstream-box-10s-finite.jsonl,packingsolver_upstream_box,box portfolio,IMM:mpvgen_t1_n90:007,1,90,7,10.0,VALID_COMPLETE,True,21,,,TIME_LIMIT,10.033764865016565
B05-MPV-GEN-upstream-box-10s-finite.jsonl,packingsolver_upstream_box,box portfolio,IMM:mpvgen_t1_n90:008,1,90,8,10.0,VALID_COMPLETE,True,25,,,TIME_LIMIT,10.047957709990442
B05-MPV-GEN-upstream-box-10s-finite.jsonl,packingsolver_upstream_box,box portfolio,IMM:mpvgen_t1_n90:009,1,90,9,10.0,VALID_COMPLETE,True,27,,,TIME_LIMIT,10.23696308513172
B05-MPV-GEN-upstream-box-10s-finite.jsonl,packingsolver_upstream_box,box portfolio,IMM:mpvgen_t1_n90:010,1,90,10,10.0,VALID_COMPLETE,True,24,,,TIME_LIMIT,10.041322065982968
B05-MPV-GEN-upstream-box-10s-finite.jsonl,packingsolver_upstream_box,box portfolio,IMM:mpvgen_t6_n30:001,6,30,1,10.0,VALID_COMPLETE,True,1,,,COMPLETED,8.303465706994757
B05-MPV-GEN-upstream-box-10s-finite.jsonl,packingsolver_upstream_box,box portfolio,IMM:mpvgen_t6_n30:002,6,30,2,10.0,VALID_COMPLETE,True,1,,,COMPLETED,7.2475076001137495
B05-MPV-GEN-upstream-box-10s-finite.jsonl,packingsolver_upstream_box,box portfolio,IMM:mpvgen_t6_n30:003,6,30,3,10.0,VALID_COMPLETE,True,1,,,COMPLETED,6.070129199884832
B05-MPV-GEN-upstream-box-10s-finite.jsonl,packingsolver_upstream_box,box portfolio,IMM:mpvgen_t6_n30:004,6,30,4,10.0,VALID_COMPLETE,True,1,,,COMPLETED,6.0437274519354105
B05-MPV-GEN-upstream-box-10s-finite.jsonl,packingsolver_upstream_box,box portfolio,IMM:mpvgen_t6_n30:005,6,30,5,10.0,VALID_COMPLETE,True,1,,,COMPLETED,6.053984745871276
B05-MPV-GEN-upstream-box-10s-finite.jsonl,packingsolver_upstream_box,box portfolio,IMM:mpvgen_t6_n30:006,6,30,6,10.0,VALID_COMPLETE,True,1,,,COMPLETED,4.107065120944753
B05-MPV-GEN-upstream-box-10s-finite.jsonl,packingsolver_upstream_box,box portfolio,IMM:mpvgen_t6_n30:007,6,30,7,10.0,VALID_COMPLETE,True,1,,,COMPLETED,3.05895683192648
B05-MPV-GEN-upstream-box-10s-finite.jsonl,packingsolver_upstream_box,box portfolio,IMM:mpvgen_t6_n30:008,6,30,8,10.0,VALID_COMPLETE,True,1,,,COMPLETED,3.0600338398944587
B05-MPV-GEN-upstream-box-10s-finite.jsonl,packingsolver_upstream_box,box portfolio,IMM:mpvgen_t6_n30:009,6,30,9,10.0,VALID_COMPLETE,True,1,,,COMPLETED,2.042938448023051
B05-MPV-GEN-upstream-box-10s-finite.jsonl,packingsolver_upstream_box,box portfolio,IMM:mpvgen_t6_n30:010,6,30,10,10.0,VALID_COMPLETE,True,1,,,COMPLETED,2.0176042451057583
B05-MPV-GEN-upstream-box-10s-finite.jsonl,packingsolver_upstream_box,box portfolio,IMM:mpvgen_t6_n60:001,6,60,1,10.0,VALID_COMPLETE,True,1,,,COMPLETED,2.0074120899662375
B05-MPV-GEN-upstream-box-10s-finite.jsonl,packingsolver_upstream_box,box portfolio,IMM:mpvgen_t6_n60:002,6,60,2,10.0,VALID_COMPLETE,True,1,,,COMPLETED,2.008996407967061
B05-MPV-GEN-upstream-box-10s-finite.jsonl,packingsolver_upstream_box,box portfolio,IMM:mpvgen_t6_n60:003,6,60,3,10.0,VALID_COMPLETE,True,1,,,COMPLETED,2.0100059090182185
B05-MPV-GEN-upstream-box-10s-finite.jsonl,packingsolver_upstream_box,box portfolio,IMM:mpvgen_t6_n60:004,6,60,4,10.0,VALID_COMPLETE,True,1,,,COMPLETED,2.0109383650124073
B05-MPV-GEN-upstream-box-10s-finite.jsonl,packingsolver_upstream_box,box portfolio,IMM:mpvgen_t6_n60:005,6,60,5,10.0,VALID_COMPLETE,True,1,,,COMPLETED,2.0078706671483815
B05-MPV-GEN-upstream-box-10s-finite.jsonl,packingsolver_upstream_box,box portfolio,IMM:mpvgen_t6_n60:006,6,60,6,10.0,VALID_COMPLETE,True,1,,,COMPLETED,3.008585421135649
B05-MPV-GEN-upstream-box-10s-finite.jsonl,packingsolver_upstream_box,box portfolio,IMM:mpvgen_t6_n60:007,6,60,7,10.0,VALID_COMPLETE,True,1,,,COMPLETED,3.0065557449124753
B05-MPV-GEN-upstream-box-10s-finite.jsonl,packingsolver_upstream_box,box portfolio,IMM:mpvgen_t6_n60:008,6,60,8,10.0,VALID_COMPLETE,True,1,,,COMPLETED,3.008865788113326
B05-MPV-GEN-upstream-box-10s-finite.jsonl,packingsolver_upstream_box,box portfolio,IMM:mpvgen_t6_n60:009,6,60,9,10.0,VALID_COMPLETE,True,1,,,COMPLETED,2.005896633025259
B05-MPV-GEN-upstream-box-10s-finite.jsonl,packingsolver_upstream_box,box portfolio,IMM:mpvgen_t6_n60:010,6,60,10,10.0,VALID_COMPLETE,True,1,,,COMPLETED,3.0076154980342835
B05-MPV-GEN-upstream-box-10s-finite.jsonl,packingsolver_upstream_box,box portfolio,IMM:mpvgen_t6_n90:001,6,90,1,10.0,VALID_COMPLETE,True,1,,,COMPLETED,2.0077663029078394
B05-MPV-GEN-upstream-box-10s-finite.jsonl,packingsolver_upstream_box,box portfolio,IMM:mpvgen_t6_n90:002,6,90,2,10.0,VALID_COMPLETE,True,1,,,COMPLETED,2.010176686104387
B05-MPV-GEN-upstream-box-10s-finite.jsonl,packingsolver_upstream_box,box portfolio,IMM:mpvgen_t6_n90:003,6,90,3,10.0,VALID_COMPLETE,True,1,,,COMPLETED,2.008028466021642
B05-MPV-GEN-upstream-box-10s-finite.jsonl,packingsolver_upstream_box,box portfolio,IMM:mpvgen_t6_n90:004,6,90,4,10.0,VALID_COMPLETE,True,1,,,COMPLETED,2.00964219099842
B05-MPV-GEN-upstream-box-10s-finite.jsonl,packingsolver_upstream_box,box portfolio,IMM:mpvgen_t6_n90:005,6,90,5,10.0,VALID_COMPLETE,True,1,,,COMPLETED,2.008391016861424
B05-MPV-GEN-upstream-box-10s-finite.jsonl,packingsolver_upstream_box,box portfolio,IMM:mpvgen_t6_n90:006,6,90,6,10.0,VALID_COMPLETE,True,1,,,COMPLETED,2.0095086018554866
B05-MPV-GEN-upstream-box-10s-finite.jsonl,packingsolver_upstream_box,box portfolio,IMM:mpvgen_t6_n90:007,6,90,7,10.0,VALID_COMPLETE,True,1,,,COMPLETED,2.0067715069744736
B05-MPV-GEN-upstream-box-10s-finite.jsonl,packingsolver_upstream_box,box portfolio,IMM:mpvgen_t6_n90:008,6,90,8,10.0,VALID_COMPLETE,True,1,,,COMPLETED,2.00797918997705
B05-MPV-GEN-upstream-box-10s-finite.jsonl,packingsolver_upstream_box,box portfolio,IMM:mpvgen_t6_n90:009,6,90,9,10.0,VALID_COMPLETE,True,1,,,COMPLETED,2.006817651214078
B05-MPV-GEN-upstream-box-10s-finite.jsonl,packingsolver_upstream_box,box portfolio,IMM:mpvgen_t6_n90:010,6,90,10,10.0,VALID_COMPLETE,True,1,,,COMPLETED,2.006921204039827
B05-MPV-GEN-upstream-box-10s-finite.jsonl,packingsolver_upstream_box,box portfolio,IMM:mpvgen_t7_n30:001,7,30,1,10.0,VALID_COMPLETE,True,1,,,COMPLETED,2.115493178134784
B05-MPV-GEN-upstream-box-10s-finite.jsonl,packingsolver_upstream_box,box portfolio,IMM:mpvgen_t7_n30:002,7,30,2,10.0,VALID_COMPLETE,True,1,,,COMPLETED,3.0973222369793802
B05-MPV-GEN-upstream-box-10s-finite.jsonl,packingsolver_upstream_box,box portfolio,IMM:mpvgen_t7_n30:003,7,30,3,10.0,VALID_COMPLETE,True,1,,,COMPLETED,2.103664001915604
B05-MPV-GEN-upstream-box-10s-finite.jsonl,packingsolver_upstream_box,box portfolio,IMM:mpvgen_t7_n30:004,7,30,4,10.0,VALID_COMPLETE,True,1,,,COMPLETED,2.1035210138652474
B05-MPV-GEN-upstream-box-10s-finite.jsonl,packingsolver_upstream_box,box portfolio,IMM:mpvgen_t7_n30:005,7,30,5,10.0,VALID_COMPLETE,True,1,,,COMPLETED,3.0867533329874277
B05-MPV-GEN-upstream-box-10s-finite.jsonl,packingsolver_upstream_box,box portfolio,IMM:mpvgen_t7_n30:006,7,30,6,10.0,VALID_COMPLETE,True,1,,,COMPLETED,2.114601413020864
B05-MPV-GEN-upstream-box-10s-finite.jsonl,packingsolver_upstream_box,box portfolio,IMM:mpvgen_t7_n30:007,7,30,7,10.0,VALID_COMPLETE,True,1,,,COMPLETED,2.103581561939791
B05-MPV-GEN-upstream-box-10s-finite.jsonl,packingsolver_upstream_box,box portfolio,IMM:mpvgen_t7_n30:008,7,30,8,10.0,VALID_COMPLETE,True,1,,,COMPLETED,2.094827722059563
B05-MPV-GEN-upstream-box-10s-finite.jsonl,packingsolver_upstream_box,box portfolio,IMM:mpvgen_t7_n30:009,7,30,9,10.0,VALID_COMPLETE,True,1,,,COMPLETED,2.1405191549565643
B05-MPV-GEN-upstream-box-10s-finite.jsonl,packingsolver_upstream_box,box portfolio,IMM:mpvgen_t7_n30:010,7,30,10,10.0,VALID_COMPLETE,True,1,,,COMPLETED,2.116928185801953
B05-MPV-GEN-upstream-box-10s-finite.jsonl,packingsolver_upstream_box,box portfolio,IMM:mpvgen_t7_n60:001,7,60,1,10.0,VALID_COMPLETE,True,1,,,COMPLETED,2.0124386481475085
B05-MPV-GEN-upstream-box-10s-finite.jsonl,packingsolver_upstream_box,box portfolio,IMM:mpvgen_t7_n60:002,7,60,2,10.0,VALID_COMPLETE,True,1,,,COMPLETED,2.007347838021815
B05-MPV-GEN-upstream-box-10s-finite.jsonl,packingsolver_upstream_box,box portfolio,IMM:mpvgen_t7_n60:003,7,60,3,10.0,VALID_COMPLETE,True,1,,,COMPLETED,2.0081789379473776
B05-MPV-GEN-upstream-box-10s-finite.jsonl,packingsolver_upstream_box,box portfolio,IMM:mpvgen_t7_n60:004,7,60,4,10.0,VALID_COMPLETE,True,1,,,COMPLETED,2.0087647549808025
B05-MPV-GEN-upstream-box-10s-finite.jsonl,packingsolver_upstream_box,box portfolio,IMM:mpvgen_t7_n60:005,7,60,5,10.0,VALID_COMPLETE,True,1,,,COMPLETED,3.0063293979037553
B05-MPV-GEN-upstream-box-10s-finite.jsonl,packingsolver_upstream_box,box portfolio,IMM:mpvgen_t7_n60:006,7,60,6,10.0,VALID_COMPLETE,True,1,,,COMPLETED,2.0075554188806564
B05-MPV-GEN-upstream-box-10s-finite.jsonl,packingsolver_upstream_box,box portfolio,IMM:mpvgen_t7_n60:007,7,60,7,10.0,VALID_COMPLETE,True,1,,,COMPLETED,2.0076432800851762
B05-MPV-GEN-upstream-box-10s-finite.jsonl,packingsolver_upstream_box,box portfolio,IMM:mpvgen_t7_n60:008,7,60,8,10.0,VALID_COMPLETE,True,1,,,COMPLETED,2.011989139020443
B05-MPV-GEN-upstream-box-10s-finite.jsonl,packingsolver_upstream_box,box portfolio,IMM:mpvgen_t7_n60:009,7,60,9,10.0,VALID_COMPLETE,True,1,,,COMPLETED,2.0133566458243877
B05-MPV-GEN-upstream-box-10s-finite.jsonl,packingsolver_upstream_box,box portfolio,IMM:mpvgen_t7_n60:010,7,60,10,10.0,VALID_COMPLETE,True,1,,,COMPLETED,2.008124987129122
B05-MPV-GEN-upstream-box-10s-finite.jsonl,packingsolver_upstream_box,box portfolio,IMM:mpvgen_t7_n90:001,7,90,1,10.0,VALID_COMPLETE,True,1,,,COMPLETED,2.010817923117429
B05-MPV-GEN-upstream-box-10s-finite.jsonl,packingsolver_upstream_box,box portfolio,IMM:mpvgen_t7_n90:002,7,90,2,10.0,VALID_COMPLETE,True,1,,,COMPLETED,2.0073343359399587
B05-MPV-GEN-upstream-box-10s-finite.jsonl,packingsolver_upstream_box,box portfolio,IMM:mpvgen_t7_n90:003,7,90,3,10.0,VALID_COMPLETE,True,1,,,COMPLETED,2.010517105925828
B05-MPV-GEN-upstream-box-10s-finite.jsonl,packingsolver_upstream_box,box portfolio,IMM:mpvgen_t7_n90:004,7,90,4,10.0,VALID_COMPLETE,True,1,,,COMPLETED,3.007314732996747
B05-MPV-GEN-upstream-box-10s-finite.jsonl,packingsolver_upstream_box,box portfolio,IMM:mpvgen_t7_n90:005,7,90,5,10.0,VALID_COMPLETE,True,1,,,COMPLETED,3.0269207041710615
B05-MPV-GEN-upstream-box-10s-finite.jsonl,packingsolver_upstream_box,box portfolio,IMM:mpvgen_t7_n90:006,7,90,6,10.0,VALID_COMPLETE,True,1,,,COMPLETED,3.0124346800148487
B05-MPV-GEN-upstream-box-10s-finite.jsonl,packingsolver_upstream_box,box portfolio,IMM:mpvgen_t7_n90:007,7,90,7,10.0,VALID_COMPLETE,True,1,,,COMPLETED,3.0174298740457743
B05-MPV-GEN-upstream-box-10s-finite.jsonl,packingsolver_upstream_box,box portfolio,IMM:mpvgen_t7_n90:008,7,90,8,10.0,VALID_COMPLETE,True,1,,,COMPLETED,3.0185343720950186
B05-MPV-GEN-upstream-box-10s-finite.jsonl,packingsolver_upstream_box,box portfolio,IMM:mpvgen_t7_n90:009,7,90,9,10.0,VALID_COMPLETE,True,1,,,COMPLETED,2.0115914079360664
B05-MPV-GEN-upstream-box-10s-finite.jsonl,packingsolver_upstream_box,box portfolio,IMM:mpvgen_t7_n90:010,7,90,10,10.0,VALID_COMPLETE,True,1,,,COMPLETED,3.014546687947586
B05-MPV-GEN-upstream-box-10s-finite.jsonl,packingsolver_upstream_box,box portfolio,IMM:mpvgen_t8_n30:001,8,30,1,10.0,VALID_COMPLETE,True,5,,,COMPLETED,1.1774123369250447
B05-MPV-GEN-upstream-box-10s-finite.jsonl,packingsolver_upstream_box,box portfolio,IMM:mpvgen_t8_n30:002,8,30,2,10.0,VALID_COMPLETE,True,5,,,TIME_LIMIT,12.614276701817289
B05-MPV-GEN-upstream-box-10s-finite.jsonl,packingsolver_upstream_box,box portfolio,IMM:mpvgen_t8_n30:003,8,30,3,10.0,VALID_COMPLETE,True,8,,,COMPLETED,1.1610952811315656
B05-MPV-GEN-upstream-box-10s-finite.jsonl,packingsolver_upstream_box,box portfolio,IMM:mpvgen_t8_n30:004,8,30,4,10.0,VALID_COMPLETE,True,5,,,TIME_LIMIT,12.14827556698583
B05-MPV-GEN-upstream-box-10s-finite.jsonl,packingsolver_upstream_box,box portfolio,IMM:mpvgen_t8_n30:005,8,30,5,10.0,VALID_COMPLETE,True,7,,,TIME_LIMIT,10.636834085918963
B05-MPV-GEN-upstream-box-10s-finite.jsonl,packingsolver_upstream_box,box portfolio,IMM:mpvgen_t8_n30:006,8,30,6,10.0,VALID_COMPLETE,True,6,,,COMPLETED,2.8491266139317304
B05-MPV-GEN-upstream-box-10s-finite.jsonl,packingsolver_upstream_box,box portfolio,IMM:mpvgen_t8_n30:007,8,30,7,10.0,VALID_COMPLETE,True,5,,,COMPLETED,4.467607185943052
B05-MPV-GEN-upstream-box-10s-finite.jsonl,packingsolver_upstream_box,box portfolio,IMM:mpvgen_t8_n30:008,8,30,8,10.0,VALID_COMPLETE,True,5,,,COMPLETED,4.038238906068727
B05-MPV-GEN-upstream-box-10s-finite.jsonl,packingsolver_upstream_box,box portfolio,IMM:mpvgen_t8_n30:009,8,30,9,10.0,VALID_COMPLETE,True,9,,,COMPLETED,2.5889541700016707
B05-MPV-GEN-upstream-box-10s-finite.jsonl,packingsolver_upstream_box,box portfolio,IMM:mpvgen_t8_n30:010,8,30,10,10.0,VALID_COMPLETE,True,5,,,TIME_LIMIT,10.377915550023317
B05-MPV-GEN-upstream-box-10s-finite.jsonl,packingsolver_upstream_box,box portfolio,IMM:mpvgen_t8_n60:001,8,60,1,10.0,VALID_COMPLETE,True,13,,,TIME_LIMIT,10.137879864079878
B05-MPV-GEN-upstream-box-10s-finite.jsonl,packingsolver_upstream_box,box portfolio,IMM:mpvgen_t8_n60:002,8,60,2,10.0,VALID_COMPLETE,True,14,,,TIME_LIMIT,10.21875912998803
B05-MPV-GEN-upstream-box-10s-finite.jsonl,packingsolver_upstream_box,box portfolio,IMM:mpvgen_t8_n60:003,8,60,3,10.0,VALID_COMPLETE,True,12,,,TIME_LIMIT,10.1330630001612
B05-MPV-GEN-upstream-box-10s-finite.jsonl,packingsolver_upstream_box,box portfolio,IMM:mpvgen_t8_n60:004,8,60,4,10.0,VALID_COMPLETE,True,9,,,TIME_LIMIT,10.09709297097288
B05-MPV-GEN-upstream-box-10s-finite.jsonl,packingsolver_upstream_box,box portfolio,IMM:mpvgen_t8_n60:005,8,60,5,10.0,VALID_COMPLETE,True,12,,,TIME_LIMIT,10.09703429392539
B05-MPV-GEN-upstream-box-10s-finite.jsonl,packingsolver_upstream_box,box portfolio,IMM:mpvgen_t8_n60:006,8,60,6,10.0,VALID_COMPLETE,True,10,,,TIME_LIMIT,10.105598017107695
B05-MPV-GEN-upstream-box-10s-finite.jsonl,packingsolver_upstream_box,box portfolio,IMM:mpvgen_t8_n60:007,8,60,7,10.0,VALID_COMPLETE,True,11,,,TIME_LIMIT,10.114946393063292
B05-MPV-GEN-upstream-box-10s-finite.jsonl,packingsolver_upstream_box,box portfolio,IMM:mpvgen_t8_n60:008,8,60,8,10.0,VALID_COMPLETE,True,8,,,TIME_LIMIT,10.134040455101058
B05-MPV-GEN-upstream-box-10s-finite.jsonl,packingsolver_upstream_box,box portfolio,IMM:mpvgen_t8_n60:009,8,60,9,10.0,VALID_COMPLETE,True,10,,,TIME_LIMIT,23.510373466880992
B05-MPV-GEN-upstream-box-10s-finite.jsonl,packingsolver_upstream_box,box portfolio,IMM:mpvgen_t8_n60:010,8,60,10,10.0,VALID_COMPLETE,True,12,,,TIME_LIMIT,10.160191577859223
B05-MPV-GEN-upstream-box-10s-finite.jsonl,packingsolver_upstream_box,box portfolio,IMM:mpvgen_t8_n90:001,8,90,1,10.0,VALID_COMPLETE,True,11,,,TIME_LIMIT,10.280931367073208
B05-MPV-GEN-upstream-box-10s-finite.jsonl,packingsolver_upstream_box,box portfolio,IMM:mpvgen_t8_n90:002,8,90,2,10.0,VALID_COMPLETE,True,12,,,TIME_LIMIT,10.122024539858103
B05-MPV-GEN-upstream-box-10s-finite.jsonl,packingsolver_upstream_box,box portfolio,IMM:mpvgen_t8_n90:003,8,90,3,10.0,VALID_COMPLETE,True,18,,,TIME_LIMIT,10.09821243910119
B05-MPV-GEN-upstream-box-10s-finite.jsonl,packingsolver_upstream_box,box portfolio,IMM:mpvgen_t8_n90:004,8,90,4,10.0,VALID_COMPLETE,True,15,,,TIME_LIMIT,10.146699656033888
B05-MPV-GEN-upstream-box-10s-finite.jsonl,packingsolver_upstream_box,box portfolio,IMM:mpvgen_t8_n90:005,8,90,5,10.0,VALID_COMPLETE,True,15,,,TIME_LIMIT,10.155405410099775
B05-MPV-GEN-upstream-box-10s-finite.jsonl,packingsolver_upstream_box,box portfolio,IMM:mpvgen_t8_n90:006,8,90,6,10.0,VALID_COMPLETE,True,16,,,TIME_LIMIT,10.112610259093344
B05-MPV-GEN-upstream-box-10s-finite.jsonl,packingsolver_upstream_box,box portfolio,IMM:mpvgen_t8_n90:007,8,90,7,10.0,VALID_COMPLETE,True,16,,,TIME_LIMIT,10.169083314947784
B05-MPV-GEN-upstream-box-10s-finite.jsonl,packingsolver_upstream_box,box portfolio,IMM:mpvgen_t8_n90:008,8,90,8,10.0,VALID_COMPLETE,True,13,,,TIME_LIMIT,10.200825311010703
B05-MPV-GEN-upstream-box-10s-finite.jsonl,packingsolver_upstream_box,box portfolio,IMM:mpvgen_t8_n90:009,8,90,9,10.0,VALID_COMPLETE,True,16,,,TIME_LIMIT,10.2461282631848
B05-MPV-GEN-upstream-box-10s-finite.jsonl,packingsolver_upstream_box,box portfolio,IMM:mpvgen_t8_n90:010,8,90,10,10.0,VALID_COMPLETE,True,15,,,TIME_LIMIT,10.111070435028523
B05-MPV-GEN-upstream-box-10s-finite.jsonl,packingsolver_upstream_box,box portfolio,IMM:mpvgen_t9_n30:001,9,30,1,10.0,VALID_COMPLETE,True,3,,,COMPLETED,1.106361964950338
B05-MPV-GEN-upstream-box-10s-finite.jsonl,packingsolver_upstream_box,box portfolio,IMM:mpvgen_t9_n30:002,9,30,2,10.0,VALID_COMPLETE,True,3,,,COMPLETED,1.1326249490957707
B05-MPV-GEN-upstream-box-10s-finite.jsonl,packingsolver_upstream_box,box portfolio,IMM:mpvgen_t9_n30:003,9,30,3,10.0,VALID_COMPLETE,True,3,,,COMPLETED,2.0515779841225594
B05-MPV-GEN-upstream-box-10s-finite.jsonl,packingsolver_upstream_box,box portfolio,IMM:mpvgen_t9_n30:004,9,30,4,10.0,VALID_COMPLETE,True,3,,,COMPLETED,1.1475907331332564
B05-MPV-GEN-upstream-box-10s-finite.jsonl,packingsolver_upstream_box,box portfolio,IMM:mpvgen_t9_n30:005,9,30,5,10.0,VALID_COMPLETE,True,3,,,COMPLETED,1.0830361430998892
B05-MPV-GEN-upstream-box-10s-finite.jsonl,packingsolver_upstream_box,box portfolio,IMM:mpvgen_t9_n30:006,9,30,6,10.0,VALID_COMPLETE,True,3,,,COMPLETED,1.0428433229681104
B05-MPV-GEN-upstream-box-10s-finite.jsonl,packingsolver_upstream_box,box portfolio,IMM:mpvgen_t9_n30:007,9,30,7,10.0,VALID_COMPLETE,True,3,,,COMPLETED,1.0488613529596478
B05-MPV-GEN-upstream-box-10s-finite.jsonl,packingsolver_upstream_box,box portfolio,IMM:mpvgen_t9_n30:008,9,30,8,10.0,VALID_COMPLETE,True,3,,,COMPLETED,1.0764236829709262
B05-MPV-GEN-upstream-box-10s-finite.jsonl,packingsolver_upstream_box,box portfolio,IMM:mpvgen_t9_n30:009,9,30,9,10.0,VALID_COMPLETE,True,3,,,COMPLETED,1.0488107150886208
B05-MPV-GEN-upstream-box-10s-finite.jsonl,packingsolver_upstream_box,box portfolio,IMM:mpvgen_t9_n30:010,9,30,10,10.0,VALID_COMPLETE,True,3,,,COMPLETED,1.1315661401022226
B05-MPV-GEN-upstream-box-10s-finite.jsonl,packingsolver_upstream_box,box portfolio,IMM:mpvgen_t9_n60:001,9,60,1,10.0,VALID_COMPLETE,True,3,,,COMPLETED,1.0338567979633808
B05-MPV-GEN-upstream-box-10s-finite.jsonl,packingsolver_upstream_box,box portfolio,IMM:mpvgen_t9_n60:002,9,60,2,10.0,VALID_COMPLETE,True,4,,,TIME_LIMIT,10.041665558936074
B05-MPV-GEN-upstream-box-10s-finite.jsonl,packingsolver_upstream_box,box portfolio,IMM:mpvgen_t9_n60:003,9,60,3,10.0,VALID_COMPLETE,True,4,,,TIME_LIMIT,10.03922180691734
B05-MPV-GEN-upstream-box-10s-finite.jsonl,packingsolver_upstream_box,box portfolio,IMM:mpvgen_t9_n60:004,9,60,4,10.0,VALID_COMPLETE,True,4,,,TIME_LIMIT,10.03119541099295
B05-MPV-GEN-upstream-box-10s-finite.jsonl,packingsolver_upstream_box,box portfolio,IMM:mpvgen_t9_n60:005,9,60,5,10.0,VALID_COMPLETE,True,4,,,TIME_LIMIT,10.041914698900655
B05-MPV-GEN-upstream-box-10s-finite.jsonl,packingsolver_upstream_box,box portfolio,IMM:mpvgen_t9_n60:006,9,60,6,10.0,VALID_COMPLETE,True,4,,,TIME_LIMIT,10.040646702982485
B05-MPV-GEN-upstream-box-10s-finite.jsonl,packingsolver_upstream_box,box portfolio,IMM:mpvgen_t9_n60:007,9,60,7,10.0,VALID_COMPLETE,True,4,,,TIME_LIMIT,10.042087730951607
B05-MPV-GEN-upstream-box-10s-finite.jsonl,packingsolver_upstream_box,box portfolio,IMM:mpvgen_t9_n60:008,9,60,8,10.0,VALID_COMPLETE,True,4,,,TIME_LIMIT,10.05175530910492
B05-MPV-GEN-upstream-box-10s-finite.jsonl,packingsolver_upstream_box,box portfolio,IMM:mpvgen_t9_n60:009,9,60,9,10.0,VALID_COMPLETE,True,4,,,TIME_LIMIT,10.059208898805082
B05-MPV-GEN-upstream-box-10s-finite.jsonl,packingsolver_upstream_box,box portfolio,IMM:mpvgen_t9_n60:010,9,60,10,10.0,VALID_COMPLETE,True,4,,,TIME_LIMIT,10.04533768305555
B05-MPV-GEN-upstream-box-10s-finite.jsonl,packingsolver_upstream_box,box portfolio,IMM:mpvgen_t9_n90:001,9,90,1,10.0,VALID_COMPLETE,True,4,,,TIME_LIMIT,10.04803574201651
B05-MPV-GEN-upstream-box-10s-finite.jsonl,packingsolver_upstream_box,box portfolio,IMM:mpvgen_t9_n90:002,9,90,2,10.0,VALID_COMPLETE,True,4,,,TIME_LIMIT,10.080583391012624
B05-MPV-GEN-upstream-box-10s-finite.jsonl,packingsolver_upstream_box,box portfolio,IMM:mpvgen_t9_n90:003,9,90,3,10.0,VALID_COMPLETE,True,4,,,TIME_LIMIT,10.045701432973146
B05-MPV-GEN-upstream-box-10s-finite.jsonl,packingsolver_upstream_box,box portfolio,IMM:mpvgen_t9_n90:004,9,90,4,10.0,VALID_COMPLETE,True,4,,,TIME_LIMIT,10.045280569931492
B05-MPV-GEN-upstream-box-10s-finite.jsonl,packingsolver_upstream_box,box portfolio,IMM:mpvgen_t9_n90:005,9,90,5,10.0,VALID_COMPLETE,True,4,,,TIME_LIMIT,10.098869661102071
B05-MPV-GEN-upstream-box-10s-finite.jsonl,packingsolver_upstream_box,box portfolio,IMM:mpvgen_t9_n90:006,9,90,6,10.0,VALID_COMPLETE,True,4,,,TIME_LIMIT,10.039213033160195
B05-MPV-GEN-upstream-box-10s-finite.jsonl,packingsolver_upstream_box,box portfolio,IMM:mpvgen_t9_n90:007,9,90,7,10.0,VALID_COMPLETE,True,4,,,TIME_LIMIT,10.038537282962352
B05-MPV-GEN-upstream-box-10s-finite.jsonl,packingsolver_upstream_box,box portfolio,IMM:mpvgen_t9_n90:008,9,90,8,10.0,VALID_COMPLETE,True,4,,,TIME_LIMIT,10.032401352887973
B05-MPV-GEN-upstream-box-10s-finite.jsonl,packingsolver_upstream_box,box portfolio,IMM:mpvgen_t9_n90:009,9,90,9,10.0,VALID_COMPLETE,True,4,,,TIME_LIMIT,10.035392477875575
B05-MPV-GEN-upstream-box-10s-finite.jsonl,packingsolver_upstream_box,box portfolio,IMM:mpvgen_t9_n90:010,9,90,10,10.0,VALID_COMPLETE,True,4,,,TIME_LIMIT,10.037921837065369
B05-MPV-GEN-upstream-box-1s-finite.jsonl,packingsolver_upstream_box,box portfolio,IMM:mpvgen_t1_n30:001,1,30,1,1.0,VALID_COMPLETE,True,9,,,TIME_LIMIT,1.2922143440227956
B05-MPV-GEN-upstream-box-1s-finite.jsonl,packingsolver_upstream_box,box portfolio,IMM:mpvgen_t1_n30:002,1,30,2,1.0,VALID_COMPLETE,True,11,,,TIME_LIMIT,2.388626770116389
B05-MPV-GEN-upstream-box-1s-finite.jsonl,packingsolver_upstream_box,box portfolio,IMM:mpvgen_t1_n30:003,1,30,3,1.0,VALID_COMPLETE,True,8,,,TIME_LIMIT,1.2299000041093677
B05-MPV-GEN-upstream-box-1s-finite.jsonl,packingsolver_upstream_box,box portfolio,IMM:mpvgen_t1_n30:004,1,30,4,1.0,VALID_COMPLETE,True,7,,,TIME_LIMIT,1.1518275681883097
B05-MPV-GEN-upstream-box-1s-finite.jsonl,packingsolver_upstream_box,box portfolio,IMM:mpvgen_t1_n30:005,1,30,5,1.0,VALID_COMPLETE,True,10,,,TIME_LIMIT,1.3453409390058368
B05-MPV-GEN-upstream-box-1s-finite.jsonl,packingsolver_upstream_box,box portfolio,IMM:mpvgen_t1_n30:006,1,30,6,1.0,VALID_COMPLETE,True,7,,,TIME_LIMIT,1.1438872709404677
B05-MPV-GEN-upstream-box-1s-finite.jsonl,packingsolver_upstream_box,box portfolio,IMM:mpvgen_t1_n30:007,1,30,7,1.0,VALID_COMPLETE,True,8,,,TIME_LIMIT,1.1010552910156548
B05-MPV-GEN-upstream-box-1s-finite.jsonl,packingsolver_upstream_box,box portfolio,IMM:mpvgen_t1_n30:008,1,30,8,1.0,VALID_COMPLETE,True,9,,,TIME_LIMIT,2.0560362560208887
B05-MPV-GEN-upstream-box-1s-finite.jsonl,packingsolver_upstream_box,box portfolio,IMM:mpvgen_t1_n30:009,1,30,9,1.0,VALID_COMPLETE,True,9,,,TIME_LIMIT,1.4859043669421226
B05-MPV-GEN-upstream-box-1s-finite.jsonl,packingsolver_upstream_box,box portfolio,IMM:mpvgen_t1_n30:010,1,30,10,1.0,NO_SOLUTION,False,0,,,TIME_LIMIT,1.1907787309028208
B05-MPV-GEN-upstream-box-1s-finite.jsonl,packingsolver_upstream_box,box portfolio,IMM:mpvgen_t1_n60:001,1,60,1,1.0,VALID_COMPLETE,True,15,,,TIME_LIMIT,1.0298968839924783
B05-MPV-GEN-upstream-box-1s-finite.jsonl,packingsolver_upstream_box,box portfolio,IMM:mpvgen_t1_n60:002,1,60,2,1.0,VALID_COMPLETE,True,14,,,TIME_LIMIT,1.0564287721645087
B05-MPV-GEN-upstream-box-1s-finite.jsonl,packingsolver_upstream_box,box portfolio,IMM:mpvgen_t1_n60:003,1,60,3,1.0,VALID_COMPLETE,True,16,,,TIME_LIMIT,1.0305267020594329
B05-MPV-GEN-upstream-box-1s-finite.jsonl,packingsolver_upstream_box,box portfolio,IMM:mpvgen_t1_n60:004,1,60,4,1.0,VALID_COMPLETE,True,13,,,TIME_LIMIT,1.075927493860945
B05-MPV-GEN-upstream-box-1s-finite.jsonl,packingsolver_upstream_box,box portfolio,IMM:mpvgen_t1_n60:005,1,60,5,1.0,VALID_COMPLETE,True,18,,,TIME_LIMIT,1.095325537957251
B05-MPV-GEN-upstream-box-1s-finite.jsonl,packingsolver_upstream_box,box portfolio,IMM:mpvgen_t1_n60:006,1,60,6,1.0,VALID_COMPLETE,True,15,,,TIME_LIMIT,1.0706577950622886
B05-MPV-GEN-upstream-box-1s-finite.jsonl,packingsolver_upstream_box,box portfolio,IMM:mpvgen_t1_n60:007,1,60,7,1.0,VALID_COMPLETE,True,15,,,TIME_LIMIT,1.0516700849402696
B05-MPV-GEN-upstream-box-1s-finite.jsonl,packingsolver_upstream_box,box portfolio,IMM:mpvgen_t1_n60:008,1,60,8,1.0,VALID_COMPLETE,True,17,,,TIME_LIMIT,1.096216251840815
B05-MPV-GEN-upstream-box-1s-finite.jsonl,packingsolver_upstream_box,box portfolio,IMM:mpvgen_t1_n60:009,1,60,9,1.0,VALID_COMPLETE,True,15,,,TIME_LIMIT,1.0583817961160094
B05-MPV-GEN-upstream-box-1s-finite.jsonl,packingsolver_upstream_box,box portfolio,IMM:mpvgen_t1_n60:010,1,60,10,1.0,VALID_COMPLETE,True,15,,,TIME_LIMIT,1.182055938988924
B05-MPV-GEN-upstream-box-1s-finite.jsonl,packingsolver_upstream_box,box portfolio,IMM:mpvgen_t1_n90:001,1,90,1,1.0,VALID_COMPLETE,True,27,,,TIME_LIMIT,2.0091980330180377
B05-MPV-GEN-upstream-box-1s-finite.jsonl,packingsolver_upstream_box,box portfolio,IMM:mpvgen_t1_n90:002,1,90,2,1.0,VALID_COMPLETE,True,23,,,TIME_LIMIT,1.1096967780031264
B05-MPV-GEN-upstream-box-1s-finite.jsonl,packingsolver_upstream_box,box portfolio,IMM:mpvgen_t1_n90:003,1,90,3,1.0,VALID_COMPLETE,True,24,,,TIME_LIMIT,1.1123712840490043
B05-MPV-GEN-upstream-box-1s-finite.jsonl,packingsolver_upstream_box,box portfolio,IMM:mpvgen_t1_n90:004,1,90,4,1.0,VALID_COMPLETE,True,22,,,TIME_LIMIT,1.1190143150743097
B05-MPV-GEN-upstream-box-1s-finite.jsonl,packingsolver_upstream_box,box portfolio,IMM:mpvgen_t1_n90:005,1,90,5,1.0,VALID_COMPLETE,True,28,,,TIME_LIMIT,1.1966216240543872
B05-MPV-GEN-upstream-box-1s-finite.jsonl,packingsolver_upstream_box,box portfolio,IMM:mpvgen_t1_n90:006,1,90,6,1.0,VALID_COMPLETE,True,24,,,TIME_LIMIT,1.163109953980893
B05-MPV-GEN-upstream-box-1s-finite.jsonl,packingsolver_upstream_box,box portfolio,IMM:mpvgen_t1_n90:007,1,90,7,1.0,VALID_COMPLETE,True,22,,,TIME_LIMIT,1.118802122073248
B05-MPV-GEN-upstream-box-1s-finite.jsonl,packingsolver_upstream_box,box portfolio,IMM:mpvgen_t1_n90:008,1,90,8,1.0,VALID_COMPLETE,True,25,,,TIME_LIMIT,1.1341548289638013
B05-MPV-GEN-upstream-box-1s-finite.jsonl,packingsolver_upstream_box,box portfolio,IMM:mpvgen_t1_n90:009,1,90,9,1.0,VALID_COMPLETE,True,27,,,TIME_LIMIT,1.3776525841094553
B05-MPV-GEN-upstream-box-1s-finite.jsonl,packingsolver_upstream_box,box portfolio,IMM:mpvgen_t1_n90:010,1,90,10,1.0,VALID_COMPLETE,True,24,,,TIME_LIMIT,1.1203958941623569
B05-MPV-GEN-upstream-box-1s-finite.jsonl,packingsolver_upstream_box,box portfolio,IMM:mpvgen_t6_n30:001,6,30,1,1.0,NO_SOLUTION,False,0,,,TIME_LIMIT,2.6585259118583053
B05-MPV-GEN-upstream-box-1s-finite.jsonl,packingsolver_upstream_box,box portfolio,IMM:mpvgen_t6_n30:002,6,30,2,1.0,NO_SOLUTION,False,0,,,TIME_LIMIT,3.05368130793795
B05-MPV-GEN-upstream-box-1s-finite.jsonl,packingsolver_upstream_box,box portfolio,IMM:mpvgen_t6_n30:003,6,30,3,1.0,NO_SOLUTION,False,0,,,TIME_LIMIT,2.806042732903734
B05-MPV-GEN-upstream-box-1s-finite.jsonl,packingsolver_upstream_box,box portfolio,IMM:mpvgen_t6_n30:004,6,30,4,1.0,NO_SOLUTION,False,0,,,TIME_LIMIT,2.561140652978793
B05-MPV-GEN-upstream-box-1s-finite.jsonl,packingsolver_upstream_box,box portfolio,IMM:mpvgen_t6_n30:005,6,30,5,1.0,NO_SOLUTION,False,0,,,TIME_LIMIT,2.253931673010811
B05-MPV-GEN-upstream-box-1s-finite.jsonl,packingsolver_upstream_box,box portfolio,IMM:mpvgen_t6_n30:006,6,30,6,1.0,NO_SOLUTION,False,0,,,TIME_LIMIT,2.704161471920088
B05-MPV-GEN-upstream-box-1s-finite.jsonl,packingsolver_upstream_box,box portfolio,IMM:mpvgen_t6_n30:007,6,30,7,1.0,NO_SOLUTION,False,0,,,TIME_LIMIT,2.1426235439721495
B05-MPV-GEN-upstream-box-1s-finite.jsonl,packingsolver_upstream_box,box portfolio,IMM:mpvgen_t6_n30:008,6,30,8,1.0,NO_SOLUTION,False,0,,,TIME_LIMIT,2.082617268897593
B05-MPV-GEN-upstream-box-1s-finite.jsonl,packingsolver_upstream_box,box portfolio,IMM:mpvgen_t6_n30:009,6,30,9,1.0,NO_SOLUTION,False,0,,,TIME_LIMIT,2.2517197320703417
B05-MPV-GEN-upstream-box-1s-finite.jsonl,packingsolver_upstream_box,box portfolio,IMM:mpvgen_t6_n30:010,6,30,10,1.0,NO_SOLUTION,False,0,,,TIME_LIMIT,1.9359778431244195
B05-MPV-GEN-upstream-box-1s-finite.jsonl,packingsolver_upstream_box,box portfolio,IMM:mpvgen_t6_n60:001,6,60,1,1.0,NO_SOLUTION,False,0,,,TIME_LIMIT,1.800363641930744
B05-MPV-GEN-upstream-box-1s-finite.jsonl,packingsolver_upstream_box,box portfolio,IMM:mpvgen_t6_n60:002,6,60,2,1.0,NO_SOLUTION,False,0,,,TIME_LIMIT,1.9915685690939426
B05-MPV-GEN-upstream-box-1s-finite.jsonl,packingsolver_upstream_box,box portfolio,IMM:mpvgen_t6_n60:003,6,60,3,1.0,NO_SOLUTION,False,0,,,TIME_LIMIT,1.8815607640426606
B05-MPV-GEN-upstream-box-1s-finite.jsonl,packingsolver_upstream_box,box portfolio,IMM:mpvgen_t6_n60:004,6,60,4,1.0,NO_SOLUTION,False,0,,,TIME_LIMIT,2.006395594915375
B05-MPV-GEN-upstream-box-1s-finite.jsonl,packingsolver_upstream_box,box portfolio,IMM:mpvgen_t6_n60:005,6,60,5,1.0,NO_SOLUTION,False,0,,,TIME_LIMIT,2.237370267044753
B05-MPV-GEN-upstream-box-1s-finite.jsonl,packingsolver_upstream_box,box portfolio,IMM:mpvgen_t6_n60:006,6,60,6,1.0,NO_SOLUTION,False,0,,,TIME_LIMIT,2.3579239901155233
B05-MPV-GEN-upstream-box-1s-finite.jsonl,packingsolver_upstream_box,box portfolio,IMM:mpvgen_t6_n60:007,6,60,7,1.0,NO_SOLUTION,False,0,,,TIME_LIMIT,2.225898002041504
B05-MPV-GEN-upstream-box-1s-finite.jsonl,packingsolver_upstream_box,box portfolio,IMM:mpvgen_t6_n60:008,6,60,8,1.0,NO_SOLUTION,False,0,,,TIME_LIMIT,2.101795125985518
B05-MPV-GEN-upstream-box-1s-finite.jsonl,packingsolver_upstream_box,box portfolio,IMM:mpvgen_t6_n60:009,6,60,9,1.0,NO_SOLUTION,False,0,,,TIME_LIMIT,1.738557409029454
B05-MPV-GEN-upstream-box-1s-finite.jsonl,packingsolver_upstream_box,box portfolio,IMM:mpvgen_t6_n60:010,6,60,10,1.0,NO_SOLUTION,False,0,,,TIME_LIMIT,2.1430782249663025
B05-MPV-GEN-upstream-box-1s-finite.jsonl,packingsolver_upstream_box,box portfolio,IMM:mpvgen_t6_n90:001,6,90,1,1.0,NO_SOLUTION,False,0,,,TIME_LIMIT,1.784985909005627
B05-MPV-GEN-upstream-box-1s-finite.jsonl,packingsolver_upstream_box,box portfolio,IMM:mpvgen_t6_n90:002,6,90,2,1.0,NO_SOLUTION,False,0,,,TIME_LIMIT,1.9399722418747842
B05-MPV-GEN-upstream-box-1s-finite.jsonl,packingsolver_upstream_box,box portfolio,IMM:mpvgen_t6_n90:003,6,90,3,1.0,NO_SOLUTION,False,0,,,TIME_LIMIT,1.7228146179113537
B05-MPV-GEN-upstream-box-1s-finite.jsonl,packingsolver_upstream_box,box portfolio,IMM:mpvgen_t6_n90:004,6,90,4,1.0,NO_SOLUTION,False,0,,,TIME_LIMIT,2.034702339908108
B05-MPV-GEN-upstream-box-1s-finite.jsonl,packingsolver_upstream_box,box portfolio,IMM:mpvgen_t6_n90:005,6,90,5,1.0,NO_SOLUTION,False,0,,,TIME_LIMIT,1.7243368630297482
B05-MPV-GEN-upstream-box-1s-finite.jsonl,packingsolver_upstream_box,box portfolio,IMM:mpvgen_t6_n90:006,6,90,6,1.0,NO_SOLUTION,False,0,,,TIME_LIMIT,2.0074854160193354
B05-MPV-GEN-upstream-box-1s-finite.jsonl,packingsolver_upstream_box,box portfolio,IMM:mpvgen_t6_n90:007,6,90,7,1.0,NO_SOLUTION,False,0,,,TIME_LIMIT,1.7766511389054358
B05-MPV-GEN-upstream-box-1s-finite.jsonl,packingsolver_upstream_box,box portfolio,IMM:mpvgen_t6_n90:008,6,90,8,1.0,NO_SOLUTION,False,0,,,TIME_LIMIT,1.7950438330881298
B05-MPV-GEN-upstream-box-1s-finite.jsonl,packingsolver_upstream_box,box portfolio,IMM:mpvgen_t6_n90:009,6,90,9,1.0,NO_SOLUTION,False,0,,,TIME_LIMIT,1.8710565860383213
B05-MPV-GEN-upstream-box-1s-finite.jsonl,packingsolver_upstream_box,box portfolio,IMM:mpvgen_t6_n90:010,6,90,10,1.0,NO_SOLUTION,False,0,,,TIME_LIMIT,1.7051486261188984
B05-MPV-GEN-upstream-box-1s-finite.jsonl,packingsolver_upstream_box,box portfolio,IMM:mpvgen_t7_n30:001,7,30,1,1.0,NO_SOLUTION,False,0,,,TIME_LIMIT,1.9912531760055572
B05-MPV-GEN-upstream-box-1s-finite.jsonl,packingsolver_upstream_box,box portfolio,IMM:mpvgen_t7_n30:002,7,30,2,1.0,NO_SOLUTION,False,0,,,TIME_LIMIT,2.4855590618681163
B05-MPV-GEN-upstream-box-1s-finite.jsonl,packingsolver_upstream_box,box portfolio,IMM:mpvgen_t7_n30:003,7,30,3,1.0,NO_SOLUTION,False,0,,,TIME_LIMIT,1.9830043059773743
B05-MPV-GEN-upstream-box-1s-finite.jsonl,packingsolver_upstream_box,box portfolio,IMM:mpvgen_t7_n30:004,7,30,4,1.0,NO_SOLUTION,False,0,,,TIME_LIMIT,1.9756474231835455
B05-MPV-GEN-upstream-box-1s-finite.jsonl,packingsolver_upstream_box,box portfolio,IMM:mpvgen_t7_n30:005,7,30,5,1.0,NO_SOLUTION,False,0,,,TIME_LIMIT,2.291120915906504
B05-MPV-GEN-upstream-box-1s-finite.jsonl,packingsolver_upstream_box,box portfolio,IMM:mpvgen_t7_n30:006,7,30,6,1.0,NO_SOLUTION,False,0,,,TIME_LIMIT,2.0155117919202894
B05-MPV-GEN-upstream-box-1s-finite.jsonl,packingsolver_upstream_box,box portfolio,IMM:mpvgen_t7_n30:007,7,30,7,1.0,NO_SOLUTION,False,0,,,TIME_LIMIT,2.194039847003296
B05-MPV-GEN-upstream-box-1s-finite.jsonl,packingsolver_upstream_box,box portfolio,IMM:mpvgen_t7_n30:008,7,30,8,1.0,NO_SOLUTION,False,0,,,TIME_LIMIT,2.116568449884653
B05-MPV-GEN-upstream-box-1s-finite.jsonl,packingsolver_upstream_box,box portfolio,IMM:mpvgen_t7_n30:009,7,30,9,1.0,NO_SOLUTION,False,0,,,TIME_LIMIT,2.141747070942074
B05-MPV-GEN-upstream-box-1s-finite.jsonl,packingsolver_upstream_box,box portfolio,IMM:mpvgen_t7_n30:010,7,30,10,1.0,NO_SOLUTION,False,0,,,TIME_LIMIT,2.1618166340049356
B05-MPV-GEN-upstream-box-1s-finite.jsonl,packingsolver_upstream_box,box portfolio,IMM:mpvgen_t7_n60:001,7,60,1,1.0,NO_SOLUTION,False,0,,,TIME_LIMIT,1.9485215619206429
B05-MPV-GEN-upstream-box-1s-finite.jsonl,packingsolver_upstream_box,box portfolio,IMM:mpvgen_t7_n60:002,7,60,2,1.0,NO_SOLUTION,False,0,,,TIME_LIMIT,1.6742883860133588
B05-MPV-GEN-upstream-box-1s-finite.jsonl,packingsolver_upstream_box,box portfolio,IMM:mpvgen_t7_n60:003,7,60,3,1.0,NO_SOLUTION,False,0,,,TIME_LIMIT,1.7566862979438156
B05-MPV-GEN-upstream-box-1s-finite.jsonl,packingsolver_upstream_box,box portfolio,IMM:mpvgen_t7_n60:004,7,60,4,1.0,NO_SOLUTION,False,0,,,TIME_LIMIT,1.7135803089477122
B05-MPV-GEN-upstream-box-1s-finite.jsonl,packingsolver_upstream_box,box portfolio,IMM:mpvgen_t7_n60:005,7,60,5,1.0,NO_SOLUTION,False,0,,,TIME_LIMIT,2.435191712807864
B05-MPV-GEN-upstream-box-1s-finite.jsonl,packingsolver_upstream_box,box portfolio,IMM:mpvgen_t7_n60:006,7,60,6,1.0,NO_SOLUTION,False,0,,,TIME_LIMIT,1.8267857858445495
B05-MPV-GEN-upstream-box-1s-finite.jsonl,packingsolver_upstream_box,box portfolio,IMM:mpvgen_t7_n60:007,7,60,7,1.0,NO_SOLUTION,False,0,,,TIME_LIMIT,1.8410692131146789
B05-MPV-GEN-upstream-box-1s-finite.jsonl,packingsolver_upstream_box,box portfolio,IMM:mpvgen_t7_n60:008,7,60,8,1.0,NO_SOLUTION,False,0,,,TIME_LIMIT,1.9784341980703175
B05-MPV-GEN-upstream-box-1s-finite.jsonl,packingsolver_upstream_box,box portfolio,IMM:mpvgen_t7_n60:009,7,60,9,1.0,NO_SOLUTION,False,0,,,TIME_LIMIT,1.8096528421156108
B05-MPV-GEN-upstream-box-1s-finite.jsonl,packingsolver_upstream_box,box portfolio,IMM:mpvgen_t7_n60:010,7,60,10,1.0,NO_SOLUTION,False,0,,,TIME_LIMIT,1.6510925418697298
B05-MPV-GEN-upstream-box-1s-finite.jsonl,packingsolver_upstream_box,box portfolio,IMM:mpvgen_t7_n90:001,7,90,1,1.0,NO_SOLUTION,False,0,,,TIME_LIMIT,1.6652997080236673
B05-MPV-GEN-upstream-box-1s-finite.jsonl,packingsolver_upstream_box,box portfolio,IMM:mpvgen_t7_n90:002,7,90,2,1.0,NO_SOLUTION,False,0,,,TIME_LIMIT,1.6581212119199336
B05-MPV-GEN-upstream-box-1s-finite.jsonl,packingsolver_upstream_box,box portfolio,IMM:mpvgen_t7_n90:003,7,90,3,1.0,NO_SOLUTION,False,0,,,TIME_LIMIT,1.69624117994681
B05-MPV-GEN-upstream-box-1s-finite.jsonl,packingsolver_upstream_box,box portfolio,IMM:mpvgen_t7_n90:004,7,90,4,1.0,NO_SOLUTION,False,0,,,TIME_LIMIT,2.1776051139459014
B05-MPV-GEN-upstream-box-1s-finite.jsonl,packingsolver_upstream_box,box portfolio,IMM:mpvgen_t7_n90:005,7,90,5,1.0,NO_SOLUTION,False,0,,,TIME_LIMIT,1.631077165948227
B05-MPV-GEN-upstream-box-1s-finite.jsonl,packingsolver_upstream_box,box portfolio,IMM:mpvgen_t7_n90:006,7,90,6,1.0,NO_SOLUTION,False,0,,,TIME_LIMIT,2.4963041220325977
B05-MPV-GEN-upstream-box-1s-finite.jsonl,packingsolver_upstream_box,box portfolio,IMM:mpvgen_t7_n90:007,7,90,7,1.0,NO_SOLUTION,False,0,,,TIME_LIMIT,2.3198634278960526
B05-MPV-GEN-upstream-box-1s-finite.jsonl,packingsolver_upstream_box,box portfolio,IMM:mpvgen_t7_n90:008,7,90,8,1.0,NO_SOLUTION,False,0,,,TIME_LIMIT,2.562607605010271
B05-MPV-GEN-upstream-box-1s-finite.jsonl,packingsolver_upstream_box,box portfolio,IMM:mpvgen_t7_n90:009,7,90,9,1.0,NO_SOLUTION,False,0,,,TIME_LIMIT,2.188584418967366
B05-MPV-GEN-upstream-box-1s-finite.jsonl,packingsolver_upstream_box,box portfolio,IMM:mpvgen_t7_n90:010,7,90,10,1.0,NO_SOLUTION,False,0,,,TIME_LIMIT,2.3965643430128694
B05-MPV-GEN-upstream-box-1s-finite.jsonl,packingsolver_upstream_box,box portfolio,IMM:mpvgen_t8_n30:001,8,30,1,1.0,VALID_COMPLETE,True,5,,,TIME_LIMIT,1.2231601721141487
B05-MPV-GEN-upstream-box-1s-finite.jsonl,packingsolver_upstream_box,box portfolio,IMM:mpvgen_t8_n30:002,8,30,2,1.0,VALID_COMPLETE,True,5,,,TIME_LIMIT,1.151668478967622
B05-MPV-GEN-upstream-box-1s-finite.jsonl,packingsolver_upstream_box,box portfolio,IMM:mpvgen_t8_n30:003,8,30,3,1.0,VALID_COMPLETE,True,8,,,TIME_LIMIT,1.3289490740280598
B05-MPV-GEN-upstream-box-1s-finite.jsonl,packingsolver_upstream_box,box portfolio,IMM:mpvgen_t8_n30:004,8,30,4,1.0,VALID_COMPLETE,True,5,,,TIME_LIMIT,1.2963152169249952
B05-MPV-GEN-upstream-box-1s-finite.jsonl,packingsolver_upstream_box,box portfolio,IMM:mpvgen_t8_n30:005,8,30,5,1.0,VALID_COMPLETE,True,7,,,TIME_LIMIT,2.668881443096325
B05-MPV-GEN-upstream-box-1s-finite.jsonl,packingsolver_upstream_box,box portfolio,IMM:mpvgen_t8_n30:006,8,30,6,1.0,VALID_COMPLETE,True,6,,,TIME_LIMIT,2.610725431004539
B05-MPV-GEN-upstream-box-1s-finite.jsonl,packingsolver_upstream_box,box portfolio,IMM:mpvgen_t8_n30:007,8,30,7,1.0,VALID_COMPLETE,True,5,,,TIME_LIMIT,3.351089895935729
B05-MPV-GEN-upstream-box-1s-finite.jsonl,packingsolver_upstream_box,box portfolio,IMM:mpvgen_t8_n30:008,8,30,8,1.0,VALID_COMPLETE,True,5,,,TIME_LIMIT,4.178578886203468
B05-MPV-GEN-upstream-box-1s-finite.jsonl,packingsolver_upstream_box,box portfolio,IMM:mpvgen_t8_n30:009,8,30,9,1.0,VALID_COMPLETE,True,9,,,TIME_LIMIT,3.8328274020459503
B05-MPV-GEN-upstream-box-1s-finite.jsonl,packingsolver_upstream_box,box portfolio,IMM:mpvgen_t8_n30:010,8,30,10,1.0,VALID_COMPLETE,True,5,,,TIME_LIMIT,1.7162279530894011
B05-MPV-GEN-upstream-box-1s-finite.jsonl,packingsolver_upstream_box,box portfolio,IMM:mpvgen_t8_n60:001,8,60,1,1.0,VALID_COMPLETE,True,13,,,TIME_LIMIT,1.034616026096046
B05-MPV-GEN-upstream-box-1s-finite.jsonl,packingsolver_upstream_box,box portfolio,IMM:mpvgen_t8_n60:002,8,60,2,1.0,VALID_COMPLETE,True,14,,,TIME_LIMIT,1.0410157199949026
B05-MPV-GEN-upstream-box-1s-finite.jsonl,packingsolver_upstream_box,box portfolio,IMM:mpvgen_t8_n60:003,8,60,3,1.0,VALID_COMPLETE,True,12,,,TIME_LIMIT,1.0428047610912472
B05-MPV-GEN-upstream-box-1s-finite.jsonl,packingsolver_upstream_box,box portfolio,IMM:mpvgen_t8_n60:004,8,60,4,1.0,VALID_COMPLETE,True,9,,,TIME_LIMIT,1.111097080167383
B05-MPV-GEN-upstream-box-1s-finite.jsonl,packingsolver_upstream_box,box portfolio,IMM:mpvgen_t8_n60:005,8,60,5,1.0,VALID_COMPLETE,True,12,,,TIME_LIMIT,1.0908865118399262
B05-MPV-GEN-upstream-box-1s-finite.jsonl,packingsolver_upstream_box,box portfolio,IMM:mpvgen_t8_n60:006,8,60,6,1.0,VALID_COMPLETE,True,10,,,TIME_LIMIT,1.1063761399127543
B05-MPV-GEN-upstream-box-1s-finite.jsonl,packingsolver_upstream_box,box portfolio,IMM:mpvgen_t8_n60:007,8,60,7,1.0,VALID_COMPLETE,True,11,,,TIME_LIMIT,1.096754503203556
B05-MPV-GEN-upstream-box-1s-finite.jsonl,packingsolver_upstream_box,box portfolio,IMM:mpvgen_t8_n60:008,8,60,8,1.0,VALID_COMPLETE,True,8,,,TIME_LIMIT,1.0423058790620416
B05-MPV-GEN-upstream-box-1s-finite.jsonl,packingsolver_upstream_box,box portfolio,IMM:mpvgen_t8_n60:009,8,60,9,1.0,VALID_COMPLETE,True,10,,,TIME_LIMIT,1.0676716638263315
B05-MPV-GEN-upstream-box-1s-finite.jsonl,packingsolver_upstream_box,box portfolio,IMM:mpvgen_t8_n60:010,8,60,10,1.0,VALID_COMPLETE,True,12,,,TIME_LIMIT,1.092661697883159
B05-MPV-GEN-upstream-box-1s-finite.jsonl,packingsolver_upstream_box,box portfolio,IMM:mpvgen_t8_n90:001,8,90,1,1.0,VALID_COMPLETE,True,12,,,TIME_LIMIT,1.135109633905813
B05-MPV-GEN-upstream-box-1s-finite.jsonl,packingsolver_upstream_box,box portfolio,IMM:mpvgen_t8_n90:002,8,90,2,1.0,VALID_COMPLETE,True,12,,,TIME_LIMIT,1.1318233059719205
B05-MPV-GEN-upstream-box-1s-finite.jsonl,packingsolver_upstream_box,box portfolio,IMM:mpvgen_t8_n90:003,8,90,3,1.0,VALID_COMPLETE,True,18,,,TIME_LIMIT,1.130546802887693
B05-MPV-GEN-upstream-box-1s-finite.jsonl,packingsolver_upstream_box,box portfolio,IMM:mpvgen_t8_n90:004,8,90,4,1.0,VALID_COMPLETE,True,15,,,TIME_LIMIT,1.1204971729312092
B05-MPV-GEN-upstream-box-1s-finite.jsonl,packingsolver_upstream_box,box portfolio,IMM:mpvgen_t8_n90:005,8,90,5,1.0,VALID_COMPLETE,True,15,,,TIME_LIMIT,1.2023752790410072
B05-MPV-GEN-upstream-box-1s-finite.jsonl,packingsolver_upstream_box,box portfolio,IMM:mpvgen_t8_n90:006,8,90,6,1.0,VALID_COMPLETE,True,16,,,TIME_LIMIT,1.1707092730794102
B05-MPV-GEN-upstream-box-1s-finite.jsonl,packingsolver_upstream_box,box portfolio,IMM:mpvgen_t8_n90:007,8,90,7,1.0,VALID_COMPLETE,True,17,,,TIME_LIMIT,1.0905764349736273
B05-MPV-GEN-upstream-box-1s-finite.jsonl,packingsolver_upstream_box,box portfolio,IMM:mpvgen_t8_n90:008,8,90,8,1.0,VALID_COMPLETE,True,14,,,TIME_LIMIT,1.0973901140969247
B05-MPV-GEN-upstream-box-1s-finite.jsonl,packingsolver_upstream_box,box portfolio,IMM:mpvgen_t8_n90:009,8,90,9,1.0,VALID_COMPLETE,True,16,,,TIME_LIMIT,1.100921656936407
B05-MPV-GEN-upstream-box-1s-finite.jsonl,packingsolver_upstream_box,box portfolio,IMM:mpvgen_t8_n90:010,8,90,10,1.0,VALID_COMPLETE,True,15,,,TIME_LIMIT,1.0950570518616587
B05-MPV-GEN-upstream-box-1s-finite.jsonl,packingsolver_upstream_box,box portfolio,IMM:mpvgen_t9_n30:001,9,30,1,1.0,VALID_COMPLETE,True,3,,,TIME_LIMIT,1.1423389369156212
B05-MPV-GEN-upstream-box-1s-finite.jsonl,packingsolver_upstream_box,box portfolio,IMM:mpvgen_t9_n30:002,9,30,2,1.0,VALID_COMPLETE,True,3,,,TIME_LIMIT,1.0730630608741194
B05-MPV-GEN-upstream-box-1s-finite.jsonl,packingsolver_upstream_box,box portfolio,IMM:mpvgen_t9_n30:003,9,30,3,1.0,VALID_COMPLETE,True,3,,,TIME_LIMIT,1.044009739998728
B05-MPV-GEN-upstream-box-1s-finite.jsonl,packingsolver_upstream_box,box portfolio,IMM:mpvgen_t9_n30:004,9,30,4,1.0,VALID_COMPLETE,True,3,,,TIME_LIMIT,1.0541170788928866
B05-MPV-GEN-upstream-box-1s-finite.jsonl,packingsolver_upstream_box,box portfolio,IMM:mpvgen_t9_n30:005,9,30,5,1.0,VALID_COMPLETE,True,3,,,TIME_LIMIT,1.0322715961374342
B05-MPV-GEN-upstream-box-1s-finite.jsonl,packingsolver_upstream_box,box portfolio,IMM:mpvgen_t9_n30:006,9,30,6,1.0,VALID_COMPLETE,True,3,,,TIME_LIMIT,1.0565859279595315
B05-MPV-GEN-upstream-box-1s-finite.jsonl,packingsolver_upstream_box,box portfolio,IMM:mpvgen_t9_n30:007,9,30,7,1.0,VALID_COMPLETE,True,3,,,TIME_LIMIT,1.0354649380315095
B05-MPV-GEN-upstream-box-1s-finite.jsonl,packingsolver_upstream_box,box portfolio,IMM:mpvgen_t9_n30:008,9,30,8,1.0,VALID_COMPLETE,True,3,,,TIME_LIMIT,1.0430306349880993
B05-MPV-GEN-upstream-box-1s-finite.jsonl,packingsolver_upstream_box,box portfolio,IMM:mpvgen_t9_n30:009,9,30,9,1.0,VALID_COMPLETE,True,3,,,TIME_LIMIT,1.0297229278367013
B05-MPV-GEN-upstream-box-1s-finite.jsonl,packingsolver_upstream_box,box portfolio,IMM:mpvgen_t9_n30:010,9,30,10,1.0,VALID_COMPLETE,True,3,,,TIME_LIMIT,1.0330365800764412
B05-MPV-GEN-upstream-box-1s-finite.jsonl,packingsolver_upstream_box,box portfolio,IMM:mpvgen_t9_n60:001,9,60,1,1.0,VALID_COMPLETE,True,3,,,TIME_LIMIT,1.0087378991302103
B05-MPV-GEN-upstream-box-1s-finite.jsonl,packingsolver_upstream_box,box portfolio,IMM:mpvgen_t9_n60:002,9,60,2,1.0,VALID_COMPLETE,True,4,,,TIME_LIMIT,1.0209180500824004
B05-MPV-GEN-upstream-box-1s-finite.jsonl,packingsolver_upstream_box,box portfolio,IMM:mpvgen_t9_n60:003,9,60,3,1.0,VALID_COMPLETE,True,4,,,TIME_LIMIT,1.0136860178317875
B05-MPV-GEN-upstream-box-1s-finite.jsonl,packingsolver_upstream_box,box portfolio,IMM:mpvgen_t9_n60:004,9,60,4,1.0,VALID_COMPLETE,True,4,,,TIME_LIMIT,1.0218912679702044
B05-MPV-GEN-upstream-box-1s-finite.jsonl,packingsolver_upstream_box,box portfolio,IMM:mpvgen_t9_n60:005,9,60,5,1.0,VALID_COMPLETE,True,4,,,TIME_LIMIT,1.0328290811739862
B05-MPV-GEN-upstream-box-1s-finite.jsonl,packingsolver_upstream_box,box portfolio,IMM:mpvgen_t9_n60:006,9,60,6,1.0,VALID_COMPLETE,True,4,,,TIME_LIMIT,1.0332614369690418
B05-MPV-GEN-upstream-box-1s-finite.jsonl,packingsolver_upstream_box,box portfolio,IMM:mpvgen_t9_n60:007,9,60,7,1.0,VALID_COMPLETE,True,4,,,TIME_LIMIT,1.0524912648834288
B05-MPV-GEN-upstream-box-1s-finite.jsonl,packingsolver_upstream_box,box portfolio,IMM:mpvgen_t9_n60:008,9,60,8,1.0,VALID_COMPLETE,True,4,,,TIME_LIMIT,1.0798601668793708
B05-MPV-GEN-upstream-box-1s-finite.jsonl,packingsolver_upstream_box,box portfolio,IMM:mpvgen_t9_n60:009,9,60,9,1.0,VALID_COMPLETE,True,4,,,TIME_LIMIT,1.0376459539402276
B05-MPV-GEN-upstream-box-1s-finite.jsonl,packingsolver_upstream_box,box portfolio,IMM:mpvgen_t9_n60:010,9,60,10,1.0,VALID_COMPLETE,True,4,,,TIME_LIMIT,1.0428751548752189
B05-MPV-GEN-upstream-box-1s-finite.jsonl,packingsolver_upstream_box,box portfolio,IMM:mpvgen_t9_n90:001,9,90,1,1.0,VALID_COMPLETE,True,4,,,TIME_LIMIT,1.0483195930719376
B05-MPV-GEN-upstream-box-1s-finite.jsonl,packingsolver_upstream_box,box portfolio,IMM:mpvgen_t9_n90:002,9,90,2,1.0,VALID_COMPLETE,True,4,,,TIME_LIMIT,1.0632112179882824
B05-MPV-GEN-upstream-box-1s-finite.jsonl,packingsolver_upstream_box,box portfolio,IMM:mpvgen_t9_n90:003,9,90,3,1.0,VALID_COMPLETE,True,4,,,TIME_LIMIT,1.0761596420779824
B05-MPV-GEN-upstream-box-1s-finite.jsonl,packingsolver_upstream_box,box portfolio,IMM:mpvgen_t9_n90:004,9,90,4,1.0,VALID_COMPLETE,True,4,,,TIME_LIMIT,1.056658259127289
B05-MPV-GEN-upstream-box-1s-finite.jsonl,packingsolver_upstream_box,box portfolio,IMM:mpvgen_t9_n90:005,9,90,5,1.0,VALID_COMPLETE,True,4,,,TIME_LIMIT,1.0439389529637992
B05-MPV-GEN-upstream-box-1s-finite.jsonl,packingsolver_upstream_box,box portfolio,IMM:mpvgen_t9_n90:006,9,90,6,1.0,VALID_COMPLETE,True,5,,,TIME_LIMIT,1.0425906211603433
B05-MPV-GEN-upstream-box-1s-finite.jsonl,packingsolver_upstream_box,box portfolio,IMM:mpvgen_t9_n90:007,9,90,7,1.0,VALID_COMPLETE,True,4,,,TIME_LIMIT,1.02282382408157
B05-MPV-GEN-upstream-box-1s-finite.jsonl,packingsolver_upstream_box,box portfolio,IMM:mpvgen_t9_n90:008,9,90,8,1.0,VALID_COMPLETE,True,4,,,TIME_LIMIT,1.0224453578703105
B05-MPV-GEN-upstream-box-1s-finite.jsonl,packingsolver_upstream_box,box portfolio,IMM:mpvgen_t9_n90:009,9,90,9,1.0,VALID_COMPLETE,True,4,,,TIME_LIMIT,1.0624624348711222
B05-MPV-GEN-upstream-box-1s-finite.jsonl,packingsolver_upstream_box,box portfolio,IMM:mpvgen_t9_n90:010,9,90,10,1.0,VALID_COMPLETE,True,4,,,TIME_LIMIT,1.0307767591439188
