{
  "campaign_version": "crosslang-1",
  "library": "iyulab/u-nesting",
  "commit": "8cde85b029e4ade663185dacb93fd74440af170d",
  "language": "Rust",
  "toolchain": "rustc 1.98.0 (88d9e12ae 2026-08-18)",
  "algorithm": "ExtremePoint; repeated single-boundary adapter",
  "scenario": "reliability-base-512-1",
  "capability_status": "ADAPTER_MULTI_BIN",
  "capability_note": "u-nesting accepts one Boundary3D; full THPACK9 is repeated single-boundary adapter calls",
  "parameters": {
    "placement_rule": "first feasible orientation at first feasible extreme point",
    "rayon_num_threads_env": "1",
    "seed_applicable": false,
    "seed_effective": false,
    "seed_requested": 42,
    "strategy_requested": "extremepoint",
    "time_limit_effective": false,
    "time_limit_ms_requested_per_bin": 10000
  },
  "bins": [
    {
      "id": "bin-000",
      "size": [
        10.0,
        10.0,
        10.0
      ],
      "max_weight": 513.0,
      "cost": 1.0
    },
    {
      "id": "bin-001",
      "size": [
        10.0,
        10.0,
        10.0
      ],
      "max_weight": 513.0,
      "cost": 1.0
    },
    {
      "id": "bin-002",
      "size": [
        10.0,
        10.0,
        10.0
      ],
      "max_weight": 513.0,
      "cost": 1.0
    },
    {
      "id": "bin-003",
      "size": [
        10.0,
        10.0,
        10.0
      ],
      "max_weight": 513.0,
      "cost": 1.0
    },
    {
      "id": "bin-004",
      "size": [
        10.0,
        10.0,
        10.0
      ],
      "max_weight": 513.0,
      "cost": 1.0
    },
    {
      "id": "bin-005",
      "size": [
        10.0,
        10.0,
        10.0
      ],
      "max_weight": 513.0,
      "cost": 1.0
    },
    {
      "id": "bin-006",
      "size": [
        10.0,
        10.0,
        10.0
      ],
      "max_weight": 513.0,
      "cost": 1.0
    },
    {
      "id": "bin-007",
      "size": [
        10.0,
        10.0,
        10.0
      ],
      "max_weight": 513.0,
      "cost": 1.0
    },
    {
      "id": "bin-008",
      "size": [
        10.0,
        10.0,
        10.0
      ],
      "max_weight": 513.0,
      "cost": 1.0
    },
    {
      "id": "bin-009",
      "size": [
        10.0,
        10.0,
        10.0
      ],
      "max_weight": 513.0,
      "cost": 1.0
    },
    {
      "id": "bin-010",
      "size": [
        10.0,
        10.0,
        10.0
      ],
      "max_weight": 513.0,
      "cost": 1.0
    },
    {
      "id": "bin-011",
      "size": [
        10.0,
        10.0,
        10.0
      ],
      "max_weight": 513.0,
      "cost": 1.0
    },
    {
      "id": "bin-012",
      "size": [
        10.0,
        10.0,
        10.0
      ],
      "max_weight": 513.0,
      "cost": 1.0
    },
    {
      "id": "bin-013",
      "size": [
        10.0,
        10.0,
        10.0
      ],
      "max_weight": 513.0,
      "cost": 1.0
    },
    {
      "id": "bin-014",
      "size": [
        10.0,
        10.0,
        10.0
      ],
      "max_weight": 513.0,
      "cost": 1.0
    },
    {
      "id": "bin-015",
      "size": [
        10.0,
        10.0,
        10.0
      ],
      "max_weight": 513.0,
      "cost": 1.0
    },
    {
      "id": "bin-016",
      "size": [
        10.0,
        10.0,
        10.0
      ],
      "max_weight": 513.0,
      "cost": 1.0
    },
    {
      "id": "bin-017",
      "size": [
        10.0,
        10.0,
        10.0
      ],
      "max_weight": 513.0,
      "cost": 1.0
    },
    {
      "id": "bin-018",
      "size": [
        10.0,
        10.0,
        10.0
      ],
      "max_weight": 513.0,
      "cost": 1.0
    },
    {
      "id": "bin-019",
      "size": [
        10.0,
        10.0,
        10.0
      ],
      "max_weight": 513.0,
      "cost": 1.0
    },
    {
      "id": "bin-020",
      "size": [
        10.0,
        10.0,
        10.0
      ],
      "max_weight": 513.0,
      "cost": 1.0
    },
    {
      "id": "bin-021",
      "size": [
        10.0,
        10.0,
        10.0
      ],
      "max_weight": 513.0,
      "cost": 1.0
    },
    {
      "id": "bin-022",
      "size": [
        10.0,
        10.0,
        10.0
      ],
      "max_weight": 513.0,
      "cost": 1.0
    },
    {
      "id": "bin-023",
      "size": [
        10.0,
        10.0,
        10.0
      ],
      "max_weight": 513.0,
      "cost": 1.0
    },
    {
      "id": "bin-024",
      "size": [
        10.0,
        10.0,
        10.0
      ],
      "max_weight": 513.0,
      "cost": 1.0
    },
    {
      "id": "bin-025",
      "size": [
        10.0,
        10.0,
        10.0
      ],
      "max_weight": 513.0,
      "cost": 1.0
    },
    {
      "id": "bin-026",
      "size": [
        10.0,
        10.0,
        10.0
      ],
      "max_weight": 513.0,
      "cost": 1.0
    },
    {
      "id": "bin-027",
      "size": [
        10.0,
        10.0,
        10.0
      ],
      "max_weight": 513.0,
      "cost": 1.0
    },
    {
      "id": "bin-028",
      "size": [
        10.0,
        10.0,
        10.0
      ],
      "max_weight": 513.0,
      "cost": 1.0
    },
    {
      "id": "bin-029",
      "size": [
        10.0,
        10.0,
        10.0
      ],
      "max_weight": 513.0,
      "cost": 1.0
    },
    {
      "id": "bin-030",
      "size": [
        10.0,
        10.0,
        10.0
      ],
      "max_weight": 513.0,
      "cost": 1.0
    },
    {
      "id": "bin-031",
      "size": [
        10.0,
        10.0,
        10.0
      ],
      "max_weight": 513.0,
      "cost": 1.0
    },
    {
      "id": "bin-032",
      "size": [
        10.0,
        10.0,
        10.0
      ],
      "max_weight": 513.0,
      "cost": 1.0
    },
    {
      "id": "bin-033",
      "size": [
        10.0,
        10.0,
        10.0
      ],
      "max_weight": 513.0,
      "cost": 1.0
    },
    {
      "id": "bin-034",
      "size": [
        10.0,
        10.0,
        10.0
      ],
      "max_weight": 513.0,
      "cost": 1.0
    },
    {
      "id": "bin-035",
      "size": [
        10.0,
        10.0,
        10.0
      ],
      "max_weight": 513.0,
      "cost": 1.0
    },
    {
      "id": "bin-036",
      "size": [
        10.0,
        10.0,
        10.0
      ],
      "max_weight": 513.0,
      "cost": 1.0
    },
    {
      "id": "bin-037",
      "size": [
        10.0,
        10.0,
        10.0
      ],
      "max_weight": 513.0,
      "cost": 1.0
    },
    {
      "id": "bin-038",
      "size": [
        10.0,
        10.0,
        10.0
      ],
      "max_weight": 513.0,
      "cost": 1.0
    },
    {
      "id": "bin-039",
      "size": [
        10.0,
        10.0,
        10.0
      ],
      "max_weight": 513.0,
      "cost": 1.0
    },
    {
      "id": "bin-040",
      "size": [
        10.0,
        10.0,
        10.0
      ],
      "max_weight": 513.0,
      "cost": 1.0
    },
    {
      "id": "bin-041",
      "size": [
        10.0,
        10.0,
        10.0
      ],
      "max_weight": 513.0,
      "cost": 1.0
    },
    {
      "id": "bin-042",
      "size": [
        10.0,
        10.0,
        10.0
      ],
      "max_weight": 513.0,
      "cost": 1.0
    },
    {
      "id": "bin-043",
      "size": [
        10.0,
        10.0,
        10.0
      ],
      "max_weight": 513.0,
      "cost": 1.0
    },
    {
      "id": "bin-044",
      "size": [
        10.0,
        10.0,
        10.0
      ],
      "max_weight": 513.0,
      "cost": 1.0
    },
    {
      "id": "bin-045",
      "size": [
        10.0,
        10.0,
        10.0
      ],
      "max_weight": 513.0,
      "cost": 1.0
    },
    {
      "id": "bin-046",
      "size": [
        10.0,
        10.0,
        10.0
      ],
      "max_weight": 513.0,
      "cost": 1.0
    },
    {
      "id": "bin-047",
      "size": [
        10.0,
        10.0,
        10.0
      ],
      "max_weight": 513.0,
      "cost": 1.0
    },
    {
      "id": "bin-048",
      "size": [
        10.0,
        10.0,
        10.0
      ],
      "max_weight": 513.0,
      "cost": 1.0
    },
    {
      "id": "bin-049",
      "size": [
        10.0,
        10.0,
        10.0
      ],
      "max_weight": 513.0,
      "cost": 1.0
    },
    {
      "id": "bin-050",
      "size": [
        10.0,
        10.0,
        10.0
      ],
      "max_weight": 513.0,
      "cost": 1.0
    },
    {
      "id": "bin-051",
      "size": [
        10.0,
        10.0,
        10.0
      ],
      "max_weight": 513.0,
      "cost": 1.0
    },
    {
      "id": "bin-052",
      "size": [
        10.0,
        10.0,
        10.0
      ],
      "max_weight": 513.0,
      "cost": 1.0
    },
    {
      "id": "bin-053",
      "size": [
        10.0,
        10.0,
        10.0
      ],
      "max_weight": 513.0,
      "cost": 1.0
    },
    {
      "id": "bin-054",
      "size": [
        10.0,
        10.0,
        10.0
      ],
      "max_weight": 513.0,
      "cost": 1.0
    },
    {
      "id": "bin-055",
      "size": [
        10.0,
        10.0,
        10.0
      ],
      "max_weight": 513.0,
      "cost": 1.0
    },
    {
      "id": "bin-056",
      "size": [
        10.0,
        10.0,
        10.0
      ],
      "max_weight": 513.0,
      "cost": 1.0
    },
    {
      "id": "bin-057",
      "size": [
        10.0,
        10.0,
        10.0
      ],
      "max_weight": 513.0,
      "cost": 1.0
    },
    {
      "id": "bin-058",
      "size": [
        10.0,
        10.0,
        10.0
      ],
      "max_weight": 513.0,
      "cost": 1.0
    },
    {
      "id": "bin-059",
      "size": [
        10.0,
        10.0,
        10.0
      ],
      "max_weight": 513.0,
      "cost": 1.0
    },
    {
      "id": "bin-060",
      "size": [
        10.0,
        10.0,
        10.0
      ],
      "max_weight": 513.0,
      "cost": 1.0
    },
    {
      "id": "bin-061",
      "size": [
        10.0,
        10.0,
        10.0
      ],
      "max_weight": 513.0,
      "cost": 1.0
    },
    {
      "id": "bin-062",
      "size": [
        10.0,
        10.0,
        10.0
      ],
      "max_weight": 513.0,
      "cost": 1.0
    },
    {
      "id": "bin-063",
      "size": [
        10.0,
        10.0,
        10.0
      ],
      "max_weight": 513.0,
      "cost": 1.0
    }
  ],
  "items": [
    {
      "id": "cube-0",
      "size": [
        5.0,
        5.0,
        5.0
      ],
      "weight": 1.0,
      "orientation_requirement": "any"
    },
    {
      "id": "cube-1",
      "size": [
        5.0,
        5.0,
        5.0
      ],
      "weight": 1.0,
      "orientation_requirement": "any"
    },
    {
      "id": "cube-2",
      "size": [
        5.0,
        5.0,
        5.0
      ],
      "weight": 1.0,
      "orientation_requirement": "any"
    },
    {
      "id": "cube-3",
      "size": [
        5.0,
        5.0,
        5.0
      ],
      "weight": 1.0,
      "orientation_requirement": "any"
    },
    {
      "id": "cube-4",
      "size": [
        5.0,
        5.0,
        5.0
      ],
      "weight": 1.0,
      "orientation_requirement": "any"
    },
    {
      "id": "cube-5",
      "size": [
        5.0,
        5.0,
        5.0
      ],
      "weight": 1.0,
      "orientation_requirement": "any"
    },
    {
      "id": "cube-6",
      "size": [
        5.0,
        5.0,
        5.0
      ],
      "weight": 1.0,
      "orientation_requirement": "any"
    },
    {
      "id": "cube-7",
      "size": [
        5.0,
        5.0,
        5.0
      ],
      "weight": 1.0,
      "orientation_requirement": "any"
    },
    {
      "id": "cube-8",
      "size": [
        5.0,
        5.0,
        5.0
      ],
      "weight": 1.0,
      "orientation_requirement": "any"
    },
    {
      "id": "cube-9",
      "size": [
        5.0,
        5.0,
        5.0
      ],
      "weight": 1.0,
      "orientation_requirement": "any"
    },
    {
      "id": "cube-10",
      "size": [
        5.0,
        5.0,
        5.0
      ],
      "weight": 1.0,
      "orientation_requirement": "any"
    },
    {
      "id": "cube-11",
      "size": [
        5.0,
        5.0,
        5.0
      ],
      "weight": 1.0,
      "orientation_requirement": "any"
    },
    {
      "id": "cube-12",
      "size": [
        5.0,
        5.0,
        5.0
      ],
      "weight": 1.0,
      "orientation_requirement": "any"
    },
    {
      "id": "cube-13",
      "size": [
        5.0,
        5.0,
        5.0
      ],
      "weight": 1.0,
      "orientation_requirement": "any"
    },
    {
      "id": "cube-14",
      "size": [
        5.0,
        5.0,
        5.0
      ],
      "weight": 1.0,
      "orientation_requirement": "any"
    },
    {
      "id": "cube-15",
      "size": [
        5.0,
        5.0,
        5.0
      ],
      "weight": 1.0,
      "orientation_requirement": "any"
    },
    {
      "id": "cube-16",
      "size": [
        5.0,
        5.0,
        5.0
      ],
      "weight": 1.0,
      "orientation_requirement": "any"
    },
    {
      "id": "cube-17",
      "size": [
        5.0,
        5.0,
        5.0
      ],
      "weight": 1.0,
      "orientation_requirement": "any"
    },
    {
      "id": "cube-18",
      "size": [
        5.0,
        5.0,
        5.0
      ],
      "weight": 1.0,
      "orientation_requirement": "any"
    },
    {
      "id": "cube-19",
      "size": [
        5.0,
        5.0,
        5.0
      ],
      "weight": 1.0,
      "orientation_requirement": "any"
    },
    {
      "id": "cube-20",
      "size": [
        5.0,
        5.0,
        5.0
      ],
      "weight": 1.0,
      "orientation_requirement": "any"
    },
    {
      "id": "cube-21",
      "size": [
        5.0,
        5.0,
        5.0
      ],
      "weight": 1.0,
      "orientation_requirement": "any"
    },
    {
      "id": "cube-22",
      "size": [
        5.0,
        5.0,
        5.0
      ],
      "weight": 1.0,
      "orientation_requirement": "any"
    },
    {
      "id": "cube-23",
      "size": [
        5.0,
        5.0,
        5.0
      ],
      "weight": 1.0,
      "orientation_requirement": "any"
    },
    {
      "id": "cube-24",
      "size": [
        5.0,
        5.0,
        5.0
      ],
      "weight": 1.0,
      "orientation_requirement": "any"
    },
    {
      "id": "cube-25",
      "size": [
        5.0,
        5.0,
        5.0
      ],
      "weight": 1.0,
      "orientation_requirement": "any"
    },
    {
      "id": "cube-26",
      "size": [
        5.0,
        5.0,
        5.0
      ],
      "weight": 1.0,
      "orientation_requirement": "any"
    },
    {
      "id": "cube-27",
      "size": [
        5.0,
        5.0,
        5.0
      ],
      "weight": 1.0,
      "orientation_requirement": "any"
    },
    {
      "id": "cube-28",
      "size": [
        5.0,
        5.0,
        5.0
      ],
      "weight": 1.0,
      "orientation_requirement": "any"
    },
    {
      "id": "cube-29",
      "size": [
        5.0,
        5.0,
        5.0
      ],
      "weight": 1.0,
      "orientation_requirement": "any"
    },
    {
      "id": "cube-30",
      "size": [
        5.0,
        5.0,
        5.0
      ],
      "weight": 1.0,
      "orientation_requirement": "any"
    },
    {
      "id": "cube-31",
      "size": [
        5.0,
        5.0,
        5.0
      ],
      "weight": 1.0,
      "orientation_requirement": "any"
    },
    {
      "id": "cube-32",
      "size": [
        5.0,
        5.0,
        5.0
      ],
      "weight": 1.0,
      "orientation_requirement": "any"
    },
    {
      "id": "cube-33",
      "size": [
        5.0,
        5.0,
        5.0
      ],
      "weight": 1.0,
      "orientation_requirement": "any"
    },
    {
      "id": "cube-34",
      "size": [
        5.0,
        5.0,
        5.0
      ],
      "weight": 1.0,
      "orientation_requirement": "any"
    },
    {
      "id": "cube-35",
      "size": [
        5.0,
        5.0,
        5.0
      ],
      "weight": 1.0,
      "orientation_requirement": "any"
    },
    {
      "id": "cube-36",
      "size": [
        5.0,
        5.0,
        5.0
      ],
      "weight": 1.0,
      "orientation_requirement": "any"
    },
    {
      "id": "cube-37",
      "size": [
        5.0,
        5.0,
        5.0
      ],
      "weight": 1.0,
      "orientation_requirement": "any"
    },
    {
      "id": "cube-38",
      "size": [
        5.0,
        5.0,
        5.0
      ],
      "weight": 1.0,
      "orientation_requirement": "any"
    },
    {
      "id": "cube-39",
      "size": [
        5.0,
        5.0,
        5.0
      ],
      "weight": 1.0,
      "orientation_requirement": "any"
    },
    {
      "id": "cube-40",
      "size": [
        5.0,
        5.0,
        5.0
      ],
      "weight": 1.0,
      "orientation_requirement": "any"
    },
    {
      "id": "cube-41",
      "size": [
        5.0,
        5.0,
        5.0
      ],
      "weight": 1.0,
      "orientation_requirement": "any"
    },
    {
      "id": "cube-42",
      "size": [
        5.0,
        5.0,
        5.0
      ],
      "weight": 1.0,
      "orientation_requirement": "any"
    },
    {
      "id": "cube-43",
      "size": [
        5.0,
        5.0,
        5.0
      ],
      "weight": 1.0,
      "orientation_requirement": "any"
    },
    {
      "id": "cube-44",
      "size": [
        5.0,
        5.0,
        5.0
      ],
      "weight": 1.0,
      "orientation_requirement": "any"
    },
    {
      "id": "cube-45",
      "size": [
        5.0,
        5.0,
        5.0
      ],
      "weight": 1.0,
      "orientation_requirement": "any"
    },
    {
      "id": "cube-46",
      "size": [
        5.0,
        5.0,
        5.0
      ],
      "weight": 1.0,
      "orientation_requirement": "any"
    },
    {
      "id": "cube-47",
      "size": [
        5.0,
        5.0,
        5.0
      ],
      "weight": 1.0,
      "orientation_requirement": "any"
    },
    {
      "id": "cube-48",
      "size": [
        5.0,
        5.0,
        5.0
      ],
      "weight": 1.0,
      "orientation_requirement": "any"
    },
    {
      "id": "cube-49",
      "size": [
        5.0,
        5.0,
        5.0
      ],
      "weight": 1.0,
      "orientation_requirement": "any"
    },
    {
      "id": "cube-50",
      "size": [
        5.0,
        5.0,
        5.0
      ],
      "weight": 1.0,
      "orientation_requirement": "any"
    },
    {
      "id": "cube-51",
      "size": [
        5.0,
        5.0,
        5.0
      ],
      "weight": 1.0,
      "orientation_requirement": "any"
    },
    {
      "id": "cube-52",
      "size": [
        5.0,
        5.0,
        5.0
      ],
      "weight": 1.0,
      "orientation_requirement": "any"
    },
    {
      "id": "cube-53",
      "size": [
        5.0,
        5.0,
        5.0
      ],
      "weight": 1.0,
      "orientation_requirement": "any"
    },
    {
      "id": "cube-54",
      "size": [
        5.0,
        5.0,
        5.0
      ],
      "weight": 1.0,
      "orientation_requirement": "any"
    },
    {
      "id": "cube-55",
      "size": [
        5.0,
        5.0,
        5.0
      ],
      "weight": 1.0,
      "orientation_requirement": "any"
    },
    {
      "id": "cube-56",
      "size": [
        5.0,
        5.0,
        5.0
      ],
      "weight": 1.0,
      "orientation_requirement": "any"
    },
    {
      "id": "cube-57",
      "size": [
        5.0,
        5.0,
        5.0
      ],
      "weight": 1.0,
      "orientation_requirement": "any"
    },
    {
      "id": "cube-58",
      "size": [
        5.0,
        5.0,
        5.0
      ],
      "weight": 1.0,
      "orientation_requirement": "any"
    },
    {
      "id": "cube-59",
      "size": [
        5.0,
        5.0,
        5.0
      ],
      "weight": 1.0,
      "orientation_requirement": "any"
    },
    {
      "id": "cube-60",
      "size": [
        5.0,
        5.0,
        5.0
      ],
      "weight": 1.0,
      "orientation_requirement": "any"
    },
    {
      "id": "cube-61",
      "size": [
        5.0,
        5.0,
        5.0
      ],
      "weight": 1.0,
      "orientation_requirement": "any"
    },
    {
      "id": "cube-62",
      "size": [
        5.0,
        5.0,
        5.0
      ],
      "weight": 1.0,
      "orientation_requirement": "any"
    },
    {
      "id": "cube-63",
      "size": [
        5.0,
        5.0,
        5.0
      ],
      "weight": 1.0,
      "orientation_requirement": "any"
    },
    {
      "id": "cube-64",
      "size": [
        5.0,
        5.0,
        5.0
      ],
      "weight": 1.0,
      "orientation_requirement": "any"
    },
    {
      "id": "cube-65",
      "size": [
        5.0,
        5.0,
        5.0
      ],
      "weight": 1.0,
      "orientation_requirement": "any"
    },
    {
      "id": "cube-66",
      "size": [
        5.0,
        5.0,
        5.0
      ],
      "weight": 1.0,
      "orientation_requirement": "any"
    },
    {
      "id": "cube-67",
      "size": [
        5.0,
        5.0,
        5.0
      ],
      "weight": 1.0,
      "orientation_requirement": "any"
    },
    {
      "id": "cube-68",
      "size": [
        5.0,
        5.0,
        5.0
      ],
      "weight": 1.0,
      "orientation_requirement": "any"
    },
    {
      "id": "cube-69",
      "size": [
        5.0,
        5.0,
        5.0
      ],
      "weight": 1.0,
      "orientation_requirement": "any"
    },
    {
      "id": "cube-70",
      "size": [
        5.0,
        5.0,
        5.0
      ],
      "weight": 1.0,
      "orientation_requirement": "any"
    },
    {
      "id": "cube-71",
      "size": [
        5.0,
        5.0,
        5.0
      ],
      "weight": 1.0,
      "orientation_requirement": "any"
    },
    {
      "id": "cube-72",
      "size": [
        5.0,
        5.0,
        5.0
      ],
      "weight": 1.0,
      "orientation_requirement": "any"
    },
    {
      "id": "cube-73",
      "size": [
        5.0,
        5.0,
        5.0
      ],
      "weight": 1.0,
      "orientation_requirement": "any"
    },
    {
      "id": "cube-74",
      "size": [
        5.0,
        5.0,
        5.0
      ],
      "weight": 1.0,
      "orientation_requirement": "any"
    },
    {
      "id": "cube-75",
      "size": [
        5.0,
        5.0,
        5.0
      ],
      "weight": 1.0,
      "orientation_requirement": "any"
    },
    {
      "id": "cube-76",
      "size": [
        5.0,
        5.0,
        5.0
      ],
      "weight": 1.0,
      "orientation_requirement": "any"
    },
    {
      "id": "cube-77",
      "size": [
        5.0,
        5.0,
        5.0
      ],
      "weight": 1.0,
      "orientation_requirement": "any"
    },
    {
      "id": "cube-78",
      "size": [
        5.0,
        5.0,
        5.0
      ],
      "weight": 1.0,
      "orientation_requirement": "any"
    },
    {
      "id": "cube-79",
      "size": [
        5.0,
        5.0,
        5.0
      ],
      "weight": 1.0,
      "orientation_requirement": "any"
    },
    {
      "id": "cube-80",
      "size": [
        5.0,
        5.0,
        5.0
      ],
      "weight": 1.0,
      "orientation_requirement": "any"
    },
    {
      "id": "cube-81",
      "size": [
        5.0,
        5.0,
        5.0
      ],
      "weight": 1.0,
      "orientation_requirement": "any"
    },
    {
      "id": "cube-82",
      "size": [
        5.0,
        5.0,
        5.0
      ],
      "weight": 1.0,
      "orientation_requirement": "any"
    },
    {
      "id": "cube-83",
      "size": [
        5.0,
        5.0,
        5.0
      ],
      "weight": 1.0,
      "orientation_requirement": "any"
    },
    {
      "id": "cube-84",
      "size": [
        5.0,
        5.0,
        5.0
      ],
      "weight": 1.0,
      "orientation_requirement": "any"
    },
    {
      "id": "cube-85",
      "size": [
        5.0,
        5.0,
        5.0
      ],
      "weight": 1.0,
      "orientation_requirement": "any"
    },
    {
      "id": "cube-86",
      "size": [
        5.0,
        5.0,
        5.0
      ],
      "weight": 1.0,
      "orientation_requirement": "any"
    },
    {
      "id": "cube-87",
      "size": [
        5.0,
        5.0,
        5.0
      ],
      "weight": 1.0,
      "orientation_requirement": "any"
    },
    {
      "id": "cube-88",
      "size": [
        5.0,
        5.0,
        5.0
      ],
      "weight": 1.0,
      "orientation_requirement": "any"
    },
    {
      "id": "cube-89",
      "size": [
        5.0,
        5.0,
        5.0
      ],
      "weight": 1.0,
      "orientation_requirement": "any"
    },
    {
      "id": "cube-90",
      "size": [
        5.0,
        5.0,
        5.0
      ],
      "weight": 1.0,
      "orientation_requirement": "any"
    },
    {
      "id": "cube-91",
      "size": [
        5.0,
        5.0,
        5.0
      ],
      "weight": 1.0,
      "orientation_requirement": "any"
    },
    {
      "id": "cube-92",
      "size": [
        5.0,
        5.0,
        5.0
      ],
      "weight": 1.0,
      "orientation_requirement": "any"
    },
    {
      "id": "cube-93",
      "size": [
        5.0,
        5.0,
        5.0
      ],
      "weight": 1.0,
      "orientation_requirement": "any"
    },
    {
      "id": "cube-94",
      "size": [
        5.0,
        5.0,
        5.0
      ],
      "weight": 1.0,
      "orientation_requirement": "any"
    },
    {
      "id": "cube-95",
      "size": [
        5.0,
        5.0,
        5.0
      ],
      "weight": 1.0,
      "orientation_requirement": "any"
    },
    {
      "id": "cube-96",
      "size": [
        5.0,
        5.0,
        5.0
      ],
      "weight": 1.0,
      "orientation_requirement": "any"
    },
    {
      "id": "cube-97",
      "size": [
        5.0,
        5.0,
        5.0
      ],
      "weight": 1.0,
      "orientation_requirement": "any"
    },
    {
      "id": "cube-98",
      "size": [
        5.0,
        5.0,
        5.0
      ],
      "weight": 1.0,
      "orientation_requirement": "any"
    },
    {
      "id": "cube-99",
      "size": [
        5.0,
        5.0,
        5.0
      ],
      "weight": 1.0,
      "orientation_requirement": "any"
    },
    {
      "id": "cube-100",
      "size": [
        5.0,
        5.0,
        5.0
      ],
      "weight": 1.0,
      "orientation_requirement": "any"
    },
    {
      "id": "cube-101",
      "size": [
        5.0,
        5.0,
        5.0
      ],
      "weight": 1.0,
      "orientation_requirement": "any"
    },
    {
      "id": "cube-102",
      "size": [
        5.0,
        5.0,
        5.0
      ],
      "weight": 1.0,
      "orientation_requirement": "any"
    },
    {
      "id": "cube-103",
      "size": [
        5.0,
        5.0,
        5.0
      ],
      "weight": 1.0,
      "orientation_requirement": "any"
    },
    {
      "id": "cube-104",
      "size": [
        5.0,
        5.0,
        5.0
      ],
      "weight": 1.0,
      "orientation_requirement": "any"
    },
    {
      "id": "cube-105",
      "size": [
        5.0,
        5.0,
        5.0
      ],
      "weight": 1.0,
      "orientation_requirement": "any"
    },
    {
      "id": "cube-106",
      "size": [
        5.0,
        5.0,
        5.0
      ],
      "weight": 1.0,
      "orientation_requirement": "any"
    },
    {
      "id": "cube-107",
      "size": [
        5.0,
        5.0,
        5.0
      ],
      "weight": 1.0,
      "orientation_requirement": "any"
    },
    {
      "id": "cube-108",
      "size": [
        5.0,
        5.0,
        5.0
      ],
      "weight": 1.0,
      "orientation_requirement": "any"
    },
    {
      "id": "cube-109",
      "size": [
        5.0,
        5.0,
        5.0
      ],
      "weight": 1.0,
      "orientation_requirement": "any"
    },
    {
      "id": "cube-110",
      "size": [
        5.0,
        5.0,
        5.0
      ],
      "weight": 1.0,
      "orientation_requirement": "any"
    },
    {
      "id": "cube-111",
      "size": [
        5.0,
        5.0,
        5.0
      ],
      "weight": 1.0,
      "orientation_requirement": "any"
    },
    {
      "id": "cube-112",
      "size": [
        5.0,
        5.0,
        5.0
      ],
      "weight": 1.0,
      "orientation_requirement": "any"
    },
    {
      "id": "cube-113",
      "size": [
        5.0,
        5.0,
        5.0
      ],
      "weight": 1.0,
      "orientation_requirement": "any"
    },
    {
      "id": "cube-114",
      "size": [
        5.0,
        5.0,
        5.0
      ],
      "weight": 1.0,
      "orientation_requirement": "any"
    },
    {
      "id": "cube-115",
      "size": [
        5.0,
        5.0,
        5.0
      ],
      "weight": 1.0,
      "orientation_requirement": "any"
    },
    {
      "id": "cube-116",
      "size": [
        5.0,
        5.0,
        5.0
      ],
      "weight": 1.0,
      "orientation_requirement": "any"
    },
    {
      "id": "cube-117",
      "size": [
        5.0,
        5.0,
        5.0
      ],
      "weight": 1.0,
      "orientation_requirement": "any"
    },
    {
      "id": "cube-118",
      "size": [
        5.0,
        5.0,
        5.0
      ],
      "weight": 1.0,
      "orientation_requirement": "any"
    },
    {
      "id": "cube-119",
      "size": [
        5.0,
        5.0,
        5.0
      ],
      "weight": 1.0,
      "orientation_requirement": "any"
    },
    {
      "id": "cube-120",
      "size": [
        5.0,
        5.0,
        5.0
      ],
      "weight": 1.0,
      "orientation_requirement": "any"
    },
    {
      "id": "cube-121",
      "size": [
        5.0,
        5.0,
        5.0
      ],
      "weight": 1.0,
      "orientation_requirement": "any"
    },
    {
      "id": "cube-122",
      "size": [
        5.0,
        5.0,
        5.0
      ],
      "weight": 1.0,
      "orientation_requirement": "any"
    },
    {
      "id": "cube-123",
      "size": [
        5.0,
        5.0,
        5.0
      ],
      "weight": 1.0,
      "orientation_requirement": "any"
    },
    {
      "id": "cube-124",
      "size": [
        5.0,
        5.0,
        5.0
      ],
      "weight": 1.0,
      "orientation_requirement": "any"
    },
    {
      "id": "cube-125",
      "size": [
        5.0,
        5.0,
        5.0
      ],
      "weight": 1.0,
      "orientation_requirement": "any"
    },
    {
      "id": "cube-126",
      "size": [
        5.0,
        5.0,
        5.0
      ],
      "weight": 1.0,
      "orientation_requirement": "any"
    },
    {
      "id": "cube-127",
      "size": [
        5.0,
        5.0,
        5.0
      ],
      "weight": 1.0,
      "orientation_requirement": "any"
    },
    {
      "id": "cube-128",
      "size": [
        5.0,
        5.0,
        5.0
      ],
      "weight": 1.0,
      "orientation_requirement": "any"
    },
    {
      "id": "cube-129",
      "size": [
        5.0,
        5.0,
        5.0
      ],
      "weight": 1.0,
      "orientation_requirement": "any"
    },
    {
      "id": "cube-130",
      "size": [
        5.0,
        5.0,
        5.0
      ],
      "weight": 1.0,
      "orientation_requirement": "any"
    },
    {
      "id": "cube-131",
      "size": [
        5.0,
        5.0,
        5.0
      ],
      "weight": 1.0,
      "orientation_requirement": "any"
    },
    {
      "id": "cube-132",
      "size": [
        5.0,
        5.0,
        5.0
      ],
      "weight": 1.0,
      "orientation_requirement": "any"
    },
    {
      "id": "cube-133",
      "size": [
        5.0,
        5.0,
        5.0
      ],
      "weight": 1.0,
      "orientation_requirement": "any"
    },
    {
      "id": "cube-134",
      "size": [
        5.0,
        5.0,
        5.0
      ],
      "weight": 1.0,
      "orientation_requirement": "any"
    },
    {
      "id": "cube-135",
      "size": [
        5.0,
        5.0,
        5.0
      ],
      "weight": 1.0,
      "orientation_requirement": "any"
    },
    {
      "id": "cube-136",
      "size": [
        5.0,
        5.0,
        5.0
      ],
      "weight": 1.0,
      "orientation_requirement": "any"
    },
    {
      "id": "cube-137",
      "size": [
        5.0,
        5.0,
        5.0
      ],
      "weight": 1.0,
      "orientation_requirement": "any"
    },
    {
      "id": "cube-138",
      "size": [
        5.0,
        5.0,
        5.0
      ],
      "weight": 1.0,
      "orientation_requirement": "any"
    },
    {
      "id": "cube-139",
      "size": [
        5.0,
        5.0,
        5.0
      ],
      "weight": 1.0,
      "orientation_requirement": "any"
    },
    {
      "id": "cube-140",
      "size": [
        5.0,
        5.0,
        5.0
      ],
      "weight": 1.0,
      "orientation_requirement": "any"
    },
    {
      "id": "cube-141",
      "size": [
        5.0,
        5.0,
        5.0
      ],
      "weight": 1.0,
      "orientation_requirement": "any"
    },
    {
      "id": "cube-142",
      "size": [
        5.0,
        5.0,
        5.0
      ],
      "weight": 1.0,
      "orientation_requirement": "any"
    },
    {
      "id": "cube-143",
      "size": [
        5.0,
        5.0,
        5.0
      ],
      "weight": 1.0,
      "orientation_requirement": "any"
    },
    {
      "id": "cube-144",
      "size": [
        5.0,
        5.0,
        5.0
      ],
      "weight": 1.0,
      "orientation_requirement": "any"
    },
    {
      "id": "cube-145",
      "size": [
        5.0,
        5.0,
        5.0
      ],
      "weight": 1.0,
      "orientation_requirement": "any"
    },
    {
      "id": "cube-146",
      "size": [
        5.0,
        5.0,
        5.0
      ],
      "weight": 1.0,
      "orientation_requirement": "any"
    },
    {
      "id": "cube-147",
      "size": [
        5.0,
        5.0,
        5.0
      ],
      "weight": 1.0,
      "orientation_requirement": "any"
    },
    {
      "id": "cube-148",
      "size": [
        5.0,
        5.0,
        5.0
      ],
      "weight": 1.0,
      "orientation_requirement": "any"
    },
    {
      "id": "cube-149",
      "size": [
        5.0,
        5.0,
        5.0
      ],
      "weight": 1.0,
      "orientation_requirement": "any"
    },
    {
      "id": "cube-150",
      "size": [
        5.0,
        5.0,
        5.0
      ],
      "weight": 1.0,
      "orientation_requirement": "any"
    },
    {
      "id": "cube-151",
      "size": [
        5.0,
        5.0,
        5.0
      ],
      "weight": 1.0,
      "orientation_requirement": "any"
    },
    {
      "id": "cube-152",
      "size": [
        5.0,
        5.0,
        5.0
      ],
      "weight": 1.0,
      "orientation_requirement": "any"
    },
    {
      "id": "cube-153",
      "size": [
        5.0,
        5.0,
        5.0
      ],
      "weight": 1.0,
      "orientation_requirement": "any"
    },
    {
      "id": "cube-154",
      "size": [
        5.0,
        5.0,
        5.0
      ],
      "weight": 1.0,
      "orientation_requirement": "any"
    },
    {
      "id": "cube-155",
      "size": [
        5.0,
        5.0,
        5.0
      ],
      "weight": 1.0,
      "orientation_requirement": "any"
    },
    {
      "id": "cube-156",
      "size": [
        5.0,
        5.0,
        5.0
      ],
      "weight": 1.0,
      "orientation_requirement": "any"
    },
    {
      "id": "cube-157",
      "size": [
        5.0,
        5.0,
        5.0
      ],
      "weight": 1.0,
      "orientation_requirement": "any"
    },
    {
      "id": "cube-158",
      "size": [
        5.0,
        5.0,
        5.0
      ],
      "weight": 1.0,
      "orientation_requirement": "any"
    },
    {
      "id": "cube-159",
      "size": [
        5.0,
        5.0,
        5.0
      ],
      "weight": 1.0,
      "orientation_requirement": "any"
    },
    {
      "id": "cube-160",
      "size": [
        5.0,
        5.0,
        5.0
      ],
      "weight": 1.0,
      "orientation_requirement": "any"
    },
    {
      "id": "cube-161",
      "size": [
        5.0,
        5.0,
        5.0
      ],
      "weight": 1.0,
      "orientation_requirement": "any"
    },
    {
      "id": "cube-162",
      "size": [
        5.0,
        5.0,
        5.0
      ],
      "weight": 1.0,
      "orientation_requirement": "any"
    },
    {
      "id": "cube-163",
      "size": [
        5.0,
        5.0,
        5.0
      ],
      "weight": 1.0,
      "orientation_requirement": "any"
    },
    {
      "id": "cube-164",
      "size": [
        5.0,
        5.0,
        5.0
      ],
      "weight": 1.0,
      "orientation_requirement": "any"
    },
    {
      "id": "cube-165",
      "size": [
        5.0,
        5.0,
        5.0
      ],
      "weight": 1.0,
      "orientation_requirement": "any"
    },
    {
      "id": "cube-166",
      "size": [
        5.0,
        5.0,
        5.0
      ],
      "weight": 1.0,
      "orientation_requirement": "any"
    },
    {
      "id": "cube-167",
      "size": [
        5.0,
        5.0,
        5.0
      ],
      "weight": 1.0,
      "orientation_requirement": "any"
    },
    {
      "id": "cube-168",
      "size": [
        5.0,
        5.0,
        5.0
      ],
      "weight": 1.0,
      "orientation_requirement": "any"
    },
    {
      "id": "cube-169",
      "size": [
        5.0,
        5.0,
        5.0
      ],
      "weight": 1.0,
      "orientation_requirement": "any"
    },
    {
      "id": "cube-170",
      "size": [
        5.0,
        5.0,
        5.0
      ],
      "weight": 1.0,
      "orientation_requirement": "any"
    },
    {
      "id": "cube-171",
      "size": [
        5.0,
        5.0,
        5.0
      ],
      "weight": 1.0,
      "orientation_requirement": "any"
    },
    {
      "id": "cube-172",
      "size": [
        5.0,
        5.0,
        5.0
      ],
      "weight": 1.0,
      "orientation_requirement": "any"
    },
    {
      "id": "cube-173",
      "size": [
        5.0,
        5.0,
        5.0
      ],
      "weight": 1.0,
      "orientation_requirement": "any"
    },
    {
      "id": "cube-174",
      "size": [
        5.0,
        5.0,
        5.0
      ],
      "weight": 1.0,
      "orientation_requirement": "any"
    },
    {
      "id": "cube-175",
      "size": [
        5.0,
        5.0,
        5.0
      ],
      "weight": 1.0,
      "orientation_requirement": "any"
    },
    {
      "id": "cube-176",
      "size": [
        5.0,
        5.0,
        5.0
      ],
      "weight": 1.0,
      "orientation_requirement": "any"
    },
    {
      "id": "cube-177",
      "size": [
        5.0,
        5.0,
        5.0
      ],
      "weight": 1.0,
      "orientation_requirement": "any"
    },
    {
      "id": "cube-178",
      "size": [
        5.0,
        5.0,
        5.0
      ],
      "weight": 1.0,
      "orientation_requirement": "any"
    },
    {
      "id": "cube-179",
      "size": [
        5.0,
        5.0,
        5.0
      ],
      "weight": 1.0,
      "orientation_requirement": "any"
    },
    {
      "id": "cube-180",
      "size": [
        5.0,
        5.0,
        5.0
      ],
      "weight": 1.0,
      "orientation_requirement": "any"
    },
    {
      "id": "cube-181",
      "size": [
        5.0,
        5.0,
        5.0
      ],
      "weight": 1.0,
      "orientation_requirement": "any"
    },
    {
      "id": "cube-182",
      "size": [
        5.0,
        5.0,
        5.0
      ],
      "weight": 1.0,
      "orientation_requirement": "any"
    },
    {
      "id": "cube-183",
      "size": [
        5.0,
        5.0,
        5.0
      ],
      "weight": 1.0,
      "orientation_requirement": "any"
    },
    {
      "id": "cube-184",
      "size": [
        5.0,
        5.0,
        5.0
      ],
      "weight": 1.0,
      "orientation_requirement": "any"
    },
    {
      "id": "cube-185",
      "size": [
        5.0,
        5.0,
        5.0
      ],
      "weight": 1.0,
      "orientation_requirement": "any"
    },
    {
      "id": "cube-186",
      "size": [
        5.0,
        5.0,
        5.0
      ],
      "weight": 1.0,
      "orientation_requirement": "any"
    },
    {
      "id": "cube-187",
      "size": [
        5.0,
        5.0,
        5.0
      ],
      "weight": 1.0,
      "orientation_requirement": "any"
    },
    {
      "id": "cube-188",
      "size": [
        5.0,
        5.0,
        5.0
      ],
      "weight": 1.0,
      "orientation_requirement": "any"
    },
    {
      "id": "cube-189",
      "size": [
        5.0,
        5.0,
        5.0
      ],
      "weight": 1.0,
      "orientation_requirement": "any"
    },
    {
      "id": "cube-190",
      "size": [
        5.0,
        5.0,
        5.0
      ],
      "weight": 1.0,
      "orientation_requirement": "any"
    },
    {
      "id": "cube-191",
      "size": [
        5.0,
        5.0,
        5.0
      ],
      "weight": 1.0,
      "orientation_requirement": "any"
    },
    {
      "id": "cube-192",
      "size": [
        5.0,
        5.0,
        5.0
      ],
      "weight": 1.0,
      "orientation_requirement": "any"
    },
    {
      "id": "cube-193",
      "size": [
        5.0,
        5.0,
        5.0
      ],
      "weight": 1.0,
      "orientation_requirement": "any"
    },
    {
      "id": "cube-194",
      "size": [
        5.0,
        5.0,
        5.0
      ],
      "weight": 1.0,
      "orientation_requirement": "any"
    },
    {
      "id": "cube-195",
      "size": [
        5.0,
        5.0,
        5.0
      ],
      "weight": 1.0,
      "orientation_requirement": "any"
    },
    {
      "id": "cube-196",
      "size": [
        5.0,
        5.0,
        5.0
      ],
      "weight": 1.0,
      "orientation_requirement": "any"
    },
    {
      "id": "cube-197",
      "size": [
        5.0,
        5.0,
        5.0
      ],
      "weight": 1.0,
      "orientation_requirement": "any"
    },
    {
      "id": "cube-198",
      "size": [
        5.0,
        5.0,
        5.0
      ],
      "weight": 1.0,
      "orientation_requirement": "any"
    },
    {
      "id": "cube-199",
      "size": [
        5.0,
        5.0,
        5.0
      ],
      "weight": 1.0,
      "orientation_requirement": "any"
    },
    {
      "id": "cube-200",
      "size": [
        5.0,
        5.0,
        5.0
      ],
      "weight": 1.0,
      "orientation_requirement": "any"
    },
    {
      "id": "cube-201",
      "size": [
        5.0,
        5.0,
        5.0
      ],
      "weight": 1.0,
      "orientation_requirement": "any"
    },
    {
      "id": "cube-202",
      "size": [
        5.0,
        5.0,
        5.0
      ],
      "weight": 1.0,
      "orientation_requirement": "any"
    },
    {
      "id": "cube-203",
      "size": [
        5.0,
        5.0,
        5.0
      ],
      "weight": 1.0,
      "orientation_requirement": "any"
    },
    {
      "id": "cube-204",
      "size": [
        5.0,
        5.0,
        5.0
      ],
      "weight": 1.0,
      "orientation_requirement": "any"
    },
    {
      "id": "cube-205",
      "size": [
        5.0,
        5.0,
        5.0
      ],
      "weight": 1.0,
      "orientation_requirement": "any"
    },
    {
      "id": "cube-206",
      "size": [
        5.0,
        5.0,
        5.0
      ],
      "weight": 1.0,
      "orientation_requirement": "any"
    },
    {
      "id": "cube-207",
      "size": [
        5.0,
        5.0,
        5.0
      ],
      "weight": 1.0,
      "orientation_requirement": "any"
    },
    {
      "id": "cube-208",
      "size": [
        5.0,
        5.0,
        5.0
      ],
      "weight": 1.0,
      "orientation_requirement": "any"
    },
    {
      "id": "cube-209",
      "size": [
        5.0,
        5.0,
        5.0
      ],
      "weight": 1.0,
      "orientation_requirement": "any"
    },
    {
      "id": "cube-210",
      "size": [
        5.0,
        5.0,
        5.0
      ],
      "weight": 1.0,
      "orientation_requirement": "any"
    },
    {
      "id": "cube-211",
      "size": [
        5.0,
        5.0,
        5.0
      ],
      "weight": 1.0,
      "orientation_requirement": "any"
    },
    {
      "id": "cube-212",
      "size": [
        5.0,
        5.0,
        5.0
      ],
      "weight": 1.0,
      "orientation_requirement": "any"
    },
    {
      "id": "cube-213",
      "size": [
        5.0,
        5.0,
        5.0
      ],
      "weight": 1.0,
      "orientation_requirement": "any"
    },
    {
      "id": "cube-214",
      "size": [
        5.0,
        5.0,
        5.0
      ],
      "weight": 1.0,
      "orientation_requirement": "any"
    },
    {
      "id": "cube-215",
      "size": [
        5.0,
        5.0,
        5.0
      ],
      "weight": 1.0,
      "orientation_requirement": "any"
    },
    {
      "id": "cube-216",
      "size": [
        5.0,
        5.0,
        5.0
      ],
      "weight": 1.0,
      "orientation_requirement": "any"
    },
    {
      "id": "cube-217",
      "size": [
        5.0,
        5.0,
        5.0
      ],
      "weight": 1.0,
      "orientation_requirement": "any"
    },
    {
      "id": "cube-218",
      "size": [
        5.0,
        5.0,
        5.0
      ],
      "weight": 1.0,
      "orientation_requirement": "any"
    },
    {
      "id": "cube-219",
      "size": [
        5.0,
        5.0,
        5.0
      ],
      "weight": 1.0,
      "orientation_requirement": "any"
    },
    {
      "id": "cube-220",
      "size": [
        5.0,
        5.0,
        5.0
      ],
      "weight": 1.0,
      "orientation_requirement": "any"
    },
    {
      "id": "cube-221",
      "size": [
        5.0,
        5.0,
        5.0
      ],
      "weight": 1.0,
      "orientation_requirement": "any"
    },
    {
      "id": "cube-222",
      "size": [
        5.0,
        5.0,
        5.0
      ],
      "weight": 1.0,
      "orientation_requirement": "any"
    },
    {
      "id": "cube-223",
      "size": [
        5.0,
        5.0,
        5.0
      ],
      "weight": 1.0,
      "orientation_requirement": "any"
    },
    {
      "id": "cube-224",
      "size": [
        5.0,
        5.0,
        5.0
      ],
      "weight": 1.0,
      "orientation_requirement": "any"
    },
    {
      "id": "cube-225",
      "size": [
        5.0,
        5.0,
        5.0
      ],
      "weight": 1.0,
      "orientation_requirement": "any"
    },
    {
      "id": "cube-226",
      "size": [
        5.0,
        5.0,
        5.0
      ],
      "weight": 1.0,
      "orientation_requirement": "any"
    },
    {
      "id": "cube-227",
      "size": [
        5.0,
        5.0,
        5.0
      ],
      "weight": 1.0,
      "orientation_requirement": "any"
    },
    {
      "id": "cube-228",
      "size": [
        5.0,
        5.0,
        5.0
      ],
      "weight": 1.0,
      "orientation_requirement": "any"
    },
    {
      "id": "cube-229",
      "size": [
        5.0,
        5.0,
        5.0
      ],
      "weight": 1.0,
      "orientation_requirement": "any"
    },
    {
      "id": "cube-230",
      "size": [
        5.0,
        5.0,
        5.0
      ],
      "weight": 1.0,
      "orientation_requirement": "any"
    },
    {
      "id": "cube-231",
      "size": [
        5.0,
        5.0,
        5.0
      ],
      "weight": 1.0,
      "orientation_requirement": "any"
    },
    {
      "id": "cube-232",
      "size": [
        5.0,
        5.0,
        5.0
      ],
      "weight": 1.0,
      "orientation_requirement": "any"
    },
    {
      "id": "cube-233",
      "size": [
        5.0,
        5.0,
        5.0
      ],
      "weight": 1.0,
      "orientation_requirement": "any"
    },
    {
      "id": "cube-234",
      "size": [
        5.0,
        5.0,
        5.0
      ],
      "weight": 1.0,
      "orientation_requirement": "any"
    },
    {
      "id": "cube-235",
      "size": [
        5.0,
        5.0,
        5.0
      ],
      "weight": 1.0,
      "orientation_requirement": "any"
    },
    {
      "id": "cube-236",
      "size": [
        5.0,
        5.0,
        5.0
      ],
      "weight": 1.0,
      "orientation_requirement": "any"
    },
    {
      "id": "cube-237",
      "size": [
        5.0,
        5.0,
        5.0
      ],
      "weight": 1.0,
      "orientation_requirement": "any"
    },
    {
      "id": "cube-238",
      "size": [
        5.0,
        5.0,
        5.0
      ],
      "weight": 1.0,
      "orientation_requirement": "any"
    },
    {
      "id": "cube-239",
      "size": [
        5.0,
        5.0,
        5.0
      ],
      "weight": 1.0,
      "orientation_requirement": "any"
    },
    {
      "id": "cube-240",
      "size": [
        5.0,
        5.0,
        5.0
      ],
      "weight": 1.0,
      "orientation_requirement": "any"
    },
    {
      "id": "cube-241",
      "size": [
        5.0,
        5.0,
        5.0
      ],
      "weight": 1.0,
      "orientation_requirement": "any"
    },
    {
      "id": "cube-242",
      "size": [
        5.0,
        5.0,
        5.0
      ],
      "weight": 1.0,
      "orientation_requirement": "any"
    },
    {
      "id": "cube-243",
      "size": [
        5.0,
        5.0,
        5.0
      ],
      "weight": 1.0,
      "orientation_requirement": "any"
    },
    {
      "id": "cube-244",
      "size": [
        5.0,
        5.0,
        5.0
      ],
      "weight": 1.0,
      "orientation_requirement": "any"
    },
    {
      "id": "cube-245",
      "size": [
        5.0,
        5.0,
        5.0
      ],
      "weight": 1.0,
      "orientation_requirement": "any"
    },
    {
      "id": "cube-246",
      "size": [
        5.0,
        5.0,
        5.0
      ],
      "weight": 1.0,
      "orientation_requirement": "any"
    },
    {
      "id": "cube-247",
      "size": [
        5.0,
        5.0,
        5.0
      ],
      "weight": 1.0,
      "orientation_requirement": "any"
    },
    {
      "id": "cube-248",
      "size": [
        5.0,
        5.0,
        5.0
      ],
      "weight": 1.0,
      "orientation_requirement": "any"
    },
    {
      "id": "cube-249",
      "size": [
        5.0,
        5.0,
        5.0
      ],
      "weight": 1.0,
      "orientation_requirement": "any"
    },
    {
      "id": "cube-250",
      "size": [
        5.0,
        5.0,
        5.0
      ],
      "weight": 1.0,
      "orientation_requirement": "any"
    },
    {
      "id": "cube-251",
      "size": [
        5.0,
        5.0,
        5.0
      ],
      "weight": 1.0,
      "orientation_requirement": "any"
    },
    {
      "id": "cube-252",
      "size": [
        5.0,
        5.0,
        5.0
      ],
      "weight": 1.0,
      "orientation_requirement": "any"
    },
    {
      "id": "cube-253",
      "size": [
        5.0,
        5.0,
        5.0
      ],
      "weight": 1.0,
      "orientation_requirement": "any"
    },
    {
      "id": "cube-254",
      "size": [
        5.0,
        5.0,
        5.0
      ],
      "weight": 1.0,
      "orientation_requirement": "any"
    },
    {
      "id": "cube-255",
      "size": [
        5.0,
        5.0,
        5.0
      ],
      "weight": 1.0,
      "orientation_requirement": "any"
    },
    {
      "id": "cube-256",
      "size": [
        5.0,
        5.0,
        5.0
      ],
      "weight": 1.0,
      "orientation_requirement": "any"
    },
    {
      "id": "cube-257",
      "size": [
        5.0,
        5.0,
        5.0
      ],
      "weight": 1.0,
      "orientation_requirement": "any"
    },
    {
      "id": "cube-258",
      "size": [
        5.0,
        5.0,
        5.0
      ],
      "weight": 1.0,
      "orientation_requirement": "any"
    },
    {
      "id": "cube-259",
      "size": [
        5.0,
        5.0,
        5.0
      ],
      "weight": 1.0,
      "orientation_requirement": "any"
    },
    {
      "id": "cube-260",
      "size": [
        5.0,
        5.0,
        5.0
      ],
      "weight": 1.0,
      "orientation_requirement": "any"
    },
    {
      "id": "cube-261",
      "size": [
        5.0,
        5.0,
        5.0
      ],
      "weight": 1.0,
      "orientation_requirement": "any"
    },
    {
      "id": "cube-262",
      "size": [
        5.0,
        5.0,
        5.0
      ],
      "weight": 1.0,
      "orientation_requirement": "any"
    },
    {
      "id": "cube-263",
      "size": [
        5.0,
        5.0,
        5.0
      ],
      "weight": 1.0,
      "orientation_requirement": "any"
    },
    {
      "id": "cube-264",
      "size": [
        5.0,
        5.0,
        5.0
      ],
      "weight": 1.0,
      "orientation_requirement": "any"
    },
    {
      "id": "cube-265",
      "size": [
        5.0,
        5.0,
        5.0
      ],
      "weight": 1.0,
      "orientation_requirement": "any"
    },
    {
      "id": "cube-266",
      "size": [
        5.0,
        5.0,
        5.0
      ],
      "weight": 1.0,
      "orientation_requirement": "any"
    },
    {
      "id": "cube-267",
      "size": [
        5.0,
        5.0,
        5.0
      ],
      "weight": 1.0,
      "orientation_requirement": "any"
    },
    {
      "id": "cube-268",
      "size": [
        5.0,
        5.0,
        5.0
      ],
      "weight": 1.0,
      "orientation_requirement": "any"
    },
    {
      "id": "cube-269",
      "size": [
        5.0,
        5.0,
        5.0
      ],
      "weight": 1.0,
      "orientation_requirement": "any"
    },
    {
      "id": "cube-270",
      "size": [
        5.0,
        5.0,
        5.0
      ],
      "weight": 1.0,
      "orientation_requirement": "any"
    },
    {
      "id": "cube-271",
      "size": [
        5.0,
        5.0,
        5.0
      ],
      "weight": 1.0,
      "orientation_requirement": "any"
    },
    {
      "id": "cube-272",
      "size": [
        5.0,
        5.0,
        5.0
      ],
      "weight": 1.0,
      "orientation_requirement": "any"
    },
    {
      "id": "cube-273",
      "size": [
        5.0,
        5.0,
        5.0
      ],
      "weight": 1.0,
      "orientation_requirement": "any"
    },
    {
      "id": "cube-274",
      "size": [
        5.0,
        5.0,
        5.0
      ],
      "weight": 1.0,
      "orientation_requirement": "any"
    },
    {
      "id": "cube-275",
      "size": [
        5.0,
        5.0,
        5.0
      ],
      "weight": 1.0,
      "orientation_requirement": "any"
    },
    {
      "id": "cube-276",
      "size": [
        5.0,
        5.0,
        5.0
      ],
      "weight": 1.0,
      "orientation_requirement": "any"
    },
    {
      "id": "cube-277",
      "size": [
        5.0,
        5.0,
        5.0
      ],
      "weight": 1.0,
      "orientation_requirement": "any"
    },
    {
      "id": "cube-278",
      "size": [
        5.0,
        5.0,
        5.0
      ],
      "weight": 1.0,
      "orientation_requirement": "any"
    },
    {
      "id": "cube-279",
      "size": [
        5.0,
        5.0,
        5.0
      ],
      "weight": 1.0,
      "orientation_requirement": "any"
    },
    {
      "id": "cube-280",
      "size": [
        5.0,
        5.0,
        5.0
      ],
      "weight": 1.0,
      "orientation_requirement": "any"
    },
    {
      "id": "cube-281",
      "size": [
        5.0,
        5.0,
        5.0
      ],
      "weight": 1.0,
      "orientation_requirement": "any"
    },
    {
      "id": "cube-282",
      "size": [
        5.0,
        5.0,
        5.0
      ],
      "weight": 1.0,
      "orientation_requirement": "any"
    },
    {
      "id": "cube-283",
      "size": [
        5.0,
        5.0,
        5.0
      ],
      "weight": 1.0,
      "orientation_requirement": "any"
    },
    {
      "id": "cube-284",
      "size": [
        5.0,
        5.0,
        5.0
      ],
      "weight": 1.0,
      "orientation_requirement": "any"
    },
    {
      "id": "cube-285",
      "size": [
        5.0,
        5.0,
        5.0
      ],
      "weight": 1.0,
      "orientation_requirement": "any"
    },
    {
      "id": "cube-286",
      "size": [
        5.0,
        5.0,
        5.0
      ],
      "weight": 1.0,
      "orientation_requirement": "any"
    },
    {
      "id": "cube-287",
      "size": [
        5.0,
        5.0,
        5.0
      ],
      "weight": 1.0,
      "orientation_requirement": "any"
    },
    {
      "id": "cube-288",
      "size": [
        5.0,
        5.0,
        5.0
      ],
      "weight": 1.0,
      "orientation_requirement": "any"
    },
    {
      "id": "cube-289",
      "size": [
        5.0,
        5.0,
        5.0
      ],
      "weight": 1.0,
      "orientation_requirement": "any"
    },
    {
      "id": "cube-290",
      "size": [
        5.0,
        5.0,
        5.0
      ],
      "weight": 1.0,
      "orientation_requirement": "any"
    },
    {
      "id": "cube-291",
      "size": [
        5.0,
        5.0,
        5.0
      ],
      "weight": 1.0,
      "orientation_requirement": "any"
    },
    {
      "id": "cube-292",
      "size": [
        5.0,
        5.0,
        5.0
      ],
      "weight": 1.0,
      "orientation_requirement": "any"
    },
    {
      "id": "cube-293",
      "size": [
        5.0,
        5.0,
        5.0
      ],
      "weight": 1.0,
      "orientation_requirement": "any"
    },
    {
      "id": "cube-294",
      "size": [
        5.0,
        5.0,
        5.0
      ],
      "weight": 1.0,
      "orientation_requirement": "any"
    },
    {
      "id": "cube-295",
      "size": [
        5.0,
        5.0,
        5.0
      ],
      "weight": 1.0,
      "orientation_requirement": "any"
    },
    {
      "id": "cube-296",
      "size": [
        5.0,
        5.0,
        5.0
      ],
      "weight": 1.0,
      "orientation_requirement": "any"
    },
    {
      "id": "cube-297",
      "size": [
        5.0,
        5.0,
        5.0
      ],
      "weight": 1.0,
      "orientation_requirement": "any"
    },
    {
      "id": "cube-298",
      "size": [
        5.0,
        5.0,
        5.0
      ],
      "weight": 1.0,
      "orientation_requirement": "any"
    },
    {
      "id": "cube-299",
      "size": [
        5.0,
        5.0,
        5.0
      ],
      "weight": 1.0,
      "orientation_requirement": "any"
    },
    {
      "id": "cube-300",
      "size": [
        5.0,
        5.0,
        5.0
      ],
      "weight": 1.0,
      "orientation_requirement": "any"
    },
    {
      "id": "cube-301",
      "size": [
        5.0,
        5.0,
        5.0
      ],
      "weight": 1.0,
      "orientation_requirement": "any"
    },
    {
      "id": "cube-302",
      "size": [
        5.0,
        5.0,
        5.0
      ],
      "weight": 1.0,
      "orientation_requirement": "any"
    },
    {
      "id": "cube-303",
      "size": [
        5.0,
        5.0,
        5.0
      ],
      "weight": 1.0,
      "orientation_requirement": "any"
    },
    {
      "id": "cube-304",
      "size": [
        5.0,
        5.0,
        5.0
      ],
      "weight": 1.0,
      "orientation_requirement": "any"
    },
    {
      "id": "cube-305",
      "size": [
        5.0,
        5.0,
        5.0
      ],
      "weight": 1.0,
      "orientation_requirement": "any"
    },
    {
      "id": "cube-306",
      "size": [
        5.0,
        5.0,
        5.0
      ],
      "weight": 1.0,
      "orientation_requirement": "any"
    },
    {
      "id": "cube-307",
      "size": [
        5.0,
        5.0,
        5.0
      ],
      "weight": 1.0,
      "orientation_requirement": "any"
    },
    {
      "id": "cube-308",
      "size": [
        5.0,
        5.0,
        5.0
      ],
      "weight": 1.0,
      "orientation_requirement": "any"
    },
    {
      "id": "cube-309",
      "size": [
        5.0,
        5.0,
        5.0
      ],
      "weight": 1.0,
      "orientation_requirement": "any"
    },
    {
      "id": "cube-310",
      "size": [
        5.0,
        5.0,
        5.0
      ],
      "weight": 1.0,
      "orientation_requirement": "any"
    },
    {
      "id": "cube-311",
      "size": [
        5.0,
        5.0,
        5.0
      ],
      "weight": 1.0,
      "orientation_requirement": "any"
    },
    {
      "id": "cube-312",
      "size": [
        5.0,
        5.0,
        5.0
      ],
      "weight": 1.0,
      "orientation_requirement": "any"
    },
    {
      "id": "cube-313",
      "size": [
        5.0,
        5.0,
        5.0
      ],
      "weight": 1.0,
      "orientation_requirement": "any"
    },
    {
      "id": "cube-314",
      "size": [
        5.0,
        5.0,
        5.0
      ],
      "weight": 1.0,
      "orientation_requirement": "any"
    },
    {
      "id": "cube-315",
      "size": [
        5.0,
        5.0,
        5.0
      ],
      "weight": 1.0,
      "orientation_requirement": "any"
    },
    {
      "id": "cube-316",
      "size": [
        5.0,
        5.0,
        5.0
      ],
      "weight": 1.0,
      "orientation_requirement": "any"
    },
    {
      "id": "cube-317",
      "size": [
        5.0,
        5.0,
        5.0
      ],
      "weight": 1.0,
      "orientation_requirement": "any"
    },
    {
      "id": "cube-318",
      "size": [
        5.0,
        5.0,
        5.0
      ],
      "weight": 1.0,
      "orientation_requirement": "any"
    },
    {
      "id": "cube-319",
      "size": [
        5.0,
        5.0,
        5.0
      ],
      "weight": 1.0,
      "orientation_requirement": "any"
    },
    {
      "id": "cube-320",
      "size": [
        5.0,
        5.0,
        5.0
      ],
      "weight": 1.0,
      "orientation_requirement": "any"
    },
    {
      "id": "cube-321",
      "size": [
        5.0,
        5.0,
        5.0
      ],
      "weight": 1.0,
      "orientation_requirement": "any"
    },
    {
      "id": "cube-322",
      "size": [
        5.0,
        5.0,
        5.0
      ],
      "weight": 1.0,
      "orientation_requirement": "any"
    },
    {
      "id": "cube-323",
      "size": [
        5.0,
        5.0,
        5.0
      ],
      "weight": 1.0,
      "orientation_requirement": "any"
    },
    {
      "id": "cube-324",
      "size": [
        5.0,
        5.0,
        5.0
      ],
      "weight": 1.0,
      "orientation_requirement": "any"
    },
    {
      "id": "cube-325",
      "size": [
        5.0,
        5.0,
        5.0
      ],
      "weight": 1.0,
      "orientation_requirement": "any"
    },
    {
      "id": "cube-326",
      "size": [
        5.0,
        5.0,
        5.0
      ],
      "weight": 1.0,
      "orientation_requirement": "any"
    },
    {
      "id": "cube-327",
      "size": [
        5.0,
        5.0,
        5.0
      ],
      "weight": 1.0,
      "orientation_requirement": "any"
    },
    {
      "id": "cube-328",
      "size": [
        5.0,
        5.0,
        5.0
      ],
      "weight": 1.0,
      "orientation_requirement": "any"
    },
    {
      "id": "cube-329",
      "size": [
        5.0,
        5.0,
        5.0
      ],
      "weight": 1.0,
      "orientation_requirement": "any"
    },
    {
      "id": "cube-330",
      "size": [
        5.0,
        5.0,
        5.0
      ],
      "weight": 1.0,
      "orientation_requirement": "any"
    },
    {
      "id": "cube-331",
      "size": [
        5.0,
        5.0,
        5.0
      ],
      "weight": 1.0,
      "orientation_requirement": "any"
    },
    {
      "id": "cube-332",
      "size": [
        5.0,
        5.0,
        5.0
      ],
      "weight": 1.0,
      "orientation_requirement": "any"
    },
    {
      "id": "cube-333",
      "size": [
        5.0,
        5.0,
        5.0
      ],
      "weight": 1.0,
      "orientation_requirement": "any"
    },
    {
      "id": "cube-334",
      "size": [
        5.0,
        5.0,
        5.0
      ],
      "weight": 1.0,
      "orientation_requirement": "any"
    },
    {
      "id": "cube-335",
      "size": [
        5.0,
        5.0,
        5.0
      ],
      "weight": 1.0,
      "orientation_requirement": "any"
    },
    {
      "id": "cube-336",
      "size": [
        5.0,
        5.0,
        5.0
      ],
      "weight": 1.0,
      "orientation_requirement": "any"
    },
    {
      "id": "cube-337",
      "size": [
        5.0,
        5.0,
        5.0
      ],
      "weight": 1.0,
      "orientation_requirement": "any"
    },
    {
      "id": "cube-338",
      "size": [
        5.0,
        5.0,
        5.0
      ],
      "weight": 1.0,
      "orientation_requirement": "any"
    },
    {
      "id": "cube-339",
      "size": [
        5.0,
        5.0,
        5.0
      ],
      "weight": 1.0,
      "orientation_requirement": "any"
    },
    {
      "id": "cube-340",
      "size": [
        5.0,
        5.0,
        5.0
      ],
      "weight": 1.0,
      "orientation_requirement": "any"
    },
    {
      "id": "cube-341",
      "size": [
        5.0,
        5.0,
        5.0
      ],
      "weight": 1.0,
      "orientation_requirement": "any"
    },
    {
      "id": "cube-342",
      "size": [
        5.0,
        5.0,
        5.0
      ],
      "weight": 1.0,
      "orientation_requirement": "any"
    },
    {
      "id": "cube-343",
      "size": [
        5.0,
        5.0,
        5.0
      ],
      "weight": 1.0,
      "orientation_requirement": "any"
    },
    {
      "id": "cube-344",
      "size": [
        5.0,
        5.0,
        5.0
      ],
      "weight": 1.0,
      "orientation_requirement": "any"
    },
    {
      "id": "cube-345",
      "size": [
        5.0,
        5.0,
        5.0
      ],
      "weight": 1.0,
      "orientation_requirement": "any"
    },
    {
      "id": "cube-346",
      "size": [
        5.0,
        5.0,
        5.0
      ],
      "weight": 1.0,
      "orientation_requirement": "any"
    },
    {
      "id": "cube-347",
      "size": [
        5.0,
        5.0,
        5.0
      ],
      "weight": 1.0,
      "orientation_requirement": "any"
    },
    {
      "id": "cube-348",
      "size": [
        5.0,
        5.0,
        5.0
      ],
      "weight": 1.0,
      "orientation_requirement": "any"
    },
    {
      "id": "cube-349",
      "size": [
        5.0,
        5.0,
        5.0
      ],
      "weight": 1.0,
      "orientation_requirement": "any"
    },
    {
      "id": "cube-350",
      "size": [
        5.0,
        5.0,
        5.0
      ],
      "weight": 1.0,
      "orientation_requirement": "any"
    },
    {
      "id": "cube-351",
      "size": [
        5.0,
        5.0,
        5.0
      ],
      "weight": 1.0,
      "orientation_requirement": "any"
    },
    {
      "id": "cube-352",
      "size": [
        5.0,
        5.0,
        5.0
      ],
      "weight": 1.0,
      "orientation_requirement": "any"
    },
    {
      "id": "cube-353",
      "size": [
        5.0,
        5.0,
        5.0
      ],
      "weight": 1.0,
      "orientation_requirement": "any"
    },
    {
      "id": "cube-354",
      "size": [
        5.0,
        5.0,
        5.0
      ],
      "weight": 1.0,
      "orientation_requirement": "any"
    },
    {
      "id": "cube-355",
      "size": [
        5.0,
        5.0,
        5.0
      ],
      "weight": 1.0,
      "orientation_requirement": "any"
    },
    {
      "id": "cube-356",
      "size": [
        5.0,
        5.0,
        5.0
      ],
      "weight": 1.0,
      "orientation_requirement": "any"
    },
    {
      "id": "cube-357",
      "size": [
        5.0,
        5.0,
        5.0
      ],
      "weight": 1.0,
      "orientation_requirement": "any"
    },
    {
      "id": "cube-358",
      "size": [
        5.0,
        5.0,
        5.0
      ],
      "weight": 1.0,
      "orientation_requirement": "any"
    },
    {
      "id": "cube-359",
      "size": [
        5.0,
        5.0,
        5.0
      ],
      "weight": 1.0,
      "orientation_requirement": "any"
    },
    {
      "id": "cube-360",
      "size": [
        5.0,
        5.0,
        5.0
      ],
      "weight": 1.0,
      "orientation_requirement": "any"
    },
    {
      "id": "cube-361",
      "size": [
        5.0,
        5.0,
        5.0
      ],
      "weight": 1.0,
      "orientation_requirement": "any"
    },
    {
      "id": "cube-362",
      "size": [
        5.0,
        5.0,
        5.0
      ],
      "weight": 1.0,
      "orientation_requirement": "any"
    },
    {
      "id": "cube-363",
      "size": [
        5.0,
        5.0,
        5.0
      ],
      "weight": 1.0,
      "orientation_requirement": "any"
    },
    {
      "id": "cube-364",
      "size": [
        5.0,
        5.0,
        5.0
      ],
      "weight": 1.0,
      "orientation_requirement": "any"
    },
    {
      "id": "cube-365",
      "size": [
        5.0,
        5.0,
        5.0
      ],
      "weight": 1.0,
      "orientation_requirement": "any"
    },
    {
      "id": "cube-366",
      "size": [
        5.0,
        5.0,
        5.0
      ],
      "weight": 1.0,
      "orientation_requirement": "any"
    },
    {
      "id": "cube-367",
      "size": [
        5.0,
        5.0,
        5.0
      ],
      "weight": 1.0,
      "orientation_requirement": "any"
    },
    {
      "id": "cube-368",
      "size": [
        5.0,
        5.0,
        5.0
      ],
      "weight": 1.0,
      "orientation_requirement": "any"
    },
    {
      "id": "cube-369",
      "size": [
        5.0,
        5.0,
        5.0
      ],
      "weight": 1.0,
      "orientation_requirement": "any"
    },
    {
      "id": "cube-370",
      "size": [
        5.0,
        5.0,
        5.0
      ],
      "weight": 1.0,
      "orientation_requirement": "any"
    },
    {
      "id": "cube-371",
      "size": [
        5.0,
        5.0,
        5.0
      ],
      "weight": 1.0,
      "orientation_requirement": "any"
    },
    {
      "id": "cube-372",
      "size": [
        5.0,
        5.0,
        5.0
      ],
      "weight": 1.0,
      "orientation_requirement": "any"
    },
    {
      "id": "cube-373",
      "size": [
        5.0,
        5.0,
        5.0
      ],
      "weight": 1.0,
      "orientation_requirement": "any"
    },
    {
      "id": "cube-374",
      "size": [
        5.0,
        5.0,
        5.0
      ],
      "weight": 1.0,
      "orientation_requirement": "any"
    },
    {
      "id": "cube-375",
      "size": [
        5.0,
        5.0,
        5.0
      ],
      "weight": 1.0,
      "orientation_requirement": "any"
    },
    {
      "id": "cube-376",
      "size": [
        5.0,
        5.0,
        5.0
      ],
      "weight": 1.0,
      "orientation_requirement": "any"
    },
    {
      "id": "cube-377",
      "size": [
        5.0,
        5.0,
        5.0
      ],
      "weight": 1.0,
      "orientation_requirement": "any"
    },
    {
      "id": "cube-378",
      "size": [
        5.0,
        5.0,
        5.0
      ],
      "weight": 1.0,
      "orientation_requirement": "any"
    },
    {
      "id": "cube-379",
      "size": [
        5.0,
        5.0,
        5.0
      ],
      "weight": 1.0,
      "orientation_requirement": "any"
    },
    {
      "id": "cube-380",
      "size": [
        5.0,
        5.0,
        5.0
      ],
      "weight": 1.0,
      "orientation_requirement": "any"
    },
    {
      "id": "cube-381",
      "size": [
        5.0,
        5.0,
        5.0
      ],
      "weight": 1.0,
      "orientation_requirement": "any"
    },
    {
      "id": "cube-382",
      "size": [
        5.0,
        5.0,
        5.0
      ],
      "weight": 1.0,
      "orientation_requirement": "any"
    },
    {
      "id": "cube-383",
      "size": [
        5.0,
        5.0,
        5.0
      ],
      "weight": 1.0,
      "orientation_requirement": "any"
    },
    {
      "id": "cube-384",
      "size": [
        5.0,
        5.0,
        5.0
      ],
      "weight": 1.0,
      "orientation_requirement": "any"
    },
    {
      "id": "cube-385",
      "size": [
        5.0,
        5.0,
        5.0
      ],
      "weight": 1.0,
      "orientation_requirement": "any"
    },
    {
      "id": "cube-386",
      "size": [
        5.0,
        5.0,
        5.0
      ],
      "weight": 1.0,
      "orientation_requirement": "any"
    },
    {
      "id": "cube-387",
      "size": [
        5.0,
        5.0,
        5.0
      ],
      "weight": 1.0,
      "orientation_requirement": "any"
    },
    {
      "id": "cube-388",
      "size": [
        5.0,
        5.0,
        5.0
      ],
      "weight": 1.0,
      "orientation_requirement": "any"
    },
    {
      "id": "cube-389",
      "size": [
        5.0,
        5.0,
        5.0
      ],
      "weight": 1.0,
      "orientation_requirement": "any"
    },
    {
      "id": "cube-390",
      "size": [
        5.0,
        5.0,
        5.0
      ],
      "weight": 1.0,
      "orientation_requirement": "any"
    },
    {
      "id": "cube-391",
      "size": [
        5.0,
        5.0,
        5.0
      ],
      "weight": 1.0,
      "orientation_requirement": "any"
    },
    {
      "id": "cube-392",
      "size": [
        5.0,
        5.0,
        5.0
      ],
      "weight": 1.0,
      "orientation_requirement": "any"
    },
    {
      "id": "cube-393",
      "size": [
        5.0,
        5.0,
        5.0
      ],
      "weight": 1.0,
      "orientation_requirement": "any"
    },
    {
      "id": "cube-394",
      "size": [
        5.0,
        5.0,
        5.0
      ],
      "weight": 1.0,
      "orientation_requirement": "any"
    },
    {
      "id": "cube-395",
      "size": [
        5.0,
        5.0,
        5.0
      ],
      "weight": 1.0,
      "orientation_requirement": "any"
    },
    {
      "id": "cube-396",
      "size": [
        5.0,
        5.0,
        5.0
      ],
      "weight": 1.0,
      "orientation_requirement": "any"
    },
    {
      "id": "cube-397",
      "size": [
        5.0,
        5.0,
        5.0
      ],
      "weight": 1.0,
      "orientation_requirement": "any"
    },
    {
      "id": "cube-398",
      "size": [
        5.0,
        5.0,
        5.0
      ],
      "weight": 1.0,
      "orientation_requirement": "any"
    },
    {
      "id": "cube-399",
      "size": [
        5.0,
        5.0,
        5.0
      ],
      "weight": 1.0,
      "orientation_requirement": "any"
    },
    {
      "id": "cube-400",
      "size": [
        5.0,
        5.0,
        5.0
      ],
      "weight": 1.0,
      "orientation_requirement": "any"
    },
    {
      "id": "cube-401",
      "size": [
        5.0,
        5.0,
        5.0
      ],
      "weight": 1.0,
      "orientation_requirement": "any"
    },
    {
      "id": "cube-402",
      "size": [
        5.0,
        5.0,
        5.0
      ],
      "weight": 1.0,
      "orientation_requirement": "any"
    },
    {
      "id": "cube-403",
      "size": [
        5.0,
        5.0,
        5.0
      ],
      "weight": 1.0,
      "orientation_requirement": "any"
    },
    {
      "id": "cube-404",
      "size": [
        5.0,
        5.0,
        5.0
      ],
      "weight": 1.0,
      "orientation_requirement": "any"
    },
    {
      "id": "cube-405",
      "size": [
        5.0,
        5.0,
        5.0
      ],
      "weight": 1.0,
      "orientation_requirement": "any"
    },
    {
      "id": "cube-406",
      "size": [
        5.0,
        5.0,
        5.0
      ],
      "weight": 1.0,
      "orientation_requirement": "any"
    },
    {
      "id": "cube-407",
      "size": [
        5.0,
        5.0,
        5.0
      ],
      "weight": 1.0,
      "orientation_requirement": "any"
    },
    {
      "id": "cube-408",
      "size": [
        5.0,
        5.0,
        5.0
      ],
      "weight": 1.0,
      "orientation_requirement": "any"
    },
    {
      "id": "cube-409",
      "size": [
        5.0,
        5.0,
        5.0
      ],
      "weight": 1.0,
      "orientation_requirement": "any"
    },
    {
      "id": "cube-410",
      "size": [
        5.0,
        5.0,
        5.0
      ],
      "weight": 1.0,
      "orientation_requirement": "any"
    },
    {
      "id": "cube-411",
      "size": [
        5.0,
        5.0,
        5.0
      ],
      "weight": 1.0,
      "orientation_requirement": "any"
    },
    {
      "id": "cube-412",
      "size": [
        5.0,
        5.0,
        5.0
      ],
      "weight": 1.0,
      "orientation_requirement": "any"
    },
    {
      "id": "cube-413",
      "size": [
        5.0,
        5.0,
        5.0
      ],
      "weight": 1.0,
      "orientation_requirement": "any"
    },
    {
      "id": "cube-414",
      "size": [
        5.0,
        5.0,
        5.0
      ],
      "weight": 1.0,
      "orientation_requirement": "any"
    },
    {
      "id": "cube-415",
      "size": [
        5.0,
        5.0,
        5.0
      ],
      "weight": 1.0,
      "orientation_requirement": "any"
    },
    {
      "id": "cube-416",
      "size": [
        5.0,
        5.0,
        5.0
      ],
      "weight": 1.0,
      "orientation_requirement": "any"
    },
    {
      "id": "cube-417",
      "size": [
        5.0,
        5.0,
        5.0
      ],
      "weight": 1.0,
      "orientation_requirement": "any"
    },
    {
      "id": "cube-418",
      "size": [
        5.0,
        5.0,
        5.0
      ],
      "weight": 1.0,
      "orientation_requirement": "any"
    },
    {
      "id": "cube-419",
      "size": [
        5.0,
        5.0,
        5.0
      ],
      "weight": 1.0,
      "orientation_requirement": "any"
    },
    {
      "id": "cube-420",
      "size": [
        5.0,
        5.0,
        5.0
      ],
      "weight": 1.0,
      "orientation_requirement": "any"
    },
    {
      "id": "cube-421",
      "size": [
        5.0,
        5.0,
        5.0
      ],
      "weight": 1.0,
      "orientation_requirement": "any"
    },
    {
      "id": "cube-422",
      "size": [
        5.0,
        5.0,
        5.0
      ],
      "weight": 1.0,
      "orientation_requirement": "any"
    },
    {
      "id": "cube-423",
      "size": [
        5.0,
        5.0,
        5.0
      ],
      "weight": 1.0,
      "orientation_requirement": "any"
    },
    {
      "id": "cube-424",
      "size": [
        5.0,
        5.0,
        5.0
      ],
      "weight": 1.0,
      "orientation_requirement": "any"
    },
    {
      "id": "cube-425",
      "size": [
        5.0,
        5.0,
        5.0
      ],
      "weight": 1.0,
      "orientation_requirement": "any"
    },
    {
      "id": "cube-426",
      "size": [
        5.0,
        5.0,
        5.0
      ],
      "weight": 1.0,
      "orientation_requirement": "any"
    },
    {
      "id": "cube-427",
      "size": [
        5.0,
        5.0,
        5.0
      ],
      "weight": 1.0,
      "orientation_requirement": "any"
    },
    {
      "id": "cube-428",
      "size": [
        5.0,
        5.0,
        5.0
      ],
      "weight": 1.0,
      "orientation_requirement": "any"
    },
    {
      "id": "cube-429",
      "size": [
        5.0,
        5.0,
        5.0
      ],
      "weight": 1.0,
      "orientation_requirement": "any"
    },
    {
      "id": "cube-430",
      "size": [
        5.0,
        5.0,
        5.0
      ],
      "weight": 1.0,
      "orientation_requirement": "any"
    },
    {
      "id": "cube-431",
      "size": [
        5.0,
        5.0,
        5.0
      ],
      "weight": 1.0,
      "orientation_requirement": "any"
    },
    {
      "id": "cube-432",
      "size": [
        5.0,
        5.0,
        5.0
      ],
      "weight": 1.0,
      "orientation_requirement": "any"
    },
    {
      "id": "cube-433",
      "size": [
        5.0,
        5.0,
        5.0
      ],
      "weight": 1.0,
      "orientation_requirement": "any"
    },
    {
      "id": "cube-434",
      "size": [
        5.0,
        5.0,
        5.0
      ],
      "weight": 1.0,
      "orientation_requirement": "any"
    },
    {
      "id": "cube-435",
      "size": [
        5.0,
        5.0,
        5.0
      ],
      "weight": 1.0,
      "orientation_requirement": "any"
    },
    {
      "id": "cube-436",
      "size": [
        5.0,
        5.0,
        5.0
      ],
      "weight": 1.0,
      "orientation_requirement": "any"
    },
    {
      "id": "cube-437",
      "size": [
        5.0,
        5.0,
        5.0
      ],
      "weight": 1.0,
      "orientation_requirement": "any"
    },
    {
      "id": "cube-438",
      "size": [
        5.0,
        5.0,
        5.0
      ],
      "weight": 1.0,
      "orientation_requirement": "any"
    },
    {
      "id": "cube-439",
      "size": [
        5.0,
        5.0,
        5.0
      ],
      "weight": 1.0,
      "orientation_requirement": "any"
    },
    {
      "id": "cube-440",
      "size": [
        5.0,
        5.0,
        5.0
      ],
      "weight": 1.0,
      "orientation_requirement": "any"
    },
    {
      "id": "cube-441",
      "size": [
        5.0,
        5.0,
        5.0
      ],
      "weight": 1.0,
      "orientation_requirement": "any"
    },
    {
      "id": "cube-442",
      "size": [
        5.0,
        5.0,
        5.0
      ],
      "weight": 1.0,
      "orientation_requirement": "any"
    },
    {
      "id": "cube-443",
      "size": [
        5.0,
        5.0,
        5.0
      ],
      "weight": 1.0,
      "orientation_requirement": "any"
    },
    {
      "id": "cube-444",
      "size": [
        5.0,
        5.0,
        5.0
      ],
      "weight": 1.0,
      "orientation_requirement": "any"
    },
    {
      "id": "cube-445",
      "size": [
        5.0,
        5.0,
        5.0
      ],
      "weight": 1.0,
      "orientation_requirement": "any"
    },
    {
      "id": "cube-446",
      "size": [
        5.0,
        5.0,
        5.0
      ],
      "weight": 1.0,
      "orientation_requirement": "any"
    },
    {
      "id": "cube-447",
      "size": [
        5.0,
        5.0,
        5.0
      ],
      "weight": 1.0,
      "orientation_requirement": "any"
    },
    {
      "id": "cube-448",
      "size": [
        5.0,
        5.0,
        5.0
      ],
      "weight": 1.0,
      "orientation_requirement": "any"
    },
    {
      "id": "cube-449",
      "size": [
        5.0,
        5.0,
        5.0
      ],
      "weight": 1.0,
      "orientation_requirement": "any"
    },
    {
      "id": "cube-450",
      "size": [
        5.0,
        5.0,
        5.0
      ],
      "weight": 1.0,
      "orientation_requirement": "any"
    },
    {
      "id": "cube-451",
      "size": [
        5.0,
        5.0,
        5.0
      ],
      "weight": 1.0,
      "orientation_requirement": "any"
    },
    {
      "id": "cube-452",
      "size": [
        5.0,
        5.0,
        5.0
      ],
      "weight": 1.0,
      "orientation_requirement": "any"
    },
    {
      "id": "cube-453",
      "size": [
        5.0,
        5.0,
        5.0
      ],
      "weight": 1.0,
      "orientation_requirement": "any"
    },
    {
      "id": "cube-454",
      "size": [
        5.0,
        5.0,
        5.0
      ],
      "weight": 1.0,
      "orientation_requirement": "any"
    },
    {
      "id": "cube-455",
      "size": [
        5.0,
        5.0,
        5.0
      ],
      "weight": 1.0,
      "orientation_requirement": "any"
    },
    {
      "id": "cube-456",
      "size": [
        5.0,
        5.0,
        5.0
      ],
      "weight": 1.0,
      "orientation_requirement": "any"
    },
    {
      "id": "cube-457",
      "size": [
        5.0,
        5.0,
        5.0
      ],
      "weight": 1.0,
      "orientation_requirement": "any"
    },
    {
      "id": "cube-458",
      "size": [
        5.0,
        5.0,
        5.0
      ],
      "weight": 1.0,
      "orientation_requirement": "any"
    },
    {
      "id": "cube-459",
      "size": [
        5.0,
        5.0,
        5.0
      ],
      "weight": 1.0,
      "orientation_requirement": "any"
    },
    {
      "id": "cube-460",
      "size": [
        5.0,
        5.0,
        5.0
      ],
      "weight": 1.0,
      "orientation_requirement": "any"
    },
    {
      "id": "cube-461",
      "size": [
        5.0,
        5.0,
        5.0
      ],
      "weight": 1.0,
      "orientation_requirement": "any"
    },
    {
      "id": "cube-462",
      "size": [
        5.0,
        5.0,
        5.0
      ],
      "weight": 1.0,
      "orientation_requirement": "any"
    },
    {
      "id": "cube-463",
      "size": [
        5.0,
        5.0,
        5.0
      ],
      "weight": 1.0,
      "orientation_requirement": "any"
    },
    {
      "id": "cube-464",
      "size": [
        5.0,
        5.0,
        5.0
      ],
      "weight": 1.0,
      "orientation_requirement": "any"
    },
    {
      "id": "cube-465",
      "size": [
        5.0,
        5.0,
        5.0
      ],
      "weight": 1.0,
      "orientation_requirement": "any"
    },
    {
      "id": "cube-466",
      "size": [
        5.0,
        5.0,
        5.0
      ],
      "weight": 1.0,
      "orientation_requirement": "any"
    },
    {
      "id": "cube-467",
      "size": [
        5.0,
        5.0,
        5.0
      ],
      "weight": 1.0,
      "orientation_requirement": "any"
    },
    {
      "id": "cube-468",
      "size": [
        5.0,
        5.0,
        5.0
      ],
      "weight": 1.0,
      "orientation_requirement": "any"
    },
    {
      "id": "cube-469",
      "size": [
        5.0,
        5.0,
        5.0
      ],
      "weight": 1.0,
      "orientation_requirement": "any"
    },
    {
      "id": "cube-470",
      "size": [
        5.0,
        5.0,
        5.0
      ],
      "weight": 1.0,
      "orientation_requirement": "any"
    },
    {
      "id": "cube-471",
      "size": [
        5.0,
        5.0,
        5.0
      ],
      "weight": 1.0,
      "orientation_requirement": "any"
    },
    {
      "id": "cube-472",
      "size": [
        5.0,
        5.0,
        5.0
      ],
      "weight": 1.0,
      "orientation_requirement": "any"
    },
    {
      "id": "cube-473",
      "size": [
        5.0,
        5.0,
        5.0
      ],
      "weight": 1.0,
      "orientation_requirement": "any"
    },
    {
      "id": "cube-474",
      "size": [
        5.0,
        5.0,
        5.0
      ],
      "weight": 1.0,
      "orientation_requirement": "any"
    },
    {
      "id": "cube-475",
      "size": [
        5.0,
        5.0,
        5.0
      ],
      "weight": 1.0,
      "orientation_requirement": "any"
    },
    {
      "id": "cube-476",
      "size": [
        5.0,
        5.0,
        5.0
      ],
      "weight": 1.0,
      "orientation_requirement": "any"
    },
    {
      "id": "cube-477",
      "size": [
        5.0,
        5.0,
        5.0
      ],
      "weight": 1.0,
      "orientation_requirement": "any"
    },
    {
      "id": "cube-478",
      "size": [
        5.0,
        5.0,
        5.0
      ],
      "weight": 1.0,
      "orientation_requirement": "any"
    },
    {
      "id": "cube-479",
      "size": [
        5.0,
        5.0,
        5.0
      ],
      "weight": 1.0,
      "orientation_requirement": "any"
    },
    {
      "id": "cube-480",
      "size": [
        5.0,
        5.0,
        5.0
      ],
      "weight": 1.0,
      "orientation_requirement": "any"
    },
    {
      "id": "cube-481",
      "size": [
        5.0,
        5.0,
        5.0
      ],
      "weight": 1.0,
      "orientation_requirement": "any"
    },
    {
      "id": "cube-482",
      "size": [
        5.0,
        5.0,
        5.0
      ],
      "weight": 1.0,
      "orientation_requirement": "any"
    },
    {
      "id": "cube-483",
      "size": [
        5.0,
        5.0,
        5.0
      ],
      "weight": 1.0,
      "orientation_requirement": "any"
    },
    {
      "id": "cube-484",
      "size": [
        5.0,
        5.0,
        5.0
      ],
      "weight": 1.0,
      "orientation_requirement": "any"
    },
    {
      "id": "cube-485",
      "size": [
        5.0,
        5.0,
        5.0
      ],
      "weight": 1.0,
      "orientation_requirement": "any"
    },
    {
      "id": "cube-486",
      "size": [
        5.0,
        5.0,
        5.0
      ],
      "weight": 1.0,
      "orientation_requirement": "any"
    },
    {
      "id": "cube-487",
      "size": [
        5.0,
        5.0,
        5.0
      ],
      "weight": 1.0,
      "orientation_requirement": "any"
    },
    {
      "id": "cube-488",
      "size": [
        5.0,
        5.0,
        5.0
      ],
      "weight": 1.0,
      "orientation_requirement": "any"
    },
    {
      "id": "cube-489",
      "size": [
        5.0,
        5.0,
        5.0
      ],
      "weight": 1.0,
      "orientation_requirement": "any"
    },
    {
      "id": "cube-490",
      "size": [
        5.0,
        5.0,
        5.0
      ],
      "weight": 1.0,
      "orientation_requirement": "any"
    },
    {
      "id": "cube-491",
      "size": [
        5.0,
        5.0,
        5.0
      ],
      "weight": 1.0,
      "orientation_requirement": "any"
    },
    {
      "id": "cube-492",
      "size": [
        5.0,
        5.0,
        5.0
      ],
      "weight": 1.0,
      "orientation_requirement": "any"
    },
    {
      "id": "cube-493",
      "size": [
        5.0,
        5.0,
        5.0
      ],
      "weight": 1.0,
      "orientation_requirement": "any"
    },
    {
      "id": "cube-494",
      "size": [
        5.0,
        5.0,
        5.0
      ],
      "weight": 1.0,
      "orientation_requirement": "any"
    },
    {
      "id": "cube-495",
      "size": [
        5.0,
        5.0,
        5.0
      ],
      "weight": 1.0,
      "orientation_requirement": "any"
    },
    {
      "id": "cube-496",
      "size": [
        5.0,
        5.0,
        5.0
      ],
      "weight": 1.0,
      "orientation_requirement": "any"
    },
    {
      "id": "cube-497",
      "size": [
        5.0,
        5.0,
        5.0
      ],
      "weight": 1.0,
      "orientation_requirement": "any"
    },
    {
      "id": "cube-498",
      "size": [
        5.0,
        5.0,
        5.0
      ],
      "weight": 1.0,
      "orientation_requirement": "any"
    },
    {
      "id": "cube-499",
      "size": [
        5.0,
        5.0,
        5.0
      ],
      "weight": 1.0,
      "orientation_requirement": "any"
    },
    {
      "id": "cube-500",
      "size": [
        5.0,
        5.0,
        5.0
      ],
      "weight": 1.0,
      "orientation_requirement": "any"
    },
    {
      "id": "cube-501",
      "size": [
        5.0,
        5.0,
        5.0
      ],
      "weight": 1.0,
      "orientation_requirement": "any"
    },
    {
      "id": "cube-502",
      "size": [
        5.0,
        5.0,
        5.0
      ],
      "weight": 1.0,
      "orientation_requirement": "any"
    },
    {
      "id": "cube-503",
      "size": [
        5.0,
        5.0,
        5.0
      ],
      "weight": 1.0,
      "orientation_requirement": "any"
    },
    {
      "id": "cube-504",
      "size": [
        5.0,
        5.0,
        5.0
      ],
      "weight": 1.0,
      "orientation_requirement": "any"
    },
    {
      "id": "cube-505",
      "size": [
        5.0,
        5.0,
        5.0
      ],
      "weight": 1.0,
      "orientation_requirement": "any"
    },
    {
      "id": "cube-506",
      "size": [
        5.0,
        5.0,
        5.0
      ],
      "weight": 1.0,
      "orientation_requirement": "any"
    },
    {
      "id": "cube-507",
      "size": [
        5.0,
        5.0,
        5.0
      ],
      "weight": 1.0,
      "orientation_requirement": "any"
    },
    {
      "id": "cube-508",
      "size": [
        5.0,
        5.0,
        5.0
      ],
      "weight": 1.0,
      "orientation_requirement": "any"
    },
    {
      "id": "cube-509",
      "size": [
        5.0,
        5.0,
        5.0
      ],
      "weight": 1.0,
      "orientation_requirement": "any"
    },
    {
      "id": "cube-510",
      "size": [
        5.0,
        5.0,
        5.0
      ],
      "weight": 1.0,
      "orientation_requirement": "any"
    },
    {
      "id": "cube-511",
      "size": [
        5.0,
        5.0,
        5.0
      ],
      "weight": 1.0,
      "orientation_requirement": "any"
    }
  ],
  "placements": [
    {
      "item_id": "cube-0",
      "bin_id": "bin-000",
      "position": [
        0.0,
        0.0,
        0.0
      ],
      "size": [
        5.0,
        5.0,
        5.0
      ],
      "original_size": [
        5.0,
        5.0,
        5.0
      ],
      "weight": 1.0,
      "rotation": "xyz",
      "rotation_index": 0
    },
    {
      "item_id": "cube-1",
      "bin_id": "bin-000",
      "position": [
        5.0,
        0.0,
        0.0
      ],
      "size": [
        5.0,
        5.0,
        5.0
      ],
      "original_size": [
        5.0,
        5.0,
        5.0
      ],
      "weight": 1.0,
      "rotation": "xyz",
      "rotation_index": 0
    },
    {
      "item_id": "cube-2",
      "bin_id": "bin-000",
      "position": [
        0.0,
        5.0,
        0.0
      ],
      "size": [
        5.0,
        5.0,
        5.0
      ],
      "original_size": [
        5.0,
        5.0,
        5.0
      ],
      "weight": 1.0,
      "rotation": "xyz",
      "rotation_index": 0
    },
    {
      "item_id": "cube-3",
      "bin_id": "bin-000",
      "position": [
        5.0,
        5.0,
        0.0
      ],
      "size": [
        5.0,
        5.0,
        5.0
      ],
      "original_size": [
        5.0,
        5.0,
        5.0
      ],
      "weight": 1.0,
      "rotation": "xyz",
      "rotation_index": 0
    },
    {
      "item_id": "cube-4",
      "bin_id": "bin-000",
      "position": [
        0.0,
        0.0,
        5.0
      ],
      "size": [
        5.0,
        5.0,
        5.0
      ],
      "original_size": [
        5.0,
        5.0,
        5.0
      ],
      "weight": 1.0,
      "rotation": "xyz",
      "rotation_index": 0
    },
    {
      "item_id": "cube-5",
      "bin_id": "bin-000",
      "position": [
        5.0,
        0.0,
        5.0
      ],
      "size": [
        5.0,
        5.0,
        5.0
      ],
      "original_size": [
        5.0,
        5.0,
        5.0
      ],
      "weight": 1.0,
      "rotation": "xyz",
      "rotation_index": 0
    },
    {
      "item_id": "cube-6",
      "bin_id": "bin-000",
      "position": [
        0.0,
        5.0,
        5.0
      ],
      "size": [
        5.0,
        5.0,
        5.0
      ],
      "original_size": [
        5.0,
        5.0,
        5.0
      ],
      "weight": 1.0,
      "rotation": "xyz",
      "rotation_index": 0
    },
    {
      "item_id": "cube-7",
      "bin_id": "bin-000",
      "position": [
        5.0,
        5.0,
        5.0
      ],
      "size": [
        5.0,
        5.0,
        5.0
      ],
      "original_size": [
        5.0,
        5.0,
        5.0
      ],
      "weight": 1.0,
      "rotation": "xyz",
      "rotation_index": 0
    },
    {
      "item_id": "cube-8",
      "bin_id": "bin-001",
      "position": [
        0.0,
        0.0,
        0.0
      ],
      "size": [
        5.0,
        5.0,
        5.0
      ],
      "original_size": [
        5.0,
        5.0,
        5.0
      ],
      "weight": 1.0,
      "rotation": "xyz",
      "rotation_index": 0
    },
    {
      "item_id": "cube-9",
      "bin_id": "bin-001",
      "position": [
        5.0,
        0.0,
        0.0
      ],
      "size": [
        5.0,
        5.0,
        5.0
      ],
      "original_size": [
        5.0,
        5.0,
        5.0
      ],
      "weight": 1.0,
      "rotation": "xyz",
      "rotation_index": 0
    },
    {
      "item_id": "cube-10",
      "bin_id": "bin-001",
      "position": [
        0.0,
        5.0,
        0.0
      ],
      "size": [
        5.0,
        5.0,
        5.0
      ],
      "original_size": [
        5.0,
        5.0,
        5.0
      ],
      "weight": 1.0,
      "rotation": "xyz",
      "rotation_index": 0
    },
    {
      "item_id": "cube-11",
      "bin_id": "bin-001",
      "position": [
        5.0,
        5.0,
        0.0
      ],
      "size": [
        5.0,
        5.0,
        5.0
      ],
      "original_size": [
        5.0,
        5.0,
        5.0
      ],
      "weight": 1.0,
      "rotation": "xyz",
      "rotation_index": 0
    },
    {
      "item_id": "cube-12",
      "bin_id": "bin-001",
      "position": [
        0.0,
        0.0,
        5.0
      ],
      "size": [
        5.0,
        5.0,
        5.0
      ],
      "original_size": [
        5.0,
        5.0,
        5.0
      ],
      "weight": 1.0,
      "rotation": "xyz",
      "rotation_index": 0
    },
    {
      "item_id": "cube-13",
      "bin_id": "bin-001",
      "position": [
        5.0,
        0.0,
        5.0
      ],
      "size": [
        5.0,
        5.0,
        5.0
      ],
      "original_size": [
        5.0,
        5.0,
        5.0
      ],
      "weight": 1.0,
      "rotation": "xyz",
      "rotation_index": 0
    },
    {
      "item_id": "cube-14",
      "bin_id": "bin-001",
      "position": [
        0.0,
        5.0,
        5.0
      ],
      "size": [
        5.0,
        5.0,
        5.0
      ],
      "original_size": [
        5.0,
        5.0,
        5.0
      ],
      "weight": 1.0,
      "rotation": "xyz",
      "rotation_index": 0
    },
    {
      "item_id": "cube-15",
      "bin_id": "bin-001",
      "position": [
        5.0,
        5.0,
        5.0
      ],
      "size": [
        5.0,
        5.0,
        5.0
      ],
      "original_size": [
        5.0,
        5.0,
        5.0
      ],
      "weight": 1.0,
      "rotation": "xyz",
      "rotation_index": 0
    },
    {
      "item_id": "cube-16",
      "bin_id": "bin-002",
      "position": [
        0.0,
        0.0,
        0.0
      ],
      "size": [
        5.0,
        5.0,
        5.0
      ],
      "original_size": [
        5.0,
        5.0,
        5.0
      ],
      "weight": 1.0,
      "rotation": "xyz",
      "rotation_index": 0
    },
    {
      "item_id": "cube-17",
      "bin_id": "bin-002",
      "position": [
        5.0,
        0.0,
        0.0
      ],
      "size": [
        5.0,
        5.0,
        5.0
      ],
      "original_size": [
        5.0,
        5.0,
        5.0
      ],
      "weight": 1.0,
      "rotation": "xyz",
      "rotation_index": 0
    },
    {
      "item_id": "cube-18",
      "bin_id": "bin-002",
      "position": [
        0.0,
        5.0,
        0.0
      ],
      "size": [
        5.0,
        5.0,
        5.0
      ],
      "original_size": [
        5.0,
        5.0,
        5.0
      ],
      "weight": 1.0,
      "rotation": "xyz",
      "rotation_index": 0
    },
    {
      "item_id": "cube-19",
      "bin_id": "bin-002",
      "position": [
        5.0,
        5.0,
        0.0
      ],
      "size": [
        5.0,
        5.0,
        5.0
      ],
      "original_size": [
        5.0,
        5.0,
        5.0
      ],
      "weight": 1.0,
      "rotation": "xyz",
      "rotation_index": 0
    },
    {
      "item_id": "cube-20",
      "bin_id": "bin-002",
      "position": [
        0.0,
        0.0,
        5.0
      ],
      "size": [
        5.0,
        5.0,
        5.0
      ],
      "original_size": [
        5.0,
        5.0,
        5.0
      ],
      "weight": 1.0,
      "rotation": "xyz",
      "rotation_index": 0
    },
    {
      "item_id": "cube-21",
      "bin_id": "bin-002",
      "position": [
        5.0,
        0.0,
        5.0
      ],
      "size": [
        5.0,
        5.0,
        5.0
      ],
      "original_size": [
        5.0,
        5.0,
        5.0
      ],
      "weight": 1.0,
      "rotation": "xyz",
      "rotation_index": 0
    },
    {
      "item_id": "cube-22",
      "bin_id": "bin-002",
      "position": [
        0.0,
        5.0,
        5.0
      ],
      "size": [
        5.0,
        5.0,
        5.0
      ],
      "original_size": [
        5.0,
        5.0,
        5.0
      ],
      "weight": 1.0,
      "rotation": "xyz",
      "rotation_index": 0
    },
    {
      "item_id": "cube-23",
      "bin_id": "bin-002",
      "position": [
        5.0,
        5.0,
        5.0
      ],
      "size": [
        5.0,
        5.0,
        5.0
      ],
      "original_size": [
        5.0,
        5.0,
        5.0
      ],
      "weight": 1.0,
      "rotation": "xyz",
      "rotation_index": 0
    },
    {
      "item_id": "cube-24",
      "bin_id": "bin-003",
      "position": [
        0.0,
        0.0,
        0.0
      ],
      "size": [
        5.0,
        5.0,
        5.0
      ],
      "original_size": [
        5.0,
        5.0,
        5.0
      ],
      "weight": 1.0,
      "rotation": "xyz",
      "rotation_index": 0
    },
    {
      "item_id": "cube-25",
      "bin_id": "bin-003",
      "position": [
        5.0,
        0.0,
        0.0
      ],
      "size": [
        5.0,
        5.0,
        5.0
      ],
      "original_size": [
        5.0,
        5.0,
        5.0
      ],
      "weight": 1.0,
      "rotation": "xyz",
      "rotation_index": 0
    },
    {
      "item_id": "cube-26",
      "bin_id": "bin-003",
      "position": [
        0.0,
        5.0,
        0.0
      ],
      "size": [
        5.0,
        5.0,
        5.0
      ],
      "original_size": [
        5.0,
        5.0,
        5.0
      ],
      "weight": 1.0,
      "rotation": "xyz",
      "rotation_index": 0
    },
    {
      "item_id": "cube-27",
      "bin_id": "bin-003",
      "position": [
        5.0,
        5.0,
        0.0
      ],
      "size": [
        5.0,
        5.0,
        5.0
      ],
      "original_size": [
        5.0,
        5.0,
        5.0
      ],
      "weight": 1.0,
      "rotation": "xyz",
      "rotation_index": 0
    },
    {
      "item_id": "cube-28",
      "bin_id": "bin-003",
      "position": [
        0.0,
        0.0,
        5.0
      ],
      "size": [
        5.0,
        5.0,
        5.0
      ],
      "original_size": [
        5.0,
        5.0,
        5.0
      ],
      "weight": 1.0,
      "rotation": "xyz",
      "rotation_index": 0
    },
    {
      "item_id": "cube-29",
      "bin_id": "bin-003",
      "position": [
        5.0,
        0.0,
        5.0
      ],
      "size": [
        5.0,
        5.0,
        5.0
      ],
      "original_size": [
        5.0,
        5.0,
        5.0
      ],
      "weight": 1.0,
      "rotation": "xyz",
      "rotation_index": 0
    },
    {
      "item_id": "cube-30",
      "bin_id": "bin-003",
      "position": [
        0.0,
        5.0,
        5.0
      ],
      "size": [
        5.0,
        5.0,
        5.0
      ],
      "original_size": [
        5.0,
        5.0,
        5.0
      ],
      "weight": 1.0,
      "rotation": "xyz",
      "rotation_index": 0
    },
    {
      "item_id": "cube-31",
      "bin_id": "bin-003",
      "position": [
        5.0,
        5.0,
        5.0
      ],
      "size": [
        5.0,
        5.0,
        5.0
      ],
      "original_size": [
        5.0,
        5.0,
        5.0
      ],
      "weight": 1.0,
      "rotation": "xyz",
      "rotation_index": 0
    },
    {
      "item_id": "cube-32",
      "bin_id": "bin-004",
      "position": [
        0.0,
        0.0,
        0.0
      ],
      "size": [
        5.0,
        5.0,
        5.0
      ],
      "original_size": [
        5.0,
        5.0,
        5.0
      ],
      "weight": 1.0,
      "rotation": "xyz",
      "rotation_index": 0
    },
    {
      "item_id": "cube-33",
      "bin_id": "bin-004",
      "position": [
        5.0,
        0.0,
        0.0
      ],
      "size": [
        5.0,
        5.0,
        5.0
      ],
      "original_size": [
        5.0,
        5.0,
        5.0
      ],
      "weight": 1.0,
      "rotation": "xyz",
      "rotation_index": 0
    },
    {
      "item_id": "cube-34",
      "bin_id": "bin-004",
      "position": [
        0.0,
        5.0,
        0.0
      ],
      "size": [
        5.0,
        5.0,
        5.0
      ],
      "original_size": [
        5.0,
        5.0,
        5.0
      ],
      "weight": 1.0,
      "rotation": "xyz",
      "rotation_index": 0
    },
    {
      "item_id": "cube-35",
      "bin_id": "bin-004",
      "position": [
        5.0,
        5.0,
        0.0
      ],
      "size": [
        5.0,
        5.0,
        5.0
      ],
      "original_size": [
        5.0,
        5.0,
        5.0
      ],
      "weight": 1.0,
      "rotation": "xyz",
      "rotation_index": 0
    },
    {
      "item_id": "cube-36",
      "bin_id": "bin-004",
      "position": [
        0.0,
        0.0,
        5.0
      ],
      "size": [
        5.0,
        5.0,
        5.0
      ],
      "original_size": [
        5.0,
        5.0,
        5.0
      ],
      "weight": 1.0,
      "rotation": "xyz",
      "rotation_index": 0
    },
    {
      "item_id": "cube-37",
      "bin_id": "bin-004",
      "position": [
        5.0,
        0.0,
        5.0
      ],
      "size": [
        5.0,
        5.0,
        5.0
      ],
      "original_size": [
        5.0,
        5.0,
        5.0
      ],
      "weight": 1.0,
      "rotation": "xyz",
      "rotation_index": 0
    },
    {
      "item_id": "cube-38",
      "bin_id": "bin-004",
      "position": [
        0.0,
        5.0,
        5.0
      ],
      "size": [
        5.0,
        5.0,
        5.0
      ],
      "original_size": [
        5.0,
        5.0,
        5.0
      ],
      "weight": 1.0,
      "rotation": "xyz",
      "rotation_index": 0
    },
    {
      "item_id": "cube-39",
      "bin_id": "bin-004",
      "position": [
        5.0,
        5.0,
        5.0
      ],
      "size": [
        5.0,
        5.0,
        5.0
      ],
      "original_size": [
        5.0,
        5.0,
        5.0
      ],
      "weight": 1.0,
      "rotation": "xyz",
      "rotation_index": 0
    },
    {
      "item_id": "cube-40",
      "bin_id": "bin-005",
      "position": [
        0.0,
        0.0,
        0.0
      ],
      "size": [
        5.0,
        5.0,
        5.0
      ],
      "original_size": [
        5.0,
        5.0,
        5.0
      ],
      "weight": 1.0,
      "rotation": "xyz",
      "rotation_index": 0
    },
    {
      "item_id": "cube-41",
      "bin_id": "bin-005",
      "position": [
        5.0,
        0.0,
        0.0
      ],
      "size": [
        5.0,
        5.0,
        5.0
      ],
      "original_size": [
        5.0,
        5.0,
        5.0
      ],
      "weight": 1.0,
      "rotation": "xyz",
      "rotation_index": 0
    },
    {
      "item_id": "cube-42",
      "bin_id": "bin-005",
      "position": [
        0.0,
        5.0,
        0.0
      ],
      "size": [
        5.0,
        5.0,
        5.0
      ],
      "original_size": [
        5.0,
        5.0,
        5.0
      ],
      "weight": 1.0,
      "rotation": "xyz",
      "rotation_index": 0
    },
    {
      "item_id": "cube-43",
      "bin_id": "bin-005",
      "position": [
        5.0,
        5.0,
        0.0
      ],
      "size": [
        5.0,
        5.0,
        5.0
      ],
      "original_size": [
        5.0,
        5.0,
        5.0
      ],
      "weight": 1.0,
      "rotation": "xyz",
      "rotation_index": 0
    },
    {
      "item_id": "cube-44",
      "bin_id": "bin-005",
      "position": [
        0.0,
        0.0,
        5.0
      ],
      "size": [
        5.0,
        5.0,
        5.0
      ],
      "original_size": [
        5.0,
        5.0,
        5.0
      ],
      "weight": 1.0,
      "rotation": "xyz",
      "rotation_index": 0
    },
    {
      "item_id": "cube-45",
      "bin_id": "bin-005",
      "position": [
        5.0,
        0.0,
        5.0
      ],
      "size": [
        5.0,
        5.0,
        5.0
      ],
      "original_size": [
        5.0,
        5.0,
        5.0
      ],
      "weight": 1.0,
      "rotation": "xyz",
      "rotation_index": 0
    },
    {
      "item_id": "cube-46",
      "bin_id": "bin-005",
      "position": [
        0.0,
        5.0,
        5.0
      ],
      "size": [
        5.0,
        5.0,
        5.0
      ],
      "original_size": [
        5.0,
        5.0,
        5.0
      ],
      "weight": 1.0,
      "rotation": "xyz",
      "rotation_index": 0
    },
    {
      "item_id": "cube-47",
      "bin_id": "bin-005",
      "position": [
        5.0,
        5.0,
        5.0
      ],
      "size": [
        5.0,
        5.0,
        5.0
      ],
      "original_size": [
        5.0,
        5.0,
        5.0
      ],
      "weight": 1.0,
      "rotation": "xyz",
      "rotation_index": 0
    },
    {
      "item_id": "cube-48",
      "bin_id": "bin-006",
      "position": [
        0.0,
        0.0,
        0.0
      ],
      "size": [
        5.0,
        5.0,
        5.0
      ],
      "original_size": [
        5.0,
        5.0,
        5.0
      ],
      "weight": 1.0,
      "rotation": "xyz",
      "rotation_index": 0
    },
    {
      "item_id": "cube-49",
      "bin_id": "bin-006",
      "position": [
        5.0,
        0.0,
        0.0
      ],
      "size": [
        5.0,
        5.0,
        5.0
      ],
      "original_size": [
        5.0,
        5.0,
        5.0
      ],
      "weight": 1.0,
      "rotation": "xyz",
      "rotation_index": 0
    },
    {
      "item_id": "cube-50",
      "bin_id": "bin-006",
      "position": [
        0.0,
        5.0,
        0.0
      ],
      "size": [
        5.0,
        5.0,
        5.0
      ],
      "original_size": [
        5.0,
        5.0,
        5.0
      ],
      "weight": 1.0,
      "rotation": "xyz",
      "rotation_index": 0
    },
    {
      "item_id": "cube-51",
      "bin_id": "bin-006",
      "position": [
        5.0,
        5.0,
        0.0
      ],
      "size": [
        5.0,
        5.0,
        5.0
      ],
      "original_size": [
        5.0,
        5.0,
        5.0
      ],
      "weight": 1.0,
      "rotation": "xyz",
      "rotation_index": 0
    },
    {
      "item_id": "cube-52",
      "bin_id": "bin-006",
      "position": [
        0.0,
        0.0,
        5.0
      ],
      "size": [
        5.0,
        5.0,
        5.0
      ],
      "original_size": [
        5.0,
        5.0,
        5.0
      ],
      "weight": 1.0,
      "rotation": "xyz",
      "rotation_index": 0
    },
    {
      "item_id": "cube-53",
      "bin_id": "bin-006",
      "position": [
        5.0,
        0.0,
        5.0
      ],
      "size": [
        5.0,
        5.0,
        5.0
      ],
      "original_size": [
        5.0,
        5.0,
        5.0
      ],
      "weight": 1.0,
      "rotation": "xyz",
      "rotation_index": 0
    },
    {
      "item_id": "cube-54",
      "bin_id": "bin-006",
      "position": [
        0.0,
        5.0,
        5.0
      ],
      "size": [
        5.0,
        5.0,
        5.0
      ],
      "original_size": [
        5.0,
        5.0,
        5.0
      ],
      "weight": 1.0,
      "rotation": "xyz",
      "rotation_index": 0
    },
    {
      "item_id": "cube-55",
      "bin_id": "bin-006",
      "position": [
        5.0,
        5.0,
        5.0
      ],
      "size": [
        5.0,
        5.0,
        5.0
      ],
      "original_size": [
        5.0,
        5.0,
        5.0
      ],
      "weight": 1.0,
      "rotation": "xyz",
      "rotation_index": 0
    },
    {
      "item_id": "cube-56",
      "bin_id": "bin-007",
      "position": [
        0.0,
        0.0,
        0.0
      ],
      "size": [
        5.0,
        5.0,
        5.0
      ],
      "original_size": [
        5.0,
        5.0,
        5.0
      ],
      "weight": 1.0,
      "rotation": "xyz",
      "rotation_index": 0
    },
    {
      "item_id": "cube-57",
      "bin_id": "bin-007",
      "position": [
        5.0,
        0.0,
        0.0
      ],
      "size": [
        5.0,
        5.0,
        5.0
      ],
      "original_size": [
        5.0,
        5.0,
        5.0
      ],
      "weight": 1.0,
      "rotation": "xyz",
      "rotation_index": 0
    },
    {
      "item_id": "cube-58",
      "bin_id": "bin-007",
      "position": [
        0.0,
        5.0,
        0.0
      ],
      "size": [
        5.0,
        5.0,
        5.0
      ],
      "original_size": [
        5.0,
        5.0,
        5.0
      ],
      "weight": 1.0,
      "rotation": "xyz",
      "rotation_index": 0
    },
    {
      "item_id": "cube-59",
      "bin_id": "bin-007",
      "position": [
        5.0,
        5.0,
        0.0
      ],
      "size": [
        5.0,
        5.0,
        5.0
      ],
      "original_size": [
        5.0,
        5.0,
        5.0
      ],
      "weight": 1.0,
      "rotation": "xyz",
      "rotation_index": 0
    },
    {
      "item_id": "cube-60",
      "bin_id": "bin-007",
      "position": [
        0.0,
        0.0,
        5.0
      ],
      "size": [
        5.0,
        5.0,
        5.0
      ],
      "original_size": [
        5.0,
        5.0,
        5.0
      ],
      "weight": 1.0,
      "rotation": "xyz",
      "rotation_index": 0
    },
    {
      "item_id": "cube-61",
      "bin_id": "bin-007",
      "position": [
        5.0,
        0.0,
        5.0
      ],
      "size": [
        5.0,
        5.0,
        5.0
      ],
      "original_size": [
        5.0,
        5.0,
        5.0
      ],
      "weight": 1.0,
      "rotation": "xyz",
      "rotation_index": 0
    },
    {
      "item_id": "cube-62",
      "bin_id": "bin-007",
      "position": [
        0.0,
        5.0,
        5.0
      ],
      "size": [
        5.0,
        5.0,
        5.0
      ],
      "original_size": [
        5.0,
        5.0,
        5.0
      ],
      "weight": 1.0,
      "rotation": "xyz",
      "rotation_index": 0
    },
    {
      "item_id": "cube-63",
      "bin_id": "bin-007",
      "position": [
        5.0,
        5.0,
        5.0
      ],
      "size": [
        5.0,
        5.0,
        5.0
      ],
      "original_size": [
        5.0,
        5.0,
        5.0
      ],
      "weight": 1.0,
      "rotation": "xyz",
      "rotation_index": 0
    },
    {
      "item_id": "cube-64",
      "bin_id": "bin-008",
      "position": [
        0.0,
        0.0,
        0.0
      ],
      "size": [
        5.0,
        5.0,
        5.0
      ],
      "original_size": [
        5.0,
        5.0,
        5.0
      ],
      "weight": 1.0,
      "rotation": "xyz",
      "rotation_index": 0
    },
    {
      "item_id": "cube-65",
      "bin_id": "bin-008",
      "position": [
        5.0,
        0.0,
        0.0
      ],
      "size": [
        5.0,
        5.0,
        5.0
      ],
      "original_size": [
        5.0,
        5.0,
        5.0
      ],
      "weight": 1.0,
      "rotation": "xyz",
      "rotation_index": 0
    },
    {
      "item_id": "cube-66",
      "bin_id": "bin-008",
      "position": [
        0.0,
        5.0,
        0.0
      ],
      "size": [
        5.0,
        5.0,
        5.0
      ],
      "original_size": [
        5.0,
        5.0,
        5.0
      ],
      "weight": 1.0,
      "rotation": "xyz",
      "rotation_index": 0
    },
    {
      "item_id": "cube-67",
      "bin_id": "bin-008",
      "position": [
        5.0,
        5.0,
        0.0
      ],
      "size": [
        5.0,
        5.0,
        5.0
      ],
      "original_size": [
        5.0,
        5.0,
        5.0
      ],
      "weight": 1.0,
      "rotation": "xyz",
      "rotation_index": 0
    },
    {
      "item_id": "cube-68",
      "bin_id": "bin-008",
      "position": [
        0.0,
        0.0,
        5.0
      ],
      "size": [
        5.0,
        5.0,
        5.0
      ],
      "original_size": [
        5.0,
        5.0,
        5.0
      ],
      "weight": 1.0,
      "rotation": "xyz",
      "rotation_index": 0
    },
    {
      "item_id": "cube-69",
      "bin_id": "bin-008",
      "position": [
        5.0,
        0.0,
        5.0
      ],
      "size": [
        5.0,
        5.0,
        5.0
      ],
      "original_size": [
        5.0,
        5.0,
        5.0
      ],
      "weight": 1.0,
      "rotation": "xyz",
      "rotation_index": 0
    },
    {
      "item_id": "cube-70",
      "bin_id": "bin-008",
      "position": [
        0.0,
        5.0,
        5.0
      ],
      "size": [
        5.0,
        5.0,
        5.0
      ],
      "original_size": [
        5.0,
        5.0,
        5.0
      ],
      "weight": 1.0,
      "rotation": "xyz",
      "rotation_index": 0
    },
    {
      "item_id": "cube-71",
      "bin_id": "bin-008",
      "position": [
        5.0,
        5.0,
        5.0
      ],
      "size": [
        5.0,
        5.0,
        5.0
      ],
      "original_size": [
        5.0,
        5.0,
        5.0
      ],
      "weight": 1.0,
      "rotation": "xyz",
      "rotation_index": 0
    },
    {
      "item_id": "cube-72",
      "bin_id": "bin-009",
      "position": [
        0.0,
        0.0,
        0.0
      ],
      "size": [
        5.0,
        5.0,
        5.0
      ],
      "original_size": [
        5.0,
        5.0,
        5.0
      ],
      "weight": 1.0,
      "rotation": "xyz",
      "rotation_index": 0
    },
    {
      "item_id": "cube-73",
      "bin_id": "bin-009",
      "position": [
        5.0,
        0.0,
        0.0
      ],
      "size": [
        5.0,
        5.0,
        5.0
      ],
      "original_size": [
        5.0,
        5.0,
        5.0
      ],
      "weight": 1.0,
      "rotation": "xyz",
      "rotation_index": 0
    },
    {
      "item_id": "cube-74",
      "bin_id": "bin-009",
      "position": [
        0.0,
        5.0,
        0.0
      ],
      "size": [
        5.0,
        5.0,
        5.0
      ],
      "original_size": [
        5.0,
        5.0,
        5.0
      ],
      "weight": 1.0,
      "rotation": "xyz",
      "rotation_index": 0
    },
    {
      "item_id": "cube-75",
      "bin_id": "bin-009",
      "position": [
        5.0,
        5.0,
        0.0
      ],
      "size": [
        5.0,
        5.0,
        5.0
      ],
      "original_size": [
        5.0,
        5.0,
        5.0
      ],
      "weight": 1.0,
      "rotation": "xyz",
      "rotation_index": 0
    },
    {
      "item_id": "cube-76",
      "bin_id": "bin-009",
      "position": [
        0.0,
        0.0,
        5.0
      ],
      "size": [
        5.0,
        5.0,
        5.0
      ],
      "original_size": [
        5.0,
        5.0,
        5.0
      ],
      "weight": 1.0,
      "rotation": "xyz",
      "rotation_index": 0
    },
    {
      "item_id": "cube-77",
      "bin_id": "bin-009",
      "position": [
        5.0,
        0.0,
        5.0
      ],
      "size": [
        5.0,
        5.0,
        5.0
      ],
      "original_size": [
        5.0,
        5.0,
        5.0
      ],
      "weight": 1.0,
      "rotation": "xyz",
      "rotation_index": 0
    },
    {
      "item_id": "cube-78",
      "bin_id": "bin-009",
      "position": [
        0.0,
        5.0,
        5.0
      ],
      "size": [
        5.0,
        5.0,
        5.0
      ],
      "original_size": [
        5.0,
        5.0,
        5.0
      ],
      "weight": 1.0,
      "rotation": "xyz",
      "rotation_index": 0
    },
    {
      "item_id": "cube-79",
      "bin_id": "bin-009",
      "position": [
        5.0,
        5.0,
        5.0
      ],
      "size": [
        5.0,
        5.0,
        5.0
      ],
      "original_size": [
        5.0,
        5.0,
        5.0
      ],
      "weight": 1.0,
      "rotation": "xyz",
      "rotation_index": 0
    },
    {
      "item_id": "cube-80",
      "bin_id": "bin-010",
      "position": [
        0.0,
        0.0,
        0.0
      ],
      "size": [
        5.0,
        5.0,
        5.0
      ],
      "original_size": [
        5.0,
        5.0,
        5.0
      ],
      "weight": 1.0,
      "rotation": "xyz",
      "rotation_index": 0
    },
    {
      "item_id": "cube-81",
      "bin_id": "bin-010",
      "position": [
        5.0,
        0.0,
        0.0
      ],
      "size": [
        5.0,
        5.0,
        5.0
      ],
      "original_size": [
        5.0,
        5.0,
        5.0
      ],
      "weight": 1.0,
      "rotation": "xyz",
      "rotation_index": 0
    },
    {
      "item_id": "cube-82",
      "bin_id": "bin-010",
      "position": [
        0.0,
        5.0,
        0.0
      ],
      "size": [
        5.0,
        5.0,
        5.0
      ],
      "original_size": [
        5.0,
        5.0,
        5.0
      ],
      "weight": 1.0,
      "rotation": "xyz",
      "rotation_index": 0
    },
    {
      "item_id": "cube-83",
      "bin_id": "bin-010",
      "position": [
        5.0,
        5.0,
        0.0
      ],
      "size": [
        5.0,
        5.0,
        5.0
      ],
      "original_size": [
        5.0,
        5.0,
        5.0
      ],
      "weight": 1.0,
      "rotation": "xyz",
      "rotation_index": 0
    },
    {
      "item_id": "cube-84",
      "bin_id": "bin-010",
      "position": [
        0.0,
        0.0,
        5.0
      ],
      "size": [
        5.0,
        5.0,
        5.0
      ],
      "original_size": [
        5.0,
        5.0,
        5.0
      ],
      "weight": 1.0,
      "rotation": "xyz",
      "rotation_index": 0
    },
    {
      "item_id": "cube-85",
      "bin_id": "bin-010",
      "position": [
        5.0,
        0.0,
        5.0
      ],
      "size": [
        5.0,
        5.0,
        5.0
      ],
      "original_size": [
        5.0,
        5.0,
        5.0
      ],
      "weight": 1.0,
      "rotation": "xyz",
      "rotation_index": 0
    },
    {
      "item_id": "cube-86",
      "bin_id": "bin-010",
      "position": [
        0.0,
        5.0,
        5.0
      ],
      "size": [
        5.0,
        5.0,
        5.0
      ],
      "original_size": [
        5.0,
        5.0,
        5.0
      ],
      "weight": 1.0,
      "rotation": "xyz",
      "rotation_index": 0
    },
    {
      "item_id": "cube-87",
      "bin_id": "bin-010",
      "position": [
        5.0,
        5.0,
        5.0
      ],
      "size": [
        5.0,
        5.0,
        5.0
      ],
      "original_size": [
        5.0,
        5.0,
        5.0
      ],
      "weight": 1.0,
      "rotation": "xyz",
      "rotation_index": 0
    },
    {
      "item_id": "cube-88",
      "bin_id": "bin-011",
      "position": [
        0.0,
        0.0,
        0.0
      ],
      "size": [
        5.0,
        5.0,
        5.0
      ],
      "original_size": [
        5.0,
        5.0,
        5.0
      ],
      "weight": 1.0,
      "rotation": "xyz",
      "rotation_index": 0
    },
    {
      "item_id": "cube-89",
      "bin_id": "bin-011",
      "position": [
        5.0,
        0.0,
        0.0
      ],
      "size": [
        5.0,
        5.0,
        5.0
      ],
      "original_size": [
        5.0,
        5.0,
        5.0
      ],
      "weight": 1.0,
      "rotation": "xyz",
      "rotation_index": 0
    },
    {
      "item_id": "cube-90",
      "bin_id": "bin-011",
      "position": [
        0.0,
        5.0,
        0.0
      ],
      "size": [
        5.0,
        5.0,
        5.0
      ],
      "original_size": [
        5.0,
        5.0,
        5.0
      ],
      "weight": 1.0,
      "rotation": "xyz",
      "rotation_index": 0
    },
    {
      "item_id": "cube-91",
      "bin_id": "bin-011",
      "position": [
        5.0,
        5.0,
        0.0
      ],
      "size": [
        5.0,
        5.0,
        5.0
      ],
      "original_size": [
        5.0,
        5.0,
        5.0
      ],
      "weight": 1.0,
      "rotation": "xyz",
      "rotation_index": 0
    },
    {
      "item_id": "cube-92",
      "bin_id": "bin-011",
      "position": [
        0.0,
        0.0,
        5.0
      ],
      "size": [
        5.0,
        5.0,
        5.0
      ],
      "original_size": [
        5.0,
        5.0,
        5.0
      ],
      "weight": 1.0,
      "rotation": "xyz",
      "rotation_index": 0
    },
    {
      "item_id": "cube-93",
      "bin_id": "bin-011",
      "position": [
        5.0,
        0.0,
        5.0
      ],
      "size": [
        5.0,
        5.0,
        5.0
      ],
      "original_size": [
        5.0,
        5.0,
        5.0
      ],
      "weight": 1.0,
      "rotation": "xyz",
      "rotation_index": 0
    },
    {
      "item_id": "cube-94",
      "bin_id": "bin-011",
      "position": [
        0.0,
        5.0,
        5.0
      ],
      "size": [
        5.0,
        5.0,
        5.0
      ],
      "original_size": [
        5.0,
        5.0,
        5.0
      ],
      "weight": 1.0,
      "rotation": "xyz",
      "rotation_index": 0
    },
    {
      "item_id": "cube-95",
      "bin_id": "bin-011",
      "position": [
        5.0,
        5.0,
        5.0
      ],
      "size": [
        5.0,
        5.0,
        5.0
      ],
      "original_size": [
        5.0,
        5.0,
        5.0
      ],
      "weight": 1.0,
      "rotation": "xyz",
      "rotation_index": 0
    },
    {
      "item_id": "cube-96",
      "bin_id": "bin-012",
      "position": [
        0.0,
        0.0,
        0.0
      ],
      "size": [
        5.0,
        5.0,
        5.0
      ],
      "original_size": [
        5.0,
        5.0,
        5.0
      ],
      "weight": 1.0,
      "rotation": "xyz",
      "rotation_index": 0
    },
    {
      "item_id": "cube-97",
      "bin_id": "bin-012",
      "position": [
        5.0,
        0.0,
        0.0
      ],
      "size": [
        5.0,
        5.0,
        5.0
      ],
      "original_size": [
        5.0,
        5.0,
        5.0
      ],
      "weight": 1.0,
      "rotation": "xyz",
      "rotation_index": 0
    },
    {
      "item_id": "cube-98",
      "bin_id": "bin-012",
      "position": [
        0.0,
        5.0,
        0.0
      ],
      "size": [
        5.0,
        5.0,
        5.0
      ],
      "original_size": [
        5.0,
        5.0,
        5.0
      ],
      "weight": 1.0,
      "rotation": "xyz",
      "rotation_index": 0
    },
    {
      "item_id": "cube-99",
      "bin_id": "bin-012",
      "position": [
        5.0,
        5.0,
        0.0
      ],
      "size": [
        5.0,
        5.0,
        5.0
      ],
      "original_size": [
        5.0,
        5.0,
        5.0
      ],
      "weight": 1.0,
      "rotation": "xyz",
      "rotation_index": 0
    },
    {
      "item_id": "cube-100",
      "bin_id": "bin-012",
      "position": [
        0.0,
        0.0,
        5.0
      ],
      "size": [
        5.0,
        5.0,
        5.0
      ],
      "original_size": [
        5.0,
        5.0,
        5.0
      ],
      "weight": 1.0,
      "rotation": "xyz",
      "rotation_index": 0
    },
    {
      "item_id": "cube-101",
      "bin_id": "bin-012",
      "position": [
        5.0,
        0.0,
        5.0
      ],
      "size": [
        5.0,
        5.0,
        5.0
      ],
      "original_size": [
        5.0,
        5.0,
        5.0
      ],
      "weight": 1.0,
      "rotation": "xyz",
      "rotation_index": 0
    },
    {
      "item_id": "cube-102",
      "bin_id": "bin-012",
      "position": [
        0.0,
        5.0,
        5.0
      ],
      "size": [
        5.0,
        5.0,
        5.0
      ],
      "original_size": [
        5.0,
        5.0,
        5.0
      ],
      "weight": 1.0,
      "rotation": "xyz",
      "rotation_index": 0
    },
    {
      "item_id": "cube-103",
      "bin_id": "bin-012",
      "position": [
        5.0,
        5.0,
        5.0
      ],
      "size": [
        5.0,
        5.0,
        5.0
      ],
      "original_size": [
        5.0,
        5.0,
        5.0
      ],
      "weight": 1.0,
      "rotation": "xyz",
      "rotation_index": 0
    },
    {
      "item_id": "cube-104",
      "bin_id": "bin-013",
      "position": [
        0.0,
        0.0,
        0.0
      ],
      "size": [
        5.0,
        5.0,
        5.0
      ],
      "original_size": [
        5.0,
        5.0,
        5.0
      ],
      "weight": 1.0,
      "rotation": "xyz",
      "rotation_index": 0
    },
    {
      "item_id": "cube-105",
      "bin_id": "bin-013",
      "position": [
        5.0,
        0.0,
        0.0
      ],
      "size": [
        5.0,
        5.0,
        5.0
      ],
      "original_size": [
        5.0,
        5.0,
        5.0
      ],
      "weight": 1.0,
      "rotation": "xyz",
      "rotation_index": 0
    },
    {
      "item_id": "cube-106",
      "bin_id": "bin-013",
      "position": [
        0.0,
        5.0,
        0.0
      ],
      "size": [
        5.0,
        5.0,
        5.0
      ],
      "original_size": [
        5.0,
        5.0,
        5.0
      ],
      "weight": 1.0,
      "rotation": "xyz",
      "rotation_index": 0
    },
    {
      "item_id": "cube-107",
      "bin_id": "bin-013",
      "position": [
        5.0,
        5.0,
        0.0
      ],
      "size": [
        5.0,
        5.0,
        5.0
      ],
      "original_size": [
        5.0,
        5.0,
        5.0
      ],
      "weight": 1.0,
      "rotation": "xyz",
      "rotation_index": 0
    },
    {
      "item_id": "cube-108",
      "bin_id": "bin-013",
      "position": [
        0.0,
        0.0,
        5.0
      ],
      "size": [
        5.0,
        5.0,
        5.0
      ],
      "original_size": [
        5.0,
        5.0,
        5.0
      ],
      "weight": 1.0,
      "rotation": "xyz",
      "rotation_index": 0
    },
    {
      "item_id": "cube-109",
      "bin_id": "bin-013",
      "position": [
        5.0,
        0.0,
        5.0
      ],
      "size": [
        5.0,
        5.0,
        5.0
      ],
      "original_size": [
        5.0,
        5.0,
        5.0
      ],
      "weight": 1.0,
      "rotation": "xyz",
      "rotation_index": 0
    },
    {
      "item_id": "cube-110",
      "bin_id": "bin-013",
      "position": [
        0.0,
        5.0,
        5.0
      ],
      "size": [
        5.0,
        5.0,
        5.0
      ],
      "original_size": [
        5.0,
        5.0,
        5.0
      ],
      "weight": 1.0,
      "rotation": "xyz",
      "rotation_index": 0
    },
    {
      "item_id": "cube-111",
      "bin_id": "bin-013",
      "position": [
        5.0,
        5.0,
        5.0
      ],
      "size": [
        5.0,
        5.0,
        5.0
      ],
      "original_size": [
        5.0,
        5.0,
        5.0
      ],
      "weight": 1.0,
      "rotation": "xyz",
      "rotation_index": 0
    },
    {
      "item_id": "cube-112",
      "bin_id": "bin-014",
      "position": [
        0.0,
        0.0,
        0.0
      ],
      "size": [
        5.0,
        5.0,
        5.0
      ],
      "original_size": [
        5.0,
        5.0,
        5.0
      ],
      "weight": 1.0,
      "rotation": "xyz",
      "rotation_index": 0
    },
    {
      "item_id": "cube-113",
      "bin_id": "bin-014",
      "position": [
        5.0,
        0.0,
        0.0
      ],
      "size": [
        5.0,
        5.0,
        5.0
      ],
      "original_size": [
        5.0,
        5.0,
        5.0
      ],
      "weight": 1.0,
      "rotation": "xyz",
      "rotation_index": 0
    },
    {
      "item_id": "cube-114",
      "bin_id": "bin-014",
      "position": [
        0.0,
        5.0,
        0.0
      ],
      "size": [
        5.0,
        5.0,
        5.0
      ],
      "original_size": [
        5.0,
        5.0,
        5.0
      ],
      "weight": 1.0,
      "rotation": "xyz",
      "rotation_index": 0
    },
    {
      "item_id": "cube-115",
      "bin_id": "bin-014",
      "position": [
        5.0,
        5.0,
        0.0
      ],
      "size": [
        5.0,
        5.0,
        5.0
      ],
      "original_size": [
        5.0,
        5.0,
        5.0
      ],
      "weight": 1.0,
      "rotation": "xyz",
      "rotation_index": 0
    },
    {
      "item_id": "cube-116",
      "bin_id": "bin-014",
      "position": [
        0.0,
        0.0,
        5.0
      ],
      "size": [
        5.0,
        5.0,
        5.0
      ],
      "original_size": [
        5.0,
        5.0,
        5.0
      ],
      "weight": 1.0,
      "rotation": "xyz",
      "rotation_index": 0
    },
    {
      "item_id": "cube-117",
      "bin_id": "bin-014",
      "position": [
        5.0,
        0.0,
        5.0
      ],
      "size": [
        5.0,
        5.0,
        5.0
      ],
      "original_size": [
        5.0,
        5.0,
        5.0
      ],
      "weight": 1.0,
      "rotation": "xyz",
      "rotation_index": 0
    },
    {
      "item_id": "cube-118",
      "bin_id": "bin-014",
      "position": [
        0.0,
        5.0,
        5.0
      ],
      "size": [
        5.0,
        5.0,
        5.0
      ],
      "original_size": [
        5.0,
        5.0,
        5.0
      ],
      "weight": 1.0,
      "rotation": "xyz",
      "rotation_index": 0
    },
    {
      "item_id": "cube-119",
      "bin_id": "bin-014",
      "position": [
        5.0,
        5.0,
        5.0
      ],
      "size": [
        5.0,
        5.0,
        5.0
      ],
      "original_size": [
        5.0,
        5.0,
        5.0
      ],
      "weight": 1.0,
      "rotation": "xyz",
      "rotation_index": 0
    },
    {
      "item_id": "cube-120",
      "bin_id": "bin-015",
      "position": [
        0.0,
        0.0,
        0.0
      ],
      "size": [
        5.0,
        5.0,
        5.0
      ],
      "original_size": [
        5.0,
        5.0,
        5.0
      ],
      "weight": 1.0,
      "rotation": "xyz",
      "rotation_index": 0
    },
    {
      "item_id": "cube-121",
      "bin_id": "bin-015",
      "position": [
        5.0,
        0.0,
        0.0
      ],
      "size": [
        5.0,
        5.0,
        5.0
      ],
      "original_size": [
        5.0,
        5.0,
        5.0
      ],
      "weight": 1.0,
      "rotation": "xyz",
      "rotation_index": 0
    },
    {
      "item_id": "cube-122",
      "bin_id": "bin-015",
      "position": [
        0.0,
        5.0,
        0.0
      ],
      "size": [
        5.0,
        5.0,
        5.0
      ],
      "original_size": [
        5.0,
        5.0,
        5.0
      ],
      "weight": 1.0,
      "rotation": "xyz",
      "rotation_index": 0
    },
    {
      "item_id": "cube-123",
      "bin_id": "bin-015",
      "position": [
        5.0,
        5.0,
        0.0
      ],
      "size": [
        5.0,
        5.0,
        5.0
      ],
      "original_size": [
        5.0,
        5.0,
        5.0
      ],
      "weight": 1.0,
      "rotation": "xyz",
      "rotation_index": 0
    },
    {
      "item_id": "cube-124",
      "bin_id": "bin-015",
      "position": [
        0.0,
        0.0,
        5.0
      ],
      "size": [
        5.0,
        5.0,
        5.0
      ],
      "original_size": [
        5.0,
        5.0,
        5.0
      ],
      "weight": 1.0,
      "rotation": "xyz",
      "rotation_index": 0
    },
    {
      "item_id": "cube-125",
      "bin_id": "bin-015",
      "position": [
        5.0,
        0.0,
        5.0
      ],
      "size": [
        5.0,
        5.0,
        5.0
      ],
      "original_size": [
        5.0,
        5.0,
        5.0
      ],
      "weight": 1.0,
      "rotation": "xyz",
      "rotation_index": 0
    },
    {
      "item_id": "cube-126",
      "bin_id": "bin-015",
      "position": [
        0.0,
        5.0,
        5.0
      ],
      "size": [
        5.0,
        5.0,
        5.0
      ],
      "original_size": [
        5.0,
        5.0,
        5.0
      ],
      "weight": 1.0,
      "rotation": "xyz",
      "rotation_index": 0
    },
    {
      "item_id": "cube-127",
      "bin_id": "bin-015",
      "position": [
        5.0,
        5.0,
        5.0
      ],
      "size": [
        5.0,
        5.0,
        5.0
      ],
      "original_size": [
        5.0,
        5.0,
        5.0
      ],
      "weight": 1.0,
      "rotation": "xyz",
      "rotation_index": 0
    },
    {
      "item_id": "cube-128",
      "bin_id": "bin-016",
      "position": [
        0.0,
        0.0,
        0.0
      ],
      "size": [
        5.0,
        5.0,
        5.0
      ],
      "original_size": [
        5.0,
        5.0,
        5.0
      ],
      "weight": 1.0,
      "rotation": "xyz",
      "rotation_index": 0
    },
    {
      "item_id": "cube-129",
      "bin_id": "bin-016",
      "position": [
        5.0,
        0.0,
        0.0
      ],
      "size": [
        5.0,
        5.0,
        5.0
      ],
      "original_size": [
        5.0,
        5.0,
        5.0
      ],
      "weight": 1.0,
      "rotation": "xyz",
      "rotation_index": 0
    },
    {
      "item_id": "cube-130",
      "bin_id": "bin-016",
      "position": [
        0.0,
        5.0,
        0.0
      ],
      "size": [
        5.0,
        5.0,
        5.0
      ],
      "original_size": [
        5.0,
        5.0,
        5.0
      ],
      "weight": 1.0,
      "rotation": "xyz",
      "rotation_index": 0
    },
    {
      "item_id": "cube-131",
      "bin_id": "bin-016",
      "position": [
        5.0,
        5.0,
        0.0
      ],
      "size": [
        5.0,
        5.0,
        5.0
      ],
      "original_size": [
        5.0,
        5.0,
        5.0
      ],
      "weight": 1.0,
      "rotation": "xyz",
      "rotation_index": 0
    },
    {
      "item_id": "cube-132",
      "bin_id": "bin-016",
      "position": [
        0.0,
        0.0,
        5.0
      ],
      "size": [
        5.0,
        5.0,
        5.0
      ],
      "original_size": [
        5.0,
        5.0,
        5.0
      ],
      "weight": 1.0,
      "rotation": "xyz",
      "rotation_index": 0
    },
    {
      "item_id": "cube-133",
      "bin_id": "bin-016",
      "position": [
        5.0,
        0.0,
        5.0
      ],
      "size": [
        5.0,
        5.0,
        5.0
      ],
      "original_size": [
        5.0,
        5.0,
        5.0
      ],
      "weight": 1.0,
      "rotation": "xyz",
      "rotation_index": 0
    },
    {
      "item_id": "cube-134",
      "bin_id": "bin-016",
      "position": [
        0.0,
        5.0,
        5.0
      ],
      "size": [
        5.0,
        5.0,
        5.0
      ],
      "original_size": [
        5.0,
        5.0,
        5.0
      ],
      "weight": 1.0,
      "rotation": "xyz",
      "rotation_index": 0
    },
    {
      "item_id": "cube-135",
      "bin_id": "bin-016",
      "position": [
        5.0,
        5.0,
        5.0
      ],
      "size": [
        5.0,
        5.0,
        5.0
      ],
      "original_size": [
        5.0,
        5.0,
        5.0
      ],
      "weight": 1.0,
      "rotation": "xyz",
      "rotation_index": 0
    },
    {
      "item_id": "cube-136",
      "bin_id": "bin-017",
      "position": [
        0.0,
        0.0,
        0.0
      ],
      "size": [
        5.0,
        5.0,
        5.0
      ],
      "original_size": [
        5.0,
        5.0,
        5.0
      ],
      "weight": 1.0,
      "rotation": "xyz",
      "rotation_index": 0
    },
    {
      "item_id": "cube-137",
      "bin_id": "bin-017",
      "position": [
        5.0,
        0.0,
        0.0
      ],
      "size": [
        5.0,
        5.0,
        5.0
      ],
      "original_size": [
        5.0,
        5.0,
        5.0
      ],
      "weight": 1.0,
      "rotation": "xyz",
      "rotation_index": 0
    },
    {
      "item_id": "cube-138",
      "bin_id": "bin-017",
      "position": [
        0.0,
        5.0,
        0.0
      ],
      "size": [
        5.0,
        5.0,
        5.0
      ],
      "original_size": [
        5.0,
        5.0,
        5.0
      ],
      "weight": 1.0,
      "rotation": "xyz",
      "rotation_index": 0
    },
    {
      "item_id": "cube-139",
      "bin_id": "bin-017",
      "position": [
        5.0,
        5.0,
        0.0
      ],
      "size": [
        5.0,
        5.0,
        5.0
      ],
      "original_size": [
        5.0,
        5.0,
        5.0
      ],
      "weight": 1.0,
      "rotation": "xyz",
      "rotation_index": 0
    },
    {
      "item_id": "cube-140",
      "bin_id": "bin-017",
      "position": [
        0.0,
        0.0,
        5.0
      ],
      "size": [
        5.0,
        5.0,
        5.0
      ],
      "original_size": [
        5.0,
        5.0,
        5.0
      ],
      "weight": 1.0,
      "rotation": "xyz",
      "rotation_index": 0
    },
    {
      "item_id": "cube-141",
      "bin_id": "bin-017",
      "position": [
        5.0,
        0.0,
        5.0
      ],
      "size": [
        5.0,
        5.0,
        5.0
      ],
      "original_size": [
        5.0,
        5.0,
        5.0
      ],
      "weight": 1.0,
      "rotation": "xyz",
      "rotation_index": 0
    },
    {
      "item_id": "cube-142",
      "bin_id": "bin-017",
      "position": [
        0.0,
        5.0,
        5.0
      ],
      "size": [
        5.0,
        5.0,
        5.0
      ],
      "original_size": [
        5.0,
        5.0,
        5.0
      ],
      "weight": 1.0,
      "rotation": "xyz",
      "rotation_index": 0
    },
    {
      "item_id": "cube-143",
      "bin_id": "bin-017",
      "position": [
        5.0,
        5.0,
        5.0
      ],
      "size": [
        5.0,
        5.0,
        5.0
      ],
      "original_size": [
        5.0,
        5.0,
        5.0
      ],
      "weight": 1.0,
      "rotation": "xyz",
      "rotation_index": 0
    },
    {
      "item_id": "cube-144",
      "bin_id": "bin-018",
      "position": [
        0.0,
        0.0,
        0.0
      ],
      "size": [
        5.0,
        5.0,
        5.0
      ],
      "original_size": [
        5.0,
        5.0,
        5.0
      ],
      "weight": 1.0,
      "rotation": "xyz",
      "rotation_index": 0
    },
    {
      "item_id": "cube-145",
      "bin_id": "bin-018",
      "position": [
        5.0,
        0.0,
        0.0
      ],
      "size": [
        5.0,
        5.0,
        5.0
      ],
      "original_size": [
        5.0,
        5.0,
        5.0
      ],
      "weight": 1.0,
      "rotation": "xyz",
      "rotation_index": 0
    },
    {
      "item_id": "cube-146",
      "bin_id": "bin-018",
      "position": [
        0.0,
        5.0,
        0.0
      ],
      "size": [
        5.0,
        5.0,
        5.0
      ],
      "original_size": [
        5.0,
        5.0,
        5.0
      ],
      "weight": 1.0,
      "rotation": "xyz",
      "rotation_index": 0
    },
    {
      "item_id": "cube-147",
      "bin_id": "bin-018",
      "position": [
        5.0,
        5.0,
        0.0
      ],
      "size": [
        5.0,
        5.0,
        5.0
      ],
      "original_size": [
        5.0,
        5.0,
        5.0
      ],
      "weight": 1.0,
      "rotation": "xyz",
      "rotation_index": 0
    },
    {
      "item_id": "cube-148",
      "bin_id": "bin-018",
      "position": [
        0.0,
        0.0,
        5.0
      ],
      "size": [
        5.0,
        5.0,
        5.0
      ],
      "original_size": [
        5.0,
        5.0,
        5.0
      ],
      "weight": 1.0,
      "rotation": "xyz",
      "rotation_index": 0
    },
    {
      "item_id": "cube-149",
      "bin_id": "bin-018",
      "position": [
        5.0,
        0.0,
        5.0
      ],
      "size": [
        5.0,
        5.0,
        5.0
      ],
      "original_size": [
        5.0,
        5.0,
        5.0
      ],
      "weight": 1.0,
      "rotation": "xyz",
      "rotation_index": 0
    },
    {
      "item_id": "cube-150",
      "bin_id": "bin-018",
      "position": [
        0.0,
        5.0,
        5.0
      ],
      "size": [
        5.0,
        5.0,
        5.0
      ],
      "original_size": [
        5.0,
        5.0,
        5.0
      ],
      "weight": 1.0,
      "rotation": "xyz",
      "rotation_index": 0
    },
    {
      "item_id": "cube-151",
      "bin_id": "bin-018",
      "position": [
        5.0,
        5.0,
        5.0
      ],
      "size": [
        5.0,
        5.0,
        5.0
      ],
      "original_size": [
        5.0,
        5.0,
        5.0
      ],
      "weight": 1.0,
      "rotation": "xyz",
      "rotation_index": 0
    },
    {
      "item_id": "cube-152",
      "bin_id": "bin-019",
      "position": [
        0.0,
        0.0,
        0.0
      ],
      "size": [
        5.0,
        5.0,
        5.0
      ],
      "original_size": [
        5.0,
        5.0,
        5.0
      ],
      "weight": 1.0,
      "rotation": "xyz",
      "rotation_index": 0
    },
    {
      "item_id": "cube-153",
      "bin_id": "bin-019",
      "position": [
        5.0,
        0.0,
        0.0
      ],
      "size": [
        5.0,
        5.0,
        5.0
      ],
      "original_size": [
        5.0,
        5.0,
        5.0
      ],
      "weight": 1.0,
      "rotation": "xyz",
      "rotation_index": 0
    },
    {
      "item_id": "cube-154",
      "bin_id": "bin-019",
      "position": [
        0.0,
        5.0,
        0.0
      ],
      "size": [
        5.0,
        5.0,
        5.0
      ],
      "original_size": [
        5.0,
        5.0,
        5.0
      ],
      "weight": 1.0,
      "rotation": "xyz",
      "rotation_index": 0
    },
    {
      "item_id": "cube-155",
      "bin_id": "bin-019",
      "position": [
        5.0,
        5.0,
        0.0
      ],
      "size": [
        5.0,
        5.0,
        5.0
      ],
      "original_size": [
        5.0,
        5.0,
        5.0
      ],
      "weight": 1.0,
      "rotation": "xyz",
      "rotation_index": 0
    },
    {
      "item_id": "cube-156",
      "bin_id": "bin-019",
      "position": [
        0.0,
        0.0,
        5.0
      ],
      "size": [
        5.0,
        5.0,
        5.0
      ],
      "original_size": [
        5.0,
        5.0,
        5.0
      ],
      "weight": 1.0,
      "rotation": "xyz",
      "rotation_index": 0
    },
    {
      "item_id": "cube-157",
      "bin_id": "bin-019",
      "position": [
        5.0,
        0.0,
        5.0
      ],
      "size": [
        5.0,
        5.0,
        5.0
      ],
      "original_size": [
        5.0,
        5.0,
        5.0
      ],
      "weight": 1.0,
      "rotation": "xyz",
      "rotation_index": 0
    },
    {
      "item_id": "cube-158",
      "bin_id": "bin-019",
      "position": [
        0.0,
        5.0,
        5.0
      ],
      "size": [
        5.0,
        5.0,
        5.0
      ],
      "original_size": [
        5.0,
        5.0,
        5.0
      ],
      "weight": 1.0,
      "rotation": "xyz",
      "rotation_index": 0
    },
    {
      "item_id": "cube-159",
      "bin_id": "bin-019",
      "position": [
        5.0,
        5.0,
        5.0
      ],
      "size": [
        5.0,
        5.0,
        5.0
      ],
      "original_size": [
        5.0,
        5.0,
        5.0
      ],
      "weight": 1.0,
      "rotation": "xyz",
      "rotation_index": 0
    },
    {
      "item_id": "cube-160",
      "bin_id": "bin-020",
      "position": [
        0.0,
        0.0,
        0.0
      ],
      "size": [
        5.0,
        5.0,
        5.0
      ],
      "original_size": [
        5.0,
        5.0,
        5.0
      ],
      "weight": 1.0,
      "rotation": "xyz",
      "rotation_index": 0
    },
    {
      "item_id": "cube-161",
      "bin_id": "bin-020",
      "position": [
        5.0,
        0.0,
        0.0
      ],
      "size": [
        5.0,
        5.0,
        5.0
      ],
      "original_size": [
        5.0,
        5.0,
        5.0
      ],
      "weight": 1.0,
      "rotation": "xyz",
      "rotation_index": 0
    },
    {
      "item_id": "cube-162",
      "bin_id": "bin-020",
      "position": [
        0.0,
        5.0,
        0.0
      ],
      "size": [
        5.0,
        5.0,
        5.0
      ],
      "original_size": [
        5.0,
        5.0,
        5.0
      ],
      "weight": 1.0,
      "rotation": "xyz",
      "rotation_index": 0
    },
    {
      "item_id": "cube-163",
      "bin_id": "bin-020",
      "position": [
        5.0,
        5.0,
        0.0
      ],
      "size": [
        5.0,
        5.0,
        5.0
      ],
      "original_size": [
        5.0,
        5.0,
        5.0
      ],
      "weight": 1.0,
      "rotation": "xyz",
      "rotation_index": 0
    },
    {
      "item_id": "cube-164",
      "bin_id": "bin-020",
      "position": [
        0.0,
        0.0,
        5.0
      ],
      "size": [
        5.0,
        5.0,
        5.0
      ],
      "original_size": [
        5.0,
        5.0,
        5.0
      ],
      "weight": 1.0,
      "rotation": "xyz",
      "rotation_index": 0
    },
    {
      "item_id": "cube-165",
      "bin_id": "bin-020",
      "position": [
        5.0,
        0.0,
        5.0
      ],
      "size": [
        5.0,
        5.0,
        5.0
      ],
      "original_size": [
        5.0,
        5.0,
        5.0
      ],
      "weight": 1.0,
      "rotation": "xyz",
      "rotation_index": 0
    },
    {
      "item_id": "cube-166",
      "bin_id": "bin-020",
      "position": [
        0.0,
        5.0,
        5.0
      ],
      "size": [
        5.0,
        5.0,
        5.0
      ],
      "original_size": [
        5.0,
        5.0,
        5.0
      ],
      "weight": 1.0,
      "rotation": "xyz",
      "rotation_index": 0
    },
    {
      "item_id": "cube-167",
      "bin_id": "bin-020",
      "position": [
        5.0,
        5.0,
        5.0
      ],
      "size": [
        5.0,
        5.0,
        5.0
      ],
      "original_size": [
        5.0,
        5.0,
        5.0
      ],
      "weight": 1.0,
      "rotation": "xyz",
      "rotation_index": 0
    },
    {
      "item_id": "cube-168",
      "bin_id": "bin-021",
      "position": [
        0.0,
        0.0,
        0.0
      ],
      "size": [
        5.0,
        5.0,
        5.0
      ],
      "original_size": [
        5.0,
        5.0,
        5.0
      ],
      "weight": 1.0,
      "rotation": "xyz",
      "rotation_index": 0
    },
    {
      "item_id": "cube-169",
      "bin_id": "bin-021",
      "position": [
        5.0,
        0.0,
        0.0
      ],
      "size": [
        5.0,
        5.0,
        5.0
      ],
      "original_size": [
        5.0,
        5.0,
        5.0
      ],
      "weight": 1.0,
      "rotation": "xyz",
      "rotation_index": 0
    },
    {
      "item_id": "cube-170",
      "bin_id": "bin-021",
      "position": [
        0.0,
        5.0,
        0.0
      ],
      "size": [
        5.0,
        5.0,
        5.0
      ],
      "original_size": [
        5.0,
        5.0,
        5.0
      ],
      "weight": 1.0,
      "rotation": "xyz",
      "rotation_index": 0
    },
    {
      "item_id": "cube-171",
      "bin_id": "bin-021",
      "position": [
        5.0,
        5.0,
        0.0
      ],
      "size": [
        5.0,
        5.0,
        5.0
      ],
      "original_size": [
        5.0,
        5.0,
        5.0
      ],
      "weight": 1.0,
      "rotation": "xyz",
      "rotation_index": 0
    },
    {
      "item_id": "cube-172",
      "bin_id": "bin-021",
      "position": [
        0.0,
        0.0,
        5.0
      ],
      "size": [
        5.0,
        5.0,
        5.0
      ],
      "original_size": [
        5.0,
        5.0,
        5.0
      ],
      "weight": 1.0,
      "rotation": "xyz",
      "rotation_index": 0
    },
    {
      "item_id": "cube-173",
      "bin_id": "bin-021",
      "position": [
        5.0,
        0.0,
        5.0
      ],
      "size": [
        5.0,
        5.0,
        5.0
      ],
      "original_size": [
        5.0,
        5.0,
        5.0
      ],
      "weight": 1.0,
      "rotation": "xyz",
      "rotation_index": 0
    },
    {
      "item_id": "cube-174",
      "bin_id": "bin-021",
      "position": [
        0.0,
        5.0,
        5.0
      ],
      "size": [
        5.0,
        5.0,
        5.0
      ],
      "original_size": [
        5.0,
        5.0,
        5.0
      ],
      "weight": 1.0,
      "rotation": "xyz",
      "rotation_index": 0
    },
    {
      "item_id": "cube-175",
      "bin_id": "bin-021",
      "position": [
        5.0,
        5.0,
        5.0
      ],
      "size": [
        5.0,
        5.0,
        5.0
      ],
      "original_size": [
        5.0,
        5.0,
        5.0
      ],
      "weight": 1.0,
      "rotation": "xyz",
      "rotation_index": 0
    },
    {
      "item_id": "cube-176",
      "bin_id": "bin-022",
      "position": [
        0.0,
        0.0,
        0.0
      ],
      "size": [
        5.0,
        5.0,
        5.0
      ],
      "original_size": [
        5.0,
        5.0,
        5.0
      ],
      "weight": 1.0,
      "rotation": "xyz",
      "rotation_index": 0
    },
    {
      "item_id": "cube-177",
      "bin_id": "bin-022",
      "position": [
        5.0,
        0.0,
        0.0
      ],
      "size": [
        5.0,
        5.0,
        5.0
      ],
      "original_size": [
        5.0,
        5.0,
        5.0
      ],
      "weight": 1.0,
      "rotation": "xyz",
      "rotation_index": 0
    },
    {
      "item_id": "cube-178",
      "bin_id": "bin-022",
      "position": [
        0.0,
        5.0,
        0.0
      ],
      "size": [
        5.0,
        5.0,
        5.0
      ],
      "original_size": [
        5.0,
        5.0,
        5.0
      ],
      "weight": 1.0,
      "rotation": "xyz",
      "rotation_index": 0
    },
    {
      "item_id": "cube-179",
      "bin_id": "bin-022",
      "position": [
        5.0,
        5.0,
        0.0
      ],
      "size": [
        5.0,
        5.0,
        5.0
      ],
      "original_size": [
        5.0,
        5.0,
        5.0
      ],
      "weight": 1.0,
      "rotation": "xyz",
      "rotation_index": 0
    },
    {
      "item_id": "cube-180",
      "bin_id": "bin-022",
      "position": [
        0.0,
        0.0,
        5.0
      ],
      "size": [
        5.0,
        5.0,
        5.0
      ],
      "original_size": [
        5.0,
        5.0,
        5.0
      ],
      "weight": 1.0,
      "rotation": "xyz",
      "rotation_index": 0
    },
    {
      "item_id": "cube-181",
      "bin_id": "bin-022",
      "position": [
        5.0,
        0.0,
        5.0
      ],
      "size": [
        5.0,
        5.0,
        5.0
      ],
      "original_size": [
        5.0,
        5.0,
        5.0
      ],
      "weight": 1.0,
      "rotation": "xyz",
      "rotation_index": 0
    },
    {
      "item_id": "cube-182",
      "bin_id": "bin-022",
      "position": [
        0.0,
        5.0,
        5.0
      ],
      "size": [
        5.0,
        5.0,
        5.0
      ],
      "original_size": [
        5.0,
        5.0,
        5.0
      ],
      "weight": 1.0,
      "rotation": "xyz",
      "rotation_index": 0
    },
    {
      "item_id": "cube-183",
      "bin_id": "bin-022",
      "position": [
        5.0,
        5.0,
        5.0
      ],
      "size": [
        5.0,
        5.0,
        5.0
      ],
      "original_size": [
        5.0,
        5.0,
        5.0
      ],
      "weight": 1.0,
      "rotation": "xyz",
      "rotation_index": 0
    },
    {
      "item_id": "cube-184",
      "bin_id": "bin-023",
      "position": [
        0.0,
        0.0,
        0.0
      ],
      "size": [
        5.0,
        5.0,
        5.0
      ],
      "original_size": [
        5.0,
        5.0,
        5.0
      ],
      "weight": 1.0,
      "rotation": "xyz",
      "rotation_index": 0
    },
    {
      "item_id": "cube-185",
      "bin_id": "bin-023",
      "position": [
        5.0,
        0.0,
        0.0
      ],
      "size": [
        5.0,
        5.0,
        5.0
      ],
      "original_size": [
        5.0,
        5.0,
        5.0
      ],
      "weight": 1.0,
      "rotation": "xyz",
      "rotation_index": 0
    },
    {
      "item_id": "cube-186",
      "bin_id": "bin-023",
      "position": [
        0.0,
        5.0,
        0.0
      ],
      "size": [
        5.0,
        5.0,
        5.0
      ],
      "original_size": [
        5.0,
        5.0,
        5.0
      ],
      "weight": 1.0,
      "rotation": "xyz",
      "rotation_index": 0
    },
    {
      "item_id": "cube-187",
      "bin_id": "bin-023",
      "position": [
        5.0,
        5.0,
        0.0
      ],
      "size": [
        5.0,
        5.0,
        5.0
      ],
      "original_size": [
        5.0,
        5.0,
        5.0
      ],
      "weight": 1.0,
      "rotation": "xyz",
      "rotation_index": 0
    },
    {
      "item_id": "cube-188",
      "bin_id": "bin-023",
      "position": [
        0.0,
        0.0,
        5.0
      ],
      "size": [
        5.0,
        5.0,
        5.0
      ],
      "original_size": [
        5.0,
        5.0,
        5.0
      ],
      "weight": 1.0,
      "rotation": "xyz",
      "rotation_index": 0
    },
    {
      "item_id": "cube-189",
      "bin_id": "bin-023",
      "position": [
        5.0,
        0.0,
        5.0
      ],
      "size": [
        5.0,
        5.0,
        5.0
      ],
      "original_size": [
        5.0,
        5.0,
        5.0
      ],
      "weight": 1.0,
      "rotation": "xyz",
      "rotation_index": 0
    },
    {
      "item_id": "cube-190",
      "bin_id": "bin-023",
      "position": [
        0.0,
        5.0,
        5.0
      ],
      "size": [
        5.0,
        5.0,
        5.0
      ],
      "original_size": [
        5.0,
        5.0,
        5.0
      ],
      "weight": 1.0,
      "rotation": "xyz",
      "rotation_index": 0
    },
    {
      "item_id": "cube-191",
      "bin_id": "bin-023",
      "position": [
        5.0,
        5.0,
        5.0
      ],
      "size": [
        5.0,
        5.0,
        5.0
      ],
      "original_size": [
        5.0,
        5.0,
        5.0
      ],
      "weight": 1.0,
      "rotation": "xyz",
      "rotation_index": 0
    },
    {
      "item_id": "cube-192",
      "bin_id": "bin-024",
      "position": [
        0.0,
        0.0,
        0.0
      ],
      "size": [
        5.0,
        5.0,
        5.0
      ],
      "original_size": [
        5.0,
        5.0,
        5.0
      ],
      "weight": 1.0,
      "rotation": "xyz",
      "rotation_index": 0
    },
    {
      "item_id": "cube-193",
      "bin_id": "bin-024",
      "position": [
        5.0,
        0.0,
        0.0
      ],
      "size": [
        5.0,
        5.0,
        5.0
      ],
      "original_size": [
        5.0,
        5.0,
        5.0
      ],
      "weight": 1.0,
      "rotation": "xyz",
      "rotation_index": 0
    },
    {
      "item_id": "cube-194",
      "bin_id": "bin-024",
      "position": [
        0.0,
        5.0,
        0.0
      ],
      "size": [
        5.0,
        5.0,
        5.0
      ],
      "original_size": [
        5.0,
        5.0,
        5.0
      ],
      "weight": 1.0,
      "rotation": "xyz",
      "rotation_index": 0
    },
    {
      "item_id": "cube-195",
      "bin_id": "bin-024",
      "position": [
        5.0,
        5.0,
        0.0
      ],
      "size": [
        5.0,
        5.0,
        5.0
      ],
      "original_size": [
        5.0,
        5.0,
        5.0
      ],
      "weight": 1.0,
      "rotation": "xyz",
      "rotation_index": 0
    },
    {
      "item_id": "cube-196",
      "bin_id": "bin-024",
      "position": [
        0.0,
        0.0,
        5.0
      ],
      "size": [
        5.0,
        5.0,
        5.0
      ],
      "original_size": [
        5.0,
        5.0,
        5.0
      ],
      "weight": 1.0,
      "rotation": "xyz",
      "rotation_index": 0
    },
    {
      "item_id": "cube-197",
      "bin_id": "bin-024",
      "position": [
        5.0,
        0.0,
        5.0
      ],
      "size": [
        5.0,
        5.0,
        5.0
      ],
      "original_size": [
        5.0,
        5.0,
        5.0
      ],
      "weight": 1.0,
      "rotation": "xyz",
      "rotation_index": 0
    },
    {
      "item_id": "cube-198",
      "bin_id": "bin-024",
      "position": [
        0.0,
        5.0,
        5.0
      ],
      "size": [
        5.0,
        5.0,
        5.0
      ],
      "original_size": [
        5.0,
        5.0,
        5.0
      ],
      "weight": 1.0,
      "rotation": "xyz",
      "rotation_index": 0
    },
    {
      "item_id": "cube-199",
      "bin_id": "bin-024",
      "position": [
        5.0,
        5.0,
        5.0
      ],
      "size": [
        5.0,
        5.0,
        5.0
      ],
      "original_size": [
        5.0,
        5.0,
        5.0
      ],
      "weight": 1.0,
      "rotation": "xyz",
      "rotation_index": 0
    },
    {
      "item_id": "cube-200",
      "bin_id": "bin-025",
      "position": [
        0.0,
        0.0,
        0.0
      ],
      "size": [
        5.0,
        5.0,
        5.0
      ],
      "original_size": [
        5.0,
        5.0,
        5.0
      ],
      "weight": 1.0,
      "rotation": "xyz",
      "rotation_index": 0
    },
    {
      "item_id": "cube-201",
      "bin_id": "bin-025",
      "position": [
        5.0,
        0.0,
        0.0
      ],
      "size": [
        5.0,
        5.0,
        5.0
      ],
      "original_size": [
        5.0,
        5.0,
        5.0
      ],
      "weight": 1.0,
      "rotation": "xyz",
      "rotation_index": 0
    },
    {
      "item_id": "cube-202",
      "bin_id": "bin-025",
      "position": [
        0.0,
        5.0,
        0.0
      ],
      "size": [
        5.0,
        5.0,
        5.0
      ],
      "original_size": [
        5.0,
        5.0,
        5.0
      ],
      "weight": 1.0,
      "rotation": "xyz",
      "rotation_index": 0
    },
    {
      "item_id": "cube-203",
      "bin_id": "bin-025",
      "position": [
        5.0,
        5.0,
        0.0
      ],
      "size": [
        5.0,
        5.0,
        5.0
      ],
      "original_size": [
        5.0,
        5.0,
        5.0
      ],
      "weight": 1.0,
      "rotation": "xyz",
      "rotation_index": 0
    },
    {
      "item_id": "cube-204",
      "bin_id": "bin-025",
      "position": [
        0.0,
        0.0,
        5.0
      ],
      "size": [
        5.0,
        5.0,
        5.0
      ],
      "original_size": [
        5.0,
        5.0,
        5.0
      ],
      "weight": 1.0,
      "rotation": "xyz",
      "rotation_index": 0
    },
    {
      "item_id": "cube-205",
      "bin_id": "bin-025",
      "position": [
        5.0,
        0.0,
        5.0
      ],
      "size": [
        5.0,
        5.0,
        5.0
      ],
      "original_size": [
        5.0,
        5.0,
        5.0
      ],
      "weight": 1.0,
      "rotation": "xyz",
      "rotation_index": 0
    },
    {
      "item_id": "cube-206",
      "bin_id": "bin-025",
      "position": [
        0.0,
        5.0,
        5.0
      ],
      "size": [
        5.0,
        5.0,
        5.0
      ],
      "original_size": [
        5.0,
        5.0,
        5.0
      ],
      "weight": 1.0,
      "rotation": "xyz",
      "rotation_index": 0
    },
    {
      "item_id": "cube-207",
      "bin_id": "bin-025",
      "position": [
        5.0,
        5.0,
        5.0
      ],
      "size": [
        5.0,
        5.0,
        5.0
      ],
      "original_size": [
        5.0,
        5.0,
        5.0
      ],
      "weight": 1.0,
      "rotation": "xyz",
      "rotation_index": 0
    },
    {
      "item_id": "cube-208",
      "bin_id": "bin-026",
      "position": [
        0.0,
        0.0,
        0.0
      ],
      "size": [
        5.0,
        5.0,
        5.0
      ],
      "original_size": [
        5.0,
        5.0,
        5.0
      ],
      "weight": 1.0,
      "rotation": "xyz",
      "rotation_index": 0
    },
    {
      "item_id": "cube-209",
      "bin_id": "bin-026",
      "position": [
        5.0,
        0.0,
        0.0
      ],
      "size": [
        5.0,
        5.0,
        5.0
      ],
      "original_size": [
        5.0,
        5.0,
        5.0
      ],
      "weight": 1.0,
      "rotation": "xyz",
      "rotation_index": 0
    },
    {
      "item_id": "cube-210",
      "bin_id": "bin-026",
      "position": [
        0.0,
        5.0,
        0.0
      ],
      "size": [
        5.0,
        5.0,
        5.0
      ],
      "original_size": [
        5.0,
        5.0,
        5.0
      ],
      "weight": 1.0,
      "rotation": "xyz",
      "rotation_index": 0
    },
    {
      "item_id": "cube-211",
      "bin_id": "bin-026",
      "position": [
        5.0,
        5.0,
        0.0
      ],
      "size": [
        5.0,
        5.0,
        5.0
      ],
      "original_size": [
        5.0,
        5.0,
        5.0
      ],
      "weight": 1.0,
      "rotation": "xyz",
      "rotation_index": 0
    },
    {
      "item_id": "cube-212",
      "bin_id": "bin-026",
      "position": [
        0.0,
        0.0,
        5.0
      ],
      "size": [
        5.0,
        5.0,
        5.0
      ],
      "original_size": [
        5.0,
        5.0,
        5.0
      ],
      "weight": 1.0,
      "rotation": "xyz",
      "rotation_index": 0
    },
    {
      "item_id": "cube-213",
      "bin_id": "bin-026",
      "position": [
        5.0,
        0.0,
        5.0
      ],
      "size": [
        5.0,
        5.0,
        5.0
      ],
      "original_size": [
        5.0,
        5.0,
        5.0
      ],
      "weight": 1.0,
      "rotation": "xyz",
      "rotation_index": 0
    },
    {
      "item_id": "cube-214",
      "bin_id": "bin-026",
      "position": [
        0.0,
        5.0,
        5.0
      ],
      "size": [
        5.0,
        5.0,
        5.0
      ],
      "original_size": [
        5.0,
        5.0,
        5.0
      ],
      "weight": 1.0,
      "rotation": "xyz",
      "rotation_index": 0
    },
    {
      "item_id": "cube-215",
      "bin_id": "bin-026",
      "position": [
        5.0,
        5.0,
        5.0
      ],
      "size": [
        5.0,
        5.0,
        5.0
      ],
      "original_size": [
        5.0,
        5.0,
        5.0
      ],
      "weight": 1.0,
      "rotation": "xyz",
      "rotation_index": 0
    },
    {
      "item_id": "cube-216",
      "bin_id": "bin-027",
      "position": [
        0.0,
        0.0,
        0.0
      ],
      "size": [
        5.0,
        5.0,
        5.0
      ],
      "original_size": [
        5.0,
        5.0,
        5.0
      ],
      "weight": 1.0,
      "rotation": "xyz",
      "rotation_index": 0
    },
    {
      "item_id": "cube-217",
      "bin_id": "bin-027",
      "position": [
        5.0,
        0.0,
        0.0
      ],
      "size": [
        5.0,
        5.0,
        5.0
      ],
      "original_size": [
        5.0,
        5.0,
        5.0
      ],
      "weight": 1.0,
      "rotation": "xyz",
      "rotation_index": 0
    },
    {
      "item_id": "cube-218",
      "bin_id": "bin-027",
      "position": [
        0.0,
        5.0,
        0.0
      ],
      "size": [
        5.0,
        5.0,
        5.0
      ],
      "original_size": [
        5.0,
        5.0,
        5.0
      ],
      "weight": 1.0,
      "rotation": "xyz",
      "rotation_index": 0
    },
    {
      "item_id": "cube-219",
      "bin_id": "bin-027",
      "position": [
        5.0,
        5.0,
        0.0
      ],
      "size": [
        5.0,
        5.0,
        5.0
      ],
      "original_size": [
        5.0,
        5.0,
        5.0
      ],
      "weight": 1.0,
      "rotation": "xyz",
      "rotation_index": 0
    },
    {
      "item_id": "cube-220",
      "bin_id": "bin-027",
      "position": [
        0.0,
        0.0,
        5.0
      ],
      "size": [
        5.0,
        5.0,
        5.0
      ],
      "original_size": [
        5.0,
        5.0,
        5.0
      ],
      "weight": 1.0,
      "rotation": "xyz",
      "rotation_index": 0
    },
    {
      "item_id": "cube-221",
      "bin_id": "bin-027",
      "position": [
        5.0,
        0.0,
        5.0
      ],
      "size": [
        5.0,
        5.0,
        5.0
      ],
      "original_size": [
        5.0,
        5.0,
        5.0
      ],
      "weight": 1.0,
      "rotation": "xyz",
      "rotation_index": 0
    },
    {
      "item_id": "cube-222",
      "bin_id": "bin-027",
      "position": [
        0.0,
        5.0,
        5.0
      ],
      "size": [
        5.0,
        5.0,
        5.0
      ],
      "original_size": [
        5.0,
        5.0,
        5.0
      ],
      "weight": 1.0,
      "rotation": "xyz",
      "rotation_index": 0
    },
    {
      "item_id": "cube-223",
      "bin_id": "bin-027",
      "position": [
        5.0,
        5.0,
        5.0
      ],
      "size": [
        5.0,
        5.0,
        5.0
      ],
      "original_size": [
        5.0,
        5.0,
        5.0
      ],
      "weight": 1.0,
      "rotation": "xyz",
      "rotation_index": 0
    },
    {
      "item_id": "cube-224",
      "bin_id": "bin-028",
      "position": [
        0.0,
        0.0,
        0.0
      ],
      "size": [
        5.0,
        5.0,
        5.0
      ],
      "original_size": [
        5.0,
        5.0,
        5.0
      ],
      "weight": 1.0,
      "rotation": "xyz",
      "rotation_index": 0
    },
    {
      "item_id": "cube-225",
      "bin_id": "bin-028",
      "position": [
        5.0,
        0.0,
        0.0
      ],
      "size": [
        5.0,
        5.0,
        5.0
      ],
      "original_size": [
        5.0,
        5.0,
        5.0
      ],
      "weight": 1.0,
      "rotation": "xyz",
      "rotation_index": 0
    },
    {
      "item_id": "cube-226",
      "bin_id": "bin-028",
      "position": [
        0.0,
        5.0,
        0.0
      ],
      "size": [
        5.0,
        5.0,
        5.0
      ],
      "original_size": [
        5.0,
        5.0,
        5.0
      ],
      "weight": 1.0,
      "rotation": "xyz",
      "rotation_index": 0
    },
    {
      "item_id": "cube-227",
      "bin_id": "bin-028",
      "position": [
        5.0,
        5.0,
        0.0
      ],
      "size": [
        5.0,
        5.0,
        5.0
      ],
      "original_size": [
        5.0,
        5.0,
        5.0
      ],
      "weight": 1.0,
      "rotation": "xyz",
      "rotation_index": 0
    },
    {
      "item_id": "cube-228",
      "bin_id": "bin-028",
      "position": [
        0.0,
        0.0,
        5.0
      ],
      "size": [
        5.0,
        5.0,
        5.0
      ],
      "original_size": [
        5.0,
        5.0,
        5.0
      ],
      "weight": 1.0,
      "rotation": "xyz",
      "rotation_index": 0
    },
    {
      "item_id": "cube-229",
      "bin_id": "bin-028",
      "position": [
        5.0,
        0.0,
        5.0
      ],
      "size": [
        5.0,
        5.0,
        5.0
      ],
      "original_size": [
        5.0,
        5.0,
        5.0
      ],
      "weight": 1.0,
      "rotation": "xyz",
      "rotation_index": 0
    },
    {
      "item_id": "cube-230",
      "bin_id": "bin-028",
      "position": [
        0.0,
        5.0,
        5.0
      ],
      "size": [
        5.0,
        5.0,
        5.0
      ],
      "original_size": [
        5.0,
        5.0,
        5.0
      ],
      "weight": 1.0,
      "rotation": "xyz",
      "rotation_index": 0
    },
    {
      "item_id": "cube-231",
      "bin_id": "bin-028",
      "position": [
        5.0,
        5.0,
        5.0
      ],
      "size": [
        5.0,
        5.0,
        5.0
      ],
      "original_size": [
        5.0,
        5.0,
        5.0
      ],
      "weight": 1.0,
      "rotation": "xyz",
      "rotation_index": 0
    },
    {
      "item_id": "cube-232",
      "bin_id": "bin-029",
      "position": [
        0.0,
        0.0,
        0.0
      ],
      "size": [
        5.0,
        5.0,
        5.0
      ],
      "original_size": [
        5.0,
        5.0,
        5.0
      ],
      "weight": 1.0,
      "rotation": "xyz",
      "rotation_index": 0
    },
    {
      "item_id": "cube-233",
      "bin_id": "bin-029",
      "position": [
        5.0,
        0.0,
        0.0
      ],
      "size": [
        5.0,
        5.0,
        5.0
      ],
      "original_size": [
        5.0,
        5.0,
        5.0
      ],
      "weight": 1.0,
      "rotation": "xyz",
      "rotation_index": 0
    },
    {
      "item_id": "cube-234",
      "bin_id": "bin-029",
      "position": [
        0.0,
        5.0,
        0.0
      ],
      "size": [
        5.0,
        5.0,
        5.0
      ],
      "original_size": [
        5.0,
        5.0,
        5.0
      ],
      "weight": 1.0,
      "rotation": "xyz",
      "rotation_index": 0
    },
    {
      "item_id": "cube-235",
      "bin_id": "bin-029",
      "position": [
        5.0,
        5.0,
        0.0
      ],
      "size": [
        5.0,
        5.0,
        5.0
      ],
      "original_size": [
        5.0,
        5.0,
        5.0
      ],
      "weight": 1.0,
      "rotation": "xyz",
      "rotation_index": 0
    },
    {
      "item_id": "cube-236",
      "bin_id": "bin-029",
      "position": [
        0.0,
        0.0,
        5.0
      ],
      "size": [
        5.0,
        5.0,
        5.0
      ],
      "original_size": [
        5.0,
        5.0,
        5.0
      ],
      "weight": 1.0,
      "rotation": "xyz",
      "rotation_index": 0
    },
    {
      "item_id": "cube-237",
      "bin_id": "bin-029",
      "position": [
        5.0,
        0.0,
        5.0
      ],
      "size": [
        5.0,
        5.0,
        5.0
      ],
      "original_size": [
        5.0,
        5.0,
        5.0
      ],
      "weight": 1.0,
      "rotation": "xyz",
      "rotation_index": 0
    },
    {
      "item_id": "cube-238",
      "bin_id": "bin-029",
      "position": [
        0.0,
        5.0,
        5.0
      ],
      "size": [
        5.0,
        5.0,
        5.0
      ],
      "original_size": [
        5.0,
        5.0,
        5.0
      ],
      "weight": 1.0,
      "rotation": "xyz",
      "rotation_index": 0
    },
    {
      "item_id": "cube-239",
      "bin_id": "bin-029",
      "position": [
        5.0,
        5.0,
        5.0
      ],
      "size": [
        5.0,
        5.0,
        5.0
      ],
      "original_size": [
        5.0,
        5.0,
        5.0
      ],
      "weight": 1.0,
      "rotation": "xyz",
      "rotation_index": 0
    },
    {
      "item_id": "cube-240",
      "bin_id": "bin-030",
      "position": [
        0.0,
        0.0,
        0.0
      ],
      "size": [
        5.0,
        5.0,
        5.0
      ],
      "original_size": [
        5.0,
        5.0,
        5.0
      ],
      "weight": 1.0,
      "rotation": "xyz",
      "rotation_index": 0
    },
    {
      "item_id": "cube-241",
      "bin_id": "bin-030",
      "position": [
        5.0,
        0.0,
        0.0
      ],
      "size": [
        5.0,
        5.0,
        5.0
      ],
      "original_size": [
        5.0,
        5.0,
        5.0
      ],
      "weight": 1.0,
      "rotation": "xyz",
      "rotation_index": 0
    },
    {
      "item_id": "cube-242",
      "bin_id": "bin-030",
      "position": [
        0.0,
        5.0,
        0.0
      ],
      "size": [
        5.0,
        5.0,
        5.0
      ],
      "original_size": [
        5.0,
        5.0,
        5.0
      ],
      "weight": 1.0,
      "rotation": "xyz",
      "rotation_index": 0
    },
    {
      "item_id": "cube-243",
      "bin_id": "bin-030",
      "position": [
        5.0,
        5.0,
        0.0
      ],
      "size": [
        5.0,
        5.0,
        5.0
      ],
      "original_size": [
        5.0,
        5.0,
        5.0
      ],
      "weight": 1.0,
      "rotation": "xyz",
      "rotation_index": 0
    },
    {
      "item_id": "cube-244",
      "bin_id": "bin-030",
      "position": [
        0.0,
        0.0,
        5.0
      ],
      "size": [
        5.0,
        5.0,
        5.0
      ],
      "original_size": [
        5.0,
        5.0,
        5.0
      ],
      "weight": 1.0,
      "rotation": "xyz",
      "rotation_index": 0
    },
    {
      "item_id": "cube-245",
      "bin_id": "bin-030",
      "position": [
        5.0,
        0.0,
        5.0
      ],
      "size": [
        5.0,
        5.0,
        5.0
      ],
      "original_size": [
        5.0,
        5.0,
        5.0
      ],
      "weight": 1.0,
      "rotation": "xyz",
      "rotation_index": 0
    },
    {
      "item_id": "cube-246",
      "bin_id": "bin-030",
      "position": [
        0.0,
        5.0,
        5.0
      ],
      "size": [
        5.0,
        5.0,
        5.0
      ],
      "original_size": [
        5.0,
        5.0,
        5.0
      ],
      "weight": 1.0,
      "rotation": "xyz",
      "rotation_index": 0
    },
    {
      "item_id": "cube-247",
      "bin_id": "bin-030",
      "position": [
        5.0,
        5.0,
        5.0
      ],
      "size": [
        5.0,
        5.0,
        5.0
      ],
      "original_size": [
        5.0,
        5.0,
        5.0
      ],
      "weight": 1.0,
      "rotation": "xyz",
      "rotation_index": 0
    },
    {
      "item_id": "cube-248",
      "bin_id": "bin-031",
      "position": [
        0.0,
        0.0,
        0.0
      ],
      "size": [
        5.0,
        5.0,
        5.0
      ],
      "original_size": [
        5.0,
        5.0,
        5.0
      ],
      "weight": 1.0,
      "rotation": "xyz",
      "rotation_index": 0
    },
    {
      "item_id": "cube-249",
      "bin_id": "bin-031",
      "position": [
        5.0,
        0.0,
        0.0
      ],
      "size": [
        5.0,
        5.0,
        5.0
      ],
      "original_size": [
        5.0,
        5.0,
        5.0
      ],
      "weight": 1.0,
      "rotation": "xyz",
      "rotation_index": 0
    },
    {
      "item_id": "cube-250",
      "bin_id": "bin-031",
      "position": [
        0.0,
        5.0,
        0.0
      ],
      "size": [
        5.0,
        5.0,
        5.0
      ],
      "original_size": [
        5.0,
        5.0,
        5.0
      ],
      "weight": 1.0,
      "rotation": "xyz",
      "rotation_index": 0
    },
    {
      "item_id": "cube-251",
      "bin_id": "bin-031",
      "position": [
        5.0,
        5.0,
        0.0
      ],
      "size": [
        5.0,
        5.0,
        5.0
      ],
      "original_size": [
        5.0,
        5.0,
        5.0
      ],
      "weight": 1.0,
      "rotation": "xyz",
      "rotation_index": 0
    },
    {
      "item_id": "cube-252",
      "bin_id": "bin-031",
      "position": [
        0.0,
        0.0,
        5.0
      ],
      "size": [
        5.0,
        5.0,
        5.0
      ],
      "original_size": [
        5.0,
        5.0,
        5.0
      ],
      "weight": 1.0,
      "rotation": "xyz",
      "rotation_index": 0
    },
    {
      "item_id": "cube-253",
      "bin_id": "bin-031",
      "position": [
        5.0,
        0.0,
        5.0
      ],
      "size": [
        5.0,
        5.0,
        5.0
      ],
      "original_size": [
        5.0,
        5.0,
        5.0
      ],
      "weight": 1.0,
      "rotation": "xyz",
      "rotation_index": 0
    },
    {
      "item_id": "cube-254",
      "bin_id": "bin-031",
      "position": [
        0.0,
        5.0,
        5.0
      ],
      "size": [
        5.0,
        5.0,
        5.0
      ],
      "original_size": [
        5.0,
        5.0,
        5.0
      ],
      "weight": 1.0,
      "rotation": "xyz",
      "rotation_index": 0
    },
    {
      "item_id": "cube-255",
      "bin_id": "bin-031",
      "position": [
        5.0,
        5.0,
        5.0
      ],
      "size": [
        5.0,
        5.0,
        5.0
      ],
      "original_size": [
        5.0,
        5.0,
        5.0
      ],
      "weight": 1.0,
      "rotation": "xyz",
      "rotation_index": 0
    },
    {
      "item_id": "cube-256",
      "bin_id": "bin-032",
      "position": [
        0.0,
        0.0,
        0.0
      ],
      "size": [
        5.0,
        5.0,
        5.0
      ],
      "original_size": [
        5.0,
        5.0,
        5.0
      ],
      "weight": 1.0,
      "rotation": "xyz",
      "rotation_index": 0
    },
    {
      "item_id": "cube-257",
      "bin_id": "bin-032",
      "position": [
        5.0,
        0.0,
        0.0
      ],
      "size": [
        5.0,
        5.0,
        5.0
      ],
      "original_size": [
        5.0,
        5.0,
        5.0
      ],
      "weight": 1.0,
      "rotation": "xyz",
      "rotation_index": 0
    },
    {
      "item_id": "cube-258",
      "bin_id": "bin-032",
      "position": [
        0.0,
        5.0,
        0.0
      ],
      "size": [
        5.0,
        5.0,
        5.0
      ],
      "original_size": [
        5.0,
        5.0,
        5.0
      ],
      "weight": 1.0,
      "rotation": "xyz",
      "rotation_index": 0
    },
    {
      "item_id": "cube-259",
      "bin_id": "bin-032",
      "position": [
        5.0,
        5.0,
        0.0
      ],
      "size": [
        5.0,
        5.0,
        5.0
      ],
      "original_size": [
        5.0,
        5.0,
        5.0
      ],
      "weight": 1.0,
      "rotation": "xyz",
      "rotation_index": 0
    },
    {
      "item_id": "cube-260",
      "bin_id": "bin-032",
      "position": [
        0.0,
        0.0,
        5.0
      ],
      "size": [
        5.0,
        5.0,
        5.0
      ],
      "original_size": [
        5.0,
        5.0,
        5.0
      ],
      "weight": 1.0,
      "rotation": "xyz",
      "rotation_index": 0
    },
    {
      "item_id": "cube-261",
      "bin_id": "bin-032",
      "position": [
        5.0,
        0.0,
        5.0
      ],
      "size": [
        5.0,
        5.0,
        5.0
      ],
      "original_size": [
        5.0,
        5.0,
        5.0
      ],
      "weight": 1.0,
      "rotation": "xyz",
      "rotation_index": 0
    },
    {
      "item_id": "cube-262",
      "bin_id": "bin-032",
      "position": [
        0.0,
        5.0,
        5.0
      ],
      "size": [
        5.0,
        5.0,
        5.0
      ],
      "original_size": [
        5.0,
        5.0,
        5.0
      ],
      "weight": 1.0,
      "rotation": "xyz",
      "rotation_index": 0
    },
    {
      "item_id": "cube-263",
      "bin_id": "bin-032",
      "position": [
        5.0,
        5.0,
        5.0
      ],
      "size": [
        5.0,
        5.0,
        5.0
      ],
      "original_size": [
        5.0,
        5.0,
        5.0
      ],
      "weight": 1.0,
      "rotation": "xyz",
      "rotation_index": 0
    },
    {
      "item_id": "cube-264",
      "bin_id": "bin-033",
      "position": [
        0.0,
        0.0,
        0.0
      ],
      "size": [
        5.0,
        5.0,
        5.0
      ],
      "original_size": [
        5.0,
        5.0,
        5.0
      ],
      "weight": 1.0,
      "rotation": "xyz",
      "rotation_index": 0
    },
    {
      "item_id": "cube-265",
      "bin_id": "bin-033",
      "position": [
        5.0,
        0.0,
        0.0
      ],
      "size": [
        5.0,
        5.0,
        5.0
      ],
      "original_size": [
        5.0,
        5.0,
        5.0
      ],
      "weight": 1.0,
      "rotation": "xyz",
      "rotation_index": 0
    },
    {
      "item_id": "cube-266",
      "bin_id": "bin-033",
      "position": [
        0.0,
        5.0,
        0.0
      ],
      "size": [
        5.0,
        5.0,
        5.0
      ],
      "original_size": [
        5.0,
        5.0,
        5.0
      ],
      "weight": 1.0,
      "rotation": "xyz",
      "rotation_index": 0
    },
    {
      "item_id": "cube-267",
      "bin_id": "bin-033",
      "position": [
        5.0,
        5.0,
        0.0
      ],
      "size": [
        5.0,
        5.0,
        5.0
      ],
      "original_size": [
        5.0,
        5.0,
        5.0
      ],
      "weight": 1.0,
      "rotation": "xyz",
      "rotation_index": 0
    },
    {
      "item_id": "cube-268",
      "bin_id": "bin-033",
      "position": [
        0.0,
        0.0,
        5.0
      ],
      "size": [
        5.0,
        5.0,
        5.0
      ],
      "original_size": [
        5.0,
        5.0,
        5.0
      ],
      "weight": 1.0,
      "rotation": "xyz",
      "rotation_index": 0
    },
    {
      "item_id": "cube-269",
      "bin_id": "bin-033",
      "position": [
        5.0,
        0.0,
        5.0
      ],
      "size": [
        5.0,
        5.0,
        5.0
      ],
      "original_size": [
        5.0,
        5.0,
        5.0
      ],
      "weight": 1.0,
      "rotation": "xyz",
      "rotation_index": 0
    },
    {
      "item_id": "cube-270",
      "bin_id": "bin-033",
      "position": [
        0.0,
        5.0,
        5.0
      ],
      "size": [
        5.0,
        5.0,
        5.0
      ],
      "original_size": [
        5.0,
        5.0,
        5.0
      ],
      "weight": 1.0,
      "rotation": "xyz",
      "rotation_index": 0
    },
    {
      "item_id": "cube-271",
      "bin_id": "bin-033",
      "position": [
        5.0,
        5.0,
        5.0
      ],
      "size": [
        5.0,
        5.0,
        5.0
      ],
      "original_size": [
        5.0,
        5.0,
        5.0
      ],
      "weight": 1.0,
      "rotation": "xyz",
      "rotation_index": 0
    },
    {
      "item_id": "cube-272",
      "bin_id": "bin-034",
      "position": [
        0.0,
        0.0,
        0.0
      ],
      "size": [
        5.0,
        5.0,
        5.0
      ],
      "original_size": [
        5.0,
        5.0,
        5.0
      ],
      "weight": 1.0,
      "rotation": "xyz",
      "rotation_index": 0
    },
    {
      "item_id": "cube-273",
      "bin_id": "bin-034",
      "position": [
        5.0,
        0.0,
        0.0
      ],
      "size": [
        5.0,
        5.0,
        5.0
      ],
      "original_size": [
        5.0,
        5.0,
        5.0
      ],
      "weight": 1.0,
      "rotation": "xyz",
      "rotation_index": 0
    },
    {
      "item_id": "cube-274",
      "bin_id": "bin-034",
      "position": [
        0.0,
        5.0,
        0.0
      ],
      "size": [
        5.0,
        5.0,
        5.0
      ],
      "original_size": [
        5.0,
        5.0,
        5.0
      ],
      "weight": 1.0,
      "rotation": "xyz",
      "rotation_index": 0
    },
    {
      "item_id": "cube-275",
      "bin_id": "bin-034",
      "position": [
        5.0,
        5.0,
        0.0
      ],
      "size": [
        5.0,
        5.0,
        5.0
      ],
      "original_size": [
        5.0,
        5.0,
        5.0
      ],
      "weight": 1.0,
      "rotation": "xyz",
      "rotation_index": 0
    },
    {
      "item_id": "cube-276",
      "bin_id": "bin-034",
      "position": [
        0.0,
        0.0,
        5.0
      ],
      "size": [
        5.0,
        5.0,
        5.0
      ],
      "original_size": [
        5.0,
        5.0,
        5.0
      ],
      "weight": 1.0,
      "rotation": "xyz",
      "rotation_index": 0
    },
    {
      "item_id": "cube-277",
      "bin_id": "bin-034",
      "position": [
        5.0,
        0.0,
        5.0
      ],
      "size": [
        5.0,
        5.0,
        5.0
      ],
      "original_size": [
        5.0,
        5.0,
        5.0
      ],
      "weight": 1.0,
      "rotation": "xyz",
      "rotation_index": 0
    },
    {
      "item_id": "cube-278",
      "bin_id": "bin-034",
      "position": [
        0.0,
        5.0,
        5.0
      ],
      "size": [
        5.0,
        5.0,
        5.0
      ],
      "original_size": [
        5.0,
        5.0,
        5.0
      ],
      "weight": 1.0,
      "rotation": "xyz",
      "rotation_index": 0
    },
    {
      "item_id": "cube-279",
      "bin_id": "bin-034",
      "position": [
        5.0,
        5.0,
        5.0
      ],
      "size": [
        5.0,
        5.0,
        5.0
      ],
      "original_size": [
        5.0,
        5.0,
        5.0
      ],
      "weight": 1.0,
      "rotation": "xyz",
      "rotation_index": 0
    },
    {
      "item_id": "cube-280",
      "bin_id": "bin-035",
      "position": [
        0.0,
        0.0,
        0.0
      ],
      "size": [
        5.0,
        5.0,
        5.0
      ],
      "original_size": [
        5.0,
        5.0,
        5.0
      ],
      "weight": 1.0,
      "rotation": "xyz",
      "rotation_index": 0
    },
    {
      "item_id": "cube-281",
      "bin_id": "bin-035",
      "position": [
        5.0,
        0.0,
        0.0
      ],
      "size": [
        5.0,
        5.0,
        5.0
      ],
      "original_size": [
        5.0,
        5.0,
        5.0
      ],
      "weight": 1.0,
      "rotation": "xyz",
      "rotation_index": 0
    },
    {
      "item_id": "cube-282",
      "bin_id": "bin-035",
      "position": [
        0.0,
        5.0,
        0.0
      ],
      "size": [
        5.0,
        5.0,
        5.0
      ],
      "original_size": [
        5.0,
        5.0,
        5.0
      ],
      "weight": 1.0,
      "rotation": "xyz",
      "rotation_index": 0
    },
    {
      "item_id": "cube-283",
      "bin_id": "bin-035",
      "position": [
        5.0,
        5.0,
        0.0
      ],
      "size": [
        5.0,
        5.0,
        5.0
      ],
      "original_size": [
        5.0,
        5.0,
        5.0
      ],
      "weight": 1.0,
      "rotation": "xyz",
      "rotation_index": 0
    },
    {
      "item_id": "cube-284",
      "bin_id": "bin-035",
      "position": [
        0.0,
        0.0,
        5.0
      ],
      "size": [
        5.0,
        5.0,
        5.0
      ],
      "original_size": [
        5.0,
        5.0,
        5.0
      ],
      "weight": 1.0,
      "rotation": "xyz",
      "rotation_index": 0
    },
    {
      "item_id": "cube-285",
      "bin_id": "bin-035",
      "position": [
        5.0,
        0.0,
        5.0
      ],
      "size": [
        5.0,
        5.0,
        5.0
      ],
      "original_size": [
        5.0,
        5.0,
        5.0
      ],
      "weight": 1.0,
      "rotation": "xyz",
      "rotation_index": 0
    },
    {
      "item_id": "cube-286",
      "bin_id": "bin-035",
      "position": [
        0.0,
        5.0,
        5.0
      ],
      "size": [
        5.0,
        5.0,
        5.0
      ],
      "original_size": [
        5.0,
        5.0,
        5.0
      ],
      "weight": 1.0,
      "rotation": "xyz",
      "rotation_index": 0
    },
    {
      "item_id": "cube-287",
      "bin_id": "bin-035",
      "position": [
        5.0,
        5.0,
        5.0
      ],
      "size": [
        5.0,
        5.0,
        5.0
      ],
      "original_size": [
        5.0,
        5.0,
        5.0
      ],
      "weight": 1.0,
      "rotation": "xyz",
      "rotation_index": 0
    },
    {
      "item_id": "cube-288",
      "bin_id": "bin-036",
      "position": [
        0.0,
        0.0,
        0.0
      ],
      "size": [
        5.0,
        5.0,
        5.0
      ],
      "original_size": [
        5.0,
        5.0,
        5.0
      ],
      "weight": 1.0,
      "rotation": "xyz",
      "rotation_index": 0
    },
    {
      "item_id": "cube-289",
      "bin_id": "bin-036",
      "position": [
        5.0,
        0.0,
        0.0
      ],
      "size": [
        5.0,
        5.0,
        5.0
      ],
      "original_size": [
        5.0,
        5.0,
        5.0
      ],
      "weight": 1.0,
      "rotation": "xyz",
      "rotation_index": 0
    },
    {
      "item_id": "cube-290",
      "bin_id": "bin-036",
      "position": [
        0.0,
        5.0,
        0.0
      ],
      "size": [
        5.0,
        5.0,
        5.0
      ],
      "original_size": [
        5.0,
        5.0,
        5.0
      ],
      "weight": 1.0,
      "rotation": "xyz",
      "rotation_index": 0
    },
    {
      "item_id": "cube-291",
      "bin_id": "bin-036",
      "position": [
        5.0,
        5.0,
        0.0
      ],
      "size": [
        5.0,
        5.0,
        5.0
      ],
      "original_size": [
        5.0,
        5.0,
        5.0
      ],
      "weight": 1.0,
      "rotation": "xyz",
      "rotation_index": 0
    },
    {
      "item_id": "cube-292",
      "bin_id": "bin-036",
      "position": [
        0.0,
        0.0,
        5.0
      ],
      "size": [
        5.0,
        5.0,
        5.0
      ],
      "original_size": [
        5.0,
        5.0,
        5.0
      ],
      "weight": 1.0,
      "rotation": "xyz",
      "rotation_index": 0
    },
    {
      "item_id": "cube-293",
      "bin_id": "bin-036",
      "position": [
        5.0,
        0.0,
        5.0
      ],
      "size": [
        5.0,
        5.0,
        5.0
      ],
      "original_size": [
        5.0,
        5.0,
        5.0
      ],
      "weight": 1.0,
      "rotation": "xyz",
      "rotation_index": 0
    },
    {
      "item_id": "cube-294",
      "bin_id": "bin-036",
      "position": [
        0.0,
        5.0,
        5.0
      ],
      "size": [
        5.0,
        5.0,
        5.0
      ],
      "original_size": [
        5.0,
        5.0,
        5.0
      ],
      "weight": 1.0,
      "rotation": "xyz",
      "rotation_index": 0
    },
    {
      "item_id": "cube-295",
      "bin_id": "bin-036",
      "position": [
        5.0,
        5.0,
        5.0
      ],
      "size": [
        5.0,
        5.0,
        5.0
      ],
      "original_size": [
        5.0,
        5.0,
        5.0
      ],
      "weight": 1.0,
      "rotation": "xyz",
      "rotation_index": 0
    },
    {
      "item_id": "cube-296",
      "bin_id": "bin-037",
      "position": [
        0.0,
        0.0,
        0.0
      ],
      "size": [
        5.0,
        5.0,
        5.0
      ],
      "original_size": [
        5.0,
        5.0,
        5.0
      ],
      "weight": 1.0,
      "rotation": "xyz",
      "rotation_index": 0
    },
    {
      "item_id": "cube-297",
      "bin_id": "bin-037",
      "position": [
        5.0,
        0.0,
        0.0
      ],
      "size": [
        5.0,
        5.0,
        5.0
      ],
      "original_size": [
        5.0,
        5.0,
        5.0
      ],
      "weight": 1.0,
      "rotation": "xyz",
      "rotation_index": 0
    },
    {
      "item_id": "cube-298",
      "bin_id": "bin-037",
      "position": [
        0.0,
        5.0,
        0.0
      ],
      "size": [
        5.0,
        5.0,
        5.0
      ],
      "original_size": [
        5.0,
        5.0,
        5.0
      ],
      "weight": 1.0,
      "rotation": "xyz",
      "rotation_index": 0
    },
    {
      "item_id": "cube-299",
      "bin_id": "bin-037",
      "position": [
        5.0,
        5.0,
        0.0
      ],
      "size": [
        5.0,
        5.0,
        5.0
      ],
      "original_size": [
        5.0,
        5.0,
        5.0
      ],
      "weight": 1.0,
      "rotation": "xyz",
      "rotation_index": 0
    },
    {
      "item_id": "cube-300",
      "bin_id": "bin-037",
      "position": [
        0.0,
        0.0,
        5.0
      ],
      "size": [
        5.0,
        5.0,
        5.0
      ],
      "original_size": [
        5.0,
        5.0,
        5.0
      ],
      "weight": 1.0,
      "rotation": "xyz",
      "rotation_index": 0
    },
    {
      "item_id": "cube-301",
      "bin_id": "bin-037",
      "position": [
        5.0,
        0.0,
        5.0
      ],
      "size": [
        5.0,
        5.0,
        5.0
      ],
      "original_size": [
        5.0,
        5.0,
        5.0
      ],
      "weight": 1.0,
      "rotation": "xyz",
      "rotation_index": 0
    },
    {
      "item_id": "cube-302",
      "bin_id": "bin-037",
      "position": [
        0.0,
        5.0,
        5.0
      ],
      "size": [
        5.0,
        5.0,
        5.0
      ],
      "original_size": [
        5.0,
        5.0,
        5.0
      ],
      "weight": 1.0,
      "rotation": "xyz",
      "rotation_index": 0
    },
    {
      "item_id": "cube-303",
      "bin_id": "bin-037",
      "position": [
        5.0,
        5.0,
        5.0
      ],
      "size": [
        5.0,
        5.0,
        5.0
      ],
      "original_size": [
        5.0,
        5.0,
        5.0
      ],
      "weight": 1.0,
      "rotation": "xyz",
      "rotation_index": 0
    },
    {
      "item_id": "cube-304",
      "bin_id": "bin-038",
      "position": [
        0.0,
        0.0,
        0.0
      ],
      "size": [
        5.0,
        5.0,
        5.0
      ],
      "original_size": [
        5.0,
        5.0,
        5.0
      ],
      "weight": 1.0,
      "rotation": "xyz",
      "rotation_index": 0
    },
    {
      "item_id": "cube-305",
      "bin_id": "bin-038",
      "position": [
        5.0,
        0.0,
        0.0
      ],
      "size": [
        5.0,
        5.0,
        5.0
      ],
      "original_size": [
        5.0,
        5.0,
        5.0
      ],
      "weight": 1.0,
      "rotation": "xyz",
      "rotation_index": 0
    },
    {
      "item_id": "cube-306",
      "bin_id": "bin-038",
      "position": [
        0.0,
        5.0,
        0.0
      ],
      "size": [
        5.0,
        5.0,
        5.0
      ],
      "original_size": [
        5.0,
        5.0,
        5.0
      ],
      "weight": 1.0,
      "rotation": "xyz",
      "rotation_index": 0
    },
    {
      "item_id": "cube-307",
      "bin_id": "bin-038",
      "position": [
        5.0,
        5.0,
        0.0
      ],
      "size": [
        5.0,
        5.0,
        5.0
      ],
      "original_size": [
        5.0,
        5.0,
        5.0
      ],
      "weight": 1.0,
      "rotation": "xyz",
      "rotation_index": 0
    },
    {
      "item_id": "cube-308",
      "bin_id": "bin-038",
      "position": [
        0.0,
        0.0,
        5.0
      ],
      "size": [
        5.0,
        5.0,
        5.0
      ],
      "original_size": [
        5.0,
        5.0,
        5.0
      ],
      "weight": 1.0,
      "rotation": "xyz",
      "rotation_index": 0
    },
    {
      "item_id": "cube-309",
      "bin_id": "bin-038",
      "position": [
        5.0,
        0.0,
        5.0
      ],
      "size": [
        5.0,
        5.0,
        5.0
      ],
      "original_size": [
        5.0,
        5.0,
        5.0
      ],
      "weight": 1.0,
      "rotation": "xyz",
      "rotation_index": 0
    },
    {
      "item_id": "cube-310",
      "bin_id": "bin-038",
      "position": [
        0.0,
        5.0,
        5.0
      ],
      "size": [
        5.0,
        5.0,
        5.0
      ],
      "original_size": [
        5.0,
        5.0,
        5.0
      ],
      "weight": 1.0,
      "rotation": "xyz",
      "rotation_index": 0
    },
    {
      "item_id": "cube-311",
      "bin_id": "bin-038",
      "position": [
        5.0,
        5.0,
        5.0
      ],
      "size": [
        5.0,
        5.0,
        5.0
      ],
      "original_size": [
        5.0,
        5.0,
        5.0
      ],
      "weight": 1.0,
      "rotation": "xyz",
      "rotation_index": 0
    },
    {
      "item_id": "cube-312",
      "bin_id": "bin-039",
      "position": [
        0.0,
        0.0,
        0.0
      ],
      "size": [
        5.0,
        5.0,
        5.0
      ],
      "original_size": [
        5.0,
        5.0,
        5.0
      ],
      "weight": 1.0,
      "rotation": "xyz",
      "rotation_index": 0
    },
    {
      "item_id": "cube-313",
      "bin_id": "bin-039",
      "position": [
        5.0,
        0.0,
        0.0
      ],
      "size": [
        5.0,
        5.0,
        5.0
      ],
      "original_size": [
        5.0,
        5.0,
        5.0
      ],
      "weight": 1.0,
      "rotation": "xyz",
      "rotation_index": 0
    },
    {
      "item_id": "cube-314",
      "bin_id": "bin-039",
      "position": [
        0.0,
        5.0,
        0.0
      ],
      "size": [
        5.0,
        5.0,
        5.0
      ],
      "original_size": [
        5.0,
        5.0,
        5.0
      ],
      "weight": 1.0,
      "rotation": "xyz",
      "rotation_index": 0
    },
    {
      "item_id": "cube-315",
      "bin_id": "bin-039",
      "position": [
        5.0,
        5.0,
        0.0
      ],
      "size": [
        5.0,
        5.0,
        5.0
      ],
      "original_size": [
        5.0,
        5.0,
        5.0
      ],
      "weight": 1.0,
      "rotation": "xyz",
      "rotation_index": 0
    },
    {
      "item_id": "cube-316",
      "bin_id": "bin-039",
      "position": [
        0.0,
        0.0,
        5.0
      ],
      "size": [
        5.0,
        5.0,
        5.0
      ],
      "original_size": [
        5.0,
        5.0,
        5.0
      ],
      "weight": 1.0,
      "rotation": "xyz",
      "rotation_index": 0
    },
    {
      "item_id": "cube-317",
      "bin_id": "bin-039",
      "position": [
        5.0,
        0.0,
        5.0
      ],
      "size": [
        5.0,
        5.0,
        5.0
      ],
      "original_size": [
        5.0,
        5.0,
        5.0
      ],
      "weight": 1.0,
      "rotation": "xyz",
      "rotation_index": 0
    },
    {
      "item_id": "cube-318",
      "bin_id": "bin-039",
      "position": [
        0.0,
        5.0,
        5.0
      ],
      "size": [
        5.0,
        5.0,
        5.0
      ],
      "original_size": [
        5.0,
        5.0,
        5.0
      ],
      "weight": 1.0,
      "rotation": "xyz",
      "rotation_index": 0
    },
    {
      "item_id": "cube-319",
      "bin_id": "bin-039",
      "position": [
        5.0,
        5.0,
        5.0
      ],
      "size": [
        5.0,
        5.0,
        5.0
      ],
      "original_size": [
        5.0,
        5.0,
        5.0
      ],
      "weight": 1.0,
      "rotation": "xyz",
      "rotation_index": 0
    },
    {
      "item_id": "cube-320",
      "bin_id": "bin-040",
      "position": [
        0.0,
        0.0,
        0.0
      ],
      "size": [
        5.0,
        5.0,
        5.0
      ],
      "original_size": [
        5.0,
        5.0,
        5.0
      ],
      "weight": 1.0,
      "rotation": "xyz",
      "rotation_index": 0
    },
    {
      "item_id": "cube-321",
      "bin_id": "bin-040",
      "position": [
        5.0,
        0.0,
        0.0
      ],
      "size": [
        5.0,
        5.0,
        5.0
      ],
      "original_size": [
        5.0,
        5.0,
        5.0
      ],
      "weight": 1.0,
      "rotation": "xyz",
      "rotation_index": 0
    },
    {
      "item_id": "cube-322",
      "bin_id": "bin-040",
      "position": [
        0.0,
        5.0,
        0.0
      ],
      "size": [
        5.0,
        5.0,
        5.0
      ],
      "original_size": [
        5.0,
        5.0,
        5.0
      ],
      "weight": 1.0,
      "rotation": "xyz",
      "rotation_index": 0
    },
    {
      "item_id": "cube-323",
      "bin_id": "bin-040",
      "position": [
        5.0,
        5.0,
        0.0
      ],
      "size": [
        5.0,
        5.0,
        5.0
      ],
      "original_size": [
        5.0,
        5.0,
        5.0
      ],
      "weight": 1.0,
      "rotation": "xyz",
      "rotation_index": 0
    },
    {
      "item_id": "cube-324",
      "bin_id": "bin-040",
      "position": [
        0.0,
        0.0,
        5.0
      ],
      "size": [
        5.0,
        5.0,
        5.0
      ],
      "original_size": [
        5.0,
        5.0,
        5.0
      ],
      "weight": 1.0,
      "rotation": "xyz",
      "rotation_index": 0
    },
    {
      "item_id": "cube-325",
      "bin_id": "bin-040",
      "position": [
        5.0,
        0.0,
        5.0
      ],
      "size": [
        5.0,
        5.0,
        5.0
      ],
      "original_size": [
        5.0,
        5.0,
        5.0
      ],
      "weight": 1.0,
      "rotation": "xyz",
      "rotation_index": 0
    },
    {
      "item_id": "cube-326",
      "bin_id": "bin-040",
      "position": [
        0.0,
        5.0,
        5.0
      ],
      "size": [
        5.0,
        5.0,
        5.0
      ],
      "original_size": [
        5.0,
        5.0,
        5.0
      ],
      "weight": 1.0,
      "rotation": "xyz",
      "rotation_index": 0
    },
    {
      "item_id": "cube-327",
      "bin_id": "bin-040",
      "position": [
        5.0,
        5.0,
        5.0
      ],
      "size": [
        5.0,
        5.0,
        5.0
      ],
      "original_size": [
        5.0,
        5.0,
        5.0
      ],
      "weight": 1.0,
      "rotation": "xyz",
      "rotation_index": 0
    },
    {
      "item_id": "cube-328",
      "bin_id": "bin-041",
      "position": [
        0.0,
        0.0,
        0.0
      ],
      "size": [
        5.0,
        5.0,
        5.0
      ],
      "original_size": [
        5.0,
        5.0,
        5.0
      ],
      "weight": 1.0,
      "rotation": "xyz",
      "rotation_index": 0
    },
    {
      "item_id": "cube-329",
      "bin_id": "bin-041",
      "position": [
        5.0,
        0.0,
        0.0
      ],
      "size": [
        5.0,
        5.0,
        5.0
      ],
      "original_size": [
        5.0,
        5.0,
        5.0
      ],
      "weight": 1.0,
      "rotation": "xyz",
      "rotation_index": 0
    },
    {
      "item_id": "cube-330",
      "bin_id": "bin-041",
      "position": [
        0.0,
        5.0,
        0.0
      ],
      "size": [
        5.0,
        5.0,
        5.0
      ],
      "original_size": [
        5.0,
        5.0,
        5.0
      ],
      "weight": 1.0,
      "rotation": "xyz",
      "rotation_index": 0
    },
    {
      "item_id": "cube-331",
      "bin_id": "bin-041",
      "position": [
        5.0,
        5.0,
        0.0
      ],
      "size": [
        5.0,
        5.0,
        5.0
      ],
      "original_size": [
        5.0,
        5.0,
        5.0
      ],
      "weight": 1.0,
      "rotation": "xyz",
      "rotation_index": 0
    },
    {
      "item_id": "cube-332",
      "bin_id": "bin-041",
      "position": [
        0.0,
        0.0,
        5.0
      ],
      "size": [
        5.0,
        5.0,
        5.0
      ],
      "original_size": [
        5.0,
        5.0,
        5.0
      ],
      "weight": 1.0,
      "rotation": "xyz",
      "rotation_index": 0
    },
    {
      "item_id": "cube-333",
      "bin_id": "bin-041",
      "position": [
        5.0,
        0.0,
        5.0
      ],
      "size": [
        5.0,
        5.0,
        5.0
      ],
      "original_size": [
        5.0,
        5.0,
        5.0
      ],
      "weight": 1.0,
      "rotation": "xyz",
      "rotation_index": 0
    },
    {
      "item_id": "cube-334",
      "bin_id": "bin-041",
      "position": [
        0.0,
        5.0,
        5.0
      ],
      "size": [
        5.0,
        5.0,
        5.0
      ],
      "original_size": [
        5.0,
        5.0,
        5.0
      ],
      "weight": 1.0,
      "rotation": "xyz",
      "rotation_index": 0
    },
    {
      "item_id": "cube-335",
      "bin_id": "bin-041",
      "position": [
        5.0,
        5.0,
        5.0
      ],
      "size": [
        5.0,
        5.0,
        5.0
      ],
      "original_size": [
        5.0,
        5.0,
        5.0
      ],
      "weight": 1.0,
      "rotation": "xyz",
      "rotation_index": 0
    },
    {
      "item_id": "cube-336",
      "bin_id": "bin-042",
      "position": [
        0.0,
        0.0,
        0.0
      ],
      "size": [
        5.0,
        5.0,
        5.0
      ],
      "original_size": [
        5.0,
        5.0,
        5.0
      ],
      "weight": 1.0,
      "rotation": "xyz",
      "rotation_index": 0
    },
    {
      "item_id": "cube-337",
      "bin_id": "bin-042",
      "position": [
        5.0,
        0.0,
        0.0
      ],
      "size": [
        5.0,
        5.0,
        5.0
      ],
      "original_size": [
        5.0,
        5.0,
        5.0
      ],
      "weight": 1.0,
      "rotation": "xyz",
      "rotation_index": 0
    },
    {
      "item_id": "cube-338",
      "bin_id": "bin-042",
      "position": [
        0.0,
        5.0,
        0.0
      ],
      "size": [
        5.0,
        5.0,
        5.0
      ],
      "original_size": [
        5.0,
        5.0,
        5.0
      ],
      "weight": 1.0,
      "rotation": "xyz",
      "rotation_index": 0
    },
    {
      "item_id": "cube-339",
      "bin_id": "bin-042",
      "position": [
        5.0,
        5.0,
        0.0
      ],
      "size": [
        5.0,
        5.0,
        5.0
      ],
      "original_size": [
        5.0,
        5.0,
        5.0
      ],
      "weight": 1.0,
      "rotation": "xyz",
      "rotation_index": 0
    },
    {
      "item_id": "cube-340",
      "bin_id": "bin-042",
      "position": [
        0.0,
        0.0,
        5.0
      ],
      "size": [
        5.0,
        5.0,
        5.0
      ],
      "original_size": [
        5.0,
        5.0,
        5.0
      ],
      "weight": 1.0,
      "rotation": "xyz",
      "rotation_index": 0
    },
    {
      "item_id": "cube-341",
      "bin_id": "bin-042",
      "position": [
        5.0,
        0.0,
        5.0
      ],
      "size": [
        5.0,
        5.0,
        5.0
      ],
      "original_size": [
        5.0,
        5.0,
        5.0
      ],
      "weight": 1.0,
      "rotation": "xyz",
      "rotation_index": 0
    },
    {
      "item_id": "cube-342",
      "bin_id": "bin-042",
      "position": [
        0.0,
        5.0,
        5.0
      ],
      "size": [
        5.0,
        5.0,
        5.0
      ],
      "original_size": [
        5.0,
        5.0,
        5.0
      ],
      "weight": 1.0,
      "rotation": "xyz",
      "rotation_index": 0
    },
    {
      "item_id": "cube-343",
      "bin_id": "bin-042",
      "position": [
        5.0,
        5.0,
        5.0
      ],
      "size": [
        5.0,
        5.0,
        5.0
      ],
      "original_size": [
        5.0,
        5.0,
        5.0
      ],
      "weight": 1.0,
      "rotation": "xyz",
      "rotation_index": 0
    },
    {
      "item_id": "cube-344",
      "bin_id": "bin-043",
      "position": [
        0.0,
        0.0,
        0.0
      ],
      "size": [
        5.0,
        5.0,
        5.0
      ],
      "original_size": [
        5.0,
        5.0,
        5.0
      ],
      "weight": 1.0,
      "rotation": "xyz",
      "rotation_index": 0
    },
    {
      "item_id": "cube-345",
      "bin_id": "bin-043",
      "position": [
        5.0,
        0.0,
        0.0
      ],
      "size": [
        5.0,
        5.0,
        5.0
      ],
      "original_size": [
        5.0,
        5.0,
        5.0
      ],
      "weight": 1.0,
      "rotation": "xyz",
      "rotation_index": 0
    },
    {
      "item_id": "cube-346",
      "bin_id": "bin-043",
      "position": [
        0.0,
        5.0,
        0.0
      ],
      "size": [
        5.0,
        5.0,
        5.0
      ],
      "original_size": [
        5.0,
        5.0,
        5.0
      ],
      "weight": 1.0,
      "rotation": "xyz",
      "rotation_index": 0
    },
    {
      "item_id": "cube-347",
      "bin_id": "bin-043",
      "position": [
        5.0,
        5.0,
        0.0
      ],
      "size": [
        5.0,
        5.0,
        5.0
      ],
      "original_size": [
        5.0,
        5.0,
        5.0
      ],
      "weight": 1.0,
      "rotation": "xyz",
      "rotation_index": 0
    },
    {
      "item_id": "cube-348",
      "bin_id": "bin-043",
      "position": [
        0.0,
        0.0,
        5.0
      ],
      "size": [
        5.0,
        5.0,
        5.0
      ],
      "original_size": [
        5.0,
        5.0,
        5.0
      ],
      "weight": 1.0,
      "rotation": "xyz",
      "rotation_index": 0
    },
    {
      "item_id": "cube-349",
      "bin_id": "bin-043",
      "position": [
        5.0,
        0.0,
        5.0
      ],
      "size": [
        5.0,
        5.0,
        5.0
      ],
      "original_size": [
        5.0,
        5.0,
        5.0
      ],
      "weight": 1.0,
      "rotation": "xyz",
      "rotation_index": 0
    },
    {
      "item_id": "cube-350",
      "bin_id": "bin-043",
      "position": [
        0.0,
        5.0,
        5.0
      ],
      "size": [
        5.0,
        5.0,
        5.0
      ],
      "original_size": [
        5.0,
        5.0,
        5.0
      ],
      "weight": 1.0,
      "rotation": "xyz",
      "rotation_index": 0
    },
    {
      "item_id": "cube-351",
      "bin_id": "bin-043",
      "position": [
        5.0,
        5.0,
        5.0
      ],
      "size": [
        5.0,
        5.0,
        5.0
      ],
      "original_size": [
        5.0,
        5.0,
        5.0
      ],
      "weight": 1.0,
      "rotation": "xyz",
      "rotation_index": 0
    },
    {
      "item_id": "cube-352",
      "bin_id": "bin-044",
      "position": [
        0.0,
        0.0,
        0.0
      ],
      "size": [
        5.0,
        5.0,
        5.0
      ],
      "original_size": [
        5.0,
        5.0,
        5.0
      ],
      "weight": 1.0,
      "rotation": "xyz",
      "rotation_index": 0
    },
    {
      "item_id": "cube-353",
      "bin_id": "bin-044",
      "position": [
        5.0,
        0.0,
        0.0
      ],
      "size": [
        5.0,
        5.0,
        5.0
      ],
      "original_size": [
        5.0,
        5.0,
        5.0
      ],
      "weight": 1.0,
      "rotation": "xyz",
      "rotation_index": 0
    },
    {
      "item_id": "cube-354",
      "bin_id": "bin-044",
      "position": [
        0.0,
        5.0,
        0.0
      ],
      "size": [
        5.0,
        5.0,
        5.0
      ],
      "original_size": [
        5.0,
        5.0,
        5.0
      ],
      "weight": 1.0,
      "rotation": "xyz",
      "rotation_index": 0
    },
    {
      "item_id": "cube-355",
      "bin_id": "bin-044",
      "position": [
        5.0,
        5.0,
        0.0
      ],
      "size": [
        5.0,
        5.0,
        5.0
      ],
      "original_size": [
        5.0,
        5.0,
        5.0
      ],
      "weight": 1.0,
      "rotation": "xyz",
      "rotation_index": 0
    },
    {
      "item_id": "cube-356",
      "bin_id": "bin-044",
      "position": [
        0.0,
        0.0,
        5.0
      ],
      "size": [
        5.0,
        5.0,
        5.0
      ],
      "original_size": [
        5.0,
        5.0,
        5.0
      ],
      "weight": 1.0,
      "rotation": "xyz",
      "rotation_index": 0
    },
    {
      "item_id": "cube-357",
      "bin_id": "bin-044",
      "position": [
        5.0,
        0.0,
        5.0
      ],
      "size": [
        5.0,
        5.0,
        5.0
      ],
      "original_size": [
        5.0,
        5.0,
        5.0
      ],
      "weight": 1.0,
      "rotation": "xyz",
      "rotation_index": 0
    },
    {
      "item_id": "cube-358",
      "bin_id": "bin-044",
      "position": [
        0.0,
        5.0,
        5.0
      ],
      "size": [
        5.0,
        5.0,
        5.0
      ],
      "original_size": [
        5.0,
        5.0,
        5.0
      ],
      "weight": 1.0,
      "rotation": "xyz",
      "rotation_index": 0
    },
    {
      "item_id": "cube-359",
      "bin_id": "bin-044",
      "position": [
        5.0,
        5.0,
        5.0
      ],
      "size": [
        5.0,
        5.0,
        5.0
      ],
      "original_size": [
        5.0,
        5.0,
        5.0
      ],
      "weight": 1.0,
      "rotation": "xyz",
      "rotation_index": 0
    },
    {
      "item_id": "cube-360",
      "bin_id": "bin-045",
      "position": [
        0.0,
        0.0,
        0.0
      ],
      "size": [
        5.0,
        5.0,
        5.0
      ],
      "original_size": [
        5.0,
        5.0,
        5.0
      ],
      "weight": 1.0,
      "rotation": "xyz",
      "rotation_index": 0
    },
    {
      "item_id": "cube-361",
      "bin_id": "bin-045",
      "position": [
        5.0,
        0.0,
        0.0
      ],
      "size": [
        5.0,
        5.0,
        5.0
      ],
      "original_size": [
        5.0,
        5.0,
        5.0
      ],
      "weight": 1.0,
      "rotation": "xyz",
      "rotation_index": 0
    },
    {
      "item_id": "cube-362",
      "bin_id": "bin-045",
      "position": [
        0.0,
        5.0,
        0.0
      ],
      "size": [
        5.0,
        5.0,
        5.0
      ],
      "original_size": [
        5.0,
        5.0,
        5.0
      ],
      "weight": 1.0,
      "rotation": "xyz",
      "rotation_index": 0
    },
    {
      "item_id": "cube-363",
      "bin_id": "bin-045",
      "position": [
        5.0,
        5.0,
        0.0
      ],
      "size": [
        5.0,
        5.0,
        5.0
      ],
      "original_size": [
        5.0,
        5.0,
        5.0
      ],
      "weight": 1.0,
      "rotation": "xyz",
      "rotation_index": 0
    },
    {
      "item_id": "cube-364",
      "bin_id": "bin-045",
      "position": [
        0.0,
        0.0,
        5.0
      ],
      "size": [
        5.0,
        5.0,
        5.0
      ],
      "original_size": [
        5.0,
        5.0,
        5.0
      ],
      "weight": 1.0,
      "rotation": "xyz",
      "rotation_index": 0
    },
    {
      "item_id": "cube-365",
      "bin_id": "bin-045",
      "position": [
        5.0,
        0.0,
        5.0
      ],
      "size": [
        5.0,
        5.0,
        5.0
      ],
      "original_size": [
        5.0,
        5.0,
        5.0
      ],
      "weight": 1.0,
      "rotation": "xyz",
      "rotation_index": 0
    },
    {
      "item_id": "cube-366",
      "bin_id": "bin-045",
      "position": [
        0.0,
        5.0,
        5.0
      ],
      "size": [
        5.0,
        5.0,
        5.0
      ],
      "original_size": [
        5.0,
        5.0,
        5.0
      ],
      "weight": 1.0,
      "rotation": "xyz",
      "rotation_index": 0
    },
    {
      "item_id": "cube-367",
      "bin_id": "bin-045",
      "position": [
        5.0,
        5.0,
        5.0
      ],
      "size": [
        5.0,
        5.0,
        5.0
      ],
      "original_size": [
        5.0,
        5.0,
        5.0
      ],
      "weight": 1.0,
      "rotation": "xyz",
      "rotation_index": 0
    },
    {
      "item_id": "cube-368",
      "bin_id": "bin-046",
      "position": [
        0.0,
        0.0,
        0.0
      ],
      "size": [
        5.0,
        5.0,
        5.0
      ],
      "original_size": [
        5.0,
        5.0,
        5.0
      ],
      "weight": 1.0,
      "rotation": "xyz",
      "rotation_index": 0
    },
    {
      "item_id": "cube-369",
      "bin_id": "bin-046",
      "position": [
        5.0,
        0.0,
        0.0
      ],
      "size": [
        5.0,
        5.0,
        5.0
      ],
      "original_size": [
        5.0,
        5.0,
        5.0
      ],
      "weight": 1.0,
      "rotation": "xyz",
      "rotation_index": 0
    },
    {
      "item_id": "cube-370",
      "bin_id": "bin-046",
      "position": [
        0.0,
        5.0,
        0.0
      ],
      "size": [
        5.0,
        5.0,
        5.0
      ],
      "original_size": [
        5.0,
        5.0,
        5.0
      ],
      "weight": 1.0,
      "rotation": "xyz",
      "rotation_index": 0
    },
    {
      "item_id": "cube-371",
      "bin_id": "bin-046",
      "position": [
        5.0,
        5.0,
        0.0
      ],
      "size": [
        5.0,
        5.0,
        5.0
      ],
      "original_size": [
        5.0,
        5.0,
        5.0
      ],
      "weight": 1.0,
      "rotation": "xyz",
      "rotation_index": 0
    },
    {
      "item_id": "cube-372",
      "bin_id": "bin-046",
      "position": [
        0.0,
        0.0,
        5.0
      ],
      "size": [
        5.0,
        5.0,
        5.0
      ],
      "original_size": [
        5.0,
        5.0,
        5.0
      ],
      "weight": 1.0,
      "rotation": "xyz",
      "rotation_index": 0
    },
    {
      "item_id": "cube-373",
      "bin_id": "bin-046",
      "position": [
        5.0,
        0.0,
        5.0
      ],
      "size": [
        5.0,
        5.0,
        5.0
      ],
      "original_size": [
        5.0,
        5.0,
        5.0
      ],
      "weight": 1.0,
      "rotation": "xyz",
      "rotation_index": 0
    },
    {
      "item_id": "cube-374",
      "bin_id": "bin-046",
      "position": [
        0.0,
        5.0,
        5.0
      ],
      "size": [
        5.0,
        5.0,
        5.0
      ],
      "original_size": [
        5.0,
        5.0,
        5.0
      ],
      "weight": 1.0,
      "rotation": "xyz",
      "rotation_index": 0
    },
    {
      "item_id": "cube-375",
      "bin_id": "bin-046",
      "position": [
        5.0,
        5.0,
        5.0
      ],
      "size": [
        5.0,
        5.0,
        5.0
      ],
      "original_size": [
        5.0,
        5.0,
        5.0
      ],
      "weight": 1.0,
      "rotation": "xyz",
      "rotation_index": 0
    },
    {
      "item_id": "cube-376",
      "bin_id": "bin-047",
      "position": [
        0.0,
        0.0,
        0.0
      ],
      "size": [
        5.0,
        5.0,
        5.0
      ],
      "original_size": [
        5.0,
        5.0,
        5.0
      ],
      "weight": 1.0,
      "rotation": "xyz",
      "rotation_index": 0
    },
    {
      "item_id": "cube-377",
      "bin_id": "bin-047",
      "position": [
        5.0,
        0.0,
        0.0
      ],
      "size": [
        5.0,
        5.0,
        5.0
      ],
      "original_size": [
        5.0,
        5.0,
        5.0
      ],
      "weight": 1.0,
      "rotation": "xyz",
      "rotation_index": 0
    },
    {
      "item_id": "cube-378",
      "bin_id": "bin-047",
      "position": [
        0.0,
        5.0,
        0.0
      ],
      "size": [
        5.0,
        5.0,
        5.0
      ],
      "original_size": [
        5.0,
        5.0,
        5.0
      ],
      "weight": 1.0,
      "rotation": "xyz",
      "rotation_index": 0
    },
    {
      "item_id": "cube-379",
      "bin_id": "bin-047",
      "position": [
        5.0,
        5.0,
        0.0
      ],
      "size": [
        5.0,
        5.0,
        5.0
      ],
      "original_size": [
        5.0,
        5.0,
        5.0
      ],
      "weight": 1.0,
      "rotation": "xyz",
      "rotation_index": 0
    },
    {
      "item_id": "cube-380",
      "bin_id": "bin-047",
      "position": [
        0.0,
        0.0,
        5.0
      ],
      "size": [
        5.0,
        5.0,
        5.0
      ],
      "original_size": [
        5.0,
        5.0,
        5.0
      ],
      "weight": 1.0,
      "rotation": "xyz",
      "rotation_index": 0
    },
    {
      "item_id": "cube-381",
      "bin_id": "bin-047",
      "position": [
        5.0,
        0.0,
        5.0
      ],
      "size": [
        5.0,
        5.0,
        5.0
      ],
      "original_size": [
        5.0,
        5.0,
        5.0
      ],
      "weight": 1.0,
      "rotation": "xyz",
      "rotation_index": 0
    },
    {
      "item_id": "cube-382",
      "bin_id": "bin-047",
      "position": [
        0.0,
        5.0,
        5.0
      ],
      "size": [
        5.0,
        5.0,
        5.0
      ],
      "original_size": [
        5.0,
        5.0,
        5.0
      ],
      "weight": 1.0,
      "rotation": "xyz",
      "rotation_index": 0
    },
    {
      "item_id": "cube-383",
      "bin_id": "bin-047",
      "position": [
        5.0,
        5.0,
        5.0
      ],
      "size": [
        5.0,
        5.0,
        5.0
      ],
      "original_size": [
        5.0,
        5.0,
        5.0
      ],
      "weight": 1.0,
      "rotation": "xyz",
      "rotation_index": 0
    },
    {
      "item_id": "cube-384",
      "bin_id": "bin-048",
      "position": [
        0.0,
        0.0,
        0.0
      ],
      "size": [
        5.0,
        5.0,
        5.0
      ],
      "original_size": [
        5.0,
        5.0,
        5.0
      ],
      "weight": 1.0,
      "rotation": "xyz",
      "rotation_index": 0
    },
    {
      "item_id": "cube-385",
      "bin_id": "bin-048",
      "position": [
        5.0,
        0.0,
        0.0
      ],
      "size": [
        5.0,
        5.0,
        5.0
      ],
      "original_size": [
        5.0,
        5.0,
        5.0
      ],
      "weight": 1.0,
      "rotation": "xyz",
      "rotation_index": 0
    },
    {
      "item_id": "cube-386",
      "bin_id": "bin-048",
      "position": [
        0.0,
        5.0,
        0.0
      ],
      "size": [
        5.0,
        5.0,
        5.0
      ],
      "original_size": [
        5.0,
        5.0,
        5.0
      ],
      "weight": 1.0,
      "rotation": "xyz",
      "rotation_index": 0
    },
    {
      "item_id": "cube-387",
      "bin_id": "bin-048",
      "position": [
        5.0,
        5.0,
        0.0
      ],
      "size": [
        5.0,
        5.0,
        5.0
      ],
      "original_size": [
        5.0,
        5.0,
        5.0
      ],
      "weight": 1.0,
      "rotation": "xyz",
      "rotation_index": 0
    },
    {
      "item_id": "cube-388",
      "bin_id": "bin-048",
      "position": [
        0.0,
        0.0,
        5.0
      ],
      "size": [
        5.0,
        5.0,
        5.0
      ],
      "original_size": [
        5.0,
        5.0,
        5.0
      ],
      "weight": 1.0,
      "rotation": "xyz",
      "rotation_index": 0
    },
    {
      "item_id": "cube-389",
      "bin_id": "bin-048",
      "position": [
        5.0,
        0.0,
        5.0
      ],
      "size": [
        5.0,
        5.0,
        5.0
      ],
      "original_size": [
        5.0,
        5.0,
        5.0
      ],
      "weight": 1.0,
      "rotation": "xyz",
      "rotation_index": 0
    },
    {
      "item_id": "cube-390",
      "bin_id": "bin-048",
      "position": [
        0.0,
        5.0,
        5.0
      ],
      "size": [
        5.0,
        5.0,
        5.0
      ],
      "original_size": [
        5.0,
        5.0,
        5.0
      ],
      "weight": 1.0,
      "rotation": "xyz",
      "rotation_index": 0
    },
    {
      "item_id": "cube-391",
      "bin_id": "bin-048",
      "position": [
        5.0,
        5.0,
        5.0
      ],
      "size": [
        5.0,
        5.0,
        5.0
      ],
      "original_size": [
        5.0,
        5.0,
        5.0
      ],
      "weight": 1.0,
      "rotation": "xyz",
      "rotation_index": 0
    },
    {
      "item_id": "cube-392",
      "bin_id": "bin-049",
      "position": [
        0.0,
        0.0,
        0.0
      ],
      "size": [
        5.0,
        5.0,
        5.0
      ],
      "original_size": [
        5.0,
        5.0,
        5.0
      ],
      "weight": 1.0,
      "rotation": "xyz",
      "rotation_index": 0
    },
    {
      "item_id": "cube-393",
      "bin_id": "bin-049",
      "position": [
        5.0,
        0.0,
        0.0
      ],
      "size": [
        5.0,
        5.0,
        5.0
      ],
      "original_size": [
        5.0,
        5.0,
        5.0
      ],
      "weight": 1.0,
      "rotation": "xyz",
      "rotation_index": 0
    },
    {
      "item_id": "cube-394",
      "bin_id": "bin-049",
      "position": [
        0.0,
        5.0,
        0.0
      ],
      "size": [
        5.0,
        5.0,
        5.0
      ],
      "original_size": [
        5.0,
        5.0,
        5.0
      ],
      "weight": 1.0,
      "rotation": "xyz",
      "rotation_index": 0
    },
    {
      "item_id": "cube-395",
      "bin_id": "bin-049",
      "position": [
        5.0,
        5.0,
        0.0
      ],
      "size": [
        5.0,
        5.0,
        5.0
      ],
      "original_size": [
        5.0,
        5.0,
        5.0
      ],
      "weight": 1.0,
      "rotation": "xyz",
      "rotation_index": 0
    },
    {
      "item_id": "cube-396",
      "bin_id": "bin-049",
      "position": [
        0.0,
        0.0,
        5.0
      ],
      "size": [
        5.0,
        5.0,
        5.0
      ],
      "original_size": [
        5.0,
        5.0,
        5.0
      ],
      "weight": 1.0,
      "rotation": "xyz",
      "rotation_index": 0
    },
    {
      "item_id": "cube-397",
      "bin_id": "bin-049",
      "position": [
        5.0,
        0.0,
        5.0
      ],
      "size": [
        5.0,
        5.0,
        5.0
      ],
      "original_size": [
        5.0,
        5.0,
        5.0
      ],
      "weight": 1.0,
      "rotation": "xyz",
      "rotation_index": 0
    },
    {
      "item_id": "cube-398",
      "bin_id": "bin-049",
      "position": [
        0.0,
        5.0,
        5.0
      ],
      "size": [
        5.0,
        5.0,
        5.0
      ],
      "original_size": [
        5.0,
        5.0,
        5.0
      ],
      "weight": 1.0,
      "rotation": "xyz",
      "rotation_index": 0
    },
    {
      "item_id": "cube-399",
      "bin_id": "bin-049",
      "position": [
        5.0,
        5.0,
        5.0
      ],
      "size": [
        5.0,
        5.0,
        5.0
      ],
      "original_size": [
        5.0,
        5.0,
        5.0
      ],
      "weight": 1.0,
      "rotation": "xyz",
      "rotation_index": 0
    },
    {
      "item_id": "cube-400",
      "bin_id": "bin-050",
      "position": [
        0.0,
        0.0,
        0.0
      ],
      "size": [
        5.0,
        5.0,
        5.0
      ],
      "original_size": [
        5.0,
        5.0,
        5.0
      ],
      "weight": 1.0,
      "rotation": "xyz",
      "rotation_index": 0
    },
    {
      "item_id": "cube-401",
      "bin_id": "bin-050",
      "position": [
        5.0,
        0.0,
        0.0
      ],
      "size": [
        5.0,
        5.0,
        5.0
      ],
      "original_size": [
        5.0,
        5.0,
        5.0
      ],
      "weight": 1.0,
      "rotation": "xyz",
      "rotation_index": 0
    },
    {
      "item_id": "cube-402",
      "bin_id": "bin-050",
      "position": [
        0.0,
        5.0,
        0.0
      ],
      "size": [
        5.0,
        5.0,
        5.0
      ],
      "original_size": [
        5.0,
        5.0,
        5.0
      ],
      "weight": 1.0,
      "rotation": "xyz",
      "rotation_index": 0
    },
    {
      "item_id": "cube-403",
      "bin_id": "bin-050",
      "position": [
        5.0,
        5.0,
        0.0
      ],
      "size": [
        5.0,
        5.0,
        5.0
      ],
      "original_size": [
        5.0,
        5.0,
        5.0
      ],
      "weight": 1.0,
      "rotation": "xyz",
      "rotation_index": 0
    },
    {
      "item_id": "cube-404",
      "bin_id": "bin-050",
      "position": [
        0.0,
        0.0,
        5.0
      ],
      "size": [
        5.0,
        5.0,
        5.0
      ],
      "original_size": [
        5.0,
        5.0,
        5.0
      ],
      "weight": 1.0,
      "rotation": "xyz",
      "rotation_index": 0
    },
    {
      "item_id": "cube-405",
      "bin_id": "bin-050",
      "position": [
        5.0,
        0.0,
        5.0
      ],
      "size": [
        5.0,
        5.0,
        5.0
      ],
      "original_size": [
        5.0,
        5.0,
        5.0
      ],
      "weight": 1.0,
      "rotation": "xyz",
      "rotation_index": 0
    },
    {
      "item_id": "cube-406",
      "bin_id": "bin-050",
      "position": [
        0.0,
        5.0,
        5.0
      ],
      "size": [
        5.0,
        5.0,
        5.0
      ],
      "original_size": [
        5.0,
        5.0,
        5.0
      ],
      "weight": 1.0,
      "rotation": "xyz",
      "rotation_index": 0
    },
    {
      "item_id": "cube-407",
      "bin_id": "bin-050",
      "position": [
        5.0,
        5.0,
        5.0
      ],
      "size": [
        5.0,
        5.0,
        5.0
      ],
      "original_size": [
        5.0,
        5.0,
        5.0
      ],
      "weight": 1.0,
      "rotation": "xyz",
      "rotation_index": 0
    },
    {
      "item_id": "cube-408",
      "bin_id": "bin-051",
      "position": [
        0.0,
        0.0,
        0.0
      ],
      "size": [
        5.0,
        5.0,
        5.0
      ],
      "original_size": [
        5.0,
        5.0,
        5.0
      ],
      "weight": 1.0,
      "rotation": "xyz",
      "rotation_index": 0
    },
    {
      "item_id": "cube-409",
      "bin_id": "bin-051",
      "position": [
        5.0,
        0.0,
        0.0
      ],
      "size": [
        5.0,
        5.0,
        5.0
      ],
      "original_size": [
        5.0,
        5.0,
        5.0
      ],
      "weight": 1.0,
      "rotation": "xyz",
      "rotation_index": 0
    },
    {
      "item_id": "cube-410",
      "bin_id": "bin-051",
      "position": [
        0.0,
        5.0,
        0.0
      ],
      "size": [
        5.0,
        5.0,
        5.0
      ],
      "original_size": [
        5.0,
        5.0,
        5.0
      ],
      "weight": 1.0,
      "rotation": "xyz",
      "rotation_index": 0
    },
    {
      "item_id": "cube-411",
      "bin_id": "bin-051",
      "position": [
        5.0,
        5.0,
        0.0
      ],
      "size": [
        5.0,
        5.0,
        5.0
      ],
      "original_size": [
        5.0,
        5.0,
        5.0
      ],
      "weight": 1.0,
      "rotation": "xyz",
      "rotation_index": 0
    },
    {
      "item_id": "cube-412",
      "bin_id": "bin-051",
      "position": [
        0.0,
        0.0,
        5.0
      ],
      "size": [
        5.0,
        5.0,
        5.0
      ],
      "original_size": [
        5.0,
        5.0,
        5.0
      ],
      "weight": 1.0,
      "rotation": "xyz",
      "rotation_index": 0
    },
    {
      "item_id": "cube-413",
      "bin_id": "bin-051",
      "position": [
        5.0,
        0.0,
        5.0
      ],
      "size": [
        5.0,
        5.0,
        5.0
      ],
      "original_size": [
        5.0,
        5.0,
        5.0
      ],
      "weight": 1.0,
      "rotation": "xyz",
      "rotation_index": 0
    },
    {
      "item_id": "cube-414",
      "bin_id": "bin-051",
      "position": [
        0.0,
        5.0,
        5.0
      ],
      "size": [
        5.0,
        5.0,
        5.0
      ],
      "original_size": [
        5.0,
        5.0,
        5.0
      ],
      "weight": 1.0,
      "rotation": "xyz",
      "rotation_index": 0
    },
    {
      "item_id": "cube-415",
      "bin_id": "bin-051",
      "position": [
        5.0,
        5.0,
        5.0
      ],
      "size": [
        5.0,
        5.0,
        5.0
      ],
      "original_size": [
        5.0,
        5.0,
        5.0
      ],
      "weight": 1.0,
      "rotation": "xyz",
      "rotation_index": 0
    },
    {
      "item_id": "cube-416",
      "bin_id": "bin-052",
      "position": [
        0.0,
        0.0,
        0.0
      ],
      "size": [
        5.0,
        5.0,
        5.0
      ],
      "original_size": [
        5.0,
        5.0,
        5.0
      ],
      "weight": 1.0,
      "rotation": "xyz",
      "rotation_index": 0
    },
    {
      "item_id": "cube-417",
      "bin_id": "bin-052",
      "position": [
        5.0,
        0.0,
        0.0
      ],
      "size": [
        5.0,
        5.0,
        5.0
      ],
      "original_size": [
        5.0,
        5.0,
        5.0
      ],
      "weight": 1.0,
      "rotation": "xyz",
      "rotation_index": 0
    },
    {
      "item_id": "cube-418",
      "bin_id": "bin-052",
      "position": [
        0.0,
        5.0,
        0.0
      ],
      "size": [
        5.0,
        5.0,
        5.0
      ],
      "original_size": [
        5.0,
        5.0,
        5.0
      ],
      "weight": 1.0,
      "rotation": "xyz",
      "rotation_index": 0
    },
    {
      "item_id": "cube-419",
      "bin_id": "bin-052",
      "position": [
        5.0,
        5.0,
        0.0
      ],
      "size": [
        5.0,
        5.0,
        5.0
      ],
      "original_size": [
        5.0,
        5.0,
        5.0
      ],
      "weight": 1.0,
      "rotation": "xyz",
      "rotation_index": 0
    },
    {
      "item_id": "cube-420",
      "bin_id": "bin-052",
      "position": [
        0.0,
        0.0,
        5.0
      ],
      "size": [
        5.0,
        5.0,
        5.0
      ],
      "original_size": [
        5.0,
        5.0,
        5.0
      ],
      "weight": 1.0,
      "rotation": "xyz",
      "rotation_index": 0
    },
    {
      "item_id": "cube-421",
      "bin_id": "bin-052",
      "position": [
        5.0,
        0.0,
        5.0
      ],
      "size": [
        5.0,
        5.0,
        5.0
      ],
      "original_size": [
        5.0,
        5.0,
        5.0
      ],
      "weight": 1.0,
      "rotation": "xyz",
      "rotation_index": 0
    },
    {
      "item_id": "cube-422",
      "bin_id": "bin-052",
      "position": [
        0.0,
        5.0,
        5.0
      ],
      "size": [
        5.0,
        5.0,
        5.0
      ],
      "original_size": [
        5.0,
        5.0,
        5.0
      ],
      "weight": 1.0,
      "rotation": "xyz",
      "rotation_index": 0
    },
    {
      "item_id": "cube-423",
      "bin_id": "bin-052",
      "position": [
        5.0,
        5.0,
        5.0
      ],
      "size": [
        5.0,
        5.0,
        5.0
      ],
      "original_size": [
        5.0,
        5.0,
        5.0
      ],
      "weight": 1.0,
      "rotation": "xyz",
      "rotation_index": 0
    },
    {
      "item_id": "cube-424",
      "bin_id": "bin-053",
      "position": [
        0.0,
        0.0,
        0.0
      ],
      "size": [
        5.0,
        5.0,
        5.0
      ],
      "original_size": [
        5.0,
        5.0,
        5.0
      ],
      "weight": 1.0,
      "rotation": "xyz",
      "rotation_index": 0
    },
    {
      "item_id": "cube-425",
      "bin_id": "bin-053",
      "position": [
        5.0,
        0.0,
        0.0
      ],
      "size": [
        5.0,
        5.0,
        5.0
      ],
      "original_size": [
        5.0,
        5.0,
        5.0
      ],
      "weight": 1.0,
      "rotation": "xyz",
      "rotation_index": 0
    },
    {
      "item_id": "cube-426",
      "bin_id": "bin-053",
      "position": [
        0.0,
        5.0,
        0.0
      ],
      "size": [
        5.0,
        5.0,
        5.0
      ],
      "original_size": [
        5.0,
        5.0,
        5.0
      ],
      "weight": 1.0,
      "rotation": "xyz",
      "rotation_index": 0
    },
    {
      "item_id": "cube-427",
      "bin_id": "bin-053",
      "position": [
        5.0,
        5.0,
        0.0
      ],
      "size": [
        5.0,
        5.0,
        5.0
      ],
      "original_size": [
        5.0,
        5.0,
        5.0
      ],
      "weight": 1.0,
      "rotation": "xyz",
      "rotation_index": 0
    },
    {
      "item_id": "cube-428",
      "bin_id": "bin-053",
      "position": [
        0.0,
        0.0,
        5.0
      ],
      "size": [
        5.0,
        5.0,
        5.0
      ],
      "original_size": [
        5.0,
        5.0,
        5.0
      ],
      "weight": 1.0,
      "rotation": "xyz",
      "rotation_index": 0
    },
    {
      "item_id": "cube-429",
      "bin_id": "bin-053",
      "position": [
        5.0,
        0.0,
        5.0
      ],
      "size": [
        5.0,
        5.0,
        5.0
      ],
      "original_size": [
        5.0,
        5.0,
        5.0
      ],
      "weight": 1.0,
      "rotation": "xyz",
      "rotation_index": 0
    },
    {
      "item_id": "cube-430",
      "bin_id": "bin-053",
      "position": [
        0.0,
        5.0,
        5.0
      ],
      "size": [
        5.0,
        5.0,
        5.0
      ],
      "original_size": [
        5.0,
        5.0,
        5.0
      ],
      "weight": 1.0,
      "rotation": "xyz",
      "rotation_index": 0
    },
    {
      "item_id": "cube-431",
      "bin_id": "bin-053",
      "position": [
        5.0,
        5.0,
        5.0
      ],
      "size": [
        5.0,
        5.0,
        5.0
      ],
      "original_size": [
        5.0,
        5.0,
        5.0
      ],
      "weight": 1.0,
      "rotation": "xyz",
      "rotation_index": 0
    },
    {
      "item_id": "cube-432",
      "bin_id": "bin-054",
      "position": [
        0.0,
        0.0,
        0.0
      ],
      "size": [
        5.0,
        5.0,
        5.0
      ],
      "original_size": [
        5.0,
        5.0,
        5.0
      ],
      "weight": 1.0,
      "rotation": "xyz",
      "rotation_index": 0
    },
    {
      "item_id": "cube-433",
      "bin_id": "bin-054",
      "position": [
        5.0,
        0.0,
        0.0
      ],
      "size": [
        5.0,
        5.0,
        5.0
      ],
      "original_size": [
        5.0,
        5.0,
        5.0
      ],
      "weight": 1.0,
      "rotation": "xyz",
      "rotation_index": 0
    },
    {
      "item_id": "cube-434",
      "bin_id": "bin-054",
      "position": [
        0.0,
        5.0,
        0.0
      ],
      "size": [
        5.0,
        5.0,
        5.0
      ],
      "original_size": [
        5.0,
        5.0,
        5.0
      ],
      "weight": 1.0,
      "rotation": "xyz",
      "rotation_index": 0
    },
    {
      "item_id": "cube-435",
      "bin_id": "bin-054",
      "position": [
        5.0,
        5.0,
        0.0
      ],
      "size": [
        5.0,
        5.0,
        5.0
      ],
      "original_size": [
        5.0,
        5.0,
        5.0
      ],
      "weight": 1.0,
      "rotation": "xyz",
      "rotation_index": 0
    },
    {
      "item_id": "cube-436",
      "bin_id": "bin-054",
      "position": [
        0.0,
        0.0,
        5.0
      ],
      "size": [
        5.0,
        5.0,
        5.0
      ],
      "original_size": [
        5.0,
        5.0,
        5.0
      ],
      "weight": 1.0,
      "rotation": "xyz",
      "rotation_index": 0
    },
    {
      "item_id": "cube-437",
      "bin_id": "bin-054",
      "position": [
        5.0,
        0.0,
        5.0
      ],
      "size": [
        5.0,
        5.0,
        5.0
      ],
      "original_size": [
        5.0,
        5.0,
        5.0
      ],
      "weight": 1.0,
      "rotation": "xyz",
      "rotation_index": 0
    },
    {
      "item_id": "cube-438",
      "bin_id": "bin-054",
      "position": [
        0.0,
        5.0,
        5.0
      ],
      "size": [
        5.0,
        5.0,
        5.0
      ],
      "original_size": [
        5.0,
        5.0,
        5.0
      ],
      "weight": 1.0,
      "rotation": "xyz",
      "rotation_index": 0
    },
    {
      "item_id": "cube-439",
      "bin_id": "bin-054",
      "position": [
        5.0,
        5.0,
        5.0
      ],
      "size": [
        5.0,
        5.0,
        5.0
      ],
      "original_size": [
        5.0,
        5.0,
        5.0
      ],
      "weight": 1.0,
      "rotation": "xyz",
      "rotation_index": 0
    },
    {
      "item_id": "cube-440",
      "bin_id": "bin-055",
      "position": [
        0.0,
        0.0,
        0.0
      ],
      "size": [
        5.0,
        5.0,
        5.0
      ],
      "original_size": [
        5.0,
        5.0,
        5.0
      ],
      "weight": 1.0,
      "rotation": "xyz",
      "rotation_index": 0
    },
    {
      "item_id": "cube-441",
      "bin_id": "bin-055",
      "position": [
        5.0,
        0.0,
        0.0
      ],
      "size": [
        5.0,
        5.0,
        5.0
      ],
      "original_size": [
        5.0,
        5.0,
        5.0
      ],
      "weight": 1.0,
      "rotation": "xyz",
      "rotation_index": 0
    },
    {
      "item_id": "cube-442",
      "bin_id": "bin-055",
      "position": [
        0.0,
        5.0,
        0.0
      ],
      "size": [
        5.0,
        5.0,
        5.0
      ],
      "original_size": [
        5.0,
        5.0,
        5.0
      ],
      "weight": 1.0,
      "rotation": "xyz",
      "rotation_index": 0
    },
    {
      "item_id": "cube-443",
      "bin_id": "bin-055",
      "position": [
        5.0,
        5.0,
        0.0
      ],
      "size": [
        5.0,
        5.0,
        5.0
      ],
      "original_size": [
        5.0,
        5.0,
        5.0
      ],
      "weight": 1.0,
      "rotation": "xyz",
      "rotation_index": 0
    },
    {
      "item_id": "cube-444",
      "bin_id": "bin-055",
      "position": [
        0.0,
        0.0,
        5.0
      ],
      "size": [
        5.0,
        5.0,
        5.0
      ],
      "original_size": [
        5.0,
        5.0,
        5.0
      ],
      "weight": 1.0,
      "rotation": "xyz",
      "rotation_index": 0
    },
    {
      "item_id": "cube-445",
      "bin_id": "bin-055",
      "position": [
        5.0,
        0.0,
        5.0
      ],
      "size": [
        5.0,
        5.0,
        5.0
      ],
      "original_size": [
        5.0,
        5.0,
        5.0
      ],
      "weight": 1.0,
      "rotation": "xyz",
      "rotation_index": 0
    },
    {
      "item_id": "cube-446",
      "bin_id": "bin-055",
      "position": [
        0.0,
        5.0,
        5.0
      ],
      "size": [
        5.0,
        5.0,
        5.0
      ],
      "original_size": [
        5.0,
        5.0,
        5.0
      ],
      "weight": 1.0,
      "rotation": "xyz",
      "rotation_index": 0
    },
    {
      "item_id": "cube-447",
      "bin_id": "bin-055",
      "position": [
        5.0,
        5.0,
        5.0
      ],
      "size": [
        5.0,
        5.0,
        5.0
      ],
      "original_size": [
        5.0,
        5.0,
        5.0
      ],
      "weight": 1.0,
      "rotation": "xyz",
      "rotation_index": 0
    },
    {
      "item_id": "cube-448",
      "bin_id": "bin-056",
      "position": [
        0.0,
        0.0,
        0.0
      ],
      "size": [
        5.0,
        5.0,
        5.0
      ],
      "original_size": [
        5.0,
        5.0,
        5.0
      ],
      "weight": 1.0,
      "rotation": "xyz",
      "rotation_index": 0
    },
    {
      "item_id": "cube-449",
      "bin_id": "bin-056",
      "position": [
        5.0,
        0.0,
        0.0
      ],
      "size": [
        5.0,
        5.0,
        5.0
      ],
      "original_size": [
        5.0,
        5.0,
        5.0
      ],
      "weight": 1.0,
      "rotation": "xyz",
      "rotation_index": 0
    },
    {
      "item_id": "cube-450",
      "bin_id": "bin-056",
      "position": [
        0.0,
        5.0,
        0.0
      ],
      "size": [
        5.0,
        5.0,
        5.0
      ],
      "original_size": [
        5.0,
        5.0,
        5.0
      ],
      "weight": 1.0,
      "rotation": "xyz",
      "rotation_index": 0
    },
    {
      "item_id": "cube-451",
      "bin_id": "bin-056",
      "position": [
        5.0,
        5.0,
        0.0
      ],
      "size": [
        5.0,
        5.0,
        5.0
      ],
      "original_size": [
        5.0,
        5.0,
        5.0
      ],
      "weight": 1.0,
      "rotation": "xyz",
      "rotation_index": 0
    },
    {
      "item_id": "cube-452",
      "bin_id": "bin-056",
      "position": [
        0.0,
        0.0,
        5.0
      ],
      "size": [
        5.0,
        5.0,
        5.0
      ],
      "original_size": [
        5.0,
        5.0,
        5.0
      ],
      "weight": 1.0,
      "rotation": "xyz",
      "rotation_index": 0
    },
    {
      "item_id": "cube-453",
      "bin_id": "bin-056",
      "position": [
        5.0,
        0.0,
        5.0
      ],
      "size": [
        5.0,
        5.0,
        5.0
      ],
      "original_size": [
        5.0,
        5.0,
        5.0
      ],
      "weight": 1.0,
      "rotation": "xyz",
      "rotation_index": 0
    },
    {
      "item_id": "cube-454",
      "bin_id": "bin-056",
      "position": [
        0.0,
        5.0,
        5.0
      ],
      "size": [
        5.0,
        5.0,
        5.0
      ],
      "original_size": [
        5.0,
        5.0,
        5.0
      ],
      "weight": 1.0,
      "rotation": "xyz",
      "rotation_index": 0
    },
    {
      "item_id": "cube-455",
      "bin_id": "bin-056",
      "position": [
        5.0,
        5.0,
        5.0
      ],
      "size": [
        5.0,
        5.0,
        5.0
      ],
      "original_size": [
        5.0,
        5.0,
        5.0
      ],
      "weight": 1.0,
      "rotation": "xyz",
      "rotation_index": 0
    },
    {
      "item_id": "cube-456",
      "bin_id": "bin-057",
      "position": [
        0.0,
        0.0,
        0.0
      ],
      "size": [
        5.0,
        5.0,
        5.0
      ],
      "original_size": [
        5.0,
        5.0,
        5.0
      ],
      "weight": 1.0,
      "rotation": "xyz",
      "rotation_index": 0
    },
    {
      "item_id": "cube-457",
      "bin_id": "bin-057",
      "position": [
        5.0,
        0.0,
        0.0
      ],
      "size": [
        5.0,
        5.0,
        5.0
      ],
      "original_size": [
        5.0,
        5.0,
        5.0
      ],
      "weight": 1.0,
      "rotation": "xyz",
      "rotation_index": 0
    },
    {
      "item_id": "cube-458",
      "bin_id": "bin-057",
      "position": [
        0.0,
        5.0,
        0.0
      ],
      "size": [
        5.0,
        5.0,
        5.0
      ],
      "original_size": [
        5.0,
        5.0,
        5.0
      ],
      "weight": 1.0,
      "rotation": "xyz",
      "rotation_index": 0
    },
    {
      "item_id": "cube-459",
      "bin_id": "bin-057",
      "position": [
        5.0,
        5.0,
        0.0
      ],
      "size": [
        5.0,
        5.0,
        5.0
      ],
      "original_size": [
        5.0,
        5.0,
        5.0
      ],
      "weight": 1.0,
      "rotation": "xyz",
      "rotation_index": 0
    },
    {
      "item_id": "cube-460",
      "bin_id": "bin-057",
      "position": [
        0.0,
        0.0,
        5.0
      ],
      "size": [
        5.0,
        5.0,
        5.0
      ],
      "original_size": [
        5.0,
        5.0,
        5.0
      ],
      "weight": 1.0,
      "rotation": "xyz",
      "rotation_index": 0
    },
    {
      "item_id": "cube-461",
      "bin_id": "bin-057",
      "position": [
        5.0,
        0.0,
        5.0
      ],
      "size": [
        5.0,
        5.0,
        5.0
      ],
      "original_size": [
        5.0,
        5.0,
        5.0
      ],
      "weight": 1.0,
      "rotation": "xyz",
      "rotation_index": 0
    },
    {
      "item_id": "cube-462",
      "bin_id": "bin-057",
      "position": [
        0.0,
        5.0,
        5.0
      ],
      "size": [
        5.0,
        5.0,
        5.0
      ],
      "original_size": [
        5.0,
        5.0,
        5.0
      ],
      "weight": 1.0,
      "rotation": "xyz",
      "rotation_index": 0
    },
    {
      "item_id": "cube-463",
      "bin_id": "bin-057",
      "position": [
        5.0,
        5.0,
        5.0
      ],
      "size": [
        5.0,
        5.0,
        5.0
      ],
      "original_size": [
        5.0,
        5.0,
        5.0
      ],
      "weight": 1.0,
      "rotation": "xyz",
      "rotation_index": 0
    },
    {
      "item_id": "cube-464",
      "bin_id": "bin-058",
      "position": [
        0.0,
        0.0,
        0.0
      ],
      "size": [
        5.0,
        5.0,
        5.0
      ],
      "original_size": [
        5.0,
        5.0,
        5.0
      ],
      "weight": 1.0,
      "rotation": "xyz",
      "rotation_index": 0
    },
    {
      "item_id": "cube-465",
      "bin_id": "bin-058",
      "position": [
        5.0,
        0.0,
        0.0
      ],
      "size": [
        5.0,
        5.0,
        5.0
      ],
      "original_size": [
        5.0,
        5.0,
        5.0
      ],
      "weight": 1.0,
      "rotation": "xyz",
      "rotation_index": 0
    },
    {
      "item_id": "cube-466",
      "bin_id": "bin-058",
      "position": [
        0.0,
        5.0,
        0.0
      ],
      "size": [
        5.0,
        5.0,
        5.0
      ],
      "original_size": [
        5.0,
        5.0,
        5.0
      ],
      "weight": 1.0,
      "rotation": "xyz",
      "rotation_index": 0
    },
    {
      "item_id": "cube-467",
      "bin_id": "bin-058",
      "position": [
        5.0,
        5.0,
        0.0
      ],
      "size": [
        5.0,
        5.0,
        5.0
      ],
      "original_size": [
        5.0,
        5.0,
        5.0
      ],
      "weight": 1.0,
      "rotation": "xyz",
      "rotation_index": 0
    },
    {
      "item_id": "cube-468",
      "bin_id": "bin-058",
      "position": [
        0.0,
        0.0,
        5.0
      ],
      "size": [
        5.0,
        5.0,
        5.0
      ],
      "original_size": [
        5.0,
        5.0,
        5.0
      ],
      "weight": 1.0,
      "rotation": "xyz",
      "rotation_index": 0
    },
    {
      "item_id": "cube-469",
      "bin_id": "bin-058",
      "position": [
        5.0,
        0.0,
        5.0
      ],
      "size": [
        5.0,
        5.0,
        5.0
      ],
      "original_size": [
        5.0,
        5.0,
        5.0
      ],
      "weight": 1.0,
      "rotation": "xyz",
      "rotation_index": 0
    },
    {
      "item_id": "cube-470",
      "bin_id": "bin-058",
      "position": [
        0.0,
        5.0,
        5.0
      ],
      "size": [
        5.0,
        5.0,
        5.0
      ],
      "original_size": [
        5.0,
        5.0,
        5.0
      ],
      "weight": 1.0,
      "rotation": "xyz",
      "rotation_index": 0
    },
    {
      "item_id": "cube-471",
      "bin_id": "bin-058",
      "position": [
        5.0,
        5.0,
        5.0
      ],
      "size": [
        5.0,
        5.0,
        5.0
      ],
      "original_size": [
        5.0,
        5.0,
        5.0
      ],
      "weight": 1.0,
      "rotation": "xyz",
      "rotation_index": 0
    },
    {
      "item_id": "cube-472",
      "bin_id": "bin-059",
      "position": [
        0.0,
        0.0,
        0.0
      ],
      "size": [
        5.0,
        5.0,
        5.0
      ],
      "original_size": [
        5.0,
        5.0,
        5.0
      ],
      "weight": 1.0,
      "rotation": "xyz",
      "rotation_index": 0
    },
    {
      "item_id": "cube-473",
      "bin_id": "bin-059",
      "position": [
        5.0,
        0.0,
        0.0
      ],
      "size": [
        5.0,
        5.0,
        5.0
      ],
      "original_size": [
        5.0,
        5.0,
        5.0
      ],
      "weight": 1.0,
      "rotation": "xyz",
      "rotation_index": 0
    },
    {
      "item_id": "cube-474",
      "bin_id": "bin-059",
      "position": [
        0.0,
        5.0,
        0.0
      ],
      "size": [
        5.0,
        5.0,
        5.0
      ],
      "original_size": [
        5.0,
        5.0,
        5.0
      ],
      "weight": 1.0,
      "rotation": "xyz",
      "rotation_index": 0
    },
    {
      "item_id": "cube-475",
      "bin_id": "bin-059",
      "position": [
        5.0,
        5.0,
        0.0
      ],
      "size": [
        5.0,
        5.0,
        5.0
      ],
      "original_size": [
        5.0,
        5.0,
        5.0
      ],
      "weight": 1.0,
      "rotation": "xyz",
      "rotation_index": 0
    },
    {
      "item_id": "cube-476",
      "bin_id": "bin-059",
      "position": [
        0.0,
        0.0,
        5.0
      ],
      "size": [
        5.0,
        5.0,
        5.0
      ],
      "original_size": [
        5.0,
        5.0,
        5.0
      ],
      "weight": 1.0,
      "rotation": "xyz",
      "rotation_index": 0
    },
    {
      "item_id": "cube-477",
      "bin_id": "bin-059",
      "position": [
        5.0,
        0.0,
        5.0
      ],
      "size": [
        5.0,
        5.0,
        5.0
      ],
      "original_size": [
        5.0,
        5.0,
        5.0
      ],
      "weight": 1.0,
      "rotation": "xyz",
      "rotation_index": 0
    },
    {
      "item_id": "cube-478",
      "bin_id": "bin-059",
      "position": [
        0.0,
        5.0,
        5.0
      ],
      "size": [
        5.0,
        5.0,
        5.0
      ],
      "original_size": [
        5.0,
        5.0,
        5.0
      ],
      "weight": 1.0,
      "rotation": "xyz",
      "rotation_index": 0
    },
    {
      "item_id": "cube-479",
      "bin_id": "bin-059",
      "position": [
        5.0,
        5.0,
        5.0
      ],
      "size": [
        5.0,
        5.0,
        5.0
      ],
      "original_size": [
        5.0,
        5.0,
        5.0
      ],
      "weight": 1.0,
      "rotation": "xyz",
      "rotation_index": 0
    },
    {
      "item_id": "cube-480",
      "bin_id": "bin-060",
      "position": [
        0.0,
        0.0,
        0.0
      ],
      "size": [
        5.0,
        5.0,
        5.0
      ],
      "original_size": [
        5.0,
        5.0,
        5.0
      ],
      "weight": 1.0,
      "rotation": "xyz",
      "rotation_index": 0
    },
    {
      "item_id": "cube-481",
      "bin_id": "bin-060",
      "position": [
        5.0,
        0.0,
        0.0
      ],
      "size": [
        5.0,
        5.0,
        5.0
      ],
      "original_size": [
        5.0,
        5.0,
        5.0
      ],
      "weight": 1.0,
      "rotation": "xyz",
      "rotation_index": 0
    },
    {
      "item_id": "cube-482",
      "bin_id": "bin-060",
      "position": [
        0.0,
        5.0,
        0.0
      ],
      "size": [
        5.0,
        5.0,
        5.0
      ],
      "original_size": [
        5.0,
        5.0,
        5.0
      ],
      "weight": 1.0,
      "rotation": "xyz",
      "rotation_index": 0
    },
    {
      "item_id": "cube-483",
      "bin_id": "bin-060",
      "position": [
        5.0,
        5.0,
        0.0
      ],
      "size": [
        5.0,
        5.0,
        5.0
      ],
      "original_size": [
        5.0,
        5.0,
        5.0
      ],
      "weight": 1.0,
      "rotation": "xyz",
      "rotation_index": 0
    },
    {
      "item_id": "cube-484",
      "bin_id": "bin-060",
      "position": [
        0.0,
        0.0,
        5.0
      ],
      "size": [
        5.0,
        5.0,
        5.0
      ],
      "original_size": [
        5.0,
        5.0,
        5.0
      ],
      "weight": 1.0,
      "rotation": "xyz",
      "rotation_index": 0
    },
    {
      "item_id": "cube-485",
      "bin_id": "bin-060",
      "position": [
        5.0,
        0.0,
        5.0
      ],
      "size": [
        5.0,
        5.0,
        5.0
      ],
      "original_size": [
        5.0,
        5.0,
        5.0
      ],
      "weight": 1.0,
      "rotation": "xyz",
      "rotation_index": 0
    },
    {
      "item_id": "cube-486",
      "bin_id": "bin-060",
      "position": [
        0.0,
        5.0,
        5.0
      ],
      "size": [
        5.0,
        5.0,
        5.0
      ],
      "original_size": [
        5.0,
        5.0,
        5.0
      ],
      "weight": 1.0,
      "rotation": "xyz",
      "rotation_index": 0
    },
    {
      "item_id": "cube-487",
      "bin_id": "bin-060",
      "position": [
        5.0,
        5.0,
        5.0
      ],
      "size": [
        5.0,
        5.0,
        5.0
      ],
      "original_size": [
        5.0,
        5.0,
        5.0
      ],
      "weight": 1.0,
      "rotation": "xyz",
      "rotation_index": 0
    },
    {
      "item_id": "cube-488",
      "bin_id": "bin-061",
      "position": [
        0.0,
        0.0,
        0.0
      ],
      "size": [
        5.0,
        5.0,
        5.0
      ],
      "original_size": [
        5.0,
        5.0,
        5.0
      ],
      "weight": 1.0,
      "rotation": "xyz",
      "rotation_index": 0
    },
    {
      "item_id": "cube-489",
      "bin_id": "bin-061",
      "position": [
        5.0,
        0.0,
        0.0
      ],
      "size": [
        5.0,
        5.0,
        5.0
      ],
      "original_size": [
        5.0,
        5.0,
        5.0
      ],
      "weight": 1.0,
      "rotation": "xyz",
      "rotation_index": 0
    },
    {
      "item_id": "cube-490",
      "bin_id": "bin-061",
      "position": [
        0.0,
        5.0,
        0.0
      ],
      "size": [
        5.0,
        5.0,
        5.0
      ],
      "original_size": [
        5.0,
        5.0,
        5.0
      ],
      "weight": 1.0,
      "rotation": "xyz",
      "rotation_index": 0
    },
    {
      "item_id": "cube-491",
      "bin_id": "bin-061",
      "position": [
        5.0,
        5.0,
        0.0
      ],
      "size": [
        5.0,
        5.0,
        5.0
      ],
      "original_size": [
        5.0,
        5.0,
        5.0
      ],
      "weight": 1.0,
      "rotation": "xyz",
      "rotation_index": 0
    },
    {
      "item_id": "cube-492",
      "bin_id": "bin-061",
      "position": [
        0.0,
        0.0,
        5.0
      ],
      "size": [
        5.0,
        5.0,
        5.0
      ],
      "original_size": [
        5.0,
        5.0,
        5.0
      ],
      "weight": 1.0,
      "rotation": "xyz",
      "rotation_index": 0
    },
    {
      "item_id": "cube-493",
      "bin_id": "bin-061",
      "position": [
        5.0,
        0.0,
        5.0
      ],
      "size": [
        5.0,
        5.0,
        5.0
      ],
      "original_size": [
        5.0,
        5.0,
        5.0
      ],
      "weight": 1.0,
      "rotation": "xyz",
      "rotation_index": 0
    },
    {
      "item_id": "cube-494",
      "bin_id": "bin-061",
      "position": [
        0.0,
        5.0,
        5.0
      ],
      "size": [
        5.0,
        5.0,
        5.0
      ],
      "original_size": [
        5.0,
        5.0,
        5.0
      ],
      "weight": 1.0,
      "rotation": "xyz",
      "rotation_index": 0
    },
    {
      "item_id": "cube-495",
      "bin_id": "bin-061",
      "position": [
        5.0,
        5.0,
        5.0
      ],
      "size": [
        5.0,
        5.0,
        5.0
      ],
      "original_size": [
        5.0,
        5.0,
        5.0
      ],
      "weight": 1.0,
      "rotation": "xyz",
      "rotation_index": 0
    },
    {
      "item_id": "cube-496",
      "b