benchmark_id,benchmark_name,category,problem_family,implementation_id,library,algorithm,planned_input_status,planned_capability_status,comparison_track,problem_scope,run_records,legacy_run_records,protocol_v3_run_records,protocol_v3_executed_records,protocol_v3_not_run_records,unique_instances,completed,time_limit,error,valid_complete,valid_partial,invalid_certificate,constraint_violation,no_solution,execution_status
B01,ESICUP THPACK1-7 / BR,PUBLIC_QUALITY,VOLUME_KNAPSACK,exact_cp_sat,OR-Tools,strengthened CP-SAT model,VALID,ADAPTER_MISSING,EXACT_MODEL,FULL_PROBLEM,0,0,0,0,0,0,0,0,0,0,0,0,0,0,ADAPTER_MISSING
B01,ESICUP THPACK1-7 / BR,PUBLIC_QUALITY,VOLUME_KNAPSACK,exact_cplex,CPLEX,strengthened MIP model,VALID,ADAPTER_MISSING,EXACT_MODEL,FULL_PROBLEM,0,0,0,0,0,0,0,0,0,0,0,0,0,0,ADAPTER_MISSING
B01,ESICUP THPACK1-7 / BR,PUBLIC_QUALITY,VOLUME_KNAPSACK,exact_gurobi,Gurobi,strengthened MIP model,VALID,ADAPTER_MISSING,EXACT_MODEL,FULL_PROBLEM,0,0,0,0,0,0,0,0,0,0,0,0,0,0,ADAPTER_MISSING
B01,ESICUP THPACK1-7 / BR,PUBLIC_QUALITY,VOLUME_KNAPSACK,exact_scip,SCIP/PySCIPOpt,strengthened MIP model,VALID,ADAPTER_MISSING,EXACT_MODEL,FULL_PROBLEM,0,0,0,0,0,0,0,0,0,0,0,0,0,0,ADAPTER_MISSING
B01,ESICUP THPACK1-7 / BR,PUBLIC_QUALITY,VOLUME_KNAPSACK,go_bp3d,gedex/bp3d,pivot greedy,VALID,PROJECTION_ONLY,COMPOSED,GEOMETRY_PROJECTION,2800,0,2800,2800,0,700,2800,0,0,0,2800,0,0,0,PROTOCOL_V3_EXECUTED
B01,ESICUP THPACK1-7 / BR,PUBLIC_QUALITY,VOLUME_KNAPSACK,jerry,jerry800416/3D-bin-packing,pivot/fix-point greedy,VALID,PROJECTION_ONLY,COMPOSED,GEOMETRY_PROJECTION,2856,56,2800,2800,0,700,1392,1464,0,0,1330,64,0,1462,PROTOCOL_V3_WITH_LEGACY_BASELINE
B01,ESICUP THPACK1-7 / BR,PUBLIC_QUALITY,VOLUME_KNAPSACK,packingsolver_fork_box,PackingSolver fork,box portfolio,VALID,SUPPORTED_NATIVE,NATIVE,FULL_PROBLEM,1400,1400,0,0,0,700,0,1400,0,0,1400,0,0,0,LEGACY_BASELINE_ONLY
B01,ESICUP THPACK1-7 / BR,PUBLIC_QUALITY,VOLUME_KNAPSACK,packingsolver_fork_boxstacks,PackingSolver fork,boxstacks portfolio,VALID,ADAPTER_MISSING,NATIVE,FULL_PROBLEM,0,0,0,0,0,0,0,0,0,0,0,0,0,0,ADAPTER_MISSING
B01,ESICUP THPACK1-7 / BR,PUBLIC_QUALITY,VOLUME_KNAPSACK,packingsolver_upstream_box,PackingSolver upstream,box portfolio,VALID,SUPPORTED_NATIVE,NATIVE,FULL_PROBLEM,0,0,0,0,0,0,0,0,0,0,0,0,0,0,PLANNED
B01,ESICUP THPACK1-7 / BR,PUBLIC_QUALITY,VOLUME_KNAPSACK,packingsolver_upstream_boxstacks,PackingSolver upstream,boxstacks portfolio,VALID,ADAPTER_MISSING,NATIVE,FULL_PROBLEM,0,0,0,0,0,0,0,0,0,0,0,0,0,0,ADAPTER_MISSING
B01,ESICUP THPACK1-7 / BR,PUBLIC_QUALITY,VOLUME_KNAPSACK,py3dbp,py3dbp,pivot greedy,VALID,PROJECTION_ONLY,COMPOSED,GEOMETRY_PROJECTION,2818,18,2800,2800,0,700,1400,1418,0,0,1401,0,0,1417,PROTOCOL_V3_WITH_LEGACY_BASELINE
B01,ESICUP THPACK1-7 / BR,PUBLIC_QUALITY,VOLUME_KNAPSACK,rust_brkga,u-nesting,BRKGA,VALID,ADAPTER_MISSING,NATIVE,FULL_PROBLEM,2800,0,2800,2800,0,700,2800,0,0,0,2800,0,0,0,PROTOCOL_V3_EXECUTED
B01,ESICUP THPACK1-7 / BR,PUBLIC_QUALITY,VOLUME_KNAPSACK,rust_extreme_point,u-nesting,ExtremePoint,VALID,ADAPTER_MISSING,NATIVE,FULL_PROBLEM,2800,0,2800,2800,0,700,2800,0,0,0,2800,0,0,0,PROTOCOL_V3_EXECUTED
B01,ESICUP THPACK1-7 / BR,PUBLIC_QUALITY,VOLUME_KNAPSACK,rust_ga,u-nesting,GA,VALID,ADAPTER_MISSING,NATIVE,FULL_PROBLEM,2800,0,2800,2800,0,700,2792,8,0,0,2792,0,0,8,PROTOCOL_V3_EXECUTED
B01,ESICUP THPACK1-7 / BR,PUBLIC_QUALITY,VOLUME_KNAPSACK,rust_layer,u-nesting,Layer/BottomLeftFill,VALID,ADAPTER_MISSING,NATIVE,FULL_PROBLEM,2800,0,2800,2800,0,700,2800,0,0,0,2800,0,0,0,PROTOCOL_V3_EXECUTED
B01,ESICUP THPACK1-7 / BR,PUBLIC_QUALITY,VOLUME_KNAPSACK,rust_sa,u-nesting,SA,VALID,ADAPTER_MISSING,NATIVE,FULL_PROBLEM,2800,0,2800,2800,0,700,2800,0,0,0,2800,0,0,0,PROTOCOL_V3_EXECUTED
B01,ESICUP THPACK1-7 / BR,PUBLIC_QUALITY,VOLUME_KNAPSACK,skjolber_fast_bruteforce,skjolber/3d-bin-container-packing,FastBruteForce,VALID,ADAPTER_MISSING,NATIVE,FULL_PROBLEM,0,0,0,0,0,0,0,0,0,0,0,0,0,0,ADAPTER_MISSING
B01,ESICUP THPACK1-7 / BR,PUBLIC_QUALITY,VOLUME_KNAPSACK,skjolber_laff,skjolber/3d-bin-container-packing,LAFF,VALID,ADAPTER_MISSING,NATIVE,FULL_PROBLEM,0,0,0,0,0,0,0,0,0,0,0,0,0,0,ADAPTER_MISSING
B01,ESICUP THPACK1-7 / BR,PUBLIC_QUALITY,VOLUME_KNAPSACK,skjolber_plain,skjolber/3d-bin-container-packing,Plain,VALID,ADAPTER_MISSING,NATIVE,FULL_PROBLEM,0,0,0,0,0,0,0,0,0,0,0,0,0,0,ADAPTER_MISSING
B02,ESICUP THPACK8 / LN,PUBLIC_QUALITY,VOLUME_KNAPSACK,exact_cp_sat,OR-Tools,strengthened CP-SAT model,VALID,ADAPTER_MISSING,EXACT_MODEL,FULL_PROBLEM,0,0,0,0,0,0,0,0,0,0,0,0,0,0,ADAPTER_MISSING
B02,ESICUP THPACK8 / LN,PUBLIC_QUALITY,VOLUME_KNAPSACK,exact_cplex,CPLEX,strengthened MIP model,VALID,ADAPTER_MISSING,EXACT_MODEL,FULL_PROBLEM,0,0,0,0,0,0,0,0,0,0,0,0,0,0,ADAPTER_MISSING
B02,ESICUP THPACK8 / LN,PUBLIC_QUALITY,VOLUME_KNAPSACK,exact_gurobi,Gurobi,strengthened MIP model,VALID,ADAPTER_MISSING,EXACT_MODEL,FULL_PROBLEM,0,0,0,0,0,0,0,0,0,0,0,0,0,0,ADAPTER_MISSING
B02,ESICUP THPACK8 / LN,PUBLIC_QUALITY,VOLUME_KNAPSACK,exact_scip,SCIP/PySCIPOpt,strengthened MIP model,VALID,ADAPTER_MISSING,EXACT_MODEL,FULL_PROBLEM,0,0,0,0,0,0,0,0,0,0,0,0,0,0,ADAPTER_MISSING
B02,ESICUP THPACK8 / LN,PUBLIC_QUALITY,VOLUME_KNAPSACK,go_bp3d,gedex/bp3d,pivot greedy,VALID,PROJECTION_ONLY,COMPOSED,GEOMETRY_PROJECTION,60,0,60,60,0,15,60,0,0,36,24,0,0,0,PROTOCOL_V3_EXECUTED
B02,ESICUP THPACK8 / LN,PUBLIC_QUALITY,VOLUME_KNAPSACK,jerry,jerry800416/3D-bin-packing,pivot/fix-point greedy,VALID,PROJECTION_ONLY,COMPOSED,GEOMETRY_PROJECTION,90,30,60,60,0,15,46,44,0,26,15,5,0,44,PROTOCOL_V3_WITH_LEGACY_BASELINE
B02,ESICUP THPACK8 / LN,PUBLIC_QUALITY,VOLUME_KNAPSACK,packingsolver_fork_box,PackingSolver fork,box portfolio,VALID,SUPPORTED_NATIVE,NATIVE,FULL_PROBLEM,30,30,0,0,0,15,21,9,0,21,9,0,0,0,LEGACY_BASELINE_ONLY
B02,ESICUP THPACK8 / LN,PUBLIC_QUALITY,VOLUME_KNAPSACK,packingsolver_fork_boxstacks,PackingSolver fork,boxstacks portfolio,VALID,ADAPTER_MISSING,NATIVE,FULL_PROBLEM,0,0,0,0,0,0,0,0,0,0,0,0,0,0,ADAPTER_MISSING
B02,ESICUP THPACK8 / LN,PUBLIC_QUALITY,VOLUME_KNAPSACK,packingsolver_upstream_box,PackingSolver upstream,box portfolio,VALID,SUPPORTED_NATIVE,NATIVE,FULL_PROBLEM,0,0,0,0,0,0,0,0,0,0,0,0,0,0,PLANNED
B02,ESICUP THPACK8 / LN,PUBLIC_QUALITY,VOLUME_KNAPSACK,packingsolver_upstream_boxstacks,PackingSolver upstream,boxstacks portfolio,VALID,ADAPTER_MISSING,NATIVE,FULL_PROBLEM,0,0,0,0,0,0,0,0,0,0,0,0,0,0,ADAPTER_MISSING
B02,ESICUP THPACK8 / LN,PUBLIC_QUALITY,VOLUME_KNAPSACK,py3dbp,py3dbp,pivot greedy,VALID,PROJECTION_ONLY,COMPOSED,GEOMETRY_PROJECTION,60,0,60,60,0,15,27,33,0,14,13,0,0,33,PROTOCOL_V3_EXECUTED
B02,ESICUP THPACK8 / LN,PUBLIC_QUALITY,VOLUME_KNAPSACK,rust_brkga,u-nesting,BRKGA,VALID,ADAPTER_MISSING,NATIVE,FULL_PROBLEM,60,0,60,60,0,15,60,0,0,0,60,0,0,0,PROTOCOL_V3_EXECUTED
B02,ESICUP THPACK8 / LN,PUBLIC_QUALITY,VOLUME_KNAPSACK,rust_extreme_point,u-nesting,ExtremePoint,VALID,ADAPTER_MISSING,NATIVE,FULL_PROBLEM,60,0,60,60,0,15,60,0,0,40,20,0,0,0,PROTOCOL_V3_EXECUTED
B02,ESICUP THPACK8 / LN,PUBLIC_QUALITY,VOLUME_KNAPSACK,rust_ga,u-nesting,GA,VALID,ADAPTER_MISSING,NATIVE,FULL_PROBLEM,60,0,60,60,0,15,58,2,0,0,58,0,0,2,PROTOCOL_V3_EXECUTED
B02,ESICUP THPACK8 / LN,PUBLIC_QUALITY,VOLUME_KNAPSACK,rust_layer,u-nesting,Layer/BottomLeftFill,VALID,ADAPTER_MISSING,NATIVE,FULL_PROBLEM,60,0,60,60,0,15,60,0,0,0,60,0,0,0,PROTOCOL_V3_EXECUTED
B02,ESICUP THPACK8 / LN,PUBLIC_QUALITY,VOLUME_KNAPSACK,rust_sa,u-nesting,SA,VALID,ADAPTER_MISSING,NATIVE,FULL_PROBLEM,60,0,60,60,0,15,60,0,0,0,60,0,0,0,PROTOCOL_V3_EXECUTED
B02,ESICUP THPACK8 / LN,PUBLIC_QUALITY,VOLUME_KNAPSACK,skjolber_fast_bruteforce,skjolber/3d-bin-container-packing,FastBruteForce,VALID,ADAPTER_MISSING,NATIVE,FULL_PROBLEM,0,0,0,0,0,0,0,0,0,0,0,0,0,0,ADAPTER_MISSING
B02,ESICUP THPACK8 / LN,PUBLIC_QUALITY,VOLUME_KNAPSACK,skjolber_laff,skjolber/3d-bin-container-packing,LAFF,VALID,ADAPTER_MISSING,NATIVE,FULL_PROBLEM,0,0,0,0,0,0,0,0,0,0,0,0,0,0,ADAPTER_MISSING
B02,ESICUP THPACK8 / LN,PUBLIC_QUALITY,VOLUME_KNAPSACK,skjolber_plain,skjolber/3d-bin-container-packing,Plain,VALID,ADAPTER_MISSING,NATIVE,FULL_PROBLEM,0,0,0,0,0,0,0,0,0,0,0,0,0,0,ADAPTER_MISSING
B03,Egeblad-Pisinger 3D-KP,PUBLIC_QUALITY,PROFIT_KNAPSACK,exact_cp_sat,OR-Tools,strengthened CP-SAT model,VALID,ADAPTER_MISSING,EXACT_MODEL,FULL_PROBLEM,20,0,20,20,0,20,20,0,0,20,0,0,0,0,PROTOCOL_V3_EXECUTED
B03,Egeblad-Pisinger 3D-KP,PUBLIC_QUALITY,PROFIT_KNAPSACK,exact_cplex,CPLEX,strengthened MIP model,VALID,ADAPTER_MISSING,EXACT_MODEL,FULL_PROBLEM,0,0,0,0,0,0,0,0,0,0,0,0,0,0,ADAPTER_MISSING
B03,Egeblad-Pisinger 3D-KP,PUBLIC_QUALITY,PROFIT_KNAPSACK,exact_gurobi,Gurobi,strengthened MIP model,VALID,ADAPTER_MISSING,EXACT_MODEL,FULL_PROBLEM,0,0,0,0,0,0,0,0,0,0,0,0,0,0,ADAPTER_MISSING
B03,Egeblad-Pisinger 3D-KP,PUBLIC_QUALITY,PROFIT_KNAPSACK,exact_scip,SCIP/PySCIPOpt,strengthened MIP model,VALID,ADAPTER_MISSING,EXACT_MODEL,FULL_PROBLEM,0,0,0,0,0,0,0,0,0,0,0,0,0,0,ADAPTER_MISSING
B03,Egeblad-Pisinger 3D-KP,PUBLIC_QUALITY,PROFIT_KNAPSACK,go_bp3d,gedex/bp3d,pivot greedy,VALID,PROJECTION_ONLY,COMPOSED,GEOMETRY_PROJECTION,120,0,120,120,0,60,120,0,0,0,120,0,0,0,PROTOCOL_V3_EXECUTED
B03,Egeblad-Pisinger 3D-KP,PUBLIC_QUALITY,PROFIT_KNAPSACK,jerry,jerry800416/3D-bin-packing,pivot/fix-point greedy,VALID,PROJECTION_ONLY,COMPOSED,GEOMETRY_PROJECTION,120,0,120,120,0,60,119,1,0,0,119,0,0,1,PROTOCOL_V3_EXECUTED
B03,Egeblad-Pisinger 3D-KP,PUBLIC_QUALITY,PROFIT_KNAPSACK,packingsolver_fork_box,PackingSolver fork,box portfolio,VALID,SUPPORTED_NATIVE,NATIVE,FULL_PROBLEM,120,0,120,120,0,60,13,107,0,0,120,0,0,0,PROTOCOL_V3_EXECUTED
B03,Egeblad-Pisinger 3D-KP,PUBLIC_QUALITY,PROFIT_KNAPSACK,packingsolver_fork_boxstacks,PackingSolver fork,boxstacks portfolio,VALID,ADAPTER_MISSING,NATIVE,FULL_PROBLEM,0,0,0,0,0,0,0,0,0,0,0,0,0,0,ADAPTER_MISSING
B03,Egeblad-Pisinger 3D-KP,PUBLIC_QUALITY,PROFIT_KNAPSACK,packingsolver_upstream_box,PackingSolver upstream,box portfolio,VALID,SUPPORTED_NATIVE,NATIVE,FULL_PROBLEM,120,0,120,120,0,60,11,109,0,0,120,0,0,0,PROTOCOL_V3_EXECUTED
B03,Egeblad-Pisinger 3D-KP,PUBLIC_QUALITY,PROFIT_KNAPSACK,packingsolver_upstream_boxstacks,PackingSolver upstream,boxstacks portfolio,VALID,ADAPTER_MISSING,NATIVE,FULL_PROBLEM,0,0,0,0,0,0,0,0,0,0,0,0,0,0,ADAPTER_MISSING
B03,Egeblad-Pisinger 3D-KP,PUBLIC_QUALITY,PROFIT_KNAPSACK,py3dbp,py3dbp,pivot greedy,VALID,PROJECTION_ONLY,COMPOSED,GEOMETRY_PROJECTION,120,0,120,120,0,60,120,0,0,0,120,0,0,0,PROTOCOL_V3_EXECUTED
B03,Egeblad-Pisinger 3D-KP,PUBLIC_QUALITY,PROFIT_KNAPSACK,rust_brkga,u-nesting,BRKGA,VALID,ADAPTER_MISSING,NATIVE,FULL_PROBLEM,120,0,120,120,0,60,120,0,0,0,120,0,0,0,PROTOCOL_V3_EXECUTED
B03,Egeblad-Pisinger 3D-KP,PUBLIC_QUALITY,PROFIT_KNAPSACK,rust_extreme_point,u-nesting,ExtremePoint,VALID,ADAPTER_MISSING,NATIVE,FULL_PROBLEM,120,0,120,120,0,60,120,0,0,0,120,0,0,0,PROTOCOL_V3_EXECUTED
B03,Egeblad-Pisinger 3D-KP,PUBLIC_QUALITY,PROFIT_KNAPSACK,rust_ga,u-nesting,GA,VALID,ADAPTER_MISSING,NATIVE,FULL_PROBLEM,120,0,120,120,0,60,120,0,0,0,120,0,0,0,PROTOCOL_V3_EXECUTED
B03,Egeblad-Pisinger 3D-KP,PUBLIC_QUALITY,PROFIT_KNAPSACK,rust_layer,u-nesting,Layer/BottomLeftFill,VALID,ADAPTER_MISSING,NATIVE,FULL_PROBLEM,120,0,120,120,0,60,120,0,0,0,120,0,0,0,PROTOCOL_V3_EXECUTED
B03,Egeblad-Pisinger 3D-KP,PUBLIC_QUALITY,PROFIT_KNAPSACK,rust_sa,u-nesting,SA,VALID,ADAPTER_MISSING,NATIVE,FULL_PROBLEM,120,0,120,120,0,60,120,0,0,0,120,0,0,0,PROTOCOL_V3_EXECUTED
B03,Egeblad-Pisinger 3D-KP,PUBLIC_QUALITY,PROFIT_KNAPSACK,skjolber_fast_bruteforce,skjolber/3d-bin-container-packing,FastBruteForce,VALID,ADAPTER_MISSING,NATIVE,FULL_PROBLEM,0,0,0,0,0,0,0,0,0,0,0,0,0,0,ADAPTER_MISSING
B03,Egeblad-Pisinger 3D-KP,PUBLIC_QUALITY,PROFIT_KNAPSACK,skjolber_laff,skjolber/3d-bin-container-packing,LAFF,VALID,ADAPTER_MISSING,NATIVE,FULL_PROBLEM,0,0,0,0,0,0,0,0,0,0,0,0,0,0,ADAPTER_MISSING
B03,Egeblad-Pisinger 3D-KP,PUBLIC_QUALITY,PROFIT_KNAPSACK,skjolber_plain,skjolber/3d-bin-container-packing,Plain,VALID,ADAPTER_MISSING,NATIVE,FULL_PROBLEM,0,0,0,0,0,0,0,0,0,0,0,0,0,0,ADAPTER_MISSING
B04,ESICUP THPACK9 / IMM,PUBLIC_QUALITY,IDENTICAL_BIN_PACKING,exact_cp_sat,OR-Tools,strengthened CP-SAT model,VALID,ADAPTER_MISSING,EXACT_MODEL,FULL_PROBLEM,0,0,0,0,0,0,0,0,0,0,0,0,0,0,ADAPTER_MISSING
B04,ESICUP THPACK9 / IMM,PUBLIC_QUALITY,IDENTICAL_BIN_PACKING,exact_cplex,CPLEX,strengthened MIP model,VALID,ADAPTER_MISSING,EXACT_MODEL,FULL_PROBLEM,0,0,0,0,0,0,0,0,0,0,0,0,0,0,ADAPTER_MISSING
B04,ESICUP THPACK9 / IMM,PUBLIC_QUALITY,IDENTICAL_BIN_PACKING,exact_gurobi,Gurobi,strengthened MIP model,VALID,ADAPTER_MISSING,EXACT_MODEL,FULL_PROBLEM,0,0,0,0,0,0,0,0,0,0,0,0,0,0,ADAPTER_MISSING
B04,ESICUP THPACK9 / IMM,PUBLIC_QUALITY,IDENTICAL_BIN_PACKING,exact_scip,SCIP/PySCIPOpt,strengthened MIP model,VALID,ADAPTER_MISSING,EXACT_MODEL,FULL_PROBLEM,0,0,0,0,0,0,0,0,0,0,0,0,0,0,ADAPTER_MISSING
B04,ESICUP THPACK9 / IMM,PUBLIC_QUALITY,IDENTICAL_BIN_PACKING,go_bp3d,gedex/bp3d,pivot greedy,VALID,SUPPORTED_NATIVE,NATIVE,FULL_PROBLEM,44,44,0,0,0,44,44,0,0,44,0,0,0,0,LEGACY_BASELINE_ONLY
B04,ESICUP THPACK9 / IMM,PUBLIC_QUALITY,IDENTICAL_BIN_PACKING,jerry,jerry800416/3D-bin-packing,pivot/fix-point greedy,VALID,SUPPORTED_NATIVE,NATIVE,FULL_PROBLEM,88,88,0,0,0,44,88,0,0,87,0,1,0,0,LEGACY_BASELINE_ONLY
B04,ESICUP THPACK9 / IMM,PUBLIC_QUALITY,IDENTICAL_BIN_PACKING,packingsolver_fork_box,PackingSolver fork,box portfolio,VALID,SUPPORTED_NATIVE,NATIVE,FULL_PROBLEM,89,89,0,0,0,44,49,40,0,89,0,0,0,0,LEGACY_BASELINE_ONLY
B04,ESICUP THPACK9 / IMM,PUBLIC_QUALITY,IDENTICAL_BIN_PACKING,packingsolver_fork_boxstacks,PackingSolver fork,boxstacks portfolio,VALID,SUPPORTED_NATIVE,NATIVE,FULL_PROBLEM,0,0,0,0,0,0,0,0,0,0,0,0,0,0,PLANNED
B04,ESICUP THPACK9 / IMM,PUBLIC_QUALITY,IDENTICAL_BIN_PACKING,packingsolver_upstream_box,PackingSolver upstream,box portfolio,VALID,SUPPORTED_NATIVE,NATIVE,FULL_PROBLEM,1,1,0,0,0,1,1,0,0,1,0,0,0,0,LEGACY_BASELINE_ONLY
B04,ESICUP THPACK9 / IMM,PUBLIC_QUALITY,IDENTICAL_BIN_PACKING,packingsolver_upstream_boxstacks,PackingSolver upstream,boxstacks portfolio,VALID,SUPPORTED_NATIVE,NATIVE,FULL_PROBLEM,0,0,0,0,0,0,0,0,0,0,0,0,0,0,PLANNED
B04,ESICUP THPACK9 / IMM,PUBLIC_QUALITY,IDENTICAL_BIN_PACKING,py3dbp,py3dbp,pivot greedy,VALID,SUPPORTED_NATIVE,NATIVE,FULL_PROBLEM,88,88,0,0,0,44,88,0,0,88,0,0,0,0,LEGACY_BASELINE_ONLY
B04,ESICUP THPACK9 / IMM,PUBLIC_QUALITY,IDENTICAL_BIN_PACKING,rust_brkga,u-nesting,BRKGA,VALID,SUPPORTED_COMPOSED,COMPOSED,FULL_PROBLEM,6,6,0,0,0,1,6,0,0,0,0,6,0,0,LEGACY_BASELINE_ONLY
B04,ESICUP THPACK9 / IMM,PUBLIC_QUALITY,IDENTICAL_BIN_PACKING,rust_extreme_point,u-nesting,ExtremePoint,VALID,SUPPORTED_COMPOSED,COMPOSED,FULL_PROBLEM,50,50,0,0,0,44,50,0,0,50,0,0,0,0,LEGACY_BASELINE_ONLY
B04,ESICUP THPACK9 / IMM,PUBLIC_QUALITY,IDENTICAL_BIN_PACKING,rust_ga,u-nesting,GA,VALID,SUPPORTED_COMPOSED,COMPOSED,FULL_PROBLEM,6,6,0,0,0,1,6,0,0,0,0,6,0,0,LEGACY_BASELINE_ONLY
B04,ESICUP THPACK9 / IMM,PUBLIC_QUALITY,IDENTICAL_BIN_PACKING,rust_layer,u-nesting,Layer/BottomLeftFill,VALID,SUPPORTED_COMPOSED,COMPOSED,FULL_PROBLEM,6,6,0,0,0,1,6,0,0,0,0,6,0,0,LEGACY_BASELINE_ONLY
B04,ESICUP THPACK9 / IMM,PUBLIC_QUALITY,IDENTICAL_BIN_PACKING,rust_sa,u-nesting,SA,VALID,SUPPORTED_COMPOSED,COMPOSED,FULL_PROBLEM,6,6,0,0,0,1,6,0,0,0,0,6,0,0,LEGACY_BASELINE_ONLY
B04,ESICUP THPACK9 / IMM,PUBLIC_QUALITY,IDENTICAL_BIN_PACKING,skjolber_fast_bruteforce,skjolber/3d-bin-container-packing,FastBruteForce,VALID,SUPPORTED_NATIVE,NATIVE,FULL_PROBLEM,0,0,0,0,0,0,0,0,0,0,0,0,0,0,PLANNED
B04,ESICUP THPACK9 / IMM,PUBLIC_QUALITY,IDENTICAL_BIN_PACKING,skjolber_laff,skjolber/3d-bin-container-packing,LAFF,VALID,SUPPORTED_NATIVE,NATIVE,FULL_PROBLEM,44,44,0,0,0,44,44,0,0,44,0,0,0,0,LEGACY_BASELINE_ONLY
B04,ESICUP THPACK9 / IMM,PUBLIC_QUALITY,IDENTICAL_BIN_PACKING,skjolber_plain,skjolber/3d-bin-container-packing,Plain,VALID,SUPPORTED_NATIVE,NATIVE,FULL_PROBLEM,44,44,0,0,0,44,44,0,0,44,0,0,0,0,LEGACY_BASELINE_ONLY
B05,Martello-Pisinger-Vigo 3D-BPP,PUBLIC_QUALITY,IDENTICAL_BIN_PACKING,exact_cp_sat,OR-Tools,strengthened CP-SAT model,SOURCE_INCOMPLETE,ADAPTER_MISSING,EXACT_MODEL,FULL_PROBLEM,1,0,1,0,1,1,0,0,0,0,0,0,0,0,PROTOCOL_V3_STATUS_ONLY
B05,Martello-Pisinger-Vigo 3D-BPP,PUBLIC_QUALITY,IDENTICAL_BIN_PACKING,exact_cplex,CPLEX,strengthened MIP model,SOURCE_INCOMPLETE,ADAPTER_MISSING,EXACT_MODEL,FULL_PROBLEM,1,0,1,0,1,1,0,0,0,0,0,0,0,0,PROTOCOL_V3_STATUS_ONLY
B05,Martello-Pisinger-Vigo 3D-BPP,PUBLIC_QUALITY,IDENTICAL_BIN_PACKING,exact_gurobi,Gurobi,strengthened MIP model,SOURCE_INCOMPLETE,ADAPTER_MISSING,EXACT_MODEL,FULL_PROBLEM,1,0,1,0,1,1,0,0,0,0,0,0,0,0,PROTOCOL_V3_STATUS_ONLY
B05,Martello-Pisinger-Vigo 3D-BPP,PUBLIC_QUALITY,IDENTICAL_BIN_PACKING,exact_scip,SCIP/PySCIPOpt,strengthened MIP model,SOURCE_INCOMPLETE,ADAPTER_MISSING,EXACT_MODEL,FULL_PROBLEM,1,0,1,0,1,1,0,0,0,0,0,0,0,0,PROTOCOL_V3_STATUS_ONLY
B05,Martello-Pisinger-Vigo 3D-BPP,PUBLIC_QUALITY,IDENTICAL_BIN_PACKING,go_bp3d,gedex/bp3d,pivot greedy,SOURCE_INCOMPLETE,SUPPORTED_NATIVE,NATIVE,FULL_PROBLEM,1,0,1,0,1,1,0,0,0,0,0,0,0,0,PROTOCOL_V3_STATUS_ONLY
B05,Martello-Pisinger-Vigo 3D-BPP,PUBLIC_QUALITY,IDENTICAL_BIN_PACKING,jerry,jerry800416/3D-bin-packing,pivot/fix-point greedy,SOURCE_INCOMPLETE,SUPPORTED_NATIVE,NATIVE,FULL_PROBLEM,1,0,1,0,1,1,0,0,0,0,0,0,0,0,PROTOCOL_V3_STATUS_ONLY
B05,Martello-Pisinger-Vigo 3D-BPP,PUBLIC_QUALITY,IDENTICAL_BIN_PACKING,packingsolver_fork_box,PackingSolver fork,box portfolio,SOURCE_INCOMPLETE,SUPPORTED_NATIVE,NATIVE,FULL_PROBLEM,1,0,1,0,1,1,0,0,0,0,0,0,0,0,PROTOCOL_V3_STATUS_ONLY
B05,Martello-Pisinger-Vigo 3D-BPP,PUBLIC_QUALITY,IDENTICAL_BIN_PACKING,packingsolver_fork_boxstacks,PackingSolver fork,boxstacks portfolio,SOURCE_INCOMPLETE,SUPPORTED_NATIVE,NATIVE,FULL_PROBLEM,1,0,1,0,1,1,0,0,0,0,0,0,0,0,PROTOCOL_V3_STATUS_ONLY
B05,Martello-Pisinger-Vigo 3D-BPP,PUBLIC_QUALITY,IDENTICAL_BIN_PACKING,packingsolver_upstream_box,PackingSolver upstream,box portfolio,SOURCE_INCOMPLETE,SUPPORTED_NATIVE,NATIVE,FULL_PROBLEM,1,0,1,0,1,1,0,0,0,0,0,0,0,0,PROTOCOL_V3_STATUS_ONLY
B05,Martello-Pisinger-Vigo 3D-BPP,PUBLIC_QUALITY,IDENTICAL_BIN_PACKING,packingsolver_upstream_boxstacks,PackingSolver upstream,boxstacks portfolio,SOURCE_INCOMPLETE,SUPPORTED_NATIVE,NATIVE,FULL_PROBLEM,1,0,1,0,1,1,0,0,0,0,0,0,0,0,PROTOCOL_V3_STATUS_ONLY
B05,Martello-Pisinger-Vigo 3D-BPP,PUBLIC_QUALITY,IDENTICAL_BIN_PACKING,py3dbp,py3dbp,pivot greedy,SOURCE_INCOMPLETE,SUPPORTED_NATIVE,NATIVE,FULL_PROBLEM,1,0,1,0,1,1,0,0,0,0,0,0,0,0,PROTOCOL_V3_STATUS_ONLY
B05,Martello-Pisinger-Vigo 3D-BPP,PUBLIC_QUALITY,IDENTICAL_BIN_PACKING,rust_brkga,u-nesting,BRKGA,SOURCE_INCOMPLETE,SUPPORTED_COMPOSED,COMPOSED,FULL_PROBLEM,1,0,1,0,1,1,0,0,0,0,0,0,0,0,PROTOCOL_V3_STATUS_ONLY
B05,Martello-Pisinger-Vigo 3D-BPP,PUBLIC_QUALITY,IDENTICAL_BIN_PACKING,rust_extreme_point,u-nesting,ExtremePoint,SOURCE_INCOMPLETE,SUPPORTED_COMPOSED,COMPOSED,FULL_PROBLEM,1,0,1,0,1,1,0,0,0,0,0,0,0,0,PROTOCOL_V3_STATUS_ONLY
B05,Martello-Pisinger-Vigo 3D-BPP,PUBLIC_QUALITY,IDENTICAL_BIN_PACKING,rust_ga,u-nesting,GA,SOURCE_INCOMPLETE,SUPPORTED_COMPOSED,COMPOSED,FULL_PROBLEM,1,0,1,0,1,1,0,0,0,0,0,0,0,0,PROTOCOL_V3_STATUS_ONLY
B05,Martello-Pisinger-Vigo 3D-BPP,PUBLIC_QUALITY,IDENTICAL_BIN_PACKING,rust_layer,u-nesting,Layer/BottomLeftFill,SOURCE_INCOMPLETE,SUPPORTED_COMPOSED,COMPOSED,FULL_PROBLEM,1,0,1,0,1,1,0,0,0,0,0,0,0,0,PROTOCOL_V3_STATUS_ONLY
B05,Martello-Pisinger-Vigo 3D-BPP,PUBLIC_QUALITY,IDENTICAL_BIN_PACKING,rust_sa,u-nesting,SA,SOURCE_INCOMPLETE,SUPPORTED_COMPOSED,COMPOSED,FULL_PROBLEM,1,0,1,0,1,1,0,0,0,0,0,0,0,0,PROTOCOL_V3_STATUS_ONLY
B05,Martello-Pisinger-Vigo 3D-BPP,PUBLIC_QUALITY,IDENTICAL_BIN_PACKING,skjolber_fast_bruteforce,skjolber/3d-bin-container-packing,FastBruteForce,SOURCE_INCOMPLETE,SUPPORTED_NATIVE,NATIVE,FULL_PROBLEM,1,0,1,0,1,1,0,0,0,0,0,0,0,0,PROTOCOL_V3_STATUS_ONLY
B05,Martello-Pisinger-Vigo 3D-BPP,PUBLIC_QUALITY,IDENTICAL_BIN_PACKING,skjolber_laff,skjolber/3d-bin-container-packing,LAFF,SOURCE_INCOMPLETE,SUPPORTED_NATIVE,NATIVE,FULL_PROBLEM,1,0,1,0,1,1,0,0,0,0,0,0,0,0,PROTOCOL_V3_STATUS_ONLY
B05,Martello-Pisinger-Vigo 3D-BPP,PUBLIC_QUALITY,IDENTICAL_BIN_PACKING,skjolber_plain,skjolber/3d-bin-container-packing,Plain,SOURCE_INCOMPLETE,SUPPORTED_NATIVE,NATIVE,FULL_PROBLEM,1,0,1,0,1,1,0,0,0,0,0,0,0,0,PROTOCOL_V3_STATUS_ONLY
B06,Exact-oracle generated,PUBLIC_QUALITY,EXACT_ORACLE,exact_cp_sat,OR-Tools,strengthened CP-SAT model,VALID,SUPPORTED_NATIVE,EXACT_MODEL,FULL_PROBLEM,5,5,0,0,0,5,5,0,0,4,0,0,0,1,LEGACY_BASELINE_ONLY
B06,Exact-oracle generated,PUBLIC_QUALITY,EXACT_ORACLE,exact_cplex,CPLEX,strengthened MIP model,VALID,SUPPORTED_NATIVE,EXACT_MODEL,FULL_PROBLEM,5,5,0,0,0,5,5,0,0,4,0,0,0,1,LEGACY_BASELINE_ONLY
B06,Exact-oracle generated,PUBLIC_QUALITY,EXACT_ORACLE,exact_gurobi,Gurobi,strengthened MIP model,VALID,SUPPORTED_NATIVE,EXACT_MODEL,FULL_PROBLEM,5,5,0,0,0,5,5,0,0,4,0,0,0,1,LEGACY_BASELINE_ONLY
B06,Exact-oracle generated,PUBLIC_QUALITY,EXACT_ORACLE,exact_scip,SCIP/PySCIPOpt,strengthened MIP model,VALID,SUPPORTED_NATIVE,EXACT_MODEL,FULL_PROBLEM,5,5,0,0,0,5,5,0,0,4,0,0,0,1,LEGACY_BASELINE_ONLY
B06,Exact-oracle generated,PUBLIC_QUALITY,EXACT_ORACLE,go_bp3d,gedex/bp3d,pivot greedy,VALID,SUPPORTED_NATIVE,NATIVE,FULL_PROBLEM,0,0,0,0,0,0,0,0,0,0,0,0,0,0,PLANNED
B06,Exact-oracle generated,PUBLIC_QUALITY,EXACT_ORACLE,jerry,jerry800416/3D-bin-packing,pivot/fix-point greedy,VALID,SUPPORTED_NATIVE,NATIVE,FULL_PROBLEM,0,0,0,0,0,0,0,0,0,0,0,0,0,0,PLANNED
B06,Exact-oracle generated,PUBLIC_QUALITY,EXACT_ORACLE,packingsolver_fork_box,PackingSolver fork,box portfolio,VALID,SUPPORTED_NATIVE,NATIVE,FULL_PROBLEM,1,1,0,0,0,1,1,0,0,1,0,0,0,0,LEGACY_BASELINE_ONLY
B06,Exact-oracle generated,PUBLIC_QUALITY,EXACT_ORACLE,packingsolver_fork_boxstacks,PackingSolver fork,boxstacks portfolio,VALID,SUPPORTED_NATIVE,NATIVE,FULL_PROBLEM,0,0,0,0,0,0,0,0,0,0,0,0,0,0,PLANNED
B06,Exact-oracle generated,PUBLIC_QUALITY,EXACT_ORACLE,packingsolver_upstream_box,PackingSolver upstream,box portfolio,VALID,SUPPORTED_NATIVE,NATIVE,FULL_PROBLEM,1,1,0,0,0,1,1,0,0,1,0,0,0,0,LEGACY_BASELINE_ONLY
B06,Exact-oracle generated,PUBLIC_QUALITY,EXACT_ORACLE,packingsolver_upstream_boxstacks,PackingSolver upstream,boxstacks portfolio,VALID,SUPPORTED_NATIVE,NATIVE,FULL_PROBLEM,0,0,0,0,0,0,0,0,0,0,0,0,0,0,PLANNED
B06,Exact-oracle generated,PUBLIC_QUALITY,EXACT_ORACLE,py3dbp,py3dbp,pivot greedy,VALID,SUPPORTED_NATIVE,NATIVE,FULL_PROBLEM,0,0,0,0,0,0,0,0,0,0,0,0,0,0,PLANNED
B06,Exact-oracle generated,PUBLIC_QUALITY,EXACT_ORACLE,rust_brkga,u-nesting,BRKGA,VALID,SUPPORTED_COMPOSED,COMPOSED,FULL_PROBLEM,1,1,0,0,0,1,1,0,0,1,0,0,0,0,LEGACY_BASELINE_ONLY
B06,Exact-oracle generated,PUBLIC_QUALITY,EXACT_ORACLE,rust_extreme_point,u-nesting,ExtremePoint,VALID,SUPPORTED_COMPOSED,COMPOSED,FULL_PROBLEM,1,1,0,0,0,1,1,0,0,1,0,0,0,0,LEGACY_BASELINE_ONLY
B06,Exact-oracle generated,PUBLIC_QUALITY,EXACT_ORACLE,rust_ga,u-nesting,GA,VALID,SUPPORTED_COMPOSED,COMPOSED,FULL_PROBLEM,1,1,0,0,0,1,1,0,0,1,0,0,0,0,LEGACY_BASELINE_ONLY
B06,Exact-oracle generated,PUBLIC_QUALITY,EXACT_ORACLE,rust_layer,u-nesting,Layer/BottomLeftFill,VALID,SUPPORTED_COMPOSED,COMPOSED,FULL_PROBLEM,1,1,0,0,0,1,1,0,0,1,0,0,0,0,LEGACY_BASELINE_ONLY
B06,Exact-oracle generated,PUBLIC_QUALITY,EXACT_ORACLE,rust_sa,u-nesting,SA,VALID,SUPPORTED_COMPOSED,COMPOSED,FULL_PROBLEM,1,1,0,0,0,1,1,0,0,1,0,0,0,0,LEGACY_BASELINE_ONLY
B06,Exact-oracle generated,PUBLIC_QUALITY,EXACT_ORACLE,skjolber_fast_bruteforce,skjolber/3d-bin-container-packing,FastBruteForce,VALID,SUPPORTED_NATIVE,NATIVE,FULL_PROBLEM,1,1,0,0,0,1,1,0,0,1,0,0,0,0,LEGACY_BASELINE_ONLY
B06,Exact-oracle generated,PUBLIC_QUALITY,EXACT_ORACLE,skjolber_laff,skjolber/3d-bin-container-packing,LAFF,VALID,SUPPORTED_NATIVE,NATIVE,FULL_PROBLEM,1,1,0,0,0,1,1,0,0,1,0,0,0,0,LEGACY_BASELINE_ONLY
B06,Exact-oracle generated,PUBLIC_QUALITY,EXACT_ORACLE,skjolber_plain,skjolber/3d-bin-container-packing,Plain,VALID,SUPPORTED_NATIVE,NATIVE,FULL_PROBLEM,1,1,0,0,0,1,1,0,0,1,0,0,0,0,LEGACY_BASELINE_ONLY
B07,Davies-Bischoff BR0/BR8-15,PUBLIC_QUALITY,VOLUME_KNAPSACK,exact_cp_sat,OR-Tools,strengthened CP-SAT model,VALID,ADAPTER_MISSING,EXACT_MODEL,FULL_PROBLEM,0,0,0,0,0,0,0,0,0,0,0,0,0,0,ADAPTER_MISSING
B07,Davies-Bischoff BR0/BR8-15,PUBLIC_QUALITY,VOLUME_KNAPSACK,exact_cplex,CPLEX,strengthened MIP model,VALID,ADAPTER_MISSING,EXACT_MODEL,FULL_PROBLEM,0,0,0,0,0,0,0,0,0,0,0,0,0,0,ADAPTER_MISSING
B07,Davies-Bischoff BR0/BR8-15,PUBLIC_QUALITY,VOLUME_KNAPSACK,exact_gurobi,Gurobi,strengthened MIP model,VALID,ADAPTER_MISSING,EXACT_MODEL,FULL_PROBLEM,0,0,0,0,0,0,0,0,0,0,0,0,0,0,ADAPTER_MISSING
B07,Davies-Bischoff BR0/BR8-15,PUBLIC_QUALITY,VOLUME_KNAPSACK,exact_scip,SCIP/PySCIPOpt,strengthened MIP model,VALID,ADAPTER_MISSING,EXACT_MODEL,FULL_PROBLEM,0,0,0,0,0,0,0,0,0,0,0,0,0,0,ADAPTER_MISSING
B07,Davies-Bischoff BR0/BR8-15,PUBLIC_QUALITY,VOLUME_KNAPSACK,go_bp3d,gedex/bp3d,pivot greedy,VALID,PROJECTION_ONLY,COMPOSED,GEOMETRY_PROJECTION,0,0,0,0,0,0,0,0,0,0,0,0,0,0,PLANNED
B07,Davies-Bischoff BR0/BR8-15,PUBLIC_QUALITY,VOLUME_KNAPSACK,jerry,jerry800416/3D-bin-packing,pivot/fix-point greedy,VALID,PROJECTION_ONLY,COMPOSED,GEOMETRY_PROJECTION,0,0,0,0,0,0,0,0,0,0,0,0,0,0,PLANNED
B07,Davies-Bischoff BR0/BR8-15,PUBLIC_QUALITY,VOLUME_KNAPSACK,packingsolver_fork_box,PackingSolver fork,box portfolio,VALID,SUPPORTED_NATIVE,NATIVE,FULL_PROBLEM,1800,0,1800,1800,0,900,52,1748,0,0,1800,0,0,0,PROTOCOL_V3_EXECUTED
B07,Davies-Bischoff BR0/BR8-15,PUBLIC_QUALITY,VOLUME_KNAPSACK,packingsolver_fork_boxstacks,PackingSolver fork,boxstacks portfolio,VALID,ADAPTER_MISSING,NATIVE,FULL_PROBLEM,0,0,0,0,0,0,0,0,0,0,0,0,0,0,ADAPTER_MISSING
B07,Davies-Bischoff BR0/BR8-15,PUBLIC_QUALITY,VOLUME_KNAPSACK,packingsolver_upstream_box,PackingSolver upstream,box portfolio,VALID,SUPPORTED_NATIVE,NATIVE,FULL_PROBLEM,1800,0,1800,1800,0,900,52,1748,0,0,1800,0,0,0,PROTOCOL_V3_EXECUTED
B07,Davies-Bischoff BR0/BR8-15,PUBLIC_QUALITY,VOLUME_KNAPSACK,packingsolver_upstream_boxstacks,PackingSolver upstream,boxstacks portfolio,VALID,ADAPTER_MISSING,NATIVE,FULL_PROBLEM,0,0,0,0,0,0,0,0,0,0,0,0,0,0,ADAPTER_MISSING
B07,Davies-Bischoff BR0/BR8-15,PUBLIC_QUALITY,VOLUME_KNAPSACK,py3dbp,py3dbp,pivot greedy,VALID,PROJECTION_ONLY,COMPOSED,GEOMETRY_PROJECTION,0,0,0,0,0,0,0,0,0,0,0,0,0,0,PLANNED
B07,Davies-Bischoff BR0/BR8-15,PUBLIC_QUALITY,VOLUME_KNAPSACK,rust_brkga,u-nesting,BRKGA,VALID,ADAPTER_MISSING,NATIVE,FULL_PROBLEM,0,0,0,0,0,0,0,0,0,0,0,0,0,0,ADAPTER_MISSING
B07,Davies-Bischoff BR0/BR8-15,PUBLIC_QUALITY,VOLUME_KNAPSACK,rust_extreme_point,u-nesting,ExtremePoint,VALID,ADAPTER_MISSING,NATIVE,FULL_PROBLEM,0,0,0,0,0,0,0,0,0,0,0,0,0,0,ADAPTER_MISSING
B07,Davies-Bischoff BR0/BR8-15,PUBLIC_QUALITY,VOLUME_KNAPSACK,rust_ga,u-nesting,GA,VALID,ADAPTER_MISSING,NATIVE,FULL_PROBLEM,0,0,0,0,0,0,0,0,0,0,0,0,0,0,ADAPTER_MISSING
B07,Davies-Bischoff BR0/BR8-15,PUBLIC_QUALITY,VOLUME_KNAPSACK,rust_layer,u-nesting,Layer/BottomLeftFill,VALID,ADAPTER_MISSING,NATIVE,FULL_PROBLEM,0,0,0,0,0,0,0,0,0,0,0,0,0,0,ADAPTER_MISSING
B07,Davies-Bischoff BR0/BR8-15,PUBLIC_QUALITY,VOLUME_KNAPSACK,rust_sa,u-nesting,SA,VALID,ADAPTER_MISSING,NATIVE,FULL_PROBLEM,0,0,0,0,0,0,0,0,0,0,0,0,0,0,ADAPTER_MISSING
B07,Davies-Bischoff BR0/BR8-15,PUBLIC_QUALITY,VOLUME_KNAPSACK,skjolber_fast_bruteforce,skjolber/3d-bin-container-packing,FastBruteForce,VALID,ADAPTER_MISSING,NATIVE,FULL_PROBLEM,0,0,0,0,0,0,0,0,0,0,0,0,0,0,ADAPTER_MISSING
B07,Davies-Bischoff BR0/BR8-15,PUBLIC_QUALITY,VOLUME_KNAPSACK,skjolber_laff,skjolber/3d-bin-container-packing,LAFF,VALID,ADAPTER_MISSING,NATIVE,FULL_PROBLEM,0,0,0,0,0,0,0,0,0,0,0,0,0,0,ADAPTER_MISSING
B07,Davies-Bischoff BR0/BR8-15,PUBLIC_QUALITY,VOLUME_KNAPSACK,skjolber_plain,skjolber/3d-bin-container-packing,Plain,VALID,ADAPTER_MISSING,NATIVE,FULL_PROBLEM,0,0,0,0,0,0,0,0,0,0,0,0,0,0,ADAPTER_MISSING
B08,Public 3D multiple-bin-size/cost,PUBLIC_QUALITY,VARIABLE_COST_BIN_PACKING,exact_cp_sat,OR-Tools,strengthened CP-SAT model,SOURCE_INCOMPLETE,ADAPTER_MISSING,EXACT_MODEL,FULL_PROBLEM,0,0,0,0,0,0,0,0,0,0,0,0,0,0,SOURCE_PENDING
B08,Public 3D multiple-bin-size/cost,PUBLIC_QUALITY,VARIABLE_COST_BIN_PACKING,exact_cplex,CPLEX,strengthened MIP model,SOURCE_INCOMPLETE,ADAPTER_MISSING,EXACT_MODEL,FULL_PROBLEM,0,0,0,0,0,0,0,0,0,0,0,0,0,0,SOURCE_PENDING
B08,Public 3D multiple-bin-size/cost,PUBLIC_QUALITY,VARIABLE_COST_BIN_PACKING,exact_gurobi,Gurobi,strengthened MIP model,SOURCE_INCOMPLETE,ADAPTER_MISSING,EXACT_MODEL,FULL_PROBLEM,0,0,0,0,0,0,0,0,0,0,0,0,0,0,SOURCE_PENDING
B08,Public 3D multiple-bin-size/cost,PUBLIC_QUALITY,VARIABLE_COST_BIN_PACKING,exact_scip,SCIP/PySCIPOpt,strengthened MIP model,SOURCE_INCOMPLETE,ADAPTER_MISSING,EXACT_MODEL,FULL_PROBLEM,0,0,0,0,0,0,0,0,0,0,0,0,0,0,SOURCE_PENDING
B08,Public 3D multiple-bin-size/cost,PUBLIC_QUALITY,VARIABLE_COST_BIN_PACKING,go_bp3d,gedex/bp3d,pivot greedy,SOURCE_INCOMPLETE,ADAPTER_MISSING,NATIVE,FULL_PROBLEM,0,0,0,0,0,0,0,0,0,0,0,0,0,0,SOURCE_PENDING
B08,Public 3D multiple-bin-size/cost,PUBLIC_QUALITY,VARIABLE_COST_BIN_PACKING,jerry,jerry800416/3D-bin-packing,pivot/fix-point greedy,SOURCE_INCOMPLETE,ADAPTER_MISSING,NATIVE,FULL_PROBLEM,0,0,0,0,0,0,0,0,0,0,0,0,0,0,SOURCE_PENDING
B08,Public 3D multiple-bin-size/cost,PUBLIC_QUALITY,VARIABLE_COST_BIN_PACKING,packingsolver_fork_box,PackingSolver fork,box portfolio,SOURCE_INCOMPLETE,SUPPORTED_NATIVE,NATIVE,FULL_PROBLEM,0,0,0,0,0,0,0,0,0,0,0,0,0,0,SOURCE_PENDING
B08,Public 3D multiple-bin-size/cost,PUBLIC_QUALITY,VARIABLE_COST_BIN_PACKING,packingsolver_fork_boxstacks,PackingSolver fork,boxstacks portfolio,SOURCE_INCOMPLETE,SUPPORTED_NATIVE,NATIVE,FULL_PROBLEM,0,0,0,0,0,0,0,0,0,0,0,0,0,0,SOURCE_PENDING
B08,Public 3D multiple-bin-size/cost,PUBLIC_QUALITY,VARIABLE_COST_BIN_PACKING,packingsolver_upstream_box,PackingSolver upstream,box portfolio,SOURCE_INCOMPLETE,SUPPORTED_NATIVE,NATIVE,FULL_PROBLEM,0,0,0,0,0,0,0,0,0,0,0,0,0,0,SOURCE_PENDING
B08,Public 3D multiple-bin-size/cost,PUBLIC_QUALITY,VARIABLE_COST_BIN_PACKING,packingsolver_upstream_boxstacks,PackingSolver upstream,boxstacks portfolio,SOURCE_INCOMPLETE,SUPPORTED_NATIVE,NATIVE,FULL_PROBLEM,0,0,0,0,0,0,0,0,0,0,0,0,0,0,SOURCE_PENDING
B08,Public 3D multiple-bin-size/cost,PUBLIC_QUALITY,VARIABLE_COST_BIN_PACKING,py3dbp,py3dbp,pivot greedy,SOURCE_INCOMPLETE,ADAPTER_MISSING,NATIVE,FULL_PROBLEM,0,0,0,0,0,0,0,0,0,0,0,0,0,0,SOURCE_PENDING
B08,Public 3D multiple-bin-size/cost,PUBLIC_QUALITY,VARIABLE_COST_BIN_PACKING,rust_brkga,u-nesting,BRKGA,SOURCE_INCOMPLETE,ADAPTER_MISSING,NATIVE,FULL_PROBLEM,0,0,0,0,0,0,0,0,0,0,0,0,0,0,SOURCE_PENDING
B08,Public 3D multiple-bin-size/cost,PUBLIC_QUALITY,VARIABLE_COST_BIN_PACKING,rust_extreme_point,u-nesting,ExtremePoint,SOURCE_INCOMPLETE,ADAPTER_MISSING,NATIVE,FULL_PROBLEM,0,0,0,0,0,0,0,0,0,0,0,0,0,0,SOURCE_PENDING
B08,Public 3D multiple-bin-size/cost,PUBLIC_QUALITY,VARIABLE_COST_BIN_PACKING,rust_ga,u-nesting,GA,SOURCE_INCOMPLETE,ADAPTER_MISSING,NATIVE,FULL_PROBLEM,0,0,0,0,0,0,0,0,0,0,0,0,0,0,SOURCE_PENDING
B08,Public 3D multiple-bin-size/cost,PUBLIC_QUALITY,VARIABLE_COST_BIN_PACKING,rust_layer,u-nesting,Layer/BottomLeftFill,SOURCE_INCOMPLETE,ADAPTER_MISSING,NATIVE,FULL_PROBLEM,0,0,0,0,0,0,0,0,0,0,0,0,0,0,SOURCE_PENDING
B08,Public 3D multiple-bin-size/cost,PUBLIC_QUALITY,VARIABLE_COST_BIN_PACKING,rust_sa,u-nesting,SA,SOURCE_INCOMPLETE,ADAPTER_MISSING,NATIVE,FULL_PROBLEM,0,0,0,0,0,0,0,0,0,0,0,0,0,0,SOURCE_PENDING
B08,Public 3D multiple-bin-size/cost,PUBLIC_QUALITY,VARIABLE_COST_BIN_PACKING,skjolber_fast_bruteforce,skjolber/3d-bin-container-packing,FastBruteForce,SOURCE_INCOMPLETE,ADAPTER_MISSING,NATIVE,FULL_PROBLEM,0,0,0,0,0,0,0,0,0,0,0,0,0,0,SOURCE_PENDING
B08,Public 3D multiple-bin-size/cost,PUBLIC_QUALITY,VARIABLE_COST_BIN_PACKING,skjolber_laff,skjolber/3d-bin-container-packing,LAFF,SOURCE_INCOMPLETE,ADAPTER_MISSING,NATIVE,FULL_PROBLEM,0,0,0,0,0,0,0,0,0,0,0,0,0,0,SOURCE_PENDING
B08,Public 3D multiple-bin-size/cost,PUBLIC_QUALITY,VARIABLE_COST_BIN_PACKING,skjolber_plain,skjolber/3d-bin-container-packing,Plain,SOURCE_INCOMPLETE,ADAPTER_MISSING,NATIVE,FULL_PROBLEM,0,0,0,0,0,0,0,0,0,0,0,0,0,0,SOURCE_PENDING
B09,Variable-cost exact truth,CONSTRAINT_CONFORMANCE,VARIABLE_COST_BIN_PACKING,exact_cp_sat,OR-Tools,strengthened CP-SAT model,VALID,SUPPORTED_NATIVE,EXACT_MODEL,FULL_PROBLEM,2,2,0,0,0,2,2,0,0,2,0,0,0,0,LEGACY_BASELINE_ONLY
B09,Variable-cost exact truth,CONSTRAINT_CONFORMANCE,VARIABLE_COST_BIN_PACKING,exact_cplex,CPLEX,strengthened MIP model,VALID,SUPPORTED_NATIVE,EXACT_MODEL,FULL_PROBLEM,2,2,0,0,0,2,2,0,0,2,0,0,0,0,LEGACY_BASELINE_ONLY
B09,Variable-cost exact truth,CONSTRAINT_CONFORMANCE,VARIABLE_COST_BIN_PACKING,exact_gurobi,Gurobi,strengthened MIP model,VALID,SUPPORTED_NATIVE,EXACT_MODEL,FULL_PROBLEM,2,2,0,0,0,2,2,0,0,2,0,0,0,0,LEGACY_BASELINE_ONLY
B09,Variable-cost exact truth,CONSTRAINT_CONFORMANCE,VARIABLE_COST_BIN_PACKING,exact_scip,SCIP/PySCIPOpt,strengthened MIP model,VALID,SUPPORTED_NATIVE,EXACT_MODEL,FULL_PROBLEM,2,2,0,0,0,2,2,0,0,2,0,0,0,0,LEGACY_BASELINE_ONLY
B09,Variable-cost exact truth,CONSTRAINT_CONFORMANCE,VARIABLE_COST_BIN_PACKING,go_bp3d,gedex/bp3d,pivot greedy,VALID,ADAPTER_MISSING,NATIVE,FULL_PROBLEM,0,0,0,0,0,0,0,0,0,0,0,0,0,0,ADAPTER_MISSING
B09,Variable-cost exact truth,CONSTRAINT_CONFORMANCE,VARIABLE_COST_BIN_PACKING,jerry,jerry800416/3D-bin-packing,pivot/fix-point greedy,VALID,ADAPTER_MISSING,NATIVE,FULL_PROBLEM,0,0,0,0,0,0,0,0,0,0,0,0,0,0,ADAPTER_MISSING
B09,Variable-cost exact truth,CONSTRAINT_CONFORMANCE,VARIABLE_COST_BIN_PACKING,packingsolver_fork_box,PackingSolver fork,box portfolio,VALID,SUPPORTED_NATIVE,NATIVE,FULL_PROBLEM,4,2,2,2,0,4,4,0,0,4,0,0,0,0,PROTOCOL_V3_WITH_LEGACY_BASELINE
B09,Variable-cost exact truth,CONSTRAINT_CONFORMANCE,VARIABLE_COST_BIN_PACKING,packingsolver_fork_boxstacks,PackingSolver fork,boxstacks portfolio,VALID,SUPPORTED_NATIVE,NATIVE,FULL_PROBLEM,3,1,2,2,0,3,3,0,0,3,0,0,0,0,PROTOCOL_V3_WITH_LEGACY_BASELINE
B09,Variable-cost exact truth,CONSTRAINT_CONFORMANCE,VARIABLE_COST_BIN_PACKING,packingsolver_upstream_box,PackingSolver upstream,box portfolio,VALID,SUPPORTED_NATIVE,NATIVE,FULL_PROBLEM,4,2,2,2,0,4,3,0,1,3,0,1,0,0,PROTOCOL_V3_WITH_LEGACY_BASELINE
B09,Variable-cost exact truth,CONSTRAINT_CONFORMANCE,VARIABLE_COST_BIN_PACKING,packingsolver_upstream_boxstacks,PackingSolver upstream,boxstacks portfolio,VALID,SUPPORTED_NATIVE,NATIVE,FULL_PROBLEM,2,0,2,2,0,2,2,0,0,2,0,0,0,0,PROTOCOL_V3_EXECUTED
B09,Variable-cost exact truth,CONSTRAINT_CONFORMANCE,VARIABLE_COST_BIN_PACKING,py3dbp,py3dbp,pivot greedy,VALID,ADAPTER_MISSING,NATIVE,FULL_PROBLEM,0,0,0,0,0,0,0,0,0,0,0,0,0,0,ADAPTER_MISSING
B09,Variable-cost exact truth,CONSTRAINT_CONFORMANCE,VARIABLE_COST_BIN_PACKING,rust_brkga,u-nesting,BRKGA,VALID,ADAPTER_MISSING,NATIVE,FULL_PROBLEM,0,0,0,0,0,0,0,0,0,0,0,0,0,0,ADAPTER_MISSING
B09,Variable-cost exact truth,CONSTRAINT_CONFORMANCE,VARIABLE_COST_BIN_PACKING,rust_extreme_point,u-nesting,ExtremePoint,VALID,ADAPTER_MISSING,NATIVE,FULL_PROBLEM,0,0,0,0,0,0,0,0,0,0,0,0,0,0,ADAPTER_MISSING
B09,Variable-cost exact truth,CONSTRAINT_CONFORMANCE,VARIABLE_COST_BIN_PACKING,rust_ga,u-nesting,GA,VALID,ADAPTER_MISSING,NATIVE,FULL_PROBLEM,0,0,0,0,0,0,0,0,0,0,0,0,0,0,ADAPTER_MISSING
B09,Variable-cost exact truth,CONSTRAINT_CONFORMANCE,VARIABLE_COST_BIN_PACKING,rust_layer,u-nesting,Layer/BottomLeftFill,VALID,ADAPTER_MISSING,NATIVE,FULL_PROBLEM,0,0,0,0,0,0,0,0,0,0,0,0,0,0,ADAPTER_MISSING
B09,Variable-cost exact truth,CONSTRAINT_CONFORMANCE,VARIABLE_COST_BIN_PACKING,rust_sa,u-nesting,SA,VALID,ADAPTER_MISSING,NATIVE,FULL_PROBLEM,0,0,0,0,0,0,0,0,0,0,0,0,0,0,ADAPTER_MISSING
B09,Variable-cost exact truth,CONSTRAINT_CONFORMANCE,VARIABLE_COST_BIN_PACKING,skjolber_fast_bruteforce,skjolber/3d-bin-container-packing,FastBruteForce,VALID,ADAPTER_MISSING,NATIVE,FULL_PROBLEM,0,0,0,0,0,0,0,0,0,0,0,0,0,0,ADAPTER_MISSING
B09,Variable-cost exact truth,CONSTRAINT_CONFORMANCE,VARIABLE_COST_BIN_PACKING,skjolber_laff,skjolber/3d-bin-container-packing,LAFF,VALID,ADAPTER_MISSING,NATIVE,FULL_PROBLEM,0,0,0,0,0,0,0,0,0,0,0,0,0,0,ADAPTER_MISSING
B09,Variable-cost exact truth,CONSTRAINT_CONFORMANCE,VARIABLE_COST_BIN_PACKING,skjolber_plain,skjolber/3d-bin-container-packing,Plain,VALID,ADAPTER_MISSING,NATIVE,FULL_PROBLEM,0,0,0,0,0,0,0,0,0,0,0,0,0,0,ADAPTER_MISSING
B10,Fixed heterogeneous MCLP,PUBLIC_QUALITY,FIXED_HETEROGENEOUS_LOADING,exact_cp_sat,OR-Tools,strengthened CP-SAT model,SOURCE_INCOMPLETE,ADAPTER_MISSING,EXACT_MODEL,FULL_PROBLEM,0,0,0,0,0,0,0,0,0,0,0,0,0,0,SOURCE_PENDING
B10,Fixed heterogeneous MCLP,PUBLIC_QUALITY,FIXED_HETEROGENEOUS_LOADING,exact_cplex,CPLEX,strengthened MIP model,SOURCE_INCOMPLETE,ADAPTER_MISSING,EXACT_MODEL,FULL_PROBLEM,0,0,0,0,0,0,0,0,0,0,0,0,0,0,SOURCE_PENDING
B10,Fixed heterogeneous MCLP,PUBLIC_QUALITY,FIXED_HETEROGENEOUS_LOADING,exact_gurobi,Gurobi,strengthened MIP model,SOURCE_INCOMPLETE,ADAPTER_MISSING,EXACT_MODEL,FULL_PROBLEM,0,0,0,0,0,0,0,0,0,0,0,0,0,0,SOURCE_PENDING
B10,Fixed heterogeneous MCLP,PUBLIC_QUALITY,FIXED_HETEROGENEOUS_LOADING,exact_scip,SCIP/PySCIPOpt,strengthened MIP model,SOURCE_INCOMPLETE,ADAPTER_MISSING,EXACT_MODEL,FULL_PROBLEM,0,0,0,0,0,0,0,0,0,0,0,0,0,0,SOURCE_PENDING
B10,Fixed heterogeneous MCLP,PUBLIC_QUALITY,FIXED_HETEROGENEOUS_LOADING,go_bp3d,gedex/bp3d,pivot greedy,SOURCE_INCOMPLETE,ADAPTER_MISSING,NATIVE,FULL_PROBLEM,0,0,0,0,0,0,0,0,0,0,0,0,0,0,SOURCE_PENDING
B10,Fixed heterogeneous MCLP,PUBLIC_QUALITY,FIXED_HETEROGENEOUS_LOADING,jerry,jerry800416/3D-bin-packing,pivot/fix-point greedy,SOURCE_INCOMPLETE,ADAPTER_MISSING,NATIVE,FULL_PROBLEM,0,0,0,0,0,0,0,0,0,0,0,0,0,0,SOURCE_PENDING
B10,Fixed heterogeneous MCLP,PUBLIC_QUALITY,FIXED_HETEROGENEOUS_LOADING,packingsolver_fork_box,PackingSolver fork,box portfolio,SOURCE_INCOMPLETE,SUPPORTED_NATIVE,NATIVE,FULL_PROBLEM,0,0,0,0,0,0,0,0,0,0,0,0,0,0,SOURCE_PENDING
B10,Fixed heterogeneous MCLP,PUBLIC_QUALITY,FIXED_HETEROGENEOUS_LOADING,packingsolver_fork_boxstacks,PackingSolver fork,boxstacks portfolio,SOURCE_INCOMPLETE,SUPPORTED_NATIVE,NATIVE,FULL_PROBLEM,0,0,0,0,0,0,0,0,0,0,0,0,0,0,SOURCE_PENDING
B10,Fixed heterogeneous MCLP,PUBLIC_QUALITY,FIXED_HETEROGENEOUS_LOADING,packingsolver_upstream_box,PackingSolver upstream,box portfolio,SOURCE_INCOMPLETE,SUPPORTED_NATIVE,NATIVE,FULL_PROBLEM,0,0,0,0,0,0,0,0,0,0,0,0,0,0,SOURCE_PENDING
B10,Fixed heterogeneous MCLP,PUBLIC_QUALITY,FIXED_HETEROGENEOUS_LOADING,packingsolver_upstream_boxstacks,PackingSolver upstream,boxstacks portfolio,SOURCE_INCOMPLETE,SUPPORTED_NATIVE,NATIVE,FULL_PROBLEM,0,0,0,0,0,0,0,0,0,0,0,0,0,0,SOURCE_PENDING
B10,Fixed heterogeneous MCLP,PUBLIC_QUALITY,FIXED_HETEROGENEOUS_LOADING,py3dbp,py3dbp,pivot greedy,SOURCE_INCOMPLETE,ADAPTER_MISSING,NATIVE,FULL_PROBLEM,0,0,0,0,0,0,0,0,0,0,0,0,0,0,SOURCE_PENDING
B10,Fixed heterogeneous MCLP,PUBLIC_QUALITY,FIXED_HETEROGENEOUS_LOADING,rust_brkga,u-nesting,BRKGA,SOURCE_INCOMPLETE,ADAPTER_MISSING,NATIVE,FULL_PROBLEM,0,0,0,0,0,0,0,0,0,0,0,0,0,0,SOURCE_PENDING
B10,Fixed heterogeneous MCLP,PUBLIC_QUALITY,FIXED_HETEROGENEOUS_LOADING,rust_extreme_point,u-nesting,ExtremePoint,SOURCE_INCOMPLETE,ADAPTER_MISSING,NATIVE,FULL_PROBLEM,0,0,0,0,0,0,0,0,0,0,0,0,0,0,SOURCE_PENDING
B10,Fixed heterogeneous MCLP,PUBLIC_QUALITY,FIXED_HETEROGENEOUS_LOADING,rust_ga,u-nesting,GA,SOURCE_INCOMPLETE,ADAPTER_MISSING,NATIVE,FULL_PROBLEM,0,0,0,0,0,0,0,0,0,0,0,0,0,0,SOURCE_PENDING
B10,Fixed heterogeneous MCLP,PUBLIC_QUALITY,FIXED_HETEROGENEOUS_LOADING,rust_layer,u-nesting,Layer/BottomLeftFill,SOURCE_INCOMPLETE,ADAPTER_MISSING,NATIVE,FULL_PROBLEM,0,0,0,0,0,0,0,0,0,0,0,0,0,0,SOURCE_PENDING
B10,Fixed heterogeneous MCLP,PUBLIC_QUALITY,FIXED_HETEROGENEOUS_LOADING,rust_sa,u-nesting,SA,SOURCE_INCOMPLETE,ADAPTER_MISSING,NATIVE,FULL_PROBLEM,0,0,0,0,0,0,0,0,0,0,0,0,0,0,SOURCE_PENDING
B10,Fixed heterogeneous MCLP,PUBLIC_QUALITY,FIXED_HETEROGENEOUS_LOADING,skjolber_fast_bruteforce,skjolber/3d-bin-container-packing,FastBruteForce,SOURCE_INCOMPLETE,ADAPTER_MISSING,NATIVE,FULL_PROBLEM,0,0,0,0,0,0,0,0,0,0,0,0,0,0,SOURCE_PENDING
B10,Fixed heterogeneous MCLP,PUBLIC_QUALITY,FIXED_HETEROGENEOUS_LOADING,skjolber_laff,skjolber/3d-bin-container-packing,LAFF,SOURCE_INCOMPLETE,ADAPTER_MISSING,NATIVE,FULL_PROBLEM,0,0,0,0,0,0,0,0,0,0,0,0,0,0,SOURCE_PENDING
B10,Fixed heterogeneous MCLP,PUBLIC_QUALITY,FIXED_HETEROGENEOUS_LOADING,skjolber_plain,skjolber/3d-bin-container-packing,Plain,SOURCE_INCOMPLETE,ADAPTER_MISSING,NATIVE,FULL_PROBLEM,0,0,0,0,0,0,0,0,0,0,0,0,0,0,SOURCE_PENDING
B11,Open-X/Y/Z / 3D strip,PUBLIC_QUALITY,OPEN_DIMENSION,exact_cp_sat,OR-Tools,strengthened CP-SAT model,SOURCE_INCOMPLETE,ADAPTER_MISSING,EXACT_MODEL,FULL_PROBLEM,0,0,0,0,0,0,0,0,0,0,0,0,0,0,SOURCE_PENDING
B11,Open-X/Y/Z / 3D strip,PUBLIC_QUALITY,OPEN_DIMENSION,exact_cplex,CPLEX,strengthened MIP model,SOURCE_INCOMPLETE,ADAPTER_MISSING,EXACT_MODEL,FULL_PROBLEM,0,0,0,0,0,0,0,0,0,0,0,0,0,0,SOURCE_PENDING
B11,Open-X/Y/Z / 3D strip,PUBLIC_QUALITY,OPEN_DIMENSION,exact_gurobi,Gurobi,strengthened MIP model,SOURCE_INCOMPLETE,ADAPTER_MISSING,EXACT_MODEL,FULL_PROBLEM,0,0,0,0,0,0,0,0,0,0,0,0,0,0,SOURCE_PENDING
B11,Open-X/Y/Z / 3D strip,PUBLIC_QUALITY,OPEN_DIMENSION,exact_scip,SCIP/PySCIPOpt,strengthened MIP model,SOURCE_INCOMPLETE,ADAPTER_MISSING,EXACT_MODEL,FULL_PROBLEM,0,0,0,0,0,0,0,0,0,0,0,0,0,0,SOURCE_PENDING
B11,Open-X/Y/Z / 3D strip,PUBLIC_QUALITY,OPEN_DIMENSION,go_bp3d,gedex/bp3d,pivot greedy,SOURCE_INCOMPLETE,ADAPTER_MISSING,NATIVE,FULL_PROBLEM,0,0,0,0,0,0,0,0,0,0,0,0,0,0,SOURCE_PENDING
B11,Open-X/Y/Z / 3D strip,PUBLIC_QUALITY,OPEN_DIMENSION,jerry,jerry800416/3D-bin-packing,pivot/fix-point greedy,SOURCE_INCOMPLETE,ADAPTER_MISSING,NATIVE,FULL_PROBLEM,0,0,0,0,0,0,0,0,0,0,0,0,0,0,SOURCE_PENDING
B11,Open-X/Y/Z / 3D strip,PUBLIC_QUALITY,OPEN_DIMENSION,packingsolver_fork_box,PackingSolver fork,box portfolio,SOURCE_INCOMPLETE,SUPPORTED_NATIVE,NATIVE,FULL_PROBLEM,0,0,0,0,0,0,0,0,0,0,0,0,0,0,SOURCE_PENDING
B11,Open-X/Y/Z / 3D strip,PUBLIC_QUALITY,OPEN_DIMENSION,packingsolver_fork_boxstacks,PackingSolver fork,boxstacks portfolio,SOURCE_INCOMPLETE,SUPPORTED_NATIVE,NATIVE,FULL_PROBLEM,0,0,0,0,0,0,0,0,0,0,0,0,0,0,SOURCE_PENDING
B11,Open-X/Y/Z / 3D strip,PUBLIC_QUALITY,OPEN_DIMENSION,packingsolver_upstream_box,PackingSolver upstream,box portfolio,SOURCE_INCOMPLETE,SUPPORTED_NATIVE,NATIVE,FULL_PROBLEM,0,0,0,0,0,0,0,0,0,0,0,0,0,0,SOURCE_PENDING
B11,Open-X/Y/Z / 3D strip,PUBLIC_QUALITY,OPEN_DIMENSION,packingsolver_upstream_boxstacks,PackingSolver upstream,boxstacks portfolio,SOURCE_INCOMPLETE,SUPPORTED_NATIVE,NATIVE,FULL_PROBLEM,0,0,0,0,0,0,0,0,0,0,0,0,0,0,SOURCE_PENDING
B11,Open-X/Y/Z / 3D strip,PUBLIC_QUALITY,OPEN_DIMENSION,py3dbp,py3dbp,pivot greedy,SOURCE_INCOMPLETE,ADAPTER_MISSING,NATIVE,FULL_PROBLEM,0,0,0,0,0,0,0,0,0,0,0,0,0,0,SOURCE_PENDING
B11,Open-X/Y/Z / 3D strip,PUBLIC_QUALITY,OPEN_DIMENSION,rust_brkga,u-nesting,BRKGA,SOURCE_INCOMPLETE,ADAPTER_MISSING,NATIVE,FULL_PROBLEM,0,0,0,0,0,0,0,0,0,0,0,0,0,0,SOURCE_PENDING
B11,Open-X/Y/Z / 3D strip,PUBLIC_QUALITY,OPEN_DIMENSION,rust_extreme_point,u-nesting,ExtremePoint,SOURCE_INCOMPLETE,ADAPTER_MISSING,NATIVE,FULL_PROBLEM,0,0,0,0,0,0,0,0,0,0,0,0,0,0,SOURCE_PENDING
B11,Open-X/Y/Z / 3D strip,PUBLIC_QUALITY,OPEN_DIMENSION,rust_ga,u-nesting,GA,SOURCE_INCOMPLETE,ADAPTER_MISSING,NATIVE,FULL_PROBLEM,0,0,0,0,0,0,0,0,0,0,0,0,0,0,SOURCE_PENDING
B11,Open-X/Y/Z / 3D strip,PUBLIC_QUALITY,OPEN_DIMENSION,rust_layer,u-nesting,Layer/BottomLeftFill,SOURCE_INCOMPLETE,ADAPTER_MISSING,NATIVE,FULL_PROBLEM,0,0,0,0,0,0,0,0,0,0,0,0,0,0,SOURCE_PENDING
B11,Open-X/Y/Z / 3D strip,PUBLIC_QUALITY,OPEN_DIMENSION,rust_sa,u-nesting,SA,SOURCE_INCOMPLETE,ADAPTER_MISSING,NATIVE,FULL_PROBLEM,0,0,0,0,0,0,0,0,0,0,0,0,0,0,SOURCE_PENDING
B11,Open-X/Y/Z / 3D strip,PUBLIC_QUALITY,OPEN_DIMENSION,skjolber_fast_bruteforce,skjolber/3d-bin-container-packing,FastBruteForce,SOURCE_INCOMPLETE,ADAPTER_MISSING,NATIVE,FULL_PROBLEM,0,0,0,0,0,0,0,0,0,0,0,0,0,0,SOURCE_PENDING
B11,Open-X/Y/Z / 3D strip,PUBLIC_QUALITY,OPEN_DIMENSION,skjolber_laff,skjolber/3d-bin-container-packing,LAFF,SOURCE_INCOMPLETE,ADAPTER_MISSING,NATIVE,FULL_PROBLEM,0,0,0,0,0,0,0,0,0,0,0,0,0,0,SOURCE_PENDING
B11,Open-X/Y/Z / 3D strip,PUBLIC_QUALITY,OPEN_DIMENSION,skjolber_plain,skjolber/3d-bin-container-packing,Plain,SOURCE_INCOMPLETE,ADAPTER_MISSING,NATIVE,FULL_PROBLEM,0,0,0,0,0,0,0,0,0,0,0,0,0,0,SOURCE_PENDING
B12,Pose/orientation gauntlet,CONSTRAINT_CONFORMANCE,POSE,exact_cp_sat,OR-Tools,strengthened CP-SAT model,SOURCE_INCOMPLETE,ADAPTER_MISSING,EXACT_MODEL,FULL_PROBLEM,0,0,0,0,0,0,0,0,0,0,0,0,0,0,SOURCE_PENDING
B12,Pose/orientation gauntlet,CONSTRAINT_CONFORMANCE,POSE,exact_cplex,CPLEX,strengthened MIP model,SOURCE_INCOMPLETE,ADAPTER_MISSING,EXACT_MODEL,FULL_PROBLEM,0,0,0,0,0,0,0,0,0,0,0,0,0,0,SOURCE_PENDING
B12,Pose/orientation gauntlet,CONSTRAINT_CONFORMANCE,POSE,exact_gurobi,Gurobi,strengthened MIP model,SOURCE_INCOMPLETE,ADAPTER_MISSING,EXACT_MODEL,FULL_PROBLEM,0,0,0,0,0,0,0,0,0,0,0,0,0,0,SOURCE_PENDING
B12,Pose/orientation gauntlet,CONSTRAINT_CONFORMANCE,POSE,exact_scip,SCIP/PySCIPOpt,strengthened MIP model,SOURCE_INCOMPLETE,ADAPTER_MISSING,EXACT_MODEL,FULL_PROBLEM,0,0,0,0,0,0,0,0,0,0,0,0,0,0,SOURCE_PENDING
B12,Pose/orientation gauntlet,CONSTRAINT_CONFORMANCE,POSE,go_bp3d,gedex/bp3d,pivot greedy,SOURCE_INCOMPLETE,PROJECTION_ONLY,COMPOSED,GEOMETRY_PROJECTION,0,0,0,0,0,0,0,0,0,0,0,0,0,0,SOURCE_PENDING
B12,Pose/orientation gauntlet,CONSTRAINT_CONFORMANCE,POSE,jerry,jerry800416/3D-bin-packing,pivot/fix-point greedy,SOURCE_INCOMPLETE,PROJECTION_ONLY,COMPOSED,GEOMETRY_PROJECTION,0,0,0,0,0,0,0,0,0,0,0,0,0,0,SOURCE_PENDING
B12,Pose/orientation gauntlet,CONSTRAINT_CONFORMANCE,POSE,packingsolver_fork_box,PackingSolver fork,box portfolio,SOURCE_INCOMPLETE,PROJECTION_ONLY,COMPOSED,GEOMETRY_PROJECTION,4,2,2,2,0,2,4,0,0,2,0,0,0,2,PROTOCOL_V3_WITH_LEGACY_BASELINE
B12,Pose/orientation gauntlet,CONSTRAINT_CONFORMANCE,POSE,packingsolver_fork_boxstacks,PackingSolver fork,boxstacks portfolio,SOURCE_INCOMPLETE,PROJECTION_ONLY,COMPOSED,GEOMETRY_PROJECTION,0,0,0,0,0,0,0,0,0,0,0,0,0,0,SOURCE_PENDING
B12,Pose/orientation gauntlet,CONSTRAINT_CONFORMANCE,POSE,packingsolver_upstream_box,PackingSolver upstream,box portfolio,SOURCE_INCOMPLETE,PROJECTION_ONLY,COMPOSED,GEOMETRY_PROJECTION,4,2,2,2,0,2,4,0,0,2,0,0,0,2,PROTOCOL_V3_WITH_LEGACY_BASELINE
B12,Pose/orientation gauntlet,CONSTRAINT_CONFORMANCE,POSE,packingsolver_upstream_boxstacks,PackingSolver upstream,boxstacks portfolio,SOURCE_INCOMPLETE,PROJECTION_ONLY,COMPOSED,GEOMETRY_PROJECTION,0,0,0,0,0,0,0,0,0,0,0,0,0,0,SOURCE_PENDING
B12,Pose/orientation gauntlet,CONSTRAINT_CONFORMANCE,POSE,py3dbp,py3dbp,pivot greedy,SOURCE_INCOMPLETE,PROJECTION_ONLY,COMPOSED,GEOMETRY_PROJECTION,0,0,0,0,0,0,0,0,0,0,0,0,0,0,SOURCE_PENDING
B12,Pose/orientation gauntlet,CONSTRAINT_CONFORMANCE,POSE,rust_brkga,u-nesting,BRKGA,SOURCE_INCOMPLETE,PROJECTION_ONLY,COMPOSED,GEOMETRY_PROJECTION,2,2,0,0,0,2,2,0,0,1,0,0,0,1,LEGACY_BASELINE_ONLY
B12,Pose/orientation gauntlet,CONSTRAINT_CONFORMANCE,POSE,rust_extreme_point,u-nesting,ExtremePoint,SOURCE_INCOMPLETE,PROJECTION_ONLY,COMPOSED,GEOMETRY_PROJECTION,2,2,0,0,0,2,2,0,0,1,0,0,0,1,LEGACY_BASELINE_ONLY
B12,Pose/orientation gauntlet,CONSTRAINT_CONFORMANCE,POSE,rust_ga,u-nesting,GA,SOURCE_INCOMPLETE,PROJECTION_ONLY,COMPOSED,GEOMETRY_PROJECTION,2,2,0,0,0,2,2,0,0,0,0,1,0,1,LEGACY_BASELINE_ONLY
B12,Pose/orientation gauntlet,CONSTRAINT_CONFORMANCE,POSE,rust_layer,u-nesting,Layer/BottomLeftFill,SOURCE_INCOMPLETE,PROJECTION_ONLY,COMPOSED,GEOMETRY_PROJECTION,2,2,0,0,0,2,2,0,0,0,0,1,0,1,LEGACY_BASELINE_ONLY
B12,Pose/orientation gauntlet,CONSTRAINT_CONFORMANCE,POSE,rust_sa,u-nesting,SA,SOURCE_INCOMPLETE,PROJECTION_ONLY,COMPOSED,GEOMETRY_PROJECTION,2,2,0,0,0,2,2,0,0,1,0,0,0,1,LEGACY_BASELINE_ONLY
B12,Pose/orientation gauntlet,CONSTRAINT_CONFORMANCE,POSE,skjolber_fast_bruteforce,skjolber/3d-bin-container-packing,FastBruteForce,SOURCE_INCOMPLETE,PROJECTION_ONLY,COMPOSED,GEOMETRY_PROJECTION,0,0,0,0,0,0,0,0,0,0,0,0,0,0,SOURCE_PENDING
B12,Pose/orientation gauntlet,CONSTRAINT_CONFORMANCE,POSE,skjolber_laff,skjolber/3d-bin-container-packing,LAFF,SOURCE_INCOMPLETE,PROJECTION_ONLY,COMPOSED,GEOMETRY_PROJECTION,0,0,0,0,0,0,0,0,0,0,0,0,0,0,SOURCE_PENDING
B12,Pose/orientation gauntlet,CONSTRAINT_CONFORMANCE,POSE,skjolber_plain,skjolber/3d-bin-container-packing,Plain,SOURCE_INCOMPLETE,PROJECTION_ONLY,COMPOSED,GEOMETRY_PROJECTION,0,0,0,0,0,0,0,0,0,0,0,0,0,0,SOURCE_PENDING
B13,Payload/inventory gauntlet,CONSTRAINT_CONFORMANCE,PAYLOAD_INVENTORY,exact_cp_sat,OR-Tools,strengthened CP-SAT model,SOURCE_INCOMPLETE,ADAPTER_MISSING,EXACT_MODEL,FULL_PROBLEM,0,0,0,0,0,0,0,0,0,0,0,0,0,0,SOURCE_PENDING
B13,Payload/inventory gauntlet,CONSTRAINT_CONFORMANCE,PAYLOAD_INVENTORY,exact_cplex,CPLEX,strengthened MIP model,SOURCE_INCOMPLETE,ADAPTER_MISSING,EXACT_MODEL,FULL_PROBLEM,0,0,0,0,0,0,0,0,0,0,0,0,0,0,SOURCE_PENDING
B13,Payload/inventory gauntlet,CONSTRAINT_CONFORMANCE,PAYLOAD_INVENTORY,exact_gurobi,Gurobi,strengthened MIP model,SOURCE_INCOMPLETE,ADAPTER_MISSING,EXACT_MODEL,FULL_PROBLEM,0,0,0,0,0,0,0,0,0,0,0,0,0,0,SOURCE_PENDING
B13,Payload/inventory gauntlet,CONSTRAINT_CONFORMANCE,PAYLOAD_INVENTORY,exact_scip,SCIP/PySCIPOpt,strengthened MIP model,SOURCE_INCOMPLETE,ADAPTER_MISSING,EXACT_MODEL,FULL_PROBLEM,0,0,0,0,0,0,0,0,0,0,0,0,0,0,SOURCE_PENDING
B13,Payload/inventory gauntlet,CONSTRAINT_CONFORMANCE,PAYLOAD_INVENTORY,go_bp3d,gedex/bp3d,pivot greedy,SOURCE_INCOMPLETE,PROJECTION_ONLY,COMPOSED,GEOMETRY_PROJECTION,0,0,0,0,0,0,0,0,0,0,0,0,0,0,SOURCE_PENDING
B13,Payload/inventory gauntlet,CONSTRAINT_CONFORMANCE,PAYLOAD_INVENTORY,jerry,jerry800416/3D-bin-packing,pivot/fix-point greedy,SOURCE_INCOMPLETE,PROJECTION_ONLY,COMPOSED,GEOMETRY_PROJECTION,0,0,0,0,0,0,0,0,0,0,0,0,0,0,SOURCE_PENDING
B13,Payload/inventory gauntlet,CONSTRAINT_CONFORMANCE,PAYLOAD_INVENTORY,packingsolver_fork_box,PackingSolver fork,box portfolio,SOURCE_INCOMPLETE,PROJECTION_ONLY,COMPOSED,GEOMETRY_PROJECTION,2,1,1,1,0,1,2,0,0,2,0,0,0,0,PROTOCOL_V3_WITH_LEGACY_BASELINE
B13,Payload/inventory gauntlet,CONSTRAINT_CONFORMANCE,PAYLOAD_INVENTORY,packingsolver_fork_boxstacks,PackingSolver fork,boxstacks portfolio,SOURCE_INCOMPLETE,PROJECTION_ONLY,COMPOSED,GEOMETRY_PROJECTION,0,0,0,0,0,0,0,0,0,0,0,0,0,0,SOURCE_PENDING
B13,Payload/inventory gauntlet,CONSTRAINT_CONFORMANCE,PAYLOAD_INVENTORY,packingsolver_upstream_box,PackingSolver upstream,box portfolio,SOURCE_INCOMPLETE,PROJECTION_ONLY,COMPOSED,GEOMETRY_PROJECTION,2,1,1,1,0,1,2,0,0,2,0,0,0,0,PROTOCOL_V3_WITH_LEGACY_BASELINE
B13,Payload/inventory gauntlet,CONSTRAINT_CONFORMANCE,PAYLOAD_INVENTORY,packingsolver_upstream_boxstacks,PackingSolver upstream,boxstacks portfolio,SOURCE_INCOMPLETE,PROJECTION_ONLY,COMPOSED,GEOMETRY_PROJECTION,0,0,0,0,0,0,0,0,0,0,0,0,0,0,SOURCE_PENDING
B13,Payload/inventory gauntlet,CONSTRAINT_CONFORMANCE,PAYLOAD_INVENTORY,py3dbp,py3dbp,pivot greedy,SOURCE_INCOMPLETE,PROJECTION_ONLY,COMPOSED,GEOMETRY_PROJECTION,0,0,0,0,0,0,0,0,0,0,0,0,0,0,SOURCE_PENDING
B13,Payload/inventory gauntlet,CONSTRAINT_CONFORMANCE,PAYLOAD_INVENTORY,rust_brkga,u-nesting,BRKGA,SOURCE_INCOMPLETE,PROJECTION_ONLY,COMPOSED,GEOMETRY_PROJECTION,1,1,0,0,0,1,1,0,0,1,0,0,0,0,LEGACY_BASELINE_ONLY
B13,Payload/inventory gauntlet,CONSTRAINT_CONFORMANCE,PAYLOAD_INVENTORY,rust_extreme_point,u-nesting,ExtremePoint,SOURCE_INCOMPLETE,PROJECTION_ONLY,COMPOSED,GEOMETRY_PROJECTION,1,1,0,0,0,1,1,0,0,1,0,0,0,0,LEGACY_BASELINE_ONLY
B13,Payload/inventory gauntlet,CONSTRAINT_CONFORMANCE,PAYLOAD_INVENTORY,rust_ga,u-nesting,GA,SOURCE_INCOMPLETE,PROJECTION_ONLY,COMPOSED,GEOMETRY_PROJECTION,1,1,0,0,0,1,1,0,0,1,0,0,0,0,LEGACY_BASELINE_ONLY
B13,Payload/inventory gauntlet,CONSTRAINT_CONFORMANCE,PAYLOAD_INVENTORY,rust_layer,u-nesting,Layer/BottomLeftFill,SOURCE_INCOMPLETE,PROJECTION_ONLY,COMPOSED,GEOMETRY_PROJECTION,1,1,0,0,0,1,1,0,0,1,0,0,0,0,LEGACY_BASELINE_ONLY
B13,Payload/inventory gauntlet,CONSTRAINT_CONFORMANCE,PAYLOAD_INVENTORY,rust_sa,u-nesting,SA,SOURCE_INCOMPLETE,PROJECTION_ONLY,COMPOSED,GEOMETRY_PROJECTION,1,1,0,0,0,1,1,0,0,1,0,0,0,0,LEGACY_BASELINE_ONLY
B13,Payload/inventory gauntlet,CONSTRAINT_CONFORMANCE,PAYLOAD_INVENTORY,skjolber_fast_bruteforce,skjolber/3d-bin-container-packing,FastBruteForce,SOURCE_INCOMPLETE,PROJECTION_ONLY,COMPOSED,GEOMETRY_PROJECTION,0,0,0,0,0,0,0,0,0,0,0,0,0,0,SOURCE_PENDING
B13,Payload/inventory gauntlet,CONSTRAINT_CONFORMANCE,PAYLOAD_INVENTORY,skjolber_laff,skjolber/3d-bin-container-packing,LAFF,SOURCE_INCOMPLETE,PROJECTION_ONLY,COMPOSED,GEOMETRY_PROJECTION,0,0,0,0,0,0,0,0,0,0,0,0,0,0,SOURCE_PENDING
B13,Payload/inventory gauntlet,CONSTRAINT_CONFORMANCE,PAYLOAD_INVENTORY,skjolber_plain,skjolber/3d-bin-container-packing,Plain,SOURCE_INCOMPLETE,PROJECTION_ONLY,COMPOSED,GEOMETRY_PROJECTION,0,0,0,0,0,0,0,0,0,0,0,0,0,0,SOURCE_PENDING
B14,Support/load-bearing gauntlet,CONSTRAINT_CONFORMANCE,SUPPORT_LOAD_BEARING,exact_cp_sat,OR-Tools,strengthened CP-SAT model,SOURCE_INCOMPLETE,ADAPTER_MISSING,EXACT_MODEL,FULL_PROBLEM,0,0,0,0,0,0,0,0,0,0,0,0,0,0,SOURCE_PENDING
B14,Support/load-bearing gauntlet,CONSTRAINT_CONFORMANCE,SUPPORT_LOAD_BEARING,exact_cplex,CPLEX,strengthened MIP model,SOURCE_INCOMPLETE,ADAPTER_MISSING,EXACT_MODEL,FULL_PROBLEM,0,0,0,0,0,0,0,0,0,0,0,0,0,0,SOURCE_PENDING
B14,Support/load-bearing gauntlet,CONSTRAINT_CONFORMANCE,SUPPORT_LOAD_BEARING,exact_gurobi,Gurobi,strengthened MIP model,SOURCE_INCOMPLETE,ADAPTER_MISSING,EXACT_MODEL,FULL_PROBLEM,0,0,0,0,0,0,0,0,0,0,0,0,0,0,SOURCE_PENDING
B14,Support/load-bearing gauntlet,CONSTRAINT_CONFORMANCE,SUPPORT_LOAD_BEARING,exact_scip,SCIP/PySCIPOpt,strengthened MIP model,SOURCE_INCOMPLETE,ADAPTER_MISSING,EXACT_MODEL,FULL_PROBLEM,0,0,0,0,0,0,0,0,0,0,0,0,0,0,SOURCE_PENDING
B14,Support/load-bearing gauntlet,CONSTRAINT_CONFORMANCE,SUPPORT_LOAD_BEARING,go_bp3d,gedex/bp3d,pivot greedy,SOURCE_INCOMPLETE,NOT_SUPPORTED,NOT_APPLICABLE,NOT_APPLICABLE,0,0,0,0,0,0,0,0,0,0,0,0,0,0,SOURCE_PENDING
B14,Support/load-bearing gauntlet,CONSTRAINT_CONFORMANCE,SUPPORT_LOAD_BEARING,jerry,jerry800416/3D-bin-packing,pivot/fix-point greedy,SOURCE_INCOMPLETE,PROJECTION_ONLY,COMPOSED,GEOMETRY_PROJECTION,0,0,0,0,0,0,0,0,0,0,0,0,0,0,SOURCE_PENDING
B14,Support/load-bearing gauntlet,CONSTRAINT_CONFORMANCE,SUPPORT_LOAD_BEARING,packingsolver_fork_box,PackingSolver fork,box portfolio,SOURCE_INCOMPLETE,NOT_SUPPORTED,NOT_APPLICABLE,NOT_APPLICABLE,0,0,0,0,0,0,0,0,0,0,0,0,0,0,SOURCE_PENDING
B14,Support/load-bearing gauntlet,CONSTRAINT_CONFORMANCE,SUPPORT_LOAD_BEARING,packingsolver_fork_boxstacks,PackingSolver fork,boxstacks portfolio,SOURCE_INCOMPLETE,PROJECTION_ONLY,COMPOSED,GEOMETRY_PROJECTION,6,3,3,3,0,3,6,0,0,6,0,0,0,0,PROTOCOL_V3_WITH_LEGACY_BASELINE
B14,Support/load-bearing gauntlet,CONSTRAINT_CONFORMANCE,SUPPORT_LOAD_BEARING,packingsolver_upstream_box,PackingSolver upstream,box portfolio,SOURCE_INCOMPLETE,NOT_SUPPORTED,NOT_APPLICABLE,NOT_APPLICABLE,0,0,0,0,0,0,0,0,0,0,0,0,0,0,SOURCE_PENDING
B14,Support/load-bearing gauntlet,CONSTRAINT_CONFORMANCE,SUPPORT_LOAD_BEARING,packingsolver_upstream_boxstacks,PackingSolver upstream,boxstacks portfolio,SOURCE_INCOMPLETE,PROJECTION_ONLY,COMPOSED,GEOMETRY_PROJECTION,3,0,3,3,0,3,3,0,0,3,0,0,0,0,PROTOCOL_V3_EXECUTED
B14,Support/load-bearing gauntlet,CONSTRAINT_CONFORMANCE,SUPPORT_LOAD_BEARING,py3dbp,py3dbp,pivot greedy,SOURCE_INCOMPLETE,NOT_SUPPORTED,NOT_APPLICABLE,NOT_APPLICABLE,0,0,0,0,0,0,0,0,0,0,0,0,0,0,SOURCE_PENDING
B14,Support/load-bearing gauntlet,CONSTRAINT_CONFORMANCE,SUPPORT_LOAD_BEARING,rust_brkga,u-nesting,BRKGA,SOURCE_INCOMPLETE,NOT_SUPPORTED,NOT_APPLICABLE,NOT_APPLICABLE,0,0,0,0,0,0,0,0,0,0,0,0,0,0,SOURCE_PENDING
B14,Support/load-bearing gauntlet,CONSTRAINT_CONFORMANCE,SUPPORT_LOAD_BEARING,rust_extreme_point,u-nesting,ExtremePoint,SOURCE_INCOMPLETE,NOT_SUPPORTED,NOT_APPLICABLE,NOT_APPLICABLE,0,0,0,0,0,0,0,0,0,0,0,0,0,0,SOURCE_PENDING
B14,Support/load-bearing gauntlet,CONSTRAINT_CONFORMANCE,SUPPORT_LOAD_BEARING,rust_ga,u-nesting,GA,SOURCE_INCOMPLETE,NOT_SUPPORTED,NOT_APPLICABLE,NOT_APPLICABLE,0,0,0,0,0,0,0,0,0,0,0,0,0,0,SOURCE_PENDING
B14,Support/load-bearing gauntlet,CONSTRAINT_CONFORMANCE,SUPPORT_LOAD_BEARING,rust_layer,u-nesting,Layer/BottomLeftFill,SOURCE_INCOMPLETE,NOT_SUPPORTED,NOT_APPLICABLE,NOT_APPLICABLE,0,0,0,0,0,0,0,0,0,0,0,0,0,0,SOURCE_PENDING
B14,Support/load-bearing gauntlet,CONSTRAINT_CONFORMANCE,SUPPORT_LOAD_BEARING,rust_sa,u-nesting,SA,SOURCE_INCOMPLETE,NOT_SUPPORTED,NOT_APPLICABLE,NOT_APPLICABLE,0,0,0,0,0,0,0,0,0,0,0,0,0,0,SOURCE_PENDING
B14,Support/load-bearing gauntlet,CONSTRAINT_CONFORMANCE,SUPPORT_LOAD_BEARING,skjolber_fast_bruteforce,skjolber/3d-bin-container-packing,FastBruteForce,SOURCE_INCOMPLETE,PROJECTION_ONLY,COMPOSED,GEOMETRY_PROJECTION,0,0,0,0,0,0,0,0,0,0,0,0,0,0,SOURCE_PENDING
B14,Support/load-bearing gauntlet,CONSTRAINT_CONFORMANCE,SUPPORT_LOAD_BEARING,skjolber_laff,skjolber/3d-bin-container-packing,LAFF,SOURCE_INCOMPLETE,PROJECTION_ONLY,COMPOSED,GEOMETRY_PROJECTION,0,0,0,0,0,0,0,0,0,0,0,0,0,0,SOURCE_PENDING
B14,Support/load-bearing gauntlet,CONSTRAINT_CONFORMANCE,SUPPORT_LOAD_BEARING,skjolber_plain,skjolber/3d-bin-container-packing,Plain,SOURCE_INCOMPLETE,PROJECTION_ONLY,COMPOSED,GEOMETRY_PROJECTION,0,0,0,0,0,0,0,0,0,0,0,0,0,0,SOURCE_PENDING
B15,CG/axle/floor-load gauntlet,CONSTRAINT_CONFORMANCE,VEHICLE_STATICS,exact_cp_sat,OR-Tools,strengthened CP-SAT model,SOURCE_INCOMPLETE,ADAPTER_MISSING,EXACT_MODEL,FULL_PROBLEM,0,0,0,0,0,0,0,0,0,0,0,0,0,0,SOURCE_PENDING
B15,CG/axle/floor-load gauntlet,CONSTRAINT_CONFORMANCE,VEHICLE_STATICS,exact_cplex,CPLEX,strengthened MIP model,SOURCE_INCOMPLETE,ADAPTER_MISSING,EXACT_MODEL,FULL_PROBLEM,0,0,0,0,0,0,0,0,0,0,0,0,0,0,SOURCE_PENDING
B15,CG/axle/floor-load gauntlet,CONSTRAINT_CONFORMANCE,VEHICLE_STATICS,exact_gurobi,Gurobi,strengthened MIP model,SOURCE_INCOMPLETE,ADAPTER_MISSING,EXACT_MODEL,FULL_PROBLEM,0,0,0,0,0,0,0,0,0,0,0,0,0,0,SOURCE_PENDING
B15,CG/axle/floor-load gauntlet,CONSTRAINT_CONFORMANCE,VEHICLE_STATICS,exact_scip,SCIP/PySCIPOpt,strengthened MIP model,SOURCE_INCOMPLETE,ADAPTER_MISSING,EXACT_MODEL,FULL_PROBLEM,0,0,0,0,0,0,0,0,0,0,0,0,0,0,SOURCE_PENDING
B15,CG/axle/floor-load gauntlet,CONSTRAINT_CONFORMANCE,VEHICLE_STATICS,go_bp3d,gedex/bp3d,pivot greedy,SOURCE_INCOMPLETE,PROJECTION_ONLY,COMPOSED,GEOMETRY_PROJECTION,0,0,0,0,0,0,0,0,0,0,0,0,0,0,SOURCE_PENDING
B15,CG/axle/floor-load gauntlet,CONSTRAINT_CONFORMANCE,VEHICLE_STATICS,jerry,jerry800416/3D-bin-packing,pivot/fix-point greedy,SOURCE_INCOMPLETE,PROJECTION_ONLY,COMPOSED,GEOMETRY_PROJECTION,0,0,0,0,0,0,0,0,0,0,0,0,0,0,SOURCE_PENDING
B15,CG/axle/floor-load gauntlet,CONSTRAINT_CONFORMANCE,VEHICLE_STATICS,packingsolver_fork_box,PackingSolver fork,box portfolio,SOURCE_INCOMPLETE,NOT_SUPPORTED,NOT_APPLICABLE,NOT_APPLICABLE,0,0,0,0,0,0,0,0,0,0,0,0,0,0,SOURCE_PENDING
B15,CG/axle/floor-load gauntlet,CONSTRAINT_CONFORMANCE,VEHICLE_STATICS,packingsolver_fork_boxstacks,PackingSolver fork,boxstacks portfolio,SOURCE_INCOMPLETE,PROJECTION_ONLY,COMPOSED,GEOMETRY_PROJECTION,6,3,3,3,0,3,6,0,0,2,0,0,0,4,PROTOCOL_V3_WITH_LEGACY_BASELINE
B15,CG/axle/floor-load gauntlet,CONSTRAINT_CONFORMANCE,VEHICLE_STATICS,packingsolver_upstream_box,PackingSolver upstream,box portfolio,SOURCE_INCOMPLETE,NOT_SUPPORTED,NOT_APPLICABLE,NOT_APPLICABLE,0,0,0,0,0,0,0,0,0,0,0,0,0,0,SOURCE_PENDING
B15,CG/axle/floor-load gauntlet,CONSTRAINT_CONFORMANCE,VEHICLE_STATICS,packingsolver_upstream_boxstacks,PackingSolver upstream,boxstacks portfolio,SOURCE_INCOMPLETE,PROJECTION_ONLY,COMPOSED,GEOMETRY_PROJECTION,3,0,3,3,0,3,1,0,2,1,0,0,0,2,PROTOCOL_V3_EXECUTED
B15,CG/axle/floor-load gauntlet,CONSTRAINT_CONFORMANCE,VEHICLE_STATICS,py3dbp,py3dbp,pivot greedy,SOURCE_INCOMPLETE,PROJECTION_ONLY,COMPOSED,GEOMETRY_PROJECTION,0,0,0,0,0,0,0,0,0,0,0,0,0,0,SOURCE_PENDING
B15,CG/axle/floor-load gauntlet,CONSTRAINT_CONFORMANCE,VEHICLE_STATICS,rust_brkga,u-nesting,BRKGA,SOURCE_INCOMPLETE,PROJECTION_ONLY,COMPOSED,GEOMETRY_PROJECTION,0,0,0,0,0,0,0,0,0,0,0,0,0,0,SOURCE_PENDING
B15,CG/axle/floor-load gauntlet,CONSTRAINT_CONFORMANCE,VEHICLE_STATICS,rust_extreme_point,u-nesting,ExtremePoint,SOURCE_INCOMPLETE,PROJECTION_ONLY,COMPOSED,GEOMETRY_PROJECTION,0,0,0,0,0,0,0,0,0,0,0,0,0,0,SOURCE_PENDING
B15,CG/axle/floor-load gauntlet,CONSTRAINT_CONFORMANCE,VEHICLE_STATICS,rust_ga,u-nesting,GA,SOURCE_INCOMPLETE,PROJECTION_ONLY,COMPOSED,GEOMETRY_PROJECTION,0,0,0,0,0,0,0,0,0,0,0,0,0,0,SOURCE_PENDING
B15,CG/axle/floor-load gauntlet,CONSTRAINT_CONFORMANCE,VEHICLE_STATICS,rust_layer,u-nesting,Layer/BottomLeftFill,SOURCE_INCOMPLETE,PROJECTION_ONLY,COMPOSED,GEOMETRY_PROJECTION,0,0,0,0,0,0,0,0,0,0,0,0,0,0,SOURCE_PENDING
B15,CG/axle/floor-load gauntlet,CONSTRAINT_CONFORMANCE,VEHICLE_STATICS,rust_sa,u-nesting,SA,SOURCE_INCOMPLETE,PROJECTION_ONLY,COMPOSED,GEOMETRY_PROJECTION,0,0,0,0,0,0,0,0,0,0,0,0,0,0,SOURCE_PENDING
B15,CG/axle/floor-load gauntlet,CONSTRAINT_CONFORMANCE,VEHICLE_STATICS,skjolber_fast_bruteforce,skjolber/3d-bin-container-packing,FastBruteForce,SOURCE_INCOMPLETE,PROJECTION_ONLY,COMPOSED,GEOMETRY_PROJECTION,0,0,0,0,0,0,0,0,0,0,0,0,0,0,SOURCE_PENDING
B15,CG/axle/floor-load gauntlet,CONSTRAINT_CONFORMANCE,VEHICLE_STATICS,skjolber_laff,skjolber/3d-bin-container-packing,LAFF,SOURCE_INCOMPLETE,PROJECTION_ONLY,COMPOSED,GEOMETRY_PROJECTION,0,0,0,0,0,0,0,0,0,0,0,0,0,0,SOURCE_PENDING
B15,CG/axle/floor-load gauntlet,CONSTRAINT_CONFORMANCE,VEHICLE_STATICS,skjolber_plain,skjolber/3d-bin-container-packing,Plain,SOURCE_INCOMPLETE,PROJECTION_ONLY,COMPOSED,GEOMETRY_PROJECTION,0,0,0,0,0,0,0,0,0,0,0,0,0,0,SOURCE_PENDING
B16,Obstacles/door/keepout,CONSTRAINT_CONFORMANCE,OBSTACLES_ACCESS,exact_cp_sat,OR-Tools,strengthened CP-SAT model,SOURCE_INCOMPLETE,ADAPTER_MISSING,EXACT_MODEL,FULL_PROBLEM,0,0,0,0,0,0,0,0,0,0,0,0,0,0,SOURCE_PENDING
B16,Obstacles/door/keepout,CONSTRAINT_CONFORMANCE,OBSTACLES_ACCESS,exact_cplex,CPLEX,strengthened MIP model,SOURCE_INCOMPLETE,ADAPTER_MISSING,EXACT_MODEL,FULL_PROBLEM,0,0,0,0,0,0,0,0,0,0,0,0,0,0,SOURCE_PENDING
B16,Obstacles/door/keepout,CONSTRAINT_CONFORMANCE,OBSTACLES_ACCESS,exact_gurobi,Gurobi,strengthened MIP model,SOURCE_INCOMPLETE,ADAPTER_MISSING,EXACT_MODEL,FULL_PROBLEM,0,0,0,0,0,0,0,0,0,0,0,0,0,0,SOURCE_PENDING
B16,Obstacles/door/keepout,CONSTRAINT_CONFORMANCE,OBSTACLES_ACCESS,exact_scip,SCIP/PySCIPOpt,strengthened MIP model,SOURCE_INCOMPLETE,ADAPTER_MISSING,EXACT_MODEL,FULL_PROBLEM,0,0,0,0,0,0,0,0,0,0,0,0,0,0,SOURCE_PENDING
B16,Obstacles/door/keepout,CONSTRAINT_CONFORMANCE,OBSTACLES_ACCESS,go_bp3d,gedex/bp3d,pivot greedy,SOURCE_INCOMPLETE,NOT_SUPPORTED,NOT_APPLICABLE,NOT_APPLICABLE,0,0,0,0,0,0,0,0,0,0,0,0,0,0,SOURCE_PENDING
B16,Obstacles/door/keepout,CONSTRAINT_CONFORMANCE,OBSTACLES_ACCESS,jerry,jerry800416/3D-bin-packing,pivot/fix-point greedy,SOURCE_INCOMPLETE,NOT_SUPPORTED,NOT_APPLICABLE,NOT_APPLICABLE,0,0,0,0,0,0,0,0,0,0,0,0,0,0,SOURCE_PENDING
B16,Obstacles/door/keepout,CONSTRAINT_CONFORMANCE,OBSTACLES_ACCESS,packingsolver_fork_box,PackingSolver fork,box portfolio,SOURCE_INCOMPLETE,NOT_SUPPORTED,NOT_APPLICABLE,NOT_APPLICABLE,0,0,0,0,0,0,0,0,0,0,0,0,0,0,SOURCE_PENDING
B16,Obstacles/door/keepout,CONSTRAINT_CONFORMANCE,OBSTACLES_ACCESS,packingsolver_fork_boxstacks,PackingSolver fork,boxstacks portfolio,SOURCE_INCOMPLETE,NOT_SUPPORTED,NOT_APPLICABLE,NOT_APPLICABLE,0,0,0,0,0,0,0,0,0,0,0,0,0,0,SOURCE_PENDING
B16,Obstacles/door/keepout,CONSTRAINT_CONFORMANCE,OBSTACLES_ACCESS,packingsolver_upstream_box,PackingSolver upstream,box portfolio,SOURCE_INCOMPLETE,NOT_SUPPORTED,NOT_APPLICABLE,NOT_APPLICABLE,0,0,0,0,0,0,0,0,0,0,0,0,0,0,SOURCE_PENDING
B16,Obstacles/door/keepout,CONSTRAINT_CONFORMANCE,OBSTACLES_ACCESS,packingsolver_upstream_boxstacks,PackingSolver upstream,boxstacks portfolio,SOURCE_INCOMPLETE,NOT_SUPPORTED,NOT_APPLICABLE,NOT_APPLICABLE,0,0,0,0,0,0,0,0,0,0,0,0,0,0,SOURCE_PENDING
B16,Obstacles/door/keepout,CONSTRAINT_CONFORMANCE,OBSTACLES_ACCESS,py3dbp,py3dbp,pivot greedy,SOURCE_INCOMPLETE,NOT_SUPPORTED,NOT_APPLICABLE,NOT_APPLICABLE,0,0,0,0,0,0,0,0,0,0,0,0,0,0,SOURCE_PENDING
B16,Obstacles/door/keepout,CONSTRAINT_CONFORMANCE,OBSTACLES_ACCESS,rust_brkga,u-nesting,BRKGA,SOURCE_INCOMPLETE,NOT_SUPPORTED,NOT_APPLICABLE,NOT_APPLICABLE,0,0,0,0,0,0,0,0,0,0,0,0,0,0,SOURCE_PENDING
B16,Obstacles/door/keepout,CONSTRAINT_CONFORMANCE,OBSTACLES_ACCESS,rust_extreme_point,u-nesting,ExtremePoint,SOURCE_INCOMPLETE,NOT_SUPPORTED,NOT_APPLICABLE,NOT_APPLICABLE,0,0,0,0,0,0,0,0,0,0,0,0,0,0,SOURCE_PENDING
B16,Obstacles/door/keepout,CONSTRAINT_CONFORMANCE,OBSTACLES_ACCESS,rust_ga,u-nesting,GA,SOURCE_INCOMPLETE,NOT_SUPPORTED,NOT_APPLICABLE,NOT_APPLICABLE,0,0,0,0,0,0,0,0,0,0,0,0,0,0,SOURCE_PENDING
B16,Obstacles/door/keepout,CONSTRAINT_CONFORMANCE,OBSTACLES_ACCESS,rust_layer,u-nesting,Layer/BottomLeftFill,SOURCE_INCOMPLETE,NOT_SUPPORTED,NOT_APPLICABLE,NOT_APPLICABLE,0,0,0,0,0,0,0,0,0,0,0,0,0,0,SOURCE_PENDING
B16,Obstacles/door/keepout,CONSTRAINT_CONFORMANCE,OBSTACLES_ACCESS,rust_sa,u-nesting,SA,SOURCE_INCOMPLETE,NOT_SUPPORTED,NOT_APPLICABLE,NOT_APPLICABLE,0,0,0,0,0,0,0,0,0,0,0,0,0,0,SOURCE_PENDING
B16,Obstacles/door/keepout,CONSTRAINT_CONFORMANCE,OBSTACLES_ACCESS,skjolber_fast_bruteforce,skjolber/3d-bin-container-packing,FastBruteForce,SOURCE_INCOMPLETE,PROJECTION_ONLY,COMPOSED,GEOMETRY_PROJECTION,0,0,0,0,0,0,0,0,0,0,0,0,0,0,SOURCE_PENDING
B16,Obstacles/door/keepout,CONSTRAINT_CONFORMANCE,OBSTACLES_ACCESS,skjolber_laff,skjolber/3d-bin-container-packing,LAFF,SOURCE_INCOMPLETE,PROJECTION_ONLY,COMPOSED,GEOMETRY_PROJECTION,0,0,0,0,0,0,0,0,0,0,0,0,0,0,SOURCE_PENDING
B16,Obstacles/door/keepout,CONSTRAINT_CONFORMANCE,OBSTACLES_ACCESS,skjolber_plain,skjolber/3d-bin-container-packing,Plain,SOURCE_INCOMPLETE,PROJECTION_ONLY,COMPOSED,GEOMETRY_PROJECTION,0,0,0,0,0,0,0,0,0,0,0,0,0,0,SOURCE_PENDING
B17,Multi-drop/unloading,CONSTRAINT_CONFORMANCE,MULTI_DROP,exact_cp_sat,OR-Tools,strengthened CP-SAT model,SOURCE_INCOMPLETE,ADAPTER_MISSING,EXACT_MODEL,FULL_PROBLEM,0,0,0,0,0,0,0,0,0,0,0,0,0,0,SOURCE_PENDING
B17,Multi-drop/unloading,CONSTRAINT_CONFORMANCE,MULTI_DROP,exact_cplex,CPLEX,strengthened MIP model,SOURCE_INCOMPLETE,ADAPTER_MISSING,EXACT_MODEL,FULL_PROBLEM,0,0,0,0,0,0,0,0,0,0,0,0,0,0,SOURCE_PENDING
B17,Multi-drop/unloading,CONSTRAINT_CONFORMANCE,MULTI_DROP,exact_gurobi,Gurobi,strengthened MIP model,SOURCE_INCOMPLETE,ADAPTER_MISSING,EXACT_MODEL,FULL_PROBLEM,0,0,0,0,0,0,0,0,0,0,0,0,0,0,SOURCE_PENDING
B17,Multi-drop/unloading,CONSTRAINT_CONFORMANCE,MULTI_DROP,exact_scip,SCIP/PySCIPOpt,strengthened MIP model,SOURCE_INCOMPLETE,ADAPTER_MISSING,EXACT_MODEL,FULL_PROBLEM,0,0,0,0,0,0,0,0,0,0,0,0,0,0,SOURCE_PENDING
B17,Multi-drop/unloading,CONSTRAINT_CONFORMANCE,MULTI_DROP,go_bp3d,gedex/bp3d,pivot greedy,SOURCE_INCOMPLETE,NOT_SUPPORTED,NOT_APPLICABLE,NOT_APPLICABLE,0,0,0,0,0,0,0,0,0,0,0,0,0,0,SOURCE_PENDING
B17,Multi-drop/unloading,CONSTRAINT_CONFORMANCE,MULTI_DROP,jerry,jerry800416/3D-bin-packing,pivot/fix-point greedy,SOURCE_INCOMPLETE,NOT_SUPPORTED,NOT_APPLICABLE,NOT_APPLICABLE,0,0,0,0,0,0,0,0,0,0,0,0,0,0,SOURCE_PENDING
B17,Multi-drop/unloading,CONSTRAINT_CONFORMANCE,MULTI_DROP,packingsolver_fork_box,PackingSolver fork,box portfolio,SOURCE_INCOMPLETE,NOT_SUPPORTED,NOT_APPLICABLE,NOT_APPLICABLE,0,0,0,0,0,0,0,0,0,0,0,0,0,0,SOURCE_PENDING
B17,Multi-drop/unloading,CONSTRAINT_CONFORMANCE,MULTI_DROP,packingsolver_fork_boxstacks,PackingSolver fork,boxstacks portfolio,SOURCE_INCOMPLETE,PROJECTION_ONLY,COMPOSED,GEOMETRY_PROJECTION,4,2,2,2,0,2,4,0,0,4,0,0,0,0,PROTOCOL_V3_WITH_LEGACY_BASELINE
B17,Multi-drop/unloading,CONSTRAINT_CONFORMANCE,MULTI_DROP,packingsolver_upstream_box,PackingSolver upstream,box portfolio,SOURCE_INCOMPLETE,NOT_SUPPORTED,NOT_APPLICABLE,NOT_APPLICABLE,0,0,0,0,0,0,0,0,0,0,0,0,0,0,SOURCE_PENDING
B17,Multi-drop/unloading,CONSTRAINT_CONFORMANCE,MULTI_DROP,packingsolver_upstream_boxstacks,PackingSolver upstream,boxstacks portfolio,SOURCE_INCOMPLETE,PROJECTION_ONLY,COMPOSED,GEOMETRY_PROJECTION,2,0,2,2,0,2,2,0,0,2,0,0,0,0,PROTOCOL_V3_EXECUTED
B17,Multi-drop/unloading,CONSTRAINT_CONFORMANCE,MULTI_DROP,py3dbp,py3dbp,pivot greedy,SOURCE_INCOMPLETE,NOT_SUPPORTED,NOT_APPLICABLE,NOT_APPLICABLE,0,0,0,0,0,0,0,0,0,0,0,0,0,0,SOURCE_PENDING
B17,Multi-drop/unloading,CONSTRAINT_CONFORMANCE,MULTI_DROP,rust_brkga,u-nesting,BRKGA,SOURCE_INCOMPLETE,NOT_SUPPORTED,NOT_APPLICABLE,NOT_APPLICABLE,0,0,0,0,0,0,0,0,0,0,0,0,0,0,SOURCE_PENDING
B17,Multi-drop/unloading,CONSTRAINT_CONFORMANCE,MULTI_DROP,rust_extreme_point,u-nesting,ExtremePoint,SOURCE_INCOMPLETE,NOT_SUPPORTED,NOT_APPLICABLE,NOT_APPLICABLE,0,0,0,0,0,0,0,0,0,0,0,0,0,0,SOURCE_PENDING
B17,Multi-drop/unloading,CONSTRAINT_CONFORMANCE,MULTI_DROP,rust_ga,u-nesting,GA,SOURCE_INCOMPLETE,NOT_SUPPORTED,NOT_APPLICABLE,NOT_APPLICABLE,0,0,0,0,0,0,0,0,0,0,0,0,0,0,SOURCE_PENDING
B17,Multi-drop/unloading,CONSTRAINT_CONFORMANCE,MULTI_DROP,rust_layer,u-nesting,Layer/BottomLeftFill,SOURCE_INCOMPLETE,NOT_SUPPORTED,NOT_APPLICABLE,NOT_APPLICABLE,0,0,0,0,0,0,0,0,0,0,0,0,0,0,SOURCE_PENDING
B17,Multi-drop/unloading,CONSTRAINT_CONFORMANCE,MULTI_DROP,rust_sa,u-nesting,SA,SOURCE_INCOMPLETE,NOT_SUPPORTED,NOT_APPLICABLE,NOT_APPLICABLE,0,0,0,0,0,0,0,0,0,0,0,0,0,0,SOURCE_PENDING
B17,Multi-drop/unloading,CONSTRAINT_CONFORMANCE,MULTI_DROP,skjolber_fast_bruteforce,skjolber/3d-bin-container-packing,FastBruteForce,SOURCE_INCOMPLETE,PROJECTION_ONLY,COMPOSED,GEOMETRY_PROJECTION,0,0,0,0,0,0,0,0,0,0,0,0,0,0,SOURCE_PENDING
B17,Multi-drop/unloading,CONSTRAINT_CONFORMANCE,MULTI_DROP,skjolber_laff,skjolber/3d-bin-container-packing,LAFF,SOURCE_INCOMPLETE,PROJECTION_ONLY,COMPOSED,GEOMETRY_PROJECTION,0,0,0,0,0,0,0,0,0,0,0,0,0,0,SOURCE_PENDING
B17,Multi-drop/unloading,CONSTRAINT_CONFORMANCE,MULTI_DROP,skjolber_plain,skjolber/3d-bin-container-packing,Plain,SOURCE_INCOMPLETE,PROJECTION_ONLY,COMPOSED,GEOMETRY_PROJECTION,0,0,0,0,0,0,0,0,0,0,0,0,0,0,SOURCE_PENDING
B18,Compatibility/segregation,CONSTRAINT_CONFORMANCE,COMPATIBILITY,exact_cp_sat,OR-Tools,strengthened CP-SAT model,SOURCE_INCOMPLETE,ADAPTER_MISSING,EXACT_MODEL,FULL_PROBLEM,0,0,0,0,0,0,0,0,0,0,0,0,0,0,SOURCE_PENDING
B18,Compatibility/segregation,CONSTRAINT_CONFORMANCE,COMPATIBILITY,exact_cplex,CPLEX,strengthened MIP model,SOURCE_INCOMPLETE,ADAPTER_MISSING,EXACT_MODEL,FULL_PROBLEM,0,0,0,0,0,0,0,0,0,0,0,0,0,0,SOURCE_PENDING
B18,Compatibility/segregation,CONSTRAINT_CONFORMANCE,COMPATIBILITY,exact_gurobi,Gurobi,strengthened MIP model,SOURCE_INCOMPLETE,ADAPTER_MISSING,EXACT_MODEL,FULL_PROBLEM,0,0,0,0,0,0,0,0,0,0,0,0,0,0,SOURCE_PENDING
B18,Compatibility/segregation,CONSTRAINT_CONFORMANCE,COMPATIBILITY,exact_scip,SCIP/PySCIPOpt,strengthened MIP model,SOURCE_INCOMPLETE,ADAPTER_MISSING,EXACT_MODEL,FULL_PROBLEM,0,0,0,0,0,0,0,0,0,0,0,0,0,0,SOURCE_PENDING
B18,Compatibility/segregation,CONSTRAINT_CONFORMANCE,COMPATIBILITY,go_bp3d,gedex/bp3d,pivot greedy,SOURCE_INCOMPLETE,ADAPTER_MISSING,NATIVE,FULL_PROBLEM,0,0,0,0,0,0,0,0,0,0,0,0,0,0,SOURCE_PENDING
B18,Compatibility/segregation,CONSTRAINT_CONFORMANCE,COMPATIBILITY,jerry,jerry800416/3D-bin-packing,pivot/fix-point greedy,SOURCE_INCOMPLETE,ADAPTER_MISSING,NATIVE,FULL_PROBLEM,0,0,0,0,0,0,0,0,0,0,0,0,0,0,SOURCE_PENDING
B18,Compatibility/segregation,CONSTRAINT_CONFORMANCE,COMPATIBILITY,packingsolver_fork_box,PackingSolver fork,box portfolio,SOURCE_INCOMPLETE,ADAPTER_MISSING,NATIVE,FULL_PROBLEM,0,0,0,0,0,0,0,0,0,0,0,0,0,0,SOURCE_PENDING
B18,Compatibility/segregation,CONSTRAINT_CONFORMANCE,COMPATIBILITY,packingsolver_fork_boxstacks,PackingSolver fork,boxstacks portfolio,SOURCE_INCOMPLETE,ADAPTER_MISSING,NATIVE,FULL_PROBLEM,0,0,0,0,0,0,0,0,0,0,0,0,0,0,SOURCE_PENDING
B18,Compatibility/segregation,CONSTRAINT_CONFORMANCE,COMPATIBILITY,packingsolver_upstream_box,PackingSolver upstream,box portfolio,SOURCE_INCOMPLETE,ADAPTER_MISSING,NATIVE,FULL_PROBLEM,0,0,0,0,0,0,0,0,0,0,0,0,0,0,SOURCE_PENDING
B18,Compatibility/segregation,CONSTRAINT_CONFORMANCE,COMPATIBILITY,packingsolver_upstream_boxstacks,PackingSolver upstream,boxstacks portfolio,SOURCE_INCOMPLETE,ADAPTER_MISSING,NATIVE,FULL_PROBLEM,0,0,0,0,0,0,0,0,0,0,0,0,0,0,SOURCE_PENDING
B18,Compatibility/segregation,CONSTRAINT_CONFORMANCE,COMPATIBILITY,py3dbp,py3dbp,pivot greedy,SOURCE_INCOMPLETE,ADAPTER_MISSING,NATIVE,FULL_PROBLEM,0,0,0,0,0,0,0,0,0,0,0,0,0,0,SOURCE_PENDING
B18,Compatibility/segregation,CONSTRAINT_CONFORMANCE,COMPATIBILITY,rust_brkga,u-nesting,BRKGA,SOURCE_INCOMPLETE,ADAPTER_MISSING,NATIVE,FULL_PROBLEM,0,0,0,0,0,0,0,0,0,0,0,0,0,0,SOURCE_PENDING
B18,Compatibility/segregation,CONSTRAINT_CONFORMANCE,COMPATIBILITY,rust_extreme_point,u-nesting,ExtremePoint,SOURCE_INCOMPLETE,ADAPTER_MISSING,NATIVE,FULL_PROBLEM,0,0,0,0,0,0,0,0,0,0,0,0,0,0,SOURCE_PENDING
B18,Compatibility/segregation,CONSTRAINT_CONFORMANCE,COMPATIBILITY,rust_ga,u-nesting,GA,SOURCE_INCOMPLETE,ADAPTER_MISSING,NATIVE,FULL_PROBLEM,0,0,0,0,0,0,0,0,0,0,0,0,0,0,SOURCE_PENDING
B18,Compatibility/segregation,CONSTRAINT_CONFORMANCE,COMPATIBILITY,rust_layer,u-nesting,Layer/BottomLeftFill,SOURCE_INCOMPLETE,ADAPTER_MISSING,NATIVE,FULL_PROBLEM,0,0,0,0,0,0,0,0,0,0,0,0,0,0,SOURCE_PENDING
B18,Compatibility/segregation,CONSTRAINT_CONFORMANCE,COMPATIBILITY,rust_sa,u-nesting,SA,SOURCE_INCOMPLETE,ADAPTER_MISSING,NATIVE,FULL_PROBLEM,0,0,0,0,0,0,0,0,0,0,0,0,0,0,SOURCE_PENDING
B18,Compatibility/segregation,CONSTRAINT_CONFORMANCE,COMPATIBILITY,skjolber_fast_bruteforce,skjolber/3d-bin-container-packing,FastBruteForce,SOURCE_INCOMPLETE,ADAPTER_MISSING,NATIVE,FULL_PROBLEM,0,0,0,0,0,0,0,0,0,0,0,0,0,0,SOURCE_PENDING
B18,Compatibility/segregation,CONSTRAINT_CONFORMANCE,COMPATIBILITY,skjolber_laff,skjolber/3d-bin-container-packing,LAFF,SOURCE_INCOMPLETE,ADAPTER_MISSING,NATIVE,FULL_PROBLEM,0,0,0,0,0,0,0,0,0,0,0,0,0,0,SOURCE_PENDING
B18,Compatibility/segregation,CONSTRAINT_CONFORMANCE,COMPATIBILITY,skjolber_plain,skjolber/3d-bin-container-packing,Plain,SOURCE_INCOMPLETE,ADAPTER_MISSING,NATIVE,FULL_PROBLEM,0,0,0,0,0,0,0,0,0,0,0,0,0,0,SOURCE_PENDING
B19,Alonso 2019,INDUSTRIAL,MULTI_CONTAINER_INDUSTRIAL,exact_cp_sat,OR-Tools,strengthened CP-SAT model,VALID,ADAPTER_MISSING,EXACT_MODEL,FULL_PROBLEM,0,0,0,0,0,0,0,0,0,0,0,0,0,0,ADAPTER_MISSING
B19,Alonso 2019,INDUSTRIAL,MULTI_CONTAINER_INDUSTRIAL,exact_cplex,CPLEX,strengthened MIP model,VALID,ADAPTER_MISSING,EXACT_MODEL,FULL_PROBLEM,0,0,0,0,0,0,0,0,0,0,0,0,0,0,ADAPTER_MISSING
B19,Alonso 2019,INDUSTRIAL,MULTI_CONTAINER_INDUSTRIAL,exact_gurobi,Gurobi,strengthened MIP model,VALID,ADAPTER_MISSING,EXACT_MODEL,FULL_PROBLEM,0,0,0,0,0,0,0,0,0,0,0,0,0,0,ADAPTER_MISSING
B19,Alonso 2019,INDUSTRIAL,MULTI_CONTAINER_INDUSTRIAL,exact_scip,SCIP/PySCIPOpt,strengthened MIP model,VALID,ADAPTER_MISSING,EXACT_MODEL,FULL_PROBLEM,0,0,0,0,0,0,0,0,0,0,0,0,0,0,ADAPTER_MISSING
B19,Alonso 2019,INDUSTRIAL,MULTI_CONTAINER_INDUSTRIAL,go_bp3d,gedex/bp3d,pivot greedy,VALID,PROJECTION_ONLY,COMPOSED,GEOMETRY_PROJECTION,0,0,0,0,0,0,0,0,0,0,0,0,0,0,PLANNED
B19,Alonso 2019,INDUSTRIAL,MULTI_CONTAINER_INDUSTRIAL,jerry,jerry800416/3D-bin-packing,pivot/fix-point greedy,VALID,PROJECTION_ONLY,COMPOSED,GEOMETRY_PROJECTION,0,0,0,0,0,0,0,0,0,0,0,0,0,0,PLANNED
B19,Alonso 2019,INDUSTRIAL,MULTI_CONTAINER_INDUSTRIAL,packingsolver_fork_box,PackingSolver fork,box portfolio,VALID,PROJECTION_ONLY,COMPOSED,GEOMETRY_PROJECTION,0,0,0,0,0,0,0,0,0,0,0,0,0,0,PLANNED
B19,Alonso 2019,INDUSTRIAL,MULTI_CONTAINER_INDUSTRIAL,packingsolver_fork_boxstacks,PackingSolver fork,boxstacks portfolio,VALID,PROJECTION_ONLY,COMPOSED,GEOMETRY_PROJECTION,0,0,0,0,0,0,0,0,0,0,0,0,0,0,PLANNED
B19,Alonso 2019,INDUSTRIAL,MULTI_CONTAINER_INDUSTRIAL,packingsolver_upstream_box,PackingSolver upstream,box portfolio,VALID,PROJECTION_ONLY,COMPOSED,GEOMETRY_PROJECTION,0,0,0,0,0,0,0,0,0,0,0,0,0,0,PLANNED
B19,Alonso 2019,INDUSTRIAL,MULTI_CONTAINER_INDUSTRIAL,packingsolver_upstream_boxstacks,PackingSolver upstream,boxstacks portfolio,VALID,PROJECTION_ONLY,COMPOSED,GEOMETRY_PROJECTION,0,0,0,0,0,0,0,0,0,0,0,0,0,0,PLANNED
B19,Alonso 2019,INDUSTRIAL,MULTI_CONTAINER_INDUSTRIAL,py3dbp,py3dbp,pivot greedy,VALID,PROJECTION_ONLY,COMPOSED,GEOMETRY_PROJECTION,0,0,0,0,0,0,0,0,0,0,0,0,0,0,PLANNED
B19,Alonso 2019,INDUSTRIAL,MULTI_CONTAINER_INDUSTRIAL,rust_brkga,u-nesting,BRKGA,VALID,PROJECTION_ONLY,COMPOSED,GEOMETRY_PROJECTION,0,0,0,0,0,0,0,0,0,0,0,0,0,0,PLANNED
B19,Alonso 2019,INDUSTRIAL,MULTI_CONTAINER_INDUSTRIAL,rust_extreme_point,u-nesting,ExtremePoint,VALID,PROJECTION_ONLY,COMPOSED,GEOMETRY_PROJECTION,0,0,0,0,0,0,0,0,0,0,0,0,0,0,PLANNED
B19,Alonso 2019,INDUSTRIAL,MULTI_CONTAINER_INDUSTRIAL,rust_ga,u-nesting,GA,VALID,PROJECTION_ONLY,COMPOSED,GEOMETRY_PROJECTION,0,0,0,0,0,0,0,0,0,0,0,0,0,0,PLANNED
B19,Alonso 2019,INDUSTRIAL,MULTI_CONTAINER_INDUSTRIAL,rust_layer,u-nesting,Layer/BottomLeftFill,VALID,PROJECTION_ONLY,COMPOSED,GEOMETRY_PROJECTION,0,0,0,0,0,0,0,0,0,0,0,0,0,0,PLANNED
B19,Alonso 2019,INDUSTRIAL,MULTI_CONTAINER_INDUSTRIAL,rust_sa,u-nesting,SA,VALID,PROJECTION_ONLY,COMPOSED,GEOMETRY_PROJECTION,0,0,0,0,0,0,0,0,0,0,0,0,0,0,PLANNED
B19,Alonso 2019,INDUSTRIAL,MULTI_CONTAINER_INDUSTRIAL,skjolber_fast_bruteforce,skjolber/3d-bin-container-packing,FastBruteForce,VALID,PROJECTION_ONLY,COMPOSED,GEOMETRY_PROJECTION,0,0,0,0,0,0,0,0,0,0,0,0,0,0,PLANNED
B19,Alonso 2019,INDUSTRIAL,MULTI_CONTAINER_INDUSTRIAL,skjolber_laff,skjolber/3d-bin-container-packing,LAFF,VALID,PROJECTION_ONLY,COMPOSED,GEOMETRY_PROJECTION,0,0,0,0,0,0,0,0,0,0,0,0,0,0,PLANNED
B19,Alonso 2019,INDUSTRIAL,MULTI_CONTAINER_INDUSTRIAL,skjolber_plain,skjolber/3d-bin-container-packing,Plain,VALID,PROJECTION_ONLY,COMPOSED,GEOMETRY_PROJECTION,0,0,0,0,0,0,0,0,0,0,0,0,0,0,PLANNED
B20,Alonso 2020,INDUSTRIAL,MULTI_PERIOD_PALLET,exact_cp_sat,OR-Tools,strengthened CP-SAT model,VALID,ADAPTER_MISSING,EXACT_MODEL,FULL_PROBLEM,0,0,0,0,0,0,0,0,0,0,0,0,0,0,ADAPTER_MISSING
B20,Alonso 2020,INDUSTRIAL,MULTI_PERIOD_PALLET,exact_cplex,CPLEX,strengthened MIP model,VALID,ADAPTER_MISSING,EXACT_MODEL,FULL_PROBLEM,0,0,0,0,0,0,0,0,0,0,0,0,0,0,ADAPTER_MISSING
B20,Alonso 2020,INDUSTRIAL,MULTI_PERIOD_PALLET,exact_gurobi,Gurobi,strengthened MIP model,VALID,ADAPTER_MISSING,EXACT_MODEL,FULL_PROBLEM,0,0,0,0,0,0,0,0,0,0,0,0,0,0,ADAPTER_MISSING
B20,Alonso 2020,INDUSTRIAL,MULTI_PERIOD_PALLET,exact_scip,SCIP/PySCIPOpt,strengthened MIP model,VALID,ADAPTER_MISSING,EXACT_MODEL,FULL_PROBLEM,0,0,0,0,0,0,0,0,0,0,0,0,0,0,ADAPTER_MISSING
B20,Alonso 2020,INDUSTRIAL,MULTI_PERIOD_PALLET,go_bp3d,gedex/bp3d,pivot greedy,VALID,PROJECTION_ONLY,COMPOSED,GEOMETRY_PROJECTION,0,0,0,0,0,0,0,0,0,0,0,0,0,0,PLANNED
B20,Alonso 2020,INDUSTRIAL,MULTI_PERIOD_PALLET,jerry,jerry800416/3D-bin-packing,pivot/fix-point greedy,VALID,PROJECTION_ONLY,COMPOSED,GEOMETRY_PROJECTION,0,0,0,0,0,0,0,0,0,0,0,0,0,0,PLANNED
B20,Alonso 2020,INDUSTRIAL,MULTI_PERIOD_PALLET,packingsolver_fork_box,PackingSolver fork,box portfolio,VALID,PROJECTION_ONLY,COMPOSED,GEOMETRY_PROJECTION,0,0,0,0,0,0,0,0,0,0,0,0,0,0,PLANNED
B20,Alonso 2020,INDUSTRIAL,MULTI_PERIOD_PALLET,packingsolver_fork_boxstacks,PackingSolver fork,boxstacks portfolio,VALID,PROJECTION_ONLY,COMPOSED,GEOMETRY_PROJECTION,0,0,0,0,0,0,0,0,0,0,0,0,0,0,PLANNED
B20,Alonso 2020,INDUSTRIAL,MULTI_PERIOD_PALLET,packingsolver_upstream_box,PackingSolver upstream,box portfolio,VALID,PROJECTION_ONLY,COMPOSED,GEOMETRY_PROJECTION,0,0,0,0,0,0,0,0,0,0,0,0,0,0,PLANNED
B20,Alonso 2020,INDUSTRIAL,MULTI_PERIOD_PALLET,packingsolver_upstream_boxstacks,PackingSolver upstream,boxstacks portfolio,VALID,PROJECTION_ONLY,COMPOSED,GEOMETRY_PROJECTION,0,0,0,0,0,0,0,0,0,0,0,0,0,0,PLANNED
B20,Alonso 2020,INDUSTRIAL,MULTI_PERIOD_PALLET,py3dbp,py3dbp,pivot greedy,VALID,PROJECTION_ONLY,COMPOSED,GEOMETRY_PROJECTION,0,0,0,0,0,0,0,0,0,0,0,0,0,0,PLANNED
B20,Alonso 2020,INDUSTRIAL,MULTI_PERIOD_PALLET,rust_brkga,u-nesting,BRKGA,VALID,PROJECTION_ONLY,COMPOSED,GEOMETRY_PROJECTION,0,0,0,0,0,0,0,0,0,0,0,0,0,0,PLANNED
B20,Alonso 2020,INDUSTRIAL,MULTI_PERIOD_PALLET,rust_extreme_point,u-nesting,ExtremePoint,VALID,PROJECTION_ONLY,COMPOSED,GEOMETRY_PROJECTION,0,0,0,0,0,0,0,0,0,0,0,0,0,0,PLANNED
B20,Alonso 2020,INDUSTRIAL,MULTI_PERIOD_PALLET,rust_ga,u-nesting,GA,VALID,PROJECTION_ONLY,COMPOSED,GEOMETRY_PROJECTION,0,0,0,0,0,0,0,0,0,0,0,0,0,0,PLANNED
B20,Alonso 2020,INDUSTRIAL,MULTI_PERIOD_PALLET,rust_layer,u-nesting,Layer/BottomLeftFill,VALID,PROJECTION_ONLY,COMPOSED,GEOMETRY_PROJECTION,0,0,0,0,0,0,0,0,0,0,0,0,0,0,PLANNED
B20,Alonso 2020,INDUSTRIAL,MULTI_PERIOD_PALLET,rust_sa,u-nesting,SA,VALID,PROJECTION_ONLY,COMPOSED,GEOMETRY_PROJECTION,0,0,0,0,0,0,0,0,0,0,0,0,0,0,PLANNED
B20,Alonso 2020,INDUSTRIAL,MULTI_PERIOD_PALLET,skjolber_fast_bruteforce,skjolber/3d-bin-container-packing,FastBruteForce,VALID,PROJECTION_ONLY,COMPOSED,GEOMETRY_PROJECTION,0,0,0,0,0,0,0,0,0,0,0,0,0,0,PLANNED
B20,Alonso 2020,INDUSTRIAL,MULTI_PERIOD_PALLET,skjolber_laff,skjolber/3d-bin-container-packing,LAFF,VALID,PROJECTION_ONLY,COMPOSED,GEOMETRY_PROJECTION,0,0,0,0,0,0,0,0,0,0,0,0,0,0,PLANNED
B20,Alonso 2020,INDUSTRIAL,MULTI_PERIOD_PALLET,skjolber_plain,skjolber/3d-bin-container-packing,Plain,VALID,PROJECTION_ONLY,COMPOSED,GEOMETRY_PROJECTION,0,0,0,0,0,0,0,0,0,0,0,0,0,0,PLANNED
B21,ESICUP VRPTW-CLP,INDUSTRIAL,ROUTING_LOADING,exact_cp_sat,OR-Tools,strengthened CP-SAT model,VALID,ADAPTER_MISSING,EXACT_MODEL,FULL_PROBLEM,0,0,0,0,0,0,0,0,0,0,0,0,0,0,ADAPTER_MISSING
B21,ESICUP VRPTW-CLP,INDUSTRIAL,ROUTING_LOADING,exact_cplex,CPLEX,strengthened MIP model,VALID,ADAPTER_MISSING,EXACT_MODEL,FULL_PROBLEM,0,0,0,0,0,0,0,0,0,0,0,0,0,0,ADAPTER_MISSING
B21,ESICUP VRPTW-CLP,INDUSTRIAL,ROUTING_LOADING,exact_gurobi,Gurobi,strengthened MIP model,VALID,ADAPTER_MISSING,EXACT_MODEL,FULL_PROBLEM,0,0,0,0,0,0,0,0,0,0,0,0,0,0,ADAPTER_MISSING
B21,ESICUP VRPTW-CLP,INDUSTRIAL,ROUTING_LOADING,exact_scip,SCIP/PySCIPOpt,strengthened MIP model,VALID,ADAPTER_MISSING,EXACT_MODEL,FULL_PROBLEM,0,0,0,0,0,0,0,0,0,0,0,0,0,0,ADAPTER_MISSING
B21,ESICUP VRPTW-CLP,INDUSTRIAL,ROUTING_LOADING,go_bp3d,gedex/bp3d,pivot greedy,VALID,PROJECTION_ONLY,COMPOSED,GEOMETRY_PROJECTION,0,0,0,0,0,0,0,0,0,0,0,0,0,0,PLANNED
B21,ESICUP VRPTW-CLP,INDUSTRIAL,ROUTING_LOADING,jerry,jerry800416/3D-bin-packing,pivot/fix-point greedy,VALID,PROJECTION_ONLY,COMPOSED,GEOMETRY_PROJECTION,0,0,0,0,0,0,0,0,0,0,0,0,0,0,PLANNED
B21,ESICUP VRPTW-CLP,INDUSTRIAL,ROUTING_LOADING,packingsolver_fork_box,PackingSolver fork,box portfolio,VALID,ADAPTER_MISSING,NATIVE,FULL_PROBLEM,0,0,0,0,0,0,0,0,0,0,0,0,0,0,ADAPTER_MISSING
B21,ESICUP VRPTW-CLP,INDUSTRIAL,ROUTING_LOADING,packingsolver_fork_boxstacks,PackingSolver fork,boxstacks portfolio,VALID,ADAPTER_MISSING,NATIVE,FULL_PROBLEM,0,0,0,0,0,0,0,0,0,0,0,0,0,0,ADAPTER_MISSING
B21,ESICUP VRPTW-CLP,INDUSTRIAL,ROUTING_LOADING,packingsolver_upstream_box,PackingSolver upstream,box portfolio,VALID,ADAPTER_MISSING,NATIVE,FULL_PROBLEM,0,0,0,0,0,0,0,0,0,0,0,0,0,0,ADAPTER_MISSING
B21,ESICUP VRPTW-CLP,INDUSTRIAL,ROUTING_LOADING,packingsolver_upstream_boxstacks,PackingSolver upstream,boxstacks portfolio,VALID,ADAPTER_MISSING,NATIVE,FULL_PROBLEM,0,0,0,0,0,0,0,0,0,0,0,0,0,0,ADAPTER_MISSING
B21,ESICUP VRPTW-CLP,INDUSTRIAL,ROUTING_LOADING,py3dbp,py3dbp,pivot greedy,VALID,PROJECTION_ONLY,COMPOSED,GEOMETRY_PROJECTION,0,0,0,0,0,0,0,0,0,0,0,0,0,0,PLANNED
B21,ESICUP VRPTW-CLP,INDUSTRIAL,ROUTING_LOADING,rust_brkga,u-nesting,BRKGA,VALID,PROJECTION_ONLY,COMPOSED,GEOMETRY_PROJECTION,0,0,0,0,0,0,0,0,0,0,0,0,0,0,PLANNED
B21,ESICUP VRPTW-CLP,INDUSTRIAL,ROUTING_LOADING,rust_extreme_point,u-nesting,ExtremePoint,VALID,PROJECTION_ONLY,COMPOSED,GEOMETRY_PROJECTION,0,0,0,0,0,0,0,0,0,0,0,0,0,0,PLANNED
B21,ESICUP VRPTW-CLP,INDUSTRIAL,ROUTING_LOADING,rust_ga,u-nesting,GA,VALID,PROJECTION_ONLY,COMPOSED,GEOMETRY_PROJECTION,0,0,0,0,0,0,0,0,0,0,0,0,0,0,PLANNED
B21,ESICUP VRPTW-CLP,INDUSTRIAL,ROUTING_LOADING,rust_layer,u-nesting,Layer/BottomLeftFill,VALID,PROJECTION_ONLY,COMPOSED,GEOMETRY_PROJECTION,0,0,0,0,0,0,0,0,0,0,0,0,0,0,PLANNED
B21,ESICUP VRPTW-CLP,INDUSTRIAL,ROUTING_LOADING,rust_sa,u-nesting,SA,VALID,PROJECTION_ONLY,COMPOSED,GEOMETRY_PROJECTION,0,0,0,0,0,0,0,0,0,0,0,0,0,0,PLANNED
B21,ESICUP VRPTW-CLP,INDUSTRIAL,ROUTING_LOADING,skjolber_fast_bruteforce,skjolber/3d-bin-container-packing,FastBruteForce,VALID,ADAPTER_MISSING,NATIVE,FULL_PROBLEM,0,0,0,0,0,0,0,0,0,0,0,0,0,0,ADAPTER_MISSING
B21,ESICUP VRPTW-CLP,INDUSTRIAL,ROUTING_LOADING,skjolber_laff,skjolber/3d-bin-container-packing,LAFF,VALID,ADAPTER_MISSING,NATIVE,FULL_PROBLEM,0,0,0,0,0,0,0,0,0,0,0,0,0,0,ADAPTER_MISSING
B21,ESICUP VRPTW-CLP,INDUSTRIAL,ROUTING_LOADING,skjolber_plain,skjolber/3d-bin-container-packing,Plain,VALID,ADAPTER_MISSING,NATIVE,FULL_PROBLEM,0,0,0,0,0,0,0,0,0,0,0,0,0,0,ADAPTER_MISSING
B22,ESICUP 3D irregular,INDUSTRIAL,IRREGULAR_3D,exact_cp_sat,OR-Tools,strengthened CP-SAT model,VALID,NOT_SUPPORTED,NOT_APPLICABLE,NOT_APPLICABLE,0,0,0,0,0,0,0,0,0,0,0,0,0,0,NOT_SUPPORTED
B22,ESICUP 3D irregular,INDUSTRIAL,IRREGULAR_3D,exact_cplex,CPLEX,strengthened MIP model,VALID,NOT_SUPPORTED,NOT_APPLICABLE,NOT_APPLICABLE,0,0,0,0,0,0,0,0,0,0,0,0,0,0,NOT_SUPPORTED
B22,ESICUP 3D irregular,INDUSTRIAL,IRREGULAR_3D,exact_gurobi,Gurobi,strengthened MIP model,VALID,NOT_SUPPORTED,NOT_APPLICABLE,NOT_APPLICABLE,0,0,0,0,0,0,0,0,0,0,0,0,0,0,NOT_SUPPORTED
B22,ESICUP 3D irregular,INDUSTRIAL,IRREGULAR_3D,exact_scip,SCIP/PySCIPOpt,strengthened MIP model,VALID,NOT_SUPPORTED,NOT_APPLICABLE,NOT_APPLICABLE,0,0,0,0,0,0,0,0,0,0,0,0,0,0,NOT_SUPPORTED
B22,ESICUP 3D irregular,INDUSTRIAL,IRREGULAR_3D,go_bp3d,gedex/bp3d,pivot greedy,VALID,NOT_SUPPORTED,NOT_APPLICABLE,NOT_APPLICABLE,0,0,0,0,0,0,0,0,0,0,0,0,0,0,NOT_SUPPORTED
B22,ESICUP 3D irregular,INDUSTRIAL,IRREGULAR_3D,jerry,jerry800416/3D-bin-packing,pivot/fix-point greedy,VALID,NOT_SUPPORTED,NOT_APPLICABLE,NOT_APPLICABLE,0,0,0,0,0,0,0,0,0,0,0,0,0,0,NOT_SUPPORTED
B22,ESICUP 3D irregular,INDUSTRIAL,IRREGULAR_3D,packingsolver_fork_box,PackingSolver fork,box portfolio,VALID,NOT_SUPPORTED,NOT_APPLICABLE,NOT_APPLICABLE,0,0,0,0,0,0,0,0,0,0,0,0,0,0,NOT_SUPPORTED
B22,ESICUP 3D irregular,INDUSTRIAL,IRREGULAR_3D,packingsolver_fork_boxstacks,PackingSolver fork,boxstacks portfolio,VALID,NOT_SUPPORTED,NOT_APPLICABLE,NOT_APPLICABLE,0,0,0,0,0,0,0,0,0,0,0,0,0,0,NOT_SUPPORTED
B22,ESICUP 3D irregular,INDUSTRIAL,IRREGULAR_3D,packingsolver_upstream_box,PackingSolver upstream,box portfolio,VALID,NOT_SUPPORTED,NOT_APPLICABLE,NOT_APPLICABLE,0,0,0,0,0,0,0,0,0,0,0,0,0,0,NOT_SUPPORTED
B22,ESICUP 3D irregular,INDUSTRIAL,IRREGULAR_3D,packingsolver_upstream_boxstacks,PackingSolver upstream,boxstacks portfolio,VALID,NOT_SUPPORTED,NOT_APPLICABLE,NOT_APPLICABLE,0,0,0,0,0,0,0,0,0,0,0,0,0,0,NOT_SUPPORTED
B22,ESICUP 3D irregular,INDUSTRIAL,IRREGULAR_3D,py3dbp,py3dbp,pivot greedy,VALID,NOT_SUPPORTED,NOT_APPLICABLE,NOT_APPLICABLE,0,0,0,0,0,0,0,0,0,0,0,0,0,0,NOT_SUPPORTED
B22,ESICUP 3D irregular,INDUSTRIAL,IRREGULAR_3D,rust_brkga,u-nesting,BRKGA,VALID,NOT_SUPPORTED,NOT_APPLICABLE,NOT_APPLICABLE,0,0,0,0,0,0,0,0,0,0,0,0,0,0,NOT_SUPPORTED
B22,ESICUP 3D irregular,INDUSTRIAL,IRREGULAR_3D,rust_extreme_point,u-nesting,ExtremePoint,VALID,NOT_SUPPORTED,NOT_APPLICABLE,NOT_APPLICABLE,0,0,0,0,0,0,0,0,0,0,0,0,0,0,NOT_SUPPORTED
B22,ESICUP 3D irregular,INDUSTRIAL,IRREGULAR_3D,rust_ga,u-nesting,GA,VALID,NOT_SUPPORTED,NOT_APPLICABLE,NOT_APPLICABLE,0,0,0,0,0,0,0,0,0,0,0,0,0,0,NOT_SUPPORTED
B22,ESICUP 3D irregular,INDUSTRIAL,IRREGULAR_3D,rust_layer,u-nesting,Layer/BottomLeftFill,VALID,NOT_SUPPORTED,NOT_APPLICABLE,NOT_APPLICABLE,0,0,0,0,0,0,0,0,0,0,0,0,0,0,NOT_SUPPORTED
B22,ESICUP 3D irregular,INDUSTRIAL,IRREGULAR_3D,rust_sa,u-nesting,SA,VALID,NOT_SUPPORTED,NOT_APPLICABLE,NOT_APPLICABLE,0,0,0,0,0,0,0,0,0,0,0,0,0,0,NOT_SUPPORTED
B22,ESICUP 3D irregular,INDUSTRIAL,IRREGULAR_3D,skjolber_fast_bruteforce,skjolber/3d-bin-container-packing,FastBruteForce,VALID,NOT_SUPPORTED,NOT_APPLICABLE,NOT_APPLICABLE,0,0,0,0,0,0,0,0,0,0,0,0,0,0,NOT_SUPPORTED
B22,ESICUP 3D irregular,INDUSTRIAL,IRREGULAR_3D,skjolber_laff,skjolber/3d-bin-container-packing,LAFF,VALID,NOT_SUPPORTED,NOT_APPLICABLE,NOT_APPLICABLE,0,0,0,0,0,0,0,0,0,0,0,0,0,0,NOT_SUPPORTED
B22,ESICUP 3D irregular,INDUSTRIAL,IRREGULAR_3D,skjolber_plain,skjolber/3d-bin-container-packing,Plain,VALID,NOT_SUPPORTED,NOT_APPLICABLE,NOT_APPLICABLE,0,0,0,0,0,0,0,0,0,0,0,0,0,0,NOT_SUPPORTED
B23,De-identified real orders,INDUSTRIAL,REAL_ORDER_SHIFT,exact_cp_sat,OR-Tools,strengthened CP-SAT model,SOURCE_INCOMPLETE,ADAPTER_MISSING,EXACT_MODEL,FULL_PROBLEM,0,0,0,0,0,0,0,0,0,0,0,0,0,0,SOURCE_PENDING
B23,De-identified real orders,INDUSTRIAL,REAL_ORDER_SHIFT,exact_cplex,CPLEX,strengthened MIP model,SOURCE_INCOMPLETE,ADAPTER_MISSING,EXACT_MODEL,FULL_PROBLEM,0,0,0,0,0,0,0,0,0,0,0,0,0,0,SOURCE_PENDING
B23,De-identified real orders,INDUSTRIAL,REAL_ORDER_SHIFT,exact_gurobi,Gurobi,strengthened MIP model,SOURCE_INCOMPLETE,ADAPTER_MISSING,EXACT_MODEL,FULL_PROBLEM,0,0,0,0,0,0,0,0,0,0,0,0,0,0,SOURCE_PENDING
B23,De-identified real orders,INDUSTRIAL,REAL_ORDER_SHIFT,exact_scip,SCIP/PySCIPOpt,strengthened MIP model,SOURCE_INCOMPLETE,ADAPTER_MISSING,EXACT_MODEL,FULL_PROBLEM,0,0,0,0,0,0,0,0,0,0,0,0,0,0,SOURCE_PENDING
B23,De-identified real orders,INDUSTRIAL,REAL_ORDER_SHIFT,go_bp3d,gedex/bp3d,pivot greedy,SOURCE_INCOMPLETE,ADAPTER_MISSING,NATIVE,FULL_PROBLEM,0,0,0,0,0,0,0,0,0,0,0,0,0,0,SOURCE_PENDING
B23,De-identified real orders,INDUSTRIAL,REAL_ORDER_SHIFT,jerry,jerry800416/3D-bin-packing,pivot/fix-point greedy,SOURCE_INCOMPLETE,ADAPTER_MISSING,NATIVE,FULL_PROBLEM,0,0,0,0,0,0,0,0,0,0,0,0,0,0,SOURCE_PENDING
B23,De-identified real orders,INDUSTRIAL,REAL_ORDER_SHIFT,packingsolver_fork_box,PackingSolver fork,box portfolio,SOURCE_INCOMPLETE,ADAPTER_MISSING,NATIVE,FULL_PROBLEM,0,0,0,0,0,0,0,0,0,0,0,0,0,0,SOURCE_PENDING
B23,De-identified real orders,INDUSTRIAL,REAL_ORDER_SHIFT,packingsolver_fork_boxstacks,PackingSolver fork,boxstacks portfolio,SOURCE_INCOMPLETE,ADAPTER_MISSING,NATIVE,FULL_PROBLEM,0,0,0,0,0,0,0,0,0,0,0,0,0,0,SOURCE_PENDING
B23,De-identified real orders,INDUSTRIAL,REAL_ORDER_SHIFT,packingsolver_upstream_box,PackingSolver upstream,box portfolio,SOURCE_INCOMPLETE,ADAPTER_MISSING,NATIVE,FULL_PROBLEM,0,0,0,0,0,0,0,0,0,0,0,0,0,0,SOURCE_PENDING
B23,De-identified real orders,INDUSTRIAL,REAL_ORDER_SHIFT,packingsolver_upstream_boxstacks,PackingSolver upstream,boxstacks portfolio,SOURCE_INCOMPLETE,ADAPTER_MISSING,NATIVE,FULL_PROBLEM,0,0,0,0,0,0,0,0,0,0,0,0,0,0,SOURCE_PENDING
B23,De-identified real orders,INDUSTRIAL,REAL_ORDER_SHIFT,py3dbp,py3dbp,pivot greedy,SOURCE_INCOMPLETE,ADAPTER_MISSING,NATIVE,FULL_PROBLEM,0,0,0,0,0,0,0,0,0,0,0,0,0,0,SOURCE_PENDING
B23,De-identified real orders,INDUSTRIAL,REAL_ORDER_SHIFT,rust_brkga,u-nesting,BRKGA,SOURCE_INCOMPLETE,ADAPTER_MISSING,NATIVE,FULL_PROBLEM,0,0,0,0,0,0,0,0,0,0,0,0,0,0,SOURCE_PENDING
B23,De-identified real orders,INDUSTRIAL,REAL_ORDER_SHIFT,rust_extreme_point,u-nesting,ExtremePoint,SOURCE_INCOMPLETE,ADAPTER_MISSING,NATIVE,FULL_PROBLEM,0,0,0,0,0,0,0,0,0,0,0,0,0,0,SOURCE_PENDING
B23,De-identified real orders,INDUSTRIAL,REAL_ORDER_SHIFT,rust_ga,u-nesting,GA,SOURCE_INCOMPLETE,ADAPTER_MISSING,NATIVE,FULL_PROBLEM,0,0,0,0,0,0,0,0,0,0,0,0,0,0,SOURCE_PENDING
B23,De-identified real orders,INDUSTRIAL,REAL_ORDER_SHIFT,rust_layer,u-nesting,Layer/BottomLeftFill,SOURCE_INCOMPLETE,ADAPTER_MISSING,NATIVE,FULL_PROBLEM,0,0,0,0,0,0,0,0,0,0,0,0,0,0,SOURCE_PENDING
B23,De-identified real orders,INDUSTRIAL,REAL_ORDER_SHIFT,rust_sa,u-nesting,SA,SOURCE_INCOMPLETE,ADAPTER_MISSING,NATIVE,FULL_PROBLEM,0,0,0,0,0,0,0,0,0,0,0,0,0,0,SOURCE_PENDING
B23,De-identified real orders,INDUSTRIAL,REAL_ORDER_SHIFT,skjolber_fast_bruteforce,skjolber/3d-bin-container-packing,FastBruteForce,SOURCE_INCOMPLETE,ADAPTER_MISSING,NATIVE,FULL_PROBLEM,0,0,0,0,0,0,0,0,0,0,0,0,0,0,SOURCE_PENDING
B23,De-identified real orders,INDUSTRIAL,REAL_ORDER_SHIFT,skjolber_laff,skjolber/3d-bin-container-packing,LAFF,SOURCE_INCOMPLETE,ADAPTER_MISSING,NATIVE,FULL_PROBLEM,0,0,0,0,0,0,0,0,0,0,0,0,0,0,SOURCE_PENDING
B23,De-identified real orders,INDUSTRIAL,REAL_ORDER_SHIFT,skjolber_plain,skjolber/3d-bin-container-packing,Plain,SOURCE_INCOMPLETE,ADAPTER_MISSING,NATIVE,FULL_PROBLEM,0,0,0,0,0,0,0,0,0,0,0,0,0,0,SOURCE_PENDING
B24,Metamorphic,RELIABILITY,METAMORPHIC,exact_cp_sat,OR-Tools,strengthened CP-SAT model,SOURCE_INCOMPLETE,SUPPORTED_NATIVE,EXACT_MODEL,FULL_PROBLEM,0,0,0,0,0,0,0,0,0,0,0,0,0,0,SOURCE_PENDING
B24,Metamorphic,RELIABILITY,METAMORPHIC,exact_cplex,CPLEX,strengthened MIP model,SOURCE_INCOMPLETE,SUPPORTED_NATIVE,EXACT_MODEL,FULL_PROBLEM,0,0,0,0,0,0,0,0,0,0,0,0,0,0,SOURCE_PENDING
B24,Metamorphic,RELIABILITY,METAMORPHIC,exact_gurobi,Gurobi,strengthened MIP model,SOURCE_INCOMPLETE,SUPPORTED_NATIVE,EXACT_MODEL,FULL_PROBLEM,0,0,0,0,0,0,0,0,0,0,0,0,0,0,SOURCE_PENDING
B24,Metamorphic,RELIABILITY,METAMORPHIC,exact_scip,SCIP/PySCIPOpt,strengthened MIP model,SOURCE_INCOMPLETE,SUPPORTED_NATIVE,EXACT_MODEL,FULL_PROBLEM,0,0,0,0,0,0,0,0,0,0,0,0,0,0,SOURCE_PENDING
B24,Metamorphic,RELIABILITY,METAMORPHIC,go_bp3d,gedex/bp3d,pivot greedy,SOURCE_INCOMPLETE,SUPPORTED_NATIVE,NATIVE,FULL_PROBLEM,0,0,0,0,0,0,0,0,0,0,0,0,0,0,SOURCE_PENDING
B24,Metamorphic,RELIABILITY,METAMORPHIC,jerry,jerry800416/3D-bin-packing,pivot/fix-point greedy,SOURCE_INCOMPLETE,SUPPORTED_NATIVE,NATIVE,FULL_PROBLEM,0,0,0,0,0,0,0,0,0,0,0,0,0,0,SOURCE_PENDING
B24,Metamorphic,RELIABILITY,METAMORPHIC,packingsolver_fork_box,PackingSolver fork,box portfolio,SOURCE_INCOMPLETE,SUPPORTED_NATIVE,NATIVE,FULL_PROBLEM,0,0,0,0,0,0,0,0,0,0,0,0,0,0,SOURCE_PENDING
B24,Metamorphic,RELIABILITY,METAMORPHIC,packingsolver_fork_boxstacks,PackingSolver fork,boxstacks portfolio,SOURCE_INCOMPLETE,SUPPORTED_NATIVE,NATIVE,FULL_PROBLEM,0,0,0,0,0,0,0,0,0,0,0,0,0,0,SOURCE_PENDING
B24,Metamorphic,RELIABILITY,METAMORPHIC,packingsolver_upstream_box,PackingSolver upstream,box portfolio,SOURCE_INCOMPLETE,SUPPORTED_NATIVE,NATIVE,FULL_PROBLEM,0,0,0,0,0,0,0,0,0,0,0,0,0,0,SOURCE_PENDING
B24,Metamorphic,RELIABILITY,METAMORPHIC,packingsolver_upstream_boxstacks,PackingSolver upstream,boxstacks portfolio,SOURCE_INCOMPLETE,SUPPORTED_NATIVE,NATIVE,FULL_PROBLEM,0,0,0,0,0,0,0,0,0,0,0,0,0,0,SOURCE_PENDING
B24,Metamorphic,RELIABILITY,METAMORPHIC,py3dbp,py3dbp,pivot greedy,SOURCE_INCOMPLETE,SUPPORTED_NATIVE,NATIVE,FULL_PROBLEM,0,0,0,0,0,0,0,0,0,0,0,0,0,0,SOURCE_PENDING
B24,Metamorphic,RELIABILITY,METAMORPHIC,rust_brkga,u-nesting,BRKGA,SOURCE_INCOMPLETE,SUPPORTED_NATIVE,NATIVE,FULL_PROBLEM,0,0,0,0,0,0,0,0,0,0,0,0,0,0,SOURCE_PENDING
B24,Metamorphic,RELIABILITY,METAMORPHIC,rust_extreme_point,u-nesting,ExtremePoint,SOURCE_INCOMPLETE,SUPPORTED_NATIVE,NATIVE,FULL_PROBLEM,0,0,0,0,0,0,0,0,0,0,0,0,0,0,SOURCE_PENDING
B24,Metamorphic,RELIABILITY,METAMORPHIC,rust_ga,u-nesting,GA,SOURCE_INCOMPLETE,SUPPORTED_NATIVE,NATIVE,FULL_PROBLEM,0,0,0,0,0,0,0,0,0,0,0,0,0,0,SOURCE_PENDING
B24,Metamorphic,RELIABILITY,METAMORPHIC,rust_layer,u-nesting,Layer/BottomLeftFill,SOURCE_INCOMPLETE,SUPPORTED_NATIVE,NATIVE,FULL_PROBLEM,0,0,0,0,0,0,0,0,0,0,0,0,0,0,SOURCE_PENDING
B24,Metamorphic,RELIABILITY,METAMORPHIC,rust_sa,u-nesting,SA,SOURCE_INCOMPLETE,SUPPORTED_NATIVE,NATIVE,FULL_PROBLEM,0,0,0,0,0,0,0,0,0,0,0,0,0,0,SOURCE_PENDING
B24,Metamorphic,RELIABILITY,METAMORPHIC,skjolber_fast_bruteforce,skjolber/3d-bin-container-packing,FastBruteForce,SOURCE_INCOMPLETE,SUPPORTED_NATIVE,NATIVE,FULL_PROBLEM,0,0,0,0,0,0,0,0,0,0,0,0,0,0,SOURCE_PENDING
B24,Metamorphic,RELIABILITY,METAMORPHIC,skjolber_laff,skjolber/3d-bin-container-packing,LAFF,SOURCE_INCOMPLETE,SUPPORTED_NATIVE,NATIVE,FULL_PROBLEM,0,0,0,0,0,0,0,0,0,0,0,0,0,0,SOURCE_PENDING
B24,Metamorphic,RELIABILITY,METAMORPHIC,skjolber_plain,skjolber/3d-bin-container-packing,Plain,SOURCE_INCOMPLETE,SUPPORTED_NATIVE,NATIVE,FULL_PROBLEM,0,0,0,0,0,0,0,0,0,0,0,0,0,0,SOURCE_PENDING
B25,Cost/bin-order metamorphic,RELIABILITY,COST_METAMORPHIC,exact_cp_sat,OR-Tools,strengthened CP-SAT model,SOURCE_INCOMPLETE,SUPPORTED_NATIVE,EXACT_MODEL,FULL_PROBLEM,0,0,0,0,0,0,0,0,0,0,0,0,0,0,SOURCE_PENDING
B25,Cost/bin-order metamorphic,RELIABILITY,COST_METAMORPHIC,exact_cplex,CPLEX,strengthened MIP model,SOURCE_INCOMPLETE,SUPPORTED_NATIVE,EXACT_MODEL,FULL_PROBLEM,0,0,0,0,0,0,0,0,0,0,0,0,0,0,SOURCE_PENDING
B25,Cost/bin-order metamorphic,RELIABILITY,COST_METAMORPHIC,exact_gurobi,Gurobi,strengthened MIP model,SOURCE_INCOMPLETE,SUPPORTED_NATIVE,EXACT_MODEL,FULL_PROBLEM,0,0,0,0,0,0,0,0,0,0,0,0,0,0,SOURCE_PENDING
B25,Cost/bin-order metamorphic,RELIABILITY,COST_METAMORPHIC,exact_scip,SCIP/PySCIPOpt,strengthened MIP model,SOURCE_INCOMPLETE,SUPPORTED_NATIVE,EXACT_MODEL,FULL_PROBLEM,0,0,0,0,0,0,0,0,0,0,0,0,0,0,SOURCE_PENDING
B25,Cost/bin-order metamorphic,RELIABILITY,COST_METAMORPHIC,go_bp3d,gedex/bp3d,pivot greedy,SOURCE_INCOMPLETE,ADAPTER_MISSING,NATIVE,FULL_PROBLEM,0,0,0,0,0,0,0,0,0,0,0,0,0,0,SOURCE_PENDING
B25,Cost/bin-order metamorphic,RELIABILITY,COST_METAMORPHIC,jerry,jerry800416/3D-bin-packing,pivot/fix-point greedy,SOURCE_INCOMPLETE,ADAPTER_MISSING,NATIVE,FULL_PROBLEM,0,0,0,0,0,0,0,0,0,0,0,0,0,0,SOURCE_PENDING
B25,Cost/bin-order metamorphic,RELIABILITY,COST_METAMORPHIC,packingsolver_fork_box,PackingSolver fork,box portfolio,SOURCE_INCOMPLETE,SUPPORTED_NATIVE,NATIVE,FULL_PROBLEM,0,0,0,0,0,0,0,0,0,0,0,0,0,0,SOURCE_PENDING
B25,Cost/bin-order metamorphic,RELIABILITY,COST_METAMORPHIC,packingsolver_fork_boxstacks,PackingSolver fork,boxstacks portfolio,SOURCE_INCOMPLETE,SUPPORTED_NATIVE,NATIVE,FULL_PROBLEM,0,0,0,0,0,0,0,0,0,0,0,0,0,0,SOURCE_PENDING
B25,Cost/bin-order metamorphic,RELIABILITY,COST_METAMORPHIC,packingsolver_upstream_box,PackingSolver upstream,box portfolio,SOURCE_INCOMPLETE,SUPPORTED_NATIVE,NATIVE,FULL_PROBLEM,0,0,0,0,0,0,0,0,0,0,0,0,0,0,SOURCE_PENDING
B25,Cost/bin-order metamorphic,RELIABILITY,COST_METAMORPHIC,packingsolver_upstream_boxstacks,PackingSolver upstream,boxstacks portfolio,SOURCE_INCOMPLETE,SUPPORTED_NATIVE,NATIVE,FULL_PROBLEM,0,0,0,0,0,0,0,0,0,0,0,0,0,0,SOURCE_PENDING
B25,Cost/bin-order metamorphic,RELIABILITY,COST_METAMORPHIC,py3dbp,py3dbp,pivot greedy,SOURCE_INCOMPLETE,ADAPTER_MISSING,NATIVE,FULL_PROBLEM,0,0,0,0,0,0,0,0,0,0,0,0,0,0,SOURCE_PENDING
B25,Cost/bin-order metamorphic,RELIABILITY,COST_METAMORPHIC,rust_brkga,u-nesting,BRKGA,SOURCE_INCOMPLETE,ADAPTER_MISSING,NATIVE,FULL_PROBLEM,0,0,0,0,0,0,0,0,0,0,0,0,0,0,SOURCE_PENDING
B25,Cost/bin-order metamorphic,RELIABILITY,COST_METAMORPHIC,rust_extreme_point,u-nesting,ExtremePoint,SOURCE_INCOMPLETE,ADAPTER_MISSING,NATIVE,FULL_PROBLEM,0,0,0,0,0,0,0,0,0,0,0,0,0,0,SOURCE_PENDING
B25,Cost/bin-order metamorphic,RELIABILITY,COST_METAMORPHIC,rust_ga,u-nesting,GA,SOURCE_INCOMPLETE,ADAPTER_MISSING,NATIVE,FULL_PROBLEM,0,0,0,0,0,0,0,0,0,0,0,0,0,0,SOURCE_PENDING
B25,Cost/bin-order metamorphic,RELIABILITY,COST_METAMORPHIC,rust_layer,u-nesting,Layer/BottomLeftFill,SOURCE_INCOMPLETE,ADAPTER_MISSING,NATIVE,FULL_PROBLEM,0,0,0,0,0,0,0,0,0,0,0,0,0,0,SOURCE_PENDING
B25,Cost/bin-order metamorphic,RELIABILITY,COST_METAMORPHIC,rust_sa,u-nesting,SA,SOURCE_INCOMPLETE,ADAPTER_MISSING,NATIVE,FULL_PROBLEM,0,0,0,0,0,0,0,0,0,0,0,0,0,0,SOURCE_PENDING
B25,Cost/bin-order metamorphic,RELIABILITY,COST_METAMORPHIC,skjolber_fast_bruteforce,skjolber/3d-bin-container-packing,FastBruteForce,SOURCE_INCOMPLETE,ADAPTER_MISSING,NATIVE,FULL_PROBLEM,0,0,0,0,0,0,0,0,0,0,0,0,0,0,SOURCE_PENDING
B25,Cost/bin-order metamorphic,RELIABILITY,COST_METAMORPHIC,skjolber_laff,skjolber/3d-bin-container-packing,LAFF,SOURCE_INCOMPLETE,ADAPTER_MISSING,NATIVE,FULL_PROBLEM,0,0,0,0,0,0,0,0,0,0,0,0,0,0,SOURCE_PENDING
B25,Cost/bin-order metamorphic,RELIABILITY,COST_METAMORPHIC,skjolber_plain,skjolber/3d-bin-container-packing,Plain,SOURCE_INCOMPLETE,ADAPTER_MISSING,NATIVE,FULL_PROBLEM,0,0,0,0,0,0,0,0,0,0,0,0,0,0,SOURCE_PENDING
B26,Unit/numeric,RELIABILITY,NUMERIC,exact_cp_sat,OR-Tools,strengthened CP-SAT model,SOURCE_INCOMPLETE,SUPPORTED_NATIVE,EXACT_MODEL,FULL_PROBLEM,0,0,0,0,0,0,0,0,0,0,0,0,0,0,SOURCE_PENDING
B26,Unit/numeric,RELIABILITY,NUMERIC,exact_cplex,CPLEX,strengthened MIP model,SOURCE_INCOMPLETE,SUPPORTED_NATIVE,EXACT_MODEL,FULL_PROBLEM,0,0,0,0,0,0,0,0,0,0,0,0,0,0,SOURCE_PENDING
B26,Unit/numeric,RELIABILITY,NUMERIC,exact_gurobi,Gurobi,strengthened MIP model,SOURCE_INCOMPLETE,SUPPORTED_NATIVE,EXACT_MODEL,FULL_PROBLEM,0,0,0,0,0,0,0,0,0,0,0,0,0,0,SOURCE_PENDING
B26,Unit/numeric,RELIABILITY,NUMERIC,exact_scip,SCIP/PySCIPOpt,strengthened MIP model,SOURCE_INCOMPLETE,SUPPORTED_NATIVE,EXACT_MODEL,FULL_PROBLEM,0,0,0,0,0,0,0,0,0,0,0,0,0,0,SOURCE_PENDING
B26,Unit/numeric,RELIABILITY,NUMERIC,go_bp3d,gedex/bp3d,pivot greedy,SOURCE_INCOMPLETE,SUPPORTED_NATIVE,NATIVE,FULL_PROBLEM,0,0,0,0,0,0,0,0,0,0,0,0,0,0,SOURCE_PENDING
B26,Unit/numeric,RELIABILITY,NUMERIC,jerry,jerry800416/3D-bin-packing,pivot/fix-point greedy,SOURCE_INCOMPLETE,SUPPORTED_NATIVE,NATIVE,FULL_PROBLEM,0,0,0,0,0,0,0,0,0,0,0,0,0,0,SOURCE_PENDING
B26,Unit/numeric,RELIABILITY,NUMERIC,packingsolver_fork_box,PackingSolver fork,box portfolio,SOURCE_INCOMPLETE,SUPPORTED_NATIVE,NATIVE,FULL_PROBLEM,0,0,0,0,0,0,0,0,0,0,0,0,0,0,SOURCE_PENDING
B26,Unit/numeric,RELIABILITY,NUMERIC,packingsolver_fork_boxstacks,PackingSolver fork,boxstacks portfolio,SOURCE_INCOMPLETE,SUPPORTED_NATIVE,NATIVE,FULL_PROBLEM,0,0,0,0,0,0,0,0,0,0,0,0,0,0,SOURCE_PENDING
B26,Unit/numeric,RELIABILITY,NUMERIC,packingsolver_upstream_box,PackingSolver upstream,box portfolio,SOURCE_INCOMPLETE,SUPPORTED_NATIVE,NATIVE,FULL_PROBLEM,0,0,0,0,0,0,0,0,0,0,0,0,0,0,SOURCE_PENDING
B26,Unit/numeric,RELIABILITY,NUMERIC,packingsolver_upstream_boxstacks,PackingSolver upstream,boxstacks portfolio,SOURCE_INCOMPLETE,SUPPORTED_NATIVE,NATIVE,FULL_PROBLEM,0,0,0,0,0,0,0,0,0,0,0,0,0,0,SOURCE_PENDING
B26,Unit/numeric,RELIABILITY,NUMERIC,py3dbp,py3dbp,pivot greedy,SOURCE_INCOMPLETE,SUPPORTED_NATIVE,NATIVE,FULL_PROBLEM,0,0,0,0,0,0,0,0,0,0,0,0,0,0,SOURCE_PENDING
B26,Unit/numeric,RELIABILITY,NUMERIC,rust_brkga,u-nesting,BRKGA,SOURCE_INCOMPLETE,SUPPORTED_NATIVE,NATIVE,FULL_PROBLEM,0,0,0,0,0,0,0,0,0,0,0,0,0,0,SOURCE_PENDING
B26,Unit/numeric,RELIABILITY,NUMERIC,rust_extreme_point,u-nesting,ExtremePoint,SOURCE_INCOMPLETE,SUPPORTED_NATIVE,NATIVE,FULL_PROBLEM,0,0,0,0,0,0,0,0,0,0,0,0,0,0,SOURCE_PENDING
B26,Unit/numeric,RELIABILITY,NUMERIC,rust_ga,u-nesting,GA,SOURCE_INCOMPLETE,SUPPORTED_NATIVE,NATIVE,FULL_PROBLEM,0,0,0,0,0,0,0,0,0,0,0,0,0,0,SOURCE_PENDING
B26,Unit/numeric,RELIABILITY,NUMERIC,rust_layer,u-nesting,Layer/BottomLeftFill,SOURCE_INCOMPLETE,SUPPORTED_NATIVE,NATIVE,FULL_PROBLEM,0,0,0,0,0,0,0,0,0,0,0,0,0,0,SOURCE_PENDING
B26,Unit/numeric,RELIABILITY,NUMERIC,rust_sa,u-nesting,SA,SOURCE_INCOMPLETE,SUPPORTED_NATIVE,NATIVE,FULL_PROBLEM,0,0,0,0,0,0,0,0,0,0,0,0,0,0,SOURCE_PENDING
B26,Unit/numeric,RELIABILITY,NUMERIC,skjolber_fast_bruteforce,skjolber/3d-bin-container-packing,FastBruteForce,SOURCE_INCOMPLETE,SUPPORTED_NATIVE,NATIVE,FULL_PROBLEM,0,0,0,0,0,0,0,0,0,0,0,0,0,0,SOURCE_PENDING
B26,Unit/numeric,RELIABILITY,NUMERIC,skjolber_laff,skjolber/3d-bin-container-packing,LAFF,SOURCE_INCOMPLETE,SUPPORTED_NATIVE,NATIVE,FULL_PROBLEM,0,0,0,0,0,0,0,0,0,0,0,0,0,0,SOURCE_PENDING
B26,Unit/numeric,RELIABILITY,NUMERIC,skjolber_plain,skjolber/3d-bin-container-packing,Plain,SOURCE_INCOMPLETE,SUPPORTED_NATIVE,NATIVE,FULL_PROBLEM,0,0,0,0,0,0,0,0,0,0,0,0,0,0,SOURCE_PENDING
B27,Seed/order repeatability,RELIABILITY,REPEATABILITY,exact_cp_sat,OR-Tools,strengthened CP-SAT model,SOURCE_INCOMPLETE,SUPPORTED_NATIVE,EXACT_MODEL,FULL_PROBLEM,0,0,0,0,0,0,0,0,0,0,0,0,0,0,SOURCE_PENDING
B27,Seed/order repeatability,RELIABILITY,REPEATABILITY,exact_cplex,CPLEX,strengthened MIP model,SOURCE_INCOMPLETE,SUPPORTED_NATIVE,EXACT_MODEL,FULL_PROBLEM,0,0,0,0,0,0,0,0,0,0,0,0,0,0,SOURCE_PENDING
B27,Seed/order repeatability,RELIABILITY,REPEATABILITY,exact_gurobi,Gurobi,strengthened MIP model,SOURCE_INCOMPLETE,SUPPORTED_NATIVE,EXACT_MODEL,FULL_PROBLEM,0,0,0,0,0,0,0,0,0,0,0,0,0,0,SOURCE_PENDING
B27,Seed/order repeatability,RELIABILITY,REPEATABILITY,exact_scip,SCIP/PySCIPOpt,strengthened MIP model,SOURCE_INCOMPLETE,SUPPORTED_NATIVE,EXACT_MODEL,FULL_PROBLEM,0,0,0,0,0,0,0,0,0,0,0,0,0,0,SOURCE_PENDING
B27,Seed/order repeatability,RELIABILITY,REPEATABILITY,go_bp3d,gedex/bp3d,pivot greedy,SOURCE_INCOMPLETE,SUPPORTED_NATIVE,NATIVE,FULL_PROBLEM,0,0,0,0,0,0,0,0,0,0,0,0,0,0,SOURCE_PENDING
B27,Seed/order repeatability,RELIABILITY,REPEATABILITY,jerry,jerry800416/3D-bin-packing,pivot/fix-point greedy,SOURCE_INCOMPLETE,SUPPORTED_NATIVE,NATIVE,FULL_PROBLEM,0,0,0,0,0,0,0,0,0,0,0,0,0,0,SOURCE_PENDING
B27,Seed/order repeatability,RELIABILITY,REPEATABILITY,packingsolver_fork_box,PackingSolver fork,box portfolio,SOURCE_INCOMPLETE,SUPPORTED_NATIVE,NATIVE,FULL_PROBLEM,0,0,0,0,0,0,0,0,0,0,0,0,0,0,SOURCE_PENDING
B27,Seed/order repeatability,RELIABILITY,REPEATABILITY,packingsolver_fork_boxstacks,PackingSolver fork,boxstacks portfolio,SOURCE_INCOMPLETE,SUPPORTED_NATIVE,NATIVE,FULL_PROBLEM,0,0,0,0,0,0,0,0,0,0,0,0,0,0,SOURCE_PENDING
B27,Seed/order repeatability,RELIABILITY,REPEATABILITY,packingsolver_upstream_box,PackingSolver upstream,box portfolio,SOURCE_INCOMPLETE,SUPPORTED_NATIVE,NATIVE,FULL_PROBLEM,0,0,0,0,0,0,0,0,0,0,0,0,0,0,SOURCE_PENDING
B27,Seed/order repeatability,RELIABILITY,REPEATABILITY,packingsolver_upstream_boxstacks,PackingSolver upstream,boxstacks portfolio,SOURCE_INCOMPLETE,SUPPORTED_NATIVE,NATIVE,FULL_PROBLEM,0,0,0,0,0,0,0,0,0,0,0,0,0,0,SOURCE_PENDING
B27,Seed/order repeatability,RELIABILITY,REPEATABILITY,py3dbp,py3dbp,pivot greedy,SOURCE_INCOMPLETE,SUPPORTED_NATIVE,NATIVE,FULL_PROBLEM,0,0,0,0,0,0,0,0,0,0,0,0,0,0,SOURCE_PENDING
B27,Seed/order repeatability,RELIABILITY,REPEATABILITY,rust_brkga,u-nesting,BRKGA,SOURCE_INCOMPLETE,SUPPORTED_NATIVE,NATIVE,FULL_PROBLEM,0,0,0,0,0,0,0,0,0,0,0,0,0,0,SOURCE_PENDING
B27,Seed/order repeatability,RELIABILITY,REPEATABILITY,rust_extreme_point,u-nesting,ExtremePoint,SOURCE_INCOMPLETE,SUPPORTED_NATIVE,NATIVE,FULL_PROBLEM,0,0,0,0,0,0,0,0,0,0,0,0,0,0,SOURCE_PENDING
B27,Seed/order repeatability,RELIABILITY,REPEATABILITY,rust_ga,u-nesting,GA,SOURCE_INCOMPLETE,SUPPORTED_NATIVE,NATIVE,FULL_PROBLEM,0,0,0,0,0,0,0,0,0,0,0,0,0,0,SOURCE_PENDING
B27,Seed/order repeatability,RELIABILITY,REPEATABILITY,rust_layer,u-nesting,Layer/BottomLeftFill,SOURCE_INCOMPLETE,SUPPORTED_NATIVE,NATIVE,FULL_PROBLEM,0,0,0,0,0,0,0,0,0,0,0,0,0,0,SOURCE_PENDING
B27,Seed/order repeatability,RELIABILITY,REPEATABILITY,rust_sa,u-nesting,SA,SOURCE_INCOMPLETE,SUPPORTED_NATIVE,NATIVE,FULL_PROBLEM,0,0,0,0,0,0,0,0,0,0,0,0,0,0,SOURCE_PENDING
B27,Seed/order repeatability,RELIABILITY,REPEATABILITY,skjolber_fast_bruteforce,skjolber/3d-bin-container-packing,FastBruteForce,SOURCE_INCOMPLETE,SUPPORTED_NATIVE,NATIVE,FULL_PROBLEM,0,0,0,0,0,0,0,0,0,0,0,0,0,0,SOURCE_PENDING
B27,Seed/order repeatability,RELIABILITY,REPEATABILITY,skjolber_laff,skjolber/3d-bin-container-packing,LAFF,SOURCE_INCOMPLETE,SUPPORTED_NATIVE,NATIVE,FULL_PROBLEM,0,0,0,0,0,0,0,0,0,0,0,0,0,0,SOURCE_PENDING
B27,Seed/order repeatability,RELIABILITY,REPEATABILITY,skjolber_plain,skjolber/3d-bin-container-packing,Plain,SOURCE_INCOMPLETE,SUPPORTED_NATIVE,NATIVE,FULL_PROBLEM,0,0,0,0,0,0,0,0,0,0,0,0,0,0,SOURCE_PENDING
B28,Scalability,RELIABILITY,SCALABILITY,exact_cp_sat,OR-Tools,strengthened CP-SAT model,SOURCE_INCOMPLETE,SUPPORTED_NATIVE,EXACT_MODEL,FULL_PROBLEM,0,0,0,0,0,0,0,0,0,0,0,0,0,0,SOURCE_PENDING
B28,Scalability,RELIABILITY,SCALABILITY,exact_cplex,CPLEX,strengthened MIP model,SOURCE_INCOMPLETE,SUPPORTED_NATIVE,EXACT_MODEL,FULL_PROBLEM,0,0,0,0,0,0,0,0,0,0,0,0,0,0,SOURCE_PENDING
B28,Scalability,RELIABILITY,SCALABILITY,exact_gurobi,Gurobi,strengthened MIP model,SOURCE_INCOMPLETE,SUPPORTED_NATIVE,EXACT_MODEL,FULL_PROBLEM,0,0,0,0,0,0,0,0,0,0,0,0,0,0,SOURCE_PENDING
B28,Scalability,RELIABILITY,SCALABILITY,exact_scip,SCIP/PySCIPOpt,strengthened MIP model,SOURCE_INCOMPLETE,SUPPORTED_NATIVE,EXACT_MODEL,FULL_PROBLEM,0,0,0,0,0,0,0,0,0,0,0,0,0,0,SOURCE_PENDING
B28,Scalability,RELIABILITY,SCALABILITY,go_bp3d,gedex/bp3d,pivot greedy,SOURCE_INCOMPLETE,SUPPORTED_NATIVE,NATIVE,FULL_PROBLEM,0,0,0,0,0,0,0,0,0,0,0,0,0,0,SOURCE_PENDING
B28,Scalability,RELIABILITY,SCALABILITY,jerry,jerry800416/3D-bin-packing,pivot/fix-point greedy,SOURCE_INCOMPLETE,SUPPORTED_NATIVE,NATIVE,FULL_PROBLEM,0,0,0,0,0,0,0,0,0,0,0,0,0,0,SOURCE_PENDING
B28,Scalability,RELIABILITY,SCALABILITY,packingsolver_fork_box,PackingSolver fork,box portfolio,SOURCE_INCOMPLETE,SUPPORTED_NATIVE,NATIVE,FULL_PROBLEM,0,0,0,0,0,0,0,0,0,0,0,0,0,0,SOURCE_PENDING
B28,Scalability,RELIABILITY,SCALABILITY,packingsolver_fork_boxstacks,PackingSolver fork,boxstacks portfolio,SOURCE_INCOMPLETE,SUPPORTED_NATIVE,NATIVE,FULL_PROBLEM,0,0,0,0,0,0,0,0,0,0,0,0,0,0,SOURCE_PENDING
B28,Scalability,RELIABILITY,SCALABILITY,packingsolver_upstream_box,PackingSolver upstream,box portfolio,SOURCE_INCOMPLETE,SUPPORTED_NATIVE,NATIVE,FULL_PROBLEM,0,0,0,0,0,0,0,0,0,0,0,0,0,0,SOURCE_PENDING
B28,Scalability,RELIABILITY,SCALABILITY,packingsolver_upstream_boxstacks,PackingSolver upstream,boxstacks portfolio,SOURCE_INCOMPLETE,SUPPORTED_NATIVE,NATIVE,FULL_PROBLEM,0,0,0,0,0,0,0,0,0,0,0,0,0,0,SOURCE_PENDING
B28,Scalability,RELIABILITY,SCALABILITY,py3dbp,py3dbp,pivot greedy,SOURCE_INCOMPLETE,SUPPORTED_NATIVE,NATIVE,FULL_PROBLEM,0,0,0,0,0,0,0,0,0,0,0,0,0,0,SOURCE_PENDING
B28,Scalability,RELIABILITY,SCALABILITY,rust_brkga,u-nesting,BRKGA,SOURCE_INCOMPLETE,SUPPORTED_NATIVE,NATIVE,FULL_PROBLEM,0,0,0,0,0,0,0,0,0,0,0,0,0,0,SOURCE_PENDING
B28,Scalability,RELIABILITY,SCALABILITY,rust_extreme_point,u-nesting,ExtremePoint,SOURCE_INCOMPLETE,SUPPORTED_NATIVE,NATIVE,FULL_PROBLEM,0,0,0,0,0,0,0,0,0,0,0,0,0,0,SOURCE_PENDING
B28,Scalability,RELIABILITY,SCALABILITY,rust_ga,u-nesting,GA,SOURCE_INCOMPLETE,SUPPORTED_NATIVE,NATIVE,FULL_PROBLEM,0,0,0,0,0,0,0,0,0,0,0,0,0,0,SOURCE_PENDING
B28,Scalability,RELIABILITY,SCALABILITY,rust_layer,u-nesting,Layer/BottomLeftFill,SOURCE_INCOMPLETE,SUPPORTED_NATIVE,NATIVE,FULL_PROBLEM,0,0,0,0,0,0,0,0,0,0,0,0,0,0,SOURCE_PENDING
B28,Scalability,RELIABILITY,SCALABILITY,rust_sa,u-nesting,SA,SOURCE_INCOMPLETE,SUPPORTED_NATIVE,NATIVE,FULL_PROBLEM,0,0,0,0,0,0,0,0,0,0,0,0,0,0,SOURCE_PENDING
B28,Scalability,RELIABILITY,SCALABILITY,skjolber_fast_bruteforce,skjolber/3d-bin-container-packing,FastBruteForce,SOURCE_INCOMPLETE,SUPPORTED_NATIVE,NATIVE,FULL_PROBLEM,0,0,0,0,0,0,0,0,0,0,0,0,0,0,SOURCE_PENDING
B28,Scalability,RELIABILITY,SCALABILITY,skjolber_laff,skjolber/3d-bin-container-packing,LAFF,SOURCE_INCOMPLETE,SUPPORTED_NATIVE,NATIVE,FULL_PROBLEM,0,0,0,0,0,0,0,0,0,0,0,0,0,0,SOURCE_PENDING
B28,Scalability,RELIABILITY,SCALABILITY,skjolber_plain,skjolber/3d-bin-container-packing,Plain,SOURCE_INCOMPLETE,SUPPORTED_NATIVE,NATIVE,FULL_PROBLEM,0,0,0,0,0,0,0,0,0,0,0,0,0,0,SOURCE_PENDING
B29,Fault/cancellation,RELIABILITY,FAULT_HANDLING,exact_cp_sat,OR-Tools,strengthened CP-SAT model,SOURCE_INCOMPLETE,SUPPORTED_NATIVE,EXACT_MODEL,FULL_PROBLEM,0,0,0,0,0,0,0,0,0,0,0,0,0,0,SOURCE_PENDING
B29,Fault/cancellation,RELIABILITY,FAULT_HANDLING,exact_cplex,CPLEX,strengthened MIP model,SOURCE_INCOMPLETE,SUPPORTED_NATIVE,EXACT_MODEL,FULL_PROBLEM,0,0,0,0,0,0,0,0,0,0,0,0,0,0,SOURCE_PENDING
B29,Fault/cancellation,RELIABILITY,FAULT_HANDLING,exact_gurobi,Gurobi,strengthened MIP model,SOURCE_INCOMPLETE,SUPPORTED_NATIVE,EXACT_MODEL,FULL_PROBLEM,0,0,0,0,0,0,0,0,0,0,0,0,0,0,SOURCE_PENDING
B29,Fault/cancellation,RELIABILITY,FAULT_HANDLING,exact_scip,SCIP/PySCIPOpt,strengthened MIP model,SOURCE_INCOMPLETE,SUPPORTED_NATIVE,EXACT_MODEL,FULL_PROBLEM,0,0,0,0,0,0,0,0,0,0,0,0,0,0,SOURCE_PENDING
B29,Fault/cancellation,RELIABILITY,FAULT_HANDLING,go_bp3d,gedex/bp3d,pivot greedy,SOURCE_INCOMPLETE,SUPPORTED_NATIVE,NATIVE,FULL_PROBLEM,0,0,0,0,0,0,0,0,0,0,0,0,0,0,SOURCE_PENDING
B29,Fault/cancellation,RELIABILITY,FAULT_HANDLING,jerry,jerry800416/3D-bin-packing,pivot/fix-point greedy,SOURCE_INCOMPLETE,SUPPORTED_NATIVE,NATIVE,FULL_PROBLEM,0,0,0,0,0,0,0,0,0,0,0,0,0,0,SOURCE_PENDING
B29,Fault/cancellation,RELIABILITY,FAULT_HANDLING,packingsolver_fork_box,PackingSolver fork,box portfolio,SOURCE_INCOMPLETE,SUPPORTED_NATIVE,NATIVE,FULL_PROBLEM,0,0,0,0,0,0,0,0,0,0,0,0,0,0,SOURCE_PENDING
B29,Fault/cancellation,RELIABILITY,FAULT_HANDLING,packingsolver_fork_boxstacks,PackingSolver fork,boxstacks portfolio,SOURCE_INCOMPLETE,SUPPORTED_NATIVE,NATIVE,FULL_PROBLEM,0,0,0,0,0,0,0,0,0,0,0,0,0,0,SOURCE_PENDING
B29,Fault/cancellation,RELIABILITY,FAULT_HANDLING,packingsolver_upstream_box,PackingSolver upstream,box portfolio,SOURCE_INCOMPLETE,SUPPORTED_NATIVE,NATIVE,FULL_PROBLEM,0,0,0,0,0,0,0,0,0,0,0,0,0,0,SOURCE_PENDING
B29,Fault/cancellation,RELIABILITY,FAULT_HANDLING,packingsolver_upstream_boxstacks,PackingSolver upstream,boxstacks portfolio,SOURCE_INCOMPLETE,SUPPORTED_NATIVE,NATIVE,FULL_PROBLEM,0,0,0,0,0,0,0,0,0,0,0,0,0,0,SOURCE_PENDING
B29,Fault/cancellation,RELIABILITY,FAULT_HANDLING,py3dbp,py3dbp,pivot greedy,SOURCE_INCOMPLETE,SUPPORTED_NATIVE,NATIVE,FULL_PROBLEM,0,0,0,0,0,0,0,0,0,0,0,0,0,0,SOURCE_PENDING
B29,Fault/cancellation,RELIABILITY,FAULT_HANDLING,rust_brkga,u-nesting,BRKGA,SOURCE_INCOMPLETE,SUPPORTED_NATIVE,NATIVE,FULL_PROBLEM,0,0,0,0,0,0,0,0,0,0,0,0,0,0,SOURCE_PENDING
B29,Fault/cancellation,RELIABILITY,FAULT_HANDLING,rust_extreme_point,u-nesting,ExtremePoint,SOURCE_INCOMPLETE,SUPPORTED_NATIVE,NATIVE,FULL_PROBLEM,0,0,0,0,0,0,0,0,0,0,0,0,0,0,SOURCE_PENDING
B29,Fault/cancellation,RELIABILITY,FAULT_HANDLING,rust_ga,u-nesting,GA,SOURCE_INCOMPLETE,SUPPORTED_NATIVE,NATIVE,FULL_PROBLEM,0,0,0,0,0,0,0,0,0,0,0,0,0,0,SOURCE_PENDING
B29,Fault/cancellation,RELIABILITY,FAULT_HANDLING,rust_layer,u-nesting,Layer/BottomLeftFill,SOURCE_INCOMPLETE,SUPPORTED_NATIVE,NATIVE,FULL_PROBLEM,0,0,0,0,0,0,0,0,0,0,0,0,0,0,SOURCE_PENDING
B29,Fault/cancellation,RELIABILITY,FAULT_HANDLING,rust_sa,u-nesting,SA,SOURCE_INCOMPLETE,SUPPORTED_NATIVE,NATIVE,FULL_PROBLEM,0,0,0,0,0,0,0,0,0,0,0,0,0,0,SOURCE_PENDING
B29,Fault/cancellation,RELIABILITY,FAULT_HANDLING,skjolber_fast_bruteforce,skjolber/3d-bin-container-packing,FastBruteForce,SOURCE_INCOMPLETE,SUPPORTED_NATIVE,NATIVE,FULL_PROBLEM,0,0,0,0,0,0,0,0,0,0,0,0,0,0,SOURCE_PENDING
B29,Fault/cancellation,RELIABILITY,FAULT_HANDLING,skjolber_laff,skjolber/3d-bin-container-packing,LAFF,SOURCE_INCOMPLETE,SUPPORTED_NATIVE,NATIVE,FULL_PROBLEM,0,0,0,0,0,0,0,0,0,0,0,0,0,0,SOURCE_PENDING
B29,Fault/cancellation,RELIABILITY,FAULT_HANDLING,skjolber_plain,skjolber/3d-bin-container-packing,Plain,SOURCE_INCOMPLETE,SUPPORTED_NATIVE,NATIVE,FULL_PROBLEM,0,0,0,0,0,0,0,0,0,0,0,0,0,0,SOURCE_PENDING
B30,OR-Library BAYTP,INDUSTRIAL,SHELF_BAY,exact_cp_sat,OR-Tools,strengthened CP-SAT model,VALID,ADAPTER_MISSING,EXACT_MODEL,FULL_PROBLEM,0,0,0,0,0,0,0,0,0,0,0,0,0,0,ADAPTER_MISSING
B30,OR-Library BAYTP,INDUSTRIAL,SHELF_BAY,exact_cplex,CPLEX,strengthened MIP model,VALID,ADAPTER_MISSING,EXACT_MODEL,FULL_PROBLEM,0,0,0,0,0,0,0,0,0,0,0,0,0,0,ADAPTER_MISSING
B30,OR-Library BAYTP,INDUSTRIAL,SHELF_BAY,exact_gurobi,Gurobi,strengthened MIP model,VALID,ADAPTER_MISSING,EXACT_MODEL,FULL_PROBLEM,0,0,0,0,0,0,0,0,0,0,0,0,0,0,ADAPTER_MISSING
B30,OR-Library BAYTP,INDUSTRIAL,SHELF_BAY,exact_scip,SCIP/PySCIPOpt,strengthened MIP model,VALID,ADAPTER_MISSING,EXACT_MODEL,FULL_PROBLEM,0,0,0,0,0,0,0,0,0,0,0,0,0,0,ADAPTER_MISSING
B30,OR-Library BAYTP,INDUSTRIAL,SHELF_BAY,go_bp3d,gedex/bp3d,pivot greedy,VALID,PROJECTION_ONLY,COMPOSED,GEOMETRY_PROJECTION,0,0,0,0,0,0,0,0,0,0,0,0,0,0,PLANNED
B30,OR-Library BAYTP,INDUSTRIAL,SHELF_BAY,jerry,jerry800416/3D-bin-packing,pivot/fix-point greedy,VALID,PROJECTION_ONLY,COMPOSED,GEOMETRY_PROJECTION,0,0,0,0,0,0,0,0,0,0,0,0,0,0,PLANNED
B30,OR-Library BAYTP,INDUSTRIAL,SHELF_BAY,packingsolver_fork_box,PackingSolver fork,box portfolio,VALID,ADAPTER_MISSING,NATIVE,FULL_PROBLEM,0,0,0,0,0,0,0,0,0,0,0,0,0,0,ADAPTER_MISSING
B30,OR-Library BAYTP,INDUSTRIAL,SHELF_BAY,packingsolver_fork_boxstacks,PackingSolver fork,boxstacks portfolio,VALID,ADAPTER_MISSING,NATIVE,FULL_PROBLEM,0,0,0,0,0,0,0,0,0,0,0,0,0,0,ADAPTER_MISSING
B30,OR-Library BAYTP,INDUSTRIAL,SHELF_BAY,packingsolver_upstream_box,PackingSolver upstream,box portfolio,VALID,ADAPTER_MISSING,NATIVE,FULL_PROBLEM,0,0,0,0,0,0,0,0,0,0,0,0,0,0,ADAPTER_MISSING
B30,OR-Library BAYTP,INDUSTRIAL,SHELF_BAY,packingsolver_upstream_boxstacks,PackingSolver upstream,boxstacks portfolio,VALID,ADAPTER_MISSING,NATIVE,FULL_PROBLEM,0,0,0,0,0,0,0,0,0,0,0,0,0,0,ADAPTER_MISSING
B30,OR-Library BAYTP,INDUSTRIAL,SHELF_BAY,py3dbp,py3dbp,pivot greedy,VALID,PROJECTION_ONLY,COMPOSED,GEOMETRY_PROJECTION,0,0,0,0,0,0,0,0,0,0,0,0,0,0,PLANNED
B30,OR-Library BAYTP,INDUSTRIAL,SHELF_BAY,rust_brkga,u-nesting,BRKGA,VALID,PROJECTION_ONLY,COMPOSED,GEOMETRY_PROJECTION,0,0,0,0,0,0,0,0,0,0,0,0,0,0,PLANNED
B30,OR-Library BAYTP,INDUSTRIAL,SHELF_BAY,rust_extreme_point,u-nesting,ExtremePoint,VALID,PROJECTION_ONLY,COMPOSED,GEOMETRY_PROJECTION,0,0,0,0,0,0,0,0,0,0,0,0,0,0,PLANNED
B30,OR-Library BAYTP,INDUSTRIAL,SHELF_BAY,rust_ga,u-nesting,GA,VALID,PROJECTION_ONLY,COMPOSED,GEOMETRY_PROJECTION,0,0,0,0,0,0,0,0,0,0,0,0,0,0,PLANNED
B30,OR-Library BAYTP,INDUSTRIAL,SHELF_BAY,rust_layer,u-nesting,Layer/BottomLeftFill,VALID,PROJECTION_ONLY,COMPOSED,GEOMETRY_PROJECTION,0,0,0,0,0,0,0,0,0,0,0,0,0,0,PLANNED
B30,OR-Library BAYTP,INDUSTRIAL,SHELF_BAY,rust_sa,u-nesting,SA,VALID,PROJECTION_ONLY,COMPOSED,GEOMETRY_PROJECTION,0,0,0,0,0,0,0,0,0,0,0,0,0,0,PLANNED
B30,OR-Library BAYTP,INDUSTRIAL,SHELF_BAY,skjolber_fast_bruteforce,skjolber/3d-bin-container-packing,FastBruteForce,VALID,ADAPTER_MISSING,NATIVE,FULL_PROBLEM,0,0,0,0,0,0,0,0,0,0,0,0,0,0,ADAPTER_MISSING
B30,OR-Library BAYTP,INDUSTRIAL,SHELF_BAY,skjolber_laff,skjolber/3d-bin-container-packing,LAFF,VALID,ADAPTER_MISSING,NATIVE,FULL_PROBLEM,0,0,0,0,0,0,0,0,0,0,0,0,0,0,ADAPTER_MISSING
B30,OR-Library BAYTP,INDUSTRIAL,SHELF_BAY,skjolber_plain,skjolber/3d-bin-container-packing,Plain,VALID,ADAPTER_MISSING,NATIVE,FULL_PROBLEM,0,0,0,0,0,0,0,0,0,0,0,0,0,0,ADAPTER_MISSING
B31,Mixed-SKU pallet building,INDUSTRIAL,PALLET_BUILDING,exact_cp_sat,OR-Tools,strengthened CP-SAT model,SOURCE_INCOMPLETE,ADAPTER_MISSING,EXACT_MODEL,FULL_PROBLEM,0,0,0,0,0,0,0,0,0,0,0,0,0,0,SOURCE_PENDING
B31,Mixed-SKU pallet building,INDUSTRIAL,PALLET_BUILDING,exact_cplex,CPLEX,strengthened MIP model,SOURCE_INCOMPLETE,ADAPTER_MISSING,EXACT_MODEL,FULL_PROBLEM,0,0,0,0,0,0,0,0,0,0,0,0,0,0,SOURCE_PENDING
B31,Mixed-SKU pallet building,INDUSTRIAL,PALLET_BUILDING,exact_gurobi,Gurobi,strengthened MIP model,SOURCE_INCOMPLETE,ADAPTER_MISSING,EXACT_MODEL,FULL_PROBLEM,0,0,0,0,0,0,0,0,0,0,0,0,0,0,SOURCE_PENDING
B31,Mixed-SKU pallet building,INDUSTRIAL,PALLET_BUILDING,exact_scip,SCIP/PySCIPOpt,strengthened MIP model,SOURCE_INCOMPLETE,ADAPTER_MISSING,EXACT_MODEL,FULL_PROBLEM,0,0,0,0,0,0,0,0,0,0,0,0,0,0,SOURCE_PENDING
B31,Mixed-SKU pallet building,INDUSTRIAL,PALLET_BUILDING,go_bp3d,gedex/bp3d,pivot greedy,SOURCE_INCOMPLETE,PROJECTION_ONLY,COMPOSED,GEOMETRY_PROJECTION,0,0,0,0,0,0,0,0,0,0,0,0,0,0,SOURCE_PENDING
B31,Mixed-SKU pallet building,INDUSTRIAL,PALLET_BUILDING,jerry,jerry800416/3D-bin-packing,pivot/fix-point greedy,SOURCE_INCOMPLETE,PROJECTION_ONLY,COMPOSED,GEOMETRY_PROJECTION,0,0,0,0,0,0,0,0,0,0,0,0,0,0,SOURCE_PENDING
B31,Mixed-SKU pallet building,INDUSTRIAL,PALLET_BUILDING,packingsolver_fork_box,PackingSolver fork,box portfolio,SOURCE_INCOMPLETE,PROJECTION_ONLY,COMPOSED,GEOMETRY_PROJECTION,0,0,0,0,0,0,0,0,0,0,0,0,0,0,SOURCE_PENDING
B31,Mixed-SKU pallet building,INDUSTRIAL,PALLET_BUILDING,packingsolver_fork_boxstacks,PackingSolver fork,boxstacks portfolio,SOURCE_INCOMPLETE,PROJECTION_ONLY,COMPOSED,GEOMETRY_PROJECTION,0,0,0,0,0,0,0,0,0,0,0,0,0,0,SOURCE_PENDING
B31,Mixed-SKU pallet building,INDUSTRIAL,PALLET_BUILDING,packingsolver_upstream_box,PackingSolver upstream,box portfolio,SOURCE_INCOMPLETE,PROJECTION_ONLY,COMPOSED,GEOMETRY_PROJECTION,0,0,0,0,0,0,0,0,0,0,0,0,0,0,SOURCE_PENDING
B31,Mixed-SKU pallet building,INDUSTRIAL,PALLET_BUILDING,packingsolver_upstream_boxstacks,PackingSolver upstream,boxstacks portfolio,SOURCE_INCOMPLETE,PROJECTION_ONLY,COMPOSED,GEOMETRY_PROJECTION,0,0,0,0,0,0,0,0,0,0,0,0,0,0,SOURCE_PENDING
B31,Mixed-SKU pallet building,INDUSTRIAL,PALLET_BUILDING,py3dbp,py3dbp,pivot greedy,SOURCE_INCOMPLETE,PROJECTION_ONLY,COMPOSED,GEOMETRY_PROJECTION,0,0,0,0,0,0,0,0,0,0,0,0,0,0,SOURCE_PENDING
B31,Mixed-SKU pallet building,INDUSTRIAL,PALLET_BUILDING,rust_brkga,u-nesting,BRKGA,SOURCE_INCOMPLETE,PROJECTION_ONLY,COMPOSED,GEOMETRY_PROJECTION,0,0,0,0,0,0,0,0,0,0,0,0,0,0,SOURCE_PENDING
B31,Mixed-SKU pallet building,INDUSTRIAL,PALLET_BUILDING,rust_extreme_point,u-nesting,ExtremePoint,SOURCE_INCOMPLETE,PROJECTION_ONLY,COMPOSED,GEOMETRY_PROJECTION,0,0,0,0,0,0,0,0,0,0,0,0,0,0,SOURCE_PENDING
B31,Mixed-SKU pallet building,INDUSTRIAL,PALLET_BUILDING,rust_ga,u-nesting,GA,SOURCE_INCOMPLETE,PROJECTION_ONLY,COMPOSED,GEOMETRY_PROJECTION,0,0,0,0,0,0,0,0,0,0,0,0,0,0,SOURCE_PENDING
B31,Mixed-SKU pallet building,INDUSTRIAL,PALLET_BUILDING,rust_layer,u-nesting,Layer/BottomLeftFill,SOURCE_INCOMPLETE,PROJECTION_ONLY,COMPOSED,GEOMETRY_PROJECTION,0,0,0,0,0,0,0,0,0,0,0,0,0,0,SOURCE_PENDING
B31,Mixed-SKU pallet building,INDUSTRIAL,PALLET_BUILDING,rust_sa,u-nesting,SA,SOURCE_INCOMPLETE,PROJECTION_ONLY,COMPOSED,GEOMETRY_PROJECTION,0,0,0,0,0,0,0,0,0,0,0,0,0,0,SOURCE_PENDING
B31,Mixed-SKU pallet building,INDUSTRIAL,PALLET_BUILDING,skjolber_fast_bruteforce,skjolber/3d-bin-container-packing,FastBruteForce,SOURCE_INCOMPLETE,PROJECTION_ONLY,COMPOSED,GEOMETRY_PROJECTION,0,0,0,0,0,0,0,0,0,0,0,0,0,0,SOURCE_PENDING
B31,Mixed-SKU pallet building,INDUSTRIAL,PALLET_BUILDING,skjolber_laff,skjolber/3d-bin-container-packing,LAFF,SOURCE_INCOMPLETE,PROJECTION_ONLY,COMPOSED,GEOMETRY_PROJECTION,0,0,0,0,0,0,0,0,0,0,0,0,0,0,SOURCE_PENDING
B31,Mixed-SKU pallet building,INDUSTRIAL,PALLET_BUILDING,skjolber_plain,skjolber/3d-bin-container-packing,Plain,SOURCE_INCOMPLETE,PROJECTION_ONLY,COMPOSED,GEOMETRY_PROJECTION,0,0,0,0,0,0,0,0,0,0,0,0,0,0,SOURCE_PENDING
B32,Online/incremental 3D packing,INDUSTRIAL,ONLINE_PACKING,exact_cp_sat,OR-Tools,strengthened CP-SAT model,SOURCE_INCOMPLETE,ADAPTER_MISSING,EXACT_MODEL,FULL_PROBLEM,0,0,0,0,0,0,0,0,0,0,0,0,0,0,SOURCE_PENDING
B32,Online/incremental 3D packing,INDUSTRIAL,ONLINE_PACKING,exact_cplex,CPLEX,strengthened MIP model,SOURCE_INCOMPLETE,ADAPTER_MISSING,EXACT_MODEL,FULL_PROBLEM,0,0,0,0,0,0,0,0,0,0,0,0,0,0,SOURCE_PENDING
B32,Online/incremental 3D packing,INDUSTRIAL,ONLINE_PACKING,exact_gurobi,Gurobi,strengthened MIP model,SOURCE_INCOMPLETE,ADAPTER_MISSING,EXACT_MODEL,FULL_PROBLEM,0,0,0,0,0,0,0,0,0,0,0,0,0,0,SOURCE_PENDING
B32,Online/incremental 3D packing,INDUSTRIAL,ONLINE_PACKING,exact_scip,SCIP/PySCIPOpt,strengthened MIP model,SOURCE_INCOMPLETE,ADAPTER_MISSING,EXACT_MODEL,FULL_PROBLEM,0,0,0,0,0,0,0,0,0,0,0,0,0,0,SOURCE_PENDING
B32,Online/incremental 3D packing,INDUSTRIAL,ONLINE_PACKING,go_bp3d,gedex/bp3d,pivot greedy,SOURCE_INCOMPLETE,ADAPTER_MISSING,NATIVE,FULL_PROBLEM,0,0,0,0,0,0,0,0,0,0,0,0,0,0,SOURCE_PENDING
B32,Online/incremental 3D packing,INDUSTRIAL,ONLINE_PACKING,jerry,jerry800416/3D-bin-packing,pivot/fix-point greedy,SOURCE_INCOMPLETE,ADAPTER_MISSING,NATIVE,FULL_PROBLEM,0,0,0,0,0,0,0,0,0,0,0,0,0,0,SOURCE_PENDING
B32,Online/incremental 3D packing,INDUSTRIAL,ONLINE_PACKING,packingsolver_fork_box,PackingSolver fork,box portfolio,SOURCE_INCOMPLETE,ADAPTER_MISSING,NATIVE,FULL_PROBLEM,0,0,0,0,0,0,0,0,0,0,0,0,0,0,SOURCE_PENDING
B32,Online/incremental 3D packing,INDUSTRIAL,ONLINE_PACKING,packingsolver_fork_boxstacks,PackingSolver fork,boxstacks portfolio,SOURCE_INCOMPLETE,ADAPTER_MISSING,NATIVE,FULL_PROBLEM,0,0,0,0,0,0,0,0,0,0,0,0,0,0,SOURCE_PENDING
B32,Online/incremental 3D packing,INDUSTRIAL,ONLINE_PACKING,packingsolver_upstream_box,PackingSolver upstream,box portfolio,SOURCE_INCOMPLETE,ADAPTER_MISSING,NATIVE,FULL_PROBLEM,0,0,0,0,0,0,0,0,0,0,0,0,0,0,SOURCE_PENDING
B32,Online/incremental 3D packing,INDUSTRIAL,ONLINE_PACKING,packingsolver_upstream_boxstacks,PackingSolver upstream,boxstacks portfolio,SOURCE_INCOMPLETE,ADAPTER_MISSING,NATIVE,FULL_PROBLEM,0,0,0,0,0,0,0,0,0,0,0,0,0,0,SOURCE_PENDING
B32,Online/incremental 3D packing,INDUSTRIAL,ONLINE_PACKING,py3dbp,py3dbp,pivot greedy,SOURCE_INCOMPLETE,ADAPTER_MISSING,NATIVE,FULL_PROBLEM,0,0,0,0,0,0,0,0,0,0,0,0,0,0,SOURCE_PENDING
B32,Online/incremental 3D packing,INDUSTRIAL,ONLINE_PACKING,rust_brkga,u-nesting,BRKGA,SOURCE_INCOMPLETE,ADAPTER_MISSING,NATIVE,FULL_PROBLEM,0,0,0,0,0,0,0,0,0,0,0,0,0,0,SOURCE_PENDING
B32,Online/incremental 3D packing,INDUSTRIAL,ONLINE_PACKING,rust_extreme_point,u-nesting,ExtremePoint,SOURCE_INCOMPLETE,ADAPTER_MISSING,NATIVE,FULL_PROBLEM,0,0,0,0,0,0,0,0,0,0,0,0,0,0,SOURCE_PENDING
B32,Online/incremental 3D packing,INDUSTRIAL,ONLINE_PACKING,rust_ga,u-nesting,GA,SOURCE_INCOMPLETE,ADAPTER_MISSING,NATIVE,FULL_PROBLEM,0,0,0,0,0,0,0,0,0,0,0,0,0,0,SOURCE_PENDING
B32,Online/incremental 3D packing,INDUSTRIAL,ONLINE_PACKING,rust_layer,u-nesting,Layer/BottomLeftFill,SOURCE_INCOMPLETE,ADAPTER_MISSING,NATIVE,FULL_PROBLEM,0,0,0,0,0,0,0,0,0,0,0,0,0,0,SOURCE_PENDING
B32,Online/incremental 3D packing,INDUSTRIAL,ONLINE_PACKING,rust_sa,u-nesting,SA,SOURCE_INCOMPLETE,ADAPTER_MISSING,NATIVE,FULL_PROBLEM,0,0,0,0,0,0,0,0,0,0,0,0,0,0,SOURCE_PENDING
B32,Online/incremental 3D packing,INDUSTRIAL,ONLINE_PACKING,skjolber_fast_bruteforce,skjolber/3d-bin-container-packing,FastBruteForce,SOURCE_INCOMPLETE,ADAPTER_MISSING,NATIVE,FULL_PROBLEM,0,0,0,0,0,0,0,0,0,0,0,0,0,0,SOURCE_PENDING
B32,Online/incremental 3D packing,INDUSTRIAL,ONLINE_PACKING,skjolber_laff,skjolber/3d-bin-container-packing,LAFF,SOURCE_INCOMPLETE,ADAPTER_MISSING,NATIVE,FULL_PROBLEM,0,0,0,0,0,0,0,0,0,0,0,0,0,0,SOURCE_PENDING
B32,Online/incremental 3D packing,INDUSTRIAL,ONLINE_PACKING,skjolber_plain,skjolber/3d-bin-container-packing,Plain,SOURCE_INCOMPLETE,ADAPTER_MISSING,NATIVE,FULL_PROBLEM,0,0,0,0,0,0,0,0,0,0,0,0,0,0,SOURCE_PENDING
