benchmark_id,benchmark_name,category,problem_family,primary_metric,implementation_id,library,algorithm,technology,implementation_version,input_status,capability_status,comparison_track,problem_scope,run_status,solution_status,proof_status,termination_reason,status_reason
B01,ESICUP THPACK1-7 / BR,PUBLIC_QUALITY,VOLUME_KNAPSACK,packed_volume,exact_cp_sat,OR-Tools,strengthened CP-SAT model,C++ core/Python binding,9.15.6755,VALID,ADAPTER_MISSING,EXACT_MODEL,FULL_PROBLEM,NOT_RUN,NOT_APPLICABLE,NOT_APPLICABLE,ADAPTER_MISSING,capability=ADAPTER_MISSING; known_issues=not a prebuilt 3D packer; every problem family needs an explicit integer model
B01,ESICUP THPACK1-7 / BR,PUBLIC_QUALITY,VOLUME_KNAPSACK,packed_volume,exact_cplex,CPLEX,strengthened MIP model,native commercial/Python binding,22.1.2.0,VALID,ADAPTER_MISSING,EXACT_MODEL,FULL_PROBLEM,NOT_RUN,NOT_APPLICABLE,NOT_APPLICABLE,ADAPTER_MISSING,capability=ADAPTER_MISSING; known_issues=promotional license has a 1000-constraint limit | not a prebuilt 3D packer
B01,ESICUP THPACK1-7 / BR,PUBLIC_QUALITY,VOLUME_KNAPSACK,packed_volume,exact_gurobi,Gurobi,strengthened MIP model,native commercial/Python binding,13.0.3,VALID,ADAPTER_MISSING,EXACT_MODEL,FULL_PROBLEM,NOT_RUN,NOT_APPLICABLE,NOT_APPLICABLE,ADAPTER_MISSING,capability=ADAPTER_MISSING; known_issues=commercial production and redistribution licensing required | not a prebuilt 3D packer
B01,ESICUP THPACK1-7 / BR,PUBLIC_QUALITY,VOLUME_KNAPSACK,packed_volume,exact_scip,SCIP/PySCIPOpt,strengthened MIP model,C/C++ core/Python binding,6.2.1,VALID,ADAPTER_MISSING,EXACT_MODEL,FULL_PROBLEM,NOT_RUN,NOT_APPLICABLE,NOT_APPLICABLE,ADAPTER_MISSING,capability=ADAPTER_MISSING; known_issues=not a prebuilt 3D packer; every problem family needs an explicit model
B01,ESICUP THPACK1-7 / BR,PUBLIC_QUALITY,VOLUME_KNAPSACK,packed_volume,go_bp3d,gedex/bp3d,pivot greedy,Go sidecar,0ba3dcda7ab334c19b0979b1cf1fa05e09f33bc7,VALID,PROJECTION_ONLY,COMPOSED,GEOMETRY_PROJECTION,NOT_RUN,NOT_APPLICABLE,NOT_APPLICABLE,PLANNED,capability=PROJECTION_ONLY; known_issues=PutItem does not enforce cumulative MaxWeight | no per-item orientation subset
B01,ESICUP THPACK1-7 / BR,PUBLIC_QUALITY,VOLUME_KNAPSACK,packed_volume,jerry,jerry800416/3D-bin-packing,pivot/fix-point greedy,Python,75764a2b8a5c8e0a6713a4f672c0a8ff81b1107a,VALID,PROJECTION_ONLY,COMPOSED,GEOMETRY_PROJECTION,NOT_RUN,NOT_APPLICABLE,NOT_APPLICABLE,PLANNED,capability=PROJECTION_ONLY; known_issues=fix-point produced overlapping certificates | loadbear is a sort key rather than a hard load-bearing constraint
B01,ESICUP THPACK1-7 / BR,PUBLIC_QUALITY,VOLUME_KNAPSACK,packed_volume,packingsolver_fork_box,PackingSolver fork,box portfolio,C++14 CLI,d953148b8f710c06fa6c410949b7272f9e36327b,VALID,SUPPORTED_NATIVE,NATIVE,FULL_PROBLEM,NOT_RUN,NOT_APPLICABLE,NOT_APPLICABLE,PLANNED,capability=SUPPORTED_NATIVE; known_issues=column_generation returned an empty incumbent on THPACK9-47
B01,ESICUP THPACK1-7 / BR,PUBLIC_QUALITY,VOLUME_KNAPSACK,packed_volume,packingsolver_fork_boxstacks,PackingSolver fork,boxstacks portfolio,C++14 CLI,d953148b8f710c06fa6c410949b7272f9e36327b,VALID,ADAPTER_MISSING,NATIVE,FULL_PROBLEM,NOT_RUN,NOT_APPLICABLE,NOT_APPLICABLE,ADAPTER_MISSING,capability=ADAPTER_MISSING; known_issues=stack support is not a general contact/load-flow model
B01,ESICUP THPACK1-7 / BR,PUBLIC_QUALITY,VOLUME_KNAPSACK,packed_volume,packingsolver_upstream_box,PackingSolver upstream,box portfolio,C++14 CLI,367ebfdaad11424ded3696b7dae799a30c1375d0,VALID,SUPPORTED_NATIVE,NATIVE,FULL_PROBLEM,NOT_RUN,NOT_APPLICABLE,NOT_APPLICABLE,PLANNED,capability=SUPPORTED_NATIVE; known_issues=upstream issue #536 breaks variable-sized-bin-packing solution comparison
B01,ESICUP THPACK1-7 / BR,PUBLIC_QUALITY,VOLUME_KNAPSACK,packed_volume,packingsolver_upstream_boxstacks,PackingSolver upstream,boxstacks portfolio,C++14 CLI,367ebfdaad11424ded3696b7dae799a30c1375d0,VALID,ADAPTER_MISSING,NATIVE,FULL_PROBLEM,NOT_RUN,NOT_APPLICABLE,NOT_APPLICABLE,ADAPTER_MISSING,capability=ADAPTER_MISSING; known_issues=upstream issue #536 breaks variable-sized-bin-packing solution comparison | upstream issues #537 and #539 affect axle repair and degenerate truck geometry
B01,ESICUP THPACK1-7 / BR,PUBLIC_QUALITY,VOLUME_KNAPSACK,packed_volume,py3dbp,py3dbp,pivot greedy,Python,1.1.2,VALID,PROJECTION_ONLY,COMPOSED,GEOMETRY_PROJECTION,NOT_RUN,NOT_APPLICABLE,NOT_APPLICABLE,PLANNED,capability=PROJECTION_ONLY; known_issues=no per-item orientation subset or cost objective | quality is strongly input-order sensitive
B01,ESICUP THPACK1-7 / BR,PUBLIC_QUALITY,VOLUME_KNAPSACK,packed_volume,rust_brkga,u-nesting,BRKGA,Rust CLI/PyO3 candidate,8cde85b029e4ade663185dacb93fd74440af170d,VALID,PROJECTION_ONLY,COMPOSED,GEOMETRY_PROJECTION,NOT_RUN,NOT_APPLICABLE,NOT_APPLICABLE,PLANNED,capability=PROJECTION_ONLY; known_issues=shared layer decoder produced out-of-bounds certificates | seed and time limit were not wired to the effective runner
B01,ESICUP THPACK1-7 / BR,PUBLIC_QUALITY,VOLUME_KNAPSACK,packed_volume,rust_extreme_point,u-nesting,ExtremePoint,Rust CLI/PyO3 candidate,8cde85b029e4ade663185dacb93fd74440af170d,VALID,PROJECTION_ONLY,COMPOSED,GEOMETRY_PROJECTION,NOT_RUN,NOT_APPLICABLE,NOT_APPLICABLE,PLANNED,capability=PROJECTION_ONLY; known_issues=native API accepts one boundary; multi-bin results require a repeated-single-boundary adapter
B01,ESICUP THPACK1-7 / BR,PUBLIC_QUALITY,VOLUME_KNAPSACK,packed_volume,rust_ga,u-nesting,GA,Rust CLI/PyO3 candidate,8cde85b029e4ade663185dacb93fd74440af170d,VALID,PROJECTION_ONLY,COMPOSED,GEOMETRY_PROJECTION,NOT_RUN,NOT_APPLICABLE,NOT_APPLICABLE,PLANNED,capability=PROJECTION_ONLY; known_issues=shared layer decoder produced out-of-bounds certificates | seed and time limit were not wired to the effective runner
B01,ESICUP THPACK1-7 / BR,PUBLIC_QUALITY,VOLUME_KNAPSACK,packed_volume,rust_layer,u-nesting,Layer/BottomLeftFill,Rust CLI/PyO3 candidate,8cde85b029e4ade663185dacb93fd74440af170d,VALID,PROJECTION_ONLY,COMPOSED,GEOMETRY_PROJECTION,NOT_RUN,NOT_APPLICABLE,NOT_APPLICABLE,PLANNED,capability=PROJECTION_ONLY; known_issues=shared layer decoder produced out-of-bounds certificates
B01,ESICUP THPACK1-7 / BR,PUBLIC_QUALITY,VOLUME_KNAPSACK,packed_volume,rust_sa,u-nesting,SA,Rust CLI/PyO3 candidate,8cde85b029e4ade663185dacb93fd74440af170d,VALID,PROJECTION_ONLY,COMPOSED,GEOMETRY_PROJECTION,NOT_RUN,NOT_APPLICABLE,NOT_APPLICABLE,PLANNED,capability=PROJECTION_ONLY; known_issues=shared layer decoder produced out-of-bounds certificates | seed and time limit were not wired to the effective runner
B01,ESICUP THPACK1-7 / BR,PUBLIC_QUALITY,VOLUME_KNAPSACK,packed_volume,skjolber_fast_bruteforce,skjolber/3d-bin-container-packing,FastBruteForce,Java 21 sidecar,c73d52190c029a14e64f1bbdd2ea70452d1eb83d,VALID,ADAPTER_MISSING,NATIVE,FULL_PROBLEM,NOT_RUN,NOT_APPLICABLE,NOT_APPLICABLE,ADAPTER_MISSING,capability=ADAPTER_MISSING; known_issues=intended only for small instances | JVM sidecar integration and cross-process timing require a separate performance track
B01,ESICUP THPACK1-7 / BR,PUBLIC_QUALITY,VOLUME_KNAPSACK,packed_volume,skjolber_laff,skjolber/3d-bin-container-packing,LAFF,Java 21 sidecar,c73d52190c029a14e64f1bbdd2ea70452d1eb83d,VALID,ADAPTER_MISSING,NATIVE,FULL_PROBLEM,NOT_RUN,NOT_APPLICABLE,NOT_APPLICABLE,ADAPTER_MISSING,capability=ADAPTER_MISSING; known_issues=JVM sidecar integration and cross-process timing require a separate performance track
B01,ESICUP THPACK1-7 / BR,PUBLIC_QUALITY,VOLUME_KNAPSACK,packed_volume,skjolber_plain,skjolber/3d-bin-container-packing,Plain,Java 21 sidecar,c73d52190c029a14e64f1bbdd2ea70452d1eb83d,VALID,ADAPTER_MISSING,NATIVE,FULL_PROBLEM,NOT_RUN,NOT_APPLICABLE,NOT_APPLICABLE,ADAPTER_MISSING,capability=ADAPTER_MISSING; known_issues=JVM sidecar integration and cross-process timing require a separate performance track
B02,ESICUP THPACK8 / LN,PUBLIC_QUALITY,VOLUME_KNAPSACK,packed_volume,exact_cp_sat,OR-Tools,strengthened CP-SAT model,C++ core/Python binding,9.15.6755,VALID,ADAPTER_MISSING,EXACT_MODEL,FULL_PROBLEM,NOT_RUN,NOT_APPLICABLE,NOT_APPLICABLE,ADAPTER_MISSING,capability=ADAPTER_MISSING; known_issues=not a prebuilt 3D packer; every problem family needs an explicit integer model
B02,ESICUP THPACK8 / LN,PUBLIC_QUALITY,VOLUME_KNAPSACK,packed_volume,exact_cplex,CPLEX,strengthened MIP model,native commercial/Python binding,22.1.2.0,VALID,ADAPTER_MISSING,EXACT_MODEL,FULL_PROBLEM,NOT_RUN,NOT_APPLICABLE,NOT_APPLICABLE,ADAPTER_MISSING,capability=ADAPTER_MISSING; known_issues=promotional license has a 1000-constraint limit | not a prebuilt 3D packer
B02,ESICUP THPACK8 / LN,PUBLIC_QUALITY,VOLUME_KNAPSACK,packed_volume,exact_gurobi,Gurobi,strengthened MIP model,native commercial/Python binding,13.0.3,VALID,ADAPTER_MISSING,EXACT_MODEL,FULL_PROBLEM,NOT_RUN,NOT_APPLICABLE,NOT_APPLICABLE,ADAPTER_MISSING,capability=ADAPTER_MISSING; known_issues=commercial production and redistribution licensing required | not a prebuilt 3D packer
B02,ESICUP THPACK8 / LN,PUBLIC_QUALITY,VOLUME_KNAPSACK,packed_volume,exact_scip,SCIP/PySCIPOpt,strengthened MIP model,C/C++ core/Python binding,6.2.1,VALID,ADAPTER_MISSING,EXACT_MODEL,FULL_PROBLEM,NOT_RUN,NOT_APPLICABLE,NOT_APPLICABLE,ADAPTER_MISSING,capability=ADAPTER_MISSING; known_issues=not a prebuilt 3D packer; every problem family needs an explicit model
B02,ESICUP THPACK8 / LN,PUBLIC_QUALITY,VOLUME_KNAPSACK,packed_volume,go_bp3d,gedex/bp3d,pivot greedy,Go sidecar,0ba3dcda7ab334c19b0979b1cf1fa05e09f33bc7,VALID,PROJECTION_ONLY,COMPOSED,GEOMETRY_PROJECTION,NOT_RUN,NOT_APPLICABLE,NOT_APPLICABLE,PLANNED,capability=PROJECTION_ONLY; known_issues=PutItem does not enforce cumulative MaxWeight | no per-item orientation subset
B02,ESICUP THPACK8 / LN,PUBLIC_QUALITY,VOLUME_KNAPSACK,packed_volume,jerry,jerry800416/3D-bin-packing,pivot/fix-point greedy,Python,75764a2b8a5c8e0a6713a4f672c0a8ff81b1107a,VALID,PROJECTION_ONLY,COMPOSED,GEOMETRY_PROJECTION,NOT_RUN,NOT_APPLICABLE,NOT_APPLICABLE,PLANNED,capability=PROJECTION_ONLY; known_issues=fix-point produced overlapping certificates | loadbear is a sort key rather than a hard load-bearing constraint
B02,ESICUP THPACK8 / LN,PUBLIC_QUALITY,VOLUME_KNAPSACK,packed_volume,packingsolver_fork_box,PackingSolver fork,box portfolio,C++14 CLI,d953148b8f710c06fa6c410949b7272f9e36327b,VALID,SUPPORTED_NATIVE,NATIVE,FULL_PROBLEM,NOT_RUN,NOT_APPLICABLE,NOT_APPLICABLE,PLANNED,capability=SUPPORTED_NATIVE; known_issues=column_generation returned an empty incumbent on THPACK9-47
B02,ESICUP THPACK8 / LN,PUBLIC_QUALITY,VOLUME_KNAPSACK,packed_volume,packingsolver_fork_boxstacks,PackingSolver fork,boxstacks portfolio,C++14 CLI,d953148b8f710c06fa6c410949b7272f9e36327b,VALID,ADAPTER_MISSING,NATIVE,FULL_PROBLEM,NOT_RUN,NOT_APPLICABLE,NOT_APPLICABLE,ADAPTER_MISSING,capability=ADAPTER_MISSING; known_issues=stack support is not a general contact/load-flow model
B02,ESICUP THPACK8 / LN,PUBLIC_QUALITY,VOLUME_KNAPSACK,packed_volume,packingsolver_upstream_box,PackingSolver upstream,box portfolio,C++14 CLI,367ebfdaad11424ded3696b7dae799a30c1375d0,VALID,SUPPORTED_NATIVE,NATIVE,FULL_PROBLEM,NOT_RUN,NOT_APPLICABLE,NOT_APPLICABLE,PLANNED,capability=SUPPORTED_NATIVE; known_issues=upstream issue #536 breaks variable-sized-bin-packing solution comparison
B02,ESICUP THPACK8 / LN,PUBLIC_QUALITY,VOLUME_KNAPSACK,packed_volume,packingsolver_upstream_boxstacks,PackingSolver upstream,boxstacks portfolio,C++14 CLI,367ebfdaad11424ded3696b7dae799a30c1375d0,VALID,ADAPTER_MISSING,NATIVE,FULL_PROBLEM,NOT_RUN,NOT_APPLICABLE,NOT_APPLICABLE,ADAPTER_MISSING,capability=ADAPTER_MISSING; known_issues=upstream issue #536 breaks variable-sized-bin-packing solution comparison | upstream issues #537 and #539 affect axle repair and degenerate truck geometry
B02,ESICUP THPACK8 / LN,PUBLIC_QUALITY,VOLUME_KNAPSACK,packed_volume,py3dbp,py3dbp,pivot greedy,Python,1.1.2,VALID,PROJECTION_ONLY,COMPOSED,GEOMETRY_PROJECTION,NOT_RUN,NOT_APPLICABLE,NOT_APPLICABLE,PLANNED,capability=PROJECTION_ONLY; known_issues=no per-item orientation subset or cost objective | quality is strongly input-order sensitive
B02,ESICUP THPACK8 / LN,PUBLIC_QUALITY,VOLUME_KNAPSACK,packed_volume,rust_brkga,u-nesting,BRKGA,Rust CLI/PyO3 candidate,8cde85b029e4ade663185dacb93fd74440af170d,VALID,PROJECTION_ONLY,COMPOSED,GEOMETRY_PROJECTION,NOT_RUN,NOT_APPLICABLE,NOT_APPLICABLE,PLANNED,capability=PROJECTION_ONLY; known_issues=shared layer decoder produced out-of-bounds certificates | seed and time limit were not wired to the effective runner
B02,ESICUP THPACK8 / LN,PUBLIC_QUALITY,VOLUME_KNAPSACK,packed_volume,rust_extreme_point,u-nesting,ExtremePoint,Rust CLI/PyO3 candidate,8cde85b029e4ade663185dacb93fd74440af170d,VALID,PROJECTION_ONLY,COMPOSED,GEOMETRY_PROJECTION,NOT_RUN,NOT_APPLICABLE,NOT_APPLICABLE,PLANNED,capability=PROJECTION_ONLY; known_issues=native API accepts one boundary; multi-bin results require a repeated-single-boundary adapter
B02,ESICUP THPACK8 / LN,PUBLIC_QUALITY,VOLUME_KNAPSACK,packed_volume,rust_ga,u-nesting,GA,Rust CLI/PyO3 candidate,8cde85b029e4ade663185dacb93fd74440af170d,VALID,PROJECTION_ONLY,COMPOSED,GEOMETRY_PROJECTION,NOT_RUN,NOT_APPLICABLE,NOT_APPLICABLE,PLANNED,capability=PROJECTION_ONLY; known_issues=shared layer decoder produced out-of-bounds certificates | seed and time limit were not wired to the effective runner
B02,ESICUP THPACK8 / LN,PUBLIC_QUALITY,VOLUME_KNAPSACK,packed_volume,rust_layer,u-nesting,Layer/BottomLeftFill,Rust CLI/PyO3 candidate,8cde85b029e4ade663185dacb93fd74440af170d,VALID,PROJECTION_ONLY,COMPOSED,GEOMETRY_PROJECTION,NOT_RUN,NOT_APPLICABLE,NOT_APPLICABLE,PLANNED,capability=PROJECTION_ONLY; known_issues=shared layer decoder produced out-of-bounds certificates
B02,ESICUP THPACK8 / LN,PUBLIC_QUALITY,VOLUME_KNAPSACK,packed_volume,rust_sa,u-nesting,SA,Rust CLI/PyO3 candidate,8cde85b029e4ade663185dacb93fd74440af170d,VALID,PROJECTION_ONLY,COMPOSED,GEOMETRY_PROJECTION,NOT_RUN,NOT_APPLICABLE,NOT_APPLICABLE,PLANNED,capability=PROJECTION_ONLY; known_issues=shared layer decoder produced out-of-bounds certificates | seed and time limit were not wired to the effective runner
B02,ESICUP THPACK8 / LN,PUBLIC_QUALITY,VOLUME_KNAPSACK,packed_volume,skjolber_fast_bruteforce,skjolber/3d-bin-container-packing,FastBruteForce,Java 21 sidecar,c73d52190c029a14e64f1bbdd2ea70452d1eb83d,VALID,ADAPTER_MISSING,NATIVE,FULL_PROBLEM,NOT_RUN,NOT_APPLICABLE,NOT_APPLICABLE,ADAPTER_MISSING,capability=ADAPTER_MISSING; known_issues=intended only for small instances | JVM sidecar integration and cross-process timing require a separate performance track
B02,ESICUP THPACK8 / LN,PUBLIC_QUALITY,VOLUME_KNAPSACK,packed_volume,skjolber_laff,skjolber/3d-bin-container-packing,LAFF,Java 21 sidecar,c73d52190c029a14e64f1bbdd2ea70452d1eb83d,VALID,ADAPTER_MISSING,NATIVE,FULL_PROBLEM,NOT_RUN,NOT_APPLICABLE,NOT_APPLICABLE,ADAPTER_MISSING,capability=ADAPTER_MISSING; known_issues=JVM sidecar integration and cross-process timing require a separate performance track
B02,ESICUP THPACK8 / LN,PUBLIC_QUALITY,VOLUME_KNAPSACK,packed_volume,skjolber_plain,skjolber/3d-bin-container-packing,Plain,Java 21 sidecar,c73d52190c029a14e64f1bbdd2ea70452d1eb83d,VALID,ADAPTER_MISSING,NATIVE,FULL_PROBLEM,NOT_RUN,NOT_APPLICABLE,NOT_APPLICABLE,ADAPTER_MISSING,capability=ADAPTER_MISSING; known_issues=JVM sidecar integration and cross-process timing require a separate performance track
B03,Egeblad-Pisinger 3D-KP,PUBLIC_QUALITY,PROFIT_KNAPSACK,packed_profit,exact_cp_sat,OR-Tools,strengthened CP-SAT model,C++ core/Python binding,9.15.6755,VALID,ADAPTER_MISSING,EXACT_MODEL,FULL_PROBLEM,NOT_RUN,NOT_APPLICABLE,NOT_APPLICABLE,ADAPTER_MISSING,capability=ADAPTER_MISSING; known_issues=not a prebuilt 3D packer; every problem family needs an explicit integer model
B03,Egeblad-Pisinger 3D-KP,PUBLIC_QUALITY,PROFIT_KNAPSACK,packed_profit,exact_cplex,CPLEX,strengthened MIP model,native commercial/Python binding,22.1.2.0,VALID,ADAPTER_MISSING,EXACT_MODEL,FULL_PROBLEM,NOT_RUN,NOT_APPLICABLE,NOT_APPLICABLE,ADAPTER_MISSING,capability=ADAPTER_MISSING; known_issues=promotional license has a 1000-constraint limit | not a prebuilt 3D packer
B03,Egeblad-Pisinger 3D-KP,PUBLIC_QUALITY,PROFIT_KNAPSACK,packed_profit,exact_gurobi,Gurobi,strengthened MIP model,native commercial/Python binding,13.0.3,VALID,ADAPTER_MISSING,EXACT_MODEL,FULL_PROBLEM,NOT_RUN,NOT_APPLICABLE,NOT_APPLICABLE,ADAPTER_MISSING,capability=ADAPTER_MISSING; known_issues=commercial production and redistribution licensing required | not a prebuilt 3D packer
B03,Egeblad-Pisinger 3D-KP,PUBLIC_QUALITY,PROFIT_KNAPSACK,packed_profit,exact_scip,SCIP/PySCIPOpt,strengthened MIP model,C/C++ core/Python binding,6.2.1,VALID,ADAPTER_MISSING,EXACT_MODEL,FULL_PROBLEM,NOT_RUN,NOT_APPLICABLE,NOT_APPLICABLE,ADAPTER_MISSING,capability=ADAPTER_MISSING; known_issues=not a prebuilt 3D packer; every problem family needs an explicit model
B03,Egeblad-Pisinger 3D-KP,PUBLIC_QUALITY,PROFIT_KNAPSACK,packed_profit,go_bp3d,gedex/bp3d,pivot greedy,Go sidecar,0ba3dcda7ab334c19b0979b1cf1fa05e09f33bc7,VALID,PROJECTION_ONLY,COMPOSED,GEOMETRY_PROJECTION,NOT_RUN,NOT_APPLICABLE,NOT_APPLICABLE,PLANNED,capability=PROJECTION_ONLY; known_issues=PutItem does not enforce cumulative MaxWeight | no per-item orientation subset
B03,Egeblad-Pisinger 3D-KP,PUBLIC_QUALITY,PROFIT_KNAPSACK,packed_profit,jerry,jerry800416/3D-bin-packing,pivot/fix-point greedy,Python,75764a2b8a5c8e0a6713a4f672c0a8ff81b1107a,VALID,PROJECTION_ONLY,COMPOSED,GEOMETRY_PROJECTION,NOT_RUN,NOT_APPLICABLE,NOT_APPLICABLE,PLANNED,capability=PROJECTION_ONLY; known_issues=fix-point produced overlapping certificates | loadbear is a sort key rather than a hard load-bearing constraint
B03,Egeblad-Pisinger 3D-KP,PUBLIC_QUALITY,PROFIT_KNAPSACK,packed_profit,packingsolver_fork_box,PackingSolver fork,box portfolio,C++14 CLI,d953148b8f710c06fa6c410949b7272f9e36327b,VALID,SUPPORTED_NATIVE,NATIVE,FULL_PROBLEM,NOT_RUN,NOT_APPLICABLE,NOT_APPLICABLE,PLANNED,capability=SUPPORTED_NATIVE; known_issues=column_generation returned an empty incumbent on THPACK9-47
B03,Egeblad-Pisinger 3D-KP,PUBLIC_QUALITY,PROFIT_KNAPSACK,packed_profit,packingsolver_fork_boxstacks,PackingSolver fork,boxstacks portfolio,C++14 CLI,d953148b8f710c06fa6c410949b7272f9e36327b,VALID,ADAPTER_MISSING,NATIVE,FULL_PROBLEM,NOT_RUN,NOT_APPLICABLE,NOT_APPLICABLE,ADAPTER_MISSING,capability=ADAPTER_MISSING; known_issues=stack support is not a general contact/load-flow model
B03,Egeblad-Pisinger 3D-KP,PUBLIC_QUALITY,PROFIT_KNAPSACK,packed_profit,packingsolver_upstream_box,PackingSolver upstream,box portfolio,C++14 CLI,367ebfdaad11424ded3696b7dae799a30c1375d0,VALID,SUPPORTED_NATIVE,NATIVE,FULL_PROBLEM,NOT_RUN,NOT_APPLICABLE,NOT_APPLICABLE,PLANNED,capability=SUPPORTED_NATIVE; known_issues=upstream issue #536 breaks variable-sized-bin-packing solution comparison
B03,Egeblad-Pisinger 3D-KP,PUBLIC_QUALITY,PROFIT_KNAPSACK,packed_profit,packingsolver_upstream_boxstacks,PackingSolver upstream,boxstacks portfolio,C++14 CLI,367ebfdaad11424ded3696b7dae799a30c1375d0,VALID,ADAPTER_MISSING,NATIVE,FULL_PROBLEM,NOT_RUN,NOT_APPLICABLE,NOT_APPLICABLE,ADAPTER_MISSING,capability=ADAPTER_MISSING; known_issues=upstream issue #536 breaks variable-sized-bin-packing solution comparison | upstream issues #537 and #539 affect axle repair and degenerate truck geometry
B03,Egeblad-Pisinger 3D-KP,PUBLIC_QUALITY,PROFIT_KNAPSACK,packed_profit,py3dbp,py3dbp,pivot greedy,Python,1.1.2,VALID,PROJECTION_ONLY,COMPOSED,GEOMETRY_PROJECTION,NOT_RUN,NOT_APPLICABLE,NOT_APPLICABLE,PLANNED,capability=PROJECTION_ONLY; known_issues=no per-item orientation subset or cost objective | quality is strongly input-order sensitive
B03,Egeblad-Pisinger 3D-KP,PUBLIC_QUALITY,PROFIT_KNAPSACK,packed_profit,rust_brkga,u-nesting,BRKGA,Rust CLI/PyO3 candidate,8cde85b029e4ade663185dacb93fd74440af170d,VALID,ADAPTER_MISSING,NATIVE,FULL_PROBLEM,NOT_RUN,NOT_APPLICABLE,NOT_APPLICABLE,ADAPTER_MISSING,capability=ADAPTER_MISSING; known_issues=shared layer decoder produced out-of-bounds certificates | seed and time limit were not wired to the effective runner
B03,Egeblad-Pisinger 3D-KP,PUBLIC_QUALITY,PROFIT_KNAPSACK,packed_profit,rust_extreme_point,u-nesting,ExtremePoint,Rust CLI/PyO3 candidate,8cde85b029e4ade663185dacb93fd74440af170d,VALID,ADAPTER_MISSING,NATIVE,FULL_PROBLEM,NOT_RUN,NOT_APPLICABLE,NOT_APPLICABLE,ADAPTER_MISSING,capability=ADAPTER_MISSING; known_issues=native API accepts one boundary; multi-bin results require a repeated-single-boundary adapter
B03,Egeblad-Pisinger 3D-KP,PUBLIC_QUALITY,PROFIT_KNAPSACK,packed_profit,rust_ga,u-nesting,GA,Rust CLI/PyO3 candidate,8cde85b029e4ade663185dacb93fd74440af170d,VALID,ADAPTER_MISSING,NATIVE,FULL_PROBLEM,NOT_RUN,NOT_APPLICABLE,NOT_APPLICABLE,ADAPTER_MISSING,capability=ADAPTER_MISSING; known_issues=shared layer decoder produced out-of-bounds certificates | seed and time limit were not wired to the effective runner
B03,Egeblad-Pisinger 3D-KP,PUBLIC_QUALITY,PROFIT_KNAPSACK,packed_profit,rust_layer,u-nesting,Layer/BottomLeftFill,Rust CLI/PyO3 candidate,8cde85b029e4ade663185dacb93fd74440af170d,VALID,ADAPTER_MISSING,NATIVE,FULL_PROBLEM,NOT_RUN,NOT_APPLICABLE,NOT_APPLICABLE,ADAPTER_MISSING,capability=ADAPTER_MISSING; known_issues=shared layer decoder produced out-of-bounds certificates
B03,Egeblad-Pisinger 3D-KP,PUBLIC_QUALITY,PROFIT_KNAPSACK,packed_profit,rust_sa,u-nesting,SA,Rust CLI/PyO3 candidate,8cde85b029e4ade663185dacb93fd74440af170d,VALID,ADAPTER_MISSING,NATIVE,FULL_PROBLEM,NOT_RUN,NOT_APPLICABLE,NOT_APPLICABLE,ADAPTER_MISSING,capability=ADAPTER_MISSING; known_issues=shared layer decoder produced out-of-bounds certificates | seed and time limit were not wired to the effective runner
B03,Egeblad-Pisinger 3D-KP,PUBLIC_QUALITY,PROFIT_KNAPSACK,packed_profit,skjolber_fast_bruteforce,skjolber/3d-bin-container-packing,FastBruteForce,Java 21 sidecar,c73d52190c029a14e64f1bbdd2ea70452d1eb83d,VALID,ADAPTER_MISSING,NATIVE,FULL_PROBLEM,NOT_RUN,NOT_APPLICABLE,NOT_APPLICABLE,ADAPTER_MISSING,capability=ADAPTER_MISSING; known_issues=intended only for small instances | JVM sidecar integration and cross-process timing require a separate performance track
B03,Egeblad-Pisinger 3D-KP,PUBLIC_QUALITY,PROFIT_KNAPSACK,packed_profit,skjolber_laff,skjolber/3d-bin-container-packing,LAFF,Java 21 sidecar,c73d52190c029a14e64f1bbdd2ea70452d1eb83d,VALID,ADAPTER_MISSING,NATIVE,FULL_PROBLEM,NOT_RUN,NOT_APPLICABLE,NOT_APPLICABLE,ADAPTER_MISSING,capability=ADAPTER_MISSING; known_issues=JVM sidecar integration and cross-process timing require a separate performance track
B03,Egeblad-Pisinger 3D-KP,PUBLIC_QUALITY,PROFIT_KNAPSACK,packed_profit,skjolber_plain,skjolber/3d-bin-container-packing,Plain,Java 21 sidecar,c73d52190c029a14e64f1bbdd2ea70452d1eb83d,VALID,ADAPTER_MISSING,NATIVE,FULL_PROBLEM,NOT_RUN,NOT_APPLICABLE,NOT_APPLICABLE,ADAPTER_MISSING,capability=ADAPTER_MISSING; known_issues=JVM sidecar integration and cross-process timing require a separate performance track
B04,ESICUP THPACK9 / IMM,PUBLIC_QUALITY,IDENTICAL_BIN_PACKING,bins_used,exact_cp_sat,OR-Tools,strengthened CP-SAT model,C++ core/Python binding,9.15.6755,VALID,ADAPTER_MISSING,EXACT_MODEL,FULL_PROBLEM,NOT_RUN,NOT_APPLICABLE,NOT_APPLICABLE,ADAPTER_MISSING,capability=ADAPTER_MISSING; known_issues=not a prebuilt 3D packer; every problem family needs an explicit integer model
B04,ESICUP THPACK9 / IMM,PUBLIC_QUALITY,IDENTICAL_BIN_PACKING,bins_used,exact_cplex,CPLEX,strengthened MIP model,native commercial/Python binding,22.1.2.0,VALID,ADAPTER_MISSING,EXACT_MODEL,FULL_PROBLEM,NOT_RUN,NOT_APPLICABLE,NOT_APPLICABLE,ADAPTER_MISSING,capability=ADAPTER_MISSING; known_issues=promotional license has a 1000-constraint limit | not a prebuilt 3D packer
B04,ESICUP THPACK9 / IMM,PUBLIC_QUALITY,IDENTICAL_BIN_PACKING,bins_used,exact_gurobi,Gurobi,strengthened MIP model,native commercial/Python binding,13.0.3,VALID,ADAPTER_MISSING,EXACT_MODEL,FULL_PROBLEM,NOT_RUN,NOT_APPLICABLE,NOT_APPLICABLE,ADAPTER_MISSING,capability=ADAPTER_MISSING; known_issues=commercial production and redistribution licensing required | not a prebuilt 3D packer
B04,ESICUP THPACK9 / IMM,PUBLIC_QUALITY,IDENTICAL_BIN_PACKING,bins_used,exact_scip,SCIP/PySCIPOpt,strengthened MIP model,C/C++ core/Python binding,6.2.1,VALID,ADAPTER_MISSING,EXACT_MODEL,FULL_PROBLEM,NOT_RUN,NOT_APPLICABLE,NOT_APPLICABLE,ADAPTER_MISSING,capability=ADAPTER_MISSING; known_issues=not a prebuilt 3D packer; every problem family needs an explicit model
B04,ESICUP THPACK9 / IMM,PUBLIC_QUALITY,IDENTICAL_BIN_PACKING,bins_used,go_bp3d,gedex/bp3d,pivot greedy,Go sidecar,0ba3dcda7ab334c19b0979b1cf1fa05e09f33bc7,VALID,SUPPORTED_NATIVE,NATIVE,FULL_PROBLEM,NOT_RUN,NOT_APPLICABLE,NOT_APPLICABLE,PLANNED,capability=SUPPORTED_NATIVE; known_issues=PutItem does not enforce cumulative MaxWeight | no per-item orientation subset
B04,ESICUP THPACK9 / IMM,PUBLIC_QUALITY,IDENTICAL_BIN_PACKING,bins_used,jerry,jerry800416/3D-bin-packing,pivot/fix-point greedy,Python,75764a2b8a5c8e0a6713a4f672c0a8ff81b1107a,VALID,SUPPORTED_NATIVE,NATIVE,FULL_PROBLEM,NOT_RUN,NOT_APPLICABLE,NOT_APPLICABLE,PLANNED,capability=SUPPORTED_NATIVE; known_issues=fix-point produced overlapping certificates | loadbear is a sort key rather than a hard load-bearing constraint
B04,ESICUP THPACK9 / IMM,PUBLIC_QUALITY,IDENTICAL_BIN_PACKING,bins_used,packingsolver_fork_box,PackingSolver fork,box portfolio,C++14 CLI,d953148b8f710c06fa6c410949b7272f9e36327b,VALID,SUPPORTED_NATIVE,NATIVE,FULL_PROBLEM,NOT_RUN,NOT_APPLICABLE,NOT_APPLICABLE,PLANNED,capability=SUPPORTED_NATIVE; known_issues=column_generation returned an empty incumbent on THPACK9-47
B04,ESICUP THPACK9 / IMM,PUBLIC_QUALITY,IDENTICAL_BIN_PACKING,bins_used,packingsolver_fork_boxstacks,PackingSolver fork,boxstacks portfolio,C++14 CLI,d953148b8f710c06fa6c410949b7272f9e36327b,VALID,SUPPORTED_NATIVE,NATIVE,FULL_PROBLEM,NOT_RUN,NOT_APPLICABLE,NOT_APPLICABLE,PLANNED,capability=SUPPORTED_NATIVE; known_issues=stack support is not a general contact/load-flow model
B04,ESICUP THPACK9 / IMM,PUBLIC_QUALITY,IDENTICAL_BIN_PACKING,bins_used,packingsolver_upstream_box,PackingSolver upstream,box portfolio,C++14 CLI,367ebfdaad11424ded3696b7dae799a30c1375d0,VALID,SUPPORTED_NATIVE,NATIVE,FULL_PROBLEM,NOT_RUN,NOT_APPLICABLE,NOT_APPLICABLE,PLANNED,capability=SUPPORTED_NATIVE; known_issues=upstream issue #536 breaks variable-sized-bin-packing solution comparison
B04,ESICUP THPACK9 / IMM,PUBLIC_QUALITY,IDENTICAL_BIN_PACKING,bins_used,packingsolver_upstream_boxstacks,PackingSolver upstream,boxstacks portfolio,C++14 CLI,367ebfdaad11424ded3696b7dae799a30c1375d0,VALID,SUPPORTED_NATIVE,NATIVE,FULL_PROBLEM,NOT_RUN,NOT_APPLICABLE,NOT_APPLICABLE,PLANNED,capability=SUPPORTED_NATIVE; known_issues=upstream issue #536 breaks variable-sized-bin-packing solution comparison | upstream issues #537 and #539 affect axle repair and degenerate truck geometry
B04,ESICUP THPACK9 / IMM,PUBLIC_QUALITY,IDENTICAL_BIN_PACKING,bins_used,py3dbp,py3dbp,pivot greedy,Python,1.1.2,VALID,SUPPORTED_NATIVE,NATIVE,FULL_PROBLEM,NOT_RUN,NOT_APPLICABLE,NOT_APPLICABLE,PLANNED,capability=SUPPORTED_NATIVE; known_issues=no per-item orientation subset or cost objective | quality is strongly input-order sensitive
B04,ESICUP THPACK9 / IMM,PUBLIC_QUALITY,IDENTICAL_BIN_PACKING,bins_used,rust_brkga,u-nesting,BRKGA,Rust CLI/PyO3 candidate,8cde85b029e4ade663185dacb93fd74440af170d,VALID,SUPPORTED_COMPOSED,COMPOSED,FULL_PROBLEM,NOT_RUN,NOT_APPLICABLE,NOT_APPLICABLE,PLANNED,capability=SUPPORTED_COMPOSED; known_issues=shared layer decoder produced out-of-bounds certificates | seed and time limit were not wired to the effective runner
B04,ESICUP THPACK9 / IMM,PUBLIC_QUALITY,IDENTICAL_BIN_PACKING,bins_used,rust_extreme_point,u-nesting,ExtremePoint,Rust CLI/PyO3 candidate,8cde85b029e4ade663185dacb93fd74440af170d,VALID,SUPPORTED_COMPOSED,COMPOSED,FULL_PROBLEM,NOT_RUN,NOT_APPLICABLE,NOT_APPLICABLE,PLANNED,capability=SUPPORTED_COMPOSED; known_issues=native API accepts one boundary; multi-bin results require a repeated-single-boundary adapter
B04,ESICUP THPACK9 / IMM,PUBLIC_QUALITY,IDENTICAL_BIN_PACKING,bins_used,rust_ga,u-nesting,GA,Rust CLI/PyO3 candidate,8cde85b029e4ade663185dacb93fd74440af170d,VALID,SUPPORTED_COMPOSED,COMPOSED,FULL_PROBLEM,NOT_RUN,NOT_APPLICABLE,NOT_APPLICABLE,PLANNED,capability=SUPPORTED_COMPOSED; known_issues=shared layer decoder produced out-of-bounds certificates | seed and time limit were not wired to the effective runner
B04,ESICUP THPACK9 / IMM,PUBLIC_QUALITY,IDENTICAL_BIN_PACKING,bins_used,rust_layer,u-nesting,Layer/BottomLeftFill,Rust CLI/PyO3 candidate,8cde85b029e4ade663185dacb93fd74440af170d,VALID,SUPPORTED_COMPOSED,COMPOSED,FULL_PROBLEM,NOT_RUN,NOT_APPLICABLE,NOT_APPLICABLE,PLANNED,capability=SUPPORTED_COMPOSED; known_issues=shared layer decoder produced out-of-bounds certificates
B04,ESICUP THPACK9 / IMM,PUBLIC_QUALITY,IDENTICAL_BIN_PACKING,bins_used,rust_sa,u-nesting,SA,Rust CLI/PyO3 candidate,8cde85b029e4ade663185dacb93fd74440af170d,VALID,SUPPORTED_COMPOSED,COMPOSED,FULL_PROBLEM,NOT_RUN,NOT_APPLICABLE,NOT_APPLICABLE,PLANNED,capability=SUPPORTED_COMPOSED; known_issues=shared layer decoder produced out-of-bounds certificates | seed and time limit were not wired to the effective runner
B04,ESICUP THPACK9 / IMM,PUBLIC_QUALITY,IDENTICAL_BIN_PACKING,bins_used,skjolber_fast_bruteforce,skjolber/3d-bin-container-packing,FastBruteForce,Java 21 sidecar,c73d52190c029a14e64f1bbdd2ea70452d1eb83d,VALID,SUPPORTED_NATIVE,NATIVE,FULL_PROBLEM,NOT_RUN,NOT_APPLICABLE,NOT_APPLICABLE,PLANNED,capability=SUPPORTED_NATIVE; known_issues=intended only for small instances | JVM sidecar integration and cross-process timing require a separate performance track
B04,ESICUP THPACK9 / IMM,PUBLIC_QUALITY,IDENTICAL_BIN_PACKING,bins_used,skjolber_laff,skjolber/3d-bin-container-packing,LAFF,Java 21 sidecar,c73d52190c029a14e64f1bbdd2ea70452d1eb83d,VALID,SUPPORTED_NATIVE,NATIVE,FULL_PROBLEM,NOT_RUN,NOT_APPLICABLE,NOT_APPLICABLE,PLANNED,capability=SUPPORTED_NATIVE; known_issues=JVM sidecar integration and cross-process timing require a separate performance track
B04,ESICUP THPACK9 / IMM,PUBLIC_QUALITY,IDENTICAL_BIN_PACKING,bins_used,skjolber_plain,skjolber/3d-bin-container-packing,Plain,Java 21 sidecar,c73d52190c029a14e64f1bbdd2ea70452d1eb83d,VALID,SUPPORTED_NATIVE,NATIVE,FULL_PROBLEM,NOT_RUN,NOT_APPLICABLE,NOT_APPLICABLE,PLANNED,capability=SUPPORTED_NATIVE; known_issues=JVM sidecar integration and cross-process timing require a separate performance track
B05,Martello-Pisinger-Vigo 3D-BPP,PUBLIC_QUALITY,IDENTICAL_BIN_PACKING,bins_used,exact_cp_sat,OR-Tools,strengthened CP-SAT model,C++ core/Python binding,9.15.6755,SOURCE_INCOMPLETE,ADAPTER_MISSING,EXACT_MODEL,FULL_PROBLEM,NOT_RUN,NOT_APPLICABLE,NOT_APPLICABLE,SOURCE_PENDING,input=SOURCE_INCOMPLETE; capability=ADAPTER_MISSING; known_issues=not a prebuilt 3D packer; every problem family needs an explicit integer model
B05,Martello-Pisinger-Vigo 3D-BPP,PUBLIC_QUALITY,IDENTICAL_BIN_PACKING,bins_used,exact_cplex,CPLEX,strengthened MIP model,native commercial/Python binding,22.1.2.0,SOURCE_INCOMPLETE,ADAPTER_MISSING,EXACT_MODEL,FULL_PROBLEM,NOT_RUN,NOT_APPLICABLE,NOT_APPLICABLE,SOURCE_PENDING,input=SOURCE_INCOMPLETE; capability=ADAPTER_MISSING; known_issues=promotional license has a 1000-constraint limit | not a prebuilt 3D packer
B05,Martello-Pisinger-Vigo 3D-BPP,PUBLIC_QUALITY,IDENTICAL_BIN_PACKING,bins_used,exact_gurobi,Gurobi,strengthened MIP model,native commercial/Python binding,13.0.3,SOURCE_INCOMPLETE,ADAPTER_MISSING,EXACT_MODEL,FULL_PROBLEM,NOT_RUN,NOT_APPLICABLE,NOT_APPLICABLE,SOURCE_PENDING,input=SOURCE_INCOMPLETE; capability=ADAPTER_MISSING; known_issues=commercial production and redistribution licensing required | not a prebuilt 3D packer
B05,Martello-Pisinger-Vigo 3D-BPP,PUBLIC_QUALITY,IDENTICAL_BIN_PACKING,bins_used,exact_scip,SCIP/PySCIPOpt,strengthened MIP model,C/C++ core/Python binding,6.2.1,SOURCE_INCOMPLETE,ADAPTER_MISSING,EXACT_MODEL,FULL_PROBLEM,NOT_RUN,NOT_APPLICABLE,NOT_APPLICABLE,SOURCE_PENDING,input=SOURCE_INCOMPLETE; capability=ADAPTER_MISSING; known_issues=not a prebuilt 3D packer; every problem family needs an explicit model
B05,Martello-Pisinger-Vigo 3D-BPP,PUBLIC_QUALITY,IDENTICAL_BIN_PACKING,bins_used,go_bp3d,gedex/bp3d,pivot greedy,Go sidecar,0ba3dcda7ab334c19b0979b1cf1fa05e09f33bc7,SOURCE_INCOMPLETE,SUPPORTED_NATIVE,NATIVE,FULL_PROBLEM,NOT_RUN,NOT_APPLICABLE,NOT_APPLICABLE,SOURCE_PENDING,input=SOURCE_INCOMPLETE; capability=SUPPORTED_NATIVE; known_issues=PutItem does not enforce cumulative MaxWeight | no per-item orientation subset
B05,Martello-Pisinger-Vigo 3D-BPP,PUBLIC_QUALITY,IDENTICAL_BIN_PACKING,bins_used,jerry,jerry800416/3D-bin-packing,pivot/fix-point greedy,Python,75764a2b8a5c8e0a6713a4f672c0a8ff81b1107a,SOURCE_INCOMPLETE,SUPPORTED_NATIVE,NATIVE,FULL_PROBLEM,NOT_RUN,NOT_APPLICABLE,NOT_APPLICABLE,SOURCE_PENDING,input=SOURCE_INCOMPLETE; capability=SUPPORTED_NATIVE; known_issues=fix-point produced overlapping certificates | loadbear is a sort key rather than a hard load-bearing constraint
B05,Martello-Pisinger-Vigo 3D-BPP,PUBLIC_QUALITY,IDENTICAL_BIN_PACKING,bins_used,packingsolver_fork_box,PackingSolver fork,box portfolio,C++14 CLI,d953148b8f710c06fa6c410949b7272f9e36327b,SOURCE_INCOMPLETE,SUPPORTED_NATIVE,NATIVE,FULL_PROBLEM,NOT_RUN,NOT_APPLICABLE,NOT_APPLICABLE,SOURCE_PENDING,input=SOURCE_INCOMPLETE; capability=SUPPORTED_NATIVE; known_issues=column_generation returned an empty incumbent on THPACK9-47
B05,Martello-Pisinger-Vigo 3D-BPP,PUBLIC_QUALITY,IDENTICAL_BIN_PACKING,bins_used,packingsolver_fork_boxstacks,PackingSolver fork,boxstacks portfolio,C++14 CLI,d953148b8f710c06fa6c410949b7272f9e36327b,SOURCE_INCOMPLETE,SUPPORTED_NATIVE,NATIVE,FULL_PROBLEM,NOT_RUN,NOT_APPLICABLE,NOT_APPLICABLE,SOURCE_PENDING,input=SOURCE_INCOMPLETE; capability=SUPPORTED_NATIVE; known_issues=stack support is not a general contact/load-flow model
B05,Martello-Pisinger-Vigo 3D-BPP,PUBLIC_QUALITY,IDENTICAL_BIN_PACKING,bins_used,packingsolver_upstream_box,PackingSolver upstream,box portfolio,C++14 CLI,367ebfdaad11424ded3696b7dae799a30c1375d0,SOURCE_INCOMPLETE,SUPPORTED_NATIVE,NATIVE,FULL_PROBLEM,NOT_RUN,NOT_APPLICABLE,NOT_APPLICABLE,SOURCE_PENDING,input=SOURCE_INCOMPLETE; capability=SUPPORTED_NATIVE; known_issues=upstream issue #536 breaks variable-sized-bin-packing solution comparison
B05,Martello-Pisinger-Vigo 3D-BPP,PUBLIC_QUALITY,IDENTICAL_BIN_PACKING,bins_used,packingsolver_upstream_boxstacks,PackingSolver upstream,boxstacks portfolio,C++14 CLI,367ebfdaad11424ded3696b7dae799a30c1375d0,SOURCE_INCOMPLETE,SUPPORTED_NATIVE,NATIVE,FULL_PROBLEM,NOT_RUN,NOT_APPLICABLE,NOT_APPLICABLE,SOURCE_PENDING,input=SOURCE_INCOMPLETE; capability=SUPPORTED_NATIVE; known_issues=upstream issue #536 breaks variable-sized-bin-packing solution comparison | upstream issues #537 and #539 affect axle repair and degenerate truck geometry
B05,Martello-Pisinger-Vigo 3D-BPP,PUBLIC_QUALITY,IDENTICAL_BIN_PACKING,bins_used,py3dbp,py3dbp,pivot greedy,Python,1.1.2,SOURCE_INCOMPLETE,SUPPORTED_NATIVE,NATIVE,FULL_PROBLEM,NOT_RUN,NOT_APPLICABLE,NOT_APPLICABLE,SOURCE_PENDING,input=SOURCE_INCOMPLETE; capability=SUPPORTED_NATIVE; known_issues=no per-item orientation subset or cost objective | quality is strongly input-order sensitive
B05,Martello-Pisinger-Vigo 3D-BPP,PUBLIC_QUALITY,IDENTICAL_BIN_PACKING,bins_used,rust_brkga,u-nesting,BRKGA,Rust CLI/PyO3 candidate,8cde85b029e4ade663185dacb93fd74440af170d,SOURCE_INCOMPLETE,SUPPORTED_COMPOSED,COMPOSED,FULL_PROBLEM,NOT_RUN,NOT_APPLICABLE,NOT_APPLICABLE,SOURCE_PENDING,input=SOURCE_INCOMPLETE; capability=SUPPORTED_COMPOSED; known_issues=shared layer decoder produced out-of-bounds certificates | seed and time limit were not wired to the effective runner
B05,Martello-Pisinger-Vigo 3D-BPP,PUBLIC_QUALITY,IDENTICAL_BIN_PACKING,bins_used,rust_extreme_point,u-nesting,ExtremePoint,Rust CLI/PyO3 candidate,8cde85b029e4ade663185dacb93fd74440af170d,SOURCE_INCOMPLETE,SUPPORTED_COMPOSED,COMPOSED,FULL_PROBLEM,NOT_RUN,NOT_APPLICABLE,NOT_APPLICABLE,SOURCE_PENDING,input=SOURCE_INCOMPLETE; capability=SUPPORTED_COMPOSED; known_issues=native API accepts one boundary; multi-bin results require a repeated-single-boundary adapter
B05,Martello-Pisinger-Vigo 3D-BPP,PUBLIC_QUALITY,IDENTICAL_BIN_PACKING,bins_used,rust_ga,u-nesting,GA,Rust CLI/PyO3 candidate,8cde85b029e4ade663185dacb93fd74440af170d,SOURCE_INCOMPLETE,SUPPORTED_COMPOSED,COMPOSED,FULL_PROBLEM,NOT_RUN,NOT_APPLICABLE,NOT_APPLICABLE,SOURCE_PENDING,input=SOURCE_INCOMPLETE; capability=SUPPORTED_COMPOSED; known_issues=shared layer decoder produced out-of-bounds certificates | seed and time limit were not wired to the effective runner
B05,Martello-Pisinger-Vigo 3D-BPP,PUBLIC_QUALITY,IDENTICAL_BIN_PACKING,bins_used,rust_layer,u-nesting,Layer/BottomLeftFill,Rust CLI/PyO3 candidate,8cde85b029e4ade663185dacb93fd74440af170d,SOURCE_INCOMPLETE,SUPPORTED_COMPOSED,COMPOSED,FULL_PROBLEM,NOT_RUN,NOT_APPLICABLE,NOT_APPLICABLE,SOURCE_PENDING,input=SOURCE_INCOMPLETE; capability=SUPPORTED_COMPOSED; known_issues=shared layer decoder produced out-of-bounds certificates
B05,Martello-Pisinger-Vigo 3D-BPP,PUBLIC_QUALITY,IDENTICAL_BIN_PACKING,bins_used,rust_sa,u-nesting,SA,Rust CLI/PyO3 candidate,8cde85b029e4ade663185dacb93fd74440af170d,SOURCE_INCOMPLETE,SUPPORTED_COMPOSED,COMPOSED,FULL_PROBLEM,NOT_RUN,NOT_APPLICABLE,NOT_APPLICABLE,SOURCE_PENDING,input=SOURCE_INCOMPLETE; capability=SUPPORTED_COMPOSED; known_issues=shared layer decoder produced out-of-bounds certificates | seed and time limit were not wired to the effective runner
B05,Martello-Pisinger-Vigo 3D-BPP,PUBLIC_QUALITY,IDENTICAL_BIN_PACKING,bins_used,skjolber_fast_bruteforce,skjolber/3d-bin-container-packing,FastBruteForce,Java 21 sidecar,c73d52190c029a14e64f1bbdd2ea70452d1eb83d,SOURCE_INCOMPLETE,SUPPORTED_NATIVE,NATIVE,FULL_PROBLEM,NOT_RUN,NOT_APPLICABLE,NOT_APPLICABLE,SOURCE_PENDING,input=SOURCE_INCOMPLETE; capability=SUPPORTED_NATIVE; known_issues=intended only for small instances | JVM sidecar integration and cross-process timing require a separate performance track
B05,Martello-Pisinger-Vigo 3D-BPP,PUBLIC_QUALITY,IDENTICAL_BIN_PACKING,bins_used,skjolber_laff,skjolber/3d-bin-container-packing,LAFF,Java 21 sidecar,c73d52190c029a14e64f1bbdd2ea70452d1eb83d,SOURCE_INCOMPLETE,SUPPORTED_NATIVE,NATIVE,FULL_PROBLEM,NOT_RUN,NOT_APPLICABLE,NOT_APPLICABLE,SOURCE_PENDING,input=SOURCE_INCOMPLETE; capability=SUPPORTED_NATIVE; known_issues=JVM sidecar integration and cross-process timing require a separate performance track
B05,Martello-Pisinger-Vigo 3D-BPP,PUBLIC_QUALITY,IDENTICAL_BIN_PACKING,bins_used,skjolber_plain,skjolber/3d-bin-container-packing,Plain,Java 21 sidecar,c73d52190c029a14e64f1bbdd2ea70452d1eb83d,SOURCE_INCOMPLETE,SUPPORTED_NATIVE,NATIVE,FULL_PROBLEM,NOT_RUN,NOT_APPLICABLE,NOT_APPLICABLE,SOURCE_PENDING,input=SOURCE_INCOMPLETE; capability=SUPPORTED_NATIVE; known_issues=JVM sidecar integration and cross-process timing require a separate performance track
B06,Exact-oracle generated,PUBLIC_QUALITY,EXACT_ORACLE,objective_gap,exact_cp_sat,OR-Tools,strengthened CP-SAT model,C++ core/Python binding,9.15.6755,VALID,SUPPORTED_NATIVE,EXACT_MODEL,FULL_PROBLEM,NOT_RUN,NOT_APPLICABLE,NOT_APPLICABLE,PLANNED,capability=SUPPORTED_NATIVE; known_issues=not a prebuilt 3D packer; every problem family needs an explicit integer model
B06,Exact-oracle generated,PUBLIC_QUALITY,EXACT_ORACLE,objective_gap,exact_cplex,CPLEX,strengthened MIP model,native commercial/Python binding,22.1.2.0,VALID,SUPPORTED_NATIVE,EXACT_MODEL,FULL_PROBLEM,NOT_RUN,NOT_APPLICABLE,NOT_APPLICABLE,PLANNED,capability=SUPPORTED_NATIVE; known_issues=promotional license has a 1000-constraint limit | not a prebuilt 3D packer
B06,Exact-oracle generated,PUBLIC_QUALITY,EXACT_ORACLE,objective_gap,exact_gurobi,Gurobi,strengthened MIP model,native commercial/Python binding,13.0.3,VALID,SUPPORTED_NATIVE,EXACT_MODEL,FULL_PROBLEM,NOT_RUN,NOT_APPLICABLE,NOT_APPLICABLE,PLANNED,capability=SUPPORTED_NATIVE; known_issues=commercial production and redistribution licensing required | not a prebuilt 3D packer
B06,Exact-oracle generated,PUBLIC_QUALITY,EXACT_ORACLE,objective_gap,exact_scip,SCIP/PySCIPOpt,strengthened MIP model,C/C++ core/Python binding,6.2.1,VALID,SUPPORTED_NATIVE,EXACT_MODEL,FULL_PROBLEM,NOT_RUN,NOT_APPLICABLE,NOT_APPLICABLE,PLANNED,capability=SUPPORTED_NATIVE; known_issues=not a prebuilt 3D packer; every problem family needs an explicit model
B06,Exact-oracle generated,PUBLIC_QUALITY,EXACT_ORACLE,objective_gap,go_bp3d,gedex/bp3d,pivot greedy,Go sidecar,0ba3dcda7ab334c19b0979b1cf1fa05e09f33bc7,VALID,SUPPORTED_NATIVE,NATIVE,FULL_PROBLEM,NOT_RUN,NOT_APPLICABLE,NOT_APPLICABLE,PLANNED,capability=SUPPORTED_NATIVE; known_issues=PutItem does not enforce cumulative MaxWeight | no per-item orientation subset
B06,Exact-oracle generated,PUBLIC_QUALITY,EXACT_ORACLE,objective_gap,jerry,jerry800416/3D-bin-packing,pivot/fix-point greedy,Python,75764a2b8a5c8e0a6713a4f672c0a8ff81b1107a,VALID,SUPPORTED_NATIVE,NATIVE,FULL_PROBLEM,NOT_RUN,NOT_APPLICABLE,NOT_APPLICABLE,PLANNED,capability=SUPPORTED_NATIVE; known_issues=fix-point produced overlapping certificates | loadbear is a sort key rather than a hard load-bearing constraint
B06,Exact-oracle generated,PUBLIC_QUALITY,EXACT_ORACLE,objective_gap,packingsolver_fork_box,PackingSolver fork,box portfolio,C++14 CLI,d953148b8f710c06fa6c410949b7272f9e36327b,VALID,SUPPORTED_NATIVE,NATIVE,FULL_PROBLEM,NOT_RUN,NOT_APPLICABLE,NOT_APPLICABLE,PLANNED,capability=SUPPORTED_NATIVE; known_issues=column_generation returned an empty incumbent on THPACK9-47
B06,Exact-oracle generated,PUBLIC_QUALITY,EXACT_ORACLE,objective_gap,packingsolver_fork_boxstacks,PackingSolver fork,boxstacks portfolio,C++14 CLI,d953148b8f710c06fa6c410949b7272f9e36327b,VALID,SUPPORTED_NATIVE,NATIVE,FULL_PROBLEM,NOT_RUN,NOT_APPLICABLE,NOT_APPLICABLE,PLANNED,capability=SUPPORTED_NATIVE; known_issues=stack support is not a general contact/load-flow model
B06,Exact-oracle generated,PUBLIC_QUALITY,EXACT_ORACLE,objective_gap,packingsolver_upstream_box,PackingSolver upstream,box portfolio,C++14 CLI,367ebfdaad11424ded3696b7dae799a30c1375d0,VALID,SUPPORTED_NATIVE,NATIVE,FULL_PROBLEM,NOT_RUN,NOT_APPLICABLE,NOT_APPLICABLE,PLANNED,capability=SUPPORTED_NATIVE; known_issues=upstream issue #536 breaks variable-sized-bin-packing solution comparison
B06,Exact-oracle generated,PUBLIC_QUALITY,EXACT_ORACLE,objective_gap,packingsolver_upstream_boxstacks,PackingSolver upstream,boxstacks portfolio,C++14 CLI,367ebfdaad11424ded3696b7dae799a30c1375d0,VALID,SUPPORTED_NATIVE,NATIVE,FULL_PROBLEM,NOT_RUN,NOT_APPLICABLE,NOT_APPLICABLE,PLANNED,capability=SUPPORTED_NATIVE; known_issues=upstream issue #536 breaks variable-sized-bin-packing solution comparison | upstream issues #537 and #539 affect axle repair and degenerate truck geometry
B06,Exact-oracle generated,PUBLIC_QUALITY,EXACT_ORACLE,objective_gap,py3dbp,py3dbp,pivot greedy,Python,1.1.2,VALID,SUPPORTED_NATIVE,NATIVE,FULL_PROBLEM,NOT_RUN,NOT_APPLICABLE,NOT_APPLICABLE,PLANNED,capability=SUPPORTED_NATIVE; known_issues=no per-item orientation subset or cost objective | quality is strongly input-order sensitive
B06,Exact-oracle generated,PUBLIC_QUALITY,EXACT_ORACLE,objective_gap,rust_brkga,u-nesting,BRKGA,Rust CLI/PyO3 candidate,8cde85b029e4ade663185dacb93fd74440af170d,VALID,SUPPORTED_COMPOSED,COMPOSED,FULL_PROBLEM,NOT_RUN,NOT_APPLICABLE,NOT_APPLICABLE,PLANNED,capability=SUPPORTED_COMPOSED; known_issues=shared layer decoder produced out-of-bounds certificates | seed and time limit were not wired to the effective runner
B06,Exact-oracle generated,PUBLIC_QUALITY,EXACT_ORACLE,objective_gap,rust_extreme_point,u-nesting,ExtremePoint,Rust CLI/PyO3 candidate,8cde85b029e4ade663185dacb93fd74440af170d,VALID,SUPPORTED_COMPOSED,COMPOSED,FULL_PROBLEM,NOT_RUN,NOT_APPLICABLE,NOT_APPLICABLE,PLANNED,capability=SUPPORTED_COMPOSED; known_issues=native API accepts one boundary; multi-bin results require a repeated-single-boundary adapter
B06,Exact-oracle generated,PUBLIC_QUALITY,EXACT_ORACLE,objective_gap,rust_ga,u-nesting,GA,Rust CLI/PyO3 candidate,8cde85b029e4ade663185dacb93fd74440af170d,VALID,SUPPORTED_COMPOSED,COMPOSED,FULL_PROBLEM,NOT_RUN,NOT_APPLICABLE,NOT_APPLICABLE,PLANNED,capability=SUPPORTED_COMPOSED; known_issues=shared layer decoder produced out-of-bounds certificates | seed and time limit were not wired to the effective runner
B06,Exact-oracle generated,PUBLIC_QUALITY,EXACT_ORACLE,objective_gap,rust_layer,u-nesting,Layer/BottomLeftFill,Rust CLI/PyO3 candidate,8cde85b029e4ade663185dacb93fd74440af170d,VALID,SUPPORTED_COMPOSED,COMPOSED,FULL_PROBLEM,NOT_RUN,NOT_APPLICABLE,NOT_APPLICABLE,PLANNED,capability=SUPPORTED_COMPOSED; known_issues=shared layer decoder produced out-of-bounds certificates
B06,Exact-oracle generated,PUBLIC_QUALITY,EXACT_ORACLE,objective_gap,rust_sa,u-nesting,SA,Rust CLI/PyO3 candidate,8cde85b029e4ade663185dacb93fd74440af170d,VALID,SUPPORTED_COMPOSED,COMPOSED,FULL_PROBLEM,NOT_RUN,NOT_APPLICABLE,NOT_APPLICABLE,PLANNED,capability=SUPPORTED_COMPOSED; known_issues=shared layer decoder produced out-of-bounds certificates | seed and time limit were not wired to the effective runner
B06,Exact-oracle generated,PUBLIC_QUALITY,EXACT_ORACLE,objective_gap,skjolber_fast_bruteforce,skjolber/3d-bin-container-packing,FastBruteForce,Java 21 sidecar,c73d52190c029a14e64f1bbdd2ea70452d1eb83d,VALID,SUPPORTED_NATIVE,NATIVE,FULL_PROBLEM,NOT_RUN,NOT_APPLICABLE,NOT_APPLICABLE,PLANNED,capability=SUPPORTED_NATIVE; known_issues=intended only for small instances | JVM sidecar integration and cross-process timing require a separate performance track
B06,Exact-oracle generated,PUBLIC_QUALITY,EXACT_ORACLE,objective_gap,skjolber_laff,skjolber/3d-bin-container-packing,LAFF,Java 21 sidecar,c73d52190c029a14e64f1bbdd2ea70452d1eb83d,VALID,SUPPORTED_NATIVE,NATIVE,FULL_PROBLEM,NOT_RUN,NOT_APPLICABLE,NOT_APPLICABLE,PLANNED,capability=SUPPORTED_NATIVE; known_issues=JVM sidecar integration and cross-process timing require a separate performance track
B06,Exact-oracle generated,PUBLIC_QUALITY,EXACT_ORACLE,objective_gap,skjolber_plain,skjolber/3d-bin-container-packing,Plain,Java 21 sidecar,c73d52190c029a14e64f1bbdd2ea70452d1eb83d,VALID,SUPPORTED_NATIVE,NATIVE,FULL_PROBLEM,NOT_RUN,NOT_APPLICABLE,NOT_APPLICABLE,PLANNED,capability=SUPPORTED_NATIVE; known_issues=JVM sidecar integration and cross-process timing require a separate performance track
B07,Davies-Bischoff BR0/BR8-15,PUBLIC_QUALITY,VOLUME_KNAPSACK,packed_volume,exact_cp_sat,OR-Tools,strengthened CP-SAT model,C++ core/Python binding,9.15.6755,VALID,SUPPORTED_NATIVE,EXACT_MODEL,FULL_PROBLEM,NOT_RUN,NOT_APPLICABLE,NOT_APPLICABLE,PLANNED,capability=SUPPORTED_NATIVE; known_issues=not a prebuilt 3D packer; every problem family needs an explicit integer model
B07,Davies-Bischoff BR0/BR8-15,PUBLIC_QUALITY,VOLUME_KNAPSACK,packed_volume,exact_cplex,CPLEX,strengthened MIP model,native commercial/Python binding,22.1.2.0,VALID,SUPPORTED_NATIVE,EXACT_MODEL,FULL_PROBLEM,NOT_RUN,NOT_APPLICABLE,NOT_APPLICABLE,PLANNED,capability=SUPPORTED_NATIVE; known_issues=promotional license has a 1000-constraint limit | not a prebuilt 3D packer
B07,Davies-Bischoff BR0/BR8-15,PUBLIC_QUALITY,VOLUME_KNAPSACK,packed_volume,exact_gurobi,Gurobi,strengthened MIP model,native commercial/Python binding,13.0.3,VALID,SUPPORTED_NATIVE,EXACT_MODEL,FULL_PROBLEM,NOT_RUN,NOT_APPLICABLE,NOT_APPLICABLE,PLANNED,capability=SUPPORTED_NATIVE; known_issues=commercial production and redistribution licensing required | not a prebuilt 3D packer
B07,Davies-Bischoff BR0/BR8-15,PUBLIC_QUALITY,VOLUME_KNAPSACK,packed_volume,exact_scip,SCIP/PySCIPOpt,strengthened MIP model,C/C++ core/Python binding,6.2.1,VALID,SUPPORTED_NATIVE,EXACT_MODEL,FULL_PROBLEM,NOT_RUN,NOT_APPLICABLE,NOT_APPLICABLE,PLANNED,capability=SUPPORTED_NATIVE; known_issues=not a prebuilt 3D packer; every problem family needs an explicit model
B07,Davies-Bischoff BR0/BR8-15,PUBLIC_QUALITY,VOLUME_KNAPSACK,packed_volume,go_bp3d,gedex/bp3d,pivot greedy,Go sidecar,0ba3dcda7ab334c19b0979b1cf1fa05e09f33bc7,VALID,PROJECTION_ONLY,COMPOSED,GEOMETRY_PROJECTION,NOT_RUN,NOT_APPLICABLE,NOT_APPLICABLE,PLANNED,capability=PROJECTION_ONLY; known_issues=PutItem does not enforce cumulative MaxWeight | no per-item orientation subset
B07,Davies-Bischoff BR0/BR8-15,PUBLIC_QUALITY,VOLUME_KNAPSACK,packed_volume,jerry,jerry800416/3D-bin-packing,pivot/fix-point greedy,Python,75764a2b8a5c8e0a6713a4f672c0a8ff81b1107a,VALID,PROJECTION_ONLY,COMPOSED,GEOMETRY_PROJECTION,NOT_RUN,NOT_APPLICABLE,NOT_APPLICABLE,PLANNED,capability=PROJECTION_ONLY; known_issues=fix-point produced overlapping certificates | loadbear is a sort key rather than a hard load-bearing constraint
B07,Davies-Bischoff BR0/BR8-15,PUBLIC_QUALITY,VOLUME_KNAPSACK,packed_volume,packingsolver_fork_box,PackingSolver fork,box portfolio,C++14 CLI,d953148b8f710c06fa6c410949b7272f9e36327b,VALID,SUPPORTED_NATIVE,NATIVE,FULL_PROBLEM,NOT_RUN,NOT_APPLICABLE,NOT_APPLICABLE,PLANNED,capability=SUPPORTED_NATIVE; known_issues=column_generation returned an empty incumbent on THPACK9-47
B07,Davies-Bischoff BR0/BR8-15,PUBLIC_QUALITY,VOLUME_KNAPSACK,packed_volume,packingsolver_fork_boxstacks,PackingSolver fork,boxstacks portfolio,C++14 CLI,d953148b8f710c06fa6c410949b7272f9e36327b,VALID,ADAPTER_MISSING,NATIVE,FULL_PROBLEM,NOT_RUN,NOT_APPLICABLE,NOT_APPLICABLE,ADAPTER_MISSING,capability=ADAPTER_MISSING; known_issues=stack support is not a general contact/load-flow model
B07,Davies-Bischoff BR0/BR8-15,PUBLIC_QUALITY,VOLUME_KNAPSACK,packed_volume,packingsolver_upstream_box,PackingSolver upstream,box portfolio,C++14 CLI,367ebfdaad11424ded3696b7dae799a30c1375d0,VALID,SUPPORTED_NATIVE,NATIVE,FULL_PROBLEM,NOT_RUN,NOT_APPLICABLE,NOT_APPLICABLE,PLANNED,capability=SUPPORTED_NATIVE; known_issues=upstream issue #536 breaks variable-sized-bin-packing solution comparison
B07,Davies-Bischoff BR0/BR8-15,PUBLIC_QUALITY,VOLUME_KNAPSACK,packed_volume,packingsolver_upstream_boxstacks,PackingSolver upstream,boxstacks portfolio,C++14 CLI,367ebfdaad11424ded3696b7dae799a30c1375d0,VALID,ADAPTER_MISSING,NATIVE,FULL_PROBLEM,NOT_RUN,NOT_APPLICABLE,NOT_APPLICABLE,ADAPTER_MISSING,capability=ADAPTER_MISSING; known_issues=upstream issue #536 breaks variable-sized-bin-packing solution comparison | upstream issues #537 and #539 affect axle repair and degenerate truck geometry
B07,Davies-Bischoff BR0/BR8-15,PUBLIC_QUALITY,VOLUME_KNAPSACK,packed_volume,py3dbp,py3dbp,pivot greedy,Python,1.1.2,VALID,PROJECTION_ONLY,COMPOSED,GEOMETRY_PROJECTION,NOT_RUN,NOT_APPLICABLE,NOT_APPLICABLE,PLANNED,capability=PROJECTION_ONLY; known_issues=no per-item orientation subset or cost objective | quality is strongly input-order sensitive
B07,Davies-Bischoff BR0/BR8-15,PUBLIC_QUALITY,VOLUME_KNAPSACK,packed_volume,rust_brkga,u-nesting,BRKGA,Rust CLI/PyO3 candidate,8cde85b029e4ade663185dacb93fd74440af170d,VALID,PROJECTION_ONLY,COMPOSED,GEOMETRY_PROJECTION,NOT_RUN,NOT_APPLICABLE,NOT_APPLICABLE,PLANNED,capability=PROJECTION_ONLY; known_issues=shared layer decoder produced out-of-bounds certificates | seed and time limit were not wired to the effective runner
B07,Davies-Bischoff BR0/BR8-15,PUBLIC_QUALITY,VOLUME_KNAPSACK,packed_volume,rust_extreme_point,u-nesting,ExtremePoint,Rust CLI/PyO3 candidate,8cde85b029e4ade663185dacb93fd74440af170d,VALID,PROJECTION_ONLY,COMPOSED,GEOMETRY_PROJECTION,NOT_RUN,NOT_APPLICABLE,NOT_APPLICABLE,PLANNED,capability=PROJECTION_ONLY; known_issues=native API accepts one boundary; multi-bin results require a repeated-single-boundary adapter
B07,Davies-Bischoff BR0/BR8-15,PUBLIC_QUALITY,VOLUME_KNAPSACK,packed_volume,rust_ga,u-nesting,GA,Rust CLI/PyO3 candidate,8cde85b029e4ade663185dacb93fd74440af170d,VALID,PROJECTION_ONLY,COMPOSED,GEOMETRY_PROJECTION,NOT_RUN,NOT_APPLICABLE,NOT_APPLICABLE,PLANNED,capability=PROJECTION_ONLY; known_issues=shared layer decoder produced out-of-bounds certificates | seed and time limit were not wired to the effective runner
B07,Davies-Bischoff BR0/BR8-15,PUBLIC_QUALITY,VOLUME_KNAPSACK,packed_volume,rust_layer,u-nesting,Layer/BottomLeftFill,Rust CLI/PyO3 candidate,8cde85b029e4ade663185dacb93fd74440af170d,VALID,PROJECTION_ONLY,COMPOSED,GEOMETRY_PROJECTION,NOT_RUN,NOT_APPLICABLE,NOT_APPLICABLE,PLANNED,capability=PROJECTION_ONLY; known_issues=shared layer decoder produced out-of-bounds certificates
B07,Davies-Bischoff BR0/BR8-15,PUBLIC_QUALITY,VOLUME_KNAPSACK,packed_volume,rust_sa,u-nesting,SA,Rust CLI/PyO3 candidate,8cde85b029e4ade663185dacb93fd74440af170d,VALID,PROJECTION_ONLY,COMPOSED,GEOMETRY_PROJECTION,NOT_RUN,NOT_APPLICABLE,NOT_APPLICABLE,PLANNED,capability=PROJECTION_ONLY; known_issues=shared layer decoder produced out-of-bounds certificates | seed and time limit were not wired to the effective runner
B07,Davies-Bischoff BR0/BR8-15,PUBLIC_QUALITY,VOLUME_KNAPSACK,packed_volume,skjolber_fast_bruteforce,skjolber/3d-bin-container-packing,FastBruteForce,Java 21 sidecar,c73d52190c029a14e64f1bbdd2ea70452d1eb83d,VALID,ADAPTER_MISSING,NATIVE,FULL_PROBLEM,NOT_RUN,NOT_APPLICABLE,NOT_APPLICABLE,ADAPTER_MISSING,capability=ADAPTER_MISSING; known_issues=intended only for small instances | JVM sidecar integration and cross-process timing require a separate performance track
B07,Davies-Bischoff BR0/BR8-15,PUBLIC_QUALITY,VOLUME_KNAPSACK,packed_volume,skjolber_laff,skjolber/3d-bin-container-packing,LAFF,Java 21 sidecar,c73d52190c029a14e64f1bbdd2ea70452d1eb83d,VALID,ADAPTER_MISSING,NATIVE,FULL_PROBLEM,NOT_RUN,NOT_APPLICABLE,NOT_APPLICABLE,ADAPTER_MISSING,capability=ADAPTER_MISSING; known_issues=JVM sidecar integration and cross-process timing require a separate performance track
B07,Davies-Bischoff BR0/BR8-15,PUBLIC_QUALITY,VOLUME_KNAPSACK,packed_volume,skjolber_plain,skjolber/3d-bin-container-packing,Plain,Java 21 sidecar,c73d52190c029a14e64f1bbdd2ea70452d1eb83d,VALID,ADAPTER_MISSING,NATIVE,FULL_PROBLEM,NOT_RUN,NOT_APPLICABLE,NOT_APPLICABLE,ADAPTER_MISSING,capability=ADAPTER_MISSING; known_issues=JVM sidecar integration and cross-process timing require a separate performance track
B08,Public 3D multiple-bin-size/cost,PUBLIC_QUALITY,VARIABLE_COST_BIN_PACKING,total_cost,exact_cp_sat,OR-Tools,strengthened CP-SAT model,C++ core/Python binding,9.15.6755,SOURCE_INCOMPLETE,ADAPTER_MISSING,EXACT_MODEL,FULL_PROBLEM,NOT_RUN,NOT_APPLICABLE,NOT_APPLICABLE,SOURCE_PENDING,input=SOURCE_INCOMPLETE; capability=ADAPTER_MISSING; known_issues=not a prebuilt 3D packer; every problem family needs an explicit integer model
B08,Public 3D multiple-bin-size/cost,PUBLIC_QUALITY,VARIABLE_COST_BIN_PACKING,total_cost,exact_cplex,CPLEX,strengthened MIP model,native commercial/Python binding,22.1.2.0,SOURCE_INCOMPLETE,ADAPTER_MISSING,EXACT_MODEL,FULL_PROBLEM,NOT_RUN,NOT_APPLICABLE,NOT_APPLICABLE,SOURCE_PENDING,input=SOURCE_INCOMPLETE; capability=ADAPTER_MISSING; known_issues=promotional license has a 1000-constraint limit | not a prebuilt 3D packer
B08,Public 3D multiple-bin-size/cost,PUBLIC_QUALITY,VARIABLE_COST_BIN_PACKING,total_cost,exact_gurobi,Gurobi,strengthened MIP model,native commercial/Python binding,13.0.3,SOURCE_INCOMPLETE,ADAPTER_MISSING,EXACT_MODEL,FULL_PROBLEM,NOT_RUN,NOT_APPLICABLE,NOT_APPLICABLE,SOURCE_PENDING,input=SOURCE_INCOMPLETE; capability=ADAPTER_MISSING; known_issues=commercial production and redistribution licensing required | not a prebuilt 3D packer
B08,Public 3D multiple-bin-size/cost,PUBLIC_QUALITY,VARIABLE_COST_BIN_PACKING,total_cost,exact_scip,SCIP/PySCIPOpt,strengthened MIP model,C/C++ core/Python binding,6.2.1,SOURCE_INCOMPLETE,ADAPTER_MISSING,EXACT_MODEL,FULL_PROBLEM,NOT_RUN,NOT_APPLICABLE,NOT_APPLICABLE,SOURCE_PENDING,input=SOURCE_INCOMPLETE; capability=ADAPTER_MISSING; known_issues=not a prebuilt 3D packer; every problem family needs an explicit model
B08,Public 3D multiple-bin-size/cost,PUBLIC_QUALITY,VARIABLE_COST_BIN_PACKING,total_cost,go_bp3d,gedex/bp3d,pivot greedy,Go sidecar,0ba3dcda7ab334c19b0979b1cf1fa05e09f33bc7,SOURCE_INCOMPLETE,ADAPTER_MISSING,NATIVE,FULL_PROBLEM,NOT_RUN,NOT_APPLICABLE,NOT_APPLICABLE,SOURCE_PENDING,input=SOURCE_INCOMPLETE; capability=ADAPTER_MISSING; known_issues=PutItem does not enforce cumulative MaxWeight | no per-item orientation subset
B08,Public 3D multiple-bin-size/cost,PUBLIC_QUALITY,VARIABLE_COST_BIN_PACKING,total_cost,jerry,jerry800416/3D-bin-packing,pivot/fix-point greedy,Python,75764a2b8a5c8e0a6713a4f672c0a8ff81b1107a,SOURCE_INCOMPLETE,ADAPTER_MISSING,NATIVE,FULL_PROBLEM,NOT_RUN,NOT_APPLICABLE,NOT_APPLICABLE,SOURCE_PENDING,input=SOURCE_INCOMPLETE; capability=ADAPTER_MISSING; known_issues=fix-point produced overlapping certificates | loadbear is a sort key rather than a hard load-bearing constraint
B08,Public 3D multiple-bin-size/cost,PUBLIC_QUALITY,VARIABLE_COST_BIN_PACKING,total_cost,packingsolver_fork_box,PackingSolver fork,box portfolio,C++14 CLI,d953148b8f710c06fa6c410949b7272f9e36327b,SOURCE_INCOMPLETE,SUPPORTED_NATIVE,NATIVE,FULL_PROBLEM,NOT_RUN,NOT_APPLICABLE,NOT_APPLICABLE,SOURCE_PENDING,input=SOURCE_INCOMPLETE; capability=SUPPORTED_NATIVE; known_issues=column_generation returned an empty incumbent on THPACK9-47
B08,Public 3D multiple-bin-size/cost,PUBLIC_QUALITY,VARIABLE_COST_BIN_PACKING,total_cost,packingsolver_fork_boxstacks,PackingSolver fork,boxstacks portfolio,C++14 CLI,d953148b8f710c06fa6c410949b7272f9e36327b,SOURCE_INCOMPLETE,SUPPORTED_NATIVE,NATIVE,FULL_PROBLEM,NOT_RUN,NOT_APPLICABLE,NOT_APPLICABLE,SOURCE_PENDING,input=SOURCE_INCOMPLETE; capability=SUPPORTED_NATIVE; known_issues=stack support is not a general contact/load-flow model
B08,Public 3D multiple-bin-size/cost,PUBLIC_QUALITY,VARIABLE_COST_BIN_PACKING,total_cost,packingsolver_upstream_box,PackingSolver upstream,box portfolio,C++14 CLI,367ebfdaad11424ded3696b7dae799a30c1375d0,SOURCE_INCOMPLETE,SUPPORTED_NATIVE,NATIVE,FULL_PROBLEM,NOT_RUN,NOT_APPLICABLE,NOT_APPLICABLE,SOURCE_PENDING,input=SOURCE_INCOMPLETE; capability=SUPPORTED_NATIVE; known_issues=upstream issue #536 breaks variable-sized-bin-packing solution comparison
B08,Public 3D multiple-bin-size/cost,PUBLIC_QUALITY,VARIABLE_COST_BIN_PACKING,total_cost,packingsolver_upstream_boxstacks,PackingSolver upstream,boxstacks portfolio,C++14 CLI,367ebfdaad11424ded3696b7dae799a30c1375d0,SOURCE_INCOMPLETE,SUPPORTED_NATIVE,NATIVE,FULL_PROBLEM,NOT_RUN,NOT_APPLICABLE,NOT_APPLICABLE,SOURCE_PENDING,input=SOURCE_INCOMPLETE; capability=SUPPORTED_NATIVE; known_issues=upstream issue #536 breaks variable-sized-bin-packing solution comparison | upstream issues #537 and #539 affect axle repair and degenerate truck geometry
B08,Public 3D multiple-bin-size/cost,PUBLIC_QUALITY,VARIABLE_COST_BIN_PACKING,total_cost,py3dbp,py3dbp,pivot greedy,Python,1.1.2,SOURCE_INCOMPLETE,ADAPTER_MISSING,NATIVE,FULL_PROBLEM,NOT_RUN,NOT_APPLICABLE,NOT_APPLICABLE,SOURCE_PENDING,input=SOURCE_INCOMPLETE; capability=ADAPTER_MISSING; known_issues=no per-item orientation subset or cost objective | quality is strongly input-order sensitive
B08,Public 3D multiple-bin-size/cost,PUBLIC_QUALITY,VARIABLE_COST_BIN_PACKING,total_cost,rust_brkga,u-nesting,BRKGA,Rust CLI/PyO3 candidate,8cde85b029e4ade663185dacb93fd74440af170d,SOURCE_INCOMPLETE,ADAPTER_MISSING,NATIVE,FULL_PROBLEM,NOT_RUN,NOT_APPLICABLE,NOT_APPLICABLE,SOURCE_PENDING,input=SOURCE_INCOMPLETE; capability=ADAPTER_MISSING; known_issues=shared layer decoder produced out-of-bounds certificates | seed and time limit were not wired to the effective runner
B08,Public 3D multiple-bin-size/cost,PUBLIC_QUALITY,VARIABLE_COST_BIN_PACKING,total_cost,rust_extreme_point,u-nesting,ExtremePoint,Rust CLI/PyO3 candidate,8cde85b029e4ade663185dacb93fd74440af170d,SOURCE_INCOMPLETE,ADAPTER_MISSING,NATIVE,FULL_PROBLEM,NOT_RUN,NOT_APPLICABLE,NOT_APPLICABLE,SOURCE_PENDING,input=SOURCE_INCOMPLETE; capability=ADAPTER_MISSING; known_issues=native API accepts one boundary; multi-bin results require a repeated-single-boundary adapter
B08,Public 3D multiple-bin-size/cost,PUBLIC_QUALITY,VARIABLE_COST_BIN_PACKING,total_cost,rust_ga,u-nesting,GA,Rust CLI/PyO3 candidate,8cde85b029e4ade663185dacb93fd74440af170d,SOURCE_INCOMPLETE,ADAPTER_MISSING,NATIVE,FULL_PROBLEM,NOT_RUN,NOT_APPLICABLE,NOT_APPLICABLE,SOURCE_PENDING,input=SOURCE_INCOMPLETE; capability=ADAPTER_MISSING; known_issues=shared layer decoder produced out-of-bounds certificates | seed and time limit were not wired to the effective runner
B08,Public 3D multiple-bin-size/cost,PUBLIC_QUALITY,VARIABLE_COST_BIN_PACKING,total_cost,rust_layer,u-nesting,Layer/BottomLeftFill,Rust CLI/PyO3 candidate,8cde85b029e4ade663185dacb93fd74440af170d,SOURCE_INCOMPLETE,ADAPTER_MISSING,NATIVE,FULL_PROBLEM,NOT_RUN,NOT_APPLICABLE,NOT_APPLICABLE,SOURCE_PENDING,input=SOURCE_INCOMPLETE; capability=ADAPTER_MISSING; known_issues=shared layer decoder produced out-of-bounds certificates
B08,Public 3D multiple-bin-size/cost,PUBLIC_QUALITY,VARIABLE_COST_BIN_PACKING,total_cost,rust_sa,u-nesting,SA,Rust CLI/PyO3 candidate,8cde85b029e4ade663185dacb93fd74440af170d,SOURCE_INCOMPLETE,ADAPTER_MISSING,NATIVE,FULL_PROBLEM,NOT_RUN,NOT_APPLICABLE,NOT_APPLICABLE,SOURCE_PENDING,input=SOURCE_INCOMPLETE; capability=ADAPTER_MISSING; known_issues=shared layer decoder produced out-of-bounds certificates | seed and time limit were not wired to the effective runner
B08,Public 3D multiple-bin-size/cost,PUBLIC_QUALITY,VARIABLE_COST_BIN_PACKING,total_cost,skjolber_fast_bruteforce,skjolber/3d-bin-container-packing,FastBruteForce,Java 21 sidecar,c73d52190c029a14e64f1bbdd2ea70452d1eb83d,SOURCE_INCOMPLETE,ADAPTER_MISSING,NATIVE,FULL_PROBLEM,NOT_RUN,NOT_APPLICABLE,NOT_APPLICABLE,SOURCE_PENDING,input=SOURCE_INCOMPLETE; capability=ADAPTER_MISSING; known_issues=intended only for small instances | JVM sidecar integration and cross-process timing require a separate performance track
B08,Public 3D multiple-bin-size/cost,PUBLIC_QUALITY,VARIABLE_COST_BIN_PACKING,total_cost,skjolber_laff,skjolber/3d-bin-container-packing,LAFF,Java 21 sidecar,c73d52190c029a14e64f1bbdd2ea70452d1eb83d,SOURCE_INCOMPLETE,ADAPTER_MISSING,NATIVE,FULL_PROBLEM,NOT_RUN,NOT_APPLICABLE,NOT_APPLICABLE,SOURCE_PENDING,input=SOURCE_INCOMPLETE; capability=ADAPTER_MISSING; known_issues=JVM sidecar integration and cross-process timing require a separate performance track
B08,Public 3D multiple-bin-size/cost,PUBLIC_QUALITY,VARIABLE_COST_BIN_PACKING,total_cost,skjolber_plain,skjolber/3d-bin-container-packing,Plain,Java 21 sidecar,c73d52190c029a14e64f1bbdd2ea70452d1eb83d,SOURCE_INCOMPLETE,ADAPTER_MISSING,NATIVE,FULL_PROBLEM,NOT_RUN,NOT_APPLICABLE,NOT_APPLICABLE,SOURCE_PENDING,input=SOURCE_INCOMPLETE; capability=ADAPTER_MISSING; known_issues=JVM sidecar integration and cross-process timing require a separate performance track
B09,Variable-cost exact truth,CONSTRAINT_CONFORMANCE,VARIABLE_COST_BIN_PACKING,total_cost,exact_cp_sat,OR-Tools,strengthened CP-SAT model,C++ core/Python binding,9.15.6755,VALID,SUPPORTED_NATIVE,EXACT_MODEL,FULL_PROBLEM,NOT_RUN,NOT_APPLICABLE,NOT_APPLICABLE,PLANNED,capability=SUPPORTED_NATIVE; known_issues=not a prebuilt 3D packer; every problem family needs an explicit integer model
B09,Variable-cost exact truth,CONSTRAINT_CONFORMANCE,VARIABLE_COST_BIN_PACKING,total_cost,exact_cplex,CPLEX,strengthened MIP model,native commercial/Python binding,22.1.2.0,VALID,SUPPORTED_NATIVE,EXACT_MODEL,FULL_PROBLEM,NOT_RUN,NOT_APPLICABLE,NOT_APPLICABLE,PLANNED,capability=SUPPORTED_NATIVE; known_issues=promotional license has a 1000-constraint limit | not a prebuilt 3D packer
B09,Variable-cost exact truth,CONSTRAINT_CONFORMANCE,VARIABLE_COST_BIN_PACKING,total_cost,exact_gurobi,Gurobi,strengthened MIP model,native commercial/Python binding,13.0.3,VALID,SUPPORTED_NATIVE,EXACT_MODEL,FULL_PROBLEM,NOT_RUN,NOT_APPLICABLE,NOT_APPLICABLE,PLANNED,capability=SUPPORTED_NATIVE; known_issues=commercial production and redistribution licensing required | not a prebuilt 3D packer
B09,Variable-cost exact truth,CONSTRAINT_CONFORMANCE,VARIABLE_COST_BIN_PACKING,total_cost,exact_scip,SCIP/PySCIPOpt,strengthened MIP model,C/C++ core/Python binding,6.2.1,VALID,SUPPORTED_NATIVE,EXACT_MODEL,FULL_PROBLEM,NOT_RUN,NOT_APPLICABLE,NOT_APPLICABLE,PLANNED,capability=SUPPORTED_NATIVE; known_issues=not a prebuilt 3D packer; every problem family needs an explicit model
B09,Variable-cost exact truth,CONSTRAINT_CONFORMANCE,VARIABLE_COST_BIN_PACKING,total_cost,go_bp3d,gedex/bp3d,pivot greedy,Go sidecar,0ba3dcda7ab334c19b0979b1cf1fa05e09f33bc7,VALID,SUPPORTED_COMPOSED,COMPOSED,FULL_PROBLEM,NOT_RUN,NOT_APPLICABLE,NOT_APPLICABLE,PLANNED,capability=SUPPORTED_COMPOSED; known_issues=PutItem does not enforce cumulative MaxWeight | no per-item orientation subset
B09,Variable-cost exact truth,CONSTRAINT_CONFORMANCE,VARIABLE_COST_BIN_PACKING,total_cost,jerry,jerry800416/3D-bin-packing,pivot/fix-point greedy,Python,75764a2b8a5c8e0a6713a4f672c0a8ff81b1107a,VALID,SUPPORTED_COMPOSED,COMPOSED,FULL_PROBLEM,NOT_RUN,NOT_APPLICABLE,NOT_APPLICABLE,PLANNED,capability=SUPPORTED_COMPOSED; known_issues=fix-point produced overlapping certificates | loadbear is a sort key rather than a hard load-bearing constraint
B09,Variable-cost exact truth,CONSTRAINT_CONFORMANCE,VARIABLE_COST_BIN_PACKING,total_cost,packingsolver_fork_box,PackingSolver fork,box portfolio,C++14 CLI,d953148b8f710c06fa6c410949b7272f9e36327b,VALID,SUPPORTED_NATIVE,NATIVE,FULL_PROBLEM,NOT_RUN,NOT_APPLICABLE,NOT_APPLICABLE,PLANNED,capability=SUPPORTED_NATIVE; known_issues=column_generation returned an empty incumbent on THPACK9-47
B09,Variable-cost exact truth,CONSTRAINT_CONFORMANCE,VARIABLE_COST_BIN_PACKING,total_cost,packingsolver_fork_boxstacks,PackingSolver fork,boxstacks portfolio,C++14 CLI,d953148b8f710c06fa6c410949b7272f9e36327b,VALID,SUPPORTED_NATIVE,NATIVE,FULL_PROBLEM,NOT_RUN,NOT_APPLICABLE,NOT_APPLICABLE,PLANNED,capability=SUPPORTED_NATIVE; known_issues=stack support is not a general contact/load-flow model
B09,Variable-cost exact truth,CONSTRAINT_CONFORMANCE,VARIABLE_COST_BIN_PACKING,total_cost,packingsolver_upstream_box,PackingSolver upstream,box portfolio,C++14 CLI,367ebfdaad11424ded3696b7dae799a30c1375d0,VALID,SUPPORTED_NATIVE,NATIVE,FULL_PROBLEM,NOT_RUN,NOT_APPLICABLE,NOT_APPLICABLE,PLANNED,capability=SUPPORTED_NATIVE; known_issues=upstream issue #536 breaks variable-sized-bin-packing solution comparison
B09,Variable-cost exact truth,CONSTRAINT_CONFORMANCE,VARIABLE_COST_BIN_PACKING,total_cost,packingsolver_upstream_boxstacks,PackingSolver upstream,boxstacks portfolio,C++14 CLI,367ebfdaad11424ded3696b7dae799a30c1375d0,VALID,SUPPORTED_NATIVE,NATIVE,FULL_PROBLEM,NOT_RUN,NOT_APPLICABLE,NOT_APPLICABLE,PLANNED,capability=SUPPORTED_NATIVE; known_issues=upstream issue #536 breaks variable-sized-bin-packing solution comparison | upstream issues #537 and #539 affect axle repair and degenerate truck geometry
B09,Variable-cost exact truth,CONSTRAINT_CONFORMANCE,VARIABLE_COST_BIN_PACKING,total_cost,py3dbp,py3dbp,pivot greedy,Python,1.1.2,VALID,SUPPORTED_COMPOSED,COMPOSED,FULL_PROBLEM,NOT_RUN,NOT_APPLICABLE,NOT_APPLICABLE,PLANNED,capability=SUPPORTED_COMPOSED; known_issues=no per-item orientation subset or cost objective | quality is strongly input-order sensitive
B09,Variable-cost exact truth,CONSTRAINT_CONFORMANCE,VARIABLE_COST_BIN_PACKING,total_cost,rust_brkga,u-nesting,BRKGA,Rust CLI/PyO3 candidate,8cde85b029e4ade663185dacb93fd74440af170d,VALID,SUPPORTED_COMPOSED,COMPOSED,FULL_PROBLEM,NOT_RUN,NOT_APPLICABLE,NOT_APPLICABLE,PLANNED,capability=SUPPORTED_COMPOSED; known_issues=shared layer decoder produced out-of-bounds certificates | seed and time limit were not wired to the effective runner
B09,Variable-cost exact truth,CONSTRAINT_CONFORMANCE,VARIABLE_COST_BIN_PACKING,total_cost,rust_extreme_point,u-nesting,ExtremePoint,Rust CLI/PyO3 candidate,8cde85b029e4ade663185dacb93fd74440af170d,VALID,SUPPORTED_COMPOSED,COMPOSED,FULL_PROBLEM,NOT_RUN,NOT_APPLICABLE,NOT_APPLICABLE,PLANNED,capability=SUPPORTED_COMPOSED; known_issues=native API accepts one boundary; multi-bin results require a repeated-single-boundary adapter
B09,Variable-cost exact truth,CONSTRAINT_CONFORMANCE,VARIABLE_COST_BIN_PACKING,total_cost,rust_ga,u-nesting,GA,Rust CLI/PyO3 candidate,8cde85b029e4ade663185dacb93fd74440af170d,VALID,SUPPORTED_COMPOSED,COMPOSED,FULL_PROBLEM,NOT_RUN,NOT_APPLICABLE,NOT_APPLICABLE,PLANNED,capability=SUPPORTED_COMPOSED; known_issues=shared layer decoder produced out-of-bounds certificates | seed and time limit were not wired to the effective runner
B09,Variable-cost exact truth,CONSTRAINT_CONFORMANCE,VARIABLE_COST_BIN_PACKING,total_cost,rust_layer,u-nesting,Layer/BottomLeftFill,Rust CLI/PyO3 candidate,8cde85b029e4ade663185dacb93fd74440af170d,VALID,SUPPORTED_COMPOSED,COMPOSED,FULL_PROBLEM,NOT_RUN,NOT_APPLICABLE,NOT_APPLICABLE,PLANNED,capability=SUPPORTED_COMPOSED; known_issues=shared layer decoder produced out-of-bounds certificates
B09,Variable-cost exact truth,CONSTRAINT_CONFORMANCE,VARIABLE_COST_BIN_PACKING,total_cost,rust_sa,u-nesting,SA,Rust CLI/PyO3 candidate,8cde85b029e4ade663185dacb93fd74440af170d,VALID,SUPPORTED_COMPOSED,COMPOSED,FULL_PROBLEM,NOT_RUN,NOT_APPLICABLE,NOT_APPLICABLE,PLANNED,capability=SUPPORTED_COMPOSED; known_issues=shared layer decoder produced out-of-bounds certificates | seed and time limit were not wired to the effective runner
B09,Variable-cost exact truth,CONSTRAINT_CONFORMANCE,VARIABLE_COST_BIN_PACKING,total_cost,skjolber_fast_bruteforce,skjolber/3d-bin-container-packing,FastBruteForce,Java 21 sidecar,c73d52190c029a14e64f1bbdd2ea70452d1eb83d,VALID,ADAPTER_MISSING,NATIVE,FULL_PROBLEM,NOT_RUN,NOT_APPLICABLE,NOT_APPLICABLE,ADAPTER_MISSING,capability=ADAPTER_MISSING; known_issues=intended only for small instances | JVM sidecar integration and cross-process timing require a separate performance track
B09,Variable-cost exact truth,CONSTRAINT_CONFORMANCE,VARIABLE_COST_BIN_PACKING,total_cost,skjolber_laff,skjolber/3d-bin-container-packing,LAFF,Java 21 sidecar,c73d52190c029a14e64f1bbdd2ea70452d1eb83d,VALID,ADAPTER_MISSING,NATIVE,FULL_PROBLEM,NOT_RUN,NOT_APPLICABLE,NOT_APPLICABLE,ADAPTER_MISSING,capability=ADAPTER_MISSING; known_issues=JVM sidecar integration and cross-process timing require a separate performance track
B09,Variable-cost exact truth,CONSTRAINT_CONFORMANCE,VARIABLE_COST_BIN_PACKING,total_cost,skjolber_plain,skjolber/3d-bin-container-packing,Plain,Java 21 sidecar,c73d52190c029a14e64f1bbdd2ea70452d1eb83d,VALID,ADAPTER_MISSING,NATIVE,FULL_PROBLEM,NOT_RUN,NOT_APPLICABLE,NOT_APPLICABLE,ADAPTER_MISSING,capability=ADAPTER_MISSING; known_issues=JVM sidecar integration and cross-process timing require a separate performance track
B10,Fixed heterogeneous MCLP,PUBLIC_QUALITY,FIXED_HETEROGENEOUS_LOADING,complete_feasible_rate,exact_cp_sat,OR-Tools,strengthened CP-SAT model,C++ core/Python binding,9.15.6755,SOURCE_INCOMPLETE,ADAPTER_MISSING,EXACT_MODEL,FULL_PROBLEM,NOT_RUN,NOT_APPLICABLE,NOT_APPLICABLE,SOURCE_PENDING,input=SOURCE_INCOMPLETE; capability=ADAPTER_MISSING; known_issues=not a prebuilt 3D packer; every problem family needs an explicit integer model
B10,Fixed heterogeneous MCLP,PUBLIC_QUALITY,FIXED_HETEROGENEOUS_LOADING,complete_feasible_rate,exact_cplex,CPLEX,strengthened MIP model,native commercial/Python binding,22.1.2.0,SOURCE_INCOMPLETE,ADAPTER_MISSING,EXACT_MODEL,FULL_PROBLEM,NOT_RUN,NOT_APPLICABLE,NOT_APPLICABLE,SOURCE_PENDING,input=SOURCE_INCOMPLETE; capability=ADAPTER_MISSING; known_issues=promotional license has a 1000-constraint limit | not a prebuilt 3D packer
B10,Fixed heterogeneous MCLP,PUBLIC_QUALITY,FIXED_HETEROGENEOUS_LOADING,complete_feasible_rate,exact_gurobi,Gurobi,strengthened MIP model,native commercial/Python binding,13.0.3,SOURCE_INCOMPLETE,ADAPTER_MISSING,EXACT_MODEL,FULL_PROBLEM,NOT_RUN,NOT_APPLICABLE,NOT_APPLICABLE,SOURCE_PENDING,input=SOURCE_INCOMPLETE; capability=ADAPTER_MISSING; known_issues=commercial production and redistribution licensing required | not a prebuilt 3D packer
B10,Fixed heterogeneous MCLP,PUBLIC_QUALITY,FIXED_HETEROGENEOUS_LOADING,complete_feasible_rate,exact_scip,SCIP/PySCIPOpt,strengthened MIP model,C/C++ core/Python binding,6.2.1,SOURCE_INCOMPLETE,ADAPTER_MISSING,EXACT_MODEL,FULL_PROBLEM,NOT_RUN,NOT_APPLICABLE,NOT_APPLICABLE,SOURCE_PENDING,input=SOURCE_INCOMPLETE; capability=ADAPTER_MISSING; known_issues=not a prebuilt 3D packer; every problem family needs an explicit model
B10,Fixed heterogeneous MCLP,PUBLIC_QUALITY,FIXED_HETEROGENEOUS_LOADING,complete_feasible_rate,go_bp3d,gedex/bp3d,pivot greedy,Go sidecar,0ba3dcda7ab334c19b0979b1cf1fa05e09f33bc7,SOURCE_INCOMPLETE,ADAPTER_MISSING,NATIVE,FULL_PROBLEM,NOT_RUN,NOT_APPLICABLE,NOT_APPLICABLE,SOURCE_PENDING,input=SOURCE_INCOMPLETE; capability=ADAPTER_MISSING; known_issues=PutItem does not enforce cumulative MaxWeight | no per-item orientation subset
B10,Fixed heterogeneous MCLP,PUBLIC_QUALITY,FIXED_HETEROGENEOUS_LOADING,complete_feasible_rate,jerry,jerry800416/3D-bin-packing,pivot/fix-point greedy,Python,75764a2b8a5c8e0a6713a4f672c0a8ff81b1107a,SOURCE_INCOMPLETE,ADAPTER_MISSING,NATIVE,FULL_PROBLEM,NOT_RUN,NOT_APPLICABLE,NOT_APPLICABLE,SOURCE_PENDING,input=SOURCE_INCOMPLETE; capability=ADAPTER_MISSING; known_issues=fix-point produced overlapping certificates | loadbear is a sort key rather than a hard load-bearing constraint
B10,Fixed heterogeneous MCLP,PUBLIC_QUALITY,FIXED_HETEROGENEOUS_LOADING,complete_feasible_rate,packingsolver_fork_box,PackingSolver fork,box portfolio,C++14 CLI,d953148b8f710c06fa6c410949b7272f9e36327b,SOURCE_INCOMPLETE,SUPPORTED_NATIVE,NATIVE,FULL_PROBLEM,NOT_RUN,NOT_APPLICABLE,NOT_APPLICABLE,SOURCE_PENDING,input=SOURCE_INCOMPLETE; capability=SUPPORTED_NATIVE; known_issues=column_generation returned an empty incumbent on THPACK9-47
B10,Fixed heterogeneous MCLP,PUBLIC_QUALITY,FIXED_HETEROGENEOUS_LOADING,complete_feasible_rate,packingsolver_fork_boxstacks,PackingSolver fork,boxstacks portfolio,C++14 CLI,d953148b8f710c06fa6c410949b7272f9e36327b,SOURCE_INCOMPLETE,SUPPORTED_NATIVE,NATIVE,FULL_PROBLEM,NOT_RUN,NOT_APPLICABLE,NOT_APPLICABLE,SOURCE_PENDING,input=SOURCE_INCOMPLETE; capability=SUPPORTED_NATIVE; known_issues=stack support is not a general contact/load-flow model
B10,Fixed heterogeneous MCLP,PUBLIC_QUALITY,FIXED_HETEROGENEOUS_LOADING,complete_feasible_rate,packingsolver_upstream_box,PackingSolver upstream,box portfolio,C++14 CLI,367ebfdaad11424ded3696b7dae799a30c1375d0,SOURCE_INCOMPLETE,SUPPORTED_NATIVE,NATIVE,FULL_PROBLEM,NOT_RUN,NOT_APPLICABLE,NOT_APPLICABLE,SOURCE_PENDING,input=SOURCE_INCOMPLETE; capability=SUPPORTED_NATIVE; known_issues=upstream issue #536 breaks variable-sized-bin-packing solution comparison
B10,Fixed heterogeneous MCLP,PUBLIC_QUALITY,FIXED_HETEROGENEOUS_LOADING,complete_feasible_rate,packingsolver_upstream_boxstacks,PackingSolver upstream,boxstacks portfolio,C++14 CLI,367ebfdaad11424ded3696b7dae799a30c1375d0,SOURCE_INCOMPLETE,SUPPORTED_NATIVE,NATIVE,FULL_PROBLEM,NOT_RUN,NOT_APPLICABLE,NOT_APPLICABLE,SOURCE_PENDING,input=SOURCE_INCOMPLETE; capability=SUPPORTED_NATIVE; known_issues=upstream issue #536 breaks variable-sized-bin-packing solution comparison | upstream issues #537 and #539 affect axle repair and degenerate truck geometry
B10,Fixed heterogeneous MCLP,PUBLIC_QUALITY,FIXED_HETEROGENEOUS_LOADING,complete_feasible_rate,py3dbp,py3dbp,pivot greedy,Python,1.1.2,SOURCE_INCOMPLETE,ADAPTER_MISSING,NATIVE,FULL_PROBLEM,NOT_RUN,NOT_APPLICABLE,NOT_APPLICABLE,SOURCE_PENDING,input=SOURCE_INCOMPLETE; capability=ADAPTER_MISSING; known_issues=no per-item orientation subset or cost objective | quality is strongly input-order sensitive
B10,Fixed heterogeneous MCLP,PUBLIC_QUALITY,FIXED_HETEROGENEOUS_LOADING,complete_feasible_rate,rust_brkga,u-nesting,BRKGA,Rust CLI/PyO3 candidate,8cde85b029e4ade663185dacb93fd74440af170d,SOURCE_INCOMPLETE,ADAPTER_MISSING,NATIVE,FULL_PROBLEM,NOT_RUN,NOT_APPLICABLE,NOT_APPLICABLE,SOURCE_PENDING,input=SOURCE_INCOMPLETE; capability=ADAPTER_MISSING; known_issues=shared layer decoder produced out-of-bounds certificates | seed and time limit were not wired to the effective runner
B10,Fixed heterogeneous MCLP,PUBLIC_QUALITY,FIXED_HETEROGENEOUS_LOADING,complete_feasible_rate,rust_extreme_point,u-nesting,ExtremePoint,Rust CLI/PyO3 candidate,8cde85b029e4ade663185dacb93fd74440af170d,SOURCE_INCOMPLETE,ADAPTER_MISSING,NATIVE,FULL_PROBLEM,NOT_RUN,NOT_APPLICABLE,NOT_APPLICABLE,SOURCE_PENDING,input=SOURCE_INCOMPLETE; capability=ADAPTER_MISSING; known_issues=native API accepts one boundary; multi-bin results require a repeated-single-boundary adapter
B10,Fixed heterogeneous MCLP,PUBLIC_QUALITY,FIXED_HETEROGENEOUS_LOADING,complete_feasible_rate,rust_ga,u-nesting,GA,Rust CLI/PyO3 candidate,8cde85b029e4ade663185dacb93fd74440af170d,SOURCE_INCOMPLETE,ADAPTER_MISSING,NATIVE,FULL_PROBLEM,NOT_RUN,NOT_APPLICABLE,NOT_APPLICABLE,SOURCE_PENDING,input=SOURCE_INCOMPLETE; capability=ADAPTER_MISSING; known_issues=shared layer decoder produced out-of-bounds certificates | seed and time limit were not wired to the effective runner
B10,Fixed heterogeneous MCLP,PUBLIC_QUALITY,FIXED_HETEROGENEOUS_LOADING,complete_feasible_rate,rust_layer,u-nesting,Layer/BottomLeftFill,Rust CLI/PyO3 candidate,8cde85b029e4ade663185dacb93fd74440af170d,SOURCE_INCOMPLETE,ADAPTER_MISSING,NATIVE,FULL_PROBLEM,NOT_RUN,NOT_APPLICABLE,NOT_APPLICABLE,SOURCE_PENDING,input=SOURCE_INCOMPLETE; capability=ADAPTER_MISSING; known_issues=shared layer decoder produced out-of-bounds certificates
B10,Fixed heterogeneous MCLP,PUBLIC_QUALITY,FIXED_HETEROGENEOUS_LOADING,complete_feasible_rate,rust_sa,u-nesting,SA,Rust CLI/PyO3 candidate,8cde85b029e4ade663185dacb93fd74440af170d,SOURCE_INCOMPLETE,ADAPTER_MISSING,NATIVE,FULL_PROBLEM,NOT_RUN,NOT_APPLICABLE,NOT_APPLICABLE,SOURCE_PENDING,input=SOURCE_INCOMPLETE; capability=ADAPTER_MISSING; known_issues=shared layer decoder produced out-of-bounds certificates | seed and time limit were not wired to the effective runner
B10,Fixed heterogeneous MCLP,PUBLIC_QUALITY,FIXED_HETEROGENEOUS_LOADING,complete_feasible_rate,skjolber_fast_bruteforce,skjolber/3d-bin-container-packing,FastBruteForce,Java 21 sidecar,c73d52190c029a14e64f1bbdd2ea70452d1eb83d,SOURCE_INCOMPLETE,ADAPTER_MISSING,NATIVE,FULL_PROBLEM,NOT_RUN,NOT_APPLICABLE,NOT_APPLICABLE,SOURCE_PENDING,input=SOURCE_INCOMPLETE; capability=ADAPTER_MISSING; known_issues=intended only for small instances | JVM sidecar integration and cross-process timing require a separate performance track
B10,Fixed heterogeneous MCLP,PUBLIC_QUALITY,FIXED_HETEROGENEOUS_LOADING,complete_feasible_rate,skjolber_laff,skjolber/3d-bin-container-packing,LAFF,Java 21 sidecar,c73d52190c029a14e64f1bbdd2ea70452d1eb83d,SOURCE_INCOMPLETE,ADAPTER_MISSING,NATIVE,FULL_PROBLEM,NOT_RUN,NOT_APPLICABLE,NOT_APPLICABLE,SOURCE_PENDING,input=SOURCE_INCOMPLETE; capability=ADAPTER_MISSING; known_issues=JVM sidecar integration and cross-process timing require a separate performance track
B10,Fixed heterogeneous MCLP,PUBLIC_QUALITY,FIXED_HETEROGENEOUS_LOADING,complete_feasible_rate,skjolber_plain,skjolber/3d-bin-container-packing,Plain,Java 21 sidecar,c73d52190c029a14e64f1bbdd2ea70452d1eb83d,SOURCE_INCOMPLETE,ADAPTER_MISSING,NATIVE,FULL_PROBLEM,NOT_RUN,NOT_APPLICABLE,NOT_APPLICABLE,SOURCE_PENDING,input=SOURCE_INCOMPLETE; capability=ADAPTER_MISSING; known_issues=JVM sidecar integration and cross-process timing require a separate performance track
B11,Open-X/Y/Z / 3D strip,PUBLIC_QUALITY,OPEN_DIMENSION,used_length,exact_cp_sat,OR-Tools,strengthened CP-SAT model,C++ core/Python binding,9.15.6755,VALID,ADAPTER_MISSING,EXACT_MODEL,FULL_PROBLEM,NOT_RUN,NOT_APPLICABLE,NOT_APPLICABLE,ADAPTER_MISSING,capability=ADAPTER_MISSING; known_issues=not a prebuilt 3D packer; every problem family needs an explicit integer model
B11,Open-X/Y/Z / 3D strip,PUBLIC_QUALITY,OPEN_DIMENSION,used_length,exact_cplex,CPLEX,strengthened MIP model,native commercial/Python binding,22.1.2.0,VALID,ADAPTER_MISSING,EXACT_MODEL,FULL_PROBLEM,NOT_RUN,NOT_APPLICABLE,NOT_APPLICABLE,ADAPTER_MISSING,capability=ADAPTER_MISSING; known_issues=promotional license has a 1000-constraint limit | not a prebuilt 3D packer
B11,Open-X/Y/Z / 3D strip,PUBLIC_QUALITY,OPEN_DIMENSION,used_length,exact_gurobi,Gurobi,strengthened MIP model,native commercial/Python binding,13.0.3,VALID,ADAPTER_MISSING,EXACT_MODEL,FULL_PROBLEM,NOT_RUN,NOT_APPLICABLE,NOT_APPLICABLE,ADAPTER_MISSING,capability=ADAPTER_MISSING; known_issues=commercial production and redistribution licensing required | not a prebuilt 3D packer
B11,Open-X/Y/Z / 3D strip,PUBLIC_QUALITY,OPEN_DIMENSION,used_length,exact_scip,SCIP/PySCIPOpt,strengthened MIP model,C/C++ core/Python binding,6.2.1,VALID,ADAPTER_MISSING,EXACT_MODEL,FULL_PROBLEM,NOT_RUN,NOT_APPLICABLE,NOT_APPLICABLE,ADAPTER_MISSING,capability=ADAPTER_MISSING; known_issues=not a prebuilt 3D packer; every problem family needs an explicit model
B11,Open-X/Y/Z / 3D strip,PUBLIC_QUALITY,OPEN_DIMENSION,used_length,go_bp3d,gedex/bp3d,pivot greedy,Go sidecar,0ba3dcda7ab334c19b0979b1cf1fa05e09f33bc7,VALID,PROJECTION_ONLY,COMPOSED,GEOMETRY_PROJECTION,NOT_RUN,NOT_APPLICABLE,NOT_APPLICABLE,PLANNED,capability=PROJECTION_ONLY; known_issues=PutItem does not enforce cumulative MaxWeight | no per-item orientation subset
B11,Open-X/Y/Z / 3D strip,PUBLIC_QUALITY,OPEN_DIMENSION,used_length,jerry,jerry800416/3D-bin-packing,pivot/fix-point greedy,Python,75764a2b8a5c8e0a6713a4f672c0a8ff81b1107a,VALID,PROJECTION_ONLY,COMPOSED,GEOMETRY_PROJECTION,NOT_RUN,NOT_APPLICABLE,NOT_APPLICABLE,PLANNED,capability=PROJECTION_ONLY; known_issues=fix-point produced overlapping certificates | loadbear is a sort key rather than a hard load-bearing constraint
B11,Open-X/Y/Z / 3D strip,PUBLIC_QUALITY,OPEN_DIMENSION,used_length,packingsolver_fork_box,PackingSolver fork,box portfolio,C++14 CLI,d953148b8f710c06fa6c410949b7272f9e36327b,VALID,SUPPORTED_NATIVE,NATIVE,FULL_PROBLEM,NOT_RUN,NOT_APPLICABLE,NOT_APPLICABLE,PLANNED,capability=SUPPORTED_NATIVE; known_issues=column_generation returned an empty incumbent on THPACK9-47
B11,Open-X/Y/Z / 3D strip,PUBLIC_QUALITY,OPEN_DIMENSION,used_length,packingsolver_fork_boxstacks,PackingSolver fork,boxstacks portfolio,C++14 CLI,d953148b8f710c06fa6c410949b7272f9e36327b,VALID,SUPPORTED_NATIVE,NATIVE,FULL_PROBLEM,NOT_RUN,NOT_APPLICABLE,NOT_APPLICABLE,PLANNED,capability=SUPPORTED_NATIVE; known_issues=stack support is not a general contact/load-flow model
B11,Open-X/Y/Z / 3D strip,PUBLIC_QUALITY,OPEN_DIMENSION,used_length,packingsolver_upstream_box,PackingSolver upstream,box portfolio,C++14 CLI,367ebfdaad11424ded3696b7dae799a30c1375d0,VALID,SUPPORTED_NATIVE,NATIVE,FULL_PROBLEM,NOT_RUN,NOT_APPLICABLE,NOT_APPLICABLE,PLANNED,capability=SUPPORTED_NATIVE; known_issues=upstream issue #536 breaks variable-sized-bin-packing solution comparison
B11,Open-X/Y/Z / 3D strip,PUBLIC_QUALITY,OPEN_DIMENSION,used_length,packingsolver_upstream_boxstacks,PackingSolver upstream,boxstacks portfolio,C++14 CLI,367ebfdaad11424ded3696b7dae799a30c1375d0,VALID,SUPPORTED_NATIVE,NATIVE,FULL_PROBLEM,NOT_RUN,NOT_APPLICABLE,NOT_APPLICABLE,PLANNED,capability=SUPPORTED_NATIVE; known_issues=upstream issue #536 breaks variable-sized-bin-packing solution comparison | upstream issues #537 and #539 affect axle repair and degenerate truck geometry
B11,Open-X/Y/Z / 3D strip,PUBLIC_QUALITY,OPEN_DIMENSION,used_length,py3dbp,py3dbp,pivot greedy,Python,1.1.2,VALID,PROJECTION_ONLY,COMPOSED,GEOMETRY_PROJECTION,NOT_RUN,NOT_APPLICABLE,NOT_APPLICABLE,PLANNED,capability=PROJECTION_ONLY; known_issues=no per-item orientation subset or cost objective | quality is strongly input-order sensitive
B11,Open-X/Y/Z / 3D strip,PUBLIC_QUALITY,OPEN_DIMENSION,used_length,rust_brkga,u-nesting,BRKGA,Rust CLI/PyO3 candidate,8cde85b029e4ade663185dacb93fd74440af170d,VALID,PROJECTION_ONLY,COMPOSED,GEOMETRY_PROJECTION,NOT_RUN,NOT_APPLICABLE,NOT_APPLICABLE,PLANNED,capability=PROJECTION_ONLY; known_issues=shared layer decoder produced out-of-bounds certificates | seed and time limit were not wired to the effective runner
B11,Open-X/Y/Z / 3D strip,PUBLIC_QUALITY,OPEN_DIMENSION,used_length,rust_extreme_point,u-nesting,ExtremePoint,Rust CLI/PyO3 candidate,8cde85b029e4ade663185dacb93fd74440af170d,VALID,PROJECTION_ONLY,COMPOSED,GEOMETRY_PROJECTION,NOT_RUN,NOT_APPLICABLE,NOT_APPLICABLE,PLANNED,capability=PROJECTION_ONLY; known_issues=native API accepts one boundary; multi-bin results require a repeated-single-boundary adapter
B11,Open-X/Y/Z / 3D strip,PUBLIC_QUALITY,OPEN_DIMENSION,used_length,rust_ga,u-nesting,GA,Rust CLI/PyO3 candidate,8cde85b029e4ade663185dacb93fd74440af170d,VALID,PROJECTION_ONLY,COMPOSED,GEOMETRY_PROJECTION,NOT_RUN,NOT_APPLICABLE,NOT_APPLICABLE,PLANNED,capability=PROJECTION_ONLY; known_issues=shared layer decoder produced out-of-bounds certificates | seed and time limit were not wired to the effective runner
B11,Open-X/Y/Z / 3D strip,PUBLIC_QUALITY,OPEN_DIMENSION,used_length,rust_layer,u-nesting,Layer/BottomLeftFill,Rust CLI/PyO3 candidate,8cde85b029e4ade663185dacb93fd74440af170d,VALID,PROJECTION_ONLY,COMPOSED,GEOMETRY_PROJECTION,NOT_RUN,NOT_APPLICABLE,NOT_APPLICABLE,PLANNED,capability=PROJECTION_ONLY; known_issues=shared layer decoder produced out-of-bounds certificates
B11,Open-X/Y/Z / 3D strip,PUBLIC_QUALITY,OPEN_DIMENSION,used_length,rust_sa,u-nesting,SA,Rust CLI/PyO3 candidate,8cde85b029e4ade663185dacb93fd74440af170d,VALID,PROJECTION_ONLY,COMPOSED,GEOMETRY_PROJECTION,NOT_RUN,NOT_APPLICABLE,NOT_APPLICABLE,PLANNED,capability=PROJECTION_ONLY; known_issues=shared layer decoder produced out-of-bounds certificates | seed and time limit were not wired to the effective runner
B11,Open-X/Y/Z / 3D strip,PUBLIC_QUALITY,OPEN_DIMENSION,used_length,skjolber_fast_bruteforce,skjolber/3d-bin-container-packing,FastBruteForce,Java 21 sidecar,c73d52190c029a14e64f1bbdd2ea70452d1eb83d,VALID,ADAPTER_MISSING,NATIVE,FULL_PROBLEM,NOT_RUN,NOT_APPLICABLE,NOT_APPLICABLE,ADAPTER_MISSING,capability=ADAPTER_MISSING; known_issues=intended only for small instances | JVM sidecar integration and cross-process timing require a separate performance track
B11,Open-X/Y/Z / 3D strip,PUBLIC_QUALITY,OPEN_DIMENSION,used_length,skjolber_laff,skjolber/3d-bin-container-packing,LAFF,Java 21 sidecar,c73d52190c029a14e64f1bbdd2ea70452d1eb83d,VALID,ADAPTER_MISSING,NATIVE,FULL_PROBLEM,NOT_RUN,NOT_APPLICABLE,NOT_APPLICABLE,ADAPTER_MISSING,capability=ADAPTER_MISSING; known_issues=JVM sidecar integration and cross-process timing require a separate performance track
B11,Open-X/Y/Z / 3D strip,PUBLIC_QUALITY,OPEN_DIMENSION,used_length,skjolber_plain,skjolber/3d-bin-container-packing,Plain,Java 21 sidecar,c73d52190c029a14e64f1bbdd2ea70452d1eb83d,VALID,ADAPTER_MISSING,NATIVE,FULL_PROBLEM,NOT_RUN,NOT_APPLICABLE,NOT_APPLICABLE,ADAPTER_MISSING,capability=ADAPTER_MISSING; known_issues=JVM sidecar integration and cross-process timing require a separate performance track
B12,Pose/orientation gauntlet,CONSTRAINT_CONFORMANCE,POSE,pose_compliance,exact_cp_sat,OR-Tools,strengthened CP-SAT model,C++ core/Python binding,9.15.6755,VALID,ADAPTER_MISSING,EXACT_MODEL,FULL_PROBLEM,NOT_RUN,NOT_APPLICABLE,NOT_APPLICABLE,ADAPTER_MISSING,capability=ADAPTER_MISSING; known_issues=not a prebuilt 3D packer; every problem family needs an explicit integer model
B12,Pose/orientation gauntlet,CONSTRAINT_CONFORMANCE,POSE,pose_compliance,exact_cplex,CPLEX,strengthened MIP model,native commercial/Python binding,22.1.2.0,VALID,ADAPTER_MISSING,EXACT_MODEL,FULL_PROBLEM,NOT_RUN,NOT_APPLICABLE,NOT_APPLICABLE,ADAPTER_MISSING,capability=ADAPTER_MISSING; known_issues=promotional license has a 1000-constraint limit | not a prebuilt 3D packer
B12,Pose/orientation gauntlet,CONSTRAINT_CONFORMANCE,POSE,pose_compliance,exact_gurobi,Gurobi,strengthened MIP model,native commercial/Python binding,13.0.3,VALID,ADAPTER_MISSING,EXACT_MODEL,FULL_PROBLEM,NOT_RUN,NOT_APPLICABLE,NOT_APPLICABLE,ADAPTER_MISSING,capability=ADAPTER_MISSING; known_issues=commercial production and redistribution licensing required | not a prebuilt 3D packer
B12,Pose/orientation gauntlet,CONSTRAINT_CONFORMANCE,POSE,pose_compliance,exact_scip,SCIP/PySCIPOpt,strengthened MIP model,C/C++ core/Python binding,6.2.1,VALID,ADAPTER_MISSING,EXACT_MODEL,FULL_PROBLEM,NOT_RUN,NOT_APPLICABLE,NOT_APPLICABLE,ADAPTER_MISSING,capability=ADAPTER_MISSING; known_issues=not a prebuilt 3D packer; every problem family needs an explicit model
B12,Pose/orientation gauntlet,CONSTRAINT_CONFORMANCE,POSE,pose_compliance,go_bp3d,gedex/bp3d,pivot greedy,Go sidecar,0ba3dcda7ab334c19b0979b1cf1fa05e09f33bc7,VALID,PROJECTION_ONLY,COMPOSED,GEOMETRY_PROJECTION,NOT_RUN,NOT_APPLICABLE,NOT_APPLICABLE,PLANNED,capability=PROJECTION_ONLY; known_issues=PutItem does not enforce cumulative MaxWeight | no per-item orientation subset
B12,Pose/orientation gauntlet,CONSTRAINT_CONFORMANCE,POSE,pose_compliance,jerry,jerry800416/3D-bin-packing,pivot/fix-point greedy,Python,75764a2b8a5c8e0a6713a4f672c0a8ff81b1107a,VALID,PROJECTION_ONLY,COMPOSED,GEOMETRY_PROJECTION,NOT_RUN,NOT_APPLICABLE,NOT_APPLICABLE,PLANNED,capability=PROJECTION_ONLY; known_issues=fix-point produced overlapping certificates | loadbear is a sort key rather than a hard load-bearing constraint
B12,Pose/orientation gauntlet,CONSTRAINT_CONFORMANCE,POSE,pose_compliance,packingsolver_fork_box,PackingSolver fork,box portfolio,C++14 CLI,d953148b8f710c06fa6c410949b7272f9e36327b,VALID,PROJECTION_ONLY,COMPOSED,GEOMETRY_PROJECTION,NOT_RUN,NOT_APPLICABLE,NOT_APPLICABLE,PLANNED,capability=PROJECTION_ONLY; known_issues=column_generation returned an empty incumbent on THPACK9-47
B12,Pose/orientation gauntlet,CONSTRAINT_CONFORMANCE,POSE,pose_compliance,packingsolver_fork_boxstacks,PackingSolver fork,boxstacks portfolio,C++14 CLI,d953148b8f710c06fa6c410949b7272f9e36327b,VALID,PROJECTION_ONLY,COMPOSED,GEOMETRY_PROJECTION,NOT_RUN,NOT_APPLICABLE,NOT_APPLICABLE,PLANNED,capability=PROJECTION_ONLY; known_issues=stack support is not a general contact/load-flow model
B12,Pose/orientation gauntlet,CONSTRAINT_CONFORMANCE,POSE,pose_compliance,packingsolver_upstream_box,PackingSolver upstream,box portfolio,C++14 CLI,367ebfdaad11424ded3696b7dae799a30c1375d0,VALID,PROJECTION_ONLY,COMPOSED,GEOMETRY_PROJECTION,NOT_RUN,NOT_APPLICABLE,NOT_APPLICABLE,PLANNED,capability=PROJECTION_ONLY; known_issues=upstream issue #536 breaks variable-sized-bin-packing solution comparison
B12,Pose/orientation gauntlet,CONSTRAINT_CONFORMANCE,POSE,pose_compliance,packingsolver_upstream_boxstacks,PackingSolver upstream,boxstacks portfolio,C++14 CLI,367ebfdaad11424ded3696b7dae799a30c1375d0,VALID,PROJECTION_ONLY,COMPOSED,GEOMETRY_PROJECTION,NOT_RUN,NOT_APPLICABLE,NOT_APPLICABLE,PLANNED,capability=PROJECTION_ONLY; known_issues=upstream issue #536 breaks variable-sized-bin-packing solution comparison | upstream issues #537 and #539 affect axle repair and degenerate truck geometry
B12,Pose/orientation gauntlet,CONSTRAINT_CONFORMANCE,POSE,pose_compliance,py3dbp,py3dbp,pivot greedy,Python,1.1.2,VALID,PROJECTION_ONLY,COMPOSED,GEOMETRY_PROJECTION,NOT_RUN,NOT_APPLICABLE,NOT_APPLICABLE,PLANNED,capability=PROJECTION_ONLY; known_issues=no per-item orientation subset or cost objective | quality is strongly input-order sensitive
B12,Pose/orientation gauntlet,CONSTRAINT_CONFORMANCE,POSE,pose_compliance,rust_brkga,u-nesting,BRKGA,Rust CLI/PyO3 candidate,8cde85b029e4ade663185dacb93fd74440af170d,VALID,PROJECTION_ONLY,COMPOSED,GEOMETRY_PROJECTION,NOT_RUN,NOT_APPLICABLE,NOT_APPLICABLE,PLANNED,capability=PROJECTION_ONLY; known_issues=shared layer decoder produced out-of-bounds certificates | seed and time limit were not wired to the effective runner
B12,Pose/orientation gauntlet,CONSTRAINT_CONFORMANCE,POSE,pose_compliance,rust_extreme_point,u-nesting,ExtremePoint,Rust CLI/PyO3 candidate,8cde85b029e4ade663185dacb93fd74440af170d,VALID,PROJECTION_ONLY,COMPOSED,GEOMETRY_PROJECTION,NOT_RUN,NOT_APPLICABLE,NOT_APPLICABLE,PLANNED,capability=PROJECTION_ONLY; known_issues=native API accepts one boundary; multi-bin results require a repeated-single-boundary adapter
B12,Pose/orientation gauntlet,CONSTRAINT_CONFORMANCE,POSE,pose_compliance,rust_ga,u-nesting,GA,Rust CLI/PyO3 candidate,8cde85b029e4ade663185dacb93fd74440af170d,VALID,PROJECTION_ONLY,COMPOSED,GEOMETRY_PROJECTION,NOT_RUN,NOT_APPLICABLE,NOT_APPLICABLE,PLANNED,capability=PROJECTION_ONLY; known_issues=shared layer decoder produced out-of-bounds certificates | seed and time limit were not wired to the effective runner
B12,Pose/orientation gauntlet,CONSTRAINT_CONFORMANCE,POSE,pose_compliance,rust_layer,u-nesting,Layer/BottomLeftFill,Rust CLI/PyO3 candidate,8cde85b029e4ade663185dacb93fd74440af170d,VALID,PROJECTION_ONLY,COMPOSED,GEOMETRY_PROJECTION,NOT_RUN,NOT_APPLICABLE,NOT_APPLICABLE,PLANNED,capability=PROJECTION_ONLY; known_issues=shared layer decoder produced out-of-bounds certificates
B12,Pose/orientation gauntlet,CONSTRAINT_CONFORMANCE,POSE,pose_compliance,rust_sa,u-nesting,SA,Rust CLI/PyO3 candidate,8cde85b029e4ade663185dacb93fd74440af170d,VALID,PROJECTION_ONLY,COMPOSED,GEOMETRY_PROJECTION,NOT_RUN,NOT_APPLICABLE,NOT_APPLICABLE,PLANNED,capability=PROJECTION_ONLY; known_issues=shared layer decoder produced out-of-bounds certificates | seed and time limit were not wired to the effective runner
B12,Pose/orientation gauntlet,CONSTRAINT_CONFORMANCE,POSE,pose_compliance,skjolber_fast_bruteforce,skjolber/3d-bin-container-packing,FastBruteForce,Java 21 sidecar,c73d52190c029a14e64f1bbdd2ea70452d1eb83d,VALID,PROJECTION_ONLY,COMPOSED,GEOMETRY_PROJECTION,NOT_RUN,NOT_APPLICABLE,NOT_APPLICABLE,PLANNED,capability=PROJECTION_ONLY; known_issues=intended only for small instances | JVM sidecar integration and cross-process timing require a separate performance track
B12,Pose/orientation gauntlet,CONSTRAINT_CONFORMANCE,POSE,pose_compliance,skjolber_laff,skjolber/3d-bin-container-packing,LAFF,Java 21 sidecar,c73d52190c029a14e64f1bbdd2ea70452d1eb83d,VALID,PROJECTION_ONLY,COMPOSED,GEOMETRY_PROJECTION,NOT_RUN,NOT_APPLICABLE,NOT_APPLICABLE,PLANNED,capability=PROJECTION_ONLY; known_issues=JVM sidecar integration and cross-process timing require a separate performance track
B12,Pose/orientation gauntlet,CONSTRAINT_CONFORMANCE,POSE,pose_compliance,skjolber_plain,skjolber/3d-bin-container-packing,Plain,Java 21 sidecar,c73d52190c029a14e64f1bbdd2ea70452d1eb83d,VALID,PROJECTION_ONLY,COMPOSED,GEOMETRY_PROJECTION,NOT_RUN,NOT_APPLICABLE,NOT_APPLICABLE,PLANNED,capability=PROJECTION_ONLY; known_issues=JVM sidecar integration and cross-process timing require a separate performance track
B13,Payload/inventory gauntlet,CONSTRAINT_CONFORMANCE,PAYLOAD_INVENTORY,hard_compliance,exact_cp_sat,OR-Tools,strengthened CP-SAT model,C++ core/Python binding,9.15.6755,VALID,ADAPTER_MISSING,EXACT_MODEL,FULL_PROBLEM,NOT_RUN,NOT_APPLICABLE,NOT_APPLICABLE,ADAPTER_MISSING,capability=ADAPTER_MISSING; known_issues=not a prebuilt 3D packer; every problem family needs an explicit integer model
B13,Payload/inventory gauntlet,CONSTRAINT_CONFORMANCE,PAYLOAD_INVENTORY,hard_compliance,exact_cplex,CPLEX,strengthened MIP model,native commercial/Python binding,22.1.2.0,VALID,ADAPTER_MISSING,EXACT_MODEL,FULL_PROBLEM,NOT_RUN,NOT_APPLICABLE,NOT_APPLICABLE,ADAPTER_MISSING,capability=ADAPTER_MISSING; known_issues=promotional license has a 1000-constraint limit | not a prebuilt 3D packer
B13,Payload/inventory gauntlet,CONSTRAINT_CONFORMANCE,PAYLOAD_INVENTORY,hard_compliance,exact_gurobi,Gurobi,strengthened MIP model,native commercial/Python binding,13.0.3,VALID,ADAPTER_MISSING,EXACT_MODEL,FULL_PROBLEM,NOT_RUN,NOT_APPLICABLE,NOT_APPLICABLE,ADAPTER_MISSING,capability=ADAPTER_MISSING; known_issues=commercial production and redistribution licensing required | not a prebuilt 3D packer
B13,Payload/inventory gauntlet,CONSTRAINT_CONFORMANCE,PAYLOAD_INVENTORY,hard_compliance,exact_scip,SCIP/PySCIPOpt,strengthened MIP model,C/C++ core/Python binding,6.2.1,VALID,ADAPTER_MISSING,EXACT_MODEL,FULL_PROBLEM,NOT_RUN,NOT_APPLICABLE,NOT_APPLICABLE,ADAPTER_MISSING,capability=ADAPTER_MISSING; known_issues=not a prebuilt 3D packer; every problem family needs an explicit model
B13,Payload/inventory gauntlet,CONSTRAINT_CONFORMANCE,PAYLOAD_INVENTORY,hard_compliance,go_bp3d,gedex/bp3d,pivot greedy,Go sidecar,0ba3dcda7ab334c19b0979b1cf1fa05e09f33bc7,VALID,PROJECTION_ONLY,COMPOSED,GEOMETRY_PROJECTION,NOT_RUN,NOT_APPLICABLE,NOT_APPLICABLE,PLANNED,capability=PROJECTION_ONLY; known_issues=PutItem does not enforce cumulative MaxWeight | no per-item orientation subset
B13,Payload/inventory gauntlet,CONSTRAINT_CONFORMANCE,PAYLOAD_INVENTORY,hard_compliance,jerry,jerry800416/3D-bin-packing,pivot/fix-point greedy,Python,75764a2b8a5c8e0a6713a4f672c0a8ff81b1107a,VALID,PROJECTION_ONLY,COMPOSED,GEOMETRY_PROJECTION,NOT_RUN,NOT_APPLICABLE,NOT_APPLICABLE,PLANNED,capability=PROJECTION_ONLY; known_issues=fix-point produced overlapping certificates | loadbear is a sort key rather than a hard load-bearing constraint
B13,Payload/inventory gauntlet,CONSTRAINT_CONFORMANCE,PAYLOAD_INVENTORY,hard_compliance,packingsolver_fork_box,PackingSolver fork,box portfolio,C++14 CLI,d953148b8f710c06fa6c410949b7272f9e36327b,VALID,PROJECTION_ONLY,COMPOSED,GEOMETRY_PROJECTION,NOT_RUN,NOT_APPLICABLE,NOT_APPLICABLE,PLANNED,capability=PROJECTION_ONLY; known_issues=column_generation returned an empty incumbent on THPACK9-47
B13,Payload/inventory gauntlet,CONSTRAINT_CONFORMANCE,PAYLOAD_INVENTORY,hard_compliance,packingsolver_fork_boxstacks,PackingSolver fork,boxstacks portfolio,C++14 CLI,d953148b8f710c06fa6c410949b7272f9e36327b,VALID,PROJECTION_ONLY,COMPOSED,GEOMETRY_PROJECTION,NOT_RUN,NOT_APPLICABLE,NOT_APPLICABLE,PLANNED,capability=PROJECTION_ONLY; known_issues=stack support is not a general contact/load-flow model
B13,Payload/inventory gauntlet,CONSTRAINT_CONFORMANCE,PAYLOAD_INVENTORY,hard_compliance,packingsolver_upstream_box,PackingSolver upstream,box portfolio,C++14 CLI,367ebfdaad11424ded3696b7dae799a30c1375d0,VALID,PROJECTION_ONLY,COMPOSED,GEOMETRY_PROJECTION,NOT_RUN,NOT_APPLICABLE,NOT_APPLICABLE,PLANNED,capability=PROJECTION_ONLY; known_issues=upstream issue #536 breaks variable-sized-bin-packing solution comparison
B13,Payload/inventory gauntlet,CONSTRAINT_CONFORMANCE,PAYLOAD_INVENTORY,hard_compliance,packingsolver_upstream_boxstacks,PackingSolver upstream,boxstacks portfolio,C++14 CLI,367ebfdaad11424ded3696b7dae799a30c1375d0,VALID,PROJECTION_ONLY,COMPOSED,GEOMETRY_PROJECTION,NOT_RUN,NOT_APPLICABLE,NOT_APPLICABLE,PLANNED,capability=PROJECTION_ONLY; known_issues=upstream issue #536 breaks variable-sized-bin-packing solution comparison | upstream issues #537 and #539 affect axle repair and degenerate truck geometry
B13,Payload/inventory gauntlet,CONSTRAINT_CONFORMANCE,PAYLOAD_INVENTORY,hard_compliance,py3dbp,py3dbp,pivot greedy,Python,1.1.2,VALID,PROJECTION_ONLY,COMPOSED,GEOMETRY_PROJECTION,NOT_RUN,NOT_APPLICABLE,NOT_APPLICABLE,PLANNED,capability=PROJECTION_ONLY; known_issues=no per-item orientation subset or cost objective | quality is strongly input-order sensitive
B13,Payload/inventory gauntlet,CONSTRAINT_CONFORMANCE,PAYLOAD_INVENTORY,hard_compliance,rust_brkga,u-nesting,BRKGA,Rust CLI/PyO3 candidate,8cde85b029e4ade663185dacb93fd74440af170d,VALID,PROJECTION_ONLY,COMPOSED,GEOMETRY_PROJECTION,NOT_RUN,NOT_APPLICABLE,NOT_APPLICABLE,PLANNED,capability=PROJECTION_ONLY; known_issues=shared layer decoder produced out-of-bounds certificates | seed and time limit were not wired to the effective runner
B13,Payload/inventory gauntlet,CONSTRAINT_CONFORMANCE,PAYLOAD_INVENTORY,hard_compliance,rust_extreme_point,u-nesting,ExtremePoint,Rust CLI/PyO3 candidate,8cde85b029e4ade663185dacb93fd74440af170d,VALID,PROJECTION_ONLY,COMPOSED,GEOMETRY_PROJECTION,NOT_RUN,NOT_APPLICABLE,NOT_APPLICABLE,PLANNED,capability=PROJECTION_ONLY; known_issues=native API accepts one boundary; multi-bin results require a repeated-single-boundary adapter
B13,Payload/inventory gauntlet,CONSTRAINT_CONFORMANCE,PAYLOAD_INVENTORY,hard_compliance,rust_ga,u-nesting,GA,Rust CLI/PyO3 candidate,8cde85b029e4ade663185dacb93fd74440af170d,VALID,PROJECTION_ONLY,COMPOSED,GEOMETRY_PROJECTION,NOT_RUN,NOT_APPLICABLE,NOT_APPLICABLE,PLANNED,capability=PROJECTION_ONLY; known_issues=shared layer decoder produced out-of-bounds certificates | seed and time limit were not wired to the effective runner
B13,Payload/inventory gauntlet,CONSTRAINT_CONFORMANCE,PAYLOAD_INVENTORY,hard_compliance,rust_layer,u-nesting,Layer/BottomLeftFill,Rust CLI/PyO3 candidate,8cde85b029e4ade663185dacb93fd74440af170d,VALID,PROJECTION_ONLY,COMPOSED,GEOMETRY_PROJECTION,NOT_RUN,NOT_APPLICABLE,NOT_APPLICABLE,PLANNED,capability=PROJECTION_ONLY; known_issues=shared layer decoder produced out-of-bounds certificates
B13,Payload/inventory gauntlet,CONSTRAINT_CONFORMANCE,PAYLOAD_INVENTORY,hard_compliance,rust_sa,u-nesting,SA,Rust CLI/PyO3 candidate,8cde85b029e4ade663185dacb93fd74440af170d,VALID,PROJECTION_ONLY,COMPOSED,GEOMETRY_PROJECTION,NOT_RUN,NOT_APPLICABLE,NOT_APPLICABLE,PLANNED,capability=PROJECTION_ONLY; known_issues=shared layer decoder produced out-of-bounds certificates | seed and time limit were not wired to the effective runner
B13,Payload/inventory gauntlet,CONSTRAINT_CONFORMANCE,PAYLOAD_INVENTORY,hard_compliance,skjolber_fast_bruteforce,skjolber/3d-bin-container-packing,FastBruteForce,Java 21 sidecar,c73d52190c029a14e64f1bbdd2ea70452d1eb83d,VALID,PROJECTION_ONLY,COMPOSED,GEOMETRY_PROJECTION,NOT_RUN,NOT_APPLICABLE,NOT_APPLICABLE,PLANNED,capability=PROJECTION_ONLY; known_issues=intended only for small instances | JVM sidecar integration and cross-process timing require a separate performance track
B13,Payload/inventory gauntlet,CONSTRAINT_CONFORMANCE,PAYLOAD_INVENTORY,hard_compliance,skjolber_laff,skjolber/3d-bin-container-packing,LAFF,Java 21 sidecar,c73d52190c029a14e64f1bbdd2ea70452d1eb83d,VALID,PROJECTION_ONLY,COMPOSED,GEOMETRY_PROJECTION,NOT_RUN,NOT_APPLICABLE,NOT_APPLICABLE,PLANNED,capability=PROJECTION_ONLY; known_issues=JVM sidecar integration and cross-process timing require a separate performance track
B13,Payload/inventory gauntlet,CONSTRAINT_CONFORMANCE,PAYLOAD_INVENTORY,hard_compliance,skjolber_plain,skjolber/3d-bin-container-packing,Plain,Java 21 sidecar,c73d52190c029a14e64f1bbdd2ea70452d1eb83d,VALID,PROJECTION_ONLY,COMPOSED,GEOMETRY_PROJECTION,NOT_RUN,NOT_APPLICABLE,NOT_APPLICABLE,PLANNED,capability=PROJECTION_ONLY; known_issues=JVM sidecar integration and cross-process timing require a separate performance track
B14,Support/load-bearing gauntlet,CONSTRAINT_CONFORMANCE,SUPPORT_LOAD_BEARING,hard_violation_rate,exact_cp_sat,OR-Tools,strengthened CP-SAT model,C++ core/Python binding,9.15.6755,VALID,ADAPTER_MISSING,EXACT_MODEL,FULL_PROBLEM,NOT_RUN,NOT_APPLICABLE,NOT_APPLICABLE,ADAPTER_MISSING,capability=ADAPTER_MISSING; known_issues=not a prebuilt 3D packer; every problem family needs an explicit integer model
B14,Support/load-bearing gauntlet,CONSTRAINT_CONFORMANCE,SUPPORT_LOAD_BEARING,hard_violation_rate,exact_cplex,CPLEX,strengthened MIP model,native commercial/Python binding,22.1.2.0,VALID,ADAPTER_MISSING,EXACT_MODEL,FULL_PROBLEM,NOT_RUN,NOT_APPLICABLE,NOT_APPLICABLE,ADAPTER_MISSING,capability=ADAPTER_MISSING; known_issues=promotional license has a 1000-constraint limit | not a prebuilt 3D packer
B14,Support/load-bearing gauntlet,CONSTRAINT_CONFORMANCE,SUPPORT_LOAD_BEARING,hard_violation_rate,exact_gurobi,Gurobi,strengthened MIP model,native commercial/Python binding,13.0.3,VALID,ADAPTER_MISSING,EXACT_MODEL,FULL_PROBLEM,NOT_RUN,NOT_APPLICABLE,NOT_APPLICABLE,ADAPTER_MISSING,capability=ADAPTER_MISSING; known_issues=commercial production and redistribution licensing required | not a prebuilt 3D packer
B14,Support/load-bearing gauntlet,CONSTRAINT_CONFORMANCE,SUPPORT_LOAD_BEARING,hard_violation_rate,exact_scip,SCIP/PySCIPOpt,strengthened MIP model,C/C++ core/Python binding,6.2.1,VALID,ADAPTER_MISSING,EXACT_MODEL,FULL_PROBLEM,NOT_RUN,NOT_APPLICABLE,NOT_APPLICABLE,ADAPTER_MISSING,capability=ADAPTER_MISSING; known_issues=not a prebuilt 3D packer; every problem family needs an explicit model
B14,Support/load-bearing gauntlet,CONSTRAINT_CONFORMANCE,SUPPORT_LOAD_BEARING,hard_violation_rate,go_bp3d,gedex/bp3d,pivot greedy,Go sidecar,0ba3dcda7ab334c19b0979b1cf1fa05e09f33bc7,VALID,NOT_SUPPORTED,NOT_APPLICABLE,NOT_APPLICABLE,NOT_RUN,NOT_APPLICABLE,NOT_APPLICABLE,NOT_SUPPORTED,capability=NOT_SUPPORTED; known_issues=PutItem does not enforce cumulative MaxWeight | no per-item orientation subset
B14,Support/load-bearing gauntlet,CONSTRAINT_CONFORMANCE,SUPPORT_LOAD_BEARING,hard_violation_rate,jerry,jerry800416/3D-bin-packing,pivot/fix-point greedy,Python,75764a2b8a5c8e0a6713a4f672c0a8ff81b1107a,VALID,PROJECTION_ONLY,COMPOSED,GEOMETRY_PROJECTION,NOT_RUN,NOT_APPLICABLE,NOT_APPLICABLE,PLANNED,capability=PROJECTION_ONLY; known_issues=fix-point produced overlapping certificates | loadbear is a sort key rather than a hard load-bearing constraint
B14,Support/load-bearing gauntlet,CONSTRAINT_CONFORMANCE,SUPPORT_LOAD_BEARING,hard_violation_rate,packingsolver_fork_box,PackingSolver fork,box portfolio,C++14 CLI,d953148b8f710c06fa6c410949b7272f9e36327b,VALID,NOT_SUPPORTED,NOT_APPLICABLE,NOT_APPLICABLE,NOT_RUN,NOT_APPLICABLE,NOT_APPLICABLE,NOT_SUPPORTED,capability=NOT_SUPPORTED; known_issues=column_generation returned an empty incumbent on THPACK9-47
B14,Support/load-bearing gauntlet,CONSTRAINT_CONFORMANCE,SUPPORT_LOAD_BEARING,hard_violation_rate,packingsolver_fork_boxstacks,PackingSolver fork,boxstacks portfolio,C++14 CLI,d953148b8f710c06fa6c410949b7272f9e36327b,VALID,PROJECTION_ONLY,COMPOSED,GEOMETRY_PROJECTION,NOT_RUN,NOT_APPLICABLE,NOT_APPLICABLE,PLANNED,capability=PROJECTION_ONLY; known_issues=stack support is not a general contact/load-flow model
B14,Support/load-bearing gauntlet,CONSTRAINT_CONFORMANCE,SUPPORT_LOAD_BEARING,hard_violation_rate,packingsolver_upstream_box,PackingSolver upstream,box portfolio,C++14 CLI,367ebfdaad11424ded3696b7dae799a30c1375d0,VALID,NOT_SUPPORTED,NOT_APPLICABLE,NOT_APPLICABLE,NOT_RUN,NOT_APPLICABLE,NOT_APPLICABLE,NOT_SUPPORTED,capability=NOT_SUPPORTED; known_issues=upstream issue #536 breaks variable-sized-bin-packing solution comparison
B14,Support/load-bearing gauntlet,CONSTRAINT_CONFORMANCE,SUPPORT_LOAD_BEARING,hard_violation_rate,packingsolver_upstream_boxstacks,PackingSolver upstream,boxstacks portfolio,C++14 CLI,367ebfdaad11424ded3696b7dae799a30c1375d0,VALID,PROJECTION_ONLY,COMPOSED,GEOMETRY_PROJECTION,NOT_RUN,NOT_APPLICABLE,NOT_APPLICABLE,PLANNED,capability=PROJECTION_ONLY; known_issues=upstream issue #536 breaks variable-sized-bin-packing solution comparison | upstream issues #537 and #539 affect axle repair and degenerate truck geometry
B14,Support/load-bearing gauntlet,CONSTRAINT_CONFORMANCE,SUPPORT_LOAD_BEARING,hard_violation_rate,py3dbp,py3dbp,pivot greedy,Python,1.1.2,VALID,NOT_SUPPORTED,NOT_APPLICABLE,NOT_APPLICABLE,NOT_RUN,NOT_APPLICABLE,NOT_APPLICABLE,NOT_SUPPORTED,capability=NOT_SUPPORTED; known_issues=no per-item orientation subset or cost objective | quality is strongly input-order sensitive
B14,Support/load-bearing gauntlet,CONSTRAINT_CONFORMANCE,SUPPORT_LOAD_BEARING,hard_violation_rate,rust_brkga,u-nesting,BRKGA,Rust CLI/PyO3 candidate,8cde85b029e4ade663185dacb93fd74440af170d,VALID,NOT_SUPPORTED,NOT_APPLICABLE,NOT_APPLICABLE,NOT_RUN,NOT_APPLICABLE,NOT_APPLICABLE,NOT_SUPPORTED,capability=NOT_SUPPORTED; known_issues=shared layer decoder produced out-of-bounds certificates | seed and time limit were not wired to the effective runner
B14,Support/load-bearing gauntlet,CONSTRAINT_CONFORMANCE,SUPPORT_LOAD_BEARING,hard_violation_rate,rust_extreme_point,u-nesting,ExtremePoint,Rust CLI/PyO3 candidate,8cde85b029e4ade663185dacb93fd74440af170d,VALID,NOT_SUPPORTED,NOT_APPLICABLE,NOT_APPLICABLE,NOT_RUN,NOT_APPLICABLE,NOT_APPLICABLE,NOT_SUPPORTED,capability=NOT_SUPPORTED; known_issues=native API accepts one boundary; multi-bin results require a repeated-single-boundary adapter
B14,Support/load-bearing gauntlet,CONSTRAINT_CONFORMANCE,SUPPORT_LOAD_BEARING,hard_violation_rate,rust_ga,u-nesting,GA,Rust CLI/PyO3 candidate,8cde85b029e4ade663185dacb93fd74440af170d,VALID,NOT_SUPPORTED,NOT_APPLICABLE,NOT_APPLICABLE,NOT_RUN,NOT_APPLICABLE,NOT_APPLICABLE,NOT_SUPPORTED,capability=NOT_SUPPORTED; known_issues=shared layer decoder produced out-of-bounds certificates | seed and time limit were not wired to the effective runner
B14,Support/load-bearing gauntlet,CONSTRAINT_CONFORMANCE,SUPPORT_LOAD_BEARING,hard_violation_rate,rust_layer,u-nesting,Layer/BottomLeftFill,Rust CLI/PyO3 candidate,8cde85b029e4ade663185dacb93fd74440af170d,VALID,NOT_SUPPORTED,NOT_APPLICABLE,NOT_APPLICABLE,NOT_RUN,NOT_APPLICABLE,NOT_APPLICABLE,NOT_SUPPORTED,capability=NOT_SUPPORTED; known_issues=shared layer decoder produced out-of-bounds certificates
B14,Support/load-bearing gauntlet,CONSTRAINT_CONFORMANCE,SUPPORT_LOAD_BEARING,hard_violation_rate,rust_sa,u-nesting,SA,Rust CLI/PyO3 candidate,8cde85b029e4ade663185dacb93fd74440af170d,VALID,NOT_SUPPORTED,NOT_APPLICABLE,NOT_APPLICABLE,NOT_RUN,NOT_APPLICABLE,NOT_APPLICABLE,NOT_SUPPORTED,capability=NOT_SUPPORTED; known_issues=shared layer decoder produced out-of-bounds certificates | seed and time limit were not wired to the effective runner
B14,Support/load-bearing gauntlet,CONSTRAINT_CONFORMANCE,SUPPORT_LOAD_BEARING,hard_violation_rate,skjolber_fast_bruteforce,skjolber/3d-bin-container-packing,FastBruteForce,Java 21 sidecar,c73d52190c029a14e64f1bbdd2ea70452d1eb83d,VALID,PROJECTION_ONLY,COMPOSED,GEOMETRY_PROJECTION,NOT_RUN,NOT_APPLICABLE,NOT_APPLICABLE,PLANNED,capability=PROJECTION_ONLY; known_issues=intended only for small instances | JVM sidecar integration and cross-process timing require a separate performance track
B14,Support/load-bearing gauntlet,CONSTRAINT_CONFORMANCE,SUPPORT_LOAD_BEARING,hard_violation_rate,skjolber_laff,skjolber/3d-bin-container-packing,LAFF,Java 21 sidecar,c73d52190c029a14e64f1bbdd2ea70452d1eb83d,VALID,PROJECTION_ONLY,COMPOSED,GEOMETRY_PROJECTION,NOT_RUN,NOT_APPLICABLE,NOT_APPLICABLE,PLANNED,capability=PROJECTION_ONLY; known_issues=JVM sidecar integration and cross-process timing require a separate performance track
B14,Support/load-bearing gauntlet,CONSTRAINT_CONFORMANCE,SUPPORT_LOAD_BEARING,hard_violation_rate,skjolber_plain,skjolber/3d-bin-container-packing,Plain,Java 21 sidecar,c73d52190c029a14e64f1bbdd2ea70452d1eb83d,VALID,PROJECTION_ONLY,COMPOSED,GEOMETRY_PROJECTION,NOT_RUN,NOT_APPLICABLE,NOT_APPLICABLE,PLANNED,capability=PROJECTION_ONLY; known_issues=JVM sidecar integration and cross-process timing require a separate performance track
B15,CG/axle/floor-load gauntlet,CONSTRAINT_CONFORMANCE,VEHICLE_STATICS,hard_violation_rate,exact_cp_sat,OR-Tools,strengthened CP-SAT model,C++ core/Python binding,9.15.6755,VALID,ADAPTER_MISSING,EXACT_MODEL,FULL_PROBLEM,NOT_RUN,NOT_APPLICABLE,NOT_APPLICABLE,ADAPTER_MISSING,capability=ADAPTER_MISSING; known_issues=not a prebuilt 3D packer; every problem family needs an explicit integer model
B15,CG/axle/floor-load gauntlet,CONSTRAINT_CONFORMANCE,VEHICLE_STATICS,hard_violation_rate,exact_cplex,CPLEX,strengthened MIP model,native commercial/Python binding,22.1.2.0,VALID,ADAPTER_MISSING,EXACT_MODEL,FULL_PROBLEM,NOT_RUN,NOT_APPLICABLE,NOT_APPLICABLE,ADAPTER_MISSING,capability=ADAPTER_MISSING; known_issues=promotional license has a 1000-constraint limit | not a prebuilt 3D packer
B15,CG/axle/floor-load gauntlet,CONSTRAINT_CONFORMANCE,VEHICLE_STATICS,hard_violation_rate,exact_gurobi,Gurobi,strengthened MIP model,native commercial/Python binding,13.0.3,VALID,ADAPTER_MISSING,EXACT_MODEL,FULL_PROBLEM,NOT_RUN,NOT_APPLICABLE,NOT_APPLICABLE,ADAPTER_MISSING,capability=ADAPTER_MISSING; known_issues=commercial production and redistribution licensing required | not a prebuilt 3D packer
B15,CG/axle/floor-load gauntlet,CONSTRAINT_CONFORMANCE,VEHICLE_STATICS,hard_violation_rate,exact_scip,SCIP/PySCIPOpt,strengthened MIP model,C/C++ core/Python binding,6.2.1,VALID,ADAPTER_MISSING,EXACT_MODEL,FULL_PROBLEM,NOT_RUN,NOT_APPLICABLE,NOT_APPLICABLE,ADAPTER_MISSING,capability=ADAPTER_MISSING; known_issues=not a prebuilt 3D packer; every problem family needs an explicit model
B15,CG/axle/floor-load gauntlet,CONSTRAINT_CONFORMANCE,VEHICLE_STATICS,hard_violation_rate,go_bp3d,gedex/bp3d,pivot greedy,Go sidecar,0ba3dcda7ab334c19b0979b1cf1fa05e09f33bc7,VALID,PROJECTION_ONLY,COMPOSED,GEOMETRY_PROJECTION,NOT_RUN,NOT_APPLICABLE,NOT_APPLICABLE,PLANNED,capability=PROJECTION_ONLY; known_issues=PutItem does not enforce cumulative MaxWeight | no per-item orientation subset
B15,CG/axle/floor-load gauntlet,CONSTRAINT_CONFORMANCE,VEHICLE_STATICS,hard_violation_rate,jerry,jerry800416/3D-bin-packing,pivot/fix-point greedy,Python,75764a2b8a5c8e0a6713a4f672c0a8ff81b1107a,VALID,PROJECTION_ONLY,COMPOSED,GEOMETRY_PROJECTION,NOT_RUN,NOT_APPLICABLE,NOT_APPLICABLE,PLANNED,capability=PROJECTION_ONLY; known_issues=fix-point produced overlapping certificates | loadbear is a sort key rather than a hard load-bearing constraint
B15,CG/axle/floor-load gauntlet,CONSTRAINT_CONFORMANCE,VEHICLE_STATICS,hard_violation_rate,packingsolver_fork_box,PackingSolver fork,box portfolio,C++14 CLI,d953148b8f710c06fa6c410949b7272f9e36327b,VALID,NOT_SUPPORTED,NOT_APPLICABLE,NOT_APPLICABLE,NOT_RUN,NOT_APPLICABLE,NOT_APPLICABLE,NOT_SUPPORTED,capability=NOT_SUPPORTED; known_issues=column_generation returned an empty incumbent on THPACK9-47
B15,CG/axle/floor-load gauntlet,CONSTRAINT_CONFORMANCE,VEHICLE_STATICS,hard_violation_rate,packingsolver_fork_boxstacks,PackingSolver fork,boxstacks portfolio,C++14 CLI,d953148b8f710c06fa6c410949b7272f9e36327b,VALID,PROJECTION_ONLY,COMPOSED,GEOMETRY_PROJECTION,NOT_RUN,NOT_APPLICABLE,NOT_APPLICABLE,PLANNED,capability=PROJECTION_ONLY; known_issues=stack support is not a general contact/load-flow model
B15,CG/axle/floor-load gauntlet,CONSTRAINT_CONFORMANCE,VEHICLE_STATICS,hard_violation_rate,packingsolver_upstream_box,PackingSolver upstream,box portfolio,C++14 CLI,367ebfdaad11424ded3696b7dae799a30c1375d0,VALID,NOT_SUPPORTED,NOT_APPLICABLE,NOT_APPLICABLE,NOT_RUN,NOT_APPLICABLE,NOT_APPLICABLE,NOT_SUPPORTED,capability=NOT_SUPPORTED; known_issues=upstream issue #536 breaks variable-sized-bin-packing solution comparison
B15,CG/axle/floor-load gauntlet,CONSTRAINT_CONFORMANCE,VEHICLE_STATICS,hard_violation_rate,packingsolver_upstream_boxstacks,PackingSolver upstream,boxstacks portfolio,C++14 CLI,367ebfdaad11424ded3696b7dae799a30c1375d0,VALID,PROJECTION_ONLY,COMPOSED,GEOMETRY_PROJECTION,NOT_RUN,NOT_APPLICABLE,NOT_APPLICABLE,PLANNED,capability=PROJECTION_ONLY; known_issues=upstream issue #536 breaks variable-sized-bin-packing solution comparison | upstream issues #537 and #539 affect axle repair and degenerate truck geometry
B15,CG/axle/floor-load gauntlet,CONSTRAINT_CONFORMANCE,VEHICLE_STATICS,hard_violation_rate,py3dbp,py3dbp,pivot greedy,Python,1.1.2,VALID,PROJECTION_ONLY,COMPOSED,GEOMETRY_PROJECTION,NOT_RUN,NOT_APPLICABLE,NOT_APPLICABLE,PLANNED,capability=PROJECTION_ONLY; known_issues=no per-item orientation subset or cost objective | quality is strongly input-order sensitive
B15,CG/axle/floor-load gauntlet,CONSTRAINT_CONFORMANCE,VEHICLE_STATICS,hard_violation_rate,rust_brkga,u-nesting,BRKGA,Rust CLI/PyO3 candidate,8cde85b029e4ade663185dacb93fd74440af170d,VALID,PROJECTION_ONLY,COMPOSED,GEOMETRY_PROJECTION,NOT_RUN,NOT_APPLICABLE,NOT_APPLICABLE,PLANNED,capability=PROJECTION_ONLY; known_issues=shared layer decoder produced out-of-bounds certificates | seed and time limit were not wired to the effective runner
B15,CG/axle/floor-load gauntlet,CONSTRAINT_CONFORMANCE,VEHICLE_STATICS,hard_violation_rate,rust_extreme_point,u-nesting,ExtremePoint,Rust CLI/PyO3 candidate,8cde85b029e4ade663185dacb93fd74440af170d,VALID,PROJECTION_ONLY,COMPOSED,GEOMETRY_PROJECTION,NOT_RUN,NOT_APPLICABLE,NOT_APPLICABLE,PLANNED,capability=PROJECTION_ONLY; known_issues=native API accepts one boundary; multi-bin results require a repeated-single-boundary adapter
B15,CG/axle/floor-load gauntlet,CONSTRAINT_CONFORMANCE,VEHICLE_STATICS,hard_violation_rate,rust_ga,u-nesting,GA,Rust CLI/PyO3 candidate,8cde85b029e4ade663185dacb93fd74440af170d,VALID,PROJECTION_ONLY,COMPOSED,GEOMETRY_PROJECTION,NOT_RUN,NOT_APPLICABLE,NOT_APPLICABLE,PLANNED,capability=PROJECTION_ONLY; known_issues=shared layer decoder produced out-of-bounds certificates | seed and time limit were not wired to the effective runner
B15,CG/axle/floor-load gauntlet,CONSTRAINT_CONFORMANCE,VEHICLE_STATICS,hard_violation_rate,rust_layer,u-nesting,Layer/BottomLeftFill,Rust CLI/PyO3 candidate,8cde85b029e4ade663185dacb93fd74440af170d,VALID,PROJECTION_ONLY,COMPOSED,GEOMETRY_PROJECTION,NOT_RUN,NOT_APPLICABLE,NOT_APPLICABLE,PLANNED,capability=PROJECTION_ONLY; known_issues=shared layer decoder produced out-of-bounds certificates
B15,CG/axle/floor-load gauntlet,CONSTRAINT_CONFORMANCE,VEHICLE_STATICS,hard_violation_rate,rust_sa,u-nesting,SA,Rust CLI/PyO3 candidate,8cde85b029e4ade663185dacb93fd74440af170d,VALID,PROJECTION_ONLY,COMPOSED,GEOMETRY_PROJECTION,NOT_RUN,NOT_APPLICABLE,NOT_APPLICABLE,PLANNED,capability=PROJECTION_ONLY; known_issues=shared layer decoder produced out-of-bounds certificates | seed and time limit were not wired to the effective runner
B15,CG/axle/floor-load gauntlet,CONSTRAINT_CONFORMANCE,VEHICLE_STATICS,hard_violation_rate,skjolber_fast_bruteforce,skjolber/3d-bin-container-packing,FastBruteForce,Java 21 sidecar,c73d52190c029a14e64f1bbdd2ea70452d1eb83d,VALID,PROJECTION_ONLY,COMPOSED,GEOMETRY_PROJECTION,NOT_RUN,NOT_APPLICABLE,NOT_APPLICABLE,PLANNED,capability=PROJECTION_ONLY; known_issues=intended only for small instances | JVM sidecar integration and cross-process timing require a separate performance track
B15,CG/axle/floor-load gauntlet,CONSTRAINT_CONFORMANCE,VEHICLE_STATICS,hard_violation_rate,skjolber_laff,skjolber/3d-bin-container-packing,LAFF,Java 21 sidecar,c73d52190c029a14e64f1bbdd2ea70452d1eb83d,VALID,PROJECTION_ONLY,COMPOSED,GEOMETRY_PROJECTION,NOT_RUN,NOT_APPLICABLE,NOT_APPLICABLE,PLANNED,capability=PROJECTION_ONLY; known_issues=JVM sidecar integration and cross-process timing require a separate performance track
B15,CG/axle/floor-load gauntlet,CONSTRAINT_CONFORMANCE,VEHICLE_STATICS,hard_violation_rate,skjolber_plain,skjolber/3d-bin-container-packing,Plain,Java 21 sidecar,c73d52190c029a14e64f1bbdd2ea70452d1eb83d,VALID,PROJECTION_ONLY,COMPOSED,GEOMETRY_PROJECTION,NOT_RUN,NOT_APPLICABLE,NOT_APPLICABLE,PLANNED,capability=PROJECTION_ONLY; known_issues=JVM sidecar integration and cross-process timing require a separate performance track
B16,Obstacles/door/keepout,CONSTRAINT_CONFORMANCE,OBSTACLES_ACCESS,hard_compliance,exact_cp_sat,OR-Tools,strengthened CP-SAT model,C++ core/Python binding,9.15.6755,VALID,ADAPTER_MISSING,EXACT_MODEL,FULL_PROBLEM,NOT_RUN,NOT_APPLICABLE,NOT_APPLICABLE,ADAPTER_MISSING,capability=ADAPTER_MISSING; known_issues=not a prebuilt 3D packer; every problem family needs an explicit integer model
B16,Obstacles/door/keepout,CONSTRAINT_CONFORMANCE,OBSTACLES_ACCESS,hard_compliance,exact_cplex,CPLEX,strengthened MIP model,native commercial/Python binding,22.1.2.0,VALID,ADAPTER_MISSING,EXACT_MODEL,FULL_PROBLEM,NOT_RUN,NOT_APPLICABLE,NOT_APPLICABLE,ADAPTER_MISSING,capability=ADAPTER_MISSING; known_issues=promotional license has a 1000-constraint limit | not a prebuilt 3D packer
B16,Obstacles/door/keepout,CONSTRAINT_CONFORMANCE,OBSTACLES_ACCESS,hard_compliance,exact_gurobi,Gurobi,strengthened MIP model,native commercial/Python binding,13.0.3,VALID,ADAPTER_MISSING,EXACT_MODEL,FULL_PROBLEM,NOT_RUN,NOT_APPLICABLE,NOT_APPLICABLE,ADAPTER_MISSING,capability=ADAPTER_MISSING; known_issues=commercial production and redistribution licensing required | not a prebuilt 3D packer
B16,Obstacles/door/keepout,CONSTRAINT_CONFORMANCE,OBSTACLES_ACCESS,hard_compliance,exact_scip,SCIP/PySCIPOpt,strengthened MIP model,C/C++ core/Python binding,6.2.1,VALID,ADAPTER_MISSING,EXACT_MODEL,FULL_PROBLEM,NOT_RUN,NOT_APPLICABLE,NOT_APPLICABLE,ADAPTER_MISSING,capability=ADAPTER_MISSING; known_issues=not a prebuilt 3D packer; every problem family needs an explicit model
B16,Obstacles/door/keepout,CONSTRAINT_CONFORMANCE,OBSTACLES_ACCESS,hard_compliance,go_bp3d,gedex/bp3d,pivot greedy,Go sidecar,0ba3dcda7ab334c19b0979b1cf1fa05e09f33bc7,VALID,PROJECTION_ONLY,COMPOSED,GEOMETRY_PROJECTION,NOT_RUN,NOT_APPLICABLE,NOT_APPLICABLE,PLANNED,capability=PROJECTION_ONLY; known_issues=PutItem does not enforce cumulative MaxWeight | no per-item orientation subset
B16,Obstacles/door/keepout,CONSTRAINT_CONFORMANCE,OBSTACLES_ACCESS,hard_compliance,jerry,jerry800416/3D-bin-packing,pivot/fix-point greedy,Python,75764a2b8a5c8e0a6713a4f672c0a8ff81b1107a,VALID,PROJECTION_ONLY,COMPOSED,GEOMETRY_PROJECTION,NOT_RUN,NOT_APPLICABLE,NOT_APPLICABLE,PLANNED,capability=PROJECTION_ONLY; known_issues=fix-point produced overlapping certificates | loadbear is a sort key rather than a hard load-bearing constraint
B16,Obstacles/door/keepout,CONSTRAINT_CONFORMANCE,OBSTACLES_ACCESS,hard_compliance,packingsolver_fork_box,PackingSolver fork,box portfolio,C++14 CLI,d953148b8f710c06fa6c410949b7272f9e36327b,VALID,NOT_SUPPORTED,NOT_APPLICABLE,NOT_APPLICABLE,NOT_RUN,NOT_APPLICABLE,NOT_APPLICABLE,NOT_SUPPORTED,capability=NOT_SUPPORTED; known_issues=column_generation returned an empty incumbent on THPACK9-47
B16,Obstacles/door/keepout,CONSTRAINT_CONFORMANCE,OBSTACLES_ACCESS,hard_compliance,packingsolver_fork_boxstacks,PackingSolver fork,boxstacks portfolio,C++14 CLI,d953148b8f710c06fa6c410949b7272f9e36327b,VALID,NOT_SUPPORTED,NOT_APPLICABLE,NOT_APPLICABLE,NOT_RUN,NOT_APPLICABLE,NOT_APPLICABLE,NOT_SUPPORTED,capability=NOT_SUPPORTED; known_issues=stack support is not a general contact/load-flow model
B16,Obstacles/door/keepout,CONSTRAINT_CONFORMANCE,OBSTACLES_ACCESS,hard_compliance,packingsolver_upstream_box,PackingSolver upstream,box portfolio,C++14 CLI,367ebfdaad11424ded3696b7dae799a30c1375d0,VALID,NOT_SUPPORTED,NOT_APPLICABLE,NOT_APPLICABLE,NOT_RUN,NOT_APPLICABLE,NOT_APPLICABLE,NOT_SUPPORTED,capability=NOT_SUPPORTED; known_issues=upstream issue #536 breaks variable-sized-bin-packing solution comparison
B16,Obstacles/door/keepout,CONSTRAINT_CONFORMANCE,OBSTACLES_ACCESS,hard_compliance,packingsolver_upstream_boxstacks,PackingSolver upstream,boxstacks portfolio,C++14 CLI,367ebfdaad11424ded3696b7dae799a30c1375d0,VALID,NOT_SUPPORTED,NOT_APPLICABLE,NOT_APPLICABLE,NOT_RUN,NOT_APPLICABLE,NOT_APPLICABLE,NOT_SUPPORTED,capability=NOT_SUPPORTED; known_issues=upstream issue #536 breaks variable-sized-bin-packing solution comparison | upstream issues #537 and #539 affect axle repair and degenerate truck geometry
B16,Obstacles/door/keepout,CONSTRAINT_CONFORMANCE,OBSTACLES_ACCESS,hard_compliance,py3dbp,py3dbp,pivot greedy,Python,1.1.2,VALID,PROJECTION_ONLY,COMPOSED,GEOMETRY_PROJECTION,NOT_RUN,NOT_APPLICABLE,NOT_APPLICABLE,PLANNED,capability=PROJECTION_ONLY; known_issues=no per-item orientation subset or cost objective | quality is strongly input-order sensitive
B16,Obstacles/door/keepout,CONSTRAINT_CONFORMANCE,OBSTACLES_ACCESS,hard_compliance,rust_brkga,u-nesting,BRKGA,Rust CLI/PyO3 candidate,8cde85b029e4ade663185dacb93fd74440af170d,VALID,PROJECTION_ONLY,COMPOSED,GEOMETRY_PROJECTION,NOT_RUN,NOT_APPLICABLE,NOT_APPLICABLE,PLANNED,capability=PROJECTION_ONLY; known_issues=shared layer decoder produced out-of-bounds certificates | seed and time limit were not wired to the effective runner
B16,Obstacles/door/keepout,CONSTRAINT_CONFORMANCE,OBSTACLES_ACCESS,hard_compliance,rust_extreme_point,u-nesting,ExtremePoint,Rust CLI/PyO3 candidate,8cde85b029e4ade663185dacb93fd74440af170d,VALID,PROJECTION_ONLY,COMPOSED,GEOMETRY_PROJECTION,NOT_RUN,NOT_APPLICABLE,NOT_APPLICABLE,PLANNED,capability=PROJECTION_ONLY; known_issues=native API accepts one boundary; multi-bin results require a repeated-single-boundary adapter
B16,Obstacles/door/keepout,CONSTRAINT_CONFORMANCE,OBSTACLES_ACCESS,hard_compliance,rust_ga,u-nesting,GA,Rust CLI/PyO3 candidate,8cde85b029e4ade663185dacb93fd74440af170d,VALID,PROJECTION_ONLY,COMPOSED,GEOMETRY_PROJECTION,NOT_RUN,NOT_APPLICABLE,NOT_APPLICABLE,PLANNED,capability=PROJECTION_ONLY; known_issues=shared layer decoder produced out-of-bounds certificates | seed and time limit were not wired to the effective runner
B16,Obstacles/door/keepout,CONSTRAINT_CONFORMANCE,OBSTACLES_ACCESS,hard_compliance,rust_layer,u-nesting,Layer/BottomLeftFill,Rust CLI/PyO3 candidate,8cde85b029e4ade663185dacb93fd74440af170d,VALID,PROJECTION_ONLY,COMPOSED,GEOMETRY_PROJECTION,NOT_RUN,NOT_APPLICABLE,NOT_APPLICABLE,PLANNED,capability=PROJECTION_ONLY; known_issues=shared layer decoder produced out-of-bounds certificates
B16,Obstacles/door/keepout,CONSTRAINT_CONFORMANCE,OBSTACLES_ACCESS,hard_compliance,rust_sa,u-nesting,SA,Rust CLI/PyO3 candidate,8cde85b029e4ade663185dacb93fd74440af170d,VALID,PROJECTION_ONLY,COMPOSED,GEOMETRY_PROJECTION,NOT_RUN,NOT_APPLICABLE,NOT_APPLICABLE,PLANNED,capability=PROJECTION_ONLY; known_issues=shared layer decoder produced out-of-bounds certificates | seed and time limit were not wired to the effective runner
B16,Obstacles/door/keepout,CONSTRAINT_CONFORMANCE,OBSTACLES_ACCESS,hard_compliance,skjolber_fast_bruteforce,skjolber/3d-bin-container-packing,FastBruteForce,Java 21 sidecar,c73d52190c029a14e64f1bbdd2ea70452d1eb83d,VALID,ADAPTER_MISSING,NATIVE,FULL_PROBLEM,NOT_RUN,NOT_APPLICABLE,NOT_APPLICABLE,ADAPTER_MISSING,capability=ADAPTER_MISSING; known_issues=intended only for small instances | JVM sidecar integration and cross-process timing require a separate performance track
B16,Obstacles/door/keepout,CONSTRAINT_CONFORMANCE,OBSTACLES_ACCESS,hard_compliance,skjolber_laff,skjolber/3d-bin-container-packing,LAFF,Java 21 sidecar,c73d52190c029a14e64f1bbdd2ea70452d1eb83d,VALID,ADAPTER_MISSING,NATIVE,FULL_PROBLEM,NOT_RUN,NOT_APPLICABLE,NOT_APPLICABLE,ADAPTER_MISSING,capability=ADAPTER_MISSING; known_issues=JVM sidecar integration and cross-process timing require a separate performance track
B16,Obstacles/door/keepout,CONSTRAINT_CONFORMANCE,OBSTACLES_ACCESS,hard_compliance,skjolber_plain,skjolber/3d-bin-container-packing,Plain,Java 21 sidecar,c73d52190c029a14e64f1bbdd2ea70452d1eb83d,VALID,ADAPTER_MISSING,NATIVE,FULL_PROBLEM,NOT_RUN,NOT_APPLICABLE,NOT_APPLICABLE,ADAPTER_MISSING,capability=ADAPTER_MISSING; known_issues=JVM sidecar integration and cross-process timing require a separate performance track
B17,Multi-drop/unloading,CONSTRAINT_CONFORMANCE,MULTI_DROP,hard_compliance,exact_cp_sat,OR-Tools,strengthened CP-SAT model,C++ core/Python binding,9.15.6755,VALID,ADAPTER_MISSING,EXACT_MODEL,FULL_PROBLEM,NOT_RUN,NOT_APPLICABLE,NOT_APPLICABLE,ADAPTER_MISSING,capability=ADAPTER_MISSING; known_issues=not a prebuilt 3D packer; every problem family needs an explicit integer model
B17,Multi-drop/unloading,CONSTRAINT_CONFORMANCE,MULTI_DROP,hard_compliance,exact_cplex,CPLEX,strengthened MIP model,native commercial/Python binding,22.1.2.0,VALID,ADAPTER_MISSING,EXACT_MODEL,FULL_PROBLEM,NOT_RUN,NOT_APPLICABLE,NOT_APPLICABLE,ADAPTER_MISSING,capability=ADAPTER_MISSING; known_issues=promotional license has a 1000-constraint limit | not a prebuilt 3D packer
B17,Multi-drop/unloading,CONSTRAINT_CONFORMANCE,MULTI_DROP,hard_compliance,exact_gurobi,Gurobi,strengthened MIP model,native commercial/Python binding,13.0.3,VALID,ADAPTER_MISSING,EXACT_MODEL,FULL_PROBLEM,NOT_RUN,NOT_APPLICABLE,NOT_APPLICABLE,ADAPTER_MISSING,capability=ADAPTER_MISSING; known_issues=commercial production and redistribution licensing required | not a prebuilt 3D packer
B17,Multi-drop/unloading,CONSTRAINT_CONFORMANCE,MULTI_DROP,hard_compliance,exact_scip,SCIP/PySCIPOpt,strengthened MIP model,C/C++ core/Python binding,6.2.1,VALID,ADAPTER_MISSING,EXACT_MODEL,FULL_PROBLEM,NOT_RUN,NOT_APPLICABLE,NOT_APPLICABLE,ADAPTER_MISSING,capability=ADAPTER_MISSING; known_issues=not a prebuilt 3D packer; every problem family needs an explicit model
B17,Multi-drop/unloading,CONSTRAINT_CONFORMANCE,MULTI_DROP,hard_compliance,go_bp3d,gedex/bp3d,pivot greedy,Go sidecar,0ba3dcda7ab334c19b0979b1cf1fa05e09f33bc7,VALID,PROJECTION_ONLY,COMPOSED,GEOMETRY_PROJECTION,NOT_RUN,NOT_APPLICABLE,NOT_APPLICABLE,PLANNED,capability=PROJECTION_ONLY; known_issues=PutItem does not enforce cumulative MaxWeight | no per-item orientation subset
B17,Multi-drop/unloading,CONSTRAINT_CONFORMANCE,MULTI_DROP,hard_compliance,jerry,jerry800416/3D-bin-packing,pivot/fix-point greedy,Python,75764a2b8a5c8e0a6713a4f672c0a8ff81b1107a,VALID,PROJECTION_ONLY,COMPOSED,GEOMETRY_PROJECTION,NOT_RUN,NOT_APPLICABLE,NOT_APPLICABLE,PLANNED,capability=PROJECTION_ONLY; known_issues=fix-point produced overlapping certificates | loadbear is a sort key rather than a hard load-bearing constraint
B17,Multi-drop/unloading,CONSTRAINT_CONFORMANCE,MULTI_DROP,hard_compliance,packingsolver_fork_box,PackingSolver fork,box portfolio,C++14 CLI,d953148b8f710c06fa6c410949b7272f9e36327b,VALID,NOT_SUPPORTED,NOT_APPLICABLE,NOT_APPLICABLE,NOT_RUN,NOT_APPLICABLE,NOT_APPLICABLE,NOT_SUPPORTED,capability=NOT_SUPPORTED; known_issues=column_generation returned an empty incumbent on THPACK9-47
B17,Multi-drop/unloading,CONSTRAINT_CONFORMANCE,MULTI_DROP,hard_compliance,packingsolver_fork_boxstacks,PackingSolver fork,boxstacks portfolio,C++14 CLI,d953148b8f710c06fa6c410949b7272f9e36327b,VALID,PROJECTION_ONLY,COMPOSED,GEOMETRY_PROJECTION,NOT_RUN,NOT_APPLICABLE,NOT_APPLICABLE,PLANNED,capability=PROJECTION_ONLY; known_issues=stack support is not a general contact/load-flow model
B17,Multi-drop/unloading,CONSTRAINT_CONFORMANCE,MULTI_DROP,hard_compliance,packingsolver_upstream_box,PackingSolver upstream,box portfolio,C++14 CLI,367ebfdaad11424ded3696b7dae799a30c1375d0,VALID,NOT_SUPPORTED,NOT_APPLICABLE,NOT_APPLICABLE,NOT_RUN,NOT_APPLICABLE,NOT_APPLICABLE,NOT_SUPPORTED,capability=NOT_SUPPORTED; known_issues=upstream issue #536 breaks variable-sized-bin-packing solution comparison
B17,Multi-drop/unloading,CONSTRAINT_CONFORMANCE,MULTI_DROP,hard_compliance,packingsolver_upstream_boxstacks,PackingSolver upstream,boxstacks portfolio,C++14 CLI,367ebfdaad11424ded3696b7dae799a30c1375d0,VALID,PROJECTION_ONLY,COMPOSED,GEOMETRY_PROJECTION,NOT_RUN,NOT_APPLICABLE,NOT_APPLICABLE,PLANNED,capability=PROJECTION_ONLY; known_issues=upstream issue #536 breaks variable-sized-bin-packing solution comparison | upstream issues #537 and #539 affect axle repair and degenerate truck geometry
B17,Multi-drop/unloading,CONSTRAINT_CONFORMANCE,MULTI_DROP,hard_compliance,py3dbp,py3dbp,pivot greedy,Python,1.1.2,VALID,PROJECTION_ONLY,COMPOSED,GEOMETRY_PROJECTION,NOT_RUN,NOT_APPLICABLE,NOT_APPLICABLE,PLANNED,capability=PROJECTION_ONLY; known_issues=no per-item orientation subset or cost objective | quality is strongly input-order sensitive
B17,Multi-drop/unloading,CONSTRAINT_CONFORMANCE,MULTI_DROP,hard_compliance,rust_brkga,u-nesting,BRKGA,Rust CLI/PyO3 candidate,8cde85b029e4ade663185dacb93fd74440af170d,VALID,PROJECTION_ONLY,COMPOSED,GEOMETRY_PROJECTION,NOT_RUN,NOT_APPLICABLE,NOT_APPLICABLE,PLANNED,capability=PROJECTION_ONLY; known_issues=shared layer decoder produced out-of-bounds certificates | seed and time limit were not wired to the effective runner
B17,Multi-drop/unloading,CONSTRAINT_CONFORMANCE,MULTI_DROP,hard_compliance,rust_extreme_point,u-nesting,ExtremePoint,Rust CLI/PyO3 candidate,8cde85b029e4ade663185dacb93fd74440af170d,VALID,PROJECTION_ONLY,COMPOSED,GEOMETRY_PROJECTION,NOT_RUN,NOT_APPLICABLE,NOT_APPLICABLE,PLANNED,capability=PROJECTION_ONLY; known_issues=native API accepts one boundary; multi-bin results require a repeated-single-boundary adapter
B17,Multi-drop/unloading,CONSTRAINT_CONFORMANCE,MULTI_DROP,hard_compliance,rust_ga,u-nesting,GA,Rust CLI/PyO3 candidate,8cde85b029e4ade663185dacb93fd74440af170d,VALID,PROJECTION_ONLY,COMPOSED,GEOMETRY_PROJECTION,NOT_RUN,NOT_APPLICABLE,NOT_APPLICABLE,PLANNED,capability=PROJECTION_ONLY; known_issues=shared layer decoder produced out-of-bounds certificates | seed and time limit were not wired to the effective runner
B17,Multi-drop/unloading,CONSTRAINT_CONFORMANCE,MULTI_DROP,hard_compliance,rust_layer,u-nesting,Layer/BottomLeftFill,Rust CLI/PyO3 candidate,8cde85b029e4ade663185dacb93fd74440af170d,VALID,PROJECTION_ONLY,COMPOSED,GEOMETRY_PROJECTION,NOT_RUN,NOT_APPLICABLE,NOT_APPLICABLE,PLANNED,capability=PROJECTION_ONLY; known_issues=shared layer decoder produced out-of-bounds certificates
B17,Multi-drop/unloading,CONSTRAINT_CONFORMANCE,MULTI_DROP,hard_compliance,rust_sa,u-nesting,SA,Rust CLI/PyO3 candidate,8cde85b029e4ade663185dacb93fd74440af170d,VALID,PROJECTION_ONLY,COMPOSED,GEOMETRY_PROJECTION,NOT_RUN,NOT_APPLICABLE,NOT_APPLICABLE,PLANNED,capability=PROJECTION_ONLY; known_issues=shared layer decoder produced out-of-bounds certificates | seed and time limit were not wired to the effective runner
B17,Multi-drop/unloading,CONSTRAINT_CONFORMANCE,MULTI_DROP,hard_compliance,skjolber_fast_bruteforce,skjolber/3d-bin-container-packing,FastBruteForce,Java 21 sidecar,c73d52190c029a14e64f1bbdd2ea70452d1eb83d,VALID,PROJECTION_ONLY,COMPOSED,GEOMETRY_PROJECTION,NOT_RUN,NOT_APPLICABLE,NOT_APPLICABLE,PLANNED,capability=PROJECTION_ONLY; known_issues=intended only for small instances | JVM sidecar integration and cross-process timing require a separate performance track
B17,Multi-drop/unloading,CONSTRAINT_CONFORMANCE,MULTI_DROP,hard_compliance,skjolber_laff,skjolber/3d-bin-container-packing,LAFF,Java 21 sidecar,c73d52190c029a14e64f1bbdd2ea70452d1eb83d,VALID,PROJECTION_ONLY,COMPOSED,GEOMETRY_PROJECTION,NOT_RUN,NOT_APPLICABLE,NOT_APPLICABLE,PLANNED,capability=PROJECTION_ONLY; known_issues=JVM sidecar integration and cross-process timing require a separate performance track
B17,Multi-drop/unloading,CONSTRAINT_CONFORMANCE,MULTI_DROP,hard_compliance,skjolber_plain,skjolber/3d-bin-container-packing,Plain,Java 21 sidecar,c73d52190c029a14e64f1bbdd2ea70452d1eb83d,VALID,PROJECTION_ONLY,COMPOSED,GEOMETRY_PROJECTION,NOT_RUN,NOT_APPLICABLE,NOT_APPLICABLE,PLANNED,capability=PROJECTION_ONLY; known_issues=JVM sidecar integration and cross-process timing require a separate performance track
B18,Compatibility/segregation,CONSTRAINT_CONFORMANCE,COMPATIBILITY,hard_compliance,exact_cp_sat,OR-Tools,strengthened CP-SAT model,C++ core/Python binding,9.15.6755,VALID,ADAPTER_MISSING,EXACT_MODEL,FULL_PROBLEM,NOT_RUN,NOT_APPLICABLE,NOT_APPLICABLE,ADAPTER_MISSING,capability=ADAPTER_MISSING; known_issues=not a prebuilt 3D packer; every problem family needs an explicit integer model
B18,Compatibility/segregation,CONSTRAINT_CONFORMANCE,COMPATIBILITY,hard_compliance,exact_cplex,CPLEX,strengthened MIP model,native commercial/Python binding,22.1.2.0,VALID,ADAPTER_MISSING,EXACT_MODEL,FULL_PROBLEM,NOT_RUN,NOT_APPLICABLE,NOT_APPLICABLE,ADAPTER_MISSING,capability=ADAPTER_MISSING; known_issues=promotional license has a 1000-constraint limit | not a prebuilt 3D packer
B18,Compatibility/segregation,CONSTRAINT_CONFORMANCE,COMPATIBILITY,hard_compliance,exact_gurobi,Gurobi,strengthened MIP model,native commercial/Python binding,13.0.3,VALID,ADAPTER_MISSING,EXACT_MODEL,FULL_PROBLEM,NOT_RUN,NOT_APPLICABLE,NOT_APPLICABLE,ADAPTER_MISSING,capability=ADAPTER_MISSING; known_issues=commercial production and redistribution licensing required | not a prebuilt 3D packer
B18,Compatibility/segregation,CONSTRAINT_CONFORMANCE,COMPATIBILITY,hard_compliance,exact_scip,SCIP/PySCIPOpt,strengthened MIP model,C/C++ core/Python binding,6.2.1,VALID,ADAPTER_MISSING,EXACT_MODEL,FULL_PROBLEM,NOT_RUN,NOT_APPLICABLE,NOT_APPLICABLE,ADAPTER_MISSING,capability=ADAPTER_MISSING; known_issues=not a prebuilt 3D packer; every problem family needs an explicit model
B18,Compatibility/segregation,CONSTRAINT_CONFORMANCE,COMPATIBILITY,hard_compliance,go_bp3d,gedex/bp3d,pivot greedy,Go sidecar,0ba3dcda7ab334c19b0979b1cf1fa05e09f33bc7,VALID,PROJECTION_ONLY,COMPOSED,GEOMETRY_PROJECTION,NOT_RUN,NOT_APPLICABLE,NOT_APPLICABLE,PLANNED,capability=PROJECTION_ONLY; known_issues=PutItem does not enforce cumulative MaxWeight | no per-item orientation subset
B18,Compatibility/segregation,CONSTRAINT_CONFORMANCE,COMPATIBILITY,hard_compliance,jerry,jerry800416/3D-bin-packing,pivot/fix-point greedy,Python,75764a2b8a5c8e0a6713a4f672c0a8ff81b1107a,VALID,PROJECTION_ONLY,COMPOSED,GEOMETRY_PROJECTION,NOT_RUN,NOT_APPLICABLE,NOT_APPLICABLE,PLANNED,capability=PROJECTION_ONLY; known_issues=fix-point produced overlapping certificates | loadbear is a sort key rather than a hard load-bearing constraint
B18,Compatibility/segregation,CONSTRAINT_CONFORMANCE,COMPATIBILITY,hard_compliance,packingsolver_fork_box,PackingSolver fork,box portfolio,C++14 CLI,d953148b8f710c06fa6c410949b7272f9e36327b,VALID,ADAPTER_MISSING,NATIVE,FULL_PROBLEM,NOT_RUN,NOT_APPLICABLE,NOT_APPLICABLE,ADAPTER_MISSING,capability=ADAPTER_MISSING; known_issues=column_generation returned an empty incumbent on THPACK9-47
B18,Compatibility/segregation,CONSTRAINT_CONFORMANCE,COMPATIBILITY,hard_compliance,packingsolver_fork_boxstacks,PackingSolver fork,boxstacks portfolio,C++14 CLI,d953148b8f710c06fa6c410949b7272f9e36327b,VALID,ADAPTER_MISSING,NATIVE,FULL_PROBLEM,NOT_RUN,NOT_APPLICABLE,NOT_APPLICABLE,ADAPTER_MISSING,capability=ADAPTER_MISSING; known_issues=stack support is not a general contact/load-flow model
B18,Compatibility/segregation,CONSTRAINT_CONFORMANCE,COMPATIBILITY,hard_compliance,packingsolver_upstream_box,PackingSolver upstream,box portfolio,C++14 CLI,367ebfdaad11424ded3696b7dae799a30c1375d0,VALID,ADAPTER_MISSING,NATIVE,FULL_PROBLEM,NOT_RUN,NOT_APPLICABLE,NOT_APPLICABLE,ADAPTER_MISSING,capability=ADAPTER_MISSING; known_issues=upstream issue #536 breaks variable-sized-bin-packing solution comparison
B18,Compatibility/segregation,CONSTRAINT_CONFORMANCE,COMPATIBILITY,hard_compliance,packingsolver_upstream_boxstacks,PackingSolver upstream,boxstacks portfolio,C++14 CLI,367ebfdaad11424ded3696b7dae799a30c1375d0,VALID,ADAPTER_MISSING,NATIVE,FULL_PROBLEM,NOT_RUN,NOT_APPLICABLE,NOT_APPLICABLE,ADAPTER_MISSING,capability=ADAPTER_MISSING; known_issues=upstream issue #536 breaks variable-sized-bin-packing solution comparison | upstream issues #537 and #539 affect axle repair and degenerate truck geometry
B18,Compatibility/segregation,CONSTRAINT_CONFORMANCE,COMPATIBILITY,hard_compliance,py3dbp,py3dbp,pivot greedy,Python,1.1.2,VALID,PROJECTION_ONLY,COMPOSED,GEOMETRY_PROJECTION,NOT_RUN,NOT_APPLICABLE,NOT_APPLICABLE,PLANNED,capability=PROJECTION_ONLY; known_issues=no per-item orientation subset or cost objective | quality is strongly input-order sensitive
B18,Compatibility/segregation,CONSTRAINT_CONFORMANCE,COMPATIBILITY,hard_compliance,rust_brkga,u-nesting,BRKGA,Rust CLI/PyO3 candidate,8cde85b029e4ade663185dacb93fd74440af170d,VALID,PROJECTION_ONLY,COMPOSED,GEOMETRY_PROJECTION,NOT_RUN,NOT_APPLICABLE,NOT_APPLICABLE,PLANNED,capability=PROJECTION_ONLY; known_issues=shared layer decoder produced out-of-bounds certificates | seed and time limit were not wired to the effective runner
B18,Compatibility/segregation,CONSTRAINT_CONFORMANCE,COMPATIBILITY,hard_compliance,rust_extreme_point,u-nesting,ExtremePoint,Rust CLI/PyO3 candidate,8cde85b029e4ade663185dacb93fd74440af170d,VALID,PROJECTION_ONLY,COMPOSED,GEOMETRY_PROJECTION,NOT_RUN,NOT_APPLICABLE,NOT_APPLICABLE,PLANNED,capability=PROJECTION_ONLY; known_issues=native API accepts one boundary; multi-bin results require a repeated-single-boundary adapter
B18,Compatibility/segregation,CONSTRAINT_CONFORMANCE,COMPATIBILITY,hard_compliance,rust_ga,u-nesting,GA,Rust CLI/PyO3 candidate,8cde85b029e4ade663185dacb93fd74440af170d,VALID,PROJECTION_ONLY,COMPOSED,GEOMETRY_PROJECTION,NOT_RUN,NOT_APPLICABLE,NOT_APPLICABLE,PLANNED,capability=PROJECTION_ONLY; known_issues=shared layer decoder produced out-of-bounds certificates | seed and time limit were not wired to the effective runner
B18,Compatibility/segregation,CONSTRAINT_CONFORMANCE,COMPATIBILITY,hard_compliance,rust_layer,u-nesting,Layer/BottomLeftFill,Rust CLI/PyO3 candidate,8cde85b029e4ade663185dacb93fd74440af170d,VALID,PROJECTION_ONLY,COMPOSED,GEOMETRY_PROJECTION,NOT_RUN,NOT_APPLICABLE,NOT_APPLICABLE,PLANNED,capability=PROJECTION_ONLY; known_issues=shared layer decoder produced out-of-bounds certificates
B18,Compatibility/segregation,CONSTRAINT_CONFORMANCE,COMPATIBILITY,hard_compliance,rust_sa,u-nesting,SA,Rust CLI/PyO3 candidate,8cde85b029e4ade663185dacb93fd74440af170d,VALID,PROJECTION_ONLY,COMPOSED,GEOMETRY_PROJECTION,NOT_RUN,NOT_APPLICABLE,NOT_APPLICABLE,PLANNED,capability=PROJECTION_ONLY; known_issues=shared layer decoder produced out-of-bounds certificates | seed and time limit were not wired to the effective runner
B18,Compatibility/segregation,CONSTRAINT_CONFORMANCE,COMPATIBILITY,hard_compliance,skjolber_fast_bruteforce,skjolber/3d-bin-container-packing,FastBruteForce,Java 21 sidecar,c73d52190c029a14e64f1bbdd2ea70452d1eb83d,VALID,ADAPTER_MISSING,NATIVE,FULL_PROBLEM,NOT_RUN,NOT_APPLICABLE,NOT_APPLICABLE,ADAPTER_MISSING,capability=ADAPTER_MISSING; known_issues=intended only for small instances | JVM sidecar integration and cross-process timing require a separate performance track
B18,Compatibility/segregation,CONSTRAINT_CONFORMANCE,COMPATIBILITY,hard_compliance,skjolber_laff,skjolber/3d-bin-container-packing,LAFF,Java 21 sidecar,c73d52190c029a14e64f1bbdd2ea70452d1eb83d,VALID,ADAPTER_MISSING,NATIVE,FULL_PROBLEM,NOT_RUN,NOT_APPLICABLE,NOT_APPLICABLE,ADAPTER_MISSING,capability=ADAPTER_MISSING; known_issues=JVM sidecar integration and cross-process timing require a separate performance track
B18,Compatibility/segregation,CONSTRAINT_CONFORMANCE,COMPATIBILITY,hard_compliance,skjolber_plain,skjolber/3d-bin-container-packing,Plain,Java 21 sidecar,c73d52190c029a14e64f1bbdd2ea70452d1eb83d,VALID,ADAPTER_MISSING,NATIVE,FULL_PROBLEM,NOT_RUN,NOT_APPLICABLE,NOT_APPLICABLE,ADAPTER_MISSING,capability=ADAPTER_MISSING; known_issues=JVM sidecar integration and cross-process timing require a separate performance track
B19,Alonso 2019,INDUSTRIAL,MULTI_CONTAINER_INDUSTRIAL,full_feasible_rate,exact_cp_sat,OR-Tools,strengthened CP-SAT model,C++ core/Python binding,9.15.6755,VALID,ADAPTER_MISSING,EXACT_MODEL,FULL_PROBLEM,NOT_RUN,NOT_APPLICABLE,NOT_APPLICABLE,ADAPTER_MISSING,capability=ADAPTER_MISSING; known_issues=not a prebuilt 3D packer; every problem family needs an explicit integer model
B19,Alonso 2019,INDUSTRIAL,MULTI_CONTAINER_INDUSTRIAL,full_feasible_rate,exact_cplex,CPLEX,strengthened MIP model,native commercial/Python binding,22.1.2.0,VALID,ADAPTER_MISSING,EXACT_MODEL,FULL_PROBLEM,NOT_RUN,NOT_APPLICABLE,NOT_APPLICABLE,ADAPTER_MISSING,capability=ADAPTER_MISSING; known_issues=promotional license has a 1000-constraint limit | not a prebuilt 3D packer
B19,Alonso 2019,INDUSTRIAL,MULTI_CONTAINER_INDUSTRIAL,full_feasible_rate,exact_gurobi,Gurobi,strengthened MIP model,native commercial/Python binding,13.0.3,VALID,ADAPTER_MISSING,EXACT_MODEL,FULL_PROBLEM,NOT_RUN,NOT_APPLICABLE,NOT_APPLICABLE,ADAPTER_MISSING,capability=ADAPTER_MISSING; known_issues=commercial production and redistribution licensing required | not a prebuilt 3D packer
B19,Alonso 2019,INDUSTRIAL,MULTI_CONTAINER_INDUSTRIAL,full_feasible_rate,exact_scip,SCIP/PySCIPOpt,strengthened MIP model,C/C++ core/Python binding,6.2.1,VALID,ADAPTER_MISSING,EXACT_MODEL,FULL_PROBLEM,NOT_RUN,NOT_APPLICABLE,NOT_APPLICABLE,ADAPTER_MISSING,capability=ADAPTER_MISSING; known_issues=not a prebuilt 3D packer; every problem family needs an explicit model
B19,Alonso 2019,INDUSTRIAL,MULTI_CONTAINER_INDUSTRIAL,full_feasible_rate,go_bp3d,gedex/bp3d,pivot greedy,Go sidecar,0ba3dcda7ab334c19b0979b1cf1fa05e09f33bc7,VALID,PROJECTION_ONLY,COMPOSED,GEOMETRY_PROJECTION,NOT_RUN,NOT_APPLICABLE,NOT_APPLICABLE,PLANNED,capability=PROJECTION_ONLY; known_issues=PutItem does not enforce cumulative MaxWeight | no per-item orientation subset
B19,Alonso 2019,INDUSTRIAL,MULTI_CONTAINER_INDUSTRIAL,full_feasible_rate,jerry,jerry800416/3D-bin-packing,pivot/fix-point greedy,Python,75764a2b8a5c8e0a6713a4f672c0a8ff81b1107a,VALID,PROJECTION_ONLY,COMPOSED,GEOMETRY_PROJECTION,NOT_RUN,NOT_APPLICABLE,NOT_APPLICABLE,PLANNED,capability=PROJECTION_ONLY; known_issues=fix-point produced overlapping certificates | loadbear is a sort key rather than a hard load-bearing constraint
B19,Alonso 2019,INDUSTRIAL,MULTI_CONTAINER_INDUSTRIAL,full_feasible_rate,packingsolver_fork_box,PackingSolver fork,box portfolio,C++14 CLI,d953148b8f710c06fa6c410949b7272f9e36327b,VALID,PROJECTION_ONLY,COMPOSED,GEOMETRY_PROJECTION,NOT_RUN,NOT_APPLICABLE,NOT_APPLICABLE,PLANNED,capability=PROJECTION_ONLY; known_issues=column_generation returned an empty incumbent on THPACK9-47
B19,Alonso 2019,INDUSTRIAL,MULTI_CONTAINER_INDUSTRIAL,full_feasible_rate,packingsolver_fork_boxstacks,PackingSolver fork,boxstacks portfolio,C++14 CLI,d953148b8f710c06fa6c410949b7272f9e36327b,VALID,PROJECTION_ONLY,COMPOSED,GEOMETRY_PROJECTION,NOT_RUN,NOT_APPLICABLE,NOT_APPLICABLE,PLANNED,capability=PROJECTION_ONLY; known_issues=stack support is not a general contact/load-flow model
B19,Alonso 2019,INDUSTRIAL,MULTI_CONTAINER_INDUSTRIAL,full_feasible_rate,packingsolver_upstream_box,PackingSolver upstream,box portfolio,C++14 CLI,367ebfdaad11424ded3696b7dae799a30c1375d0,VALID,PROJECTION_ONLY,COMPOSED,GEOMETRY_PROJECTION,NOT_RUN,NOT_APPLICABLE,NOT_APPLICABLE,PLANNED,capability=PROJECTION_ONLY; known_issues=upstream issue #536 breaks variable-sized-bin-packing solution comparison
B19,Alonso 2019,INDUSTRIAL,MULTI_CONTAINER_INDUSTRIAL,full_feasible_rate,packingsolver_upstream_boxstacks,PackingSolver upstream,boxstacks portfolio,C++14 CLI,367ebfdaad11424ded3696b7dae799a30c1375d0,VALID,PROJECTION_ONLY,COMPOSED,GEOMETRY_PROJECTION,NOT_RUN,NOT_APPLICABLE,NOT_APPLICABLE,PLANNED,capability=PROJECTION_ONLY; known_issues=upstream issue #536 breaks variable-sized-bin-packing solution comparison | upstream issues #537 and #539 affect axle repair and degenerate truck geometry
B19,Alonso 2019,INDUSTRIAL,MULTI_CONTAINER_INDUSTRIAL,full_feasible_rate,py3dbp,py3dbp,pivot greedy,Python,1.1.2,VALID,PROJECTION_ONLY,COMPOSED,GEOMETRY_PROJECTION,NOT_RUN,NOT_APPLICABLE,NOT_APPLICABLE,PLANNED,capability=PROJECTION_ONLY; known_issues=no per-item orientation subset or cost objective | quality is strongly input-order sensitive
B19,Alonso 2019,INDUSTRIAL,MULTI_CONTAINER_INDUSTRIAL,full_feasible_rate,rust_brkga,u-nesting,BRKGA,Rust CLI/PyO3 candidate,8cde85b029e4ade663185dacb93fd74440af170d,VALID,PROJECTION_ONLY,COMPOSED,GEOMETRY_PROJECTION,NOT_RUN,NOT_APPLICABLE,NOT_APPLICABLE,PLANNED,capability=PROJECTION_ONLY; known_issues=shared layer decoder produced out-of-bounds certificates | seed and time limit were not wired to the effective runner
B19,Alonso 2019,INDUSTRIAL,MULTI_CONTAINER_INDUSTRIAL,full_feasible_rate,rust_extreme_point,u-nesting,ExtremePoint,Rust CLI/PyO3 candidate,8cde85b029e4ade663185dacb93fd74440af170d,VALID,PROJECTION_ONLY,COMPOSED,GEOMETRY_PROJECTION,NOT_RUN,NOT_APPLICABLE,NOT_APPLICABLE,PLANNED,capability=PROJECTION_ONLY; known_issues=native API accepts one boundary; multi-bin results require a repeated-single-boundary adapter
B19,Alonso 2019,INDUSTRIAL,MULTI_CONTAINER_INDUSTRIAL,full_feasible_rate,rust_ga,u-nesting,GA,Rust CLI/PyO3 candidate,8cde85b029e4ade663185dacb93fd74440af170d,VALID,PROJECTION_ONLY,COMPOSED,GEOMETRY_PROJECTION,NOT_RUN,NOT_APPLICABLE,NOT_APPLICABLE,PLANNED,capability=PROJECTION_ONLY; known_issues=shared layer decoder produced out-of-bounds certificates | seed and time limit were not wired to the effective runner
B19,Alonso 2019,INDUSTRIAL,MULTI_CONTAINER_INDUSTRIAL,full_feasible_rate,rust_layer,u-nesting,Layer/BottomLeftFill,Rust CLI/PyO3 candidate,8cde85b029e4ade663185dacb93fd74440af170d,VALID,PROJECTION_ONLY,COMPOSED,GEOMETRY_PROJECTION,NOT_RUN,NOT_APPLICABLE,NOT_APPLICABLE,PLANNED,capability=PROJECTION_ONLY; known_issues=shared layer decoder produced out-of-bounds certificates
B19,Alonso 2019,INDUSTRIAL,MULTI_CONTAINER_INDUSTRIAL,full_feasible_rate,rust_sa,u-nesting,SA,Rust CLI/PyO3 candidate,8cde85b029e4ade663185dacb93fd74440af170d,VALID,PROJECTION_ONLY,COMPOSED,GEOMETRY_PROJECTION,NOT_RUN,NOT_APPLICABLE,NOT_APPLICABLE,PLANNED,capability=PROJECTION_ONLY; known_issues=shared layer decoder produced out-of-bounds certificates | seed and time limit were not wired to the effective runner
B19,Alonso 2019,INDUSTRIAL,MULTI_CONTAINER_INDUSTRIAL,full_feasible_rate,skjolber_fast_bruteforce,skjolber/3d-bin-container-packing,FastBruteForce,Java 21 sidecar,c73d52190c029a14e64f1bbdd2ea70452d1eb83d,VALID,PROJECTION_ONLY,COMPOSED,GEOMETRY_PROJECTION,NOT_RUN,NOT_APPLICABLE,NOT_APPLICABLE,PLANNED,capability=PROJECTION_ONLY; known_issues=intended only for small instances | JVM sidecar integration and cross-process timing require a separate performance track
B19,Alonso 2019,INDUSTRIAL,MULTI_CONTAINER_INDUSTRIAL,full_feasible_rate,skjolber_laff,skjolber/3d-bin-container-packing,LAFF,Java 21 sidecar,c73d52190c029a14e64f1bbdd2ea70452d1eb83d,VALID,PROJECTION_ONLY,COMPOSED,GEOMETRY_PROJECTION,NOT_RUN,NOT_APPLICABLE,NOT_APPLICABLE,PLANNED,capability=PROJECTION_ONLY; known_issues=JVM sidecar integration and cross-process timing require a separate performance track
B19,Alonso 2019,INDUSTRIAL,MULTI_CONTAINER_INDUSTRIAL,full_feasible_rate,skjolber_plain,skjolber/3d-bin-container-packing,Plain,Java 21 sidecar,c73d52190c029a14e64f1bbdd2ea70452d1eb83d,VALID,PROJECTION_ONLY,COMPOSED,GEOMETRY_PROJECTION,NOT_RUN,NOT_APPLICABLE,NOT_APPLICABLE,PLANNED,capability=PROJECTION_ONLY; known_issues=JVM sidecar integration and cross-process timing require a separate performance track
B20,Alonso 2020,INDUSTRIAL,MULTI_PERIOD_PALLET,demand_completion,exact_cp_sat,OR-Tools,strengthened CP-SAT model,C++ core/Python binding,9.15.6755,VALID,ADAPTER_MISSING,EXACT_MODEL,FULL_PROBLEM,NOT_RUN,NOT_APPLICABLE,NOT_APPLICABLE,ADAPTER_MISSING,capability=ADAPTER_MISSING; known_issues=not a prebuilt 3D packer; every problem family needs an explicit integer model
B20,Alonso 2020,INDUSTRIAL,MULTI_PERIOD_PALLET,demand_completion,exact_cplex,CPLEX,strengthened MIP model,native commercial/Python binding,22.1.2.0,VALID,ADAPTER_MISSING,EXACT_MODEL,FULL_PROBLEM,NOT_RUN,NOT_APPLICABLE,NOT_APPLICABLE,ADAPTER_MISSING,capability=ADAPTER_MISSING; known_issues=promotional license has a 1000-constraint limit | not a prebuilt 3D packer
B20,Alonso 2020,INDUSTRIAL,MULTI_PERIOD_PALLET,demand_completion,exact_gurobi,Gurobi,strengthened MIP model,native commercial/Python binding,13.0.3,VALID,ADAPTER_MISSING,EXACT_MODEL,FULL_PROBLEM,NOT_RUN,NOT_APPLICABLE,NOT_APPLICABLE,ADAPTER_MISSING,capability=ADAPTER_MISSING; known_issues=commercial production and redistribution licensing required | not a prebuilt 3D packer
B20,Alonso 2020,INDUSTRIAL,MULTI_PERIOD_PALLET,demand_completion,exact_scip,SCIP/PySCIPOpt,strengthened MIP model,C/C++ core/Python binding,6.2.1,VALID,ADAPTER_MISSING,EXACT_MODEL,FULL_PROBLEM,NOT_RUN,NOT_APPLICABLE,NOT_APPLICABLE,ADAPTER_MISSING,capability=ADAPTER_MISSING; known_issues=not a prebuilt 3D packer; every problem family needs an explicit model
B20,Alonso 2020,INDUSTRIAL,MULTI_PERIOD_PALLET,demand_completion,go_bp3d,gedex/bp3d,pivot greedy,Go sidecar,0ba3dcda7ab334c19b0979b1cf1fa05e09f33bc7,VALID,PROJECTION_ONLY,COMPOSED,GEOMETRY_PROJECTION,NOT_RUN,NOT_APPLICABLE,NOT_APPLICABLE,PLANNED,capability=PROJECTION_ONLY; known_issues=PutItem does not enforce cumulative MaxWeight | no per-item orientation subset
B20,Alonso 2020,INDUSTRIAL,MULTI_PERIOD_PALLET,demand_completion,jerry,jerry800416/3D-bin-packing,pivot/fix-point greedy,Python,75764a2b8a5c8e0a6713a4f672c0a8ff81b1107a,VALID,PROJECTION_ONLY,COMPOSED,GEOMETRY_PROJECTION,NOT_RUN,NOT_APPLICABLE,NOT_APPLICABLE,PLANNED,capability=PROJECTION_ONLY; known_issues=fix-point produced overlapping certificates | loadbear is a sort key rather than a hard load-bearing constraint
B20,Alonso 2020,INDUSTRIAL,MULTI_PERIOD_PALLET,demand_completion,packingsolver_fork_box,PackingSolver fork,box portfolio,C++14 CLI,d953148b8f710c06fa6c410949b7272f9e36327b,VALID,PROJECTION_ONLY,COMPOSED,GEOMETRY_PROJECTION,NOT_RUN,NOT_APPLICABLE,NOT_APPLICABLE,PLANNED,capability=PROJECTION_ONLY; known_issues=column_generation returned an empty incumbent on THPACK9-47
B20,Alonso 2020,INDUSTRIAL,MULTI_PERIOD_PALLET,demand_completion,packingsolver_fork_boxstacks,PackingSolver fork,boxstacks portfolio,C++14 CLI,d953148b8f710c06fa6c410949b7272f9e36327b,VALID,PROJECTION_ONLY,COMPOSED,GEOMETRY_PROJECTION,NOT_RUN,NOT_APPLICABLE,NOT_APPLICABLE,PLANNED,capability=PROJECTION_ONLY; known_issues=stack support is not a general contact/load-flow model
B20,Alonso 2020,INDUSTRIAL,MULTI_PERIOD_PALLET,demand_completion,packingsolver_upstream_box,PackingSolver upstream,box portfolio,C++14 CLI,367ebfdaad11424ded3696b7dae799a30c1375d0,VALID,PROJECTION_ONLY,COMPOSED,GEOMETRY_PROJECTION,NOT_RUN,NOT_APPLICABLE,NOT_APPLICABLE,PLANNED,capability=PROJECTION_ONLY; known_issues=upstream issue #536 breaks variable-sized-bin-packing solution comparison
B20,Alonso 2020,INDUSTRIAL,MULTI_PERIOD_PALLET,demand_completion,packingsolver_upstream_boxstacks,PackingSolver upstream,boxstacks portfolio,C++14 CLI,367ebfdaad11424ded3696b7dae799a30c1375d0,VALID,PROJECTION_ONLY,COMPOSED,GEOMETRY_PROJECTION,NOT_RUN,NOT_APPLICABLE,NOT_APPLICABLE,PLANNED,capability=PROJECTION_ONLY; known_issues=upstream issue #536 breaks variable-sized-bin-packing solution comparison | upstream issues #537 and #539 affect axle repair and degenerate truck geometry
B20,Alonso 2020,INDUSTRIAL,MULTI_PERIOD_PALLET,demand_completion,py3dbp,py3dbp,pivot greedy,Python,1.1.2,VALID,PROJECTION_ONLY,COMPOSED,GEOMETRY_PROJECTION,NOT_RUN,NOT_APPLICABLE,NOT_APPLICABLE,PLANNED,capability=PROJECTION_ONLY; known_issues=no per-item orientation subset or cost objective | quality is strongly input-order sensitive
B20,Alonso 2020,INDUSTRIAL,MULTI_PERIOD_PALLET,demand_completion,rust_brkga,u-nesting,BRKGA,Rust CLI/PyO3 candidate,8cde85b029e4ade663185dacb93fd74440af170d,VALID,PROJECTION_ONLY,COMPOSED,GEOMETRY_PROJECTION,NOT_RUN,NOT_APPLICABLE,NOT_APPLICABLE,PLANNED,capability=PROJECTION_ONLY; known_issues=shared layer decoder produced out-of-bounds certificates | seed and time limit were not wired to the effective runner
B20,Alonso 2020,INDUSTRIAL,MULTI_PERIOD_PALLET,demand_completion,rust_extreme_point,u-nesting,ExtremePoint,Rust CLI/PyO3 candidate,8cde85b029e4ade663185dacb93fd74440af170d,VALID,PROJECTION_ONLY,COMPOSED,GEOMETRY_PROJECTION,NOT_RUN,NOT_APPLICABLE,NOT_APPLICABLE,PLANNED,capability=PROJECTION_ONLY; known_issues=native API accepts one boundary; multi-bin results require a repeated-single-boundary adapter
B20,Alonso 2020,INDUSTRIAL,MULTI_PERIOD_PALLET,demand_completion,rust_ga,u-nesting,GA,Rust CLI/PyO3 candidate,8cde85b029e4ade663185dacb93fd74440af170d,VALID,PROJECTION_ONLY,COMPOSED,GEOMETRY_PROJECTION,NOT_RUN,NOT_APPLICABLE,NOT_APPLICABLE,PLANNED,capability=PROJECTION_ONLY; known_issues=shared layer decoder produced out-of-bounds certificates | seed and time limit were not wired to the effective runner
B20,Alonso 2020,INDUSTRIAL,MULTI_PERIOD_PALLET,demand_completion,rust_layer,u-nesting,Layer/BottomLeftFill,Rust CLI/PyO3 candidate,8cde85b029e4ade663185dacb93fd74440af170d,VALID,PROJECTION_ONLY,COMPOSED,GEOMETRY_PROJECTION,NOT_RUN,NOT_APPLICABLE,NOT_APPLICABLE,PLANNED,capability=PROJECTION_ONLY; known_issues=shared layer decoder produced out-of-bounds certificates
B20,Alonso 2020,INDUSTRIAL,MULTI_PERIOD_PALLET,demand_completion,rust_sa,u-nesting,SA,Rust CLI/PyO3 candidate,8cde85b029e4ade663185dacb93fd74440af170d,VALID,PROJECTION_ONLY,COMPOSED,GEOMETRY_PROJECTION,NOT_RUN,NOT_APPLICABLE,NOT_APPLICABLE,PLANNED,capability=PROJECTION_ONLY; known_issues=shared layer decoder produced out-of-bounds certificates | seed and time limit were not wired to the effective runner
B20,Alonso 2020,INDUSTRIAL,MULTI_PERIOD_PALLET,demand_completion,skjolber_fast_bruteforce,skjolber/3d-bin-container-packing,FastBruteForce,Java 21 sidecar,c73d52190c029a14e64f1bbdd2ea70452d1eb83d,VALID,PROJECTION_ONLY,COMPOSED,GEOMETRY_PROJECTION,NOT_RUN,NOT_APPLICABLE,NOT_APPLICABLE,PLANNED,capability=PROJECTION_ONLY; known_issues=intended only for small instances | JVM sidecar integration and cross-process timing require a separate performance track
B20,Alonso 2020,INDUSTRIAL,MULTI_PERIOD_PALLET,demand_completion,skjolber_laff,skjolber/3d-bin-container-packing,LAFF,Java 21 sidecar,c73d52190c029a14e64f1bbdd2ea70452d1eb83d,VALID,PROJECTION_ONLY,COMPOSED,GEOMETRY_PROJECTION,NOT_RUN,NOT_APPLICABLE,NOT_APPLICABLE,PLANNED,capability=PROJECTION_ONLY; known_issues=JVM sidecar integration and cross-process timing require a separate performance track
B20,Alonso 2020,INDUSTRIAL,MULTI_PERIOD_PALLET,demand_completion,skjolber_plain,skjolber/3d-bin-container-packing,Plain,Java 21 sidecar,c73d52190c029a14e64f1bbdd2ea70452d1eb83d,VALID,PROJECTION_ONLY,COMPOSED,GEOMETRY_PROJECTION,NOT_RUN,NOT_APPLICABLE,NOT_APPLICABLE,PLANNED,capability=PROJECTION_ONLY; known_issues=JVM sidecar integration and cross-process timing require a separate performance track
B21,ESICUP VRPTW-CLP,INDUSTRIAL,ROUTING_LOADING,full_feasible_rate,exact_cp_sat,OR-Tools,strengthened CP-SAT model,C++ core/Python binding,9.15.6755,SOURCE_INVALID,ADAPTER_MISSING,EXACT_MODEL,FULL_PROBLEM,NOT_RUN,NOT_APPLICABLE,NOT_APPLICABLE,SOURCE_PENDING,input=SOURCE_INVALID; capability=ADAPTER_MISSING; known_issues=not a prebuilt 3D packer; every problem family needs an explicit integer model
B21,ESICUP VRPTW-CLP,INDUSTRIAL,ROUTING_LOADING,full_feasible_rate,exact_cplex,CPLEX,strengthened MIP model,native commercial/Python binding,22.1.2.0,SOURCE_INVALID,ADAPTER_MISSING,EXACT_MODEL,FULL_PROBLEM,NOT_RUN,NOT_APPLICABLE,NOT_APPLICABLE,SOURCE_PENDING,input=SOURCE_INVALID; capability=ADAPTER_MISSING; known_issues=promotional license has a 1000-constraint limit | not a prebuilt 3D packer
B21,ESICUP VRPTW-CLP,INDUSTRIAL,ROUTING_LOADING,full_feasible_rate,exact_gurobi,Gurobi,strengthened MIP model,native commercial/Python binding,13.0.3,SOURCE_INVALID,ADAPTER_MISSING,EXACT_MODEL,FULL_PROBLEM,NOT_RUN,NOT_APPLICABLE,NOT_APPLICABLE,SOURCE_PENDING,input=SOURCE_INVALID; capability=ADAPTER_MISSING; known_issues=commercial production and redistribution licensing required | not a prebuilt 3D packer
B21,ESICUP VRPTW-CLP,INDUSTRIAL,ROUTING_LOADING,full_feasible_rate,exact_scip,SCIP/PySCIPOpt,strengthened MIP model,C/C++ core/Python binding,6.2.1,SOURCE_INVALID,ADAPTER_MISSING,EXACT_MODEL,FULL_PROBLEM,NOT_RUN,NOT_APPLICABLE,NOT_APPLICABLE,SOURCE_PENDING,input=SOURCE_INVALID; capability=ADAPTER_MISSING; known_issues=not a prebuilt 3D packer; every problem family needs an explicit model
B21,ESICUP VRPTW-CLP,INDUSTRIAL,ROUTING_LOADING,full_feasible_rate,go_bp3d,gedex/bp3d,pivot greedy,Go sidecar,0ba3dcda7ab334c19b0979b1cf1fa05e09f33bc7,SOURCE_INVALID,PROJECTION_ONLY,COMPOSED,GEOMETRY_PROJECTION,NOT_RUN,NOT_APPLICABLE,NOT_APPLICABLE,SOURCE_PENDING,input=SOURCE_INVALID; capability=PROJECTION_ONLY; known_issues=PutItem does not enforce cumulative MaxWeight | no per-item orientation subset
B21,ESICUP VRPTW-CLP,INDUSTRIAL,ROUTING_LOADING,full_feasible_rate,jerry,jerry800416/3D-bin-packing,pivot/fix-point greedy,Python,75764a2b8a5c8e0a6713a4f672c0a8ff81b1107a,SOURCE_INVALID,PROJECTION_ONLY,COMPOSED,GEOMETRY_PROJECTION,NOT_RUN,NOT_APPLICABLE,NOT_APPLICABLE,SOURCE_PENDING,input=SOURCE_INVALID; capability=PROJECTION_ONLY; known_issues=fix-point produced overlapping certificates | loadbear is a sort key rather than a hard load-bearing constraint
B21,ESICUP VRPTW-CLP,INDUSTRIAL,ROUTING_LOADING,full_feasible_rate,packingsolver_fork_box,PackingSolver fork,box portfolio,C++14 CLI,d953148b8f710c06fa6c410949b7272f9e36327b,SOURCE_INVALID,ADAPTER_MISSING,NATIVE,FULL_PROBLEM,NOT_RUN,NOT_APPLICABLE,NOT_APPLICABLE,SOURCE_PENDING,input=SOURCE_INVALID; capability=ADAPTER_MISSING; known_issues=column_generation returned an empty incumbent on THPACK9-47
B21,ESICUP VRPTW-CLP,INDUSTRIAL,ROUTING_LOADING,full_feasible_rate,packingsolver_fork_boxstacks,PackingSolver fork,boxstacks portfolio,C++14 CLI,d953148b8f710c06fa6c410949b7272f9e36327b,SOURCE_INVALID,ADAPTER_MISSING,NATIVE,FULL_PROBLEM,NOT_RUN,NOT_APPLICABLE,NOT_APPLICABLE,SOURCE_PENDING,input=SOURCE_INVALID; capability=ADAPTER_MISSING; known_issues=stack support is not a general contact/load-flow model
B21,ESICUP VRPTW-CLP,INDUSTRIAL,ROUTING_LOADING,full_feasible_rate,packingsolver_upstream_box,PackingSolver upstream,box portfolio,C++14 CLI,367ebfdaad11424ded3696b7dae799a30c1375d0,SOURCE_INVALID,ADAPTER_MISSING,NATIVE,FULL_PROBLEM,NOT_RUN,NOT_APPLICABLE,NOT_APPLICABLE,SOURCE_PENDING,input=SOURCE_INVALID; capability=ADAPTER_MISSING; known_issues=upstream issue #536 breaks variable-sized-bin-packing solution comparison
B21,ESICUP VRPTW-CLP,INDUSTRIAL,ROUTING_LOADING,full_feasible_rate,packingsolver_upstream_boxstacks,PackingSolver upstream,boxstacks portfolio,C++14 CLI,367ebfdaad11424ded3696b7dae799a30c1375d0,SOURCE_INVALID,ADAPTER_MISSING,NATIVE,FULL_PROBLEM,NOT_RUN,NOT_APPLICABLE,NOT_APPLICABLE,SOURCE_PENDING,input=SOURCE_INVALID; capability=ADAPTER_MISSING; known_issues=upstream issue #536 breaks variable-sized-bin-packing solution comparison | upstream issues #537 and #539 affect axle repair and degenerate truck geometry
B21,ESICUP VRPTW-CLP,INDUSTRIAL,ROUTING_LOADING,full_feasible_rate,py3dbp,py3dbp,pivot greedy,Python,1.1.2,SOURCE_INVALID,PROJECTION_ONLY,COMPOSED,GEOMETRY_PROJECTION,NOT_RUN,NOT_APPLICABLE,NOT_APPLICABLE,SOURCE_PENDING,input=SOURCE_INVALID; capability=PROJECTION_ONLY; known_issues=no per-item orientation subset or cost objective | quality is strongly input-order sensitive
B21,ESICUP VRPTW-CLP,INDUSTRIAL,ROUTING_LOADING,full_feasible_rate,rust_brkga,u-nesting,BRKGA,Rust CLI/PyO3 candidate,8cde85b029e4ade663185dacb93fd74440af170d,SOURCE_INVALID,PROJECTION_ONLY,COMPOSED,GEOMETRY_PROJECTION,NOT_RUN,NOT_APPLICABLE,NOT_APPLICABLE,SOURCE_PENDING,input=SOURCE_INVALID; capability=PROJECTION_ONLY; known_issues=shared layer decoder produced out-of-bounds certificates | seed and time limit were not wired to the effective runner
B21,ESICUP VRPTW-CLP,INDUSTRIAL,ROUTING_LOADING,full_feasible_rate,rust_extreme_point,u-nesting,ExtremePoint,Rust CLI/PyO3 candidate,8cde85b029e4ade663185dacb93fd74440af170d,SOURCE_INVALID,PROJECTION_ONLY,COMPOSED,GEOMETRY_PROJECTION,NOT_RUN,NOT_APPLICABLE,NOT_APPLICABLE,SOURCE_PENDING,input=SOURCE_INVALID; capability=PROJECTION_ONLY; known_issues=native API accepts one boundary; multi-bin results require a repeated-single-boundary adapter
B21,ESICUP VRPTW-CLP,INDUSTRIAL,ROUTING_LOADING,full_feasible_rate,rust_ga,u-nesting,GA,Rust CLI/PyO3 candidate,8cde85b029e4ade663185dacb93fd74440af170d,SOURCE_INVALID,PROJECTION_ONLY,COMPOSED,GEOMETRY_PROJECTION,NOT_RUN,NOT_APPLICABLE,NOT_APPLICABLE,SOURCE_PENDING,input=SOURCE_INVALID; capability=PROJECTION_ONLY; known_issues=shared layer decoder produced out-of-bounds certificates | seed and time limit were not wired to the effective runner
B21,ESICUP VRPTW-CLP,INDUSTRIAL,ROUTING_LOADING,full_feasible_rate,rust_layer,u-nesting,Layer/BottomLeftFill,Rust CLI/PyO3 candidate,8cde85b029e4ade663185dacb93fd74440af170d,SOURCE_INVALID,PROJECTION_ONLY,COMPOSED,GEOMETRY_PROJECTION,NOT_RUN,NOT_APPLICABLE,NOT_APPLICABLE,SOURCE_PENDING,input=SOURCE_INVALID; capability=PROJECTION_ONLY; known_issues=shared layer decoder produced out-of-bounds certificates
B21,ESICUP VRPTW-CLP,INDUSTRIAL,ROUTING_LOADING,full_feasible_rate,rust_sa,u-nesting,SA,Rust CLI/PyO3 candidate,8cde85b029e4ade663185dacb93fd74440af170d,SOURCE_INVALID,PROJECTION_ONLY,COMPOSED,GEOMETRY_PROJECTION,NOT_RUN,NOT_APPLICABLE,NOT_APPLICABLE,SOURCE_PENDING,input=SOURCE_INVALID; capability=PROJECTION_ONLY; known_issues=shared layer decoder produced out-of-bounds certificates | seed and time limit were not wired to the effective runner
B21,ESICUP VRPTW-CLP,INDUSTRIAL,ROUTING_LOADING,full_feasible_rate,skjolber_fast_bruteforce,skjolber/3d-bin-container-packing,FastBruteForce,Java 21 sidecar,c73d52190c029a14e64f1bbdd2ea70452d1eb83d,SOURCE_INVALID,ADAPTER_MISSING,NATIVE,FULL_PROBLEM,NOT_RUN,NOT_APPLICABLE,NOT_APPLICABLE,SOURCE_PENDING,input=SOURCE_INVALID; capability=ADAPTER_MISSING; known_issues=intended only for small instances | JVM sidecar integration and cross-process timing require a separate performance track
B21,ESICUP VRPTW-CLP,INDUSTRIAL,ROUTING_LOADING,full_feasible_rate,skjolber_laff,skjolber/3d-bin-container-packing,LAFF,Java 21 sidecar,c73d52190c029a14e64f1bbdd2ea70452d1eb83d,SOURCE_INVALID,ADAPTER_MISSING,NATIVE,FULL_PROBLEM,NOT_RUN,NOT_APPLICABLE,NOT_APPLICABLE,SOURCE_PENDING,input=SOURCE_INVALID; capability=ADAPTER_MISSING; known_issues=JVM sidecar integration and cross-process timing require a separate performance track
B21,ESICUP VRPTW-CLP,INDUSTRIAL,ROUTING_LOADING,full_feasible_rate,skjolber_plain,skjolber/3d-bin-container-packing,Plain,Java 21 sidecar,c73d52190c029a14e64f1bbdd2ea70452d1eb83d,SOURCE_INVALID,ADAPTER_MISSING,NATIVE,FULL_PROBLEM,NOT_RUN,NOT_APPLICABLE,NOT_APPLICABLE,SOURCE_PENDING,input=SOURCE_INVALID; capability=ADAPTER_MISSING; known_issues=JVM sidecar integration and cross-process timing require a separate performance track
B22,ESICUP 3D irregular,INDUSTRIAL,IRREGULAR_3D,capability_coverage,exact_cp_sat,OR-Tools,strengthened CP-SAT model,C++ core/Python binding,9.15.6755,VALID,NOT_SUPPORTED,NOT_APPLICABLE,NOT_APPLICABLE,NOT_RUN,NOT_APPLICABLE,NOT_APPLICABLE,NOT_SUPPORTED,capability=NOT_SUPPORTED; known_issues=not a prebuilt 3D packer; every problem family needs an explicit integer model
B22,ESICUP 3D irregular,INDUSTRIAL,IRREGULAR_3D,capability_coverage,exact_cplex,CPLEX,strengthened MIP model,native commercial/Python binding,22.1.2.0,VALID,NOT_SUPPORTED,NOT_APPLICABLE,NOT_APPLICABLE,NOT_RUN,NOT_APPLICABLE,NOT_APPLICABLE,NOT_SUPPORTED,capability=NOT_SUPPORTED; known_issues=promotional license has a 1000-constraint limit | not a prebuilt 3D packer
B22,ESICUP 3D irregular,INDUSTRIAL,IRREGULAR_3D,capability_coverage,exact_gurobi,Gurobi,strengthened MIP model,native commercial/Python binding,13.0.3,VALID,NOT_SUPPORTED,NOT_APPLICABLE,NOT_APPLICABLE,NOT_RUN,NOT_APPLICABLE,NOT_APPLICABLE,NOT_SUPPORTED,capability=NOT_SUPPORTED; known_issues=commercial production and redistribution licensing required | not a prebuilt 3D packer
B22,ESICUP 3D irregular,INDUSTRIAL,IRREGULAR_3D,capability_coverage,exact_scip,SCIP/PySCIPOpt,strengthened MIP model,C/C++ core/Python binding,6.2.1,VALID,NOT_SUPPORTED,NOT_APPLICABLE,NOT_APPLICABLE,NOT_RUN,NOT_APPLICABLE,NOT_APPLICABLE,NOT_SUPPORTED,capability=NOT_SUPPORTED; known_issues=not a prebuilt 3D packer; every problem family needs an explicit model
B22,ESICUP 3D irregular,INDUSTRIAL,IRREGULAR_3D,capability_coverage,go_bp3d,gedex/bp3d,pivot greedy,Go sidecar,0ba3dcda7ab334c19b0979b1cf1fa05e09f33bc7,VALID,NOT_SUPPORTED,NOT_APPLICABLE,NOT_APPLICABLE,NOT_RUN,NOT_APPLICABLE,NOT_APPLICABLE,NOT_SUPPORTED,capability=NOT_SUPPORTED; known_issues=PutItem does not enforce cumulative MaxWeight | no per-item orientation subset
B22,ESICUP 3D irregular,INDUSTRIAL,IRREGULAR_3D,capability_coverage,jerry,jerry800416/3D-bin-packing,pivot/fix-point greedy,Python,75764a2b8a5c8e0a6713a4f672c0a8ff81b1107a,VALID,NOT_SUPPORTED,NOT_APPLICABLE,NOT_APPLICABLE,NOT_RUN,NOT_APPLICABLE,NOT_APPLICABLE,NOT_SUPPORTED,capability=NOT_SUPPORTED; known_issues=fix-point produced overlapping certificates | loadbear is a sort key rather than a hard load-bearing constraint
B22,ESICUP 3D irregular,INDUSTRIAL,IRREGULAR_3D,capability_coverage,packingsolver_fork_box,PackingSolver fork,box portfolio,C++14 CLI,d953148b8f710c06fa6c410949b7272f9e36327b,VALID,NOT_SUPPORTED,NOT_APPLICABLE,NOT_APPLICABLE,NOT_RUN,NOT_APPLICABLE,NOT_APPLICABLE,NOT_SUPPORTED,capability=NOT_SUPPORTED; known_issues=column_generation returned an empty incumbent on THPACK9-47
B22,ESICUP 3D irregular,INDUSTRIAL,IRREGULAR_3D,capability_coverage,packingsolver_fork_boxstacks,PackingSolver fork,boxstacks portfolio,C++14 CLI,d953148b8f710c06fa6c410949b7272f9e36327b,VALID,NOT_SUPPORTED,NOT_APPLICABLE,NOT_APPLICABLE,NOT_RUN,NOT_APPLICABLE,NOT_APPLICABLE,NOT_SUPPORTED,capability=NOT_SUPPORTED; known_issues=stack support is not a general contact/load-flow model
B22,ESICUP 3D irregular,INDUSTRIAL,IRREGULAR_3D,capability_coverage,packingsolver_upstream_box,PackingSolver upstream,box portfolio,C++14 CLI,367ebfdaad11424ded3696b7dae799a30c1375d0,VALID,NOT_SUPPORTED,NOT_APPLICABLE,NOT_APPLICABLE,NOT_RUN,NOT_APPLICABLE,NOT_APPLICABLE,NOT_SUPPORTED,capability=NOT_SUPPORTED; known_issues=upstream issue #536 breaks variable-sized-bin-packing solution comparison
B22,ESICUP 3D irregular,INDUSTRIAL,IRREGULAR_3D,capability_coverage,packingsolver_upstream_boxstacks,PackingSolver upstream,boxstacks portfolio,C++14 CLI,367ebfdaad11424ded3696b7dae799a30c1375d0,VALID,NOT_SUPPORTED,NOT_APPLICABLE,NOT_APPLICABLE,NOT_RUN,NOT_APPLICABLE,NOT_APPLICABLE,NOT_SUPPORTED,capability=NOT_SUPPORTED; known_issues=upstream issue #536 breaks variable-sized-bin-packing solution comparison | upstream issues #537 and #539 affect axle repair and degenerate truck geometry
B22,ESICUP 3D irregular,INDUSTRIAL,IRREGULAR_3D,capability_coverage,py3dbp,py3dbp,pivot greedy,Python,1.1.2,VALID,NOT_SUPPORTED,NOT_APPLICABLE,NOT_APPLICABLE,NOT_RUN,NOT_APPLICABLE,NOT_APPLICABLE,NOT_SUPPORTED,capability=NOT_SUPPORTED; known_issues=no per-item orientation subset or cost objective | quality is strongly input-order sensitive
B22,ESICUP 3D irregular,INDUSTRIAL,IRREGULAR_3D,capability_coverage,rust_brkga,u-nesting,BRKGA,Rust CLI/PyO3 candidate,8cde85b029e4ade663185dacb93fd74440af170d,VALID,NOT_SUPPORTED,NOT_APPLICABLE,NOT_APPLICABLE,NOT_RUN,NOT_APPLICABLE,NOT_APPLICABLE,NOT_SUPPORTED,capability=NOT_SUPPORTED; known_issues=shared layer decoder produced out-of-bounds certificates | seed and time limit were not wired to the effective runner
B22,ESICUP 3D irregular,INDUSTRIAL,IRREGULAR_3D,capability_coverage,rust_extreme_point,u-nesting,ExtremePoint,Rust CLI/PyO3 candidate,8cde85b029e4ade663185dacb93fd74440af170d,VALID,NOT_SUPPORTED,NOT_APPLICABLE,NOT_APPLICABLE,NOT_RUN,NOT_APPLICABLE,NOT_APPLICABLE,NOT_SUPPORTED,capability=NOT_SUPPORTED; known_issues=native API accepts one boundary; multi-bin results require a repeated-single-boundary adapter
B22,ESICUP 3D irregular,INDUSTRIAL,IRREGULAR_3D,capability_coverage,rust_ga,u-nesting,GA,Rust CLI/PyO3 candidate,8cde85b029e4ade663185dacb93fd74440af170d,VALID,NOT_SUPPORTED,NOT_APPLICABLE,NOT_APPLICABLE,NOT_RUN,NOT_APPLICABLE,NOT_APPLICABLE,NOT_SUPPORTED,capability=NOT_SUPPORTED; known_issues=shared layer decoder produced out-of-bounds certificates | seed and time limit were not wired to the effective runner
B22,ESICUP 3D irregular,INDUSTRIAL,IRREGULAR_3D,capability_coverage,rust_layer,u-nesting,Layer/BottomLeftFill,Rust CLI/PyO3 candidate,8cde85b029e4ade663185dacb93fd74440af170d,VALID,NOT_SUPPORTED,NOT_APPLICABLE,NOT_APPLICABLE,NOT_RUN,NOT_APPLICABLE,NOT_APPLICABLE,NOT_SUPPORTED,capability=NOT_SUPPORTED; known_issues=shared layer decoder produced out-of-bounds certificates
B22,ESICUP 3D irregular,INDUSTRIAL,IRREGULAR_3D,capability_coverage,rust_sa,u-nesting,SA,Rust CLI/PyO3 candidate,8cde85b029e4ade663185dacb93fd74440af170d,VALID,NOT_SUPPORTED,NOT_APPLICABLE,NOT_APPLICABLE,NOT_RUN,NOT_APPLICABLE,NOT_APPLICABLE,NOT_SUPPORTED,capability=NOT_SUPPORTED; known_issues=shared layer decoder produced out-of-bounds certificates | seed and time limit were not wired to the effective runner
B22,ESICUP 3D irregular,INDUSTRIAL,IRREGULAR_3D,capability_coverage,skjolber_fast_bruteforce,skjolber/3d-bin-container-packing,FastBruteForce,Java 21 sidecar,c73d52190c029a14e64f1bbdd2ea70452d1eb83d,VALID,NOT_SUPPORTED,NOT_APPLICABLE,NOT_APPLICABLE,NOT_RUN,NOT_APPLICABLE,NOT_APPLICABLE,NOT_SUPPORTED,capability=NOT_SUPPORTED; known_issues=intended only for small instances | JVM sidecar integration and cross-process timing require a separate performance track
B22,ESICUP 3D irregular,INDUSTRIAL,IRREGULAR_3D,capability_coverage,skjolber_laff,skjolber/3d-bin-container-packing,LAFF,Java 21 sidecar,c73d52190c029a14e64f1bbdd2ea70452d1eb83d,VALID,NOT_SUPPORTED,NOT_APPLICABLE,NOT_APPLICABLE,NOT_RUN,NOT_APPLICABLE,NOT_APPLICABLE,NOT_SUPPORTED,capability=NOT_SUPPORTED; known_issues=JVM sidecar integration and cross-process timing require a separate performance track
B22,ESICUP 3D irregular,INDUSTRIAL,IRREGULAR_3D,capability_coverage,skjolber_plain,skjolber/3d-bin-container-packing,Plain,Java 21 sidecar,c73d52190c029a14e64f1bbdd2ea70452d1eb83d,VALID,NOT_SUPPORTED,NOT_APPLICABLE,NOT_APPLICABLE,NOT_RUN,NOT_APPLICABLE,NOT_APPLICABLE,NOT_SUPPORTED,capability=NOT_SUPPORTED; known_issues=JVM sidecar integration and cross-process timing require a separate performance track
B23,De-identified real orders,INDUSTRIAL,REAL_ORDER_SHIFT,objective_by_stratum,exact_cp_sat,OR-Tools,strengthened CP-SAT model,C++ core/Python binding,9.15.6755,SOURCE_INCOMPLETE,ADAPTER_MISSING,EXACT_MODEL,FULL_PROBLEM,NOT_RUN,NOT_APPLICABLE,NOT_APPLICABLE,SOURCE_PENDING,input=SOURCE_INCOMPLETE; capability=ADAPTER_MISSING; known_issues=not a prebuilt 3D packer; every problem family needs an explicit integer model
B23,De-identified real orders,INDUSTRIAL,REAL_ORDER_SHIFT,objective_by_stratum,exact_cplex,CPLEX,strengthened MIP model,native commercial/Python binding,22.1.2.0,SOURCE_INCOMPLETE,ADAPTER_MISSING,EXACT_MODEL,FULL_PROBLEM,NOT_RUN,NOT_APPLICABLE,NOT_APPLICABLE,SOURCE_PENDING,input=SOURCE_INCOMPLETE; capability=ADAPTER_MISSING; known_issues=promotional license has a 1000-constraint limit | not a prebuilt 3D packer
B23,De-identified real orders,INDUSTRIAL,REAL_ORDER_SHIFT,objective_by_stratum,exact_gurobi,Gurobi,strengthened MIP model,native commercial/Python binding,13.0.3,SOURCE_INCOMPLETE,ADAPTER_MISSING,EXACT_MODEL,FULL_PROBLEM,NOT_RUN,NOT_APPLICABLE,NOT_APPLICABLE,SOURCE_PENDING,input=SOURCE_INCOMPLETE; capability=ADAPTER_MISSING; known_issues=commercial production and redistribution licensing required | not a prebuilt 3D packer
B23,De-identified real orders,INDUSTRIAL,REAL_ORDER_SHIFT,objective_by_stratum,exact_scip,SCIP/PySCIPOpt,strengthened MIP model,C/C++ core/Python binding,6.2.1,SOURCE_INCOMPLETE,ADAPTER_MISSING,EXACT_MODEL,FULL_PROBLEM,NOT_RUN,NOT_APPLICABLE,NOT_APPLICABLE,SOURCE_PENDING,input=SOURCE_INCOMPLETE; capability=ADAPTER_MISSING; known_issues=not a prebuilt 3D packer; every problem family needs an explicit model
B23,De-identified real orders,INDUSTRIAL,REAL_ORDER_SHIFT,objective_by_stratum,go_bp3d,gedex/bp3d,pivot greedy,Go sidecar,0ba3dcda7ab334c19b0979b1cf1fa05e09f33bc7,SOURCE_INCOMPLETE,ADAPTER_MISSING,NATIVE,FULL_PROBLEM,NOT_RUN,NOT_APPLICABLE,NOT_APPLICABLE,SOURCE_PENDING,input=SOURCE_INCOMPLETE; capability=ADAPTER_MISSING; known_issues=PutItem does not enforce cumulative MaxWeight | no per-item orientation subset
B23,De-identified real orders,INDUSTRIAL,REAL_ORDER_SHIFT,objective_by_stratum,jerry,jerry800416/3D-bin-packing,pivot/fix-point greedy,Python,75764a2b8a5c8e0a6713a4f672c0a8ff81b1107a,SOURCE_INCOMPLETE,ADAPTER_MISSING,NATIVE,FULL_PROBLEM,NOT_RUN,NOT_APPLICABLE,NOT_APPLICABLE,SOURCE_PENDING,input=SOURCE_INCOMPLETE; capability=ADAPTER_MISSING; known_issues=fix-point produced overlapping certificates | loadbear is a sort key rather than a hard load-bearing constraint
B23,De-identified real orders,INDUSTRIAL,REAL_ORDER_SHIFT,objective_by_stratum,packingsolver_fork_box,PackingSolver fork,box portfolio,C++14 CLI,d953148b8f710c06fa6c410949b7272f9e36327b,SOURCE_INCOMPLETE,ADAPTER_MISSING,NATIVE,FULL_PROBLEM,NOT_RUN,NOT_APPLICABLE,NOT_APPLICABLE,SOURCE_PENDING,input=SOURCE_INCOMPLETE; capability=ADAPTER_MISSING; known_issues=column_generation returned an empty incumbent on THPACK9-47
B23,De-identified real orders,INDUSTRIAL,REAL_ORDER_SHIFT,objective_by_stratum,packingsolver_fork_boxstacks,PackingSolver fork,boxstacks portfolio,C++14 CLI,d953148b8f710c06fa6c410949b7272f9e36327b,SOURCE_INCOMPLETE,ADAPTER_MISSING,NATIVE,FULL_PROBLEM,NOT_RUN,NOT_APPLICABLE,NOT_APPLICABLE,SOURCE_PENDING,input=SOURCE_INCOMPLETE; capability=ADAPTER_MISSING; known_issues=stack support is not a general contact/load-flow model
B23,De-identified real orders,INDUSTRIAL,REAL_ORDER_SHIFT,objective_by_stratum,packingsolver_upstream_box,PackingSolver upstream,box portfolio,C++14 CLI,367ebfdaad11424ded3696b7dae799a30c1375d0,SOURCE_INCOMPLETE,ADAPTER_MISSING,NATIVE,FULL_PROBLEM,NOT_RUN,NOT_APPLICABLE,NOT_APPLICABLE,SOURCE_PENDING,input=SOURCE_INCOMPLETE; capability=ADAPTER_MISSING; known_issues=upstream issue #536 breaks variable-sized-bin-packing solution comparison
B23,De-identified real orders,INDUSTRIAL,REAL_ORDER_SHIFT,objective_by_stratum,packingsolver_upstream_boxstacks,PackingSolver upstream,boxstacks portfolio,C++14 CLI,367ebfdaad11424ded3696b7dae799a30c1375d0,SOURCE_INCOMPLETE,ADAPTER_MISSING,NATIVE,FULL_PROBLEM,NOT_RUN,NOT_APPLICABLE,NOT_APPLICABLE,SOURCE_PENDING,input=SOURCE_INCOMPLETE; capability=ADAPTER_MISSING; known_issues=upstream issue #536 breaks variable-sized-bin-packing solution comparison | upstream issues #537 and #539 affect axle repair and degenerate truck geometry
B23,De-identified real orders,INDUSTRIAL,REAL_ORDER_SHIFT,objective_by_stratum,py3dbp,py3dbp,pivot greedy,Python,1.1.2,SOURCE_INCOMPLETE,ADAPTER_MISSING,NATIVE,FULL_PROBLEM,NOT_RUN,NOT_APPLICABLE,NOT_APPLICABLE,SOURCE_PENDING,input=SOURCE_INCOMPLETE; capability=ADAPTER_MISSING; known_issues=no per-item orientation subset or cost objective | quality is strongly input-order sensitive
B23,De-identified real orders,INDUSTRIAL,REAL_ORDER_SHIFT,objective_by_stratum,rust_brkga,u-nesting,BRKGA,Rust CLI/PyO3 candidate,8cde85b029e4ade663185dacb93fd74440af170d,SOURCE_INCOMPLETE,ADAPTER_MISSING,NATIVE,FULL_PROBLEM,NOT_RUN,NOT_APPLICABLE,NOT_APPLICABLE,SOURCE_PENDING,input=SOURCE_INCOMPLETE; capability=ADAPTER_MISSING; known_issues=shared layer decoder produced out-of-bounds certificates | seed and time limit were not wired to the effective runner
B23,De-identified real orders,INDUSTRIAL,REAL_ORDER_SHIFT,objective_by_stratum,rust_extreme_point,u-nesting,ExtremePoint,Rust CLI/PyO3 candidate,8cde85b029e4ade663185dacb93fd74440af170d,SOURCE_INCOMPLETE,ADAPTER_MISSING,NATIVE,FULL_PROBLEM,NOT_RUN,NOT_APPLICABLE,NOT_APPLICABLE,SOURCE_PENDING,input=SOURCE_INCOMPLETE; capability=ADAPTER_MISSING; known_issues=native API accepts one boundary; multi-bin results require a repeated-single-boundary adapter
B23,De-identified real orders,INDUSTRIAL,REAL_ORDER_SHIFT,objective_by_stratum,rust_ga,u-nesting,GA,Rust CLI/PyO3 candidate,8cde85b029e4ade663185dacb93fd74440af170d,SOURCE_INCOMPLETE,ADAPTER_MISSING,NATIVE,FULL_PROBLEM,NOT_RUN,NOT_APPLICABLE,NOT_APPLICABLE,SOURCE_PENDING,input=SOURCE_INCOMPLETE; capability=ADAPTER_MISSING; known_issues=shared layer decoder produced out-of-bounds certificates | seed and time limit were not wired to the effective runner
B23,De-identified real orders,INDUSTRIAL,REAL_ORDER_SHIFT,objective_by_stratum,rust_layer,u-nesting,Layer/BottomLeftFill,Rust CLI/PyO3 candidate,8cde85b029e4ade663185dacb93fd74440af170d,SOURCE_INCOMPLETE,ADAPTER_MISSING,NATIVE,FULL_PROBLEM,NOT_RUN,NOT_APPLICABLE,NOT_APPLICABLE,SOURCE_PENDING,input=SOURCE_INCOMPLETE; capability=ADAPTER_MISSING; known_issues=shared layer decoder produced out-of-bounds certificates
B23,De-identified real orders,INDUSTRIAL,REAL_ORDER_SHIFT,objective_by_stratum,rust_sa,u-nesting,SA,Rust CLI/PyO3 candidate,8cde85b029e4ade663185dacb93fd74440af170d,SOURCE_INCOMPLETE,ADAPTER_MISSING,NATIVE,FULL_PROBLEM,NOT_RUN,NOT_APPLICABLE,NOT_APPLICABLE,SOURCE_PENDING,input=SOURCE_INCOMPLETE; capability=ADAPTER_MISSING; known_issues=shared layer decoder produced out-of-bounds certificates | seed and time limit were not wired to the effective runner
B23,De-identified real orders,INDUSTRIAL,REAL_ORDER_SHIFT,objective_by_stratum,skjolber_fast_bruteforce,skjolber/3d-bin-container-packing,FastBruteForce,Java 21 sidecar,c73d52190c029a14e64f1bbdd2ea70452d1eb83d,SOURCE_INCOMPLETE,ADAPTER_MISSING,NATIVE,FULL_PROBLEM,NOT_RUN,NOT_APPLICABLE,NOT_APPLICABLE,SOURCE_PENDING,input=SOURCE_INCOMPLETE; capability=ADAPTER_MISSING; known_issues=intended only for small instances | JVM sidecar integration and cross-process timing require a separate performance track
B23,De-identified real orders,INDUSTRIAL,REAL_ORDER_SHIFT,objective_by_stratum,skjolber_laff,skjolber/3d-bin-container-packing,LAFF,Java 21 sidecar,c73d52190c029a14e64f1bbdd2ea70452d1eb83d,SOURCE_INCOMPLETE,ADAPTER_MISSING,NATIVE,FULL_PROBLEM,NOT_RUN,NOT_APPLICABLE,NOT_APPLICABLE,SOURCE_PENDING,input=SOURCE_INCOMPLETE; capability=ADAPTER_MISSING; known_issues=JVM sidecar integration and cross-process timing require a separate performance track
B23,De-identified real orders,INDUSTRIAL,REAL_ORDER_SHIFT,objective_by_stratum,skjolber_plain,skjolber/3d-bin-container-packing,Plain,Java 21 sidecar,c73d52190c029a14e64f1bbdd2ea70452d1eb83d,SOURCE_INCOMPLETE,ADAPTER_MISSING,NATIVE,FULL_PROBLEM,NOT_RUN,NOT_APPLICABLE,NOT_APPLICABLE,SOURCE_PENDING,input=SOURCE_INCOMPLETE; capability=ADAPTER_MISSING; known_issues=JVM sidecar integration and cross-process timing require a separate performance track
B24,Metamorphic,RELIABILITY,METAMORPHIC,invariance_rate,exact_cp_sat,OR-Tools,strengthened CP-SAT model,C++ core/Python binding,9.15.6755,VALID,SUPPORTED_NATIVE,EXACT_MODEL,FULL_PROBLEM,NOT_RUN,NOT_APPLICABLE,NOT_APPLICABLE,PLANNED,capability=SUPPORTED_NATIVE; known_issues=not a prebuilt 3D packer; every problem family needs an explicit integer model
B24,Metamorphic,RELIABILITY,METAMORPHIC,invariance_rate,exact_cplex,CPLEX,strengthened MIP model,native commercial/Python binding,22.1.2.0,VALID,SUPPORTED_NATIVE,EXACT_MODEL,FULL_PROBLEM,NOT_RUN,NOT_APPLICABLE,NOT_APPLICABLE,PLANNED,capability=SUPPORTED_NATIVE; known_issues=promotional license has a 1000-constraint limit | not a prebuilt 3D packer
B24,Metamorphic,RELIABILITY,METAMORPHIC,invariance_rate,exact_gurobi,Gurobi,strengthened MIP model,native commercial/Python binding,13.0.3,VALID,SUPPORTED_NATIVE,EXACT_MODEL,FULL_PROBLEM,NOT_RUN,NOT_APPLICABLE,NOT_APPLICABLE,PLANNED,capability=SUPPORTED_NATIVE; known_issues=commercial production and redistribution licensing required | not a prebuilt 3D packer
B24,Metamorphic,RELIABILITY,METAMORPHIC,invariance_rate,exact_scip,SCIP/PySCIPOpt,strengthened MIP model,C/C++ core/Python binding,6.2.1,VALID,SUPPORTED_NATIVE,EXACT_MODEL,FULL_PROBLEM,NOT_RUN,NOT_APPLICABLE,NOT_APPLICABLE,PLANNED,capability=SUPPORTED_NATIVE; known_issues=not a prebuilt 3D packer; every problem family needs an explicit model
B24,Metamorphic,RELIABILITY,METAMORPHIC,invariance_rate,go_bp3d,gedex/bp3d,pivot greedy,Go sidecar,0ba3dcda7ab334c19b0979b1cf1fa05e09f33bc7,VALID,SUPPORTED_NATIVE,NATIVE,FULL_PROBLEM,NOT_RUN,NOT_APPLICABLE,NOT_APPLICABLE,PLANNED,capability=SUPPORTED_NATIVE; known_issues=PutItem does not enforce cumulative MaxWeight | no per-item orientation subset
B24,Metamorphic,RELIABILITY,METAMORPHIC,invariance_rate,jerry,jerry800416/3D-bin-packing,pivot/fix-point greedy,Python,75764a2b8a5c8e0a6713a4f672c0a8ff81b1107a,VALID,SUPPORTED_NATIVE,NATIVE,FULL_PROBLEM,NOT_RUN,NOT_APPLICABLE,NOT_APPLICABLE,PLANNED,capability=SUPPORTED_NATIVE; known_issues=fix-point produced overlapping certificates | loadbear is a sort key rather than a hard load-bearing constraint
B24,Metamorphic,RELIABILITY,METAMORPHIC,invariance_rate,packingsolver_fork_box,PackingSolver fork,box portfolio,C++14 CLI,d953148b8f710c06fa6c410949b7272f9e36327b,VALID,SUPPORTED_NATIVE,NATIVE,FULL_PROBLEM,NOT_RUN,NOT_APPLICABLE,NOT_APPLICABLE,PLANNED,capability=SUPPORTED_NATIVE; known_issues=column_generation returned an empty incumbent on THPACK9-47
B24,Metamorphic,RELIABILITY,METAMORPHIC,invariance_rate,packingsolver_fork_boxstacks,PackingSolver fork,boxstacks portfolio,C++14 CLI,d953148b8f710c06fa6c410949b7272f9e36327b,VALID,SUPPORTED_NATIVE,NATIVE,FULL_PROBLEM,NOT_RUN,NOT_APPLICABLE,NOT_APPLICABLE,PLANNED,capability=SUPPORTED_NATIVE; known_issues=stack support is not a general contact/load-flow model
B24,Metamorphic,RELIABILITY,METAMORPHIC,invariance_rate,packingsolver_upstream_box,PackingSolver upstream,box portfolio,C++14 CLI,367ebfdaad11424ded3696b7dae799a30c1375d0,VALID,SUPPORTED_NATIVE,NATIVE,FULL_PROBLEM,NOT_RUN,NOT_APPLICABLE,NOT_APPLICABLE,PLANNED,capability=SUPPORTED_NATIVE; known_issues=upstream issue #536 breaks variable-sized-bin-packing solution comparison
B24,Metamorphic,RELIABILITY,METAMORPHIC,invariance_rate,packingsolver_upstream_boxstacks,PackingSolver upstream,boxstacks portfolio,C++14 CLI,367ebfdaad11424ded3696b7dae799a30c1375d0,VALID,SUPPORTED_NATIVE,NATIVE,FULL_PROBLEM,NOT_RUN,NOT_APPLICABLE,NOT_APPLICABLE,PLANNED,capability=SUPPORTED_NATIVE; known_issues=upstream issue #536 breaks variable-sized-bin-packing solution comparison | upstream issues #537 and #539 affect axle repair and degenerate truck geometry
B24,Metamorphic,RELIABILITY,METAMORPHIC,invariance_rate,py3dbp,py3dbp,pivot greedy,Python,1.1.2,VALID,SUPPORTED_NATIVE,NATIVE,FULL_PROBLEM,NOT_RUN,NOT_APPLICABLE,NOT_APPLICABLE,PLANNED,capability=SUPPORTED_NATIVE; known_issues=no per-item orientation subset or cost objective | quality is strongly input-order sensitive
B24,Metamorphic,RELIABILITY,METAMORPHIC,invariance_rate,rust_brkga,u-nesting,BRKGA,Rust CLI/PyO3 candidate,8cde85b029e4ade663185dacb93fd74440af170d,VALID,SUPPORTED_NATIVE,NATIVE,FULL_PROBLEM,NOT_RUN,NOT_APPLICABLE,NOT_APPLICABLE,PLANNED,capability=SUPPORTED_NATIVE; known_issues=shared layer decoder produced out-of-bounds certificates | seed and time limit were not wired to the effective runner
B24,Metamorphic,RELIABILITY,METAMORPHIC,invariance_rate,rust_extreme_point,u-nesting,ExtremePoint,Rust CLI/PyO3 candidate,8cde85b029e4ade663185dacb93fd74440af170d,VALID,SUPPORTED_NATIVE,NATIVE,FULL_PROBLEM,NOT_RUN,NOT_APPLICABLE,NOT_APPLICABLE,PLANNED,capability=SUPPORTED_NATIVE; known_issues=native API accepts one boundary; multi-bin results require a repeated-single-boundary adapter
B24,Metamorphic,RELIABILITY,METAMORPHIC,invariance_rate,rust_ga,u-nesting,GA,Rust CLI/PyO3 candidate,8cde85b029e4ade663185dacb93fd74440af170d,VALID,SUPPORTED_NATIVE,NATIVE,FULL_PROBLEM,NOT_RUN,NOT_APPLICABLE,NOT_APPLICABLE,PLANNED,capability=SUPPORTED_NATIVE; known_issues=shared layer decoder produced out-of-bounds certificates | seed and time limit were not wired to the effective runner
B24,Metamorphic,RELIABILITY,METAMORPHIC,invariance_rate,rust_layer,u-nesting,Layer/BottomLeftFill,Rust CLI/PyO3 candidate,8cde85b029e4ade663185dacb93fd74440af170d,VALID,SUPPORTED_NATIVE,NATIVE,FULL_PROBLEM,NOT_RUN,NOT_APPLICABLE,NOT_APPLICABLE,PLANNED,capability=SUPPORTED_NATIVE; known_issues=shared layer decoder produced out-of-bounds certificates
B24,Metamorphic,RELIABILITY,METAMORPHIC,invariance_rate,rust_sa,u-nesting,SA,Rust CLI/PyO3 candidate,8cde85b029e4ade663185dacb93fd74440af170d,VALID,SUPPORTED_NATIVE,NATIVE,FULL_PROBLEM,NOT_RUN,NOT_APPLICABLE,NOT_APPLICABLE,PLANNED,capability=SUPPORTED_NATIVE; known_issues=shared layer decoder produced out-of-bounds certificates | seed and time limit were not wired to the effective runner
B24,Metamorphic,RELIABILITY,METAMORPHIC,invariance_rate,skjolber_fast_bruteforce,skjolber/3d-bin-container-packing,FastBruteForce,Java 21 sidecar,c73d52190c029a14e64f1bbdd2ea70452d1eb83d,VALID,SUPPORTED_NATIVE,NATIVE,FULL_PROBLEM,NOT_RUN,NOT_APPLICABLE,NOT_APPLICABLE,PLANNED,capability=SUPPORTED_NATIVE; known_issues=intended only for small instances | JVM sidecar integration and cross-process timing require a separate performance track
B24,Metamorphic,RELIABILITY,METAMORPHIC,invariance_rate,skjolber_laff,skjolber/3d-bin-container-packing,LAFF,Java 21 sidecar,c73d52190c029a14e64f1bbdd2ea70452d1eb83d,VALID,SUPPORTED_NATIVE,NATIVE,FULL_PROBLEM,NOT_RUN,NOT_APPLICABLE,NOT_APPLICABLE,PLANNED,capability=SUPPORTED_NATIVE; known_issues=JVM sidecar integration and cross-process timing require a separate performance track
B24,Metamorphic,RELIABILITY,METAMORPHIC,invariance_rate,skjolber_plain,skjolber/3d-bin-container-packing,Plain,Java 21 sidecar,c73d52190c029a14e64f1bbdd2ea70452d1eb83d,VALID,SUPPORTED_NATIVE,NATIVE,FULL_PROBLEM,NOT_RUN,NOT_APPLICABLE,NOT_APPLICABLE,PLANNED,capability=SUPPORTED_NATIVE; known_issues=JVM sidecar integration and cross-process timing require a separate performance track
B25,Cost/bin-order metamorphic,RELIABILITY,COST_METAMORPHIC,invariance_rate,exact_cp_sat,OR-Tools,strengthened CP-SAT model,C++ core/Python binding,9.15.6755,VALID,SUPPORTED_NATIVE,EXACT_MODEL,FULL_PROBLEM,NOT_RUN,NOT_APPLICABLE,NOT_APPLICABLE,PLANNED,capability=SUPPORTED_NATIVE; known_issues=not a prebuilt 3D packer; every problem family needs an explicit integer model
B25,Cost/bin-order metamorphic,RELIABILITY,COST_METAMORPHIC,invariance_rate,exact_cplex,CPLEX,strengthened MIP model,native commercial/Python binding,22.1.2.0,VALID,SUPPORTED_NATIVE,EXACT_MODEL,FULL_PROBLEM,NOT_RUN,NOT_APPLICABLE,NOT_APPLICABLE,PLANNED,capability=SUPPORTED_NATIVE; known_issues=promotional license has a 1000-constraint limit | not a prebuilt 3D packer
B25,Cost/bin-order metamorphic,RELIABILITY,COST_METAMORPHIC,invariance_rate,exact_gurobi,Gurobi,strengthened MIP model,native commercial/Python binding,13.0.3,VALID,SUPPORTED_NATIVE,EXACT_MODEL,FULL_PROBLEM,NOT_RUN,NOT_APPLICABLE,NOT_APPLICABLE,PLANNED,capability=SUPPORTED_NATIVE; known_issues=commercial production and redistribution licensing required | not a prebuilt 3D packer
B25,Cost/bin-order metamorphic,RELIABILITY,COST_METAMORPHIC,invariance_rate,exact_scip,SCIP/PySCIPOpt,strengthened MIP model,C/C++ core/Python binding,6.2.1,VALID,SUPPORTED_NATIVE,EXACT_MODEL,FULL_PROBLEM,NOT_RUN,NOT_APPLICABLE,NOT_APPLICABLE,PLANNED,capability=SUPPORTED_NATIVE; known_issues=not a prebuilt 3D packer; every problem family needs an explicit model
B25,Cost/bin-order metamorphic,RELIABILITY,COST_METAMORPHIC,invariance_rate,go_bp3d,gedex/bp3d,pivot greedy,Go sidecar,0ba3dcda7ab334c19b0979b1cf1fa05e09f33bc7,VALID,ADAPTER_MISSING,NATIVE,FULL_PROBLEM,NOT_RUN,NOT_APPLICABLE,NOT_APPLICABLE,ADAPTER_MISSING,capability=ADAPTER_MISSING; known_issues=PutItem does not enforce cumulative MaxWeight | no per-item orientation subset
B25,Cost/bin-order metamorphic,RELIABILITY,COST_METAMORPHIC,invariance_rate,jerry,jerry800416/3D-bin-packing,pivot/fix-point greedy,Python,75764a2b8a5c8e0a6713a4f672c0a8ff81b1107a,VALID,ADAPTER_MISSING,NATIVE,FULL_PROBLEM,NOT_RUN,NOT_APPLICABLE,NOT_APPLICABLE,ADAPTER_MISSING,capability=ADAPTER_MISSING; known_issues=fix-point produced overlapping certificates | loadbear is a sort key rather than a hard load-bearing constraint
B25,Cost/bin-order metamorphic,RELIABILITY,COST_METAMORPHIC,invariance_rate,packingsolver_fork_box,PackingSolver fork,box portfolio,C++14 CLI,d953148b8f710c06fa6c410949b7272f9e36327b,VALID,SUPPORTED_NATIVE,NATIVE,FULL_PROBLEM,NOT_RUN,NOT_APPLICABLE,NOT_APPLICABLE,PLANNED,capability=SUPPORTED_NATIVE; known_issues=column_generation returned an empty incumbent on THPACK9-47
B25,Cost/bin-order metamorphic,RELIABILITY,COST_METAMORPHIC,invariance_rate,packingsolver_fork_boxstacks,PackingSolver fork,boxstacks portfolio,C++14 CLI,d953148b8f710c06fa6c410949b7272f9e36327b,VALID,SUPPORTED_NATIVE,NATIVE,FULL_PROBLEM,NOT_RUN,NOT_APPLICABLE,NOT_APPLICABLE,PLANNED,capability=SUPPORTED_NATIVE; known_issues=stack support is not a general contact/load-flow model
B25,Cost/bin-order metamorphic,RELIABILITY,COST_METAMORPHIC,invariance_rate,packingsolver_upstream_box,PackingSolver upstream,box portfolio,C++14 CLI,367ebfdaad11424ded3696b7dae799a30c1375d0,VALID,SUPPORTED_NATIVE,NATIVE,FULL_PROBLEM,NOT_RUN,NOT_APPLICABLE,NOT_APPLICABLE,PLANNED,capability=SUPPORTED_NATIVE; known_issues=upstream issue #536 breaks variable-sized-bin-packing solution comparison
B25,Cost/bin-order metamorphic,RELIABILITY,COST_METAMORPHIC,invariance_rate,packingsolver_upstream_boxstacks,PackingSolver upstream,boxstacks portfolio,C++14 CLI,367ebfdaad11424ded3696b7dae799a30c1375d0,VALID,SUPPORTED_NATIVE,NATIVE,FULL_PROBLEM,NOT_RUN,NOT_APPLICABLE,NOT_APPLICABLE,PLANNED,capability=SUPPORTED_NATIVE; known_issues=upstream issue #536 breaks variable-sized-bin-packing solution comparison | upstream issues #537 and #539 affect axle repair and degenerate truck geometry
B25,Cost/bin-order metamorphic,RELIABILITY,COST_METAMORPHIC,invariance_rate,py3dbp,py3dbp,pivot greedy,Python,1.1.2,VALID,ADAPTER_MISSING,NATIVE,FULL_PROBLEM,NOT_RUN,NOT_APPLICABLE,NOT_APPLICABLE,ADAPTER_MISSING,capability=ADAPTER_MISSING; known_issues=no per-item orientation subset or cost objective | quality is strongly input-order sensitive
B25,Cost/bin-order metamorphic,RELIABILITY,COST_METAMORPHIC,invariance_rate,rust_brkga,u-nesting,BRKGA,Rust CLI/PyO3 candidate,8cde85b029e4ade663185dacb93fd74440af170d,VALID,ADAPTER_MISSING,NATIVE,FULL_PROBLEM,NOT_RUN,NOT_APPLICABLE,NOT_APPLICABLE,ADAPTER_MISSING,capability=ADAPTER_MISSING; known_issues=shared layer decoder produced out-of-bounds certificates | seed and time limit were not wired to the effective runner
B25,Cost/bin-order metamorphic,RELIABILITY,COST_METAMORPHIC,invariance_rate,rust_extreme_point,u-nesting,ExtremePoint,Rust CLI/PyO3 candidate,8cde85b029e4ade663185dacb93fd74440af170d,VALID,ADAPTER_MISSING,NATIVE,FULL_PROBLEM,NOT_RUN,NOT_APPLICABLE,NOT_APPLICABLE,ADAPTER_MISSING,capability=ADAPTER_MISSING; known_issues=native API accepts one boundary; multi-bin results require a repeated-single-boundary adapter
B25,Cost/bin-order metamorphic,RELIABILITY,COST_METAMORPHIC,invariance_rate,rust_ga,u-nesting,GA,Rust CLI/PyO3 candidate,8cde85b029e4ade663185dacb93fd74440af170d,VALID,ADAPTER_MISSING,NATIVE,FULL_PROBLEM,NOT_RUN,NOT_APPLICABLE,NOT_APPLICABLE,ADAPTER_MISSING,capability=ADAPTER_MISSING; known_issues=shared layer decoder produced out-of-bounds certificates | seed and time limit were not wired to the effective runner
B25,Cost/bin-order metamorphic,RELIABILITY,COST_METAMORPHIC,invariance_rate,rust_layer,u-nesting,Layer/BottomLeftFill,Rust CLI/PyO3 candidate,8cde85b029e4ade663185dacb93fd74440af170d,VALID,ADAPTER_MISSING,NATIVE,FULL_PROBLEM,NOT_RUN,NOT_APPLICABLE,NOT_APPLICABLE,ADAPTER_MISSING,capability=ADAPTER_MISSING; known_issues=shared layer decoder produced out-of-bounds certificates
B25,Cost/bin-order metamorphic,RELIABILITY,COST_METAMORPHIC,invariance_rate,rust_sa,u-nesting,SA,Rust CLI/PyO3 candidate,8cde85b029e4ade663185dacb93fd74440af170d,VALID,ADAPTER_MISSING,NATIVE,FULL_PROBLEM,NOT_RUN,NOT_APPLICABLE,NOT_APPLICABLE,ADAPTER_MISSING,capability=ADAPTER_MISSING; known_issues=shared layer decoder produced out-of-bounds certificates | seed and time limit were not wired to the effective runner
B25,Cost/bin-order metamorphic,RELIABILITY,COST_METAMORPHIC,invariance_rate,skjolber_fast_bruteforce,skjolber/3d-bin-container-packing,FastBruteForce,Java 21 sidecar,c73d52190c029a14e64f1bbdd2ea70452d1eb83d,VALID,ADAPTER_MISSING,NATIVE,FULL_PROBLEM,NOT_RUN,NOT_APPLICABLE,NOT_APPLICABLE,ADAPTER_MISSING,capability=ADAPTER_MISSING; known_issues=intended only for small instances | JVM sidecar integration and cross-process timing require a separate performance track
B25,Cost/bin-order metamorphic,RELIABILITY,COST_METAMORPHIC,invariance_rate,skjolber_laff,skjolber/3d-bin-container-packing,LAFF,Java 21 sidecar,c73d52190c029a14e64f1bbdd2ea70452d1eb83d,VALID,ADAPTER_MISSING,NATIVE,FULL_PROBLEM,NOT_RUN,NOT_APPLICABLE,NOT_APPLICABLE,ADAPTER_MISSING,capability=ADAPTER_MISSING; known_issues=JVM sidecar integration and cross-process timing require a separate performance track
B25,Cost/bin-order metamorphic,RELIABILITY,COST_METAMORPHIC,invariance_rate,skjolber_plain,skjolber/3d-bin-container-packing,Plain,Java 21 sidecar,c73d52190c029a14e64f1bbdd2ea70452d1eb83d,VALID,ADAPTER_MISSING,NATIVE,FULL_PROBLEM,NOT_RUN,NOT_APPLICABLE,NOT_APPLICABLE,ADAPTER_MISSING,capability=ADAPTER_MISSING; known_issues=JVM sidecar integration and cross-process timing require a separate performance track
B26,Unit/numeric,RELIABILITY,NUMERIC,numeric_consistency,exact_cp_sat,OR-Tools,strengthened CP-SAT model,C++ core/Python binding,9.15.6755,VALID,SUPPORTED_NATIVE,EXACT_MODEL,FULL_PROBLEM,NOT_RUN,NOT_APPLICABLE,NOT_APPLICABLE,PLANNED,capability=SUPPORTED_NATIVE; known_issues=not a prebuilt 3D packer; every problem family needs an explicit integer model
B26,Unit/numeric,RELIABILITY,NUMERIC,numeric_consistency,exact_cplex,CPLEX,strengthened MIP model,native commercial/Python binding,22.1.2.0,VALID,SUPPORTED_NATIVE,EXACT_MODEL,FULL_PROBLEM,NOT_RUN,NOT_APPLICABLE,NOT_APPLICABLE,PLANNED,capability=SUPPORTED_NATIVE; known_issues=promotional license has a 1000-constraint limit | not a prebuilt 3D packer
B26,Unit/numeric,RELIABILITY,NUMERIC,numeric_consistency,exact_gurobi,Gurobi,strengthened MIP model,native commercial/Python binding,13.0.3,VALID,SUPPORTED_NATIVE,EXACT_MODEL,FULL_PROBLEM,NOT_RUN,NOT_APPLICABLE,NOT_APPLICABLE,PLANNED,capability=SUPPORTED_NATIVE; known_issues=commercial production and redistribution licensing required | not a prebuilt 3D packer
B26,Unit/numeric,RELIABILITY,NUMERIC,numeric_consistency,exact_scip,SCIP/PySCIPOpt,strengthened MIP model,C/C++ core/Python binding,6.2.1,VALID,SUPPORTED_NATIVE,EXACT_MODEL,FULL_PROBLEM,NOT_RUN,NOT_APPLICABLE,NOT_APPLICABLE,PLANNED,capability=SUPPORTED_NATIVE; known_issues=not a prebuilt 3D packer; every problem family needs an explicit model
B26,Unit/numeric,RELIABILITY,NUMERIC,numeric_consistency,go_bp3d,gedex/bp3d,pivot greedy,Go sidecar,0ba3dcda7ab334c19b0979b1cf1fa05e09f33bc7,VALID,SUPPORTED_NATIVE,NATIVE,FULL_PROBLEM,NOT_RUN,NOT_APPLICABLE,NOT_APPLICABLE,PLANNED,capability=SUPPORTED_NATIVE; known_issues=PutItem does not enforce cumulative MaxWeight | no per-item orientation subset
B26,Unit/numeric,RELIABILITY,NUMERIC,numeric_consistency,jerry,jerry800416/3D-bin-packing,pivot/fix-point greedy,Python,75764a2b8a5c8e0a6713a4f672c0a8ff81b1107a,VALID,SUPPORTED_NATIVE,NATIVE,FULL_PROBLEM,NOT_RUN,NOT_APPLICABLE,NOT_APPLICABLE,PLANNED,capability=SUPPORTED_NATIVE; known_issues=fix-point produced overlapping certificates | loadbear is a sort key rather than a hard load-bearing constraint
B26,Unit/numeric,RELIABILITY,NUMERIC,numeric_consistency,packingsolver_fork_box,PackingSolver fork,box portfolio,C++14 CLI,d953148b8f710c06fa6c410949b7272f9e36327b,VALID,SUPPORTED_NATIVE,NATIVE,FULL_PROBLEM,NOT_RUN,NOT_APPLICABLE,NOT_APPLICABLE,PLANNED,capability=SUPPORTED_NATIVE; known_issues=column_generation returned an empty incumbent on THPACK9-47
B26,Unit/numeric,RELIABILITY,NUMERIC,numeric_consistency,packingsolver_fork_boxstacks,PackingSolver fork,boxstacks portfolio,C++14 CLI,d953148b8f710c06fa6c410949b7272f9e36327b,VALID,SUPPORTED_NATIVE,NATIVE,FULL_PROBLEM,NOT_RUN,NOT_APPLICABLE,NOT_APPLICABLE,PLANNED,capability=SUPPORTED_NATIVE; known_issues=stack support is not a general contact/load-flow model
B26,Unit/numeric,RELIABILITY,NUMERIC,numeric_consistency,packingsolver_upstream_box,PackingSolver upstream,box portfolio,C++14 CLI,367ebfdaad11424ded3696b7dae799a30c1375d0,VALID,SUPPORTED_NATIVE,NATIVE,FULL_PROBLEM,NOT_RUN,NOT_APPLICABLE,NOT_APPLICABLE,PLANNED,capability=SUPPORTED_NATIVE; known_issues=upstream issue #536 breaks variable-sized-bin-packing solution comparison
B26,Unit/numeric,RELIABILITY,NUMERIC,numeric_consistency,packingsolver_upstream_boxstacks,PackingSolver upstream,boxstacks portfolio,C++14 CLI,367ebfdaad11424ded3696b7dae799a30c1375d0,VALID,SUPPORTED_NATIVE,NATIVE,FULL_PROBLEM,NOT_RUN,NOT_APPLICABLE,NOT_APPLICABLE,PLANNED,capability=SUPPORTED_NATIVE; known_issues=upstream issue #536 breaks variable-sized-bin-packing solution comparison | upstream issues #537 and #539 affect axle repair and degenerate truck geometry
B26,Unit/numeric,RELIABILITY,NUMERIC,numeric_consistency,py3dbp,py3dbp,pivot greedy,Python,1.1.2,VALID,SUPPORTED_NATIVE,NATIVE,FULL_PROBLEM,NOT_RUN,NOT_APPLICABLE,NOT_APPLICABLE,PLANNED,capability=SUPPORTED_NATIVE; known_issues=no per-item orientation subset or cost objective | quality is strongly input-order sensitive
B26,Unit/numeric,RELIABILITY,NUMERIC,numeric_consistency,rust_brkga,u-nesting,BRKGA,Rust CLI/PyO3 candidate,8cde85b029e4ade663185dacb93fd74440af170d,VALID,SUPPORTED_NATIVE,NATIVE,FULL_PROBLEM,NOT_RUN,NOT_APPLICABLE,NOT_APPLICABLE,PLANNED,capability=SUPPORTED_NATIVE; known_issues=shared layer decoder produced out-of-bounds certificates | seed and time limit were not wired to the effective runner
B26,Unit/numeric,RELIABILITY,NUMERIC,numeric_consistency,rust_extreme_point,u-nesting,ExtremePoint,Rust CLI/PyO3 candidate,8cde85b029e4ade663185dacb93fd74440af170d,VALID,SUPPORTED_NATIVE,NATIVE,FULL_PROBLEM,NOT_RUN,NOT_APPLICABLE,NOT_APPLICABLE,PLANNED,capability=SUPPORTED_NATIVE; known_issues=native API accepts one boundary; multi-bin results require a repeated-single-boundary adapter
B26,Unit/numeric,RELIABILITY,NUMERIC,numeric_consistency,rust_ga,u-nesting,GA,Rust CLI/PyO3 candidate,8cde85b029e4ade663185dacb93fd74440af170d,VALID,SUPPORTED_NATIVE,NATIVE,FULL_PROBLEM,NOT_RUN,NOT_APPLICABLE,NOT_APPLICABLE,PLANNED,capability=SUPPORTED_NATIVE; known_issues=shared layer decoder produced out-of-bounds certificates | seed and time limit were not wired to the effective runner
B26,Unit/numeric,RELIABILITY,NUMERIC,numeric_consistency,rust_layer,u-nesting,Layer/BottomLeftFill,Rust CLI/PyO3 candidate,8cde85b029e4ade663185dacb93fd74440af170d,VALID,SUPPORTED_NATIVE,NATIVE,FULL_PROBLEM,NOT_RUN,NOT_APPLICABLE,NOT_APPLICABLE,PLANNED,capability=SUPPORTED_NATIVE; known_issues=shared layer decoder produced out-of-bounds certificates
B26,Unit/numeric,RELIABILITY,NUMERIC,numeric_consistency,rust_sa,u-nesting,SA,Rust CLI/PyO3 candidate,8cde85b029e4ade663185dacb93fd74440af170d,VALID,SUPPORTED_NATIVE,NATIVE,FULL_PROBLEM,NOT_RUN,NOT_APPLICABLE,NOT_APPLICABLE,PLANNED,capability=SUPPORTED_NATIVE; known_issues=shared layer decoder produced out-of-bounds certificates | seed and time limit were not wired to the effective runner
B26,Unit/numeric,RELIABILITY,NUMERIC,numeric_consistency,skjolber_fast_bruteforce,skjolber/3d-bin-container-packing,FastBruteForce,Java 21 sidecar,c73d52190c029a14e64f1bbdd2ea70452d1eb83d,VALID,SUPPORTED_NATIVE,NATIVE,FULL_PROBLEM,NOT_RUN,NOT_APPLICABLE,NOT_APPLICABLE,PLANNED,capability=SUPPORTED_NATIVE; known_issues=intended only for small instances | JVM sidecar integration and cross-process timing require a separate performance track
B26,Unit/numeric,RELIABILITY,NUMERIC,numeric_consistency,skjolber_laff,skjolber/3d-bin-container-packing,LAFF,Java 21 sidecar,c73d52190c029a14e64f1bbdd2ea70452d1eb83d,VALID,SUPPORTED_NATIVE,NATIVE,FULL_PROBLEM,NOT_RUN,NOT_APPLICABLE,NOT_APPLICABLE,PLANNED,capability=SUPPORTED_NATIVE; known_issues=JVM sidecar integration and cross-process timing require a separate performance track
B26,Unit/numeric,RELIABILITY,NUMERIC,numeric_consistency,skjolber_plain,skjolber/3d-bin-container-packing,Plain,Java 21 sidecar,c73d52190c029a14e64f1bbdd2ea70452d1eb83d,VALID,SUPPORTED_NATIVE,NATIVE,FULL_PROBLEM,NOT_RUN,NOT_APPLICABLE,NOT_APPLICABLE,PLANNED,capability=SUPPORTED_NATIVE; known_issues=JVM sidecar integration and cross-process timing require a separate performance track
B27,Seed/order repeatability,RELIABILITY,REPEATABILITY,quality_variance,exact_cp_sat,OR-Tools,strengthened CP-SAT model,C++ core/Python binding,9.15.6755,VALID,SUPPORTED_NATIVE,EXACT_MODEL,FULL_PROBLEM,NOT_RUN,NOT_APPLICABLE,NOT_APPLICABLE,PLANNED,capability=SUPPORTED_NATIVE; known_issues=not a prebuilt 3D packer; every problem family needs an explicit integer model
B27,Seed/order repeatability,RELIABILITY,REPEATABILITY,quality_variance,exact_cplex,CPLEX,strengthened MIP model,native commercial/Python binding,22.1.2.0,VALID,SUPPORTED_NATIVE,EXACT_MODEL,FULL_PROBLEM,NOT_RUN,NOT_APPLICABLE,NOT_APPLICABLE,PLANNED,capability=SUPPORTED_NATIVE; known_issues=promotional license has a 1000-constraint limit | not a prebuilt 3D packer
B27,Seed/order repeatability,RELIABILITY,REPEATABILITY,quality_variance,exact_gurobi,Gurobi,strengthened MIP model,native commercial/Python binding,13.0.3,VALID,SUPPORTED_NATIVE,EXACT_MODEL,FULL_PROBLEM,NOT_RUN,NOT_APPLICABLE,NOT_APPLICABLE,PLANNED,capability=SUPPORTED_NATIVE; known_issues=commercial production and redistribution licensing required | not a prebuilt 3D packer
B27,Seed/order repeatability,RELIABILITY,REPEATABILITY,quality_variance,exact_scip,SCIP/PySCIPOpt,strengthened MIP model,C/C++ core/Python binding,6.2.1,VALID,SUPPORTED_NATIVE,EXACT_MODEL,FULL_PROBLEM,NOT_RUN,NOT_APPLICABLE,NOT_APPLICABLE,PLANNED,capability=SUPPORTED_NATIVE; known_issues=not a prebuilt 3D packer; every problem family needs an explicit model
B27,Seed/order repeatability,RELIABILITY,REPEATABILITY,quality_variance,go_bp3d,gedex/bp3d,pivot greedy,Go sidecar,0ba3dcda7ab334c19b0979b1cf1fa05e09f33bc7,VALID,SUPPORTED_NATIVE,NATIVE,FULL_PROBLEM,NOT_RUN,NOT_APPLICABLE,NOT_APPLICABLE,PLANNED,capability=SUPPORTED_NATIVE; known_issues=PutItem does not enforce cumulative MaxWeight | no per-item orientation subset
B27,Seed/order repeatability,RELIABILITY,REPEATABILITY,quality_variance,jerry,jerry800416/3D-bin-packing,pivot/fix-point greedy,Python,75764a2b8a5c8e0a6713a4f672c0a8ff81b1107a,VALID,SUPPORTED_NATIVE,NATIVE,FULL_PROBLEM,NOT_RUN,NOT_APPLICABLE,NOT_APPLICABLE,PLANNED,capability=SUPPORTED_NATIVE; known_issues=fix-point produced overlapping certificates | loadbear is a sort key rather than a hard load-bearing constraint
B27,Seed/order repeatability,RELIABILITY,REPEATABILITY,quality_variance,packingsolver_fork_box,PackingSolver fork,box portfolio,C++14 CLI,d953148b8f710c06fa6c410949b7272f9e36327b,VALID,SUPPORTED_NATIVE,NATIVE,FULL_PROBLEM,NOT_RUN,NOT_APPLICABLE,NOT_APPLICABLE,PLANNED,capability=SUPPORTED_NATIVE; known_issues=column_generation returned an empty incumbent on THPACK9-47
B27,Seed/order repeatability,RELIABILITY,REPEATABILITY,quality_variance,packingsolver_fork_boxstacks,PackingSolver fork,boxstacks portfolio,C++14 CLI,d953148b8f710c06fa6c410949b7272f9e36327b,VALID,SUPPORTED_NATIVE,NATIVE,FULL_PROBLEM,NOT_RUN,NOT_APPLICABLE,NOT_APPLICABLE,PLANNED,capability=SUPPORTED_NATIVE; known_issues=stack support is not a general contact/load-flow model
B27,Seed/order repeatability,RELIABILITY,REPEATABILITY,quality_variance,packingsolver_upstream_box,PackingSolver upstream,box portfolio,C++14 CLI,367ebfdaad11424ded3696b7dae799a30c1375d0,VALID,SUPPORTED_NATIVE,NATIVE,FULL_PROBLEM,NOT_RUN,NOT_APPLICABLE,NOT_APPLICABLE,PLANNED,capability=SUPPORTED_NATIVE; known_issues=upstream issue #536 breaks variable-sized-bin-packing solution comparison
B27,Seed/order repeatability,RELIABILITY,REPEATABILITY,quality_variance,packingsolver_upstream_boxstacks,PackingSolver upstream,boxstacks portfolio,C++14 CLI,367ebfdaad11424ded3696b7dae799a30c1375d0,VALID,SUPPORTED_NATIVE,NATIVE,FULL_PROBLEM,NOT_RUN,NOT_APPLICABLE,NOT_APPLICABLE,PLANNED,capability=SUPPORTED_NATIVE; known_issues=upstream issue #536 breaks variable-sized-bin-packing solution comparison | upstream issues #537 and #539 affect axle repair and degenerate truck geometry
B27,Seed/order repeatability,RELIABILITY,REPEATABILITY,quality_variance,py3dbp,py3dbp,pivot greedy,Python,1.1.2,VALID,SUPPORTED_NATIVE,NATIVE,FULL_PROBLEM,NOT_RUN,NOT_APPLICABLE,NOT_APPLICABLE,PLANNED,capability=SUPPORTED_NATIVE; known_issues=no per-item orientation subset or cost objective | quality is strongly input-order sensitive
B27,Seed/order repeatability,RELIABILITY,REPEATABILITY,quality_variance,rust_brkga,u-nesting,BRKGA,Rust CLI/PyO3 candidate,8cde85b029e4ade663185dacb93fd74440af170d,VALID,SUPPORTED_NATIVE,NATIVE,FULL_PROBLEM,NOT_RUN,NOT_APPLICABLE,NOT_APPLICABLE,PLANNED,capability=SUPPORTED_NATIVE; known_issues=shared layer decoder produced out-of-bounds certificates | seed and time limit were not wired to the effective runner
B27,Seed/order repeatability,RELIABILITY,REPEATABILITY,quality_variance,rust_extreme_point,u-nesting,ExtremePoint,Rust CLI/PyO3 candidate,8cde85b029e4ade663185dacb93fd74440af170d,VALID,SUPPORTED_NATIVE,NATIVE,FULL_PROBLEM,NOT_RUN,NOT_APPLICABLE,NOT_APPLICABLE,PLANNED,capability=SUPPORTED_NATIVE; known_issues=native API accepts one boundary; multi-bin results require a repeated-single-boundary adapter
B27,Seed/order repeatability,RELIABILITY,REPEATABILITY,quality_variance,rust_ga,u-nesting,GA,Rust CLI/PyO3 candidate,8cde85b029e4ade663185dacb93fd74440af170d,VALID,SUPPORTED_NATIVE,NATIVE,FULL_PROBLEM,NOT_RUN,NOT_APPLICABLE,NOT_APPLICABLE,PLANNED,capability=SUPPORTED_NATIVE; known_issues=shared layer decoder produced out-of-bounds certificates | seed and time limit were not wired to the effective runner
B27,Seed/order repeatability,RELIABILITY,REPEATABILITY,quality_variance,rust_layer,u-nesting,Layer/BottomLeftFill,Rust CLI/PyO3 candidate,8cde85b029e4ade663185dacb93fd74440af170d,VALID,SUPPORTED_NATIVE,NATIVE,FULL_PROBLEM,NOT_RUN,NOT_APPLICABLE,NOT_APPLICABLE,PLANNED,capability=SUPPORTED_NATIVE; known_issues=shared layer decoder produced out-of-bounds certificates
B27,Seed/order repeatability,RELIABILITY,REPEATABILITY,quality_variance,rust_sa,u-nesting,SA,Rust CLI/PyO3 candidate,8cde85b029e4ade663185dacb93fd74440af170d,VALID,SUPPORTED_NATIVE,NATIVE,FULL_PROBLEM,NOT_RUN,NOT_APPLICABLE,NOT_APPLICABLE,PLANNED,capability=SUPPORTED_NATIVE; known_issues=shared layer decoder produced out-of-bounds certificates | seed and time limit were not wired to the effective runner
B27,Seed/order repeatability,RELIABILITY,REPEATABILITY,quality_variance,skjolber_fast_bruteforce,skjolber/3d-bin-container-packing,FastBruteForce,Java 21 sidecar,c73d52190c029a14e64f1bbdd2ea70452d1eb83d,VALID,SUPPORTED_NATIVE,NATIVE,FULL_PROBLEM,NOT_RUN,NOT_APPLICABLE,NOT_APPLICABLE,PLANNED,capability=SUPPORTED_NATIVE; known_issues=intended only for small instances | JVM sidecar integration and cross-process timing require a separate performance track
B27,Seed/order repeatability,RELIABILITY,REPEATABILITY,quality_variance,skjolber_laff,skjolber/3d-bin-container-packing,LAFF,Java 21 sidecar,c73d52190c029a14e64f1bbdd2ea70452d1eb83d,VALID,SUPPORTED_NATIVE,NATIVE,FULL_PROBLEM,NOT_RUN,NOT_APPLICABLE,NOT_APPLICABLE,PLANNED,capability=SUPPORTED_NATIVE; known_issues=JVM sidecar integration and cross-process timing require a separate performance track
B27,Seed/order repeatability,RELIABILITY,REPEATABILITY,quality_variance,skjolber_plain,skjolber/3d-bin-container-packing,Plain,Java 21 sidecar,c73d52190c029a14e64f1bbdd2ea70452d1eb83d,VALID,SUPPORTED_NATIVE,NATIVE,FULL_PROBLEM,NOT_RUN,NOT_APPLICABLE,NOT_APPLICABLE,PLANNED,capability=SUPPORTED_NATIVE; known_issues=JVM sidecar integration and cross-process timing require a separate performance track
B28,Scalability,RELIABILITY,SCALABILITY,time_quality_curve,exact_cp_sat,OR-Tools,strengthened CP-SAT model,C++ core/Python binding,9.15.6755,VALID,SUPPORTED_NATIVE,EXACT_MODEL,FULL_PROBLEM,NOT_RUN,NOT_APPLICABLE,NOT_APPLICABLE,PLANNED,capability=SUPPORTED_NATIVE; known_issues=not a prebuilt 3D packer; every problem family needs an explicit integer model
B28,Scalability,RELIABILITY,SCALABILITY,time_quality_curve,exact_cplex,CPLEX,strengthened MIP model,native commercial/Python binding,22.1.2.0,VALID,SUPPORTED_NATIVE,EXACT_MODEL,FULL_PROBLEM,NOT_RUN,NOT_APPLICABLE,NOT_APPLICABLE,PLANNED,capability=SUPPORTED_NATIVE; known_issues=promotional license has a 1000-constraint limit | not a prebuilt 3D packer
B28,Scalability,RELIABILITY,SCALABILITY,time_quality_curve,exact_gurobi,Gurobi,strengthened MIP model,native commercial/Python binding,13.0.3,VALID,SUPPORTED_NATIVE,EXACT_MODEL,FULL_PROBLEM,NOT_RUN,NOT_APPLICABLE,NOT_APPLICABLE,PLANNED,capability=SUPPORTED_NATIVE; known_issues=commercial production and redistribution licensing required | not a prebuilt 3D packer
B28,Scalability,RELIABILITY,SCALABILITY,time_quality_curve,exact_scip,SCIP/PySCIPOpt,strengthened MIP model,C/C++ core/Python binding,6.2.1,VALID,SUPPORTED_NATIVE,EXACT_MODEL,FULL_PROBLEM,NOT_RUN,NOT_APPLICABLE,NOT_APPLICABLE,PLANNED,capability=SUPPORTED_NATIVE; known_issues=not a prebuilt 3D packer; every problem family needs an explicit model
B28,Scalability,RELIABILITY,SCALABILITY,time_quality_curve,go_bp3d,gedex/bp3d,pivot greedy,Go sidecar,0ba3dcda7ab334c19b0979b1cf1fa05e09f33bc7,VALID,SUPPORTED_NATIVE,NATIVE,FULL_PROBLEM,NOT_RUN,NOT_APPLICABLE,NOT_APPLICABLE,PLANNED,capability=SUPPORTED_NATIVE; known_issues=PutItem does not enforce cumulative MaxWeight | no per-item orientation subset
B28,Scalability,RELIABILITY,SCALABILITY,time_quality_curve,jerry,jerry800416/3D-bin-packing,pivot/fix-point greedy,Python,75764a2b8a5c8e0a6713a4f672c0a8ff81b1107a,VALID,SUPPORTED_NATIVE,NATIVE,FULL_PROBLEM,NOT_RUN,NOT_APPLICABLE,NOT_APPLICABLE,PLANNED,capability=SUPPORTED_NATIVE; known_issues=fix-point produced overlapping certificates | loadbear is a sort key rather than a hard load-bearing constraint
B28,Scalability,RELIABILITY,SCALABILITY,time_quality_curve,packingsolver_fork_box,PackingSolver fork,box portfolio,C++14 CLI,d953148b8f710c06fa6c410949b7272f9e36327b,VALID,SUPPORTED_NATIVE,NATIVE,FULL_PROBLEM,NOT_RUN,NOT_APPLICABLE,NOT_APPLICABLE,PLANNED,capability=SUPPORTED_NATIVE; known_issues=column_generation returned an empty incumbent on THPACK9-47
B28,Scalability,RELIABILITY,SCALABILITY,time_quality_curve,packingsolver_fork_boxstacks,PackingSolver fork,boxstacks portfolio,C++14 CLI,d953148b8f710c06fa6c410949b7272f9e36327b,VALID,SUPPORTED_NATIVE,NATIVE,FULL_PROBLEM,NOT_RUN,NOT_APPLICABLE,NOT_APPLICABLE,PLANNED,capability=SUPPORTED_NATIVE; known_issues=stack support is not a general contact/load-flow model
B28,Scalability,RELIABILITY,SCALABILITY,time_quality_curve,packingsolver_upstream_box,PackingSolver upstream,box portfolio,C++14 CLI,367ebfdaad11424ded3696b7dae799a30c1375d0,VALID,SUPPORTED_NATIVE,NATIVE,FULL_PROBLEM,NOT_RUN,NOT_APPLICABLE,NOT_APPLICABLE,PLANNED,capability=SUPPORTED_NATIVE; known_issues=upstream issue #536 breaks variable-sized-bin-packing solution comparison
B28,Scalability,RELIABILITY,SCALABILITY,time_quality_curve,packingsolver_upstream_boxstacks,PackingSolver upstream,boxstacks portfolio,C++14 CLI,367ebfdaad11424ded3696b7dae799a30c1375d0,VALID,SUPPORTED_NATIVE,NATIVE,FULL_PROBLEM,NOT_RUN,NOT_APPLICABLE,NOT_APPLICABLE,PLANNED,capability=SUPPORTED_NATIVE; known_issues=upstream issue #536 breaks variable-sized-bin-packing solution comparison | upstream issues #537 and #539 affect axle repair and degenerate truck geometry
B28,Scalability,RELIABILITY,SCALABILITY,time_quality_curve,py3dbp,py3dbp,pivot greedy,Python,1.1.2,VALID,SUPPORTED_NATIVE,NATIVE,FULL_PROBLEM,NOT_RUN,NOT_APPLICABLE,NOT_APPLICABLE,PLANNED,capability=SUPPORTED_NATIVE; known_issues=no per-item orientation subset or cost objective | quality is strongly input-order sensitive
B28,Scalability,RELIABILITY,SCALABILITY,time_quality_curve,rust_brkga,u-nesting,BRKGA,Rust CLI/PyO3 candidate,8cde85b029e4ade663185dacb93fd74440af170d,VALID,SUPPORTED_NATIVE,NATIVE,FULL_PROBLEM,NOT_RUN,NOT_APPLICABLE,NOT_APPLICABLE,PLANNED,capability=SUPPORTED_NATIVE; known_issues=shared layer decoder produced out-of-bounds certificates | seed and time limit were not wired to the effective runner
B28,Scalability,RELIABILITY,SCALABILITY,time_quality_curve,rust_extreme_point,u-nesting,ExtremePoint,Rust CLI/PyO3 candidate,8cde85b029e4ade663185dacb93fd74440af170d,VALID,SUPPORTED_NATIVE,NATIVE,FULL_PROBLEM,NOT_RUN,NOT_APPLICABLE,NOT_APPLICABLE,PLANNED,capability=SUPPORTED_NATIVE; known_issues=native API accepts one boundary; multi-bin results require a repeated-single-boundary adapter
B28,Scalability,RELIABILITY,SCALABILITY,time_quality_curve,rust_ga,u-nesting,GA,Rust CLI/PyO3 candidate,8cde85b029e4ade663185dacb93fd74440af170d,VALID,SUPPORTED_NATIVE,NATIVE,FULL_PROBLEM,NOT_RUN,NOT_APPLICABLE,NOT_APPLICABLE,PLANNED,capability=SUPPORTED_NATIVE; known_issues=shared layer decoder produced out-of-bounds certificates | seed and time limit were not wired to the effective runner
B28,Scalability,RELIABILITY,SCALABILITY,time_quality_curve,rust_layer,u-nesting,Layer/BottomLeftFill,Rust CLI/PyO3 candidate,8cde85b029e4ade663185dacb93fd74440af170d,VALID,SUPPORTED_NATIVE,NATIVE,FULL_PROBLEM,NOT_RUN,NOT_APPLICABLE,NOT_APPLICABLE,PLANNED,capability=SUPPORTED_NATIVE; known_issues=shared layer decoder produced out-of-bounds certificates
B28,Scalability,RELIABILITY,SCALABILITY,time_quality_curve,rust_sa,u-nesting,SA,Rust CLI/PyO3 candidate,8cde85b029e4ade663185dacb93fd74440af170d,VALID,SUPPORTED_NATIVE,NATIVE,FULL_PROBLEM,NOT_RUN,NOT_APPLICABLE,NOT_APPLICABLE,PLANNED,capability=SUPPORTED_NATIVE; known_issues=shared layer decoder produced out-of-bounds certificates | seed and time limit were not wired to the effective runner
B28,Scalability,RELIABILITY,SCALABILITY,time_quality_curve,skjolber_fast_bruteforce,skjolber/3d-bin-container-packing,FastBruteForce,Java 21 sidecar,c73d52190c029a14e64f1bbdd2ea70452d1eb83d,VALID,SUPPORTED_NATIVE,NATIVE,FULL_PROBLEM,NOT_RUN,NOT_APPLICABLE,NOT_APPLICABLE,PLANNED,capability=SUPPORTED_NATIVE; known_issues=intended only for small instances | JVM sidecar integration and cross-process timing require a separate performance track
B28,Scalability,RELIABILITY,SCALABILITY,time_quality_curve,skjolber_laff,skjolber/3d-bin-container-packing,LAFF,Java 21 sidecar,c73d52190c029a14e64f1bbdd2ea70452d1eb83d,VALID,SUPPORTED_NATIVE,NATIVE,FULL_PROBLEM,NOT_RUN,NOT_APPLICABLE,NOT_APPLICABLE,PLANNED,capability=SUPPORTED_NATIVE; known_issues=JVM sidecar integration and cross-process timing require a separate performance track
B28,Scalability,RELIABILITY,SCALABILITY,time_quality_curve,skjolber_plain,skjolber/3d-bin-container-packing,Plain,Java 21 sidecar,c73d52190c029a14e64f1bbdd2ea70452d1eb83d,VALID,SUPPORTED_NATIVE,NATIVE,FULL_PROBLEM,NOT_RUN,NOT_APPLICABLE,NOT_APPLICABLE,PLANNED,capability=SUPPORTED_NATIVE; known_issues=JVM sidecar integration and cross-process timing require a separate performance track
B29,Fault/cancellation,RELIABILITY,FAULT_HANDLING,fault_recovery_rate,exact_cp_sat,OR-Tools,strengthened CP-SAT model,C++ core/Python binding,9.15.6755,VALID,SUPPORTED_NATIVE,EXACT_MODEL,FULL_PROBLEM,NOT_RUN,NOT_APPLICABLE,NOT_APPLICABLE,PLANNED,capability=SUPPORTED_NATIVE; known_issues=not a prebuilt 3D packer; every problem family needs an explicit integer model
B29,Fault/cancellation,RELIABILITY,FAULT_HANDLING,fault_recovery_rate,exact_cplex,CPLEX,strengthened MIP model,native commercial/Python binding,22.1.2.0,VALID,SUPPORTED_NATIVE,EXACT_MODEL,FULL_PROBLEM,NOT_RUN,NOT_APPLICABLE,NOT_APPLICABLE,PLANNED,capability=SUPPORTED_NATIVE; known_issues=promotional license has a 1000-constraint limit | not a prebuilt 3D packer
B29,Fault/cancellation,RELIABILITY,FAULT_HANDLING,fault_recovery_rate,exact_gurobi,Gurobi,strengthened MIP model,native commercial/Python binding,13.0.3,VALID,SUPPORTED_NATIVE,EXACT_MODEL,FULL_PROBLEM,NOT_RUN,NOT_APPLICABLE,NOT_APPLICABLE,PLANNED,capability=SUPPORTED_NATIVE; known_issues=commercial production and redistribution licensing required | not a prebuilt 3D packer
B29,Fault/cancellation,RELIABILITY,FAULT_HANDLING,fault_recovery_rate,exact_scip,SCIP/PySCIPOpt,strengthened MIP model,C/C++ core/Python binding,6.2.1,VALID,SUPPORTED_NATIVE,EXACT_MODEL,FULL_PROBLEM,NOT_RUN,NOT_APPLICABLE,NOT_APPLICABLE,PLANNED,capability=SUPPORTED_NATIVE; known_issues=not a prebuilt 3D packer; every problem family needs an explicit model
B29,Fault/cancellation,RELIABILITY,FAULT_HANDLING,fault_recovery_rate,go_bp3d,gedex/bp3d,pivot greedy,Go sidecar,0ba3dcda7ab334c19b0979b1cf1fa05e09f33bc7,VALID,SUPPORTED_NATIVE,NATIVE,FULL_PROBLEM,NOT_RUN,NOT_APPLICABLE,NOT_APPLICABLE,PLANNED,capability=SUPPORTED_NATIVE; known_issues=PutItem does not enforce cumulative MaxWeight | no per-item orientation subset
B29,Fault/cancellation,RELIABILITY,FAULT_HANDLING,fault_recovery_rate,jerry,jerry800416/3D-bin-packing,pivot/fix-point greedy,Python,75764a2b8a5c8e0a6713a4f672c0a8ff81b1107a,VALID,SUPPORTED_NATIVE,NATIVE,FULL_PROBLEM,NOT_RUN,NOT_APPLICABLE,NOT_APPLICABLE,PLANNED,capability=SUPPORTED_NATIVE; known_issues=fix-point produced overlapping certificates | loadbear is a sort key rather than a hard load-bearing constraint
B29,Fault/cancellation,RELIABILITY,FAULT_HANDLING,fault_recovery_rate,packingsolver_fork_box,PackingSolver fork,box portfolio,C++14 CLI,d953148b8f710c06fa6c410949b7272f9e36327b,VALID,SUPPORTED_NATIVE,NATIVE,FULL_PROBLEM,NOT_RUN,NOT_APPLICABLE,NOT_APPLICABLE,PLANNED,capability=SUPPORTED_NATIVE; known_issues=column_generation returned an empty incumbent on THPACK9-47
B29,Fault/cancellation,RELIABILITY,FAULT_HANDLING,fault_recovery_rate,packingsolver_fork_boxstacks,PackingSolver fork,boxstacks portfolio,C++14 CLI,d953148b8f710c06fa6c410949b7272f9e36327b,VALID,SUPPORTED_NATIVE,NATIVE,FULL_PROBLEM,NOT_RUN,NOT_APPLICABLE,NOT_APPLICABLE,PLANNED,capability=SUPPORTED_NATIVE; known_issues=stack support is not a general contact/load-flow model
B29,Fault/cancellation,RELIABILITY,FAULT_HANDLING,fault_recovery_rate,packingsolver_upstream_box,PackingSolver upstream,box portfolio,C++14 CLI,367ebfdaad11424ded3696b7dae799a30c1375d0,VALID,SUPPORTED_NATIVE,NATIVE,FULL_PROBLEM,NOT_RUN,NOT_APPLICABLE,NOT_APPLICABLE,PLANNED,capability=SUPPORTED_NATIVE; known_issues=upstream issue #536 breaks variable-sized-bin-packing solution comparison
B29,Fault/cancellation,RELIABILITY,FAULT_HANDLING,fault_recovery_rate,packingsolver_upstream_boxstacks,PackingSolver upstream,boxstacks portfolio,C++14 CLI,367ebfdaad11424ded3696b7dae799a30c1375d0,VALID,SUPPORTED_NATIVE,NATIVE,FULL_PROBLEM,NOT_RUN,NOT_APPLICABLE,NOT_APPLICABLE,PLANNED,capability=SUPPORTED_NATIVE; known_issues=upstream issue #536 breaks variable-sized-bin-packing solution comparison | upstream issues #537 and #539 affect axle repair and degenerate truck geometry
B29,Fault/cancellation,RELIABILITY,FAULT_HANDLING,fault_recovery_rate,py3dbp,py3dbp,pivot greedy,Python,1.1.2,VALID,SUPPORTED_NATIVE,NATIVE,FULL_PROBLEM,NOT_RUN,NOT_APPLICABLE,NOT_APPLICABLE,PLANNED,capability=SUPPORTED_NATIVE; known_issues=no per-item orientation subset or cost objective | quality is strongly input-order sensitive
B29,Fault/cancellation,RELIABILITY,FAULT_HANDLING,fault_recovery_rate,rust_brkga,u-nesting,BRKGA,Rust CLI/PyO3 candidate,8cde85b029e4ade663185dacb93fd74440af170d,VALID,SUPPORTED_NATIVE,NATIVE,FULL_PROBLEM,NOT_RUN,NOT_APPLICABLE,NOT_APPLICABLE,PLANNED,capability=SUPPORTED_NATIVE; known_issues=shared layer decoder produced out-of-bounds certificates | seed and time limit were not wired to the effective runner
B29,Fault/cancellation,RELIABILITY,FAULT_HANDLING,fault_recovery_rate,rust_extreme_point,u-nesting,ExtremePoint,Rust CLI/PyO3 candidate,8cde85b029e4ade663185dacb93fd74440af170d,VALID,SUPPORTED_NATIVE,NATIVE,FULL_PROBLEM,NOT_RUN,NOT_APPLICABLE,NOT_APPLICABLE,PLANNED,capability=SUPPORTED_NATIVE; known_issues=native API accepts one boundary; multi-bin results require a repeated-single-boundary adapter
B29,Fault/cancellation,RELIABILITY,FAULT_HANDLING,fault_recovery_rate,rust_ga,u-nesting,GA,Rust CLI/PyO3 candidate,8cde85b029e4ade663185dacb93fd74440af170d,VALID,SUPPORTED_NATIVE,NATIVE,FULL_PROBLEM,NOT_RUN,NOT_APPLICABLE,NOT_APPLICABLE,PLANNED,capability=SUPPORTED_NATIVE; known_issues=shared layer decoder produced out-of-bounds certificates | seed and time limit were not wired to the effective runner
B29,Fault/cancellation,RELIABILITY,FAULT_HANDLING,fault_recovery_rate,rust_layer,u-nesting,Layer/BottomLeftFill,Rust CLI/PyO3 candidate,8cde85b029e4ade663185dacb93fd74440af170d,VALID,SUPPORTED_NATIVE,NATIVE,FULL_PROBLEM,NOT_RUN,NOT_APPLICABLE,NOT_APPLICABLE,PLANNED,capability=SUPPORTED_NATIVE; known_issues=shared layer decoder produced out-of-bounds certificates
B29,Fault/cancellation,RELIABILITY,FAULT_HANDLING,fault_recovery_rate,rust_sa,u-nesting,SA,Rust CLI/PyO3 candidate,8cde85b029e4ade663185dacb93fd74440af170d,VALID,SUPPORTED_NATIVE,NATIVE,FULL_PROBLEM,NOT_RUN,NOT_APPLICABLE,NOT_APPLICABLE,PLANNED,capability=SUPPORTED_NATIVE; known_issues=shared layer decoder produced out-of-bounds certificates | seed and time limit were not wired to the effective runner
B29,Fault/cancellation,RELIABILITY,FAULT_HANDLING,fault_recovery_rate,skjolber_fast_bruteforce,skjolber/3d-bin-container-packing,FastBruteForce,Java 21 sidecar,c73d52190c029a14e64f1bbdd2ea70452d1eb83d,VALID,SUPPORTED_NATIVE,NATIVE,FULL_PROBLEM,NOT_RUN,NOT_APPLICABLE,NOT_APPLICABLE,PLANNED,capability=SUPPORTED_NATIVE; known_issues=intended only for small instances | JVM sidecar integration and cross-process timing require a separate performance track
B29,Fault/cancellation,RELIABILITY,FAULT_HANDLING,fault_recovery_rate,skjolber_laff,skjolber/3d-bin-container-packing,LAFF,Java 21 sidecar,c73d52190c029a14e64f1bbdd2ea70452d1eb83d,VALID,SUPPORTED_NATIVE,NATIVE,FULL_PROBLEM,NOT_RUN,NOT_APPLICABLE,NOT_APPLICABLE,PLANNED,capability=SUPPORTED_NATIVE; known_issues=JVM sidecar integration and cross-process timing require a separate performance track
B29,Fault/cancellation,RELIABILITY,FAULT_HANDLING,fault_recovery_rate,skjolber_plain,skjolber/3d-bin-container-packing,Plain,Java 21 sidecar,c73d52190c029a14e64f1bbdd2ea70452d1eb83d,VALID,SUPPORTED_NATIVE,NATIVE,FULL_PROBLEM,NOT_RUN,NOT_APPLICABLE,NOT_APPLICABLE,PLANNED,capability=SUPPORTED_NATIVE; known_issues=JVM sidecar integration and cross-process timing require a separate performance track
B30,OR-Library BAYTP,INDUSTRIAL,SHELF_BAY,stockroom_space,exact_cp_sat,OR-Tools,strengthened CP-SAT model,C++ core/Python binding,9.15.6755,VALID,ADAPTER_MISSING,EXACT_MODEL,FULL_PROBLEM,NOT_RUN,NOT_APPLICABLE,NOT_APPLICABLE,ADAPTER_MISSING,capability=ADAPTER_MISSING; known_issues=not a prebuilt 3D packer; every problem family needs an explicit integer model
B30,OR-Library BAYTP,INDUSTRIAL,SHELF_BAY,stockroom_space,exact_cplex,CPLEX,strengthened MIP model,native commercial/Python binding,22.1.2.0,VALID,ADAPTER_MISSING,EXACT_MODEL,FULL_PROBLEM,NOT_RUN,NOT_APPLICABLE,NOT_APPLICABLE,ADAPTER_MISSING,capability=ADAPTER_MISSING; known_issues=promotional license has a 1000-constraint limit | not a prebuilt 3D packer
B30,OR-Library BAYTP,INDUSTRIAL,SHELF_BAY,stockroom_space,exact_gurobi,Gurobi,strengthened MIP model,native commercial/Python binding,13.0.3,VALID,ADAPTER_MISSING,EXACT_MODEL,FULL_PROBLEM,NOT_RUN,NOT_APPLICABLE,NOT_APPLICABLE,ADAPTER_MISSING,capability=ADAPTER_MISSING; known_issues=commercial production and redistribution licensing required | not a prebuilt 3D packer
B30,OR-Library BAYTP,INDUSTRIAL,SHELF_BAY,stockroom_space,exact_scip,SCIP/PySCIPOpt,strengthened MIP model,C/C++ core/Python binding,6.2.1,VALID,ADAPTER_MISSING,EXACT_MODEL,FULL_PROBLEM,NOT_RUN,NOT_APPLICABLE,NOT_APPLICABLE,ADAPTER_MISSING,capability=ADAPTER_MISSING; known_issues=not a prebuilt 3D packer; every problem family needs an explicit model
B30,OR-Library BAYTP,INDUSTRIAL,SHELF_BAY,stockroom_space,go_bp3d,gedex/bp3d,pivot greedy,Go sidecar,0ba3dcda7ab334c19b0979b1cf1fa05e09f33bc7,VALID,PROJECTION_ONLY,COMPOSED,GEOMETRY_PROJECTION,NOT_RUN,NOT_APPLICABLE,NOT_APPLICABLE,PLANNED,capability=PROJECTION_ONLY; known_issues=PutItem does not enforce cumulative MaxWeight | no per-item orientation subset
B30,OR-Library BAYTP,INDUSTRIAL,SHELF_BAY,stockroom_space,jerry,jerry800416/3D-bin-packing,pivot/fix-point greedy,Python,75764a2b8a5c8e0a6713a4f672c0a8ff81b1107a,VALID,PROJECTION_ONLY,COMPOSED,GEOMETRY_PROJECTION,NOT_RUN,NOT_APPLICABLE,NOT_APPLICABLE,PLANNED,capability=PROJECTION_ONLY; known_issues=fix-point produced overlapping certificates | loadbear is a sort key rather than a hard load-bearing constraint
B30,OR-Library BAYTP,INDUSTRIAL,SHELF_BAY,stockroom_space,packingsolver_fork_box,PackingSolver fork,box portfolio,C++14 CLI,d953148b8f710c06fa6c410949b7272f9e36327b,VALID,ADAPTER_MISSING,NATIVE,FULL_PROBLEM,NOT_RUN,NOT_APPLICABLE,NOT_APPLICABLE,ADAPTER_MISSING,capability=ADAPTER_MISSING; known_issues=column_generation returned an empty incumbent on THPACK9-47
B30,OR-Library BAYTP,INDUSTRIAL,SHELF_BAY,stockroom_space,packingsolver_fork_boxstacks,PackingSolver fork,boxstacks portfolio,C++14 CLI,d953148b8f710c06fa6c410949b7272f9e36327b,VALID,ADAPTER_MISSING,NATIVE,FULL_PROBLEM,NOT_RUN,NOT_APPLICABLE,NOT_APPLICABLE,ADAPTER_MISSING,capability=ADAPTER_MISSING; known_issues=stack support is not a general contact/load-flow model
B30,OR-Library BAYTP,INDUSTRIAL,SHELF_BAY,stockroom_space,packingsolver_upstream_box,PackingSolver upstream,box portfolio,C++14 CLI,367ebfdaad11424ded3696b7dae799a30c1375d0,VALID,ADAPTER_MISSING,NATIVE,FULL_PROBLEM,NOT_RUN,NOT_APPLICABLE,NOT_APPLICABLE,ADAPTER_MISSING,capability=ADAPTER_MISSING; known_issues=upstream issue #536 breaks variable-sized-bin-packing solution comparison
B30,OR-Library BAYTP,INDUSTRIAL,SHELF_BAY,stockroom_space,packingsolver_upstream_boxstacks,PackingSolver upstream,boxstacks portfolio,C++14 CLI,367ebfdaad11424ded3696b7dae799a30c1375d0,VALID,ADAPTER_MISSING,NATIVE,FULL_PROBLEM,NOT_RUN,NOT_APPLICABLE,NOT_APPLICABLE,ADAPTER_MISSING,capability=ADAPTER_MISSING; known_issues=upstream issue #536 breaks variable-sized-bin-packing solution comparison | upstream issues #537 and #539 affect axle repair and degenerate truck geometry
B30,OR-Library BAYTP,INDUSTRIAL,SHELF_BAY,stockroom_space,py3dbp,py3dbp,pivot greedy,Python,1.1.2,VALID,PROJECTION_ONLY,COMPOSED,GEOMETRY_PROJECTION,NOT_RUN,NOT_APPLICABLE,NOT_APPLICABLE,PLANNED,capability=PROJECTION_ONLY; known_issues=no per-item orientation subset or cost objective | quality is strongly input-order sensitive
B30,OR-Library BAYTP,INDUSTRIAL,SHELF_BAY,stockroom_space,rust_brkga,u-nesting,BRKGA,Rust CLI/PyO3 candidate,8cde85b029e4ade663185dacb93fd74440af170d,VALID,PROJECTION_ONLY,COMPOSED,GEOMETRY_PROJECTION,NOT_RUN,NOT_APPLICABLE,NOT_APPLICABLE,PLANNED,capability=PROJECTION_ONLY; known_issues=shared layer decoder produced out-of-bounds certificates | seed and time limit were not wired to the effective runner
B30,OR-Library BAYTP,INDUSTRIAL,SHELF_BAY,stockroom_space,rust_extreme_point,u-nesting,ExtremePoint,Rust CLI/PyO3 candidate,8cde85b029e4ade663185dacb93fd74440af170d,VALID,PROJECTION_ONLY,COMPOSED,GEOMETRY_PROJECTION,NOT_RUN,NOT_APPLICABLE,NOT_APPLICABLE,PLANNED,capability=PROJECTION_ONLY; known_issues=native API accepts one boundary; multi-bin results require a repeated-single-boundary adapter
B30,OR-Library BAYTP,INDUSTRIAL,SHELF_BAY,stockroom_space,rust_ga,u-nesting,GA,Rust CLI/PyO3 candidate,8cde85b029e4ade663185dacb93fd74440af170d,VALID,PROJECTION_ONLY,COMPOSED,GEOMETRY_PROJECTION,NOT_RUN,NOT_APPLICABLE,NOT_APPLICABLE,PLANNED,capability=PROJECTION_ONLY; known_issues=shared layer decoder produced out-of-bounds certificates | seed and time limit were not wired to the effective runner
B30,OR-Library BAYTP,INDUSTRIAL,SHELF_BAY,stockroom_space,rust_layer,u-nesting,Layer/BottomLeftFill,Rust CLI/PyO3 candidate,8cde85b029e4ade663185dacb93fd74440af170d,VALID,PROJECTION_ONLY,COMPOSED,GEOMETRY_PROJECTION,NOT_RUN,NOT_APPLICABLE,NOT_APPLICABLE,PLANNED,capability=PROJECTION_ONLY; known_issues=shared layer decoder produced out-of-bounds certificates
B30,OR-Library BAYTP,INDUSTRIAL,SHELF_BAY,stockroom_space,rust_sa,u-nesting,SA,Rust CLI/PyO3 candidate,8cde85b029e4ade663185dacb93fd74440af170d,VALID,PROJECTION_ONLY,COMPOSED,GEOMETRY_PROJECTION,NOT_RUN,NOT_APPLICABLE,NOT_APPLICABLE,PLANNED,capability=PROJECTION_ONLY; known_issues=shared layer decoder produced out-of-bounds certificates | seed and time limit were not wired to the effective runner
B30,OR-Library BAYTP,INDUSTRIAL,SHELF_BAY,stockroom_space,skjolber_fast_bruteforce,skjolber/3d-bin-container-packing,FastBruteForce,Java 21 sidecar,c73d52190c029a14e64f1bbdd2ea70452d1eb83d,VALID,ADAPTER_MISSING,NATIVE,FULL_PROBLEM,NOT_RUN,NOT_APPLICABLE,NOT_APPLICABLE,ADAPTER_MISSING,capability=ADAPTER_MISSING; known_issues=intended only for small instances | JVM sidecar integration and cross-process timing require a separate performance track
B30,OR-Library BAYTP,INDUSTRIAL,SHELF_BAY,stockroom_space,skjolber_laff,skjolber/3d-bin-container-packing,LAFF,Java 21 sidecar,c73d52190c029a14e64f1bbdd2ea70452d1eb83d,VALID,ADAPTER_MISSING,NATIVE,FULL_PROBLEM,NOT_RUN,NOT_APPLICABLE,NOT_APPLICABLE,ADAPTER_MISSING,capability=ADAPTER_MISSING; known_issues=JVM sidecar integration and cross-process timing require a separate performance track
B30,OR-Library BAYTP,INDUSTRIAL,SHELF_BAY,stockroom_space,skjolber_plain,skjolber/3d-bin-container-packing,Plain,Java 21 sidecar,c73d52190c029a14e64f1bbdd2ea70452d1eb83d,VALID,ADAPTER_MISSING,NATIVE,FULL_PROBLEM,NOT_RUN,NOT_APPLICABLE,NOT_APPLICABLE,ADAPTER_MISSING,capability=ADAPTER_MISSING; known_issues=JVM sidecar integration and cross-process timing require a separate performance track
B31,Mixed-SKU pallet building,INDUSTRIAL,PALLET_BUILDING,pallets_used,exact_cp_sat,OR-Tools,strengthened CP-SAT model,C++ core/Python binding,9.15.6755,VALID,ADAPTER_MISSING,EXACT_MODEL,FULL_PROBLEM,NOT_RUN,NOT_APPLICABLE,NOT_APPLICABLE,ADAPTER_MISSING,capability=ADAPTER_MISSING; known_issues=not a prebuilt 3D packer; every problem family needs an explicit integer model
B31,Mixed-SKU pallet building,INDUSTRIAL,PALLET_BUILDING,pallets_used,exact_cplex,CPLEX,strengthened MIP model,native commercial/Python binding,22.1.2.0,VALID,ADAPTER_MISSING,EXACT_MODEL,FULL_PROBLEM,NOT_RUN,NOT_APPLICABLE,NOT_APPLICABLE,ADAPTER_MISSING,capability=ADAPTER_MISSING; known_issues=promotional license has a 1000-constraint limit | not a prebuilt 3D packer
B31,Mixed-SKU pallet building,INDUSTRIAL,PALLET_BUILDING,pallets_used,exact_gurobi,Gurobi,strengthened MIP model,native commercial/Python binding,13.0.3,VALID,ADAPTER_MISSING,EXACT_MODEL,FULL_PROBLEM,NOT_RUN,NOT_APPLICABLE,NOT_APPLICABLE,ADAPTER_MISSING,capability=ADAPTER_MISSING; known_issues=commercial production and redistribution licensing required | not a prebuilt 3D packer
B31,Mixed-SKU pallet building,INDUSTRIAL,PALLET_BUILDING,pallets_used,exact_scip,SCIP/PySCIPOpt,strengthened MIP model,C/C++ core/Python binding,6.2.1,VALID,ADAPTER_MISSING,EXACT_MODEL,FULL_PROBLEM,NOT_RUN,NOT_APPLICABLE,NOT_APPLICABLE,ADAPTER_MISSING,capability=ADAPTER_MISSING; known_issues=not a prebuilt 3D packer; every problem family needs an explicit model
B31,Mixed-SKU pallet building,INDUSTRIAL,PALLET_BUILDING,pallets_used,go_bp3d,gedex/bp3d,pivot greedy,Go sidecar,0ba3dcda7ab334c19b0979b1cf1fa05e09f33bc7,VALID,PROJECTION_ONLY,COMPOSED,GEOMETRY_PROJECTION,NOT_RUN,NOT_APPLICABLE,NOT_APPLICABLE,PLANNED,capability=PROJECTION_ONLY; known_issues=PutItem does not enforce cumulative MaxWeight | no per-item orientation subset
B31,Mixed-SKU pallet building,INDUSTRIAL,PALLET_BUILDING,pallets_used,jerry,jerry800416/3D-bin-packing,pivot/fix-point greedy,Python,75764a2b8a5c8e0a6713a4f672c0a8ff81b1107a,VALID,PROJECTION_ONLY,COMPOSED,GEOMETRY_PROJECTION,NOT_RUN,NOT_APPLICABLE,NOT_APPLICABLE,PLANNED,capability=PROJECTION_ONLY; known_issues=fix-point produced overlapping certificates | loadbear is a sort key rather than a hard load-bearing constraint
B31,Mixed-SKU pallet building,INDUSTRIAL,PALLET_BUILDING,pallets_used,packingsolver_fork_box,PackingSolver fork,box portfolio,C++14 CLI,d953148b8f710c06fa6c410949b7272f9e36327b,VALID,PROJECTION_ONLY,COMPOSED,GEOMETRY_PROJECTION,NOT_RUN,NOT_APPLICABLE,NOT_APPLICABLE,PLANNED,capability=PROJECTION_ONLY; known_issues=column_generation returned an empty incumbent on THPACK9-47
B31,Mixed-SKU pallet building,INDUSTRIAL,PALLET_BUILDING,pallets_used,packingsolver_fork_boxstacks,PackingSolver fork,boxstacks portfolio,C++14 CLI,d953148b8f710c06fa6c410949b7272f9e36327b,VALID,PROJECTION_ONLY,COMPOSED,GEOMETRY_PROJECTION,NOT_RUN,NOT_APPLICABLE,NOT_APPLICABLE,PLANNED,capability=PROJECTION_ONLY; known_issues=stack support is not a general contact/load-flow model
B31,Mixed-SKU pallet building,INDUSTRIAL,PALLET_BUILDING,pallets_used,packingsolver_upstream_box,PackingSolver upstream,box portfolio,C++14 CLI,367ebfdaad11424ded3696b7dae799a30c1375d0,VALID,PROJECTION_ONLY,COMPOSED,GEOMETRY_PROJECTION,NOT_RUN,NOT_APPLICABLE,NOT_APPLICABLE,PLANNED,capability=PROJECTION_ONLY; known_issues=upstream issue #536 breaks variable-sized-bin-packing solution comparison
B31,Mixed-SKU pallet building,INDUSTRIAL,PALLET_BUILDING,pallets_used,packingsolver_upstream_boxstacks,PackingSolver upstream,boxstacks portfolio,C++14 CLI,367ebfdaad11424ded3696b7dae799a30c1375d0,VALID,PROJECTION_ONLY,COMPOSED,GEOMETRY_PROJECTION,NOT_RUN,NOT_APPLICABLE,NOT_APPLICABLE,PLANNED,capability=PROJECTION_ONLY; known_issues=upstream issue #536 breaks variable-sized-bin-packing solution comparison | upstream issues #537 and #539 affect axle repair and degenerate truck geometry
B31,Mixed-SKU pallet building,INDUSTRIAL,PALLET_BUILDING,pallets_used,py3dbp,py3dbp,pivot greedy,Python,1.1.2,VALID,PROJECTION_ONLY,COMPOSED,GEOMETRY_PROJECTION,NOT_RUN,NOT_APPLICABLE,NOT_APPLICABLE,PLANNED,capability=PROJECTION_ONLY; known_issues=no per-item orientation subset or cost objective | quality is strongly input-order sensitive
B31,Mixed-SKU pallet building,INDUSTRIAL,PALLET_BUILDING,pallets_used,rust_brkga,u-nesting,BRKGA,Rust CLI/PyO3 candidate,8cde85b029e4ade663185dacb93fd74440af170d,VALID,PROJECTION_ONLY,COMPOSED,GEOMETRY_PROJECTION,NOT_RUN,NOT_APPLICABLE,NOT_APPLICABLE,PLANNED,capability=PROJECTION_ONLY; known_issues=shared layer decoder produced out-of-bounds certificates | seed and time limit were not wired to the effective runner
B31,Mixed-SKU pallet building,INDUSTRIAL,PALLET_BUILDING,pallets_used,rust_extreme_point,u-nesting,ExtremePoint,Rust CLI/PyO3 candidate,8cde85b029e4ade663185dacb93fd74440af170d,VALID,PROJECTION_ONLY,COMPOSED,GEOMETRY_PROJECTION,NOT_RUN,NOT_APPLICABLE,NOT_APPLICABLE,PLANNED,capability=PROJECTION_ONLY; known_issues=native API accepts one boundary; multi-bin results require a repeated-single-boundary adapter
B31,Mixed-SKU pallet building,INDUSTRIAL,PALLET_BUILDING,pallets_used,rust_ga,u-nesting,GA,Rust CLI/PyO3 candidate,8cde85b029e4ade663185dacb93fd74440af170d,VALID,PROJECTION_ONLY,COMPOSED,GEOMETRY_PROJECTION,NOT_RUN,NOT_APPLICABLE,NOT_APPLICABLE,PLANNED,capability=PROJECTION_ONLY; known_issues=shared layer decoder produced out-of-bounds certificates | seed and time limit were not wired to the effective runner
B31,Mixed-SKU pallet building,INDUSTRIAL,PALLET_BUILDING,pallets_used,rust_layer,u-nesting,Layer/BottomLeftFill,Rust CLI/PyO3 candidate,8cde85b029e4ade663185dacb93fd74440af170d,VALID,PROJECTION_ONLY,COMPOSED,GEOMETRY_PROJECTION,NOT_RUN,NOT_APPLICABLE,NOT_APPLICABLE,PLANNED,capability=PROJECTION_ONLY; known_issues=shared layer decoder produced out-of-bounds certificates
B31,Mixed-SKU pallet building,INDUSTRIAL,PALLET_BUILDING,pallets_used,rust_sa,u-nesting,SA,Rust CLI/PyO3 candidate,8cde85b029e4ade663185dacb93fd74440af170d,VALID,PROJECTION_ONLY,COMPOSED,GEOMETRY_PROJECTION,NOT_RUN,NOT_APPLICABLE,NOT_APPLICABLE,PLANNED,capability=PROJECTION_ONLY; known_issues=shared layer decoder produced out-of-bounds certificates | seed and time limit were not wired to the effective runner
B31,Mixed-SKU pallet building,INDUSTRIAL,PALLET_BUILDING,pallets_used,skjolber_fast_bruteforce,skjolber/3d-bin-container-packing,FastBruteForce,Java 21 sidecar,c73d52190c029a14e64f1bbdd2ea70452d1eb83d,VALID,PROJECTION_ONLY,COMPOSED,GEOMETRY_PROJECTION,NOT_RUN,NOT_APPLICABLE,NOT_APPLICABLE,PLANNED,capability=PROJECTION_ONLY; known_issues=intended only for small instances | JVM sidecar integration and cross-process timing require a separate performance track
B31,Mixed-SKU pallet building,INDUSTRIAL,PALLET_BUILDING,pallets_used,skjolber_laff,skjolber/3d-bin-container-packing,LAFF,Java 21 sidecar,c73d52190c029a14e64f1bbdd2ea70452d1eb83d,VALID,PROJECTION_ONLY,COMPOSED,GEOMETRY_PROJECTION,NOT_RUN,NOT_APPLICABLE,NOT_APPLICABLE,PLANNED,capability=PROJECTION_ONLY; known_issues=JVM sidecar integration and cross-process timing require a separate performance track
B31,Mixed-SKU pallet building,INDUSTRIAL,PALLET_BUILDING,pallets_used,skjolber_plain,skjolber/3d-bin-container-packing,Plain,Java 21 sidecar,c73d52190c029a14e64f1bbdd2ea70452d1eb83d,VALID,PROJECTION_ONLY,COMPOSED,GEOMETRY_PROJECTION,NOT_RUN,NOT_APPLICABLE,NOT_APPLICABLE,PLANNED,capability=PROJECTION_ONLY; known_issues=JVM sidecar integration and cross-process timing require a separate performance track
B32,Online/incremental 3D packing,INDUSTRIAL,ONLINE_PACKING,cumulative_cost,exact_cp_sat,OR-Tools,strengthened CP-SAT model,C++ core/Python binding,9.15.6755,VALID,ADAPTER_MISSING,EXACT_MODEL,FULL_PROBLEM,NOT_RUN,NOT_APPLICABLE,NOT_APPLICABLE,ADAPTER_MISSING,capability=ADAPTER_MISSING; known_issues=not a prebuilt 3D packer; every problem family needs an explicit integer model
B32,Online/incremental 3D packing,INDUSTRIAL,ONLINE_PACKING,cumulative_cost,exact_cplex,CPLEX,strengthened MIP model,native commercial/Python binding,22.1.2.0,VALID,ADAPTER_MISSING,EXACT_MODEL,FULL_PROBLEM,NOT_RUN,NOT_APPLICABLE,NOT_APPLICABLE,ADAPTER_MISSING,capability=ADAPTER_MISSING; known_issues=promotional license has a 1000-constraint limit | not a prebuilt 3D packer
B32,Online/incremental 3D packing,INDUSTRIAL,ONLINE_PACKING,cumulative_cost,exact_gurobi,Gurobi,strengthened MIP model,native commercial/Python binding,13.0.3,VALID,ADAPTER_MISSING,EXACT_MODEL,FULL_PROBLEM,NOT_RUN,NOT_APPLICABLE,NOT_APPLICABLE,ADAPTER_MISSING,capability=ADAPTER_MISSING; known_issues=commercial production and redistribution licensing required | not a prebuilt 3D packer
B32,Online/incremental 3D packing,INDUSTRIAL,ONLINE_PACKING,cumulative_cost,exact_scip,SCIP/PySCIPOpt,strengthened MIP model,C/C++ core/Python binding,6.2.1,VALID,ADAPTER_MISSING,EXACT_MODEL,FULL_PROBLEM,NOT_RUN,NOT_APPLICABLE,NOT_APPLICABLE,ADAPTER_MISSING,capability=ADAPTER_MISSING; known_issues=not a prebuilt 3D packer; every problem family needs an explicit model
B32,Online/incremental 3D packing,INDUSTRIAL,ONLINE_PACKING,cumulative_cost,go_bp3d,gedex/bp3d,pivot greedy,Go sidecar,0ba3dcda7ab334c19b0979b1cf1fa05e09f33bc7,VALID,PROJECTION_ONLY,COMPOSED,GEOMETRY_PROJECTION,NOT_RUN,NOT_APPLICABLE,NOT_APPLICABLE,PLANNED,capability=PROJECTION_ONLY; known_issues=PutItem does not enforce cumulative MaxWeight | no per-item orientation subset
B32,Online/incremental 3D packing,INDUSTRIAL,ONLINE_PACKING,cumulative_cost,jerry,jerry800416/3D-bin-packing,pivot/fix-point greedy,Python,75764a2b8a5c8e0a6713a4f672c0a8ff81b1107a,VALID,PROJECTION_ONLY,COMPOSED,GEOMETRY_PROJECTION,NOT_RUN,NOT_APPLICABLE,NOT_APPLICABLE,PLANNED,capability=PROJECTION_ONLY; known_issues=fix-point produced overlapping certificates | loadbear is a sort key rather than a hard load-bearing constraint
B32,Online/incremental 3D packing,INDUSTRIAL,ONLINE_PACKING,cumulative_cost,packingsolver_fork_box,PackingSolver fork,box portfolio,C++14 CLI,d953148b8f710c06fa6c410949b7272f9e36327b,VALID,ADAPTER_MISSING,NATIVE,FULL_PROBLEM,NOT_RUN,NOT_APPLICABLE,NOT_APPLICABLE,ADAPTER_MISSING,capability=ADAPTER_MISSING; known_issues=column_generation returned an empty incumbent on THPACK9-47
B32,Online/incremental 3D packing,INDUSTRIAL,ONLINE_PACKING,cumulative_cost,packingsolver_fork_boxstacks,PackingSolver fork,boxstacks portfolio,C++14 CLI,d953148b8f710c06fa6c410949b7272f9e36327b,VALID,ADAPTER_MISSING,NATIVE,FULL_PROBLEM,NOT_RUN,NOT_APPLICABLE,NOT_APPLICABLE,ADAPTER_MISSING,capability=ADAPTER_MISSING; known_issues=stack support is not a general contact/load-flow model
B32,Online/incremental 3D packing,INDUSTRIAL,ONLINE_PACKING,cumulative_cost,packingsolver_upstream_box,PackingSolver upstream,box portfolio,C++14 CLI,367ebfdaad11424ded3696b7dae799a30c1375d0,VALID,ADAPTER_MISSING,NATIVE,FULL_PROBLEM,NOT_RUN,NOT_APPLICABLE,NOT_APPLICABLE,ADAPTER_MISSING,capability=ADAPTER_MISSING; known_issues=upstream issue #536 breaks variable-sized-bin-packing solution comparison
B32,Online/incremental 3D packing,INDUSTRIAL,ONLINE_PACKING,cumulative_cost,packingsolver_upstream_boxstacks,PackingSolver upstream,boxstacks portfolio,C++14 CLI,367ebfdaad11424ded3696b7dae799a30c1375d0,VALID,ADAPTER_MISSING,NATIVE,FULL_PROBLEM,NOT_RUN,NOT_APPLICABLE,NOT_APPLICABLE,ADAPTER_MISSING,capability=ADAPTER_MISSING; known_issues=upstream issue #536 breaks variable-sized-bin-packing solution comparison | upstream issues #537 and #539 affect axle repair and degenerate truck geometry
B32,Online/incremental 3D packing,INDUSTRIAL,ONLINE_PACKING,cumulative_cost,py3dbp,py3dbp,pivot greedy,Python,1.1.2,VALID,PROJECTION_ONLY,COMPOSED,GEOMETRY_PROJECTION,NOT_RUN,NOT_APPLICABLE,NOT_APPLICABLE,PLANNED,capability=PROJECTION_ONLY; known_issues=no per-item orientation subset or cost objective | quality is strongly input-order sensitive
B32,Online/incremental 3D packing,INDUSTRIAL,ONLINE_PACKING,cumulative_cost,rust_brkga,u-nesting,BRKGA,Rust CLI/PyO3 candidate,8cde85b029e4ade663185dacb93fd74440af170d,VALID,PROJECTION_ONLY,COMPOSED,GEOMETRY_PROJECTION,NOT_RUN,NOT_APPLICABLE,NOT_APPLICABLE,PLANNED,capability=PROJECTION_ONLY; known_issues=shared layer decoder produced out-of-bounds certificates | seed and time limit were not wired to the effective runner
B32,Online/incremental 3D packing,INDUSTRIAL,ONLINE_PACKING,cumulative_cost,rust_extreme_point,u-nesting,ExtremePoint,Rust CLI/PyO3 candidate,8cde85b029e4ade663185dacb93fd74440af170d,VALID,PROJECTION_ONLY,COMPOSED,GEOMETRY_PROJECTION,NOT_RUN,NOT_APPLICABLE,NOT_APPLICABLE,PLANNED,capability=PROJECTION_ONLY; known_issues=native API accepts one boundary; multi-bin results require a repeated-single-boundary adapter
B32,Online/incremental 3D packing,INDUSTRIAL,ONLINE_PACKING,cumulative_cost,rust_ga,u-nesting,GA,Rust CLI/PyO3 candidate,8cde85b029e4ade663185dacb93fd74440af170d,VALID,PROJECTION_ONLY,COMPOSED,GEOMETRY_PROJECTION,NOT_RUN,NOT_APPLICABLE,NOT_APPLICABLE,PLANNED,capability=PROJECTION_ONLY; known_issues=shared layer decoder produced out-of-bounds certificates | seed and time limit were not wired to the effective runner
B32,Online/incremental 3D packing,INDUSTRIAL,ONLINE_PACKING,cumulative_cost,rust_layer,u-nesting,Layer/BottomLeftFill,Rust CLI/PyO3 candidate,8cde85b029e4ade663185dacb93fd74440af170d,VALID,PROJECTION_ONLY,COMPOSED,GEOMETRY_PROJECTION,NOT_RUN,NOT_APPLICABLE,NOT_APPLICABLE,PLANNED,capability=PROJECTION_ONLY; known_issues=shared layer decoder produced out-of-bounds certificates
B32,Online/incremental 3D packing,INDUSTRIAL,ONLINE_PACKING,cumulative_cost,rust_sa,u-nesting,SA,Rust CLI/PyO3 candidate,8cde85b029e4ade663185dacb93fd74440af170d,VALID,PROJECTION_ONLY,COMPOSED,GEOMETRY_PROJECTION,NOT_RUN,NOT_APPLICABLE,NOT_APPLICABLE,PLANNED,capability=PROJECTION_ONLY; known_issues=shared layer decoder produced out-of-bounds certificates | seed and time limit were not wired to the effective runner
B32,Online/incremental 3D packing,INDUSTRIAL,ONLINE_PACKING,cumulative_cost,skjolber_fast_bruteforce,skjolber/3d-bin-container-packing,FastBruteForce,Java 21 sidecar,c73d52190c029a14e64f1bbdd2ea70452d1eb83d,VALID,ADAPTER_MISSING,NATIVE,FULL_PROBLEM,NOT_RUN,NOT_APPLICABLE,NOT_APPLICABLE,ADAPTER_MISSING,capability=ADAPTER_MISSING; known_issues=intended only for small instances | JVM sidecar integration and cross-process timing require a separate performance track
B32,Online/incremental 3D packing,INDUSTRIAL,ONLINE_PACKING,cumulative_cost,skjolber_laff,skjolber/3d-bin-container-packing,LAFF,Java 21 sidecar,c73d52190c029a14e64f1bbdd2ea70452d1eb83d,VALID,ADAPTER_MISSING,NATIVE,FULL_PROBLEM,NOT_RUN,NOT_APPLICABLE,NOT_APPLICABLE,ADAPTER_MISSING,capability=ADAPTER_MISSING; known_issues=JVM sidecar integration and cross-process timing require a separate performance track
B32,Online/incremental 3D packing,INDUSTRIAL,ONLINE_PACKING,cumulative_cost,skjolber_plain,skjolber/3d-bin-container-packing,Plain,Java 21 sidecar,c73d52190c029a14e64f1bbdd2ea70452d1eb83d,VALID,ADAPTER_MISSING,NATIVE,FULL_PROBLEM,NOT_RUN,NOT_APPLICABLE,NOT_APPLICABLE,ADAPTER_MISSING,capability=ADAPTER_MISSING; known_issues=JVM sidecar integration and cross-process timing require a separate performance track
