INSTANCE,ALGORITHM,BIN_INDEX,ITEM_ID,X,Y,Z,DX,DY,DZ
THPACK9-001,laff,0,0,0,0,0,8,6,2
THPACK9-001,laff,0,0,0,0,2,8,6,2
THPACK9-001,laff,0,0,0,0,4,8,6,2
THPACK9-001,laff,0,0,0,0,6,8,6,2
THPACK9-001,laff,0,0,0,0,8,8,6,2
THPACK9-001,laff,0,0,0,0,10,8,6,2
THPACK9-001,laff,0,0,0,0,12,8,6,2
THPACK9-001,laff,0,0,0,0,14,8,6,2
THPACK9-001,laff,1,0,0,0,0,8,6,2
THPACK9-001,laff,1,0,0,0,2,8,6,2
THPACK9-001,laff,1,0,0,0,4,8,6,2
THPACK9-001,laff,1,0,0,0,6,8,6,2
THPACK9-001,laff,1,0,0,0,8,8,6,2
THPACK9-001,laff,1,0,0,0,10,8,6,2
THPACK9-001,laff,1,0,0,0,12,8,6,2
THPACK9-001,laff,1,0,0,0,14,8,6,2
THPACK9-001,laff,2,0,0,0,0,8,6,2
THPACK9-001,laff,2,0,0,0,2,8,6,2
THPACK9-001,laff,2,0,0,0,4,8,6,2
THPACK9-001,laff,2,0,0,0,6,8,6,2
THPACK9-001,laff,2,1,0,0,8,10,4,8
THPACK9-001,laff,3,1,0,0,0,10,4,8
THPACK9-001,laff,3,1,0,0,8,10,4,8
THPACK9-001,laff,4,1,0,0,0,10,4,8
THPACK9-001,laff,4,1,0,0,8,10,4,8
THPACK9-001,laff,5,1,0,0,0,10,4,8
THPACK9-001,laff,5,1,0,0,8,10,4,8
THPACK9-001,laff,6,1,0,0,0,10,4,8
THPACK9-001,laff,6,1,0,0,8,10,4,8
THPACK9-001,laff,7,1,0,0,0,10,4,8
THPACK9-001,laff,7,1,0,0,8,10,4,8
THPACK9-001,laff,8,1,0,0,0,10,4,8
THPACK9-001,laff,8,1,0,0,8,10,4,8
THPACK9-001,laff,9,1,0,0,0,10,4,8
THPACK9-001,laff,9,1,0,0,8,10,4,8
THPACK9-001,laff,10,1,0,0,0,10,4,8
THPACK9-001,laff,10,1,0,0,8,10,4,8
THPACK9-001,laff,11,1,0,0,0,10,4,8
THPACK9-001,laff,11,1,0,0,8,10,4,8
THPACK9-001,laff,12,1,0,0,0,10,4,8
THPACK9-001,laff,12,1,0,0,8,10,4,8
THPACK9-001,laff,13,1,0,0,0,10,4,8
THPACK9-001,laff,13,1,0,0,8,10,4,8
THPACK9-001,laff,14,1,0,0,0,10,4,8
THPACK9-001,laff,14,1,0,0,8,10,4,8
THPACK9-001,laff,15,1,0,0,0,10,4,8
THPACK9-001,laff,15,1,0,0,8,10,4,8
THPACK9-001,laff,16,1,0,0,0,10,4,8
THPACK9-001,laff,16,1,0,0,8,10,4,8
THPACK9-001,laff,17,1,0,0,0,10,4,8
THPACK9-001,laff,17,1,0,0,8,10,4,8
THPACK9-001,laff,18,1,0,0,0,10,4,8
THPACK9-001,laff,18,1,0,0,8,10,4,8
THPACK9-001,laff,19,1,0,0,0,10,4,8
THPACK9-001,laff,19,1,0,0,8,10,4,8
THPACK9-001,laff,20,1,0,0,0,10,4,8
THPACK9-001,laff,20,1,0,0,8,10,4,8
THPACK9-001,laff,21,1,0,0,0,10,4,8
THPACK9-001,laff,21,1,0,0,8,10,4,8
THPACK9-001,laff,22,1,0,0,0,10,4,8
THPACK9-001,laff,22,1,0,0,8,10,4,8
THPACK9-001,laff,23,1,0,0,0,10,4,8
THPACK9-001,laff,23,1,0,0,8,10,4,8
THPACK9-001,laff,24,1,0,0,0,10,4,8
THPACK9-001,laff,24,1,0,0,8,10,4,8
THPACK9-001,laff,25,1,0,0,0,10,4,8
THPACK9-001,laff,25,1,0,0,8,10,4,8
THPACK9-001,laff,26,1,0,0,0,10,4,8
THPACK9-001,laff,26,1,0,0,8,10,4,8
THPACK9-001,laff,27,1,0,0,0,10,4,8
THPACK9-001,plain,0,0,0,0,0,8,6,2
THPACK9-001,plain,0,0,0,0,2,8,6,2
THPACK9-001,plain,0,0,0,0,4,8,6,2
THPACK9-001,plain,0,0,0,0,6,8,6,2
THPACK9-001,plain,0,0,0,0,8,8,6,2
THPACK9-001,plain,0,0,0,0,10,8,6,2
THPACK9-001,plain,0,0,0,0,12,8,6,2
THPACK9-001,plain,0,0,0,0,14,8,6,2
THPACK9-001,plain,0,0,8,0,0,2,6,8
THPACK9-001,plain,0,0,8,0,8,2,6,8
THPACK9-001,plain,1,0,0,0,0,8,6,2
THPACK9-001,plain,1,0,0,0,2,8,6,2
THPACK9-001,plain,1,0,0,0,4,8,6,2
THPACK9-001,plain,1,0,0,0,6,8,6,2
THPACK9-001,plain,1,0,0,0,8,8,6,2
THPACK9-001,plain,1,0,0,0,10,8,6,2
THPACK9-001,plain,1,0,0,0,12,8,6,2
THPACK9-001,plain,1,0,0,0,14,8,6,2
THPACK9-001,plain,1,0,8,0,0,2,6,8
THPACK9-001,plain,1,0,8,0,8,2,6,8
THPACK9-001,plain,2,1,0,0,0,10,4,8
THPACK9-001,plain,2,1,0,0,8,10,4,8
THPACK9-001,plain,3,1,0,0,0,10,4,8
THPACK9-001,plain,3,1,0,0,8,10,4,8
THPACK9-001,plain,4,1,0,0,0,10,4,8
THPACK9-001,plain,4,1,0,0,8,10,4,8
THPACK9-001,plain,5,1,0,0,0,10,4,8
THPACK9-001,plain,5,1,0,0,8,10,4,8
THPACK9-001,plain,6,1,0,0,0,10,4,8
THPACK9-001,plain,6,1,0,0,8,10,4,8
THPACK9-001,plain,7,1,0,0,0,10,4,8
THPACK9-001,plain,7,1,0,0,8,10,4,8
THPACK9-001,plain,8,1,0,0,0,10,4,8
THPACK9-001,plain,8,1,0,0,8,10,4,8
THPACK9-001,plain,9,1,0,0,0,10,4,8
THPACK9-001,plain,9,1,0,0,8,10,4,8
THPACK9-001,plain,10,1,0,0,0,10,4,8
THPACK9-001,plain,10,1,0,0,8,10,4,8
THPACK9-001,plain,11,1,0,0,0,10,4,8
THPACK9-001,plain,11,1,0,0,8,10,4,8
THPACK9-001,plain,12,1,0,0,0,10,4,8
THPACK9-001,plain,12,1,0,0,8,10,4,8
THPACK9-001,plain,13,1,0,0,0,10,4,8
THPACK9-001,plain,13,1,0,0,8,10,4,8
THPACK9-001,plain,14,1,0,0,0,10,4,8
THPACK9-001,plain,14,1,0,0,8,10,4,8
THPACK9-001,plain,15,1,0,0,0,10,4,8
THPACK9-001,plain,15,1,0,0,8,10,4,8
THPACK9-001,plain,16,1,0,0,0,10,4,8
THPACK9-001,plain,16,1,0,0,8,10,4,8
THPACK9-001,plain,17,1,0,0,0,10,4,8
THPACK9-001,plain,17,1,0,0,8,10,4,8
THPACK9-001,plain,18,1,0,0,0,10,4,8
THPACK9-001,plain,18,1,0,0,8,10,4,8
THPACK9-001,plain,19,1,0,0,0,10,4,8
THPACK9-001,plain,19,1,0,0,8,10,4,8
THPACK9-001,plain,20,1,0,0,0,10,4,8
THPACK9-001,plain,20,1,0,0,8,10,4,8
THPACK9-001,plain,21,1,0,0,0,10,4,8
THPACK9-001,plain,21,1,0,0,8,10,4,8
THPACK9-001,plain,22,1,0,0,0,10,4,8
THPACK9-001,plain,22,1,0,0,8,10,4,8
THPACK9-001,plain,23,1,0,0,0,10,4,8
THPACK9-001,plain,23,1,0,0,8,10,4,8
THPACK9-001,plain,24,1,0,0,0,10,4,8
THPACK9-001,plain,24,1,0,0,8,10,4,8
THPACK9-001,plain,25,1,0,0,0,10,4,8
THPACK9-001,plain,25,1,0,0,8,10,4,8
THPACK9-001,plain,26,1,0,0,0,10,4,8
THPACK9-001,plain,26,1,0,0,8,10,4,8
THPACK9-001,fast_brute_force,0,0,0,0,0,2,6,8
THPACK9-001,fast_brute_force,0,0,2,0,0,2,6,8
THPACK9-001,fast_brute_force,0,0,4,0,0,2,6,8
THPACK9-001,fast_brute_force,0,0,6,0,0,2,6,8
THPACK9-001,fast_brute_force,0,0,8,0,0,2,6,8
THPACK9-001,fast_brute_force,0,0,0,0,8,2,6,8
THPACK9-001,fast_brute_force,0,0,2,0,8,2,6,8
THPACK9-001,fast_brute_force,0,0,4,0,8,2,6,8
THPACK9-001,fast_brute_force,0,0,6,0,8,2,6,8
THPACK9-001,fast_brute_force,0,0,8,0,8,2,6,8
THPACK9-001,fast_brute_force,1,0,0,0,0,2,6,8
THPACK9-001,fast_brute_force,1,0,2,0,0,2,6,8
THPACK9-001,fast_brute_force,1,0,4,0,0,2,6,8
THPACK9-001,fast_brute_force,1,0,6,0,0,2,6,8
THPACK9-001,fast_brute_force,1,0,8,0,0,2,6,8
THPACK9-001,fast_brute_force,1,0,0,0,8,2,6,8
THPACK9-001,fast_brute_force,1,0,2,0,8,2,6,8
THPACK9-001,fast_brute_force,1,0,4,0,8,2,6,8
THPACK9-001,fast_brute_force,1,0,6,0,8,2,6,8
THPACK9-001,fast_brute_force,1,0,8,0,8,2,6,8
THPACK9-001,fast_brute_force,2,1,0,0,0,10,4,8
THPACK9-001,fast_brute_force,2,1,0,0,8,10,4,8
THPACK9-001,fast_brute_force,3,1,0,0,0,10,4,8
THPACK9-001,fast_brute_force,3,1,0,0,8,10,4,8
THPACK9-001,fast_brute_force,4,1,0,0,0,10,4,8
THPACK9-001,fast_brute_force,4,1,0,0,8,10,4,8
THPACK9-001,fast_brute_force,5,1,0,0,0,10,4,8
THPACK9-001,fast_brute_force,5,1,0,0,8,10,4,8
THPACK9-001,fast_brute_force,6,1,0,0,0,10,4,8
THPACK9-001,fast_brute_force,6,1,0,0,8,10,4,8
THPACK9-001,fast_brute_force,7,1,0,0,0,10,4,8
THPACK9-001,fast_brute_force,7,1,0,0,8,10,4,8
THPACK9-001,fast_brute_force,8,1,0,0,0,10,4,8
THPACK9-001,fast_brute_force,8,1,0,0,8,10,4,8
THPACK9-001,fast_brute_force,9,1,0,0,0,10,4,8
THPACK9-001,fast_brute_force,9,1,0,0,8,10,4,8
THPACK9-001,fast_brute_force,10,1,0,0,0,10,4,8
THPACK9-001,fast_brute_force,10,1,0,0,8,10,4,8
THPACK9-001,fast_brute_force,11,1,0,0,0,10,4,8
THPACK9-001,fast_brute_force,11,1,0,0,8,10,4,8
THPACK9-001,fast_brute_force,12,1,0,0,0,10,4,8
THPACK9-001,fast_brute_force,12,1,0,0,8,10,4,8
THPACK9-001,fast_brute_force,13,1,0,0,0,10,4,8
THPACK9-001,fast_brute_force,13,1,0,0,8,10,4,8
THPACK9-001,fast_brute_force,14,1,0,0,0,10,4,8
THPACK9-001,fast_brute_force,14,1,0,0,8,10,4,8
THPACK9-001,fast_brute_force,15,1,0,0,0,10,4,8
THPACK9-001,fast_brute_force,15,1,0,0,8,10,4,8
THPACK9-001,fast_brute_force,16,1,0,0,0,10,4,8
THPACK9-001,fast_brute_force,16,1,0,0,8,10,4,8
THPACK9-001,fast_brute_force,17,1,0,0,0,10,4,8
THPACK9-001,fast_brute_force,17,1,0,0,8,10,4,8
THPACK9-001,fast_brute_force,18,1,0,0,0,10,4,8
THPACK9-001,fast_brute_force,18,1,0,0,8,10,4,8
THPACK9-001,fast_brute_force,19,1,0,0,0,10,4,8
THPACK9-001,fast_brute_force,19,1,0,0,8,10,4,8
THPACK9-001,fast_brute_force,20,1,0,0,0,10,4,8
THPACK9-001,fast_brute_force,20,1,0,0,8,10,4,8
THPACK9-001,fast_brute_force,21,1,0,0,0,10,4,8
THPACK9-001,fast_brute_force,21,1,0,0,8,10,4,8
THPACK9-001,fast_brute_force,22,1,0,0,0,10,4,8
THPACK9-001,fast_brute_force,22,1,0,0,8,10,4,8
THPACK9-001,fast_brute_force,23,1,0,0,0,10,4,8
THPACK9-001,fast_brute_force,23,1,0,0,8,10,4,8
THPACK9-001,fast_brute_force,24,1,0,0,0,10,4,8
THPACK9-001,fast_brute_force,24,1,0,0,8,10,4,8
THPACK9-001,fast_brute_force,25,1,0,0,0,10,4,8
THPACK9-001,fast_brute_force,25,1,0,0,8,10,4,8
THPACK9-001,fast_brute_force,26,1,0,0,0,10,4,8
THPACK9-001,fast_brute_force,26,1,0,0,8,10,4,8
THPACK9-010,laff,0,1,0,0,0,40,32,20
THPACK9-010,laff,0,1,0,0,20,40,32,20
THPACK9-010,laff,1,1,0,0,0,40,32,20
THPACK9-010,laff,1,1,0,0,20,40,32,20
THPACK9-010,laff,2,1,0,0,0,40,32,20
THPACK9-010,laff,2,1,0,0,20,40,32,20
THPACK9-010,laff,3,1,0,0,0,40,32,20
THPACK9-010,laff,3,1,0,0,20,40,32,20
THPACK9-010,laff,4,1,0,0,0,40,32,20
THPACK9-010,laff,4,1,0,0,20,40,32,20
THPACK9-010,laff,5,1,0,0,0,40,32,20
THPACK9-010,laff,5,1,0,0,20,40,32,20
THPACK9-010,laff,6,1,0,0,0,40,32,20
THPACK9-010,laff,6,1,0,0,20,40,32,20
THPACK9-010,laff,7,1,0,0,0,40,32,20
THPACK9-010,laff,7,1,0,0,20,40,32,20
THPACK9-010,laff,8,1,0,0,0,40,32,20
THPACK9-010,laff,8,1,0,0,20,40,32,20
THPACK9-010,laff,9,1,0,0,0,40,32,20
THPACK9-010,laff,9,1,0,0,20,40,32,20
THPACK9-010,laff,10,1,0,0,0,40,32,20
THPACK9-010,laff,10,1,0,0,20,40,32,20
THPACK9-010,laff,11,1,0,0,0,40,32,20
THPACK9-010,laff,11,1,0,0,20,40,32,20
THPACK9-010,laff,12,1,0,0,0,40,32,20
THPACK9-010,laff,12,1,0,0,20,40,32,20
THPACK9-010,laff,13,1,0,0,0,40,32,20
THPACK9-010,laff,13,1,0,0,20,40,32,20
THPACK9-010,laff,14,1,0,0,0,40,32,20
THPACK9-010,laff,14,1,0,0,20,40,32,20
THPACK9-010,laff,15,1,0,0,0,40,32,20
THPACK9-010,laff,15,1,0,0,20,40,32,20
THPACK9-010,laff,16,1,0,0,0,40,32,20
THPACK9-010,laff,16,1,0,0,20,40,32,20
THPACK9-010,laff,17,1,0,0,0,40,32,20
THPACK9-010,laff,17,1,0,0,20,40,32,20
THPACK9-010,laff,18,1,0,0,0,40,32,20
THPACK9-010,laff,18,1,0,0,20,40,32,20
THPACK9-010,laff,19,1,0,0,0,40,32,20
THPACK9-010,laff,19,1,0,0,20,40,32,20
THPACK9-010,laff,20,1,0,0,0,40,32,20
THPACK9-010,laff,20,1,0,0,20,40,32,20
THPACK9-010,laff,21,1,0,0,0,40,32,20
THPACK9-010,laff,21,1,0,0,20,40,32,20
THPACK9-010,laff,22,1,0,0,0,40,32,20
THPACK9-010,laff,22,1,0,0,20,40,32,20
THPACK9-010,laff,23,1,0,0,0,40,32,20
THPACK9-010,laff,23,1,0,0,20,40,32,20
THPACK9-010,laff,24,1,0,0,0,40,32,20
THPACK9-010,laff,24,1,0,0,20,40,32,20
THPACK9-010,laff,25,1,0,0,0,40,32,20
THPACK9-010,laff,25,1,0,0,20,40,32,20
THPACK9-010,laff,26,1,0,0,0,40,32,20
THPACK9-010,laff,26,1,0,0,20,40,32,20
THPACK9-010,laff,27,1,0,0,0,40,32,20
THPACK9-010,laff,27,1,0,0,20,40,32,20
THPACK9-010,laff,28,1,0,0,0,40,32,20
THPACK9-010,laff,28,1,0,0,20,40,32,20
THPACK9-010,laff,29,1,0,0,0,40,32,20
THPACK9-010,laff,29,1,0,0,20,40,32,20
THPACK9-010,laff,30,0,0,0,0,36,28,24
THPACK9-010,laff,30,0,0,0,24,36,28,24
THPACK9-010,laff,31,0,0,0,0,36,28,24
THPACK9-010,laff,31,0,0,0,24,36,28,24
THPACK9-010,laff,32,0,0,0,0,36,28,24
THPACK9-010,laff,32,0,0,0,24,36,28,24
THPACK9-010,laff,33,0,0,0,0,36,28,24
THPACK9-010,laff,33,0,0,0,24,36,28,24
THPACK9-010,laff,34,0,0,0,0,36,28,24
THPACK9-010,laff,34,0,0,0,24,36,28,24
THPACK9-010,laff,35,0,0,0,0,36,28,24
THPACK9-010,laff,35,0,0,0,24,36,28,24
THPACK9-010,laff,36,0,0,0,0,36,28,24
THPACK9-010,laff,36,0,0,0,24,36,28,24
THPACK9-010,laff,37,0,0,0,0,36,28,24
THPACK9-010,laff,37,0,0,0,24,36,28,24
THPACK9-010,laff,38,0,0,0,0,36,28,24
THPACK9-010,laff,38,0,0,0,24,36,28,24
THPACK9-010,laff,39,0,0,0,0,36,28,24
THPACK9-010,laff,39,0,0,0,24,36,28,24
THPACK9-010,laff,40,0,0,0,0,36,28,24
THPACK9-010,laff,40,0,0,0,24,36,28,24
THPACK9-010,laff,41,0,0,0,0,36,28,24
THPACK9-010,laff,41,0,0,0,24,36,28,24
THPACK9-010,laff,42,0,0,0,0,36,28,24
THPACK9-010,laff,42,0,0,0,24,36,28,24
THPACK9-010,laff,43,0,0,0,0,36,28,24
THPACK9-010,laff,43,0,0,0,24,36,28,24
THPACK9-010,laff,44,0,0,0,0,36,28,24
THPACK9-010,laff,44,0,0,0,24,36,28,24
THPACK9-010,laff,45,0,0,0,0,36,28,24
THPACK9-010,laff,45,0,0,0,24,36,28,24
THPACK9-010,laff,46,0,0,0,0,36,28,24
THPACK9-010,laff,46,0,0,0,24,36,28,24
THPACK9-010,laff,47,0,0,0,0,36,28,24
THPACK9-010,laff,47,0,0,0,24,36,28,24
THPACK9-010,laff,48,0,0,0,0,36,28,24
THPACK9-010,laff,48,0,0,0,24,36,28,24
THPACK9-010,laff,49,0,0,0,0,36,28,24
THPACK9-010,laff,49,0,0,0,24,36,28,24
THPACK9-010,laff,50,0,0,0,0,36,28,24
THPACK9-010,laff,50,0,0,0,24,36,28,24
THPACK9-010,laff,51,0,0,0,0,36,28,24
THPACK9-010,laff,51,0,0,0,24,36,28,24
THPACK9-010,laff,52,0,0,0,0,36,28,24
THPACK9-010,laff,52,0,0,0,24,36,28,24
THPACK9-010,laff,53,0,0,0,0,36,28,24
THPACK9-010,laff,53,0,0,0,24,36,28,24
THPACK9-010,laff,54,0,0,0,0,36,28,24
THPACK9-010,laff,54,0,0,0,24,36,28,24
THPACK9-010,plain,0,1,0,0,0,40,32,20
THPACK9-010,plain,0,1,0,0,20,40,32,20
THPACK9-010,plain,1,1,0,0,0,40,32,20
THPACK9-010,plain,1,1,0,0,20,40,32,20
THPACK9-010,plain,2,1,0,0,0,40,32,20
THPACK9-010,plain,2,1,0,0,20,40,32,20
THPACK9-010,plain,3,1,0,0,0,40,32,20
THPACK9-010,plain,3,1,0,0,20,40,32,20
THPACK9-010,plain,4,1,0,0,0,40,32,20
THPACK9-010,plain,4,1,0,0,20,40,32,20
THPACK9-010,plain,5,1,0,0,0,40,32,20
THPACK9-010,plain,5,1,0,0,20,40,32,20
THPACK9-010,plain,6,1,0,0,0,40,32,20
THPACK9-010,plain,6,1,0,0,20,40,32,20
THPACK9-010,plain,7,1,0,0,0,40,32,20
THPACK9-010,plain,7,1,0,0,20,40,32,20
THPACK9-010,plain,8,1,0,0,0,40,32,20
THPACK9-010,plain,8,1,0,0,20,40,32,20
THPACK9-010,plain,9,1,0,0,0,40,32,20
THPACK9-010,plain,9,1,0,0,20,40,32,20
THPACK9-010,plain,10,1,0,0,0,40,32,20
THPACK9-010,plain,10,1,0,0,20,40,32,20
THPACK9-010,plain,11,1,0,0,0,40,32,20
THPACK9-010,plain,11,1,0,0,20,40,32,20
THPACK9-010,plain,12,1,0,0,0,40,32,20
THPACK9-010,plain,12,1,0,0,20,40,32,20
THPACK9-010,plain,13,1,0,0,0,40,32,20
THPACK9-010,plain,13,1,0,0,20,40,32,20
THPACK9-010,plain,14,1,0,0,0,40,32,20
THPACK9-010,plain,14,1,0,0,20,40,32,20
THPACK9-010,plain,15,1,0,0,0,40,32,20
THPACK9-010,plain,15,1,0,0,20,40,32,20
THPACK9-010,plain,16,1,0,0,0,40,32,20
THPACK9-010,plain,16,1,0,0,20,40,32,20
THPACK9-010,plain,17,1,0,0,0,40,32,20
THPACK9-010,plain,17,1,0,0,20,40,32,20
THPACK9-010,plain,18,1,0,0,0,40,32,20
THPACK9-010,plain,18,1,0,0,20,40,32,20
THPACK9-010,plain,19,1,0,0,0,40,32,20
THPACK9-010,plain,19,1,0,0,20,40,32,20
THPACK9-010,plain,20,1,0,0,0,40,32,20
THPACK9-010,plain,20,1,0,0,20,40,32,20
THPACK9-010,plain,21,1,0,0,0,40,32,20
THPACK9-010,plain,21,1,0,0,20,40,32,20
THPACK9-010,plain,22,1,0,0,0,40,32,20
THPACK9-010,plain,22,1,0,0,20,40,32,20
THPACK9-010,plain,23,1,0,0,0,40,32,20
THPACK9-010,plain,23,1,0,0,20,40,32,20
THPACK9-010,plain,24,1,0,0,0,40,32,20
THPACK9-010,plain,24,1,0,0,20,40,32,20
THPACK9-010,plain,25,1,0,0,0,40,32,20
THPACK9-010,plain,25,1,0,0,20,40,32,20
THPACK9-010,plain,26,1,0,0,0,40,32,20
THPACK9-010,plain,26,1,0,0,20,40,32,20
THPACK9-010,plain,27,1,0,0,0,40,32,20
THPACK9-010,plain,27,1,0,0,20,40,32,20
THPACK9-010,plain,28,1,0,0,0,40,32,20
THPACK9-010,plain,28,1,0,0,20,40,32,20
THPACK9-010,plain,29,1,0,0,0,40,32,20
THPACK9-010,plain,29,1,0,0,20,40,32,20
THPACK9-010,plain,30,0,0,0,0,36,28,24
THPACK9-010,plain,30,0,0,0,24,36,28,24
THPACK9-010,plain,31,0,0,0,0,36,28,24
THPACK9-010,plain,31,0,0,0,24,36,28,24
THPACK9-010,plain,32,0,0,0,0,36,28,24
THPACK9-010,plain,32,0,0,0,24,36,28,24
THPACK9-010,plain,33,0,0,0,0,36,28,24
THPACK9-010,plain,33,0,0,0,24,36,28,24
THPACK9-010,plain,34,0,0,0,0,36,28,24
THPACK9-010,plain,34,0,0,0,24,36,28,24
THPACK9-010,plain,35,0,0,0,0,36,28,24
THPACK9-010,plain,35,0,0,0,24,36,28,24
THPACK9-010,plain,36,0,0,0,0,36,28,24
THPACK9-010,plain,36,0,0,0,24,36,28,24
THPACK9-010,plain,37,0,0,0,0,36,28,24
THPACK9-010,plain,37,0,0,0,24,36,28,24
THPACK9-010,plain,38,0,0,0,0,36,28,24
THPACK9-010,plain,38,0,0,0,24,36,28,24
THPACK9-010,plain,39,0,0,0,0,36,28,24
THPACK9-010,plain,39,0,0,0,24,36,28,24
THPACK9-010,plain,40,0,0,0,0,36,28,24
THPACK9-010,plain,40,0,0,0,24,36,28,24
THPACK9-010,plain,41,0,0,0,0,36,28,24
THPACK9-010,plain,41,0,0,0,24,36,28,24
THPACK9-010,plain,42,0,0,0,0,36,28,24
THPACK9-010,plain,42,0,0,0,24,36,28,24
THPACK9-010,plain,43,0,0,0,0,36,28,24
THPACK9-010,plain,43,0,0,0,24,36,28,24
THPACK9-010,plain,44,0,0,0,0,36,28,24
THPACK9-010,plain,44,0,0,0,24,36,28,24
THPACK9-010,plain,45,0,0,0,0,36,28,24
THPACK9-010,plain,45,0,0,0,24,36,28,24
THPACK9-010,plain,46,0,0,0,0,36,28,24
THPACK9-010,plain,46,0,0,0,24,36,28,24
THPACK9-010,plain,47,0,0,0,0,36,28,24
THPACK9-010,plain,47,0,0,0,24,36,28,24
THPACK9-010,plain,48,0,0,0,0,36,28,24
THPACK9-010,plain,48,0,0,0,24,36,28,24
THPACK9-010,plain,49,0,0,0,0,36,28,24
THPACK9-010,plain,49,0,0,0,24,36,28,24
THPACK9-010,plain,50,0,0,0,0,36,28,24
THPACK9-010,plain,50,0,0,0,24,36,28,24
THPACK9-010,plain,51,0,0,0,0,36,28,24
THPACK9-010,plain,51,0,0,0,24,36,28,24
THPACK9-010,plain,52,0,0,0,0,36,28,24
THPACK9-010,plain,52,0,0,0,24,36,28,24
THPACK9-010,plain,53,0,0,0,0,36,28,24
THPACK9-010,plain,53,0,0,0,24,36,28,24
THPACK9-010,plain,54,0,0,0,0,36,28,24
THPACK9-010,plain,54,0,0,0,24,36,28,24
THPACK9-010,fast_brute_force,0,0,0,0,0,36,28,24
THPACK9-010,fast_brute_force,0,0,0,0,24,36,28,24
THPACK9-010,fast_brute_force,1,0,0,0,0,36,28,24
THPACK9-010,fast_brute_force,1,0,0,0,24,36,28,24
THPACK9-010,fast_brute_force,2,0,0,0,0,36,28,24
THPACK9-010,fast_brute_force,2,0,0,0,24,36,28,24
THPACK9-010,fast_brute_force,3,0,0,0,0,36,28,24
THPACK9-010,fast_brute_force,3,0,0,0,24,36,28,24
THPACK9-010,fast_brute_force,4,0,0,0,0,36,28,24
THPACK9-010,fast_brute_force,4,0,0,0,24,36,28,24
THPACK9-010,fast_brute_force,5,0,0,0,0,36,28,24
THPACK9-010,fast_brute_force,5,0,0,0,24,36,28,24
THPACK9-010,fast_brute_force,6,0,0,0,0,36,28,24
THPACK9-010,fast_brute_force,6,0,0,0,24,36,28,24
THPACK9-010,fast_brute_force,7,0,0,0,0,36,28,24
THPACK9-010,fast_brute_force,7,0,0,0,24,36,28,24
THPACK9-010,fast_brute_force,8,0,0,0,0,36,28,24
THPACK9-010,fast_brute_force,8,0,0,0,24,36,28,24
THPACK9-010,fast_brute_force,9,0,0,0,0,36,28,24
THPACK9-010,fast_brute_force,9,0,0,0,24,36,28,24
THPACK9-010,fast_brute_force,10,0,0,0,0,36,28,24
THPACK9-010,fast_brute_force,10,0,0,0,24,36,28,24
THPACK9-010,fast_brute_force,11,0,0,0,0,36,28,24
THPACK9-010,fast_brute_force,11,0,0,0,24,36,28,24
THPACK9-010,fast_brute_force,12,0,0,0,0,36,28,24
THPACK9-010,fast_brute_force,12,0,0,0,24,36,28,24
THPACK9-010,fast_brute_force,13,0,0,0,0,36,28,24
THPACK9-010,fast_brute_force,13,0,0,0,24,36,28,24
THPACK9-010,fast_brute_force,14,0,0,0,0,36,28,24
THPACK9-010,fast_brute_force,14,0,0,0,24,36,28,24
THPACK9-010,fast_brute_force,15,0,0,0,0,36,28,24
THPACK9-010,fast_brute_force,15,0,0,0,24,36,28,24
THPACK9-010,fast_brute_force,16,0,0,0,0,36,28,24
THPACK9-010,fast_brute_force,16,0,0,0,24,36,28,24
THPACK9-010,fast_brute_force,17,0,0,0,0,36,28,24
THPACK9-010,fast_brute_force,17,0,0,0,24,36,28,24
THPACK9-010,fast_brute_force,18,0,0,0,0,36,28,24
THPACK9-010,fast_brute_force,18,0,0,0,24,36,28,24
THPACK9-010,fast_brute_force,19,0,0,0,0,36,28,24
THPACK9-010,fast_brute_force,19,0,0,0,24,36,28,24
THPACK9-010,fast_brute_force,20,0,0,0,0,36,28,24
THPACK9-010,fast_brute_force,20,0,0,0,24,36,28,24
THPACK9-010,fast_brute_force,21,0,0,0,0,36,28,24
THPACK9-010,fast_brute_force,21,0,0,0,24,36,28,24
THPACK9-010,fast_brute_force,22,0,0,0,0,36,28,24
THPACK9-010,fast_brute_force,22,0,0,0,24,36,28,24
THPACK9-010,fast_brute_force,23,0,0,0,0,36,28,24
THPACK9-010,fast_brute_force,23,0,0,0,24,36,28,24
THPACK9-010,fast_brute_force,24,0,0,0,0,36,28,24
THPACK9-010,fast_brute_force,24,0,0,0,24,36,28,24
THPACK9-010,fast_brute_force,25,1,0,0,0,40,32,20
THPACK9-010,fast_brute_force,25,1,0,0,20,40,32,20
THPACK9-010,fast_brute_force,26,1,0,0,0,40,32,20
THPACK9-010,fast_brute_force,26,1,0,0,20,40,32,20
THPACK9-010,fast_brute_force,27,1,0,0,0,40,32,20
THPACK9-010,fast_brute_force,27,1,0,0,20,40,32,20
THPACK9-010,fast_brute_force,28,1,0,0,0,40,32,20
THPACK9-010,fast_brute_force,28,1,0,0,20,40,32,20
THPACK9-010,fast_brute_force,29,1,0,0,0,40,32,20
THPACK9-010,fast_brute_force,29,1,0,0,20,40,32,20
THPACK9-010,fast_brute_force,30,1,0,0,0,40,32,20
THPACK9-010,fast_brute_force,30,1,0,0,20,40,32,20
THPACK9-010,fast_brute_force,31,1,0,0,0,40,32,20
THPACK9-010,fast_brute_force,31,1,0,0,20,40,32,20
THPACK9-010,fast_brute_force,32,1,0,0,0,40,32,20
THPACK9-010,fast_brute_force,32,1,0,0,20,40,32,20
THPACK9-010,fast_brute_force,33,1,0,0,0,40,32,20
THPACK9-010,fast_brute_force,33,1,0,0,20,40,32,20
THPACK9-010,fast_brute_force,34,1,0,0,0,40,32,20
THPACK9-010,fast_brute_force,34,1,0,0,20,40,32,20
THPACK9-010,fast_brute_force,35,1,0,0,0,40,32,20
THPACK9-010,fast_brute_force,35,1,0,0,20,40,32,20
THPACK9-010,fast_brute_force,36,1,0,0,0,40,32,20
THPACK9-010,fast_brute_force,36,1,0,0,20,40,32,20
THPACK9-010,fast_brute_force,37,1,0,0,0,40,32,20
THPACK9-010,fast_brute_force,37,1,0,0,20,40,32,20
THPACK9-010,fast_brute_force,38,1,0,0,0,40,32,20
THPACK9-010,fast_brute_force,38,1,0,0,20,40,32,20
THPACK9-010,fast_brute_force,39,1,0,0,0,40,32,20
THPACK9-010,fast_brute_force,39,1,0,0,20,40,32,20
THPACK9-010,fast_brute_force,40,1,0,0,0,40,32,20
THPACK9-010,fast_brute_force,40,1,0,0,20,40,32,20
THPACK9-010,fast_brute_force,41,1,0,0,0,40,32,20
THPACK9-010,fast_brute_force,41,1,0,0,20,40,32,20
THPACK9-010,fast_brute_force,42,1,0,0,0,40,32,20
THPACK9-010,fast_brute_force,42,1,0,0,20,40,32,20
THPACK9-010,fast_brute_force,43,1,0,0,0,40,32,20
THPACK9-010,fast_brute_force,43,1,0,0,20,40,32,20
THPACK9-010,fast_brute_force,44,1,0,0,0,40,32,20
THPACK9-010,fast_brute_force,44,1,0,0,20,40,32,20
THPACK9-010,fast_brute_force,45,1,0,0,0,40,32,20
THPACK9-010,fast_brute_force,45,1,0,0,20,40,32,20
THPACK9-010,fast_brute_force,46,1,0,0,0,40,32,20
THPACK9-010,fast_brute_force,46,1,0,0,20,40,32,20
THPACK9-010,fast_brute_force,47,1,0,0,0,40,32,20
THPACK9-010,fast_brute_force,47,1,0,0,20,40,32,20
THPACK9-010,fast_brute_force,48,1,0,0,0,40,32,20
THPACK9-010,fast_brute_force,48,1,0,0,20,40,32,20
THPACK9-010,fast_brute_force,49,1,0,0,0,40,32,20
THPACK9-010,fast_brute_force,49,1,0,0,20,40,32,20
THPACK9-010,fast_brute_force,50,1,0,0,0,40,32,20
THPACK9-010,fast_brute_force,50,1,0,0,20,40,32,20
THPACK9-010,fast_brute_force,51,1,0,0,0,40,32,20
THPACK9-010,fast_brute_force,51,1,0,0,20,40,32,20
THPACK9-010,fast_brute_force,52,1,0,0,0,40,32,20
THPACK9-010,fast_brute_force,52,1,0,0,20,40,32,20
THPACK9-010,fast_brute_force,53,1,0,0,0,40,32,20
THPACK9-010,fast_brute_force,53,1,0,0,20,40,32,20
THPACK9-010,fast_brute_force,54,1,0,0,0,40,32,20
THPACK9-010,fast_brute_force,54,1,0,0,20,40,32,20
THPACK9-011,laff,0,1,0,0,0,40,32,20
THPACK9-011,laff,0,1,0,0,20,40,32,20
THPACK9-011,laff,0,1,0,0,40,40,32,20
THPACK9-011,laff,1,1,0,0,0,40,32,20
THPACK9-011,laff,1,1,0,0,20,40,32,20
THPACK9-011,laff,1,1,0,0,40,40,32,20
THPACK9-011,laff,2,1,0,0,0,40,32,20
THPACK9-011,laff,2,1,0,0,20,40,32,20
THPACK9-011,laff,2,1,0,0,40,40,32,20
THPACK9-011,laff,3,1,0,0,0,40,32,20
THPACK9-011,laff,3,1,0,0,20,40,32,20
THPACK9-011,laff,3,1,0,0,40,40,32,20
THPACK9-011,laff,4,1,0,0,0,40,32,20
THPACK9-011,laff,4,1,0,0,20,40,32,20
THPACK9-011,laff,4,1,0,0,40,40,32,20
THPACK9-011,laff,5,1,0,0,0,40,32,20
THPACK9-011,laff,5,1,0,0,20,40,32,20
THPACK9-011,laff,5,1,0,0,40,40,32,20
THPACK9-011,laff,6,1,0,0,0,40,32,20
THPACK9-011,laff,6,1,0,0,20,40,32,20
THPACK9-011,laff,6,1,0,0,40,40,32,20
THPACK9-011,laff,7,1,0,0,0,40,32,20
THPACK9-011,laff,7,1,0,0,20,40,32,20
THPACK9-011,laff,7,1,0,0,40,40,32,20
THPACK9-011,laff,8,1,0,0,0,40,32,20
THPACK9-011,laff,8,1,0,0,20,40,32,20
THPACK9-011,laff,8,1,0,0,40,40,32,20
THPACK9-011,laff,9,1,0,0,0,40,32,20
THPACK9-011,laff,9,1,0,0,20,40,32,20
THPACK9-011,laff,9,1,0,0,40,40,32,20
THPACK9-011,laff,10,1,0,0,0,40,32,20
THPACK9-011,laff,10,1,0,0,20,40,32,20
THPACK9-011,laff,10,1,0,0,40,40,32,20
THPACK9-011,laff,11,1,0,0,0,40,32,20
THPACK9-011,laff,11,1,0,0,20,40,32,20
THPACK9-011,laff,11,1,0,0,40,40,32,20
THPACK9-011,laff,12,1,0,0,0,40,32,20
THPACK9-011,laff,12,1,0,0,20,40,32,20
THPACK9-011,laff,12,1,0,0,40,40,32,20
THPACK9-011,laff,13,1,0,0,0,40,32,20
THPACK9-011,laff,13,1,0,0,20,40,32,20
THPACK9-011,laff,13,1,0,0,40,40,32,20
THPACK9-011,laff,14,1,0,0,0,40,32,20
THPACK9-011,laff,14,1,0,0,20,40,32,20
THPACK9-011,laff,14,1,0,0,40,40,32,20
THPACK9-011,laff,15,1,0,0,0,40,32,20
THPACK9-011,laff,15,1,0,0,20,40,32,20
THPACK9-011,laff,15,1,0,0,40,40,32,20
THPACK9-011,laff,16,1,0,0,0,40,32,20
THPACK9-011,laff,16,1,0,0,20,40,32,20
THPACK9-011,laff,16,1,0,0,40,40,32,20
THPACK9-011,laff,17,1,0,0,0,40,32,20
THPACK9-011,laff,17,1,0,0,20,40,32,20
THPACK9-011,laff,17,1,0,0,40,40,32,20
THPACK9-011,laff,18,1,0,0,0,40,32,20
THPACK9-011,laff,18,1,0,0,20,40,32,20
THPACK9-011,laff,18,1,0,0,40,40,32,20
THPACK9-011,laff,19,1,0,0,0,40,32,20
THPACK9-011,laff,19,1,0,0,20,40,32,20
THPACK9-011,laff,19,1,0,0,40,40,32,20
THPACK9-011,laff,20,0,0,0,0,36,28,24
THPACK9-011,laff,20,0,0,0,24,36,28,24
THPACK9-011,laff,21,0,0,0,0,36,28,24
THPACK9-011,laff,21,0,0,0,24,36,28,24
THPACK9-011,laff,22,0,0,0,0,36,28,24
THPACK9-011,laff,22,0,0,0,24,36,28,24
THPACK9-011,laff,23,0,0,0,0,36,28,24
THPACK9-011,laff,23,0,0,0,24,36,28,24
THPACK9-011,laff,24,0,0,0,0,36,28,24
THPACK9-011,laff,24,0,0,0,24,36,28,24
THPACK9-011,laff,25,0,0,0,0,36,28,24
THPACK9-011,laff,25,0,0,0,24,36,28,24
THPACK9-011,laff,26,0,0,0,0,36,28,24
THPACK9-011,laff,26,0,0,0,24,36,28,24
THPACK9-011,laff,27,0,0,0,0,36,28,24
THPACK9-011,laff,27,0,0,0,24,36,28,24
THPACK9-011,laff,28,0,0,0,0,36,28,24
THPACK9-011,laff,28,0,0,0,24,36,28,24
THPACK9-011,laff,29,0,0,0,0,36,28,24
THPACK9-011,laff,29,0,0,0,24,36,28,24
THPACK9-011,laff,30,0,0,0,0,36,28,24
THPACK9-011,laff,30,0,0,0,24,36,28,24
THPACK9-011,laff,31,0,0,0,0,36,28,24
THPACK9-011,laff,31,0,0,0,24,36,28,24
THPACK9-011,laff,32,0,0,0,0,36,28,24
THPACK9-011,laff,32,0,0,0,24,36,28,24
THPACK9-011,laff,33,0,0,0,0,36,28,24
THPACK9-011,laff,33,0,0,0,24,36,28,24
THPACK9-011,laff,34,0,0,0,0,36,28,24
THPACK9-011,laff,34,0,0,0,24,36,28,24
THPACK9-011,laff,35,0,0,0,0,36,28,24
THPACK9-011,laff,35,0,0,0,24,36,28,24
THPACK9-011,laff,36,0,0,0,0,36,28,24
THPACK9-011,laff,36,0,0,0,24,36,28,24
THPACK9-011,laff,37,0,0,0,0,36,28,24
THPACK9-011,laff,37,0,0,0,24,36,28,24
THPACK9-011,laff,38,0,0,0,0,36,28,24
THPACK9-011,laff,38,0,0,0,24,36,28,24
THPACK9-011,laff,39,0,0,0,0,36,28,24
THPACK9-011,laff,39,0,0,0,24,36,28,24
THPACK9-011,laff,40,0,0,0,0,36,28,24
THPACK9-011,laff,40,0,0,0,24,36,28,24
THPACK9-011,laff,41,0,0,0,0,36,28,24
THPACK9-011,laff,41,0,0,0,24,36,28,24
THPACK9-011,laff,42,0,0,0,0,36,28,24
THPACK9-011,laff,42,0,0,0,24,36,28,24
THPACK9-011,laff,43,0,0,0,0,36,28,24
THPACK9-011,laff,43,0,0,0,24,36,28,24
THPACK9-011,laff,44,0,0,0,0,36,28,24
THPACK9-011,laff,44,0,0,0,24,36,28,24
THPACK9-011,plain,0,1,0,0,0,40,32,20
THPACK9-011,plain,0,1,0,0,20,40,32,20
THPACK9-011,plain,0,1,0,0,40,40,32,20
THPACK9-011,plain,0,1,0,32,0,40,20,32
THPACK9-011,plain,0,1,0,32,32,40,20,32
THPACK9-011,plain,0,1,40,0,0,20,40,32
THPACK9-011,plain,0,1,40,0,32,20,40,32
THPACK9-011,plain,1,1,0,0,0,40,32,20
THPACK9-011,plain,1,1,0,0,20,40,32,20
THPACK9-011,plain,1,1,0,0,40,40,32,20
THPACK9-011,plain,1,1,0,32,0,40,20,32
THPACK9-011,plain,1,1,0,32,32,40,20,32
THPACK9-011,plain,1,1,40,0,0,20,40,32
THPACK9-011,plain,1,1,40,0,32,20,40,32
THPACK9-011,plain,2,1,0,0,0,40,32,20
THPACK9-011,plain,2,1,0,0,20,40,32,20
THPACK9-011,plain,2,1,0,0,40,40,32,20
THPACK9-011,plain,2,1,0,32,0,40,20,32
THPACK9-011,plain,2,1,0,32,32,40,20,32
THPACK9-011,plain,2,1,40,0,0,20,40,32
THPACK9-011,plain,2,1,40,0,32,20,40,32
THPACK9-011,plain,3,1,0,0,0,40,32,20
THPACK9-011,plain,3,1,0,0,20,40,32,20
THPACK9-011,plain,3,1,0,0,40,40,32,20
THPACK9-011,plain,3,1,0,32,0,40,20,32
THPACK9-011,plain,3,1,0,32,32,40,20,32
THPACK9-011,plain,3,1,40,0,0,20,40,32
THPACK9-011,plain,3,1,40,0,32,20,40,32
THPACK9-011,plain,4,1,0,0,0,40,32,20
THPACK9-011,plain,4,1,0,0,20,40,32,20
THPACK9-011,plain,4,1,0,0,40,40,32,20
THPACK9-011,plain,4,1,0,32,0,40,20,32
THPACK9-011,plain,4,1,0,32,32,40,20,32
THPACK9-011,plain,4,1,40,0,0,20,40,32
THPACK9-011,plain,4,1,40,0,32,20,40,32
THPACK9-011,plain,5,1,0,0,0,40,32,20
THPACK9-011,plain,5,1,0,0,20,40,32,20
THPACK9-011,plain,5,1,0,0,40,40,32,20
THPACK9-011,plain,5,1,0,32,0,40,20,32
THPACK9-011,plain,5,1,0,32,32,40,20,32
THPACK9-011,plain,5,1,40,0,0,20,40,32
THPACK9-011,plain,5,1,40,0,32,20,40,32
THPACK9-011,plain,6,1,0,0,0,40,32,20
THPACK9-011,plain,6,1,0,0,20,40,32,20
THPACK9-011,plain,6,1,0,0,40,40,32,20
THPACK9-011,plain,6,1,0,32,0,40,20,32
THPACK9-011,plain,6,1,0,32,32,40,20,32
THPACK9-011,plain,6,1,40,0,0,20,40,32
THPACK9-011,plain,6,1,40,0,32,20,40,32
THPACK9-011,plain,7,1,0,0,0,40,32,20
THPACK9-011,plain,7,1,0,0,20,40,32,20
THPACK9-011,plain,7,1,0,0,40,40,32,20
THPACK9-011,plain,7,1,0,32,0,40,20,32
THPACK9-011,plain,7,1,0,32,32,40,20,32
THPACK9-011,plain,7,1,40,0,0,20,40,32
THPACK9-011,plain,7,1,40,0,32,20,40,32
THPACK9-011,plain,8,1,0,0,0,40,32,20
THPACK9-011,plain,8,1,0,0,20,40,32,20
THPACK9-011,plain,8,1,0,0,40,40,32,20
THPACK9-011,plain,8,1,0,32,0,40,20,32
THPACK9-011,plain,9,0,0,0,0,36,28,24
THPACK9-011,plain,9,0,0,0,24,36,28,24
THPACK9-011,plain,9,0,0,28,0,36,24,28
THPACK9-011,plain,9,0,0,28,28,36,24,28
THPACK9-011,plain,9,0,36,0,0,24,36,28
THPACK9-011,plain,9,0,36,0,28,24,36,28
THPACK9-011,plain,10,0,0,0,0,36,28,24
THPACK9-011,plain,10,0,0,0,24,36,28,24
THPACK9-011,plain,10,0,0,28,0,36,24,28
THPACK9-011,plain,10,0,0,28,28,36,24,28
THPACK9-011,plain,10,0,36,0,0,24,36,28
THPACK9-011,plain,10,0,36,0,28,24,36,28
THPACK9-011,plain,11,0,0,0,0,36,28,24
THPACK9-011,plain,11,0,0,0,24,36,28,24
THPACK9-011,plain,11,0,0,28,0,36,24,28
THPACK9-011,plain,11,0,0,28,28,36,24,28
THPACK9-011,plain,11,0,36,0,0,24,36,28
THPACK9-011,plain,11,0,36,0,28,24,36,28
THPACK9-011,plain,12,0,0,0,0,36,28,24
THPACK9-011,plain,12,0,0,0,24,36,28,24
THPACK9-011,plain,12,0,0,28,0,36,24,28
THPACK9-011,plain,12,0,0,28,28,36,24,28
THPACK9-011,plain,12,0,36,0,0,24,36,28
THPACK9-011,plain,12,0,36,0,28,24,36,28
THPACK9-011,plain,13,0,0,0,0,36,28,24
THPACK9-011,plain,13,0,0,0,24,36,28,24
THPACK9-011,plain,13,0,0,28,0,36,24,28
THPACK9-011,plain,13,0,0,28,28,36,24,28
THPACK9-011,plain,13,0,36,0,0,24,36,28
THPACK9-011,plain,13,0,36,0,28,24,36,28
THPACK9-011,plain,14,0,0,0,0,36,28,24
THPACK9-011,plain,14,0,0,0,24,36,28,24
THPACK9-011,plain,14,0,0,28,0,36,24,28
THPACK9-011,plain,14,0,0,28,28,36,24,28
THPACK9-011,plain,14,0,36,0,0,24,36,28
THPACK9-011,plain,14,0,36,0,28,24,36,28
THPACK9-011,plain,15,0,0,0,0,36,28,24
THPACK9-011,plain,15,0,0,0,24,36,28,24
THPACK9-011,plain,15,0,0,28,0,36,24,28
THPACK9-011,plain,15,0,0,28,28,36,24,28
THPACK9-011,plain,15,0,36,0,0,24,36,28
THPACK9-011,plain,15,0,36,0,28,24,36,28
THPACK9-011,plain,16,0,0,0,0,36,28,24
THPACK9-011,plain,16,0,0,0,24,36,28,24
THPACK9-011,plain,16,0,0,28,0,36,24,28
THPACK9-011,plain,16,0,0,28,28,36,24,28
THPACK9-011,plain,16,0,36,0,0,24,36,28
THPACK9-011,plain,16,0,36,0,28,24,36,28
THPACK9-011,plain,17,0,0,0,0,36,28,24
THPACK9-011,plain,17,0,0,0,24,36,28,24
THPACK9-011,fast_brute_force,0,0,0,0,0,36,28,24
THPACK9-011,fast_brute_force,0,0,0,28,0,36,24,28
THPACK9-011,fast_brute_force,0,0,36,0,0,24,36,28
THPACK9-011,fast_brute_force,0,0,0,0,24,28,24,36
THPACK9-011,fast_brute_force,0,0,28,0,28,28,24,36
THPACK9-011,fast_brute_force,0,0,0,24,28,24,28,36
THPACK9-011,fast_brute_force,0,0,24,24,28,36,28,24
THPACK9-011,fast_brute_force,1,0,0,0,0,36,28,24
THPACK9-011,fast_brute_force,1,0,0,28,0,36,24,28
THPACK9-011,fast_brute_force,1,0,36,0,0,24,36,28
THPACK9-011,fast_brute_force,1,0,0,0,24,28,24,36
THPACK9-011,fast_brute_force,1,0,28,0,28,28,24,36
THPACK9-011,fast_brute_force,1,0,0,24,28,24,28,36
THPACK9-011,fast_brute_force,1,0,24,24,28,36,28,24
THPACK9-011,fast_brute_force,2,0,0,0,0,36,28,24
THPACK9-011,fast_brute_force,2,0,0,28,0,36,24,28
THPACK9-011,fast_brute_force,2,0,36,0,0,24,36,28
THPACK9-011,fast_brute_force,2,0,0,0,24,28,24,36
THPACK9-011,fast_brute_force,2,0,28,0,28,28,24,36
THPACK9-011,fast_brute_force,2,0,0,24,28,24,28,36
THPACK9-011,fast_brute_force,2,0,24,24,28,36,28,24
THPACK9-011,fast_brute_force,3,0,0,0,0,36,28,24
THPACK9-011,fast_brute_force,3,0,0,28,0,36,24,28
THPACK9-011,fast_brute_force,3,0,36,0,0,24,36,28
THPACK9-011,fast_brute_force,3,0,0,0,24,28,24,36
THPACK9-011,fast_brute_force,3,0,28,0,28,28,24,36
THPACK9-011,fast_brute_force,3,0,0,24,28,24,28,36
THPACK9-011,fast_brute_force,3,0,24,24,28,36,28,24
THPACK9-011,fast_brute_force,4,0,0,0,0,36,28,24
THPACK9-011,fast_brute_force,4,0,0,28,0,36,24,28
THPACK9-011,fast_brute_force,4,0,36,0,0,24,36,28
THPACK9-011,fast_brute_force,4,0,0,0,24,28,24,36
THPACK9-011,fast_brute_force,4,0,28,0,28,28,24,36
THPACK9-011,fast_brute_force,4,0,0,24,28,24,28,36
THPACK9-011,fast_brute_force,4,0,24,24,28,36,28,24
THPACK9-011,fast_brute_force,5,0,0,0,0,36,28,24
THPACK9-011,fast_brute_force,5,0,0,28,0,36,24,28
THPACK9-011,fast_brute_force,5,0,36,0,0,24,36,28
THPACK9-011,fast_brute_force,5,0,0,0,24,28,24,36
THPACK9-011,fast_brute_force,5,0,28,0,28,28,24,36
THPACK9-011,fast_brute_force,5,0,0,24,28,24,28,36
THPACK9-011,fast_brute_force,5,0,24,24,28,36,28,24
THPACK9-011,fast_brute_force,6,0,0,0,0,36,28,24
THPACK9-011,fast_brute_force,6,0,0,28,0,36,24,28
THPACK9-011,fast_brute_force,6,0,36,0,0,24,36,28
THPACK9-011,fast_brute_force,6,0,0,0,24,28,24,36
THPACK9-011,fast_brute_force,6,0,28,0,28,28,24,36
THPACK9-011,fast_brute_force,6,0,0,24,28,24,28,36
THPACK9-011,fast_brute_force,6,0,24,24,28,36,28,24
THPACK9-011,fast_brute_force,7,1,0,0,0,40,32,20
THPACK9-011,fast_brute_force,7,1,0,0,20,40,32,20
THPACK9-011,fast_brute_force,7,1,0,32,0,40,20,32
THPACK9-011,fast_brute_force,7,1,0,32,32,40,20,32
THPACK9-011,fast_brute_force,7,1,40,0,0,20,40,32
THPACK9-011,fast_brute_force,7,1,40,0,32,20,40,32
THPACK9-011,fast_brute_force,7,0,0,0,40,36,28,24
THPACK9-011,fast_brute_force,8,1,0,0,0,20,40,32
THPACK9-011,fast_brute_force,8,1,20,0,0,40,20,32
THPACK9-011,fast_brute_force,8,1,20,20,0,40,32,20
THPACK9-011,fast_brute_force,8,1,0,0,32,20,40,32
THPACK9-011,fast_brute_force,8,1,20,20,20,40,32,20
THPACK9-011,fast_brute_force,8,1,20,0,40,40,32,20
THPACK9-011,fast_brute_force,9,1,0,0,0,20,40,32
THPACK9-011,fast_brute_force,9,1,20,0,0,40,20,32
THPACK9-011,fast_brute_force,9,1,20,20,0,40,32,20
THPACK9-011,fast_brute_force,9,1,0,0,32,20,40,32
THPACK9-011,fast_brute_force,9,1,20,20,20,40,32,20
THPACK9-011,fast_brute_force,9,1,20,0,40,40,32,20
THPACK9-011,fast_brute_force,10,1,0,0,0,20,40,32
THPACK9-011,fast_brute_force,10,1,20,0,0,40,20,32
THPACK9-011,fast_brute_force,10,1,20,20,0,40,32,20
THPACK9-011,fast_brute_force,10,1,0,0,32,20,40,32
THPACK9-011,fast_brute_force,10,1,20,20,20,40,32,20
THPACK9-011,fast_brute_force,10,1,20,0,40,40,32,20
THPACK9-011,fast_brute_force,11,1,0,0,0,20,40,32
THPACK9-011,fast_brute_force,11,1,20,0,0,40,20,32
THPACK9-011,fast_brute_force,11,1,20,20,0,40,32,20
THPACK9-011,fast_brute_force,11,1,0,0,32,20,40,32
THPACK9-011,fast_brute_force,11,1,20,20,20,40,32,20
THPACK9-011,fast_brute_force,11,1,20,0,40,40,32,20
THPACK9-011,fast_brute_force,12,1,0,0,0,20,40,32
THPACK9-011,fast_brute_force,12,1,20,0,0,40,20,32
THPACK9-011,fast_brute_force,12,1,20,20,0,40,32,20
THPACK9-011,fast_brute_force,12,1,0,0,32,20,40,32
THPACK9-011,fast_brute_force,12,1,20,20,20,40,32,20
THPACK9-011,fast_brute_force,12,1,20,0,40,40,32,20
THPACK9-011,fast_brute_force,13,1,0,0,0,20,40,32
THPACK9-011,fast_brute_force,13,1,20,0,0,40,20,32
THPACK9-011,fast_brute_force,13,1,20,20,0,40,32,20
THPACK9-011,fast_brute_force,13,1,0,0,32,20,40,32
THPACK9-011,fast_brute_force,13,1,20,20,20,40,32,20
THPACK9-011,fast_brute_force,13,1,20,0,40,40,32,20
THPACK9-011,fast_brute_force,14,1,0,0,0,20,40,32
THPACK9-011,fast_brute_force,14,1,20,0,0,40,20,32
THPACK9-011,fast_brute_force,14,1,20,20,0,40,32,20
THPACK9-011,fast_brute_force,14,1,0,0,32,20,40,32
THPACK9-011,fast_brute_force,14,1,20,20,20,40,32,20
THPACK9-011,fast_brute_force,14,1,20,0,40,40,32,20
THPACK9-011,fast_brute_force,15,1,0,0,0,20,40,32
THPACK9-011,fast_brute_force,15,1,20,0,0,40,20,32
THPACK9-011,fast_brute_force,15,1,20,20,0,40,32,20
THPACK9-011,fast_brute_force,15,1,0,0,32,20,40,32
THPACK9-011,fast_brute_force,15,1,20,20,20,40,32,20
THPACK9-011,fast_brute_force,15,1,20,0,40,40,32,20
THPACK9-011,fast_brute_force,16,1,0,0,0,20,40,32
THPACK9-011,fast_brute_force,16,1,20,0,0,40,20,32
THPACK9-011,fast_brute_force,16,1,20,20,0,40,32,20
THPACK9-011,fast_brute_force,16,1,0,0,32,20,40,32
THPACK9-011,fast_brute_force,16,1,20,20,20,40,32,20
THPACK9-011,fast_brute_force,16,1,20,0,40,40,32,20
THPACK9-012,laff,0,2,0,0,0,35,25,20
THPACK9-012,laff,1,2,0,0,0,35,25,20
THPACK9-012,laff,2,2,0,0,0,35,25,20
THPACK9-012,laff,3,2,0,0,0,35,25,20
THPACK9-012,laff,4,2,0,0,0,35,25,20
THPACK9-012,laff,5,2,0,0,0,35,25,20
THPACK9-012,laff,6,2,0,0,0,35,25,20
THPACK9-012,laff,7,2,0,0,0,35,25,20
THPACK9-012,laff,8,2,0,0,0,35,25,20
THPACK9-012,laff,9,2,0,0,0,35,25,20
THPACK9-012,laff,10,2,0,0,0,35,25,20
THPACK9-012,laff,11,2,0,0,0,35,25,20
THPACK9-012,laff,12,2,0,0,0,35,25,20
THPACK9-012,laff,13,2,0,0,0,35,25,20
THPACK9-012,laff,14,2,0,0,0,35,25,20
THPACK9-012,laff,15,2,0,0,0,35,25,20
THPACK9-012,laff,16,2,0,0,0,35,25,20
THPACK9-012,laff,17,2,0,0,0,35,25,20
THPACK9-012,laff,18,2,0,0,0,35,25,20
THPACK9-012,laff,19,2,0,0,0,35,25,20
THPACK9-012,laff,20,2,0,0,0,35,25,20
THPACK9-012,laff,21,2,0,0,0,35,25,20
THPACK9-012,laff,22,2,0,0,0,35,25,20
THPACK9-012,laff,23,2,0,0,0,35,25,20
THPACK9-012,laff,24,2,0,0,0,35,25,20
THPACK9-012,laff,25,2,0,0,0,35,25,20
THPACK9-012,laff,26,2,0,0,0,35,25,20
THPACK9-012,laff,27,2,0,0,0,35,25,20
THPACK9-012,laff,28,2,0,0,0,35,25,20
THPACK9-012,laff,29,2,0,0,0,35,25,20
THPACK9-012,laff,30,2,0,0,0,35,25,20
THPACK9-012,laff,31,2,0,0,0,35,25,20
THPACK9-012,laff,32,2,0,0,0,35,25,20
THPACK9-012,laff,33,2,0,0,0,35,25,20
THPACK9-012,laff,34,2,0,0,0,35,25,20
THPACK9-012,laff,35,2,0,0,0,35,25,20
THPACK9-012,laff,36,2,0,0,0,35,25,20
THPACK9-012,laff,37,2,0,0,0,35,25,20
THPACK9-012,laff,38,2,0,0,0,35,25,20
THPACK9-012,laff,39,2,0,0,0,35,25,20
THPACK9-012,laff,40,0,0,0,0,25,20,15
THPACK9-012,laff,40,1,0,20,0,10,10,15
THPACK9-012,laff,40,1,10,20,0,10,10,15
THPACK9-012,laff,40,1,20,20,0,10,10,15
THPACK9-012,laff,40,1,25,0,0,10,10,15
THPACK9-012,laff,40,1,25,10,0,10,10,15
THPACK9-012,laff,41,0,0,0,0,25,20,15
THPACK9-012,laff,41,1,0,20,0,10,10,15
THPACK9-012,laff,41,1,10,20,0,10,10,15
THPACK9-012,laff,41,1,20,20,0,10,10,15
THPACK9-012,laff,41,1,25,0,0,10,10,15
THPACK9-012,laff,41,1,25,10,0,10,10,15
THPACK9-012,laff,42,0,0,0,0,25,20,15
THPACK9-012,laff,42,1,0,20,0,10,10,15
THPACK9-012,laff,42,1,10,20,0,10,10,15
THPACK9-012,laff,42,1,20,20,0,10,10,15
THPACK9-012,laff,42,1,25,0,0,10,10,15
THPACK9-012,laff,42,1,25,10,0,10,10,15
THPACK9-012,laff,43,0,0,0,0,25,20,15
THPACK9-012,laff,43,1,0,20,0,10,10,15
THPACK9-012,laff,43,1,10,20,0,10,10,15
THPACK9-012,laff,43,1,20,20,0,10,10,15
THPACK9-012,laff,43,1,25,0,0,10,10,15
THPACK9-012,laff,43,1,25,10,0,10,10,15
THPACK9-012,laff,44,0,0,0,0,25,20,15
THPACK9-012,laff,44,1,0,20,0,10,10,15
THPACK9-012,laff,44,1,10,20,0,10,10,15
THPACK9-012,laff,44,1,20,20,0,10,10,15
THPACK9-012,laff,44,1,25,0,0,10,10,15
THPACK9-012,laff,44,1,25,10,0,10,10,15
THPACK9-012,laff,45,0,0,0,0,25,20,15
THPACK9-012,laff,45,1,0,20,0,10,10,15
THPACK9-012,laff,45,1,10,20,0,10,10,15
THPACK9-012,laff,45,1,20,20,0,10,10,15
THPACK9-012,laff,45,1,25,0,0,10,10,15
THPACK9-012,laff,45,1,25,10,0,10,10,15
THPACK9-012,laff,46,0,0,0,0,25,20,15
THPACK9-012,laff,47,0,0,0,0,25,20,15
THPACK9-012,laff,48,0,0,0,0,25,20,15
THPACK9-012,laff,49,0,0,0,0,25,20,15
THPACK9-012,laff,50,0,0,0,0,25,20,15
THPACK9-012,laff,51,0,0,0,0,25,20,15
THPACK9-012,laff,52,0,0,0,0,25,20,15
THPACK9-012,laff,53,0,0,0,0,25,20,15
THPACK9-012,laff,54,0,0,0,0,25,20,15
THPACK9-012,laff,55,0,0,0,0,25,20,15
THPACK9-012,laff,56,0,0,0,0,25,20,15
THPACK9-012,laff,57,0,0,0,0,25,20,15
THPACK9-012,laff,58,0,0,0,0,25,20,15
THPACK9-012,laff,59,0,0,0,0,25,20,15
THPACK9-012,laff,60,0,0,0,0,25,20,15
THPACK9-012,laff,61,0,0,0,0,25,20,15
THPACK9-012,laff,62,0,0,0,0,25,20,15
THPACK9-012,laff,63,0,0,0,0,25,20,15
THPACK9-012,laff,64,0,0,0,0,25,20,15
THPACK9-012,plain,0,2,0,0,0,35,25,20
THPACK9-012,plain,1,2,0,0,0,35,25,20
THPACK9-012,plain,2,2,0,0,0,35,25,20
THPACK9-012,plain,3,2,0,0,0,35,25,20
THPACK9-012,plain,4,2,0,0,0,35,25,20
THPACK9-012,plain,5,2,0,0,0,35,25,20
THPACK9-012,plain,6,2,0,0,0,35,25,20
THPACK9-012,plain,7,2,0,0,0,35,25,20
THPACK9-012,plain,8,2,0,0,0,35,25,20
THPACK9-012,plain,9,2,0,0,0,35,25,20
THPACK9-012,plain,10,2,0,0,0,35,25,20
THPACK9-012,plain,11,2,0,0,0,35,25,20
THPACK9-012,plain,12,2,0,0,0,35,25,20
THPACK9-012,plain,13,2,0,0,0,35,25,20
THPACK9-012,plain,14,2,0,0,0,35,25,20
THPACK9-012,plain,15,2,0,0,0,35,25,20
THPACK9-012,plain,16,2,0,0,0,35,25,20
THPACK9-012,plain,17,2,0,0,0,35,25,20
THPACK9-012,plain,18,2,0,0,0,35,25,20
THPACK9-012,plain,19,2,0,0,0,35,25,20
THPACK9-012,plain,20,2,0,0,0,35,25,20
THPACK9-012,plain,21,2,0,0,0,35,25,20
THPACK9-012,plain,22,2,0,0,0,35,25,20
THPACK9-012,plain,23,2,0,0,0,35,25,20
THPACK9-012,plain,24,2,0,0,0,35,25,20
THPACK9-012,plain,25,2,0,0,0,35,25,20
THPACK9-012,plain,26,2,0,0,0,35,25,20
THPACK9-012,plain,27,2,0,0,0,35,25,20
THPACK9-012,plain,28,2,0,0,0,35,25,20
THPACK9-012,plain,29,2,0,0,0,35,25,20
THPACK9-012,plain,30,2,0,0,0,35,25,20
THPACK9-012,plain,31,2,0,0,0,35,25,20
THPACK9-012,plain,32,2,0,0,0,35,25,20
THPACK9-012,plain,33,2,0,0,0,35,25,20
THPACK9-012,plain,34,2,0,0,0,35,25,20
THPACK9-012,plain,35,2,0,0,0,35,25,20
THPACK9-012,plain,36,2,0,0,0,35,25,20
THPACK9-012,plain,37,2,0,0,0,35,25,20
THPACK9-012,plain,38,2,0,0,0,35,25,20
THPACK9-012,plain,39,2,0,0,0,35,25,20
THPACK9-012,plain,40,0,0,0,0,25,20,15
THPACK9-012,plain,40,1,0,20,0,15,10,10
THPACK9-012,plain,40,1,0,20,10,15,10,10
THPACK9-012,plain,40,1,15,20,0,15,10,10
THPACK9-012,plain,40,1,15,20,10,15,10,10
THPACK9-012,plain,40,1,25,0,0,10,15,10
THPACK9-012,plain,40,1,25,0,10,10,15,10
THPACK9-012,plain,41,0,0,0,0,25,20,15
THPACK9-012,plain,41,1,0,20,0,15,10,10
THPACK9-012,plain,41,1,0,20,10,15,10,10
THPACK9-012,plain,41,1,15,20,0,15,10,10
THPACK9-012,plain,41,1,15,20,10,15,10,10
THPACK9-012,plain,41,1,25,0,0,10,15,10
THPACK9-012,plain,41,1,25,0,10,10,15,10
THPACK9-012,plain,42,0,0,0,0,25,20,15
THPACK9-012,plain,42,1,0,20,0,15,10,10
THPACK9-012,plain,42,1,0,20,10,15,10,10
THPACK9-012,plain,42,1,15,20,0,15,10,10
THPACK9-012,plain,42,1,15,20,10,15,10,10
THPACK9-012,plain,42,1,25,0,0,10,15,10
THPACK9-012,plain,42,1,25,0,10,10,15,10
THPACK9-012,plain,43,0,0,0,0,25,20,15
THPACK9-012,plain,43,1,0,20,0,15,10,10
THPACK9-012,plain,43,1,0,20,10,15,10,10
THPACK9-012,plain,43,1,15,20,0,15,10,10
THPACK9-012,plain,43,1,15,20,10,15,10,10
THPACK9-012,plain,43,1,25,0,0,10,15,10
THPACK9-012,plain,43,1,25,0,10,10,15,10
THPACK9-012,plain,44,0,0,0,0,25,20,15
THPACK9-012,plain,44,1,0,20,0,15,10,10
THPACK9-012,plain,44,1,0,20,10,15,10,10
THPACK9-012,plain,44,1,15,20,0,15,10,10
THPACK9-012,plain,44,1,15,20,10,15,10,10
THPACK9-012,plain,44,1,25,0,0,10,15,10
THPACK9-012,plain,44,1,25,0,10,10,15,10
THPACK9-012,plain,45,0,0,0,0,25,20,15
THPACK9-012,plain,46,0,0,0,0,25,20,15
THPACK9-012,plain,47,0,0,0,0,25,20,15
THPACK9-012,plain,48,0,0,0,0,25,20,15
THPACK9-012,plain,49,0,0,0,0,25,20,15
THPACK9-012,plain,50,0,0,0,0,25,20,15
THPACK9-012,plain,51,0,0,0,0,25,20,15
THPACK9-012,plain,52,0,0,0,0,25,20,15
THPACK9-012,plain,53,0,0,0,0,25,20,15
THPACK9-012,plain,54,0,0,0,0,25,20,15
THPACK9-012,plain,55,0,0,0,0,25,20,15
THPACK9-012,plain,56,0,0,0,0,25,20,15
THPACK9-012,plain,57,0,0,0,0,25,20,15
THPACK9-012,plain,58,0,0,0,0,25,20,15
THPACK9-012,plain,59,0,0,0,0,25,20,15
THPACK9-012,plain,60,0,0,0,0,25,20,15
THPACK9-012,plain,61,0,0,0,0,25,20,15
THPACK9-012,plain,62,0,0,0,0,25,20,15
THPACK9-012,plain,63,0,0,0,0,25,20,15
THPACK9-012,plain,64,0,0,0,0,25,20,15
THPACK9-012,fast_brute_force,0,1,0,0,0,10,10,15
THPACK9-012,fast_brute_force,0,1,0,10,0,10,10,15
THPACK9-012,fast_brute_force,0,1,0,20,0,10,10,15
THPACK9-012,fast_brute_force,0,1,10,0,0,10,10,15
THPACK9-012,fast_brute_force,0,1,20,0,0,10,10,15
THPACK9-012,fast_brute_force,0,1,10,10,0,10,10,15
THPACK9-012,fast_brute_force,0,1,10,20,0,10,10,15
THPACK9-012,fast_brute_force,0,1,20,10,0,10,10,15
THPACK9-012,fast_brute_force,0,1,20,20,0,15,10,10
THPACK9-012,fast_brute_force,0,1,20,20,10,15,10,10
THPACK9-012,fast_brute_force,1,1,0,0,0,10,10,15
THPACK9-012,fast_brute_force,1,1,0,10,0,10,10,15
THPACK9-012,fast_brute_force,1,1,0,20,0,10,10,15
THPACK9-012,fast_brute_force,1,1,10,0,0,10,10,15
THPACK9-012,fast_brute_force,1,1,20,0,0,10,10,15
THPACK9-012,fast_brute_force,1,1,10,10,0,10,10,15
THPACK9-012,fast_brute_force,1,1,10,20,0,10,10,15
THPACK9-012,fast_brute_force,1,1,20,10,0,10,10,15
THPACK9-012,fast_brute_force,1,1,20,20,0,15,10,10
THPACK9-012,fast_brute_force,1,1,20,20,10,15,10,10
THPACK9-012,fast_brute_force,2,1,0,0,0,10,10,15
THPACK9-012,fast_brute_force,2,1,0,10,0,10,10,15
THPACK9-012,fast_brute_force,2,1,0,20,0,10,10,15
THPACK9-012,fast_brute_force,2,1,10,0,0,10,10,15
THPACK9-012,fast_brute_force,2,1,20,0,0,10,10,15
THPACK9-012,fast_brute_force,2,1,10,10,0,10,10,15
THPACK9-012,fast_brute_force,2,1,10,20,0,10,10,15
THPACK9-012,fast_brute_force,2,1,20,10,0,10,10,15
THPACK9-012,fast_brute_force,2,1,20,20,0,15,10,10
THPACK9-012,fast_brute_force,2,1,20,20,10,15,10,10
THPACK9-012,fast_brute_force,3,0,0,0,0,15,25,20
THPACK9-012,fast_brute_force,3,0,15,0,0,15,25,20
THPACK9-012,fast_brute_force,4,0,0,0,0,15,25,20
THPACK9-012,fast_brute_force,4,0,15,0,0,15,25,20
THPACK9-012,fast_brute_force,5,0,0,0,0,15,25,20
THPACK9-012,fast_brute_force,5,0,15,0,0,15,25,20
THPACK9-012,fast_brute_force,6,0,0,0,0,15,25,20
THPACK9-012,fast_brute_force,6,0,15,0,0,15,25,20
THPACK9-012,fast_brute_force,7,0,0,0,0,15,25,20
THPACK9-012,fast_brute_force,7,0,15,0,0,15,25,20
THPACK9-012,fast_brute_force,8,0,0,0,0,15,25,20
THPACK9-012,fast_brute_force,8,0,15,0,0,15,25,20
THPACK9-012,fast_brute_force,9,0,0,0,0,15,25,20
THPACK9-012,fast_brute_force,9,0,15,0,0,15,25,20
THPACK9-012,fast_brute_force,10,0,0,0,0,15,25,20
THPACK9-012,fast_brute_force,10,0,15,0,0,15,25,20
THPACK9-012,fast_brute_force,11,0,0,0,0,15,25,20
THPACK9-012,fast_brute_force,11,0,15,0,0,15,25,20
THPACK9-012,fast_brute_force,12,0,0,0,0,15,25,20
THPACK9-012,fast_brute_force,12,0,15,0,0,15,25,20
THPACK9-012,fast_brute_force,13,0,0,0,0,15,25,20
THPACK9-012,fast_brute_force,13,0,15,0,0,15,25,20
THPACK9-012,fast_brute_force,14,0,0,0,0,15,25,20
THPACK9-012,fast_brute_force,14,0,15,0,0,15,25,20
THPACK9-012,fast_brute_force,15,0,0,0,0,15,25,20
THPACK9-012,fast_brute_force,16,2,0,0,0,35,25,20
THPACK9-012,fast_brute_force,17,2,0,0,0,35,25,20
THPACK9-012,fast_brute_force,18,2,0,0,0,35,25,20
THPACK9-012,fast_brute_force,19,2,0,0,0,35,25,20
THPACK9-012,fast_brute_force,20,2,0,0,0,35,25,20
THPACK9-012,fast_brute_force,21,2,0,0,0,35,25,20
THPACK9-012,fast_brute_force,22,2,0,0,0,35,25,20
THPACK9-012,fast_brute_force,23,2,0,0,0,35,25,20
THPACK9-012,fast_brute_force,24,2,0,0,0,35,25,20
THPACK9-012,fast_brute_force,25,2,0,0,0,35,25,20
THPACK9-012,fast_brute_force,26,2,0,0,0,35,25,20
THPACK9-012,fast_brute_force,27,2,0,0,0,35,25,20
THPACK9-012,fast_brute_force,28,2,0,0,0,35,25,20
THPACK9-012,fast_brute_force,29,2,0,0,0,35,25,20
THPACK9-012,fast_brute_force,30,2,0,0,0,35,25,20
THPACK9-012,fast_brute_force,31,2,0,0,0,35,25,20
THPACK9-012,fast_brute_force,32,2,0,0,0,35,25,20
THPACK9-012,fast_brute_force,33,2,0,0,0,35,25,20
THPACK9-012,fast_brute_force,34,2,0,0,0,35,25,20
THPACK9-012,fast_brute_force,35,2,0,0,0,35,25,20
THPACK9-012,fast_brute_force,36,2,0,0,0,35,25,20
THPACK9-012,fast_brute_force,37,2,0,0,0,35,25,20
THPACK9-012,fast_brute_force,38,2,0,0,0,35,25,20
THPACK9-012,fast_brute_force,39,2,0,0,0,35,25,20
THPACK9-012,fast_brute_force,40,2,0,0,0,35,25,20
THPACK9-012,fast_brute_force,41,2,0,0,0,35,25,20
THPACK9-012,fast_brute_force,42,2,0,0,0,35,25,20
THPACK9-012,fast_brute_force,43,2,0,0,0,35,25,20
THPACK9-012,fast_brute_force,44,2,0,0,0,35,25,20
THPACK9-012,fast_brute_force,45,2,0,0,0,35,25,20
THPACK9-012,fast_brute_force,46,2,0,0,0,35,25,20
THPACK9-012,fast_brute_force,47,2,0,0,0,35,25,20
THPACK9-012,fast_brute_force,48,2,0,0,0,35,25,20
THPACK9-012,fast_brute_force,49,2,0,0,0,35,25,20
THPACK9-012,fast_brute_force,50,2,0,0,0,35,25,20
THPACK9-012,fast_brute_force,51,2,0,0,0,35,25,20
THPACK9-012,fast_brute_force,52,2,0,0,0,35,25,20
THPACK9-012,fast_brute_force,53,2,0,0,0,35,25,20
THPACK9-012,fast_brute_force,54,2,0,0,0,35,25,20
THPACK9-012,fast_brute_force,55,2,0,0,0,35,25,20
THPACK9-013,laff,0,2,0,0,0,35,25,20
THPACK9-013,laff,0,1,0,25,0,10,10,15
THPACK9-013,laff,0,1,10,25,0,10,10,15
THPACK9-013,laff,0,1,20,25,0,10,10,15
THPACK9-013,laff,0,2,0,0,20,35,25,20
THPACK9-013,laff,0,1,0,25,20,10,10,15
THPACK9-013,laff,0,1,10,25,20,10,10,15
THPACK9-013,laff,0,1,20,25,20,10,10,15
THPACK9-013,laff,1,2,0,0,0,35,25,20
THPACK9-013,laff,1,1,0,25,0,10,10,15
THPACK9-013,laff,1,1,10,25,0,10,10,15
THPACK9-013,laff,1,1,20,25,0,10,10,15
THPACK9-013,laff,1,2,0,0,20,35,25,20
THPACK9-013,laff,1,1,0,25,20,10,10,15
THPACK9-013,laff,1,1,10,25,20,10,10,15
THPACK9-013,laff,1,1,20,25,20,10,10,15
THPACK9-013,laff,2,2,0,0,0,35,25,20
THPACK9-013,laff,2,1,0,25,0,10,10,15
THPACK9-013,laff,2,1,10,25,0,10,10,15
THPACK9-013,laff,2,1,20,25,0,10,10,15
THPACK9-013,laff,2,2,0,0,20,35,25,20
THPACK9-013,laff,2,1,0,25,20,10,10,15
THPACK9-013,laff,2,1,10,25,20,10,10,15
THPACK9-013,laff,2,1,20,25,20,10,10,15
THPACK9-013,laff,3,2,0,0,0,35,25,20
THPACK9-013,laff,3,1,0,25,0,10,10,15
THPACK9-013,laff,3,1,10,25,0,10,10,15
THPACK9-013,laff,3,1,20,25,0,10,10,15
THPACK9-013,laff,3,2,0,0,20,35,25,20
THPACK9-013,laff,3,1,0,25,20,10,10,15
THPACK9-013,laff,3,1,10,25,20,10,10,15
THPACK9-013,laff,3,1,20,25,20,10,10,15
THPACK9-013,laff,4,2,0,0,0,35,25,20
THPACK9-013,laff,4,1,0,25,0,10,10,15
THPACK9-013,laff,4,1,10,25,0,10,10,15
THPACK9-013,laff,4,1,20,25,0,10,10,15
THPACK9-013,laff,4,2,0,0,20,35,25,20
THPACK9-013,laff,4,1,0,25,20,10,10,15
THPACK9-013,laff,4,1,10,25,20,10,10,15
THPACK9-013,laff,4,1,20,25,20,10,10,15
THPACK9-013,laff,5,2,0,0,0,35,25,20
THPACK9-013,laff,5,2,0,0,20,35,25,20
THPACK9-013,laff,6,2,0,0,0,35,25,20
THPACK9-013,laff,6,2,0,0,20,35,25,20
THPACK9-013,laff,7,2,0,0,0,35,25,20
THPACK9-013,laff,7,2,0,0,20,35,25,20
THPACK9-013,laff,8,2,0,0,0,35,25,20
THPACK9-013,laff,8,2,0,0,20,35,25,20
THPACK9-013,laff,9,2,0,0,0,35,25,20
THPACK9-013,laff,9,2,0,0,20,35,25,20
THPACK9-013,laff,10,2,0,0,0,35,25,20
THPACK9-013,laff,10,2,0,0,20,35,25,20
THPACK9-013,laff,11,2,0,0,0,35,25,20
THPACK9-013,laff,11,2,0,0,20,35,25,20
THPACK9-013,laff,12,2,0,0,0,35,25,20
THPACK9-013,laff,12,2,0,0,20,35,25,20
THPACK9-013,laff,13,2,0,0,0,35,25,20
THPACK9-013,laff,13,2,0,0,20,35,25,20
THPACK9-013,laff,14,2,0,0,0,35,25,20
THPACK9-013,laff,14,2,0,0,20,35,25,20
THPACK9-013,laff,15,2,0,0,0,35,25,20
THPACK9-013,laff,15,2,0,0,20,35,25,20
THPACK9-013,laff,16,2,0,0,0,35,25,20
THPACK9-013,laff,16,2,0,0,20,35,25,20
THPACK9-013,laff,17,2,0,0,0,35,25,20
THPACK9-013,laff,17,2,0,0,20,35,25,20
THPACK9-013,laff,18,2,0,0,0,35,25,20
THPACK9-013,laff,18,2,0,0,20,35,25,20
THPACK9-013,laff,19,2,0,0,0,35,25,20
THPACK9-013,laff,19,2,0,0,20,35,25,20
THPACK9-013,laff,20,0,0,0,0,25,20,15
THPACK9-013,laff,20,0,0,0,15,25,20,15
THPACK9-013,laff,21,0,0,0,0,25,20,15
THPACK9-013,laff,21,0,0,0,15,25,20,15
THPACK9-013,laff,22,0,0,0,0,25,20,15
THPACK9-013,laff,22,0,0,0,15,25,20,15
THPACK9-013,laff,23,0,0,0,0,25,20,15
THPACK9-013,laff,23,0,0,0,15,25,20,15
THPACK9-013,laff,24,0,0,0,0,25,20,15
THPACK9-013,laff,24,0,0,0,15,25,20,15
THPACK9-013,laff,25,0,0,0,0,25,20,15
THPACK9-013,laff,25,0,0,0,15,25,20,15
THPACK9-013,laff,26,0,0,0,0,25,20,15
THPACK9-013,laff,26,0,0,0,15,25,20,15
THPACK9-013,laff,27,0,0,0,0,25,20,15
THPACK9-013,laff,27,0,0,0,15,25,20,15
THPACK9-013,laff,28,0,0,0,0,25,20,15
THPACK9-013,laff,28,0,0,0,15,25,20,15
THPACK9-013,laff,29,0,0,0,0,25,20,15
THPACK9-013,laff,29,0,0,0,15,25,20,15
THPACK9-013,laff,30,0,0,0,0,25,20,15
THPACK9-013,laff,30,0,0,0,15,25,20,15
THPACK9-013,laff,31,0,0,0,0,25,20,15
THPACK9-013,laff,31,0,0,0,15,25,20,15
THPACK9-013,laff,32,0,0,0,0,25,20,15
THPACK9-013,plain,0,2,0,0,0,35,25,20
THPACK9-013,plain,0,2,0,0,20,35,25,20
THPACK9-013,plain,0,1,0,25,0,15,10,10
THPACK9-013,plain,0,1,0,25,10,15,10,10
THPACK9-013,plain,0,1,0,25,20,15,10,10
THPACK9-013,plain,0,1,0,25,30,15,10,10
THPACK9-013,plain,0,1,15,25,0,15,10,10
THPACK9-013,plain,0,1,15,25,10,15,10,10
THPACK9-013,plain,0,1,15,25,20,15,10,10
THPACK9-013,plain,0,1,15,25,30,15,10,10
THPACK9-013,plain,1,2,0,0,0,35,25,20
THPACK9-013,plain,1,2,0,0,20,35,25,20
THPACK9-013,plain,1,1,0,25,0,15,10,10
THPACK9-013,plain,1,1,0,25,10,15,10,10
THPACK9-013,plain,1,1,0,25,20,15,10,10
THPACK9-013,plain,1,1,0,25,30,15,10,10
THPACK9-013,plain,1,1,15,25,0,15,10,10
THPACK9-013,plain,1,1,15,25,10,15,10,10
THPACK9-013,plain,1,1,15,25,20,15,10,10
THPACK9-013,plain,1,1,15,25,30,15,10,10
THPACK9-013,plain,2,2,0,0,0,35,25,20
THPACK9-013,plain,2,2,0,0,20,35,25,20
THPACK9-013,plain,2,1,0,25,0,15,10,10
THPACK9-013,plain,2,1,0,25,10,15,10,10
THPACK9-013,plain,2,1,0,25,20,15,10,10
THPACK9-013,plain,2,1,0,25,30,15,10,10
THPACK9-013,plain,2,1,15,25,0,15,10,10
THPACK9-013,plain,2,1,15,25,10,15,10,10
THPACK9-013,plain,2,1,15,25,20,15,10,10
THPACK9-013,plain,2,1,15,25,30,15,10,10
THPACK9-013,plain,3,2,0,0,0,35,25,20
THPACK9-013,plain,3,2,0,0,20,35,25,20
THPACK9-013,plain,3,1,0,25,0,15,10,10
THPACK9-013,plain,3,1,0,25,10,15,10,10
THPACK9-013,plain,3,1,0,25,20,15,10,10
THPACK9-013,plain,3,1,0,25,30,15,10,10
THPACK9-013,plain,3,1,15,25,0,15,10,10
THPACK9-013,plain,3,1,15,25,10,15,10,10
THPACK9-013,plain,4,2,0,0,0,35,25,20
THPACK9-013,plain,4,2,0,0,20,35,25,20
THPACK9-013,plain,5,2,0,0,0,35,25,20
THPACK9-013,plain,5,2,0,0,20,35,25,20
THPACK9-013,plain,6,2,0,0,0,35,25,20
THPACK9-013,plain,6,2,0,0,20,35,25,20
THPACK9-013,plain,7,2,0,0,0,35,25,20
THPACK9-013,plain,7,2,0,0,20,35,25,20
THPACK9-013,plain,8,2,0,0,0,35,25,20
THPACK9-013,plain,8,2,0,0,20,35,25,20
THPACK9-013,plain,9,2,0,0,0,35,25,20
THPACK9-013,plain,9,2,0,0,20,35,25,20
THPACK9-013,plain,10,2,0,0,0,35,25,20
THPACK9-013,plain,10,2,0,0,20,35,25,20
THPACK9-013,plain,11,2,0,0,0,35,25,20
THPACK9-013,plain,11,2,0,0,20,35,25,20
THPACK9-013,plain,12,2,0,0,0,35,25,20
THPACK9-013,plain,12,2,0,0,20,35,25,20
THPACK9-013,plain,13,2,0,0,0,35,25,20
THPACK9-013,plain,13,2,0,0,20,35,25,20
THPACK9-013,plain,14,2,0,0,0,35,25,20
THPACK9-013,plain,14,2,0,0,20,35,25,20
THPACK9-013,plain,15,2,0,0,0,35,25,20
THPACK9-013,plain,15,2,0,0,20,35,25,20
THPACK9-013,plain,16,2,0,0,0,35,25,20
THPACK9-013,plain,16,2,0,0,20,35,25,20
THPACK9-013,plain,17,2,0,0,0,35,25,20
THPACK9-013,plain,17,2,0,0,20,35,25,20
THPACK9-013,plain,18,2,0,0,0,35,25,20
THPACK9-013,plain,18,2,0,0,20,35,25,20
THPACK9-013,plain,19,2,0,0,0,35,25,20
THPACK9-013,plain,19,2,0,0,20,35,25,20
THPACK9-013,plain,20,0,0,0,0,25,20,15
THPACK9-013,plain,20,0,0,0,15,25,20,15
THPACK9-013,plain,20,0,0,20,0,25,15,20
THPACK9-013,plain,20,0,0,20,20,25,15,20
THPACK9-013,plain,21,0,0,0,0,25,20,15
THPACK9-013,plain,21,0,0,0,15,25,20,15
THPACK9-013,plain,21,0,0,20,0,25,15,20
THPACK9-013,plain,21,0,0,20,20,25,15,20
THPACK9-013,plain,22,0,0,0,0,25,20,15
THPACK9-013,plain,22,0,0,0,15,25,20,15
THPACK9-013,plain,22,0,0,20,0,25,15,20
THPACK9-013,plain,22,0,0,20,20,25,15,20
THPACK9-013,plain,23,0,0,0,0,25,20,15
THPACK9-013,plain,23,0,0,0,15,25,20,15
THPACK9-013,plain,23,0,0,20,0,25,15,20
THPACK9-013,plain,23,0,0,20,20,25,15,20
THPACK9-013,plain,24,0,0,0,0,25,20,15
THPACK9-013,plain,24,0,0,0,15,25,20,15
THPACK9-013,plain,24,0,0,20,0,25,15,20
THPACK9-013,plain,24,0,0,20,20,25,15,20
THPACK9-013,plain,25,0,0,0,0,25,20,15
THPACK9-013,plain,25,0,0,0,15,25,20,15
THPACK9-013,plain,25,0,0,20,0,25,15,20
THPACK9-013,plain,25,0,0,20,20,25,15,20
THPACK9-013,plain,26,0,0,0,0,25,20,15
THPACK9-014,laff,0,2,0,0,0,35,25,20
THPACK9-014,laff,0,2,0,0,20,35,25,20
THPACK9-014,laff,1,2,0,0,0,35,25,20
THPACK9-014,laff,1,2,0,0,20,35,25,20
THPACK9-014,laff,2,2,0,0,0,35,25,20
THPACK9-014,laff,2,2,0,0,20,35,25,20
THPACK9-014,laff,3,2,0,0,0,35,25,20
THPACK9-014,laff,3,2,0,0,20,35,25,20
THPACK9-014,laff,4,2,0,0,0,35,25,20
THPACK9-014,laff,4,2,0,0,20,35,25,20
THPACK9-014,laff,5,2,0,0,0,35,25,20
THPACK9-014,laff,5,2,0,0,20,35,25,20
THPACK9-014,laff,6,2,0,0,0,35,25,20
THPACK9-014,laff,6,2,0,0,20,35,25,20
THPACK9-014,laff,7,2,0,0,0,35,25,20
THPACK9-014,laff,7,2,0,0,20,35,25,20
THPACK9-014,laff,8,2,0,0,0,35,25,20
THPACK9-014,laff,8,2,0,0,20,35,25,20
THPACK9-014,laff,9,2,0,0,0,35,25,20
THPACK9-014,laff,9,2,0,0,20,35,25,20
THPACK9-014,laff,10,2,0,0,0,35,25,20
THPACK9-014,laff,10,2,0,0,20,35,25,20
THPACK9-014,laff,11,2,0,0,0,35,25,20
THPACK9-014,laff,11,2,0,0,20,35,25,20
THPACK9-014,laff,12,2,0,0,0,35,25,20
THPACK9-014,laff,12,2,0,0,20,35,25,20
THPACK9-014,laff,13,2,0,0,0,35,25,20
THPACK9-014,laff,13,2,0,0,20,35,25,20
THPACK9-014,laff,14,2,0,0,0,35,25,20
THPACK9-014,laff,14,2,0,0,20,35,25,20
THPACK9-014,laff,15,2,0,0,0,35,25,20
THPACK9-014,laff,15,2,0,0,20,35,25,20
THPACK9-014,laff,16,2,0,0,0,35,25,20
THPACK9-014,laff,16,2,0,0,20,35,25,20
THPACK9-014,laff,17,2,0,0,0,35,25,20
THPACK9-014,laff,17,2,0,0,20,35,25,20
THPACK9-014,laff,18,2,0,0,0,35,25,20
THPACK9-014,laff,18,2,0,0,20,35,25,20
THPACK9-014,laff,19,2,0,0,0,35,25,20
THPACK9-014,laff,19,2,0,0,20,35,25,20
THPACK9-014,laff,20,0,0,0,0,25,20,15
THPACK9-014,laff,20,1,25,0,0,10,10,15
THPACK9-014,laff,20,1,25,10,0,10,10,15
THPACK9-014,laff,20,0,0,0,15,25,20,15
THPACK9-014,laff,20,1,25,0,15,10,10,15
THPACK9-014,laff,20,1,25,10,15,10,10,15
THPACK9-014,laff,20,1,0,0,30,10,15,10
THPACK9-014,laff,20,1,0,15,30,15,10,10
THPACK9-014,laff,20,1,10,0,30,10,15,10
THPACK9-014,laff,20,1,15,15,30,15,10,10
THPACK9-014,laff,20,1,20,0,30,10,15,10
THPACK9-014,laff,21,0,0,0,0,25,20,15
THPACK9-014,laff,21,1,25,0,0,10,10,15
THPACK9-014,laff,21,1,25,10,0,10,10,15
THPACK9-014,laff,21,0,0,0,15,25,20,15
THPACK9-014,laff,21,1,25,0,15,10,10,15
THPACK9-014,laff,21,1,25,10,15,10,10,15
THPACK9-014,laff,21,1,0,0,30,10,15,10
THPACK9-014,laff,21,1,0,15,30,15,10,10
THPACK9-014,laff,21,1,10,0,30,10,15,10
THPACK9-014,laff,21,1,15,15,30,15,10,10
THPACK9-014,laff,21,1,20,0,30,10,15,10
THPACK9-014,laff,22,0,0,0,0,25,20,15
THPACK9-014,laff,22,1,25,0,0,10,10,15
THPACK9-014,laff,22,1,25,10,0,10,10,15
THPACK9-014,laff,22,0,0,0,15,25,20,15
THPACK9-014,laff,22,1,25,0,15,10,10,15
THPACK9-014,laff,22,1,25,10,15,10,10,15
THPACK9-014,laff,22,1,0,0,30,10,15,10
THPACK9-014,laff,22,1,0,15,30,15,10,10
THPACK9-014,laff,22,1,10,0,30,10,15,10
THPACK9-014,laff,22,1,15,15,30,15,10,10
THPACK9-014,laff,22,1,20,0,30,10,15,10
THPACK9-014,laff,23,0,0,0,0,25,20,15
THPACK9-014,laff,23,1,25,0,0,10,10,15
THPACK9-014,laff,23,1,25,10,0,10,10,15
THPACK9-014,laff,23,0,0,0,15,25,20,15
THPACK9-014,laff,23,1,25,0,15,10,10,15
THPACK9-014,laff,24,0,0,0,0,25,20,15
THPACK9-014,laff,24,0,0,0,15,25,20,15
THPACK9-014,laff,25,0,0,0,0,25,20,15
THPACK9-014,laff,25,0,0,0,15,25,20,15
THPACK9-014,laff,26,0,0,0,0,25,20,15
THPACK9-014,laff,26,0,0,0,15,25,20,15
THPACK9-014,laff,27,0,0,0,0,25,20,15
THPACK9-014,laff,27,0,0,0,15,25,20,15
THPACK9-014,laff,28,0,0,0,0,25,20,15
THPACK9-014,laff,28,0,0,0,15,25,20,15
THPACK9-014,laff,29,0,0,0,0,25,20,15
THPACK9-014,laff,29,0,0,0,15,25,20,15
THPACK9-014,laff,30,0,0,0,0,25,20,15
THPACK9-014,laff,30,0,0,0,15,25,20,15
THPACK9-014,laff,31,0,0,0,0,25,20,15
THPACK9-014,laff,31,0,0,0,15,25,20,15
THPACK9-014,laff,32,0,0,0,0,25,20,15
THPACK9-014,plain,0,2,0,0,0,35,25,20
THPACK9-014,plain,0,2,0,0,20,35,25,20
THPACK9-014,plain,1,2,0,0,0,35,25,20
THPACK9-014,plain,1,2,0,0,20,35,25,20
THPACK9-014,plain,2,2,0,0,0,35,25,20
THPACK9-014,plain,2,2,0,0,20,35,25,20
THPACK9-014,plain,3,2,0,0,0,35,25,20
THPACK9-014,plain,3,2,0,0,20,35,25,20
THPACK9-014,plain,4,2,0,0,0,35,25,20
THPACK9-014,plain,4,2,0,0,20,35,25,20
THPACK9-014,plain,5,2,0,0,0,35,25,20
THPACK9-014,plain,5,2,0,0,20,35,25,20
THPACK9-014,plain,6,2,0,0,0,35,25,20
THPACK9-014,plain,6,2,0,0,20,35,25,20
THPACK9-014,plain,7,2,0,0,0,35,25,20
THPACK9-014,plain,7,2,0,0,20,35,25,20
THPACK9-014,plain,8,2,0,0,0,35,25,20
THPACK9-014,plain,8,2,0,0,20,35,25,20
THPACK9-014,plain,9,2,0,0,0,35,25,20
THPACK9-014,plain,9,2,0,0,20,35,25,20
THPACK9-014,plain,10,2,0,0,0,35,25,20
THPACK9-014,plain,10,2,0,0,20,35,25,20
THPACK9-014,plain,11,2,0,0,0,35,25,20
THPACK9-014,plain,11,2,0,0,20,35,25,20
THPACK9-014,plain,12,2,0,0,0,35,25,20
THPACK9-014,plain,12,2,0,0,20,35,25,20
THPACK9-014,plain,13,2,0,0,0,35,25,20
THPACK9-014,plain,13,2,0,0,20,35,25,20
THPACK9-014,plain,14,2,0,0,0,35,25,20
THPACK9-014,plain,14,2,0,0,20,35,25,20
THPACK9-014,plain,15,2,0,0,0,35,25,20
THPACK9-014,plain,15,2,0,0,20,35,25,20
THPACK9-014,plain,16,2,0,0,0,35,25,20
THPACK9-014,plain,16,2,0,0,20,35,25,20
THPACK9-014,plain,17,2,0,0,0,35,25,20
THPACK9-014,plain,17,2,0,0,20,35,25,20
THPACK9-014,plain,18,2,0,0,0,35,25,20
THPACK9-014,plain,18,2,0,0,20,35,25,20
THPACK9-014,plain,19,2,0,0,0,35,25,20
THPACK9-014,plain,19,2,0,0,20,35,25,20
THPACK9-014,plain,20,0,0,0,0,25,20,15
THPACK9-014,plain,20,0,0,0,15,25,20,15
THPACK9-014,plain,20,1,0,0,30,10,15,10
THPACK9-014,plain,20,1,10,0,30,10,15,10
THPACK9-014,plain,20,1,25,0,0,10,15,10
THPACK9-014,plain,20,1,25,0,10,10,15,10
THPACK9-014,plain,20,1,25,0,20,10,15,10
THPACK9-014,plain,20,1,20,0,30,10,15,10
THPACK9-014,plain,20,1,25,15,0,10,10,15
THPACK9-014,plain,20,1,25,15,15,10,10,15
THPACK9-014,plain,20,1,0,15,30,15,10,10
THPACK9-014,plain,20,1,15,15,30,15,10,10
THPACK9-014,plain,21,0,0,0,0,25,20,15
THPACK9-014,plain,21,0,0,0,15,25,20,15
THPACK9-014,plain,21,1,0,0,30,10,15,10
THPACK9-014,plain,21,1,10,0,30,10,15,10
THPACK9-014,plain,21,1,25,0,0,10,15,10
THPACK9-014,plain,21,1,25,0,10,10,15,10
THPACK9-014,plain,21,1,25,0,20,10,15,10
THPACK9-014,plain,21,1,20,0,30,10,15,10
THPACK9-014,plain,21,1,25,15,0,10,10,15
THPACK9-014,plain,21,1,25,15,15,10,10,15
THPACK9-014,plain,21,1,0,15,30,15,10,10
THPACK9-014,plain,21,1,15,15,30,15,10,10
THPACK9-014,plain,22,0,0,0,0,25,20,15
THPACK9-014,plain,22,0,0,0,15,25,20,15
THPACK9-014,plain,22,1,0,0,30,10,15,10
THPACK9-014,plain,22,1,10,0,30,10,15,10
THPACK9-014,plain,22,1,25,0,0,10,15,10
THPACK9-014,plain,22,1,25,0,10,10,15,10
THPACK9-014,plain,22,1,25,0,20,10,15,10
THPACK9-014,plain,22,1,20,0,30,10,15,10
THPACK9-014,plain,22,1,25,15,0,10,10,15
THPACK9-014,plain,22,1,25,15,15,10,10,15
THPACK9-014,plain,22,1,0,15,30,15,10,10
THPACK9-014,plain,22,1,15,15,30,15,10,10
THPACK9-014,plain,23,0,0,0,0,25,20,15
THPACK9-014,plain,23,0,0,0,15,25,20,15
THPACK9-014,plain,24,0,0,0,0,25,20,15
THPACK9-014,plain,24,0,0,0,15,25,20,15
THPACK9-014,plain,25,0,0,0,0,25,20,15
THPACK9-014,plain,25,0,0,0,15,25,20,15
THPACK9-014,plain,26,0,0,0,0,25,20,15
THPACK9-014,plain,26,0,0,0,15,25,20,15
THPACK9-014,plain,27,0,0,0,0,25,20,15
THPACK9-014,plain,27,0,0,0,15,25,20,15
THPACK9-014,plain,28,0,0,0,0,25,20,15
THPACK9-014,plain,28,0,0,0,15,25,20,15
THPACK9-014,plain,29,0,0,0,0,25,20,15
THPACK9-014,plain,29,0,0,0,15,25,20,15
THPACK9-014,plain,30,0,0,0,0,25,20,15
THPACK9-014,plain,30,0,0,0,15,25,20,15
THPACK9-014,plain,31,0,0,0,0,25,20,15
THPACK9-014,plain,31,0,0,0,15,25,20,15
THPACK9-014,plain,32,0,0,0,0,25,20,15
THPACK9-015,laff,0,0,0,0,0,18,10,8
THPACK9-015,laff,0,0,0,10,0,18,10,8
THPACK9-015,laff,0,2,18,0,0,6,10,8
THPACK9-015,laff,0,2,18,10,0,6,10,8
THPACK9-015,laff,0,0,0,0,8,18,10,8
THPACK9-015,laff,0,0,0,10,8,18,10,8
THPACK9-015,laff,0,2,18,0,8,6,10,8
THPACK9-015,laff,0,2,18,10,8,6,10,8
THPACK9-015,laff,0,0,0,0,16,18,10,8
THPACK9-015,laff,0,0,0,10,16,18,10,8
THPACK9-015,laff,0,2,18,0,16,6,10,8
THPACK9-015,laff,0,2,18,10,16,6,10,8
THPACK9-015,laff,1,0,0,0,0,18,10,8
THPACK9-015,laff,1,0,0,10,0,18,10,8
THPACK9-015,laff,1,2,18,0,0,6,10,8
THPACK9-015,laff,1,2,18,10,0,6,10,8
THPACK9-015,laff,1,0,0,0,8,18,10,8
THPACK9-015,laff,1,0,0,10,8,18,10,8
THPACK9-015,laff,1,2,18,0,8,6,10,8
THPACK9-015,laff,1,2,18,10,8,6,10,8
THPACK9-015,laff,1,0,0,0,16,18,10,8
THPACK9-015,laff,1,0,0,10,16,18,10,8
THPACK9-015,laff,1,2,18,0,16,6,10,8
THPACK9-015,laff,1,2,18,10,16,6,10,8
THPACK9-015,laff,2,0,0,0,0,18,10,8
THPACK9-015,laff,2,0,0,10,0,18,10,8
THPACK9-015,laff,2,2,18,0,0,6,10,8
THPACK9-015,laff,2,2,18,10,0,6,10,8
THPACK9-015,laff,2,0,0,0,8,18,10,8
THPACK9-015,laff,2,0,0,10,8,18,10,8
THPACK9-015,laff,2,2,18,0,8,6,10,8
THPACK9-015,laff,2,2,18,10,8,6,10,8
THPACK9-015,laff,2,0,0,0,16,18,10,8
THPACK9-015,laff,2,0,0,10,16,18,10,8
THPACK9-015,laff,2,2,18,0,16,6,10,8
THPACK9-015,laff,2,2,18,10,16,6,10,8
THPACK9-015,laff,3,0,0,0,0,18,10,8
THPACK9-015,laff,3,0,0,10,0,18,10,8
THPACK9-015,laff,3,2,18,0,0,6,10,8
THPACK9-015,laff,3,2,18,10,0,6,10,8
THPACK9-015,laff,3,0,0,0,8,18,10,8
THPACK9-015,laff,3,0,0,10,8,18,10,8
THPACK9-015,laff,3,2,18,0,8,6,10,8
THPACK9-015,laff,3,2,18,10,8,6,10,8
THPACK9-015,laff,3,0,0,0,16,18,10,8
THPACK9-015,laff,3,0,0,10,16,18,10,8
THPACK9-015,laff,3,2,18,0,16,6,10,8
THPACK9-015,laff,3,2,18,10,16,6,10,8
THPACK9-015,laff,4,0,0,0,0,18,10,8
THPACK9-015,laff,4,0,0,10,0,18,10,8
THPACK9-015,laff,4,2,18,0,0,6,10,8
THPACK9-015,laff,4,2,18,10,0,6,10,8
THPACK9-015,laff,4,0,0,0,8,18,10,8
THPACK9-015,laff,4,0,0,10,8,18,10,8
THPACK9-015,laff,4,2,18,0,8,6,10,8
THPACK9-015,laff,4,2,18,10,8,6,10,8
THPACK9-015,laff,4,2,0,0,16,8,10,6
THPACK9-015,laff,4,2,0,10,16,8,10,6
THPACK9-015,laff,5,1,0,0,0,12,14,10
THPACK9-015,laff,5,1,12,0,0,12,14,10
THPACK9-015,laff,5,1,0,0,10,12,14,10
THPACK9-015,laff,5,1,12,0,10,12,14,10
THPACK9-015,laff,6,1,0,0,0,12,14,10
THPACK9-015,laff,6,1,12,0,0,12,14,10
THPACK9-015,laff,6,1,0,0,10,12,14,10
THPACK9-015,laff,6,1,12,0,10,12,14,10
THPACK9-015,laff,7,1,0,0,0,12,14,10
THPACK9-015,laff,7,1,12,0,0,12,14,10
THPACK9-015,laff,7,1,0,0,10,12,14,10
THPACK9-015,laff,7,1,12,0,10,12,14,10
THPACK9-015,laff,8,1,0,0,0,12,14,10
THPACK9-015,laff,8,1,12,0,0,12,14,10
THPACK9-015,laff,8,1,0,0,10,12,14,10
THPACK9-015,laff,8,1,12,0,10,12,14,10
THPACK9-015,laff,9,1,0,0,0,12,14,10
THPACK9-015,laff,9,1,12,0,0,12,14,10
THPACK9-015,laff,9,1,0,0,10,12,14,10
THPACK9-015,laff,9,1,12,0,10,12,14,10
THPACK9-015,laff,10,1,0,0,0,12,14,10
THPACK9-015,laff,10,1,12,0,0,12,14,10
THPACK9-015,laff,10,1,0,0,10,12,14,10
THPACK9-015,laff,10,1,12,0,10,12,14,10
THPACK9-015,laff,11,1,0,0,0,12,14,10
THPACK9-015,laff,11,1,12,0,0,12,14,10
THPACK9-015,laff,11,1,0,0,10,12,14,10
THPACK9-015,laff,11,1,12,0,10,12,14,10
THPACK9-015,laff,12,1,0,0,0,12,14,10
THPACK9-015,laff,12,1,12,0,0,12,14,10
THPACK9-015,laff,12,1,0,0,10,12,14,10
THPACK9-015,laff,12,1,12,0,10,12,14,10
THPACK9-015,laff,13,1,0,0,0,12,14,10
THPACK9-015,laff,13,1,12,0,0,12,14,10
THPACK9-015,laff,13,1,0,0,10,12,14,10
THPACK9-015,laff,13,1,12,0,10,12,14,10
THPACK9-015,laff,14,1,0,0,0,12,14,10
THPACK9-015,plain,0,0,0,0,0,18,10,8
THPACK9-015,plain,0,0,0,0,8,18,10,8
THPACK9-015,plain,0,0,0,0,16,18,10,8
THPACK9-015,plain,0,0,0,10,0,18,10,8
THPACK9-015,plain,0,0,0,10,8,18,10,8
THPACK9-015,plain,0,0,0,10,16,18,10,8
THPACK9-015,plain,0,2,18,0,0,6,10,8
THPACK9-015,plain,0,2,18,0,8,6,10,8
THPACK9-015,plain,0,2,18,0,16,6,10,8
THPACK9-015,plain,0,2,18,10,0,6,10,8
THPACK9-015,plain,0,2,18,10,8,6,10,8
THPACK9-015,plain,0,2,18,10,16,6,10,8
THPACK9-015,plain,1,0,0,0,0,18,10,8
THPACK9-015,plain,1,0,0,0,8,18,10,8
THPACK9-015,plain,1,0,0,0,16,18,10,8
THPACK9-015,plain,1,0,0,10,0,18,10,8
THPACK9-015,plain,1,0,0,10,8,18,10,8
THPACK9-015,plain,1,0,0,10,16,18,10,8
THPACK9-015,plain,1,2,18,0,0,6,10,8
THPACK9-015,plain,1,2,18,0,8,6,10,8
THPACK9-015,plain,1,2,18,0,16,6,10,8
THPACK9-015,plain,1,2,18,10,0,6,10,8
THPACK9-015,plain,1,2,18,10,8,6,10,8
THPACK9-015,plain,1,2,18,10,16,6,10,8
THPACK9-015,plain,2,0,0,0,0,18,10,8
THPACK9-015,plain,2,0,0,0,8,18,10,8
THPACK9-015,plain,2,0,0,0,16,18,10,8
THPACK9-015,plain,2,0,0,10,0,18,10,8
THPACK9-015,plain,2,0,0,10,8,18,10,8
THPACK9-015,plain,2,0,0,10,16,18,10,8
THPACK9-015,plain,2,2,18,0,0,6,10,8
THPACK9-015,plain,2,2,18,0,8,6,10,8
THPACK9-015,plain,2,2,18,0,16,6,10,8
THPACK9-015,plain,2,2,18,10,0,6,10,8
THPACK9-015,plain,2,2,18,10,8,6,10,8
THPACK9-015,plain,2,2,18,10,16,6,10,8
THPACK9-015,plain,3,0,0,0,0,18,10,8
THPACK9-015,plain,3,0,0,0,8,18,10,8
THPACK9-015,plain,3,0,0,0,16,18,10,8
THPACK9-015,plain,3,0,0,10,0,18,10,8
THPACK9-015,plain,3,0,0,10,8,18,10,8
THPACK9-015,plain,3,0,0,10,16,18,10,8
THPACK9-015,plain,3,2,18,0,0,6,10,8
THPACK9-015,plain,3,2,18,0,8,6,10,8
THPACK9-015,plain,3,2,18,0,16,6,10,8
THPACK9-015,plain,3,2,18,10,0,6,10,8
THPACK9-015,plain,3,2,18,10,8,6,10,8
THPACK9-015,plain,3,2,18,10,16,6,10,8
THPACK9-015,plain,4,0,0,0,0,18,10,8
THPACK9-015,plain,4,0,0,0,8,18,10,8
THPACK9-015,plain,4,0,0,0,16,18,10,8
THPACK9-015,plain,4,0,0,10,0,18,10,8
THPACK9-015,plain,4,1,0,10,8,14,10,12
THPACK9-015,plain,4,2,18,0,0,6,10,8
THPACK9-015,plain,4,2,18,0,8,6,10,8
THPACK9-015,plain,4,2,18,0,16,6,10,8
THPACK9-015,plain,4,2,18,10,0,6,10,8
THPACK9-015,plain,4,2,14,10,8,8,10,6
THPACK9-015,plain,4,2,14,10,14,8,10,6
THPACK9-015,plain,5,1,0,0,0,12,14,10
THPACK9-015,plain,5,1,0,0,10,12,14,10
THPACK9-015,plain,5,1,12,0,0,12,14,10
THPACK9-015,plain,5,1,12,0,10,12,14,10
THPACK9-015,plain,6,1,0,0,0,12,14,10
THPACK9-015,plain,6,1,0,0,10,12,14,10
THPACK9-015,plain,6,1,12,0,0,12,14,10
THPACK9-015,plain,6,1,12,0,10,12,14,10
THPACK9-015,plain,7,1,0,0,0,12,14,10
THPACK9-015,plain,7,1,0,0,10,12,14,10
THPACK9-015,plain,7,1,12,0,0,12,14,10
THPACK9-015,plain,7,1,12,0,10,12,14,10
THPACK9-015,plain,8,1,0,0,0,12,14,10
THPACK9-015,plain,8,1,0,0,10,12,14,10
THPACK9-015,plain,8,1,12,0,0,12,14,10
THPACK9-015,plain,8,1,12,0,10,12,14,10
THPACK9-015,plain,9,1,0,0,0,12,14,10
THPACK9-015,plain,9,1,0,0,10,12,14,10
THPACK9-015,plain,9,1,12,0,0,12,14,10
THPACK9-015,plain,9,1,12,0,10,12,14,10
THPACK9-015,plain,10,1,0,0,0,12,14,10
THPACK9-015,plain,10,1,0,0,10,12,14,10
THPACK9-015,plain,10,1,12,0,0,12,14,10
THPACK9-015,plain,10,1,12,0,10,12,14,10
THPACK9-015,plain,11,1,0,0,0,12,14,10
THPACK9-015,plain,11,1,0,0,10,12,14,10
THPACK9-015,plain,11,1,12,0,0,12,14,10
THPACK9-015,plain,11,1,12,0,10,12,14,10
THPACK9-015,plain,12,1,0,0,0,12,14,10
THPACK9-015,plain,12,1,0,0,10,12,14,10
THPACK9-015,plain,12,1,12,0,0,12,14,10
THPACK9-015,plain,12,1,12,0,10,12,14,10
THPACK9-015,plain,13,1,0,0,0,12,14,10
THPACK9-015,plain,13,1,0,0,10,12,14,10
THPACK9-015,plain,13,1,12,0,0,12,14,10
THPACK9-015,plain,13,1,12,0,10,12,14,10
THPACK9-016,laff,0,0,0,0,0,18,10,8
THPACK9-016,laff,0,2,0,10,0,10,6,8
THPACK9-016,laff,0,0,0,0,8,18,10,8
THPACK9-016,laff,0,2,0,10,8,10,6,8
THPACK9-016,laff,1,0,0,0,0,18,10,8
THPACK9-016,laff,1,2,0,10,0,10,6,8
THPACK9-016,laff,1,0,0,0,8,18,10,8
THPACK9-016,laff,1,2,0,10,8,10,6,8
THPACK9-016,laff,2,0,0,0,0,18,10,8
THPACK9-016,laff,2,2,0,10,0,10,6,8
THPACK9-016,laff,2,0,0,0,8,18,10,8
THPACK9-016,laff,2,2,0,10,8,10,6,8
THPACK9-016,laff,3,0,0,0,0,18,10,8
THPACK9-016,laff,3,2,0,10,0,10,6,8
THPACK9-016,laff,3,0,0,0,8,18,10,8
THPACK9-016,laff,3,2,0,10,8,10,6,8
THPACK9-016,laff,4,0,0,0,0,18,10,8
THPACK9-016,laff,4,2,0,10,0,10,6,8
THPACK9-016,laff,4,0,0,0,8,18,10,8
THPACK9-016,laff,4,2,0,10,8,10,6,8
THPACK9-016,laff,5,0,0,0,0,18,10,8
THPACK9-016,laff,5,2,0,10,0,10,6,8
THPACK9-016,laff,5,0,0,0,8,18,10,8
THPACK9-016,laff,5,2,0,10,8,10,6,8
THPACK9-016,laff,6,0,0,0,0,18,10,8
THPACK9-016,laff,6,2,0,10,0,10,6,8
THPACK9-016,laff,6,0,0,0,8,18,10,8
THPACK9-016,laff,6,2,0,10,8,10,6,8
THPACK9-016,laff,7,0,0,0,0,18,10,8
THPACK9-016,laff,7,2,0,10,0,10,6,8
THPACK9-016,laff,7,0,0,0,8,18,10,8
THPACK9-016,laff,7,2,0,10,8,10,6,8
THPACK9-016,laff,8,0,0,0,0,18,10,8
THPACK9-016,laff,8,2,0,10,0,10,6,8
THPACK9-016,laff,8,0,0,0,8,18,10,8
THPACK9-016,laff,8,2,0,10,8,10,6,8
THPACK9-016,laff,9,0,0,0,0,18,10,8
THPACK9-016,laff,9,2,0,10,0,10,6,8
THPACK9-016,laff,9,0,0,0,8,18,10,8
THPACK9-016,laff,9,2,0,10,8,10,6,8
THPACK9-016,laff,10,0,0,0,0,18,10,8
THPACK9-016,laff,10,2,0,10,0,10,6,8
THPACK9-016,laff,10,0,0,0,8,18,10,8
THPACK9-016,laff,10,2,0,10,8,10,6,8
THPACK9-016,laff,11,0,0,0,0,18,10,8
THPACK9-016,laff,11,2,0,10,0,10,6,8
THPACK9-016,laff,11,0,0,0,8,18,10,8
THPACK9-016,laff,11,2,0,10,8,10,6,8
THPACK9-016,laff,12,0,0,0,0,18,10,8
THPACK9-016,laff,12,2,0,10,0,10,6,8
THPACK9-016,laff,12,0,0,0,8,18,10,8
THPACK9-016,laff,12,2,0,10,8,10,6,8
THPACK9-016,laff,13,0,0,0,0,18,10,8
THPACK9-016,laff,13,2,0,10,0,10,6,8
THPACK9-016,laff,13,0,0,0,8,18,10,8
THPACK9-016,laff,13,2,0,10,8,10,6,8
THPACK9-016,laff,14,1,0,0,0,12,14,10
THPACK9-016,laff,14,2,12,0,0,6,8,10
THPACK9-016,laff,14,2,12,8,0,6,8,10
THPACK9-016,laff,14,1,0,0,10,12,14,10
THPACK9-016,laff,15,1,0,0,0,12,14,10
THPACK9-016,laff,15,1,0,0,10,12,14,10
THPACK9-016,laff,16,1,0,0,0,12,14,10
THPACK9-016,laff,16,1,0,0,10,12,14,10
THPACK9-016,laff,17,1,0,0,0,12,14,10
THPACK9-016,laff,17,1,0,0,10,12,14,10
THPACK9-016,laff,18,1,0,0,0,12,14,10
THPACK9-016,laff,18,1,0,0,10,12,14,10
THPACK9-016,laff,19,1,0,0,0,12,14,10
THPACK9-016,laff,19,1,0,0,10,12,14,10
THPACK9-016,laff,20,1,0,0,0,12,14,10
THPACK9-016,laff,20,1,0,0,10,12,14,10
THPACK9-016,laff,21,1,0,0,0,12,14,10
THPACK9-016,laff,21,1,0,0,10,12,14,10
THPACK9-016,laff,22,1,0,0,0,12,14,10
THPACK9-016,laff,22,1,0,0,10,12,14,10
THPACK9-016,laff,23,1,0,0,0,12,14,10
THPACK9-016,laff,23,1,0,0,10,12,14,10
THPACK9-016,laff,24,1,0,0,0,12,14,10
THPACK9-016,laff,24,1,0,0,10,12,14,10
THPACK9-016,laff,25,1,0,0,0,12,14,10
THPACK9-016,laff,25,1,0,0,10,12,14,10
THPACK9-016,laff,26,1,0,0,0,12,14,10
THPACK9-016,laff,26,1,0,0,10,12,14,10
THPACK9-016,laff,27,1,0,0,0,12,14,10
THPACK9-016,laff,27,1,0,0,10,12,14,10
THPACK9-016,laff,28,1,0,0,0,12,14,10
THPACK9-016,laff,28,1,0,0,10,12,14,10
THPACK9-016,laff,29,1,0,0,0,12,14,10
THPACK9-016,laff,29,1,0,0,10,12,14,10
THPACK9-016,laff,30,1,0,0,0,12,14,10
THPACK9-016,laff,30,1,0,0,10,12,14,10
THPACK9-016,laff,31,1,0,0,0,12,14,10
THPACK9-016,laff,31,1,0,0,10,12,14,10
THPACK9-016,laff,32,1,0,0,0,12,14,10
THPACK9-016,plain,0,0,0,0,0,18,10,8
THPACK9-016,plain,0,0,0,0,8,18,10,8
THPACK9-016,plain,0,2,0,10,0,10,6,8
THPACK9-016,plain,0,2,0,10,8,10,6,8
THPACK9-016,plain,0,2,10,10,0,8,6,10
THPACK9-016,plain,0,2,10,10,10,8,6,10
THPACK9-016,plain,1,0,0,0,0,18,10,8
THPACK9-016,plain,1,0,0,0,8,18,10,8
THPACK9-016,plain,1,2,0,10,0,10,6,8
THPACK9-016,plain,1,2,0,10,8,10,6,8
THPACK9-016,plain,1,2,10,10,0,8,6,10
THPACK9-016,plain,1,2,10,10,10,8,6,10
THPACK9-016,plain,2,0,0,0,0,18,10,8
THPACK9-016,plain,2,0,0,0,8,18,10,8
THPACK9-016,plain,2,2,0,10,0,10,6,8
THPACK9-016,plain,2,2,0,10,8,10,6,8
THPACK9-016,plain,2,2,10,10,0,8,6,10
THPACK9-016,plain,2,2,10,10,10,8,6,10
THPACK9-016,plain,3,0,0,0,0,18,10,8
THPACK9-016,plain,3,0,0,0,8,18,10,8
THPACK9-016,plain,3,2,0,10,0,10,6,8
THPACK9-016,plain,3,2,0,10,8,10,6,8
THPACK9-016,plain,3,2,10,10,0,8,6,10
THPACK9-016,plain,3,2,10,10,10,8,6,10
THPACK9-016,plain,4,0,0,0,0,18,10,8
THPACK9-016,plain,4,0,0,0,8,18,10,8
THPACK9-016,plain,4,2,0,10,0,10,6,8
THPACK9-016,plain,4,2,0,10,8,10,6,8
THPACK9-016,plain,4,2,10,10,0,8,6,10
THPACK9-016,plain,4,2,10,10,10,8,6,10
THPACK9-016,plain,5,0,0,0,0,18,10,8
THPACK9-016,plain,5,0,0,0,8,18,10,8
THPACK9-016,plain,5,2,0,10,0,10,6,8
THPACK9-016,plain,5,2,0,10,8,10,6,8
THPACK9-016,plain,5,2,10,10,0,8,6,10
THPACK9-016,plain,5,2,10,10,10,8,6,10
THPACK9-016,plain,6,0,0,0,0,18,10,8
THPACK9-016,plain,6,0,0,0,8,18,10,8
THPACK9-016,plain,6,2,0,10,0,10,6,8
THPACK9-016,plain,6,2,0,10,8,10,6,8
THPACK9-016,plain,6,2,10,10,0,8,6,10
THPACK9-016,plain,6,2,10,10,10,8,6,10
THPACK9-016,plain,7,0,0,0,0,18,10,8
THPACK9-016,plain,7,0,0,0,8,18,10,8
THPACK9-016,plain,7,2,0,10,0,10,6,8
THPACK9-016,plain,7,2,0,10,8,10,6,8
THPACK9-016,plain,8,0,0,0,0,18,10,8
THPACK9-016,plain,8,0,0,0,8,18,10,8
THPACK9-016,plain,9,0,0,0,0,18,10,8
THPACK9-016,plain,9,0,0,0,8,18,10,8
THPACK9-016,plain,10,0,0,0,0,18,10,8
THPACK9-016,plain,10,0,0,0,8,18,10,8
THPACK9-016,plain,11,0,0,0,0,18,10,8
THPACK9-016,plain,11,0,0,0,8,18,10,8
THPACK9-016,plain,12,0,0,0,0,18,10,8
THPACK9-016,plain,12,0,0,0,8,18,10,8
THPACK9-016,plain,13,0,0,0,0,18,10,8
THPACK9-016,plain,13,0,0,0,8,18,10,8
THPACK9-016,plain,14,1,0,0,0,12,14,10
THPACK9-016,plain,14,1,0,0,10,12,14,10
THPACK9-016,plain,15,1,0,0,0,12,14,10
THPACK9-016,plain,15,1,0,0,10,12,14,10
THPACK9-016,plain,16,1,0,0,0,12,14,10
THPACK9-016,plain,16,1,0,0,10,12,14,10
THPACK9-016,plain,17,1,0,0,0,12,14,10
THPACK9-016,plain,17,1,0,0,10,12,14,10
THPACK9-016,plain,18,1,0,0,0,12,14,10
THPACK9-016,plain,18,1,0,0,10,12,14,10
THPACK9-016,plain,19,1,0,0,0,12,14,10
THPACK9-016,plain,19,1,0,0,10,12,14,10
THPACK9-016,plain,20,1,0,0,0,12,14,10
THPACK9-016,plain,20,1,0,0,10,12,14,10
THPACK9-016,plain,21,1,0,0,0,12,14,10
THPACK9-016,plain,21,1,0,0,10,12,14,10
THPACK9-016,plain,22,1,0,0,0,12,14,10
THPACK9-016,plain,22,1,0,0,10,12,14,10
THPACK9-016,plain,23,1,0,0,0,12,14,10
THPACK9-016,plain,23,1,0,0,10,12,14,10
THPACK9-016,plain,24,1,0,0,0,12,14,10
THPACK9-016,plain,24,1,0,0,10,12,14,10
THPACK9-016,plain,25,1,0,0,0,12,14,10
THPACK9-016,plain,25,1,0,0,10,12,14,10
THPACK9-016,plain,26,1,0,0,0,12,14,10
THPACK9-016,plain,26,1,0,0,10,12,14,10
THPACK9-016,plain,27,1,0,0,0,12,14,10
THPACK9-016,plain,27,1,0,0,10,12,14,10
THPACK9-016,plain,28,1,0,0,0,12,14,10
THPACK9-016,plain,28,1,0,0,10,12,14,10
THPACK9-016,plain,29,1,0,0,0,12,14,10
THPACK9-016,plain,29,1,0,0,10,12,14,10
THPACK9-016,plain,30,1,0,0,0,12,14,10
THPACK9-016,plain,30,1,0,0,10,12,14,10
THPACK9-016,plain,31,1,0,0,0,12,14,10
THPACK9-016,plain,31,1,0,0,10,12,14,10
THPACK9-016,plain,32,1,0,0,0,12,14,10
THPACK9-017,laff,0,0,0,0,0,18,10,8
THPACK9-017,laff,0,0,0,10,0,18,10,8
THPACK9-017,laff,0,0,18,0,0,10,18,8
THPACK9-017,laff,0,0,0,0,8,18,10,8
THPACK9-017,laff,0,0,0,10,8,18,10,8
THPACK9-017,laff,0,0,18,0,8,10,18,8
THPACK9-017,laff,0,0,0,0,16,18,10,8
THPACK9-017,laff,0,0,0,10,16,18,10,8
THPACK9-017,laff,0,0,18,0,16,10,18,8
THPACK9-017,laff,0,2,0,0,24,8,10,6
THPACK9-017,laff,0,2,0,10,24,8,10,6
THPACK9-017,laff,0,2,8,0,24,8,10,6
THPACK9-017,laff,0,2,8,10,24,8,10,6
THPACK9-017,laff,0,2,16,0,24,8,10,6
THPACK9-017,laff,0,2,16,10,24,8,10,6
THPACK9-017,laff,1,0,0,0,0,18,10,8
THPACK9-017,laff,1,0,0,10,0,18,10,8
THPACK9-017,laff,1,0,18,0,0,10,18,8
THPACK9-017,laff,1,0,0,0,8,18,10,8
THPACK9-017,laff,1,0,0,10,8,18,10,8
THPACK9-017,laff,1,0,18,0,8,10,18,8
THPACK9-017,laff,1,0,0,0,16,18,10,8
THPACK9-017,laff,1,0,0,10,16,18,10,8
THPACK9-017,laff,1,0,18,0,16,10,18,8
THPACK9-017,laff,1,2,0,0,24,8,10,6
THPACK9-017,laff,1,2,0,10,24,8,10,6
THPACK9-017,laff,1,2,8,0,24,8,10,6
THPACK9-017,laff,1,2,8,10,24,8,10,6
THPACK9-017,laff,1,2,16,0,24,8,10,6
THPACK9-017,laff,1,2,16,10,24,8,10,6
THPACK9-017,laff,2,0,0,0,0,18,10,8
THPACK9-017,laff,2,0,0,10,0,18,10,8
THPACK9-017,laff,2,0,18,0,0,10,18,8
THPACK9-017,laff,2,0,0,0,8,18,10,8
THPACK9-017,laff,2,0,0,10,8,18,10,8
THPACK9-017,laff,2,0,18,0,8,10,18,8
THPACK9-017,laff,2,0,0,0,16,18,10,8
THPACK9-017,laff,2,0,0,10,16,18,10,8
THPACK9-017,laff,2,0,18,0,16,10,18,8
THPACK9-017,laff,2,2,0,0,24,8,10,6
THPACK9-017,laff,2,2,0,10,24,8,10,6
THPACK9-017,laff,2,2,8,0,24,8,10,6
THPACK9-017,laff,2,2,8,10,24,8,10,6
THPACK9-017,laff,2,2,16,0,24,8,10,6
THPACK9-017,laff,2,2,16,10,24,8,10,6
THPACK9-017,laff,3,0,0,0,0,18,10,8
THPACK9-017,laff,3,2,0,10,0,6,10,8
THPACK9-017,laff,3,2,6,10,0,6,10,8
THPACK9-017,laff,3,2,12,10,0,6,10,8
THPACK9-017,laff,3,2,18,0,0,6,10,8
THPACK9-017,laff,3,2,18,10,0,6,10,8
THPACK9-017,laff,3,2,24,0,0,6,10,8
THPACK9-017,laff,3,2,24,10,0,6,10,8
THPACK9-017,laff,3,1,0,0,8,12,14,10
THPACK9-017,laff,3,1,12,0,8,12,14,10
THPACK9-017,laff,3,2,0,14,8,8,6,10
THPACK9-017,laff,3,2,8,14,8,8,6,10
THPACK9-017,laff,3,2,16,14,8,8,6,10
THPACK9-017,laff,3,2,24,0,8,6,8,10
THPACK9-017,laff,3,2,24,8,8,6,8,10
THPACK9-017,laff,3,1,0,0,18,12,14,10
THPACK9-017,laff,3,1,12,0,18,12,14,10
THPACK9-017,laff,4,1,0,0,0,12,14,10
THPACK9-017,laff,4,1,12,0,0,12,14,10
THPACK9-017,laff,4,1,0,0,10,12,14,10
THPACK9-017,laff,4,1,12,0,10,12,14,10
THPACK9-017,laff,4,1,0,0,20,12,14,10
THPACK9-017,laff,4,1,12,0,20,12,14,10
THPACK9-017,laff,5,1,0,0,0,12,14,10
THPACK9-017,laff,5,1,12,0,0,12,14,10
THPACK9-017,laff,5,1,0,0,10,12,14,10
THPACK9-017,laff,5,1,12,0,10,12,14,10
THPACK9-017,laff,5,1,0,0,20,12,14,10
THPACK9-017,laff,5,1,12,0,20,12,14,10
THPACK9-017,laff,6,1,0,0,0,12,14,10
THPACK9-017,laff,6,1,12,0,0,12,14,10
THPACK9-017,laff,6,1,0,0,10,12,14,10
THPACK9-017,laff,6,1,12,0,10,12,14,10
THPACK9-017,laff,6,1,0,0,20,12,14,10
THPACK9-017,laff,6,1,12,0,20,12,14,10
THPACK9-017,laff,7,1,0,0,0,12,14,10
THPACK9-017,laff,7,1,12,0,0,12,14,10
THPACK9-017,laff,7,1,0,0,10,12,14,10
THPACK9-017,laff,7,1,12,0,10,12,14,10
THPACK9-017,laff,7,1,0,0,20,12,14,10
THPACK9-017,laff,7,1,12,0,20,12,14,10
THPACK9-017,laff,8,1,0,0,0,12,14,10
THPACK9-017,laff,8,1,12,0,0,12,14,10
THPACK9-017,laff,8,1,0,0,10,12,14,10
THPACK9-017,laff,8,1,12,0,10,12,14,10
THPACK9-017,laff,8,1,0,0,20,12,14,10
THPACK9-017,laff,8,1,12,0,20,12,14,10
THPACK9-017,laff,9,1,0,0,0,12,14,10
THPACK9-017,laff,9,1,12,0,0,12,14,10
THPACK9-017,laff,9,1,0,0,10,12,14,10
THPACK9-017,plain,0,0,0,0,0,18,10,8
THPACK9-017,plain,0,0,0,0,8,18,10,8
THPACK9-017,plain,0,0,0,0,16,18,10,8
THPACK9-017,plain,0,0,0,10,0,18,10,8
THPACK9-017,plain,0,0,0,10,8,18,10,8
THPACK9-017,plain,0,0,0,10,16,18,10,8
THPACK9-017,plain,0,0,18,0,0,10,18,8
THPACK9-017,plain,0,0,18,0,8,10,18,8
THPACK9-017,plain,0,0,18,0,16,10,18,8
THPACK9-017,plain,0,2,0,0,24,8,10,6
THPACK9-017,plain,0,2,0,10,24,8,10,6
THPACK9-017,plain,0,2,8,0,24,8,10,6
THPACK9-017,plain,0,2,8,10,24,8,10,6
THPACK9-017,plain,0,2,16,0,24,8,10,6
THPACK9-017,plain,0,2,16,10,24,10,8,6
THPACK9-017,plain,1,0,0,0,0,18,10,8
THPACK9-017,plain,1,0,0,0,8,18,10,8
THPACK9-017,plain,1,0,0,0,16,18,10,8
THPACK9-017,plain,1,0,0,10,0,18,10,8
THPACK9-017,plain,1,0,0,10,8,18,10,8
THPACK9-017,plain,1,0,0,10,16,18,10,8
THPACK9-017,plain,1,0,18,0,0,10,18,8
THPACK9-017,plain,1,0,18,0,8,10,18,8
THPACK9-017,plain,1,0,18,0,16,10,18,8
THPACK9-017,plain,1,2,0,0,24,8,10,6
THPACK9-017,plain,1,2,0,10,24,8,10,6
THPACK9-017,plain,1,2,8,0,24,8,10,6
THPACK9-017,plain,1,2,8,10,24,8,10,6
THPACK9-017,plain,1,2,16,0,24,8,10,6
THPACK9-017,plain,1,2,16,10,24,10,8,6
THPACK9-017,plain,2,0,0,0,0,18,10,8
THPACK9-017,plain,2,0,0,0,8,18,10,8
THPACK9-017,plain,2,0,0,0,16,18,10,8
THPACK9-017,plain,2,0,0,10,0,18,10,8
THPACK9-017,plain,2,0,0,10,8,18,10,8
THPACK9-017,plain,2,0,0,10,16,18,10,8
THPACK9-017,plain,2,0,18,0,0,10,18,8
THPACK9-017,plain,2,0,18,0,8,10,18,8
THPACK9-017,plain,2,0,18,0,16,10,18,8
THPACK9-017,plain,2,2,0,0,24,8,10,6
THPACK9-017,plain,2,2,0,10,24,8,10,6
THPACK9-017,plain,2,2,8,0,24,8,10,6
THPACK9-017,plain,2,2,8,10,24,8,10,6
THPACK9-017,plain,2,2,16,0,24,8,10,6
THPACK9-017,plain,2,2,16,10,24,10,8,6
THPACK9-017,plain,3,0,0,0,0,18,10,8
THPACK9-017,plain,3,1,0,0,8,14,10,12
THPACK9-017,plain,3,1,18,0,0,12,14,10
THPACK9-017,plain,3,1,0,10,0,14,10,12
THPACK9-017,plain,3,1,0,10,12,14,10,12
THPACK9-017,plain,3,1,14,0,10,14,12,10
THPACK9-017,plain,3,1,14,0,20,14,12,10
THPACK9-017,plain,3,2,0,12,24,10,8,6
THPACK9-017,plain,3,2,0,0,20,8,10,6
THPACK9-017,plain,3,2,8,0,20,6,10,8
THPACK9-017,plain,3,2,14,14,0,10,6,8
THPACK9-017,plain,3,2,14,14,8,10,6,8
THPACK9-017,plain,3,2,14,12,16,10,8,6
THPACK9-017,plain,3,2,14,12,22,10,8,6
THPACK9-017,plain,3,2,24,12,10,6,8,10
THPACK9-017,plain,3,2,24,12,20,6,8,10
THPACK9-017,plain,4,1,0,0,0,12,14,10
THPACK9-017,plain,4,1,0,0,10,12,14,10
THPACK9-017,plain,4,1,0,0,20,12,14,10
THPACK9-017,plain,4,1,12,0,0,12,14,10
THPACK9-017,plain,4,1,12,0,10,12,14,10
THPACK9-017,plain,4,1,12,0,20,12,14,10
THPACK9-017,plain,4,2,0,14,0,10,6,8
THPACK9-017,plain,4,2,0,14,8,10,6,8
THPACK9-017,plain,4,2,0,14,16,10,6,8
THPACK9-017,plain,5,1,0,0,0,12,14,10
THPACK9-017,plain,5,1,0,0,10,12,14,10
THPACK9-017,plain,5,1,0,0,20,12,14,10
THPACK9-017,plain,5,1,12,0,0,12,14,10
THPACK9-017,plain,5,1,12,0,10,12,14,10
THPACK9-017,plain,5,1,12,0,20,12,14,10
THPACK9-017,plain,6,1,0,0,0,12,14,10
THPACK9-017,plain,6,1,0,0,10,12,14,10
THPACK9-017,plain,6,1,0,0,20,12,14,10
THPACK9-017,plain,6,1,12,0,0,12,14,10
THPACK9-017,plain,6,1,12,0,10,12,14,10
THPACK9-017,plain,6,1,12,0,20,12,14,10
THPACK9-017,plain,7,1,0,0,0,12,14,10
THPACK9-017,plain,7,1,0,0,10,12,14,10
THPACK9-017,plain,7,1,0,0,20,12,14,10
THPACK9-017,plain,7,1,12,0,0,12,14,10
THPACK9-017,plain,7,1,12,0,10,12,14,10
THPACK9-017,plain,7,1,12,0,20,12,14,10
THPACK9-017,plain,8,1,0,0,0,12,14,10
THPACK9-017,plain,8,1,0,0,10,12,14,10
THPACK9-017,plain,8,1,0,0,20,12,14,10
THPACK9-017,plain,8,1,12,0,0,12,14,10
THPACK9-017,plain,8,1,12,0,10,12,14,10
THPACK9-017,plain,8,1,12,0,20,12,14,10
THPACK9-017,plain,9,1,0,0,0,12,14,10
THPACK9-002,laff,0,1,0,0,0,8,10,4
THPACK9-002,laff,0,0,8,0,0,6,8,2
THPACK9-002,laff,0,0,8,0,2,6,8,2
THPACK9-002,laff,0,1,0,0,4,8,10,4
THPACK9-002,laff,0,0,8,0,4,6,8,2
THPACK9-002,laff,0,0,8,0,6,6,8,2
THPACK9-002,laff,0,1,0,0,8,8,10,4
THPACK9-002,laff,0,0,8,0,8,6,8,2
THPACK9-002,laff,0,0,8,0,10,6,8,2
THPACK9-002,laff,0,0,0,0,12,8,6,2
THPACK9-002,laff,0,0,0,6,12,8,6,2
THPACK9-002,laff,0,0,8,0,12,6,8,2
THPACK9-002,laff,1,1,0,0,0,8,10,4
THPACK9-002,laff,1,0,8,0,0,6,8,2
THPACK9-002,laff,1,0,8,0,2,6,8,2
THPACK9-002,laff,1,1,0,0,4,8,10,4
THPACK9-002,laff,1,0,8,0,4,6,8,2
THPACK9-002,laff,1,0,8,0,6,6,8,2
THPACK9-002,laff,1,1,0,0,8,8,10,4
THPACK9-002,laff,1,0,8,0,8,6,8,2
THPACK9-002,laff,1,0,8,0,10,6,8,2
THPACK9-002,laff,1,0,0,0,12,8,6,2
THPACK9-002,laff,1,0,0,6,12,8,6,2
THPACK9-002,laff,1,0,8,0,12,6,8,2
THPACK9-002,laff,2,1,0,0,0,8,10,4
THPACK9-002,laff,2,0,8,0,0,6,8,2
THPACK9-002,laff,2,0,8,0,2,6,8,2
THPACK9-002,laff,2,1,0,0,4,8,10,4
THPACK9-002,laff,2,1,0,0,8,8,10,4
THPACK9-002,laff,3,1,0,0,0,8,10,4
THPACK9-002,laff,3,1,0,0,4,8,10,4
THPACK9-002,laff,3,1,0,0,8,8,10,4
THPACK9-002,laff,4,1,0,0,0,8,10,4
THPACK9-002,laff,4,1,0,0,4,8,10,4
THPACK9-002,laff,4,1,0,0,8,8,10,4
THPACK9-002,laff,5,1,0,0,0,8,10,4
THPACK9-002,laff,5,1,0,0,4,8,10,4
THPACK9-002,laff,5,1,0,0,8,8,10,4
THPACK9-002,laff,6,1,0,0,0,8,10,4
THPACK9-002,laff,6,1,0,0,4,8,10,4
THPACK9-002,laff,6,1,0,0,8,8,10,4
THPACK9-002,laff,7,1,0,0,0,8,10,4
THPACK9-002,laff,7,1,0,0,4,8,10,4
THPACK9-002,laff,7,1,0,0,8,8,10,4
THPACK9-002,laff,8,1,0,0,0,8,10,4
THPACK9-002,laff,8,1,0,0,4,8,10,4
THPACK9-002,laff,8,1,0,0,8,8,10,4
THPACK9-002,laff,9,1,0,0,0,8,10,4
THPACK9-002,laff,9,1,0,0,4,8,10,4
THPACK9-002,laff,9,1,0,0,8,8,10,4
THPACK9-002,laff,10,1,0,0,0,8,10,4
THPACK9-002,laff,10,1,0,0,4,8,10,4
THPACK9-002,laff,10,1,0,0,8,8,10,4
THPACK9-002,laff,11,1,0,0,0,8,10,4
THPACK9-002,laff,11,1,0,0,4,8,10,4
THPACK9-002,laff,11,1,0,0,8,8,10,4
THPACK9-002,laff,12,1,0,0,0,8,10,4
THPACK9-002,laff,12,1,0,0,4,8,10,4
THPACK9-002,laff,12,1,0,0,8,8,10,4
THPACK9-002,laff,13,1,0,0,0,8,10,4
THPACK9-002,laff,13,1,0,0,4,8,10,4
THPACK9-002,laff,13,1,0,0,8,8,10,4
THPACK9-002,laff,14,1,0,0,0,8,10,4
THPACK9-002,laff,14,1,0,0,4,8,10,4
THPACK9-002,laff,14,1,0,0,8,8,10,4
THPACK9-002,laff,15,1,0,0,0,8,10,4
THPACK9-002,laff,15,1,0,0,4,8,10,4
THPACK9-002,laff,15,1,0,0,8,8,10,4
THPACK9-002,laff,16,1,0,0,0,8,10,4
THPACK9-002,laff,16,1,0,0,4,8,10,4
THPACK9-002,plain,0,1,0,0,0,8,10,4
THPACK9-002,plain,0,1,0,0,4,8,10,4
THPACK9-002,plain,0,1,0,0,8,8,10,4
THPACK9-002,plain,0,0,0,0,12,8,6,2
THPACK9-002,plain,0,0,8,0,0,6,8,2
THPACK9-002,plain,0,0,8,0,2,6,8,2
THPACK9-002,plain,0,0,8,0,4,6,8,2
THPACK9-002,plain,0,0,8,0,6,6,8,2
THPACK9-002,plain,0,0,8,0,8,6,8,2
THPACK9-002,plain,0,0,8,0,10,6,8,2
THPACK9-002,plain,0,0,8,0,12,6,8,2
THPACK9-002,plain,0,1,0,10,0,10,4,8
THPACK9-002,plain,0,0,0,10,8,8,2,6
THPACK9-002,plain,0,0,0,12,8,8,2,6
THPACK9-002,plain,0,0,8,8,0,6,2,8
THPACK9-002,plain,1,1,0,0,0,8,10,4
THPACK9-002,plain,1,1,0,0,4,8,10,4
THPACK9-002,plain,1,1,0,0,8,8,10,4
THPACK9-002,plain,1,0,0,0,12,8,6,2
THPACK9-002,plain,1,0,8,0,0,6,8,2
THPACK9-002,plain,1,0,8,0,2,6,8,2
THPACK9-002,plain,1,0,8,0,4,6,8,2
THPACK9-002,plain,1,0,8,0,6,6,8,2
THPACK9-002,plain,1,0,8,0,8,6,8,2
THPACK9-002,plain,1,0,8,0,10,6,8,2
THPACK9-002,plain,1,0,8,0,12,6,8,2
THPACK9-002,plain,1,1,0,10,0,10,4,8
THPACK9-002,plain,1,0,0,10,8,8,2,6
THPACK9-002,plain,2,1,0,0,0,8,10,4
THPACK9-002,plain,2,1,0,0,4,8,10,4
THPACK9-002,plain,2,1,0,0,8,8,10,4
THPACK9-002,plain,2,1,0,10,0,10,4,8
THPACK9-002,plain,2,1,8,0,0,4,10,8
THPACK9-002,plain,3,1,0,0,0,8,10,4
THPACK9-002,plain,3,1,0,0,4,8,10,4
THPACK9-002,plain,3,1,0,0,8,8,10,4
THPACK9-002,plain,3,1,0,10,0,10,4,8
THPACK9-002,plain,3,1,8,0,0,4,10,8
THPACK9-002,plain,4,1,0,0,0,8,10,4
THPACK9-002,plain,4,1,0,0,4,8,10,4
THPACK9-002,plain,4,1,0,0,8,8,10,4
THPACK9-002,plain,4,1,0,10,0,10,4,8
THPACK9-002,plain,4,1,8,0,0,4,10,8
THPACK9-002,plain,5,1,0,0,0,8,10,4
THPACK9-002,plain,5,1,0,0,4,8,10,4
THPACK9-002,plain,5,1,0,0,8,8,10,4
THPACK9-002,plain,5,1,0,10,0,10,4,8
THPACK9-002,plain,5,1,8,0,0,4,10,8
THPACK9-002,plain,6,1,0,0,0,8,10,4
THPACK9-002,plain,6,1,0,0,4,8,10,4
THPACK9-002,plain,6,1,0,0,8,8,10,4
THPACK9-002,plain,6,1,0,10,0,10,4,8
THPACK9-002,plain,6,1,8,0,0,4,10,8
THPACK9-002,plain,7,1,0,0,0,8,10,4
THPACK9-002,plain,7,1,0,0,4,8,10,4
THPACK9-002,plain,7,1,0,0,8,8,10,4
THPACK9-002,plain,7,1,0,10,0,10,4,8
THPACK9-002,plain,7,1,8,0,0,4,10,8
THPACK9-002,plain,8,1,0,0,0,8,10,4
THPACK9-002,plain,8,1,0,0,4,8,10,4
THPACK9-002,plain,8,1,0,0,8,8,10,4
THPACK9-002,plain,8,1,0,10,0,10,4,8
THPACK9-002,plain,8,1,8,0,0,4,10,8
THPACK9-002,plain,9,1,0,0,0,8,10,4
THPACK9-002,plain,9,1,0,0,4,8,10,4
THPACK9-002,plain,9,1,0,0,8,8,10,4
THPACK9-002,plain,9,1,0,10,0,10,4,8
THPACK9-002,plain,9,1,8,0,0,4,10,8
THPACK9-002,plain,10,1,0,0,0,8,10,4
THPACK9-002,plain,10,1,0,0,4,8,10,4
THPACK9-021,laff,0,3,0,0,0,12,13,8
THPACK9-021,laff,0,2,12,0,0,4,13,7
THPACK9-021,laff,0,3,0,0,8,12,13,8
THPACK9-021,laff,0,2,12,0,8,4,13,7
THPACK9-021,laff,0,2,0,0,16,7,13,4
THPACK9-021,laff,0,2,7,0,16,7,13,4
THPACK9-021,laff,1,3,0,0,0,12,13,8
THPACK9-021,laff,1,2,12,0,0,4,13,7
THPACK9-021,laff,1,3,0,0,8,12,13,8
THPACK9-021,laff,1,2,12,0,8,4,13,7
THPACK9-021,laff,1,2,0,0,16,7,13,4
THPACK9-021,laff,1,2,7,0,16,7,13,4
THPACK9-021,laff,2,3,0,0,0,12,13,8
THPACK9-021,laff,2,2,12,0,0,4,13,7
THPACK9-021,laff,2,3,0,0,8,12,13,8
THPACK9-021,laff,2,2,12,0,8,4,13,7
THPACK9-021,laff,2,2,0,0,16,7,13,4
THPACK9-021,laff,2,2,7,0,16,7,13,4
THPACK9-021,laff,3,3,0,0,0,12,13,8
THPACK9-021,laff,3,2,12,0,0,4,13,7
THPACK9-021,laff,3,3,0,0,8,12,13,8
THPACK9-021,laff,4,3,0,0,0,12,13,8
THPACK9-021,laff,4,3,0,0,8,12,13,8
THPACK9-021,laff,5,3,0,0,0,12,13,8
THPACK9-021,laff,5,3,0,0,8,12,13,8
THPACK9-021,laff,6,3,0,0,0,12,13,8
THPACK9-021,laff,6,3,0,0,8,12,13,8
THPACK9-021,laff,7,3,0,0,0,12,13,8
THPACK9-021,laff,7,3,0,0,8,12,13,8
THPACK9-021,laff,8,3,0,0,0,12,13,8
THPACK9-021,laff,8,3,0,0,8,12,13,8
THPACK9-021,laff,9,3,0,0,0,12,13,8
THPACK9-021,laff,9,3,0,0,8,12,13,8
THPACK9-021,laff,10,3,0,0,0,12,13,8
THPACK9-021,laff,10,3,0,0,8,12,13,8
THPACK9-021,laff,11,3,0,0,0,12,13,8
THPACK9-021,laff,11,3,0,0,8,12,13,8
THPACK9-021,laff,12,4,0,0,0,11,14,10
THPACK9-021,laff,12,1,11,0,0,5,15,9
THPACK9-021,laff,12,4,0,0,10,11,14,10
THPACK9-021,laff,12,1,11,0,10,5,15,9
THPACK9-021,laff,13,4,0,0,0,11,14,10
THPACK9-021,laff,13,1,11,0,0,5,15,9
THPACK9-021,laff,13,4,0,0,10,11,14,10
THPACK9-021,laff,13,1,11,0,10,5,15,9
THPACK9-021,laff,14,4,0,0,0,11,14,10
THPACK9-021,laff,14,1,11,0,0,5,15,9
THPACK9-021,laff,14,4,0,0,10,11,14,10
THPACK9-021,laff,14,1,11,0,10,5,15,9
THPACK9-021,laff,15,4,0,0,0,11,14,10
THPACK9-021,laff,15,1,11,0,0,5,15,9
THPACK9-021,laff,15,4,0,0,10,11,14,10
THPACK9-021,laff,15,1,11,0,10,5,15,9
THPACK9-021,laff,16,4,0,0,0,11,14,10
THPACK9-021,laff,16,1,11,0,0,5,15,9
THPACK9-021,laff,16,4,0,0,10,11,14,10
THPACK9-021,laff,16,1,11,0,10,5,15,9
THPACK9-021,laff,17,4,0,0,0,11,14,10
THPACK9-021,laff,17,1,11,0,0,5,15,9
THPACK9-021,laff,17,4,0,0,10,11,14,10
THPACK9-021,laff,17,1,11,0,10,5,15,9
THPACK9-021,laff,18,4,0,0,0,11,14,10
THPACK9-021,laff,18,1,11,0,0,5,15,9
THPACK9-021,laff,18,4,0,0,10,11,14,10
THPACK9-021,laff,18,1,11,0,10,5,15,9
THPACK9-021,laff,19,4,0,0,0,11,14,10
THPACK9-021,laff,19,1,11,0,0,5,15,9
THPACK9-021,laff,19,4,0,0,10,11,14,10
THPACK9-021,laff,19,1,11,0,10,5,15,9
THPACK9-021,laff,20,4,0,0,0,11,14,10
THPACK9-021,laff,20,1,11,0,0,5,15,9
THPACK9-021,laff,20,4,0,0,10,11,14,10
THPACK9-021,laff,20,0,11,0,10,6,11,8
THPACK9-021,laff,21,4,0,0,0,11,14,10
THPACK9-021,laff,21,0,11,0,0,6,11,8
THPACK9-021,laff,21,4,0,0,10,11,14,10
THPACK9-021,laff,21,0,11,0,10,6,11,8
THPACK9-021,laff,22,4,0,0,0,11,14,10
THPACK9-021,laff,22,0,11,0,0,6,11,8
THPACK9-021,laff,22,0,0,0,10,11,8,6
THPACK9-021,laff,22,0,0,8,10,11,8,6
THPACK9-021,laff,23,0,0,0,0,11,8,6
THPACK9-021,laff,23,0,0,8,0,11,8,6
THPACK9-021,laff,23,0,0,0,6,11,8,6
THPACK9-021,laff,23,0,0,8,6,11,8,6
THPACK9-021,laff,23,0,0,0,12,11,8,6
THPACK9-021,laff,23,0,0,8,12,11,8,6
THPACK9-021,laff,24,0,0,0,0,11,8,6
THPACK9-021,laff,24,0,0,8,0,11,8,6
THPACK9-021,laff,24,0,0,0,6,11,8,6
THPACK9-021,laff,24,0,0,8,6,11,8,6
THPACK9-021,laff,24,0,0,0,12,11,8,6
THPACK9-021,laff,24,0,0,8,12,11,8,6
THPACK9-021,laff,25,0,0,0,0,11,8,6
THPACK9-021,laff,25,0,0,8,0,11,8,6
THPACK9-021,plain,0,3,0,0,0,12,13,8
THPACK9-021,plain,0,3,0,0,8,12,13,8
THPACK9-021,plain,0,1,12,0,0,5,15,9
THPACK9-021,plain,0,1,12,0,9,5,15,9
THPACK9-021,plain,0,2,0,0,16,7,13,4
THPACK9-021,plain,1,3,0,0,0,12,13,8
THPACK9-021,plain,1,3,0,0,8,12,13,8
THPACK9-021,plain,1,1,12,0,0,5,15,9
THPACK9-021,plain,1,1,12,0,9,5,15,9
THPACK9-021,plain,1,2,0,0,16,7,13,4
THPACK9-021,plain,2,3,0,0,0,12,13,8
THPACK9-021,plain,2,3,0,0,8,12,13,8
THPACK9-021,plain,2,1,12,0,0,5,15,9
THPACK9-021,plain,2,1,12,0,9,5,15,9
THPACK9-021,plain,2,2,0,0,16,7,13,4
THPACK9-021,plain,3,3,0,0,0,12,13,8
THPACK9-021,plain,3,3,0,0,8,12,13,8
THPACK9-021,plain,3,1,12,0,0,5,15,9
THPACK9-021,plain,3,1,12,0,9,5,15,9
THPACK9-021,plain,3,2,0,0,16,7,13,4
THPACK9-021,plain,4,3,0,0,0,12,13,8
THPACK9-021,plain,4,3,0,0,8,12,13,8
THPACK9-021,plain,4,1,12,0,0,5,15,9
THPACK9-021,plain,4,1,12,0,9,5,15,9
THPACK9-021,plain,4,2,0,0,16,7,13,4
THPACK9-021,plain,5,3,0,0,0,12,13,8
THPACK9-021,plain,5,3,0,0,8,12,13,8
THPACK9-021,plain,5,1,12,0,0,5,15,9
THPACK9-021,plain,5,1,12,0,9,5,15,9
THPACK9-021,plain,5,2,0,0,16,7,13,4
THPACK9-021,plain,6,3,0,0,0,12,13,8
THPACK9-021,plain,6,3,0,0,8,12,13,8
THPACK9-021,plain,6,1,12,0,0,5,15,9
THPACK9-021,plain,6,1,12,0,9,5,15,9
THPACK9-021,plain,6,2,0,0,16,7,13,4
THPACK9-021,plain,7,3,0,0,0,12,13,8
THPACK9-021,plain,7,3,0,0,8,12,13,8
THPACK9-021,plain,7,1,12,0,0,5,15,9
THPACK9-021,plain,7,1,12,0,9,5,15,9
THPACK9-021,plain,7,2,0,0,16,7,13,4
THPACK9-021,plain,8,3,0,0,0,12,13,8
THPACK9-021,plain,8,3,0,0,8,12,13,8
THPACK9-021,plain,8,1,12,0,0,5,15,9
THPACK9-021,plain,8,2,0,0,16,7,13,4
THPACK9-021,plain,8,2,12,0,9,4,13,7
THPACK9-021,plain,8,2,7,0,16,7,13,4
THPACK9-021,plain,9,3,0,0,0,12,13,8
THPACK9-021,plain,9,3,0,0,8,12,13,8
THPACK9-021,plain,9,2,0,0,16,7,13,4
THPACK9-021,plain,9,2,12,0,0,4,13,7
THPACK9-021,plain,10,3,0,0,0,12,13,8
THPACK9-021,plain,10,3,0,0,8,12,13,8
THPACK9-021,plain,11,3,0,0,0,12,13,8
THPACK9-021,plain,11,3,0,0,8,12,13,8
THPACK9-021,plain,12,4,0,0,0,11,14,10
THPACK9-021,plain,12,4,0,0,10,11,14,10
THPACK9-021,plain,12,0,11,0,0,6,11,8
THPACK9-021,plain,12,0,11,0,8,6,11,8
THPACK9-021,plain,13,4,0,0,0,11,14,10
THPACK9-021,plain,13,4,0,0,10,11,14,10
THPACK9-021,plain,13,0,11,0,0,6,11,8
THPACK9-021,plain,13,0,11,0,8,6,11,8
THPACK9-021,plain,14,4,0,0,0,11,14,10
THPACK9-021,plain,14,4,0,0,10,11,14,10
THPACK9-021,plain,14,0,11,0,0,6,11,8
THPACK9-021,plain,14,0,11,0,8,6,11,8
THPACK9-021,plain,15,4,0,0,0,11,14,10
THPACK9-021,plain,15,4,0,0,10,11,14,10
THPACK9-021,plain,15,0,11,0,0,6,11,8
THPACK9-021,plain,15,0,11,0,8,6,11,8
THPACK9-021,plain,16,4,0,0,0,11,14,10
THPACK9-021,plain,16,4,0,0,10,11,14,10
THPACK9-021,plain,16,0,11,0,0,6,11,8
THPACK9-021,plain,16,0,11,0,8,6,11,8
THPACK9-021,plain,17,4,0,0,0,11,14,10
THPACK9-021,plain,17,4,0,0,10,11,14,10
THPACK9-021,plain,17,0,11,0,0,6,11,8
THPACK9-021,plain,17,0,11,0,8,6,11,8
THPACK9-021,plain,18,4,0,0,0,11,14,10
THPACK9-021,plain,18,4,0,0,10,11,14,10
THPACK9-021,plain,18,0,11,0,0,6,11,8
THPACK9-021,plain,18,0,11,0,8,6,11,8
THPACK9-021,plain,19,4,0,0,0,11,14,10
THPACK9-021,plain,19,4,0,0,10,11,14,10
THPACK9-021,plain,19,0,11,0,0,6,11,8
THPACK9-021,plain,19,0,11,0,8,6,11,8
THPACK9-021,plain,20,4,0,0,0,11,14,10
THPACK9-021,plain,20,4,0,0,10,11,14,10
THPACK9-021,plain,20,0,11,0,0,6,11,8
THPACK9-021,plain,20,0,11,0,8,6,11,8
THPACK9-021,plain,21,4,0,0,0,11,14,10
THPACK9-021,plain,21,4,0,0,10,11,14,10
THPACK9-021,plain,21,0,11,0,0,6,11,8
THPACK9-021,plain,21,0,11,0,8,6,11,8
THPACK9-021,plain,22,4,0,0,0,11,14,10
THPACK9-022,laff,0,3,0,0,0,12,13,8
THPACK9-022,laff,0,1,12,0,0,9,15,5
THPACK9-022,laff,0,3,0,0,8,12,13,8
THPACK9-022,laff,0,1,12,0,8,9,15,5
THPACK9-022,laff,0,3,0,0,16,12,13,8
THPACK9-022,laff,0,1,12,0,16,9,15,5
THPACK9-022,laff,0,1,0,0,24,9,15,5
THPACK9-022,laff,0,1,9,0,24,9,15,5
THPACK9-022,laff,1,3,0,0,0,12,13,8
THPACK9-022,laff,1,1,12,0,0,9,15,5
THPACK9-022,laff,1,3,0,0,8,12,13,8
THPACK9-022,laff,1,1,12,0,8,9,15,5
THPACK9-022,laff,1,3,0,0,16,12,13,8
THPACK9-022,laff,1,1,12,0,16,9,15,5
THPACK9-022,laff,1,1,0,0,24,9,15,5
THPACK9-022,laff,1,1,9,0,24,9,15,5
THPACK9-022,laff,2,3,0,0,0,12,13,8
THPACK9-022,laff,2,1,12,0,0,9,15,5
THPACK9-022,laff,2,3,0,0,8,12,13,8
THPACK9-022,laff,2,1,12,0,8,9,15,5
THPACK9-022,laff,2,3,0,0,16,12,13,8
THPACK9-022,laff,2,1,12,0,16,9,15,5
THPACK9-022,laff,2,1,0,0,24,9,15,5
THPACK9-022,laff,2,1,9,0,24,9,15,5
THPACK9-022,laff,3,3,0,0,0,12,13,8
THPACK9-022,laff,3,1,12,0,0,9,15,5
THPACK9-022,laff,3,3,0,0,8,12,13,8
THPACK9-022,laff,3,1,12,0,8,9,15,5
THPACK9-022,laff,3,3,0,0,16,12,13,8
THPACK9-022,laff,3,0,12,0,16,6,11,8
THPACK9-022,laff,3,0,12,11,16,11,6,8
THPACK9-022,laff,3,2,0,0,24,7,13,4
THPACK9-022,laff,3,2,7,0,24,7,13,4
THPACK9-022,laff,3,2,14,0,24,7,13,4
THPACK9-022,laff,4,3,0,0,0,12,13,8
THPACK9-022,laff,4,0,12,0,0,6,11,8
THPACK9-022,laff,4,0,12,11,0,11,6,8
THPACK9-022,laff,4,3,0,0,8,12,13,8
THPACK9-022,laff,4,0,12,0,8,6,11,8
THPACK9-022,laff,4,0,12,11,8,11,6,8
THPACK9-022,laff,4,3,0,0,16,12,13,8
THPACK9-022,laff,4,0,12,0,16,6,11,8
THPACK9-022,laff,4,0,12,11,16,11,6,8
THPACK9-022,laff,4,2,0,0,24,7,13,4
THPACK9-022,laff,4,2,7,0,24,7,13,4
THPACK9-022,laff,4,2,14,0,24,7,13,4
THPACK9-022,laff,5,3,0,0,0,12,13,8
THPACK9-022,laff,5,0,12,0,0,6,11,8
THPACK9-022,laff,5,0,12,11,0,11,6,8
THPACK9-022,laff,5,3,0,0,8,12,13,8
THPACK9-022,laff,5,0,12,0,8,6,11,8
THPACK9-022,laff,5,0,12,11,8,11,6,8
THPACK9-022,laff,5,3,0,0,16,12,13,8
THPACK9-022,laff,5,0,12,0,16,6,11,8
THPACK9-022,laff,5,0,12,11,16,11,6,8
THPACK9-022,laff,5,2,0,0,24,7,13,4
THPACK9-022,laff,5,2,7,0,24,7,13,4
THPACK9-022,laff,5,2,14,0,24,7,13,4
THPACK9-022,laff,6,3,0,0,0,12,13,8
THPACK9-022,laff,6,0,12,0,0,6,11,8
THPACK9-022,laff,6,0,12,11,0,11,6,8
THPACK9-022,laff,6,3,0,0,8,12,13,8
THPACK9-022,laff,6,0,12,0,8,6,11,8
THPACK9-022,laff,6,0,12,11,8,11,6,8
THPACK9-022,laff,6,3,0,0,16,12,13,8
THPACK9-022,laff,6,0,12,0,16,6,11,8
THPACK9-022,laff,6,0,12,11,16,11,6,8
THPACK9-022,laff,6,2,0,0,24,7,13,4
THPACK9-022,laff,6,2,7,0,24,7,13,4
THPACK9-022,laff,6,2,14,0,24,7,13,4
THPACK9-022,laff,7,3,0,0,0,12,13,8
THPACK9-022,laff,7,2,0,13,0,13,4,7
THPACK9-022,laff,7,3,0,0,8,12,13,8
THPACK9-022,laff,7,3,0,0,16,12,13,8
THPACK9-022,laff,8,4,0,0,0,11,14,10
THPACK9-022,laff,8,4,11,0,0,11,14,10
THPACK9-022,laff,8,4,0,0,10,11,14,10
THPACK9-022,laff,8,4,11,0,10,11,14,10
THPACK9-022,laff,8,4,0,0,20,11,14,10
THPACK9-022,laff,8,4,11,0,20,11,14,10
THPACK9-022,laff,9,4,0,0,0,11,14,10
THPACK9-022,laff,9,4,11,0,0,11,14,10
THPACK9-022,laff,9,4,0,0,10,11,14,10
THPACK9-022,laff,9,4,11,0,10,11,14,10
THPACK9-022,laff,9,4,0,0,20,11,14,10
THPACK9-022,laff,9,4,11,0,20,11,14,10
THPACK9-022,laff,10,4,0,0,0,11,14,10
THPACK9-022,laff,10,4,11,0,0,11,14,10
THPACK9-022,laff,10,4,0,0,10,11,14,10
THPACK9-022,laff,10,4,11,0,10,11,14,10
THPACK9-022,laff,10,4,0,0,20,11,14,10
THPACK9-022,laff,10,4,11,0,20,11,14,10
THPACK9-022,laff,11,4,0,0,0,11,14,10
THPACK9-022,laff,11,4,11,0,0,11,14,10
THPACK9-022,laff,11,4,0,0,10,11,14,10
THPACK9-022,plain,0,3,0,0,0,12,13,8
THPACK9-022,plain,0,3,0,0,8,12,13,8
THPACK9-022,plain,0,3,0,0,16,12,13,8
THPACK9-022,plain,0,0,0,0,24,11,8,6
THPACK9-022,plain,0,4,12,0,0,11,14,10
THPACK9-022,plain,0,4,12,0,10,11,14,10
THPACK9-022,plain,0,4,12,0,20,11,14,10
THPACK9-022,plain,0,1,0,13,0,9,5,15
THPACK9-022,plain,0,1,0,13,15,9,5,15
THPACK9-022,plain,0,2,9,14,0,13,4,7
THPACK9-022,plain,0,2,9,14,7,13,4,7
THPACK9-022,plain,0,2,9,14,14,13,4,7
THPACK9-022,plain,0,2,9,14,21,13,4,7
THPACK9-022,plain,1,3,0,0,0,12,13,8
THPACK9-022,plain,1,3,0,0,8,12,13,8
THPACK9-022,plain,1,3,0,0,16,12,13,8
THPACK9-022,plain,1,0,0,0,24,11,8,6
THPACK9-022,plain,1,4,12,0,0,11,14,10
THPACK9-022,plain,1,4,12,0,10,11,14,10
THPACK9-022,plain,1,4,12,0,20,11,14,10
THPACK9-022,plain,1,1,0,13,0,9,5,15
THPACK9-022,plain,1,1,0,13,15,9,5,15
THPACK9-022,plain,1,2,9,14,0,13,4,7
THPACK9-022,plain,1,2,9,14,7,13,4,7
THPACK9-022,plain,1,2,9,14,14,13,4,7
THPACK9-022,plain,1,2,9,14,21,13,4,7
THPACK9-022,plain,2,3,0,0,0,12,13,8
THPACK9-022,plain,2,3,0,0,8,12,13,8
THPACK9-022,plain,2,3,0,0,16,12,13,8
THPACK9-022,plain,2,0,0,0,24,11,8,6
THPACK9-022,plain,2,4,12,0,0,11,14,10
THPACK9-022,plain,2,4,12,0,10,11,14,10
THPACK9-022,plain,2,4,12,0,20,11,14,10
THPACK9-022,plain,2,1,0,13,0,9,5,15
THPACK9-022,plain,2,1,0,13,15,9,5,15
THPACK9-022,plain,2,2,9,14,0,13,4,7
THPACK9-022,plain,2,2,9,14,7,13,4,7
THPACK9-022,plain,2,2,9,14,14,13,4,7
THPACK9-022,plain,2,2,9,14,21,13,4,7
THPACK9-022,plain,3,3,0,0,0,12,13,8
THPACK9-022,plain,3,3,0,0,8,12,13,8
THPACK9-022,plain,3,3,0,0,16,12,13,8
THPACK9-022,plain,3,0,0,0,24,11,8,6
THPACK9-022,plain,3,4,12,0,0,11,14,10
THPACK9-022,plain,3,4,12,0,10,11,14,10
THPACK9-022,plain,3,4,12,0,20,11,14,10
THPACK9-022,plain,3,1,0,13,0,9,5,15
THPACK9-022,plain,3,1,0,13,15,9,5,15
THPACK9-022,plain,3,2,9,14,0,13,4,7
THPACK9-022,plain,4,3,0,0,0,12,13,8
THPACK9-022,plain,4,3,0,0,8,12,13,8
THPACK9-022,plain,4,3,0,0,16,12,13,8
THPACK9-022,plain,4,0,0,0,24,11,8,6
THPACK9-022,plain,4,4,12,0,0,11,14,10
THPACK9-022,plain,4,4,12,0,10,11,14,10
THPACK9-022,plain,4,4,12,0,20,11,14,10
THPACK9-022,plain,4,1,0,13,0,9,5,15
THPACK9-022,plain,4,1,0,13,15,9,5,15
THPACK9-022,plain,5,3,0,0,0,12,13,8
THPACK9-022,plain,5,3,0,0,8,12,13,8
THPACK9-022,plain,5,3,0,0,16,12,13,8
THPACK9-022,plain,5,0,0,0,24,11,8,6
THPACK9-022,plain,5,4,12,0,0,11,14,10
THPACK9-022,plain,5,4,12,0,10,11,14,10
THPACK9-022,plain,5,4,12,0,20,11,14,10
THPACK9-022,plain,5,1,0,13,0,9,5,15
THPACK9-022,plain,5,1,0,13,15,9,5,15
THPACK9-022,plain,6,3,0,0,0,12,13,8
THPACK9-022,plain,6,3,0,0,8,12,13,8
THPACK9-022,plain,6,3,0,0,16,12,13,8
THPACK9-022,plain,6,0,0,0,24,11,8,6
THPACK9-022,plain,6,4,12,0,0,11,14,10
THPACK9-022,plain,6,4,12,0,10,11,14,10
THPACK9-022,plain,6,4,12,0,20,11,14,10
THPACK9-022,plain,6,1,0,13,0,9,5,15
THPACK9-022,plain,6,1,0,13,15,9,5,15
THPACK9-022,plain,7,3,0,0,0,12,13,8
THPACK9-022,plain,7,3,0,0,8,12,13,8
THPACK9-022,plain,7,3,0,0,16,12,13,8
THPACK9-022,plain,7,0,0,0,24,11,8,6
THPACK9-022,plain,7,1,12,0,0,9,15,5
THPACK9-022,plain,7,1,12,0,5,9,15,5
THPACK9-022,plain,7,1,12,0,10,9,15,5
THPACK9-022,plain,7,0,12,0,15,8,11,6
THPACK9-022,plain,7,0,12,0,21,8,11,6
THPACK9-022,plain,7,0,12,11,15,8,6,11
THPACK9-022,plain,7,0,0,8,24,11,8,6
THPACK9-022,plain,8,0,0,0,0,11,8,6
THPACK9-022,plain,8,0,0,0,6,11,8,6
THPACK9-022,plain,8,0,0,0,12,11,8,6
THPACK9-022,plain,8,0,0,0,18,11,8,6
THPACK9-022,plain,8,0,0,0,24,11,8,6
THPACK9-022,plain,8,0,0,8,0,11,8,6
THPACK9-022,plain,8,0,0,8,6,11,8,6
THPACK9-022,plain,8,0,0,8,12,11,8,6
THPACK9-023,laff,0,3,0,0,0,13,12,8
THPACK9-023,laff,0,3,0,0,8,13,12,8
THPACK9-023,laff,0,3,0,0,16,13,12,8
THPACK9-023,laff,0,1,0,0,24,15,9,5
THPACK9-023,laff,1,3,0,0,0,13,12,8
THPACK9-023,laff,1,3,0,0,8,13,12,8
THPACK9-023,laff,1,3,0,0,16,13,12,8
THPACK9-023,laff,1,1,0,0,24,15,9,5
THPACK9-023,laff,2,3,0,0,0,13,12,8
THPACK9-023,laff,2,3,0,0,8,13,12,8
THPACK9-023,laff,2,3,0,0,16,13,12,8
THPACK9-023,laff,2,1,0,0,24,15,9,5
THPACK9-023,laff,3,3,0,0,0,13,12,8
THPACK9-023,laff,3,3,0,0,8,13,12,8
THPACK9-023,laff,3,3,0,0,16,13,12,8
THPACK9-023,laff,3,1,0,0,24,15,9,5
THPACK9-023,laff,4,3,0,0,0,13,12,8
THPACK9-023,laff,4,3,0,0,8,13,12,8
THPACK9-023,laff,4,3,0,0,16,13,12,8
THPACK9-023,laff,4,1,0,0,24,15,9,5
THPACK9-023,laff,5,3,0,0,0,13,12,8
THPACK9-023,laff,5,3,0,0,8,13,12,8
THPACK9-023,laff,5,3,0,0,16,13,12,8
THPACK9-023,laff,5,1,0,0,24,15,9,5
THPACK9-023,laff,6,3,0,0,0,13,12,8
THPACK9-023,laff,6,3,0,0,8,13,12,8
THPACK9-023,laff,6,3,0,0,16,13,12,8
THPACK9-023,laff,6,1,0,0,24,15,9,5
THPACK9-023,laff,7,3,0,0,0,13,12,8
THPACK9-023,laff,7,3,0,0,8,13,12,8
THPACK9-023,laff,7,3,0,0,16,13,12,8
THPACK9-023,laff,7,1,0,0,24,15,9,5
THPACK9-023,laff,8,4,0,0,0,14,11,10
THPACK9-023,laff,8,4,0,0,10,14,11,10
THPACK9-023,laff,8,4,0,0,20,14,11,10
THPACK9-023,laff,9,4,0,0,0,14,11,10
THPACK9-023,laff,9,4,0,0,10,14,11,10
THPACK9-023,laff,9,4,0,0,20,14,11,10
THPACK9-023,laff,10,4,0,0,0,14,11,10
THPACK9-023,laff,10,4,0,0,10,14,11,10
THPACK9-023,laff,10,4,0,0,20,14,11,10
THPACK9-023,laff,11,4,0,0,0,14,11,10
THPACK9-023,laff,11,4,0,0,10,14,11,10
THPACK9-023,laff,11,4,0,0,20,14,11,10
THPACK9-023,laff,12,4,0,0,0,14,11,10
THPACK9-023,laff,12,4,0,0,10,14,11,10
THPACK9-023,laff,12,4,0,0,20,14,11,10
THPACK9-023,laff,13,4,0,0,0,14,11,10
THPACK9-023,laff,13,4,0,0,10,14,11,10
THPACK9-023,laff,13,4,0,0,20,14,11,10
THPACK9-023,laff,14,4,0,0,0,14,11,10
THPACK9-023,laff,14,4,0,0,10,14,11,10
THPACK9-023,laff,14,4,0,0,20,14,11,10
THPACK9-023,laff,15,1,0,0,0,15,9,5
THPACK9-023,laff,15,1,0,0,5,15,9,5
THPACK9-023,laff,15,1,0,0,10,15,9,5
THPACK9-023,laff,15,1,0,0,15,15,9,5
THPACK9-023,laff,15,1,0,0,20,15,9,5
THPACK9-023,laff,15,1,0,0,25,15,9,5
THPACK9-023,laff,16,1,0,0,0,15,9,5
THPACK9-023,laff,16,1,0,0,5,15,9,5
THPACK9-023,laff,16,1,0,0,10,15,9,5
THPACK9-023,laff,16,2,0,0,15,13,7,4
THPACK9-023,laff,16,2,0,0,19,13,7,4
THPACK9-023,laff,16,2,0,0,23,13,7,4
THPACK9-023,laff,17,2,0,0,0,13,7,4
THPACK9-023,laff,17,2,0,0,4,13,7,4
THPACK9-023,laff,17,2,0,0,8,13,7,4
THPACK9-023,laff,17,2,0,0,12,13,7,4
THPACK9-023,laff,17,2,0,0,16,13,7,4
THPACK9-023,laff,17,2,0,0,20,13,7,4
THPACK9-023,laff,17,2,0,0,24,13,7,4
THPACK9-023,laff,18,2,0,0,0,13,7,4
THPACK9-023,laff,18,2,0,0,4,13,7,4
THPACK9-023,laff,18,2,0,0,8,13,7,4
THPACK9-023,laff,18,0,0,0,12,11,8,6
THPACK9-023,laff,18,0,0,0,18,11,8,6
THPACK9-023,laff,18,0,0,0,24,11,8,6
THPACK9-023,laff,19,0,0,0,0,11,8,6
THPACK9-023,laff,19,0,0,0,6,11,8,6
THPACK9-023,laff,19,0,0,0,12,11,8,6
THPACK9-023,laff,19,0,0,0,18,11,8,6
THPACK9-023,laff,19,0,0,0,24,11,8,6
THPACK9-023,laff,20,0,0,0,0,11,8,6
THPACK9-023,laff,20,0,0,0,6,11,8,6
THPACK9-023,laff,20,0,0,0,12,11,8,6
THPACK9-023,laff,20,0,0,0,18,11,8,6
THPACK9-023,laff,20,0,0,0,24,11,8,6
THPACK9-023,laff,21,0,0,0,0,11,8,6
THPACK9-023,laff,21,0,0,0,6,11,8,6
THPACK9-023,laff,21,0,0,0,12,11,8,6
THPACK9-023,laff,21,0,0,0,18,11,8,6
THPACK9-023,laff,21,0,0,0,24,11,8,6
THPACK9-023,laff,22,0,0,0,0,11,8,6
THPACK9-023,laff,22,0,0,0,6,11,8,6
THPACK9-023,plain,0,3,0,0,0,13,12,8
THPACK9-023,plain,0,3,0,0,8,13,12,8
THPACK9-023,plain,0,3,0,0,16,13,12,8
THPACK9-023,plain,0,0,0,0,24,11,8,6
THPACK9-023,plain,1,3,0,0,0,13,12,8
THPACK9-023,plain,1,3,0,0,8,13,12,8
THPACK9-023,plain,1,3,0,0,16,13,12,8
THPACK9-023,plain,1,0,0,0,24,11,8,6
THPACK9-023,plain,2,3,0,0,0,13,12,8
THPACK9-023,plain,2,3,0,0,8,13,12,8
THPACK9-023,plain,2,3,0,0,16,13,12,8
THPACK9-023,plain,2,0,0,0,24,11,8,6
THPACK9-023,plain,3,3,0,0,0,13,12,8
THPACK9-023,plain,3,3,0,0,8,13,12,8
THPACK9-023,plain,3,3,0,0,16,13,12,8
THPACK9-023,plain,3,0,0,0,24,11,8,6
THPACK9-023,plain,4,3,0,0,0,13,12,8
THPACK9-023,plain,4,3,0,0,8,13,12,8
THPACK9-023,plain,4,3,0,0,16,13,12,8
THPACK9-023,plain,4,0,0,0,24,11,8,6
THPACK9-023,plain,5,3,0,0,0,13,12,8
THPACK9-023,plain,5,3,0,0,8,13,12,8
THPACK9-023,plain,5,3,0,0,16,13,12,8
THPACK9-023,plain,5,0,0,0,24,11,8,6
THPACK9-023,plain,6,3,0,0,0,13,12,8
THPACK9-023,plain,6,3,0,0,8,13,12,8
THPACK9-023,plain,6,3,0,0,16,13,12,8
THPACK9-023,plain,6,0,0,0,24,11,8,6
THPACK9-023,plain,7,3,0,0,0,13,12,8
THPACK9-023,plain,7,3,0,0,8,13,12,8
THPACK9-023,plain,7,3,0,0,16,13,12,8
THPACK9-023,plain,7,0,0,0,24,11,8,6
THPACK9-023,plain,8,4,0,0,0,14,11,10
THPACK9-023,plain,8,4,0,0,10,14,11,10
THPACK9-023,plain,8,4,0,0,20,14,11,10
THPACK9-023,plain,9,4,0,0,0,14,11,10
THPACK9-023,plain,9,4,0,0,10,14,11,10
THPACK9-023,plain,9,4,0,0,20,14,11,10
THPACK9-023,plain,10,4,0,0,0,14,11,10
THPACK9-023,plain,10,4,0,0,10,14,11,10
THPACK9-023,plain,10,4,0,0,20,14,11,10
THPACK9-023,plain,11,4,0,0,0,14,11,10
THPACK9-023,plain,11,4,0,0,10,14,11,10
THPACK9-023,plain,11,4,0,0,20,14,11,10
THPACK9-023,plain,12,4,0,0,0,14,11,10
THPACK9-023,plain,12,4,0,0,10,14,11,10
THPACK9-023,plain,12,4,0,0,20,14,11,10
THPACK9-023,plain,13,4,0,0,0,14,11,10
THPACK9-023,plain,13,4,0,0,10,14,11,10
THPACK9-023,plain,13,4,0,0,20,14,11,10
THPACK9-023,plain,14,4,0,0,0,14,11,10
THPACK9-023,plain,14,4,0,0,10,14,11,10
THPACK9-023,plain,14,4,0,0,20,14,11,10
THPACK9-023,plain,15,1,0,0,0,15,9,5
THPACK9-023,plain,15,1,0,0,5,15,9,5
THPACK9-023,plain,15,1,0,0,10,15,9,5
THPACK9-023,plain,15,1,0,0,15,15,9,5
THPACK9-023,plain,15,1,0,0,20,15,9,5
THPACK9-023,plain,15,1,0,0,25,15,9,5
THPACK9-023,plain,16,1,0,0,0,15,9,5
THPACK9-023,plain,16,1,0,0,5,15,9,5
THPACK9-023,plain,16,1,0,0,10,15,9,5
THPACK9-023,plain,16,1,0,0,15,15,9,5
THPACK9-023,plain,16,1,0,0,20,15,9,5
THPACK9-023,plain,16,1,0,0,25,15,9,5
THPACK9-023,plain,17,1,0,0,0,15,9,5
THPACK9-023,plain,17,1,0,0,5,15,9,5
THPACK9-023,plain,17,1,0,0,10,15,9,5
THPACK9-023,plain,17,1,0,0,15,15,9,5
THPACK9-023,plain,17,1,0,0,20,15,9,5
THPACK9-023,plain,17,2,0,0,25,13,7,4
THPACK9-023,plain,18,0,0,0,0,11,8,6
THPACK9-023,plain,18,0,0,0,6,11,8,6
THPACK9-023,plain,18,0,0,0,12,11,8,6
THPACK9-023,plain,18,0,0,0,18,11,8,6
THPACK9-023,plain,18,0,0,0,24,11,8,6
THPACK9-023,plain,18,2,0,8,0,13,4,7
THPACK9-023,plain,18,2,0,8,7,13,4,7
THPACK9-023,plain,18,2,0,8,14,13,4,7
THPACK9-023,plain,18,2,0,8,21,13,4,7
THPACK9-023,plain,18,2,11,0,0,4,7,13
THPACK9-023,plain,18,2,11,0,13,4,7,13
THPACK9-023,plain,19,0,0,0,0,11,8,6
THPACK9-023,plain,19,0,0,0,6,11,8,6
THPACK9-023,plain,19,0,0,0,12,11,8,6
THPACK9-023,plain,19,0,0,0,18,11,8,6
THPACK9-023,plain,19,0,0,0,24,11,8,6
THPACK9-023,plain,19,2,0,8,0,13,4,7
THPACK9-023,plain,19,2,0,8,7,13,4,7
THPACK9-023,plain,19,2,0,8,14,13,4,7
THPACK9-023,plain,19,2,0,8,21,13,4,7
THPACK9-023,plain,19,2,11,0,0,4,7,13
THPACK9-023,plain,19,2,11,0,13,4,7,13
THPACK9-023,plain,20,0,0,0,0,11,8,6
THPACK9-023,plain,20,0,0,0,6,11,8,6
THPACK9-024,laff,0,3,0,0,0,14,15,11
THPACK9-024,laff,0,3,14,0,0,14,15,11
THPACK9-024,laff,0,0,28,0,0,10,13,11
THPACK9-024,laff,0,1,28,13,0,8,9,10
THPACK9-024,laff,0,3,0,0,11,14,15,11
THPACK9-024,laff,0,3,14,0,11,14,15,11
THPACK9-024,laff,0,0,28,0,11,10,13,11
THPACK9-024,laff,0,1,28,13,11,8,9,10
THPACK9-024,laff,1,3,0,0,0,14,15,11
THPACK9-024,laff,1,3,14,0,0,14,15,11
THPACK9-024,laff,1,0,28,0,0,10,13,11
THPACK9-024,laff,1,1,28,13,0,8,9,10
THPACK9-024,laff,1,3,0,0,11,14,15,11
THPACK9-024,laff,1,3,14,0,11,14,15,11
THPACK9-024,laff,1,0,28,0,11,10,13,11
THPACK9-024,laff,1,1,28,13,11,8,9,10
THPACK9-024,laff,2,3,0,0,0,14,15,11
THPACK9-024,laff,2,3,14,0,0,14,15,11
THPACK9-024,laff,2,0,28,0,0,10,13,11
THPACK9-024,laff,2,1,28,13,0,8,9,10
THPACK9-024,laff,2,3,0,0,11,14,15,11
THPACK9-024,laff,2,3,14,0,11,14,15,11
THPACK9-024,laff,2,0,28,0,11,10,13,11
THPACK9-024,laff,2,1,28,13,11,8,9,10
THPACK9-024,laff,3,3,0,0,0,14,15,11
THPACK9-024,laff,3,3,14,0,0,14,15,11
THPACK9-024,laff,3,0,28,0,0,10,13,11
THPACK9-024,laff,3,1,28,13,0,8,9,10
THPACK9-024,laff,3,3,0,0,11,14,15,11
THPACK9-024,laff,3,3,14,0,11,14,15,11
THPACK9-024,laff,3,0,28,0,11,10,13,11
THPACK9-024,laff,3,1,28,13,11,8,9,10
THPACK9-024,laff,4,3,0,0,0,14,15,11
THPACK9-024,laff,4,3,14,0,0,14,15,11
THPACK9-024,laff,4,0,28,0,0,10,13,11
THPACK9-024,laff,4,1,28,13,0,8,9,10
THPACK9-024,laff,4,3,0,0,11,14,15,11
THPACK9-024,laff,4,3,14,0,11,14,15,11
THPACK9-024,laff,4,0,28,0,11,10,13,11
THPACK9-024,laff,4,1,28,13,11,8,9,10
THPACK9-024,laff,5,3,0,0,0,14,15,11
THPACK9-024,laff,5,3,14,0,0,14,15,11
THPACK9-024,laff,5,0,28,0,0,10,13,11
THPACK9-024,laff,5,1,28,13,0,8,9,10
THPACK9-024,laff,5,2,0,0,11,15,12,7
THPACK9-024,laff,5,2,15,0,11,15,12,7
THPACK9-024,laff,5,2,0,0,18,15,12,7
THPACK9-024,laff,5,2,15,0,18,15,12,7
THPACK9-024,laff,6,2,0,0,0,15,12,7
THPACK9-024,laff,6,2,15,0,0,15,12,7
THPACK9-024,laff,6,2,0,0,7,15,12,7
THPACK9-024,laff,6,2,15,0,7,15,12,7
THPACK9-024,laff,6,2,0,0,14,15,12,7
THPACK9-024,laff,6,2,15,0,14,15,12,7
THPACK9-024,laff,7,2,0,0,0,15,12,7
THPACK9-024,laff,7,2,15,0,0,15,12,7
THPACK9-024,laff,7,0,0,0,7,11,13,10
THPACK9-024,laff,7,0,11,0,7,11,13,10
THPACK9-024,laff,7,0,22,0,7,11,13,10
THPACK9-024,laff,7,1,0,13,7,8,9,10
THPACK9-024,laff,7,1,8,13,7,8,9,10
THPACK9-024,laff,7,1,16,13,7,8,9,10
THPACK9-024,laff,7,1,24,13,7,8,9,10
THPACK9-024,laff,7,1,32,13,7,8,9,10
THPACK9-024,laff,7,1,0,0,17,10,9,8
THPACK9-024,laff,7,1,0,9,17,10,9,8
THPACK9-024,laff,7,1,10,0,17,10,9,8
THPACK9-024,laff,7,1,10,9,17,10,9,8
THPACK9-024,laff,8,0,0,0,0,11,13,10
THPACK9-024,laff,8,0,11,0,0,11,13,10
THPACK9-024,laff,8,0,22,0,0,11,13,10
THPACK9-024,laff,8,0,0,0,10,11,13,10
THPACK9-024,plain,0,3,0,0,0,14,15,11
THPACK9-024,plain,0,3,0,0,11,14,15,11
THPACK9-024,plain,0,3,14,0,0,14,15,11
THPACK9-024,plain,0,3,14,0,11,14,15,11
THPACK9-024,plain,0,3,28,0,0,11,15,14
THPACK9-024,plain,0,0,28,0,14,11,13,10
THPACK9-024,plain,0,2,0,15,0,15,7,12
THPACK9-024,plain,0,2,0,15,12,15,7,12
THPACK9-024,plain,0,2,15,15,0,15,7,12
THPACK9-024,plain,0,2,15,15,12,15,7,12
THPACK9-024,plain,0,1,30,13,14,9,8,10
THPACK9-024,plain,1,3,0,0,0,14,15,11
THPACK9-024,plain,1,3,0,0,11,14,15,11
THPACK9-024,plain,1,3,14,0,0,14,15,11
THPACK9-024,plain,1,3,14,0,11,14,15,11
THPACK9-024,plain,1,3,28,0,0,11,15,14
THPACK9-024,plain,1,0,28,0,14,11,13,10
THPACK9-024,plain,1,2,0,15,0,15,7,12
THPACK9-024,plain,1,2,0,15,12,15,7,12
THPACK9-024,plain,1,2,15,15,0,15,7,12
THPACK9-024,plain,1,2,15,15,12,15,7,12
THPACK9-024,plain,1,1,30,13,14,9,8,10
THPACK9-024,plain,2,3,0,0,0,14,15,11
THPACK9-024,plain,2,3,0,0,11,14,15,11
THPACK9-024,plain,2,3,14,0,0,14,15,11
THPACK9-024,plain,2,3,14,0,11,14,15,11
THPACK9-024,plain,2,3,28,0,0,11,15,14
THPACK9-024,plain,2,0,28,0,14,11,13,10
THPACK9-024,plain,2,2,0,15,0,15,7,12
THPACK9-024,plain,2,2,0,15,12,15,7,12
THPACK9-024,plain,2,2,15,15,0,15,7,12
THPACK9-024,plain,2,2,15,15,12,15,7,12
THPACK9-024,plain,2,1,30,13,14,9,8,10
THPACK9-024,plain,3,3,0,0,0,14,15,11
THPACK9-024,plain,3,3,0,0,11,14,15,11
THPACK9-024,plain,3,3,14,0,0,14,15,11
THPACK9-024,plain,3,3,14,0,11,14,15,11
THPACK9-024,plain,3,3,28,0,0,11,15,14
THPACK9-024,plain,3,0,28,0,14,11,13,10
THPACK9-024,plain,3,1,28,13,14,10,8,9
THPACK9-024,plain,4,3,0,0,0,14,15,11
THPACK9-024,plain,4,3,0,0,11,14,15,11
THPACK9-024,plain,4,0,14,0,0,11,13,10
THPACK9-024,plain,4,0,14,0,10,11,13,10
THPACK9-024,plain,4,0,25,0,0,11,13,10
THPACK9-024,plain,4,0,25,0,10,11,13,10
THPACK9-024,plain,4,1,14,13,0,10,9,8
THPACK9-024,plain,4,1,14,13,8,10,9,8
THPACK9-024,plain,4,1,14,13,16,10,9,8
THPACK9-024,plain,4,1,24,13,0,10,9,8
THPACK9-024,plain,4,1,24,13,8,10,9,8
THPACK9-024,plain,4,1,24,13,16,10,9,8
THPACK9-024,plain,5,0,0,0,0,11,13,10
THPACK9-024,plain,5,0,0,0,10,11,13,10
THPACK9-024,plain,5,0,11,0,0,11,13,10
THPACK9-024,plain,5,0,11,0,10,11,13,10
THPACK9-024,plain,5,0,22,0,0,11,13,10
THPACK9-024,plain,5,0,22,0,10,11,13,10
THPACK9-024,plain,5,1,0,13,0,10,9,8
THPACK9-024,plain,5,1,0,13,8,10,9,8
THPACK9-024,plain,5,1,0,13,16,10,9,8
THPACK9-024,plain,5,1,10,13,0,10,9,8
THPACK9-024,plain,5,1,10,13,8,10,9,8
THPACK9-024,plain,5,1,10,13,16,10,9,8
THPACK9-024,plain,5,1,20,13,0,10,9,8
THPACK9-024,plain,5,1,20,13,8,10,9,8
THPACK9-024,plain,5,1,20,13,16,10,9,8
THPACK9-024,plain,5,1,30,13,0,10,9,8
THPACK9-024,plain,6,0,0,0,0,11,13,10
THPACK9-024,plain,6,0,0,0,10,11,13,10
THPACK9-024,plain,6,0,11,0,0,11,13,10
THPACK9-024,plain,6,0,11,0,10,11,13,10
THPACK9-025,laff,0,3,0,0,0,14,15,11
THPACK9-025,laff,0,3,0,15,0,14,15,11
THPACK9-025,laff,0,3,14,0,0,14,15,11
THPACK9-025,laff,0,3,14,15,0,14,15,11
THPACK9-025,laff,0,3,0,0,11,14,15,11
THPACK9-025,laff,0,3,0,15,11,14,15,11
THPACK9-025,laff,0,3,14,0,11,14,15,11
THPACK9-025,laff,0,3,14,15,11,14,15,11
THPACK9-025,laff,0,2,0,0,22,15,12,7
THPACK9-025,laff,0,2,0,12,22,15,12,7
THPACK9-025,laff,0,2,15,0,22,15,12,7
THPACK9-025,laff,0,2,15,12,22,15,12,7
THPACK9-025,laff,1,3,0,0,0,14,15,11
THPACK9-025,laff,1,3,0,15,0,14,15,11
THPACK9-025,laff,1,3,14,0,0,14,15,11
THPACK9-025,laff,1,3,14,15,0,14,15,11
THPACK9-025,laff,1,3,0,0,11,14,15,11
THPACK9-025,laff,1,3,0,15,11,14,15,11
THPACK9-025,laff,1,3,14,0,11,14,15,11
THPACK9-025,laff,1,3,14,15,11,14,15,11
THPACK9-025,laff,1,2,0,0,22,15,12,7
THPACK9-025,laff,1,2,0,12,22,15,12,7
THPACK9-025,laff,1,2,15,0,22,15,12,7
THPACK9-025,laff,1,2,15,12,22,15,12,7
THPACK9-025,laff,2,3,0,0,0,14,15,11
THPACK9-025,laff,2,3,0,15,0,14,15,11
THPACK9-025,laff,2,3,14,0,0,14,15,11
THPACK9-025,laff,2,3,14,15,0,14,15,11
THPACK9-025,laff,2,3,0,0,11,14,15,11
THPACK9-025,laff,2,3,0,15,11,14,15,11
THPACK9-025,laff,2,0,14,0,11,10,13,11
THPACK9-025,laff,2,0,14,13,11,10,13,11
THPACK9-025,laff,2,2,0,0,22,15,12,7
THPACK9-025,laff,2,2,0,12,22,15,12,7
THPACK9-025,laff,2,2,15,0,22,15,12,7
THPACK9-025,laff,2,2,15,12,22,15,12,7
THPACK9-025,laff,3,0,0,0,0,11,13,10
THPACK9-025,laff,3,0,0,13,0,11,13,10
THPACK9-025,laff,3,0,11,0,0,11,13,10
THPACK9-025,laff,3,0,11,13,0,11,13,10
THPACK9-025,laff,3,1,22,0,0,8,9,10
THPACK9-025,laff,3,1,22,9,0,8,9,10
THPACK9-025,laff,3,1,22,18,0,8,9,10
THPACK9-025,laff,3,0,0,0,10,11,13,10
THPACK9-025,laff,3,0,0,13,10,11,13,10
THPACK9-025,laff,3,0,11,0,10,11,13,10
THPACK9-025,laff,3,0,11,13,10,11,13,10
THPACK9-025,laff,3,1,22,0,10,8,9,10
THPACK9-025,laff,3,1,22,9,10,8,9,10
THPACK9-025,laff,3,1,22,18,10,8,9,10
THPACK9-025,laff,3,0,0,0,20,11,13,10
THPACK9-025,laff,3,0,0,13,20,11,13,10
THPACK9-025,laff,3,0,11,0,20,11,13,10
THPACK9-025,laff,3,0,11,13,20,11,13,10
THPACK9-025,laff,3,1,22,0,20,8,9,10
THPACK9-025,laff,3,1,22,9,20,8,9,10
THPACK9-025,laff,3,1,22,18,20,8,9,10
THPACK9-025,laff,4,0,0,0,0,11,13,10
THPACK9-025,laff,4,0,0,13,0,11,13,10
THPACK9-025,laff,4,0,11,0,0,11,13,10
THPACK9-025,laff,4,0,11,13,0,11,13,10
THPACK9-025,laff,4,1,22,0,0,8,9,10
THPACK9-025,laff,4,1,22,9,0,8,9,10
THPACK9-025,laff,4,1,22,18,0,8,9,10
THPACK9-025,laff,4,1,0,0,10,10,9,8
THPACK9-025,laff,4,1,0,9,10,10,9,8
THPACK9-025,laff,4,1,0,18,10,10,9,8
THPACK9-025,laff,4,1,10,0,10,10,9,8
THPACK9-025,laff,4,1,10,9,10,10,9,8
THPACK9-025,laff,4,1,10,18,10,10,9,8
THPACK9-025,laff,4,1,20,0,10,10,9,8
THPACK9-025,laff,4,1,20,9,10,10,9,8
THPACK9-025,plain,0,3,0,0,0,14,15,11
THPACK9-025,plain,0,3,0,0,11,14,15,11
THPACK9-025,plain,0,3,0,15,0,14,15,11
THPACK9-025,plain,0,3,0,15,11,14,15,11
THPACK9-025,plain,0,3,14,0,0,14,15,11
THPACK9-025,plain,0,3,14,0,11,14,15,11
THPACK9-025,plain,0,3,14,15,0,14,15,11
THPACK9-025,plain,0,3,14,15,11,14,15,11
THPACK9-025,plain,0,2,0,0,22,15,12,7
THPACK9-025,plain,0,2,0,12,22,15,12,7
THPACK9-025,plain,0,2,15,0,22,12,15,7
THPACK9-025,plain,0,2,15,15,22,12,15,7
THPACK9-025,plain,1,3,0,0,0,14,15,11
THPACK9-025,plain,1,3,0,0,11,14,15,11
THPACK9-025,plain,1,3,0,15,0,14,15,11
THPACK9-025,plain,1,3,0,15,11,14,15,11
THPACK9-025,plain,1,3,14,0,0,14,15,11
THPACK9-025,plain,1,3,14,0,11,14,15,11
THPACK9-025,plain,1,3,14,15,0,14,15,11
THPACK9-025,plain,1,3,14,15,11,14,15,11
THPACK9-025,plain,1,2,0,0,22,15,12,7
THPACK9-025,plain,1,2,0,12,22,15,12,7
THPACK9-025,plain,1,2,15,0,22,12,15,7
THPACK9-025,plain,1,2,15,15,22,12,15,7
THPACK9-025,plain,2,3,0,0,0,14,15,11
THPACK9-025,plain,2,3,0,0,11,14,15,11
THPACK9-025,plain,2,3,0,15,0,14,15,11
THPACK9-025,plain,2,3,0,15,11,14,15,11
THPACK9-025,plain,2,3,14,0,0,14,15,11
THPACK9-025,plain,2,3,14,0,11,14,15,11
THPACK9-025,plain,2,0,14,15,0,11,13,10
THPACK9-025,plain,2,0,14,15,10,11,13,10
THPACK9-025,plain,2,0,14,15,20,11,13,10
THPACK9-025,plain,2,2,0,0,22,12,15,7
THPACK9-025,plain,2,2,0,15,22,12,15,7
THPACK9-025,plain,2,2,12,0,22,15,12,7
THPACK9-025,plain,3,0,0,0,0,11,13,10
THPACK9-025,plain,3,0,0,0,10,11,13,10
THPACK9-025,plain,3,0,0,0,20,11,13,10
THPACK9-025,plain,3,0,0,13,0,11,13,10
THPACK9-025,plain,3,0,0,13,10,11,13,10
THPACK9-025,plain,3,0,0,13,20,11,13,10
THPACK9-025,plain,3,0,11,0,0,11,13,10
THPACK9-025,plain,3,0,11,0,10,11,13,10
THPACK9-025,plain,3,0,11,0,20,11,13,10
THPACK9-025,plain,3,0,11,13,0,11,13,10
THPACK9-025,plain,3,0,11,13,10,11,13,10
THPACK9-025,plain,3,0,11,13,20,11,13,10
THPACK9-025,plain,3,2,22,0,0,7,15,12
THPACK9-025,plain,3,1,22,15,0,8,10,9
THPACK9-025,plain,3,1,22,15,9,8,10,9
THPACK9-025,plain,3,1,22,0,12,8,10,9
THPACK9-025,plain,3,1,22,0,21,8,10,9
THPACK9-025,plain,3,1,22,10,18,8,10,9
THPACK9-025,plain,3,1,22,20,18,8,9,10
THPACK9-025,plain,4,0,0,0,0,11,13,10
THPACK9-025,plain,4,0,0,0,10,11,13,10
THPACK9-025,plain,4,0,0,0,20,11,13,10
THPACK9-025,plain,4,1,0,13,0,10,9,8
THPACK9-025,plain,4,1,0,13,8,10,9,8
THPACK9-025,plain,4,1,0,13,16,10,9,8
THPACK9-025,plain,4,1,10,13,0,10,9,8
THPACK9-025,plain,4,1,10,13,8,10,9,8
THPACK9-025,plain,4,1,10,13,16,10,9,8
THPACK9-025,plain,4,1,11,0,0,10,9,8
THPACK9-025,plain,4,1,11,0,8,10,9,8
THPACK9-025,plain,4,1,11,0,16,10,9,8
THPACK9-025,plain,4,1,20,9,0,10,9,8
THPACK9-025,plain,4,1,20,9,8,10,9,8
THPACK9-025,plain,4,1,20,9,16,10,9,8
THPACK9-025,plain,4,1,20,18,0,10,9,8
THPACK9-025,plain,4,1,20,18,8,10,9,8
THPACK9-026,laff,0,3,0,0,0,14,15,11
THPACK9-026,laff,0,3,0,15,0,14,15,11
THPACK9-026,laff,0,3,14,0,0,14,15,11
THPACK9-026,laff,0,3,14,15,0,14,15,11
THPACK9-026,laff,0,3,0,0,11,14,15,11
THPACK9-026,laff,0,3,0,15,11,14,15,11
THPACK9-026,laff,0,3,14,0,11,14,15,11
THPACK9-026,laff,0,3,14,15,11,14,15,11
THPACK9-026,laff,0,3,0,0,22,14,15,11
THPACK9-026,laff,0,3,0,15,22,14,15,11
THPACK9-026,laff,0,3,14,0,22,14,15,11
THPACK9-026,laff,0,3,14,15,22,14,15,11
THPACK9-026,laff,0,2,0,0,33,15,12,7
THPACK9-026,laff,0,2,0,12,33,15,12,7
THPACK9-026,laff,0,2,15,0,33,15,12,7
THPACK9-026,laff,0,2,15,12,33,15,12,7
THPACK9-026,laff,1,3,0,0,0,14,15,11
THPACK9-026,laff,1,3,0,15,0,14,15,11
THPACK9-026,laff,1,3,14,0,0,14,15,11
THPACK9-026,laff,1,3,14,15,0,14,15,11
THPACK9-026,laff,1,3,0,0,11,14,15,11
THPACK9-026,laff,1,3,0,15,11,14,15,11
THPACK9-026,laff,1,3,14,0,11,14,15,11
THPACK9-026,laff,1,3,14,15,11,14,15,11
THPACK9-026,laff,1,3,0,0,22,14,15,11
THPACK9-026,laff,1,3,0,15,22,14,15,11
THPACK9-026,laff,1,0,14,0,22,10,13,11
THPACK9-026,laff,1,0,14,13,22,10,13,11
THPACK9-026,laff,1,0,24,0,22,10,13,11
THPACK9-026,laff,1,0,24,13,22,10,13,11
THPACK9-026,laff,1,2,0,0,33,15,12,7
THPACK9-026,laff,1,2,0,12,33,15,12,7
THPACK9-026,laff,1,2,15,0,33,15,12,7
THPACK9-026,laff,1,2,15,12,33,15,12,7
THPACK9-026,laff,2,2,0,0,0,15,12,7
THPACK9-026,laff,2,2,0,12,0,15,12,7
THPACK9-026,laff,2,2,15,0,0,15,12,7
THPACK9-026,laff,2,2,15,12,0,15,12,7
THPACK9-026,laff,2,0,0,0,7,11,13,10
THPACK9-026,laff,2,0,0,13,7,11,13,10
THPACK9-026,laff,2,0,11,0,7,11,13,10
THPACK9-026,laff,2,0,11,13,7,11,13,10
THPACK9-026,laff,2,0,22,0,7,11,13,10
THPACK9-026,laff,2,0,22,13,7,11,13,10
THPACK9-026,laff,2,0,0,0,17,11,13,10
THPACK9-026,laff,2,0,0,13,17,11,13,10
THPACK9-026,laff,2,0,11,0,17,11,13,10
THPACK9-026,laff,2,0,11,13,17,11,13,10
THPACK9-026,laff,2,0,22,0,17,11,13,10
THPACK9-026,laff,2,0,22,13,17,11,13,10
THPACK9-026,laff,2,0,0,0,27,11,13,10
THPACK9-026,laff,2,0,0,13,27,11,13,10
THPACK9-026,laff,2,1,11,0,27,8,9,10
THPACK9-026,laff,2,1,11,9,27,8,9,10
THPACK9-026,laff,2,1,11,18,27,8,9,10
THPACK9-026,laff,2,1,19,0,27,8,9,10
THPACK9-026,laff,2,1,19,9,27,8,9,10
THPACK9-026,laff,2,1,19,18,27,8,9,10
THPACK9-026,laff,2,1,27,0,27,8,9,10
THPACK9-026,laff,2,1,27,9,27,8,9,10
THPACK9-026,laff,2,1,27,18,27,8,9,10
THPACK9-026,laff,3,1,0,0,0,10,9,8
THPACK9-026,laff,3,1,0,9,0,10,9,8
THPACK9-026,laff,3,1,0,18,0,10,9,8
THPACK9-026,laff,3,1,10,0,0,10,9,8
THPACK9-026,laff,3,1,10,9,0,10,9,8
THPACK9-026,laff,3,1,10,18,0,10,9,8
THPACK9-026,laff,3,1,20,0,0,10,9,8
THPACK9-026,laff,3,1,20,9,0,10,9,8
THPACK9-026,laff,3,1,20,18,0,10,9,8
THPACK9-026,laff,3,1,0,0,8,10,9,8
THPACK9-026,laff,3,1,0,9,8,10,9,8
THPACK9-026,plain,0,3,0,0,0,14,15,11
THPACK9-026,plain,0,3,0,0,11,14,15,11
THPACK9-026,plain,0,3,0,0,22,14,15,11
THPACK9-026,plain,0,3,0,15,0,14,15,11
THPACK9-026,plain,0,3,0,15,11,14,15,11
THPACK9-026,plain,0,3,0,15,22,14,15,11
THPACK9-026,plain,0,3,14,0,0,14,15,11
THPACK9-026,plain,0,3,14,0,11,14,15,11
THPACK9-026,plain,0,3,14,0,22,14,15,11
THPACK9-026,plain,0,3,14,15,0,14,15,11
THPACK9-026,plain,0,3,14,15,11,14,15,11
THPACK9-026,plain,0,3,14,15,22,14,15,11
THPACK9-026,plain,0,2,0,0,33,15,12,7
THPACK9-026,plain,0,2,0,12,33,15,12,7
THPACK9-026,plain,0,2,15,0,33,12,15,7
THPACK9-026,plain,0,2,15,15,33,12,15,7
THPACK9-026,plain,0,2,28,0,0,7,15,12
THPACK9-026,plain,0,2,28,0,12,7,15,12
THPACK9-026,plain,0,2,28,0,24,7,15,12
THPACK9-026,plain,0,2,28,15,0,7,15,12
THPACK9-026,plain,0,2,28,15,12,7,15,12
THPACK9-026,plain,0,2,28,15,24,7,15,12
THPACK9-026,plain,1,3,0,0,0,14,15,11
THPACK9-026,plain,1,3,0,0,11,14,15,11
THPACK9-026,plain,1,3,0,0,22,14,15,11
THPACK9-026,plain,1,3,0,15,0,14,15,11
THPACK9-026,plain,1,3,0,15,11,14,15,11
THPACK9-026,plain,1,3,0,15,22,14,15,11
THPACK9-026,plain,1,3,14,0,0,14,15,11
THPACK9-026,plain,1,3,14,0,11,14,15,11
THPACK9-026,plain,1,3,14,0,22,14,15,11
THPACK9-026,plain,1,3,14,15,0,14,15,11
THPACK9-026,plain,1,0,14,15,11,11,13,10
THPACK9-026,plain,1,0,14,15,21,11,13,10
THPACK9-026,plain,1,0,25,15,11,10,13,11
THPACK9-026,plain,1,0,25,15,22,10,13,11
THPACK9-026,plain,1,2,0,0,33,15,12,7
THPACK9-026,plain,1,2,0,12,33,12,15,7
THPACK9-026,plain,1,1,14,15,31,10,9,8
THPACK9-026,plain,1,1,14,24,31,10,8,9
THPACK9-026,plain,2,0,0,0,0,11,13,10
THPACK9-026,plain,2,0,0,0,10,11,13,10
THPACK9-026,plain,2,0,0,0,20,11,13,10
THPACK9-026,plain,2,0,0,0,30,11,13,10
THPACK9-026,plain,2,0,0,13,0,11,13,10
THPACK9-026,plain,2,0,0,13,10,11,13,10
THPACK9-026,plain,2,0,0,13,20,11,13,10
THPACK9-026,plain,2,0,0,13,30,11,13,10
THPACK9-026,plain,2,0,11,0,0,11,13,10
THPACK9-026,plain,2,0,11,0,10,11,13,10
THPACK9-026,plain,2,0,11,0,20,11,13,10
THPACK9-026,plain,2,0,11,0,30,11,13,10
THPACK9-026,plain,2,0,11,13,0,11,13,10
THPACK9-026,plain,2,0,11,13,10,11,13,10
THPACK9-026,plain,2,1,11,13,20,10,9,8
THPACK9-026,plain,2,1,11,13,28,10,9,8
THPACK9-026,plain,2,1,22,0,0,10,9,8
THPACK9-026,plain,2,1,22,0,8,10,9,8
THPACK9-026,plain,2,1,22,0,16,10,9,8
THPACK9-026,plain,2,1,22,0,24,10,9,8
THPACK9-026,plain,2,1,22,0,32,10,9,8
THPACK9-026,plain,2,1,22,9,0,10,9,8
THPACK9-026,plain,2,1,22,9,8,10,9,8
THPACK9-026,plain,2,1,22,9,16,10,9,8
THPACK9-026,plain,2,1,22,9,24,10,9,8
THPACK9-026,plain,2,1,22,9,32,10,9,8
THPACK9-026,plain,2,1,22,18,0,10,9,8
THPACK9-026,plain,2,1,22,18,8,10,9,8
THPACK9-026,plain,2,1,22,18,16,10,9,8
THPACK9-026,plain,2,1,21,18,24,10,9,8
THPACK9-026,plain,2,1,21,18,32,10,9,8
THPACK9-026,plain,2,1,11,22,20,10,8,9
THPACK9-027,laff,0,1,0,0,0,9,15,5
THPACK9-027,laff,0,1,9,0,0,9,15,5
THPACK9-027,laff,0,2,18,0,0,7,13,4
THPACK9-027,laff,0,1,0,0,5,9,15,5
THPACK9-027,laff,0,1,9,0,5,9,15,5
THPACK9-027,laff,0,2,18,0,5,7,13,4
THPACK9-027,laff,0,1,0,0,10,9,15,5
THPACK9-027,laff,0,1,9,0,10,9,15,5
THPACK9-027,laff,0,2,18,0,10,7,13,4
THPACK9-027,laff,0,1,0,0,15,9,15,5
THPACK9-027,laff,0,1,9,0,15,9,15,5
THPACK9-027,laff,0,2,18,0,15,7,13,4
THPACK9-027,laff,0,1,0,0,20,9,15,5
THPACK9-027,laff,0,1,9,0,20,9,15,5
THPACK9-027,laff,0,2,18,0,20,7,13,4
THPACK9-027,laff,0,1,0,0,25,9,15,5
THPACK9-027,laff,0,1,9,0,25,9,15,5
THPACK9-027,laff,0,2,18,0,25,7,13,4
THPACK9-027,laff,1,1,0,0,0,9,15,5
THPACK9-027,laff,1,1,9,0,0,9,15,5
THPACK9-027,laff,1,2,18,0,0,7,13,4
THPACK9-027,laff,1,1,0,0,5,9,15,5
THPACK9-027,laff,1,1,9,0,5,9,15,5
THPACK9-027,laff,1,2,18,0,5,7,13,4
THPACK9-027,laff,1,1,0,0,10,9,15,5
THPACK9-027,laff,1,1,9,0,10,9,15,5
THPACK9-027,laff,1,2,18,0,10,7,13,4
THPACK9-027,laff,1,1,0,0,15,9,15,5
THPACK9-027,laff,1,1,9,0,15,9,15,5
THPACK9-027,laff,1,2,18,0,15,7,13,4
THPACK9-027,laff,1,1,0,0,20,9,15,5
THPACK9-027,laff,1,1,9,0,20,9,15,5
THPACK9-027,laff,1,2,18,0,20,7,13,4
THPACK9-027,laff,1,2,0,0,25,7,13,4
THPACK9-027,laff,1,2,7,0,25,7,13,4
THPACK9-027,laff,1,2,14,0,25,7,13,4
THPACK9-027,laff,2,2,0,0,0,7,13,4
THPACK9-027,laff,2,2,7,0,0,7,13,4
THPACK9-027,laff,2,2,14,0,0,7,13,4
THPACK9-027,laff,2,2,0,0,4,7,13,4
THPACK9-027,laff,2,2,7,0,4,7,13,4
THPACK9-027,laff,2,2,14,0,4,7,13,4
THPACK9-027,laff,2,2,0,0,8,7,13,4
THPACK9-027,laff,2,2,7,0,8,7,13,4
THPACK9-027,laff,2,2,14,0,8,7,13,4
THPACK9-027,laff,2,2,0,0,12,7,13,4
THPACK9-027,laff,2,2,7,0,12,7,13,4
THPACK9-027,laff,2,2,14,0,12,7,13,4
THPACK9-027,laff,2,2,0,0,16,7,13,4
THPACK9-027,laff,2,2,7,0,16,7,13,4
THPACK9-027,laff,2,2,14,0,16,7,13,4
THPACK9-027,laff,2,2,0,0,20,7,13,4
THPACK9-027,laff,2,0,0,0,24,11,8,6
THPACK9-027,laff,2,0,0,8,24,11,8,6
THPACK9-027,laff,2,0,11,0,24,11,8,6
THPACK9-027,laff,2,0,11,8,24,11,8,6
THPACK9-027,laff,3,0,0,0,0,11,8,6
THPACK9-027,laff,3,0,0,8,0,11,8,6
THPACK9-027,laff,3,0,11,0,0,11,8,6
THPACK9-027,laff,3,0,11,8,0,11,8,6
THPACK9-027,laff,3,0,0,0,6,11,8,6
THPACK9-027,laff,3,0,0,8,6,11,8,6
THPACK9-027,laff,3,0,11,0,6,11,8,6
THPACK9-027,laff,3,0,11,8,6,11,8,6
THPACK9-027,laff,3,0,0,0,12,11,8,6
THPACK9-027,laff,3,0,0,8,12,11,8,6
THPACK9-027,laff,3,0,11,0,12,11,8,6
THPACK9-027,laff,3,0,11,8,12,11,8,6
THPACK9-027,laff,3,0,0,0,18,11,8,6
THPACK9-027,laff,3,0,0,8,18,11,8,6
THPACK9-027,laff,3,0,11,0,18,11,8,6
THPACK9-027,laff,3,0,11,8,18,11,8,6
THPACK9-027,laff,3,0,0,0,24,11,8,6
THPACK9-027,laff,3,0,0,8,24,11,8,6
THPACK9-027,laff,3,0,11,0,24,11,8,6
THPACK9-027,laff,3,0,11,8,24,11,8,6
THPACK9-027,laff,4,0,0,0,0,11,8,6
THPACK9-027,laff,4,0,0,8,0,11,8,6
THPACK9-027,laff,4,0,11,0,0,11,8,6
THPACK9-027,laff,4,0,11,8,0,11,8,6
THPACK9-027,laff,4,0,0,0,6,11,8,6
THPACK9-027,laff,4,0,0,8,6,11,8,6
THPACK9-027,laff,4,0,11,0,6,11,8,6
THPACK9-027,laff,4,0,11,8,6,11,8,6
THPACK9-027,laff,4,0,0,0,12,11,8,6
THPACK9-027,laff,4,0,0,8,12,11,8,6
THPACK9-027,laff,4,0,11,0,12,11,8,6
THPACK9-027,laff,4,0,11,8,12,11,8,6
THPACK9-027,laff,4,0,0,0,18,11,8,6
THPACK9-027,laff,4,0,0,8,18,11,8,6
THPACK9-027,laff,4,0,11,0,18,11,8,6
THPACK9-027,laff,4,0,11,8,18,11,8,6
THPACK9-027,laff,4,0,0,0,24,11,8,6
THPACK9-027,laff,4,0,0,8,24,11,8,6
THPACK9-027,laff,4,0,11,0,24,11,8,6
THPACK9-027,plain,0,1,0,0,0,9,15,5
THPACK9-027,plain,0,1,0,0,5,9,15,5
THPACK9-027,plain,0,1,0,0,10,9,15,5
THPACK9-027,plain,0,1,0,0,15,9,15,5
THPACK9-027,plain,0,1,0,0,20,9,15,5
THPACK9-027,plain,0,1,0,0,25,9,15,5
THPACK9-027,plain,0,1,9,0,0,9,15,5
THPACK9-027,plain,0,1,9,0,5,9,15,5
THPACK9-027,plain,0,1,9,0,10,9,15,5
THPACK9-027,plain,0,1,9,0,15,9,15,5
THPACK9-027,plain,0,1,9,0,20,9,15,5
THPACK9-027,plain,0,1,9,0,25,9,15,5
THPACK9-027,plain,0,1,18,0,0,5,15,9
THPACK9-027,plain,0,1,18,0,9,5,15,9
THPACK9-027,plain,0,1,18,0,18,5,15,9
THPACK9-027,plain,1,1,0,0,0,9,15,5
THPACK9-027,plain,1,1,0,0,5,9,15,5
THPACK9-027,plain,1,1,0,0,10,9,15,5
THPACK9-027,plain,1,1,0,0,15,9,15,5
THPACK9-027,plain,1,1,0,0,20,9,15,5
THPACK9-027,plain,1,1,0,0,25,9,15,5
THPACK9-027,plain,1,1,9,0,0,9,15,5
THPACK9-027,plain,1,0,9,0,5,8,11,6
THPACK9-027,plain,1,0,9,0,11,8,11,6
THPACK9-027,plain,1,0,9,0,17,8,11,6
THPACK9-027,plain,1,0,9,0,23,8,11,6
THPACK9-027,plain,1,0,18,0,0,6,11,8
THPACK9-027,plain,1,0,17,0,8,6,11,8
THPACK9-027,plain,1,0,17,0,16,6,11,8
THPACK9-027,plain,1,0,17,0,24,8,11,6
THPACK9-027,plain,1,0,9,11,5,8,6,11
THPACK9-027,plain,1,0,9,11,16,8,6,11
THPACK9-027,plain,1,0,17,11,5,8,6,11
THPACK9-027,plain,1,0,17,11,16,8,6,11
THPACK9-027,plain,2,0,0,0,0,11,8,6
THPACK9-027,plain,2,0,0,0,6,11,8,6
THPACK9-027,plain,2,0,0,0,12,11,8,6
THPACK9-027,plain,2,0,0,0,18,11,8,6
THPACK9-027,plain,2,0,0,0,24,11,8,6
THPACK9-027,plain,2,0,0,8,0,11,8,6
THPACK9-027,plain,2,0,0,8,6,11,8,6
THPACK9-027,plain,2,0,0,8,12,11,8,6
THPACK9-027,plain,2,0,0,8,18,11,8,6
THPACK9-027,plain,2,0,0,8,24,11,8,6
THPACK9-027,plain,2,0,11,0,0,11,8,6
THPACK9-027,plain,2,0,11,0,6,11,8,6
THPACK9-027,plain,2,0,11,0,12,11,8,6
THPACK9-027,plain,2,0,11,0,18,11,8,6
THPACK9-027,plain,2,0,11,0,24,11,8,6
THPACK9-027,plain,2,0,11,8,0,11,8,6
THPACK9-027,plain,2,0,11,8,6,11,8,6
THPACK9-027,plain,2,0,11,8,12,11,8,6
THPACK9-027,plain,2,0,11,8,18,11,8,6
THPACK9-027,plain,2,0,11,8,24,11,8,6
THPACK9-027,plain,3,0,0,0,0,11,8,6
THPACK9-027,plain,3,0,0,0,6,11,8,6
THPACK9-027,plain,3,0,0,0,12,11,8,6
THPACK9-027,plain,3,0,0,0,18,11,8,6
THPACK9-027,plain,3,0,0,0,24,11,8,6
THPACK9-027,plain,3,0,0,8,0,11,8,6
THPACK9-027,plain,3,0,0,8,6,11,8,6
THPACK9-027,plain,3,0,0,8,12,11,8,6
THPACK9-027,plain,3,0,0,8,18,11,8,6
THPACK9-027,plain,3,0,0,8,24,11,8,6
THPACK9-027,plain,3,0,11,0,0,11,8,6
THPACK9-027,plain,3,2,11,0,6,4,7,13
THPACK9-027,plain,3,2,15,0,6,4,7,13
THPACK9-027,plain,3,2,11,8,0,13,7,4
THPACK9-027,plain,3,2,11,8,4,13,7,4
THPACK9-027,plain,3,2,11,7,8,13,7,4
THPACK9-027,plain,3,2,11,7,12,13,7,4
THPACK9-027,plain,3,2,11,7,16,13,7,4
THPACK9-027,plain,3,2,19,0,6,4,7,13
THPACK9-027,plain,3,2,11,0,19,13,7,4
THPACK9-027,plain,3,2,11,0,23,13,7,4
THPACK9-027,plain,3,2,11,7,20,13,7,4
THPACK9-027,plain,3,2,11,7,24,13,7,4
THPACK9-027,plain,4,2,0,0,0,7,13,4
THPACK9-027,plain,4,2,0,0,4,7,13,4
THPACK9-027,plain,4,2,0,0,8,7,13,4
THPACK9-027,plain,4,2,0,0,12,7,13,4
THPACK9-027,plain,4,2,0,0,16,7,13,4
THPACK9-027,plain,4,2,0,0,20,7,13,4
THPACK9-027,plain,4,2,0,0,24,7,13,4
THPACK9-027,plain,4,2,7,0,0,7,13,4
THPACK9-027,plain,4,2,7,0,4,7,13,4
THPACK9-027,plain,4,2,7,0,8,7,13,4
THPACK9-027,plain,4,2,7,0,12,7,13,4
THPACK9-027,plain,4,2,7,0,16,7,13,4
THPACK9-027,plain,4,2,7,0,20,7,13,4
THPACK9-027,plain,4,2,7,0,24,7,13,4
THPACK9-027,plain,4,2,14,0,0,7,13,4
THPACK9-027,plain,4,2,14,0,4,7,13,4
THPACK9-027,plain,4,2,14,0,8,7,13,4
THPACK9-027,plain,4,2,14,0,12,7,13,4
THPACK9-028,laff,0,1,0,0,0,9,15,5
THPACK9-028,laff,0,1,9,0,0,9,15,5
THPACK9-028,laff,0,1,0,0,5,9,15,5
THPACK9-028,laff,0,1,9,0,5,9,15,5
THPACK9-028,laff,0,1,0,0,10,9,15,5
THPACK9-028,laff,0,1,9,0,10,9,15,5
THPACK9-028,laff,1,1,0,0,0,9,15,5
THPACK9-028,laff,1,1,9,0,0,9,15,5
THPACK9-028,laff,1,1,0,0,5,9,15,5
THPACK9-028,laff,1,1,9,0,5,9,15,5
THPACK9-028,laff,1,1,0,0,10,9,15,5
THPACK9-028,laff,1,1,9,0,10,9,15,5
THPACK9-028,laff,2,1,0,0,0,9,15,5
THPACK9-028,laff,2,1,9,0,0,9,15,5
THPACK9-028,laff,2,1,0,0,5,9,15,5
THPACK9-028,laff,2,1,9,0,5,9,15,5
THPACK9-028,laff,2,1,0,0,10,9,15,5
THPACK9-028,laff,2,1,9,0,10,9,15,5
THPACK9-028,laff,3,1,0,0,0,9,15,5
THPACK9-028,laff,3,1,9,0,0,9,15,5
THPACK9-028,laff,3,1,0,0,5,9,15,5
THPACK9-028,laff,3,1,9,0,5,9,15,5
THPACK9-028,laff,3,2,0,0,10,7,13,4
THPACK9-028,laff,3,2,0,13,10,13,7,4
THPACK9-028,laff,3,2,7,0,10,7,13,4
THPACK9-028,laff,4,2,0,0,0,7,13,4
THPACK9-028,laff,4,2,0,13,0,13,7,4
THPACK9-028,laff,4,2,7,0,0,7,13,4
THPACK9-028,laff,4,2,0,0,4,7,13,4
THPACK9-028,laff,4,2,0,13,4,13,7,4
THPACK9-028,laff,4,2,7,0,4,7,13,4
THPACK9-028,laff,4,2,0,0,8,7,13,4
THPACK9-028,laff,4,2,0,13,8,13,7,4
THPACK9-028,laff,4,2,7,0,8,7,13,4
THPACK9-028,laff,5,2,0,0,0,7,13,4
THPACK9-028,laff,5,2,0,13,0,13,7,4
THPACK9-028,laff,5,2,7,0,0,7,13,4
THPACK9-028,laff,5,2,0,0,4,7,13,4
THPACK9-028,laff,5,2,0,13,4,13,7,4
THPACK9-028,laff,5,2,7,0,4,7,13,4
THPACK9-028,laff,5,2,0,0,8,7,13,4
THPACK9-028,laff,5,2,0,13,8,13,7,4
THPACK9-028,laff,5,2,7,0,8,7,13,4
THPACK9-028,laff,6,2,0,0,0,7,13,4
THPACK9-028,laff,6,2,0,13,0,13,7,4
THPACK9-028,laff,6,2,7,0,0,7,13,4
THPACK9-028,laff,6,2,0,0,4,7,13,4
THPACK9-028,laff,6,2,0,13,4,13,7,4
THPACK9-028,laff,6,2,7,0,4,7,13,4
THPACK9-028,laff,6,2,0,0,8,7,13,4
THPACK9-028,laff,6,2,0,13,8,13,7,4
THPACK9-028,laff,6,2,7,0,8,7,13,4
THPACK9-028,laff,7,0,0,0,0,11,8,6
THPACK9-028,laff,7,0,0,8,0,11,8,6
THPACK9-028,laff,7,0,11,0,0,8,11,6
THPACK9-028,laff,7,0,0,0,6,11,8,6
THPACK9-028,laff,7,0,0,8,6,11,8,6
THPACK9-028,laff,7,0,11,0,6,8,11,6
THPACK9-028,laff,8,0,0,0,0,11,8,6
THPACK9-028,laff,8,0,0,8,0,11,8,6
THPACK9-028,laff,8,0,11,0,0,8,11,6
THPACK9-028,laff,8,0,0,0,6,11,8,6
THPACK9-028,laff,8,0,0,8,6,11,8,6
THPACK9-028,laff,8,0,11,0,6,8,11,6
THPACK9-028,laff,9,0,0,0,0,11,8,6
THPACK9-028,laff,9,0,0,8,0,11,8,6
THPACK9-028,laff,9,0,11,0,0,8,11,6
THPACK9-028,laff,9,0,0,0,6,11,8,6
THPACK9-028,laff,9,0,0,8,6,11,8,6
THPACK9-028,laff,9,0,11,0,6,8,11,6
THPACK9-028,laff,10,0,0,0,0,11,8,6
THPACK9-028,laff,10,0,0,8,0,11,8,6
THPACK9-028,laff,10,0,11,0,0,8,11,6
THPACK9-028,laff,10,0,0,0,6,11,8,6
THPACK9-028,laff,10,0,0,8,6,11,8,6
THPACK9-028,laff,10,0,11,0,6,8,11,6
THPACK9-028,laff,11,0,0,0,0,11,8,6
THPACK9-028,laff,11,0,0,8,0,11,8,6
THPACK9-028,laff,11,0,11,0,0,8,11,6
THPACK9-028,laff,11,0,0,0,6,11,8,6
THPACK9-028,laff,11,0,0,8,6,11,8,6
THPACK9-028,laff,11,0,11,0,6,8,11,6
THPACK9-028,laff,12,0,0,0,0,11,8,6
THPACK9-028,laff,12,0,0,8,0,11,8,6
THPACK9-028,laff,12,0,11,0,0,8,11,6
THPACK9-028,laff,12,0,0,0,6,11,8,6
THPACK9-028,laff,12,0,0,8,6,11,8,6
THPACK9-028,laff,12,0,11,0,6,8,11,6
THPACK9-028,laff,13,0,0,0,0,11,8,6
THPACK9-028,laff,13,0,0,8,0,11,8,6
THPACK9-028,laff,13,0,11,0,0,8,11,6
THPACK9-028,laff,13,0,0,0,6,11,8,6
THPACK9-028,laff,13,0,0,8,6,11,8,6
THPACK9-028,laff,13,0,11,0,6,8,11,6
THPACK9-028,laff,14,0,0,0,0,11,8,6
THPACK9-028,plain,0,1,0,0,0,9,15,5
THPACK9-028,plain,0,1,0,0,5,9,15,5
THPACK9-028,plain,0,1,0,0,10,9,15,5
THPACK9-028,plain,0,1,9,0,0,9,15,5
THPACK9-028,plain,0,1,9,0,5,9,15,5
THPACK9-028,plain,0,1,9,0,10,9,15,5
THPACK9-028,plain,0,1,0,15,0,15,5,9
THPACK9-028,plain,1,1,0,0,0,9,15,5
THPACK9-028,plain,1,1,0,0,5,9,15,5
THPACK9-028,plain,1,1,0,0,10,9,15,5
THPACK9-028,plain,1,1,9,0,0,9,15,5
THPACK9-028,plain,1,1,9,0,5,9,15,5
THPACK9-028,plain,1,1,9,0,10,9,15,5
THPACK9-028,plain,1,1,0,15,0,15,5,9
THPACK9-028,plain,2,1,0,0,0,9,15,5
THPACK9-028,plain,2,1,0,0,5,9,15,5
THPACK9-028,plain,2,1,0,0,10,9,15,5
THPACK9-028,plain,2,1,9,0,0,9,15,5
THPACK9-028,plain,2,1,9,0,5,9,15,5
THPACK9-028,plain,2,1,9,0,10,9,15,5
THPACK9-028,plain,2,1,0,15,0,15,5,9
THPACK9-028,plain,3,1,0,0,0,9,15,5
THPACK9-028,plain,3,0,0,0,5,8,11,6
THPACK9-028,plain,3,0,9,0,0,11,8,6
THPACK9-028,plain,3,0,9,8,0,11,8,6
THPACK9-028,plain,3,0,8,0,6,11,8,6
THPACK9-028,plain,3,0,8,8,6,11,8,6
THPACK9-028,plain,3,2,0,16,0,13,4,7
THPACK9-028,plain,3,2,0,16,7,13,4,7
THPACK9-028,plain,3,2,13,16,0,7,4,13
THPACK9-028,plain,3,2,0,0,11,7,13,4
THPACK9-028,plain,4,0,0,0,0,11,8,6
THPACK9-028,plain,4,0,0,0,6,11,8,6
THPACK9-028,plain,4,0,0,8,0,11,8,6
THPACK9-028,plain,4,0,0,8,6,11,8,6
THPACK9-028,plain,4,0,11,0,0,8,11,6
THPACK9-028,plain,4,0,11,0,6,8,11,6
THPACK9-028,plain,4,0,11,11,0,6,8,11
THPACK9-028,plain,4,2,0,16,0,7,4,13
THPACK9-028,plain,5,0,0,0,0,11,8,6
THPACK9-028,plain,5,0,0,0,6,11,8,6
THPACK9-028,plain,5,0,0,8,0,11,8,6
THPACK9-028,plain,5,0,0,8,6,11,8,6
THPACK9-028,plain,5,0,11,0,0,8,11,6
THPACK9-028,plain,5,0,11,0,6,8,11,6
THPACK9-028,plain,5,0,11,11,0,6,8,11
THPACK9-028,plain,5,2,0,16,0,7,4,13
THPACK9-028,plain,6,0,0,0,0,11,8,6
THPACK9-028,plain,6,0,0,0,6,11,8,6
THPACK9-028,plain,6,0,0,8,0,11,8,6
THPACK9-028,plain,6,0,0,8,6,11,8,6
THPACK9-028,plain,6,0,11,0,0,8,11,6
THPACK9-028,plain,6,0,11,0,6,8,11,6
THPACK9-028,plain,6,0,11,11,0,6,8,11
THPACK9-028,plain,6,2,0,16,0,7,4,13
THPACK9-028,plain,7,0,0,0,0,11,8,6
THPACK9-028,plain,7,0,0,0,6,11,8,6
THPACK9-028,plain,7,0,0,8,0,11,8,6
THPACK9-028,plain,7,0,0,8,6,11,8,6
THPACK9-028,plain,7,0,11,0,0,8,11,6
THPACK9-028,plain,7,0,11,0,6,8,11,6
THPACK9-028,plain,7,0,11,11,0,6,8,11
THPACK9-028,plain,7,2,0,16,0,7,4,13
THPACK9-028,plain,8,0,0,0,0,11,8,6
THPACK9-028,plain,8,0,0,0,6,11,8,6
THPACK9-028,plain,8,0,0,8,0,11,8,6
THPACK9-028,plain,8,0,0,8,6,11,8,6
THPACK9-028,plain,8,0,11,0,0,8,11,6
THPACK9-028,plain,8,0,11,0,6,8,11,6
THPACK9-028,plain,8,0,11,11,0,6,8,11
THPACK9-028,plain,8,2,0,16,0,7,4,13
THPACK9-028,plain,9,0,0,0,0,11,8,6
THPACK9-028,plain,9,0,0,0,6,11,8,6
THPACK9-028,plain,9,0,0,8,0,11,8,6
THPACK9-028,plain,9,2,11,0,0,7,13,4
THPACK9-028,plain,9,2,11,0,4,7,13,4
THPACK9-028,plain,9,2,11,0,8,7,13,4
THPACK9-028,plain,9,2,0,16,0,13,4,7
THPACK9-028,plain,9,2,13,13,0,4,7,13
THPACK9-028,plain,9,2,0,13,7,13,7,4
THPACK9-028,plain,9,2,0,13,11,13,7,4
THPACK9-028,plain,10,2,0,0,0,7,13,4
THPACK9-028,plain,10,2,0,0,4,7,13,4
THPACK9-028,plain,10,2,0,0,8,7,13,4
THPACK9-028,plain,10,2,0,13,0,13,7,4
THPACK9-028,plain,10,2,0,13,4,13,7,4
THPACK9-028,plain,10,2,0,13,8,13,7,4
THPACK9-028,plain,10,2,7,0,0,7,13,4
THPACK9-028,plain,10,2,7,0,4,7,13,4
THPACK9-028,plain,10,2,7,0,8,7,13,4
THPACK9-028,plain,10,2,14,0,0,4,13,7
THPACK9-028,plain,10,2,14,0,7,4,13,7
THPACK9-028,plain,10,2,13,13,0,4,7,13
THPACK9-028,plain,11,2,0,0,0,7,13,4
THPACK9-028,plain,11,2,0,0,4,7,13,4
THPACK9-029,laff,0,2,0,0,0,17,13,7
THPACK9-029,laff,0,2,0,0,7,17,13,7
THPACK9-029,laff,0,2,0,0,14,17,13,7
THPACK9-029,laff,1,2,0,0,0,17,13,7
THPACK9-029,laff,1,2,0,0,7,17,13,7
THPACK9-029,laff,1,2,0,0,14,17,13,7
THPACK9-029,laff,2,2,0,0,0,17,13,7
THPACK9-029,laff,2,2,0,0,7,17,13,7
THPACK9-029,laff,2,2,0,0,14,17,13,7
THPACK9-029,laff,3,2,0,0,0,17,13,7
THPACK9-029,laff,3,2,0,0,7,17,13,7
THPACK9-029,laff,3,2,0,0,14,17,13,7
THPACK9-029,laff,4,2,0,0,0,17,13,7
THPACK9-029,laff,4,2,0,0,7,17,13,7
THPACK9-029,laff,4,2,0,0,14,17,13,7
THPACK9-029,laff,5,2,0,0,0,17,13,7
THPACK9-029,laff,5,2,0,0,7,17,13,7
THPACK9-029,laff,5,2,0,0,14,17,13,7
THPACK9-029,laff,6,2,0,0,0,17,13,7
THPACK9-029,laff,6,2,0,0,7,17,13,7
THPACK9-029,laff,6,2,0,0,14,17,13,7
THPACK9-029,laff,7,2,0,0,0,17,13,7
THPACK9-029,laff,7,2,0,0,7,17,13,7
THPACK9-029,laff,7,2,0,0,14,17,13,7
THPACK9-029,laff,8,2,0,0,0,17,13,7
THPACK9-029,laff,8,2,0,0,7,17,13,7
THPACK9-029,laff,8,2,0,0,14,17,13,7
THPACK9-029,laff,9,2,0,0,0,17,13,7
THPACK9-029,laff,9,2,0,0,7,17,13,7
THPACK9-029,laff,9,2,0,0,14,17,13,7
THPACK9-029,laff,10,2,0,0,0,17,13,7
THPACK9-029,laff,10,2,0,0,7,17,13,7
THPACK9-029,laff,10,2,0,0,14,17,13,7
THPACK9-029,laff,11,2,0,0,0,17,13,7
THPACK9-029,laff,11,2,0,0,7,17,13,7
THPACK9-029,laff,11,2,0,0,14,17,13,7
THPACK9-029,laff,12,2,0,0,0,17,13,7
THPACK9-029,laff,12,0,0,0,7,14,11,5
THPACK9-029,laff,12,0,0,0,12,14,11,5
THPACK9-029,laff,12,0,0,0,17,14,11,5
THPACK9-029,laff,13,0,0,0,0,14,11,5
THPACK9-029,laff,13,0,0,0,5,14,11,5
THPACK9-029,laff,13,0,0,0,10,14,11,5
THPACK9-029,laff,13,0,0,0,15,14,11,5
THPACK9-029,laff,14,0,0,0,0,14,11,5
THPACK9-029,laff,14,0,0,0,5,14,11,5
THPACK9-029,laff,14,0,0,0,10,14,11,5
THPACK9-029,laff,14,0,0,0,15,14,11,5
THPACK9-029,laff,15,0,0,0,0,14,11,5
THPACK9-029,laff,15,0,0,0,5,14,11,5
THPACK9-029,laff,15,0,0,0,10,14,11,5
THPACK9-029,laff,15,0,0,0,15,14,11,5
THPACK9-029,laff,16,0,0,0,0,14,11,5
THPACK9-029,laff,16,0,0,0,5,14,11,5
THPACK9-029,laff,16,0,0,0,10,14,11,5
THPACK9-029,laff,16,0,0,0,15,14,11,5
THPACK9-029,laff,17,0,0,0,0,14,11,5
THPACK9-029,laff,17,0,0,0,5,14,11,5
THPACK9-029,laff,17,0,0,0,10,14,11,5
THPACK9-029,laff,17,0,0,0,15,14,11,5
THPACK9-029,laff,18,0,0,0,0,14,11,5
THPACK9-029,laff,18,0,0,0,5,14,11,5
THPACK9-029,laff,18,0,0,0,10,14,11,5
THPACK9-029,laff,18,0,0,0,15,14,11,5
THPACK9-029,laff,19,0,0,0,0,14,11,5
THPACK9-029,laff,19,0,0,0,5,14,11,5
THPACK9-029,laff,19,0,0,0,10,14,11,5
THPACK9-029,laff,19,1,0,0,15,10,12,9
THPACK9-029,laff,19,1,10,0,15,10,12,9
THPACK9-029,laff,20,1,0,0,0,10,12,9
THPACK9-029,laff,20,1,10,0,0,10,12,9
THPACK9-029,laff,20,1,0,0,9,10,12,9
THPACK9-029,laff,20,1,10,0,9,10,12,9
THPACK9-029,laff,21,1,0,0,0,10,12,9
THPACK9-029,laff,21,1,10,0,0,10,12,9
THPACK9-029,laff,21,1,0,0,9,10,12,9
THPACK9-029,laff,21,1,10,0,9,10,12,9
THPACK9-029,laff,22,1,0,0,0,10,12,9
THPACK9-029,laff,22,1,10,0,0,10,12,9
THPACK9-029,laff,22,1,0,0,9,10,12,9
THPACK9-029,laff,22,1,10,0,9,10,12,9
THPACK9-029,laff,23,1,0,0,0,10,12,9
THPACK9-029,laff,23,1,10,0,0,10,12,9
THPACK9-029,laff,23,1,0,0,9,10,12,9
THPACK9-029,laff,23,1,10,0,9,10,12,9
THPACK9-029,laff,24,1,0,0,0,10,12,9
THPACK9-029,laff,24,1,10,0,0,10,12,9
THPACK9-029,laff,24,1,0,0,9,10,12,9
THPACK9-029,laff,24,1,10,0,9,10,12,9
THPACK9-029,laff,25,1,0,0,0,10,12,9
THPACK9-029,laff,25,1,10,0,0,10,12,9
THPACK9-029,laff,25,1,0,0,9,10,12,9
THPACK9-029,laff,25,1,10,0,9,10,12,9
THPACK9-029,laff,26,1,0,0,0,10,12,9
THPACK9-029,laff,26,1,10,0,0,10,12,9
THPACK9-029,laff,26,3,0,0,9,10,10,8
THPACK9-029,laff,26,3,10,0,9,10,10,8
THPACK9-029,laff,27,3,0,0,0,10,10,8
THPACK9-029,laff,27,3,10,0,0,10,10,8
THPACK9-029,laff,27,3,0,0,8,10,10,8
THPACK9-029,laff,27,3,10,0,8,10,10,8
THPACK9-029,laff,27,3,0,0,16,10,10,8
THPACK9-029,laff,27,3,10,0,16,10,10,8
THPACK9-029,laff,28,3,0,0,0,10,10,8
THPACK9-029,laff,28,3,10,0,0,10,10,8
THPACK9-029,laff,28,3,0,0,8,10,10,8
THPACK9-029,laff,28,3,10,0,8,10,10,8
THPACK9-029,laff,28,3,0,0,16,10,10,8
THPACK9-029,laff,28,3,10,0,16,10,10,8
THPACK9-029,laff,29,3,0,0,0,10,10,8
THPACK9-029,laff,29,3,10,0,0,10,10,8
THPACK9-029,laff,29,3,0,0,8,10,10,8
THPACK9-029,laff,29,3,10,0,8,10,10,8
THPACK9-029,laff,29,3,0,0,16,10,10,8
THPACK9-029,laff,29,3,10,0,16,10,10,8
THPACK9-029,laff,30,3,0,0,0,10,10,8
THPACK9-029,laff,30,3,10,0,0,10,10,8
THPACK9-029,laff,30,3,0,0,8,10,10,8
THPACK9-029,plain,0,2,0,0,0,17,13,7
THPACK9-029,plain,0,2,0,0,7,17,13,7
THPACK9-029,plain,0,2,0,0,14,17,13,7
THPACK9-029,plain,0,0,0,13,0,14,5,11
THPACK9-029,plain,0,0,0,13,11,14,5,11
THPACK9-029,plain,1,2,0,0,0,17,13,7
THPACK9-029,plain,1,2,0,0,7,17,13,7
THPACK9-029,plain,1,2,0,0,14,17,13,7
THPACK9-029,plain,1,0,0,13,0,14,5,11
THPACK9-029,plain,1,0,0,13,11,14,5,11
THPACK9-029,plain,2,2,0,0,0,17,13,7
THPACK9-029,plain,2,2,0,0,7,17,13,7
THPACK9-029,plain,2,2,0,0,14,17,13,7
THPACK9-029,plain,2,0,0,13,0,14,5,11
THPACK9-029,plain,2,0,0,13,11,14,5,11
THPACK9-029,plain,3,2,0,0,0,17,13,7
THPACK9-029,plain,3,2,0,0,7,17,13,7
THPACK9-029,plain,3,2,0,0,14,17,13,7
THPACK9-029,plain,3,0,0,13,0,14,5,11
THPACK9-029,plain,3,0,0,13,11,14,5,11
THPACK9-029,plain,4,2,0,0,0,17,13,7
THPACK9-029,plain,4,2,0,0,7,17,13,7
THPACK9-029,plain,4,2,0,0,14,17,13,7
THPACK9-029,plain,4,0,0,13,0,14,5,11
THPACK9-029,plain,4,0,0,13,11,14,5,11
THPACK9-029,plain,5,2,0,0,0,17,13,7
THPACK9-029,plain,5,2,0,0,7,17,13,7
THPACK9-029,plain,5,2,0,0,14,17,13,7
THPACK9-029,plain,5,0,0,13,0,14,5,11
THPACK9-029,plain,5,0,0,13,11,14,5,11
THPACK9-029,plain,6,2,0,0,0,17,13,7
THPACK9-029,plain,6,2,0,0,7,17,13,7
THPACK9-029,plain,6,2,0,0,14,17,13,7
THPACK9-029,plain,6,0,0,13,0,14,5,11
THPACK9-029,plain,6,0,0,13,11,14,5,11
THPACK9-029,plain,7,2,0,0,0,17,13,7
THPACK9-029,plain,7,2,0,0,7,17,13,7
THPACK9-029,plain,7,2,0,0,14,17,13,7
THPACK9-029,plain,7,0,0,13,0,14,5,11
THPACK9-029,plain,7,0,0,13,11,14,5,11
THPACK9-029,plain,8,2,0,0,0,17,13,7
THPACK9-029,plain,8,2,0,0,7,17,13,7
THPACK9-029,plain,8,2,0,0,14,17,13,7
THPACK9-029,plain,8,0,0,13,0,14,5,11
THPACK9-029,plain,8,0,0,13,11,14,5,11
THPACK9-029,plain,9,2,0,0,0,17,13,7
THPACK9-029,plain,9,2,0,0,7,17,13,7
THPACK9-029,plain,9,2,0,0,14,17,13,7
THPACK9-029,plain,9,0,0,13,0,14,5,11
THPACK9-029,plain,9,0,0,13,11,14,5,11
THPACK9-029,plain,10,2,0,0,0,17,13,7
THPACK9-029,plain,10,2,0,0,7,17,13,7
THPACK9-029,plain,10,2,0,0,14,17,13,7
THPACK9-029,plain,10,0,0,13,0,14,5,11
THPACK9-029,plain,10,0,0,13,11,14,5,11
THPACK9-029,plain,11,2,0,0,0,17,13,7
THPACK9-029,plain,11,2,0,0,7,17,13,7
THPACK9-029,plain,11,2,0,0,14,17,13,7
THPACK9-029,plain,11,0,0,13,0,14,5,11
THPACK9-029,plain,11,0,0,13,11,14,5,11
THPACK9-029,plain,12,2,0,0,0,17,13,7
THPACK9-029,plain,12,0,0,0,7,14,11,5
THPACK9-029,plain,12,0,0,0,12,14,11,5
THPACK9-029,plain,12,0,0,0,17,14,11,5
THPACK9-029,plain,12,0,0,13,0,14,5,11
THPACK9-029,plain,12,0,0,11,11,14,5,11
THPACK9-029,plain,12,0,14,0,7,5,11,14
THPACK9-029,plain,13,1,0,0,0,10,12,9
THPACK9-029,plain,13,1,0,0,9,10,12,9
THPACK9-029,plain,13,1,10,0,0,10,12,9
THPACK9-029,plain,13,1,10,0,9,10,12,9
THPACK9-029,plain,14,1,0,0,0,10,12,9
THPACK9-029,plain,14,1,0,0,9,10,12,9
THPACK9-029,plain,14,1,10,0,0,10,12,9
THPACK9-029,plain,14,1,10,0,9,10,12,9
THPACK9-029,plain,15,1,0,0,0,10,12,9
THPACK9-029,plain,15,1,0,0,9,10,12,9
THPACK9-029,plain,15,1,10,0,0,10,12,9
THPACK9-029,plain,15,1,10,0,9,10,12,9
THPACK9-029,plain,16,1,0,0,0,10,12,9
THPACK9-029,plain,16,1,0,0,9,10,12,9
THPACK9-029,plain,16,1,10,0,0,10,12,9
THPACK9-029,plain,16,1,10,0,9,10,12,9
THPACK9-029,plain,17,1,0,0,0,10,12,9
THPACK9-029,plain,17,1,0,0,9,10,12,9
THPACK9-029,plain,17,1,10,0,0,10,12,9
THPACK9-029,plain,17,1,10,0,9,10,12,9
THPACK9-029,plain,18,1,0,0,0,10,12,9
THPACK9-029,plain,18,1,0,0,9,10,12,9
THPACK9-029,plain,18,1,10,0,0,10,12,9
THPACK9-029,plain,18,1,10,0,9,10,12,9
THPACK9-029,plain,19,1,0,0,0,10,12,9
THPACK9-029,plain,19,1,0,0,9,10,12,9
THPACK9-029,plain,19,1,10,0,0,10,12,9
THPACK9-029,plain,19,1,10,0,9,10,12,9
THPACK9-029,plain,20,3,0,0,0,10,10,8
THPACK9-029,plain,20,3,0,0,8,10,10,8
THPACK9-029,plain,20,3,0,0,16,10,10,8
THPACK9-029,plain,20,3,10,0,0,10,10,8
THPACK9-029,plain,20,3,10,0,8,10,10,8
THPACK9-029,plain,20,3,10,0,16,10,10,8
THPACK9-029,plain,20,3,0,10,0,10,8,10
THPACK9-029,plain,20,3,0,10,10,10,8,10
THPACK9-029,plain,20,3,10,10,0,10,8,10
THPACK9-029,plain,20,3,10,10,10,10,8,10
THPACK9-029,plain,21,3,0,0,0,10,10,8
THPACK9-029,plain,21,3,0,0,8,10,10,8
THPACK9-029,plain,21,3,0,0,16,10,10,8
THPACK9-029,plain,21,3,10,0,0,10,10,8
THPACK9-029,plain,21,3,10,0,8,10,10,8
THPACK9-029,plain,21,3,10,0,16,10,10,8
THPACK9-029,plain,21,3,0,10,0,10,8,10
THPACK9-029,plain,21,3,0,10,10,10,8,10
THPACK9-029,plain,21,3,10,10,0,10,8,10
THPACK9-029,plain,21,3,10,10,10,10,8,10
THPACK9-029,plain,22,3,0,0,0,10,10,8
THPACK9-029,plain,22,3,0,0,8,10,10,8
THPACK9-029,plain,22,3,0,0,16,10,10,8
THPACK9-003,laff,0,2,0,0,0,12,12,8
THPACK9-003,laff,0,0,0,12,0,16,4,8
THPACK9-003,laff,0,0,16,0,0,4,16,8
THPACK9-003,laff,0,3,12,0,0,4,12,4
THPACK9-003,laff,0,3,12,0,4,4,12,4
THPACK9-003,laff,0,2,0,0,8,12,12,8
THPACK9-003,laff,0,0,0,12,8,16,4,8
THPACK9-003,laff,0,0,16,0,8,4,16,8
THPACK9-003,laff,0,3,12,0,8,4,12,4
THPACK9-003,laff,0,3,12,0,12,4,12,4
THPACK9-003,laff,0,0,0,0,16,8,16,4
THPACK9-003,laff,0,0,8,0,16,8,16,4
THPACK9-003,laff,0,3,16,0,16,4,12,4
THPACK9-003,laff,1,2,0,0,0,12,12,8
THPACK9-003,laff,1,0,0,12,0,16,4,8
THPACK9-003,laff,1,0,16,0,0,4,16,8
THPACK9-003,laff,1,3,12,0,0,4,12,4
THPACK9-003,laff,1,3,12,0,4,4,12,4
THPACK9-003,laff,1,2,0,0,8,12,12,8
THPACK9-003,laff,1,0,0,12,8,16,4,8
THPACK9-003,laff,1,0,16,0,8,4,16,8
THPACK9-003,laff,1,3,12,0,8,4,12,4
THPACK9-003,laff,1,3,12,0,12,4,12,4
THPACK9-003,laff,1,0,0,0,16,8,16,4
THPACK9-003,laff,1,0,8,0,16,8,16,4
THPACK9-003,laff,1,3,16,0,16,4,12,4
THPACK9-003,laff,2,2,0,0,0,12,12,8
THPACK9-003,laff,2,0,0,12,0,16,4,8
THPACK9-003,laff,2,0,16,0,0,4,16,8
THPACK9-003,laff,2,3,12,0,0,4,12,4
THPACK9-003,laff,2,3,12,0,4,4,12,4
THPACK9-003,laff,2,2,0,0,8,12,12,8
THPACK9-003,laff,2,0,0,12,8,16,4,8
THPACK9-003,laff,2,0,16,0,8,4,16,8
THPACK9-003,laff,2,3,12,0,8,4,12,4
THPACK9-003,laff,2,3,12,0,12,4,12,4
THPACK9-003,laff,2,0,0,0,16,8,16,4
THPACK9-003,laff,2,0,8,0,16,8,16,4
THPACK9-003,laff,2,3,16,0,16,4,12,4
THPACK9-003,laff,3,2,0,0,0,12,12,8
THPACK9-003,laff,3,0,0,12,0,16,4,8
THPACK9-003,laff,3,0,16,0,0,4,16,8
THPACK9-003,laff,3,3,12,0,0,4,12,4
THPACK9-003,laff,3,3,12,0,4,4,12,4
THPACK9-003,laff,3,2,0,0,8,12,12,8
THPACK9-003,laff,3,0,0,12,8,16,4,8
THPACK9-003,laff,3,0,16,0,8,4,16,8
THPACK9-003,laff,3,3,12,0,8,4,12,4
THPACK9-003,laff,3,3,12,0,12,4,12,4
THPACK9-003,laff,3,0,0,0,16,8,16,4
THPACK9-003,laff,3,0,8,0,16,8,16,4
THPACK9-003,laff,3,3,16,0,16,4,12,4
THPACK9-003,laff,4,2,0,0,0,12,12,8
THPACK9-003,laff,4,0,0,12,0,16,4,8
THPACK9-003,laff,4,0,16,0,0,4,16,8
THPACK9-003,laff,4,3,12,0,0,4,12,4
THPACK9-003,laff,4,3,12,0,4,4,12,4
THPACK9-003,laff,4,2,0,0,8,12,12,8
THPACK9-003,laff,4,0,0,12,8,16,4,8
THPACK9-003,laff,4,0,16,0,8,4,16,8
THPACK9-003,laff,4,3,12,0,8,4,12,4
THPACK9-003,laff,4,3,12,0,12,4,12,4
THPACK9-003,laff,4,0,0,0,16,8,16,4
THPACK9-003,laff,4,0,8,0,16,8,16,4
THPACK9-003,laff,4,3,16,0,16,4,12,4
THPACK9-003,laff,5,2,0,0,0,12,12,8
THPACK9-003,laff,5,0,0,12,0,16,4,8
THPACK9-003,laff,5,0,16,0,0,4,16,8
THPACK9-003,laff,5,2,0,0,8,12,12,8
THPACK9-003,laff,5,0,0,12,8,16,4,8
THPACK9-003,laff,5,0,16,0,8,4,16,8
THPACK9-003,laff,5,0,0,0,16,8,16,4
THPACK9-003,laff,5,0,8,0,16,8,16,4
THPACK9-003,laff,6,2,0,0,0,12,12,8
THPACK9-003,laff,6,0,0,12,0,16,4,8
THPACK9-003,laff,6,0,16,0,0,4,16,8
THPACK9-003,laff,6,2,0,0,8,12,12,8
THPACK9-003,laff,6,0,0,12,8,16,4,8
THPACK9-003,laff,6,0,16,0,8,4,16,8
THPACK9-003,laff,6,0,0,0,16,8,16,4
THPACK9-003,laff,6,0,8,0,16,8,16,4
THPACK9-003,laff,7,2,0,0,0,12,12,8
THPACK9-003,laff,7,0,0,12,0,16,4,8
THPACK9-003,laff,7,0,16,0,0,4,16,8
THPACK9-003,laff,7,2,0,0,8,12,12,8
THPACK9-003,laff,7,0,0,12,8,16,4,8
THPACK9-003,laff,7,1,12,0,8,8,8,8
THPACK9-003,laff,8,2,0,0,0,12,12,8
THPACK9-003,laff,8,1,12,0,0,8,8,8
THPACK9-003,laff,8,1,12,8,0,8,8,8
THPACK9-003,laff,8,2,0,0,8,12,12,8
THPACK9-003,laff,8,1,12,0,8,8,8,8
THPACK9-003,laff,8,1,12,8,8,8,8,8
THPACK9-003,laff,9,2,0,0,0,12,12,8
THPACK9-003,laff,9,1,12,0,0,8,8,8
THPACK9-003,laff,9,1,12,8,0,8,8,8
THPACK9-003,laff,9,2,0,0,8,12,12,8
THPACK9-003,laff,9,1,12,0,8,8,8,8
THPACK9-003,laff,9,1,12,8,8,8,8,8
THPACK9-003,laff,10,2,0,0,0,12,12,8
THPACK9-003,laff,10,1,12,0,0,8,8,8
THPACK9-003,laff,10,1,12,8,0,8,8,8
THPACK9-003,laff,10,2,0,0,8,12,12,8
THPACK9-003,laff,10,1,12,0,8,8,8,8
THPACK9-003,laff,10,1,12,8,8,8,8,8
THPACK9-003,laff,11,2,0,0,0,12,12,8
THPACK9-003,laff,11,1,12,0,0,8,8,8
THPACK9-003,laff,11,1,12,8,0,8,8,8
THPACK9-003,laff,11,2,0,0,8,12,12,8
THPACK9-003,laff,11,1,12,0,8,8,8,8
THPACK9-003,laff,11,1,12,8,8,8,8,8
THPACK9-003,laff,12,2,0,0,0,12,12,8
THPACK9-003,laff,12,1,12,0,0,8,8,8
THPACK9-003,laff,12,1,12,8,0,8,8,8
THPACK9-003,laff,12,2,0,0,8,12,12,8
THPACK9-003,laff,12,1,12,0,8,8,8,8
THPACK9-003,laff,12,1,12,8,8,8,8,8
THPACK9-003,laff,13,2,0,0,0,12,12,8
THPACK9-003,laff,13,1,12,0,0,8,8,8
THPACK9-003,laff,13,1,12,8,0,8,8,8
THPACK9-003,laff,13,2,0,0,8,12,12,8
THPACK9-003,laff,13,1,12,0,8,8,8,8
THPACK9-003,laff,13,1,12,8,8,8,8,8
THPACK9-003,laff,14,2,0,0,0,12,12,8
THPACK9-003,laff,14,1,12,0,0,8,8,8
THPACK9-003,laff,14,1,12,8,0,8,8,8
THPACK9-003,laff,14,2,0,0,8,12,12,8
THPACK9-003,laff,14,1,12,0,8,8,8,8
THPACK9-003,laff,14,1,12,8,8,8,8,8
THPACK9-003,laff,15,2,0,0,0,12,12,8
THPACK9-003,laff,15,1,12,0,0,8,8,8
THPACK9-003,laff,15,1,12,8,0,8,8,8
THPACK9-003,laff,15,2,0,0,8,12,12,8
THPACK9-003,laff,15,1,12,0,8,8,8,8
THPACK9-003,laff,15,1,12,8,8,8,8,8
THPACK9-003,laff,16,2,0,0,0,12,12,8
THPACK9-003,laff,16,1,12,0,0,8,8,8
THPACK9-003,laff,16,1,12,8,0,8,8,8
THPACK9-003,laff,16,2,0,0,8,12,12,8
THPACK9-003,laff,16,1,12,0,8,8,8,8
THPACK9-003,laff,16,1,12,8,8,8,8,8
THPACK9-003,laff,17,2,0,0,0,12,12,8
THPACK9-003,laff,17,1,12,0,0,8,8,8
THPACK9-003,laff,17,1,12,8,0,8,8,8
THPACK9-003,laff,17,2,0,0,8,12,12,8
THPACK9-003,laff,17,1,12,0,8,8,8,8
THPACK9-003,laff,17,1,12,8,8,8,8,8
THPACK9-003,laff,18,2,0,0,0,12,12,8
THPACK9-003,laff,18,1,12,0,0,8,8,8
THPACK9-003,laff,18,1,12,8,0,8,8,8
THPACK9-003,laff,18,2,0,0,8,12,12,8
THPACK9-003,laff,18,1,12,0,8,8,8,8
THPACK9-003,laff,18,1,12,8,8,8,8,8
THPACK9-003,laff,19,2,0,0,0,12,12,8
THPACK9-003,laff,19,1,12,0,0,8,8,8
THPACK9-003,laff,19,1,12,8,0,8,8,8
THPACK9-003,laff,19,2,0,0,8,12,12,8
THPACK9-003,laff,19,1,12,0,8,8,8,8
THPACK9-003,laff,19,1,12,8,8,8,8,8
THPACK9-003,laff,20,2,0,0,0,12,12,8
THPACK9-003,laff,20,1,12,0,0,8,8,8
THPACK9-003,laff,20,1,12,8,0,8,8,8
THPACK9-003,laff,20,2,0,0,8,12,12,8
THPACK9-003,laff,20,1,12,0,8,8,8,8
THPACK9-003,laff,20,1,12,8,8,8,8,8
THPACK9-003,laff,21,2,0,0,0,12,12,8
THPACK9-003,laff,21,1,12,0,0,8,8,8
THPACK9-003,laff,21,1,12,8,0,8,8,8
THPACK9-003,laff,21,2,0,0,8,12,12,8
THPACK9-003,laff,21,1,12,0,8,8,8,8
THPACK9-003,laff,21,1,12,8,8,8,8,8
THPACK9-003,laff,22,2,0,0,0,12,12,8
THPACK9-003,laff,22,1,12,0,0,8,8,8
THPACK9-003,laff,22,1,12,8,0,8,8,8
THPACK9-003,laff,22,2,0,0,8,12,12,8
THPACK9-003,laff,22,1,12,0,8,8,8,8
THPACK9-003,laff,23,2,0,0,0,12,12,8
THPACK9-003,laff,23,2,0,0,8,12,12,8
THPACK9-003,laff,24,2,0,0,0,12,12,8
THPACK9-003,laff,24,2,0,0,8,12,12,8
THPACK9-003,plain,0,2,0,0,0,12,12,8
THPACK9-003,plain,0,2,0,0,8,12,12,8
THPACK9-003,plain,0,0,12,0,0,8,16,4
THPACK9-003,plain,0,0,12,0,4,8,16,4
THPACK9-003,plain,0,0,12,0,8,8,16,4
THPACK9-003,plain,0,0,12,0,12,8,16,4
THPACK9-003,plain,0,0,0,0,16,16,8,4
THPACK9-003,plain,0,0,0,12,0,8,4,16
THPACK9-003,plain,0,0,0,8,16,16,8,4
THPACK9-003,plain,0,3,16,0,16,4,12,4
THPACK9-003,plain,0,3,8,12,0,4,4,12
THPACK9-003,plain,1,2,0,0,0,12,12,8
THPACK9-003,plain,1,2,0,0,8,12,12,8
THPACK9-003,plain,1,0,12,0,0,8,16,4
THPACK9-003,plain,1,0,12,0,4,8,16,4
THPACK9-003,plain,1,0,12,0,8,8,16,4
THPACK9-003,plain,1,0,12,0,12,8,16,4
THPACK9-003,plain,1,0,0,0,16,16,8,4
THPACK9-003,plain,1,0,0,12,0,8,4,16
THPACK9-003,plain,1,0,0,8,16,16,8,4
THPACK9-003,plain,1,3,16,0,16,4,12,4
THPACK9-003,plain,1,3,8,12,0,4,4,12
THPACK9-003,plain,2,2,0,0,0,12,12,8
THPACK9-003,plain,2,2,0,0,8,12,12,8
THPACK9-003,plain,2,0,12,0,0,8,16,4
THPACK9-003,plain,2,0,12,0,4,8,16,4
THPACK9-003,plain,2,0,12,0,8,8,16,4
THPACK9-003,plain,2,0,12,0,12,8,16,4
THPACK9-003,plain,2,0,0,0,16,16,8,4
THPACK9-003,plain,2,0,0,12,0,8,4,16
THPACK9-003,plain,2,0,0,8,16,16,8,4
THPACK9-003,plain,2,3,16,0,16,4,12,4
THPACK9-003,plain,2,3,8,12,0,4,4,12
THPACK9-003,plain,3,2,0,0,0,12,12,8
THPACK9-003,plain,3,2,0,0,8,12,12,8
THPACK9-003,plain,3,0,12,0,0,8,16,4
THPACK9-003,plain,3,0,12,0,4,8,16,4
THPACK9-003,plain,3,0,12,0,8,8,16,4
THPACK9-003,plain,3,0,12,0,12,8,16,4
THPACK9-003,plain,3,0,0,0,16,16,8,4
THPACK9-003,plain,3,0,0,12,0,8,4,16
THPACK9-003,plain,3,0,0,8,16,16,8,4
THPACK9-003,plain,3,3,16,0,16,4,12,4
THPACK9-003,plain,3,3,8,12,0,4,4,12
THPACK9-003,plain,4,2,0,0,0,12,12,8
THPACK9-003,plain,4,2,0,0,8,12,12,8
THPACK9-003,plain,4,0,12,0,0,8,16,4
THPACK9-003,plain,4,0,12,0,4,8,16,4
THPACK9-003,plain,4,0,12,0,8,8,16,4
THPACK9-003,plain,4,0,12,0,12,8,16,4
THPACK9-003,plain,4,0,0,0,16,16,8,4
THPACK9-003,plain,4,0,0,12,0,8,4,16
THPACK9-003,plain,4,0,0,8,16,16,8,4
THPACK9-003,plain,4,3,16,0,16,4,12,4
THPACK9-003,plain,4,3,8,12,0,4,4,12
THPACK9-003,plain,5,2,0,0,0,12,12,8
THPACK9-003,plain,5,2,0,0,8,12,12,8
THPACK9-003,plain,5,0,12,0,0,8,16,4
THPACK9-003,plain,5,0,12,0,4,8,16,4
THPACK9-003,plain,5,0,12,0,8,8,16,4
THPACK9-003,plain,5,0,12,0,12,8,16,4
THPACK9-003,plain,5,0,0,0,16,16,8,4
THPACK9-003,plain,5,0,0,12,0,8,4,16
THPACK9-003,plain,5,0,0,8,16,16,8,4
THPACK9-003,plain,5,3,16,0,16,4,12,4
THPACK9-003,plain,5,3,8,12,0,4,4,12
THPACK9-003,plain,6,2,0,0,0,12,12,8
THPACK9-003,plain,6,2,0,0,8,12,12,8
THPACK9-003,plain,6,0,12,0,0,8,16,4
THPACK9-003,plain,6,0,12,0,4,8,16,4
THPACK9-003,plain,6,0,12,0,8,8,16,4
THPACK9-003,plain,6,1,12,0,12,8,8,8
THPACK9-003,plain,6,1,12,8,12,8,8,8
THPACK9-003,plain,6,3,0,0,16,12,4,4
THPACK9-003,plain,6,3,0,4,16,12,4,4
THPACK9-003,plain,6,3,0,8,16,12,4,4
THPACK9-003,plain,6,3,0,12,0,12,4,4
THPACK9-003,plain,6,3,0,12,4,12,4,4
THPACK9-003,plain,6,3,0,12,8,12,4,4
THPACK9-003,plain,6,3,0,12,12,12,4,4
THPACK9-003,plain,6,3,0,12,16,12,4,4
THPACK9-003,plain,7,2,0,0,0,12,12,8
THPACK9-003,plain,7,2,0,0,8,12,12,8
THPACK9-003,plain,7,2,12,0,0,8,12,12
THPACK9-003,plain,7,1,12,0,12,8,8,8
THPACK9-003,plain,7,1,12,8,12,8,8,8
THPACK9-003,plain,7,3,0,0,16,12,4,4
THPACK9-003,plain,7,3,0,4,16,12,4,4
THPACK9-003,plain,7,3,0,8,16,12,4,4
THPACK9-003,plain,7,3,0,12,0,12,4,4
THPACK9-003,plain,7,3,0,12,4,12,4,4
THPACK9-003,plain,8,2,0,0,0,12,12,8
THPACK9-003,plain,8,2,0,0,8,12,12,8
THPACK9-003,plain,8,2,12,0,0,8,12,12
THPACK9-003,plain,8,1,12,0,12,8,8,8
THPACK9-003,plain,8,1,12,8,12,8,8,8
THPACK9-003,plain,9,2,0,0,0,12,12,8
THPACK9-003,plain,9,2,0,0,8,12,12,8
THPACK9-003,plain,9,2,12,0,0,8,12,12
THPACK9-003,plain,9,1,12,0,12,8,8,8
THPACK9-003,plain,9,1,12,8,12,8,8,8
THPACK9-003,plain,10,2,0,0,0,12,12,8
THPACK9-003,plain,10,2,0,0,8,12,12,8
THPACK9-003,plain,10,2,12,0,0,8,12,12
THPACK9-003,plain,10,1,12,0,12,8,8,8
THPACK9-003,plain,10,1,12,8,12,8,8,8
THPACK9-003,plain,11,2,0,0,0,12,12,8
THPACK9-003,plain,11,2,0,0,8,12,12,8
THPACK9-003,plain,11,2,12,0,0,8,12,12
THPACK9-003,plain,11,1,12,0,12,8,8,8
THPACK9-003,plain,11,1,12,8,12,8,8,8
THPACK9-003,plain,12,2,0,0,0,12,12,8
THPACK9-003,plain,12,2,0,0,8,12,12,8
THPACK9-003,plain,12,2,12,0,0,8,12,12
THPACK9-003,plain,12,1,12,0,12,8,8,8
THPACK9-003,plain,12,1,12,8,12,8,8,8
THPACK9-003,plain,13,2,0,0,0,12,12,8
THPACK9-003,plain,13,2,0,0,8,12,12,8
THPACK9-003,plain,13,2,12,0,0,8,12,12
THPACK9-003,plain,13,1,12,0,12,8,8,8
THPACK9-003,plain,13,1,12,8,12,8,8,8
THPACK9-003,plain,14,2,0,0,0,12,12,8
THPACK9-003,plain,14,2,0,0,8,12,12,8
THPACK9-003,plain,14,2,12,0,0,8,12,12
THPACK9-003,plain,14,1,12,0,12,8,8,8
THPACK9-003,plain,14,1,12,8,12,8,8,8
THPACK9-003,plain,15,2,0,0,0,12,12,8
THPACK9-003,plain,15,2,0,0,8,12,12,8
THPACK9-003,plain,15,2,12,0,0,8,12,12
THPACK9-003,plain,15,1,12,0,12,8,8,8
THPACK9-003,plain,15,1,12,8,12,8,8,8
THPACK9-003,plain,16,2,0,0,0,12,12,8
THPACK9-003,plain,16,2,0,0,8,12,12,8
THPACK9-003,plain,16,2,12,0,0,8,12,12
THPACK9-003,plain,16,1,12,0,12,8,8,8
THPACK9-003,plain,16,1,12,8,12,8,8,8
THPACK9-003,plain,17,2,0,0,0,12,12,8
THPACK9-003,plain,17,2,0,0,8,12,12,8
THPACK9-003,plain,17,2,12,0,0,8,12,12
THPACK9-003,plain,17,1,12,0,12,8,8,8
THPACK9-003,plain,17,1,12,8,12,8,8,8
THPACK9-003,plain,18,2,0,0,0,12,12,8
THPACK9-003,plain,18,2,0,0,8,12,12,8
THPACK9-003,plain,18,2,12,0,0,8,12,12
THPACK9-003,plain,18,1,12,0,12,8,8,8
THPACK9-003,plain,18,1,12,8,12,8,8,8
THPACK9-003,plain,19,1,0,0,0,8,8,8
THPACK9-003,plain,19,1,0,0,8,8,8,8
THPACK9-003,plain,19,1,0,8,0,8,8,8
THPACK9-003,plain,19,1,0,8,8,8,8,8
THPACK9-003,plain,19,1,8,0,0,8,8,8
THPACK9-003,plain,19,1,8,0,8,8,8,8
THPACK9-003,plain,19,1,8,8,0,8,8,8
THPACK9-003,plain,19,1,8,8,8,8,8,8
THPACK9-003,plain,20,1,0,0,0,8,8,8
THPACK9-003,plain,20,1,0,0,8,8,8,8
THPACK9-003,plain,20,1,0,8,0,8,8,8
THPACK9-003,plain,20,1,0,8,8,8,8,8
THPACK9-003,plain,20,1,8,0,0,8,8,8
THPACK9-003,plain,20,1,8,0,8,8,8,8
THPACK9-003,plain,20,1,8,8,0,8,8,8
THPACK9-003,plain,20,1,8,8,8,8,8,8
THPACK9-003,plain,21,1,0,0,0,8,8,8
THPACK9-003,plain,21,1,0,0,8,8,8,8
THPACK9-003,plain,21,1,0,8,0,8,8,8
THPACK9-003,plain,21,1,0,8,8,8,8,8
THPACK9-003,plain,21,1,8,0,0,8,8,8
THPACK9-003,plain,21,1,8,0,8,8,8,8
THPACK9-003,plain,21,1,8,8,0,8,8,8
THPACK9-003,plain,21,1,8,8,8,8,8,8
THPACK9-003,plain,22,1,0,0,0,8,8,8
THPACK9-003,plain,22,1,0,0,8,8,8,8
THPACK9-003,plain,22,1,0,8,0,8,8,8
THPACK9-003,plain,22,1,0,8,8,8,8,8
THPACK9-003,plain,22,1,8,0,0,8,8,8
THPACK9-003,plain,22,1,8,0,8,8,8,8
THPACK9-003,plain,22,1,8,8,0,8,8,8
THPACK9-003,plain,22,1,8,8,8,8,8,8
THPACK9-003,plain,23,1,0,0,0,8,8,8
THPACK9-003,plain,23,1,0,0,8,8,8,8
THPACK9-030,laff,0,2,0,0,0,17,13,7
THPACK9-030,laff,0,2,0,0,7,17,13,7
THPACK9-030,laff,0,2,0,0,14,17,13,7
THPACK9-030,laff,0,0,0,0,21,14,11,5
THPACK9-030,laff,1,2,0,0,0,17,13,7
THPACK9-030,laff,1,2,0,0,7,17,13,7
THPACK9-030,laff,1,2,0,0,14,17,13,7
THPACK9-030,laff,1,0,0,0,21,14,11,5
THPACK9-030,laff,2,2,0,0,0,17,13,7
THPACK9-030,laff,2,2,0,0,7,17,13,7
THPACK9-030,laff,2,2,0,0,14,17,13,7
THPACK9-030,laff,2,0,0,0,21,14,11,5
THPACK9-030,laff,3,2,0,0,0,17,13,7
THPACK9-030,laff,3,2,0,0,7,17,13,7
THPACK9-030,laff,3,2,0,0,14,17,13,7
THPACK9-030,laff,3,0,0,0,21,14,11,5
THPACK9-030,laff,4,2,0,0,0,17,13,7
THPACK9-030,laff,4,2,0,0,7,17,13,7
THPACK9-030,laff,4,2,0,0,14,17,13,7
THPACK9-030,laff,4,0,0,0,21,14,11,5
THPACK9-030,laff,5,2,0,0,0,17,13,7
THPACK9-030,laff,5,2,0,0,7,17,13,7
THPACK9-030,laff,5,2,0,0,14,17,13,7
THPACK9-030,laff,5,0,0,0,21,14,11,5
THPACK9-030,laff,6,2,0,0,0,17,13,7
THPACK9-030,laff,6,2,0,0,7,17,13,7
THPACK9-030,laff,6,2,0,0,14,17,13,7
THPACK9-030,laff,6,0,0,0,21,14,11,5
THPACK9-030,laff,7,2,0,0,0,17,13,7
THPACK9-030,laff,7,2,0,0,7,17,13,7
THPACK9-030,laff,7,2,0,0,14,17,13,7
THPACK9-030,laff,7,0,0,0,21,14,11,5
THPACK9-030,laff,8,2,0,0,0,17,13,7
THPACK9-030,laff,8,2,0,0,7,17,13,7
THPACK9-030,laff,8,2,0,0,14,17,13,7
THPACK9-030,laff,8,0,0,0,21,14,11,5
THPACK9-030,laff,9,2,0,0,0,17,13,7
THPACK9-030,laff,9,2,0,0,7,17,13,7
THPACK9-030,laff,9,2,0,0,14,17,13,7
THPACK9-030,laff,9,0,0,0,21,14,11,5
THPACK9-030,laff,10,2,0,0,0,17,13,7
THPACK9-030,laff,10,2,0,0,7,17,13,7
THPACK9-030,laff,10,2,0,0,14,17,13,7
THPACK9-030,laff,10,0,0,0,21,14,11,5
THPACK9-030,laff,11,2,0,0,0,17,13,7
THPACK9-030,laff,11,2,0,0,7,17,13,7
THPACK9-030,laff,11,2,0,0,14,17,13,7
THPACK9-030,laff,11,0,0,0,21,14,11,5
THPACK9-030,laff,12,2,0,0,0,17,13,7
THPACK9-030,laff,12,0,0,0,7,14,11,5
THPACK9-030,laff,12,0,0,0,12,14,11,5
THPACK9-030,laff,12,0,0,0,17,14,11,5
THPACK9-030,laff,13,0,0,0,0,14,11,5
THPACK9-030,laff,13,0,0,0,5,14,11,5
THPACK9-030,laff,13,0,0,0,10,14,11,5
THPACK9-030,laff,13,0,0,0,15,14,11,5
THPACK9-030,laff,13,0,0,0,20,14,11,5
THPACK9-030,laff,14,0,0,0,0,14,11,5
THPACK9-030,laff,14,0,0,0,5,14,11,5
THPACK9-030,laff,14,0,0,0,10,14,11,5
THPACK9-030,laff,14,0,0,0,15,14,11,5
THPACK9-030,laff,14,0,0,0,20,14,11,5
THPACK9-030,laff,15,0,0,0,0,14,11,5
THPACK9-030,laff,15,0,0,0,5,14,11,5
THPACK9-030,laff,15,0,0,0,10,14,11,5
THPACK9-030,laff,15,0,0,0,15,14,11,5
THPACK9-030,laff,15,0,0,0,20,14,11,5
THPACK9-030,laff,16,1,0,0,0,10,12,9
THPACK9-030,laff,16,1,0,0,9,10,12,9
THPACK9-030,laff,16,3,0,0,18,10,10,8
THPACK9-030,laff,17,1,0,0,0,10,12,9
THPACK9-030,laff,17,1,0,0,9,10,12,9
THPACK9-030,laff,17,3,0,0,18,10,10,8
THPACK9-030,laff,18,1,0,0,0,10,12,9
THPACK9-030,laff,18,1,0,0,9,10,12,9
THPACK9-030,laff,18,3,0,0,18,10,10,8
THPACK9-030,laff,19,1,0,0,0,10,12,9
THPACK9-030,laff,19,1,0,0,9,10,12,9
THPACK9-030,laff,19,3,0,0,18,10,10,8
THPACK9-030,laff,20,1,0,0,0,10,12,9
THPACK9-030,laff,20,1,0,0,9,10,12,9
THPACK9-030,laff,20,3,0,0,18,10,10,8
THPACK9-030,laff,21,1,0,0,0,10,12,9
THPACK9-030,laff,21,1,0,0,9,10,12,9
THPACK9-030,laff,21,3,0,0,18,10,10,8
THPACK9-030,laff,22,1,0,0,0,10,12,9
THPACK9-030,laff,22,1,0,0,9,10,12,9
THPACK9-030,laff,22,3,0,0,18,10,10,8
THPACK9-030,laff,23,1,0,0,0,10,12,9
THPACK9-030,laff,23,1,0,0,9,10,12,9
THPACK9-030,laff,23,3,0,0,18,10,10,8
THPACK9-030,laff,24,1,0,0,0,10,12,9
THPACK9-030,laff,24,1,0,0,9,10,12,9
THPACK9-030,laff,24,3,0,0,18,10,10,8
THPACK9-030,laff,25,1,0,0,0,10,12,9
THPACK9-030,laff,25,1,0,0,9,10,12,9
THPACK9-030,laff,25,3,0,0,18,10,10,8
THPACK9-030,laff,26,1,0,0,0,10,12,9
THPACK9-030,laff,26,1,0,0,9,10,12,9
THPACK9-030,laff,26,3,0,0,18,10,10,8
THPACK9-030,laff,27,1,0,0,0,10,12,9
THPACK9-030,laff,27,1,0,0,9,10,12,9
THPACK9-030,laff,27,3,0,0,18,10,10,8
THPACK9-030,laff,28,1,0,0,0,10,12,9
THPACK9-030,laff,28,1,0,0,9,10,12,9
THPACK9-030,laff,28,3,0,0,18,10,10,8
THPACK9-030,laff,29,1,0,0,0,10,12,9
THPACK9-030,laff,29,1,0,0,9,10,12,9
THPACK9-030,laff,29,3,0,0,18,10,10,8
THPACK9-030,laff,30,3,0,0,0,10,10,8
THPACK9-030,laff,30,3,0,0,8,10,10,8
THPACK9-030,laff,30,3,0,0,16,10,10,8
THPACK9-030,laff,31,3,0,0,0,10,10,8
THPACK9-030,laff,31,3,0,0,8,10,10,8
THPACK9-030,laff,31,3,0,0,16,10,10,8
THPACK9-030,laff,32,3,0,0,0,10,10,8
THPACK9-030,laff,32,3,0,0,8,10,10,8
THPACK9-030,laff,32,3,0,0,16,10,10,8
THPACK9-030,plain,0,2,0,0,0,17,13,7
THPACK9-030,plain,0,2,0,0,7,17,13,7
THPACK9-030,plain,0,2,0,0,14,17,13,7
THPACK9-030,plain,0,0,0,0,21,14,11,5
THPACK9-030,plain,1,2,0,0,0,17,13,7
THPACK9-030,plain,1,2,0,0,7,17,13,7
THPACK9-030,plain,1,2,0,0,14,17,13,7
THPACK9-030,plain,1,0,0,0,21,14,11,5
THPACK9-030,plain,2,2,0,0,0,17,13,7
THPACK9-030,plain,2,2,0,0,7,17,13,7
THPACK9-030,plain,2,2,0,0,14,17,13,7
THPACK9-030,plain,2,0,0,0,21,14,11,5
THPACK9-030,plain,3,2,0,0,0,17,13,7
THPACK9-030,plain,3,2,0,0,7,17,13,7
THPACK9-030,plain,3,2,0,0,14,17,13,7
THPACK9-030,plain,3,0,0,0,21,14,11,5
THPACK9-030,plain,4,2,0,0,0,17,13,7
THPACK9-030,plain,4,2,0,0,7,17,13,7
THPACK9-030,plain,4,2,0,0,14,17,13,7
THPACK9-030,plain,4,0,0,0,21,14,11,5
THPACK9-030,plain,5,2,0,0,0,17,13,7
THPACK9-030,plain,5,2,0,0,7,17,13,7
THPACK9-030,plain,5,2,0,0,14,17,13,7
THPACK9-030,plain,5,0,0,0,21,14,11,5
THPACK9-030,plain,6,2,0,0,0,17,13,7
THPACK9-030,plain,6,2,0,0,7,17,13,7
THPACK9-030,plain,6,2,0,0,14,17,13,7
THPACK9-030,plain,6,0,0,0,21,14,11,5
THPACK9-030,plain,7,2,0,0,0,17,13,7
THPACK9-030,plain,7,2,0,0,7,17,13,7
THPACK9-030,plain,7,2,0,0,14,17,13,7
THPACK9-030,plain,7,0,0,0,21,14,11,5
THPACK9-030,plain,8,2,0,0,0,17,13,7
THPACK9-030,plain,8,2,0,0,7,17,13,7
THPACK9-030,plain,8,2,0,0,14,17,13,7
THPACK9-030,plain,8,0,0,0,21,14,11,5
THPACK9-030,plain,9,2,0,0,0,17,13,7
THPACK9-030,plain,9,2,0,0,7,17,13,7
THPACK9-030,plain,9,2,0,0,14,17,13,7
THPACK9-030,plain,9,0,0,0,21,14,11,5
THPACK9-030,plain,10,2,0,0,0,17,13,7
THPACK9-030,plain,10,2,0,0,7,17,13,7
THPACK9-030,plain,10,2,0,0,14,17,13,7
THPACK9-030,plain,10,0,0,0,21,14,11,5
THPACK9-030,plain,11,2,0,0,0,17,13,7
THPACK9-030,plain,11,2,0,0,7,17,13,7
THPACK9-030,plain,11,2,0,0,14,17,13,7
THPACK9-030,plain,11,0,0,0,21,14,11,5
THPACK9-030,plain,12,2,0,0,0,17,13,7
THPACK9-030,plain,12,0,0,0,7,14,11,5
THPACK9-030,plain,12,0,0,0,12,14,11,5
THPACK9-030,plain,12,0,0,0,17,14,11,5
THPACK9-030,plain,12,0,14,0,7,5,11,14
THPACK9-030,plain,13,0,0,0,0,14,11,5
THPACK9-030,plain,13,0,0,0,5,14,11,5
THPACK9-030,plain,13,0,0,0,10,14,11,5
THPACK9-030,plain,13,0,0,0,15,14,11,5
THPACK9-030,plain,13,0,0,0,20,14,11,5
THPACK9-030,plain,13,0,14,0,0,5,14,11
THPACK9-030,plain,13,0,14,0,11,5,14,11
THPACK9-030,plain,14,0,0,0,0,14,11,5
THPACK9-030,plain,14,0,0,0,5,14,11,5
THPACK9-030,plain,14,0,0,0,10,14,11,5
THPACK9-030,plain,14,0,0,0,15,14,11,5
THPACK9-030,plain,14,0,0,0,20,14,11,5
THPACK9-030,plain,14,0,14,0,0,5,14,11
THPACK9-030,plain,14,0,14,0,11,5,14,11
THPACK9-030,plain,15,1,0,0,0,10,12,9
THPACK9-030,plain,15,1,0,0,9,10,12,9
THPACK9-030,plain,15,1,10,0,0,9,12,10
THPACK9-030,plain,15,1,10,0,10,9,12,10
THPACK9-030,plain,15,3,0,0,18,10,10,8
THPACK9-030,plain,16,1,0,0,0,10,12,9
THPACK9-030,plain,16,1,0,0,9,10,12,9
THPACK9-030,plain,16,1,10,0,0,9,12,10
THPACK9-030,plain,16,1,10,0,10,9,12,10
THPACK9-030,plain,16,3,0,0,18,10,10,8
THPACK9-030,plain,17,1,0,0,0,10,12,9
THPACK9-030,plain,17,1,0,0,9,10,12,9
THPACK9-030,plain,17,1,10,0,0,9,12,10
THPACK9-030,plain,17,1,10,0,10,9,12,10
THPACK9-030,plain,17,3,0,0,18,10,10,8
THPACK9-030,plain,18,1,0,0,0,10,12,9
THPACK9-030,plain,18,1,0,0,9,10,12,9
THPACK9-030,plain,18,1,10,0,0,9,12,10
THPACK9-030,plain,18,1,10,0,10,9,12,10
THPACK9-030,plain,18,3,0,0,18,10,10,8
THPACK9-030,plain,19,1,0,0,0,10,12,9
THPACK9-030,plain,19,1,0,0,9,10,12,9
THPACK9-030,plain,19,1,10,0,0,9,12,10
THPACK9-030,plain,19,1,10,0,10,9,12,10
THPACK9-030,plain,19,3,0,0,18,10,10,8
THPACK9-030,plain,20,1,0,0,0,10,12,9
THPACK9-030,plain,20,1,0,0,9,10,12,9
THPACK9-030,plain,20,1,10,0,0,9,12,10
THPACK9-030,plain,20,1,10,0,10,9,12,10
THPACK9-030,plain,20,3,0,0,18,10,10,8
THPACK9-030,plain,21,1,0,0,0,10,12,9
THPACK9-030,plain,21,1,0,0,9,10,12,9
THPACK9-030,plain,21,1,10,0,0,9,12,10
THPACK9-030,plain,21,1,10,0,10,9,12,10
THPACK9-030,plain,21,3,0,0,18,10,10,8
THPACK9-030,plain,22,3,0,0,0,10,10,8
THPACK9-030,plain,22,3,0,0,8,10,10,8
THPACK9-030,plain,22,3,0,0,16,10,10,8
THPACK9-030,plain,22,3,10,0,0,8,10,10
THPACK9-030,plain,22,3,10,0,10,8,10,10
THPACK9-030,plain,23,3,0,0,0,10,10,8
THPACK9-030,plain,23,3,0,0,8,10,10,8
THPACK9-030,plain,23,3,0,0,16,10,10,8
THPACK9-030,plain,23,3,10,0,0,8,10,10
THPACK9-030,plain,23,3,10,0,10,8,10,10
THPACK9-030,plain,24,3,0,0,0,10,10,8
THPACK9-030,plain,24,3,0,0,8,10,10,8
THPACK9-030,plain,24,3,0,0,16,10,10,8
THPACK9-030,plain,24,3,10,0,0,8,10,10
THPACK9-030,plain,24,3,10,0,10,8,10,10
THPACK9-030,plain,25,3,0,0,0,10,10,8
THPACK9-031,laff,0,2,0,0,0,17,13,7
THPACK9-031,laff,0,2,0,0,7,17,13,7
THPACK9-031,laff,0,2,0,0,14,17,13,7
THPACK9-031,laff,0,0,0,0,21,14,11,5
THPACK9-031,laff,1,2,0,0,0,17,13,7
THPACK9-031,laff,1,2,0,0,7,17,13,7
THPACK9-031,laff,1,2,0,0,14,17,13,7
THPACK9-031,laff,1,0,0,0,21,14,11,5
THPACK9-031,laff,2,2,0,0,0,17,13,7
THPACK9-031,laff,2,2,0,0,7,17,13,7
THPACK9-031,laff,2,2,0,0,14,17,13,7
THPACK9-031,laff,2,0,0,0,21,14,11,5
THPACK9-031,laff,3,2,0,0,0,17,13,7
THPACK9-031,laff,3,2,0,0,7,17,13,7
THPACK9-031,laff,3,2,0,0,14,17,13,7
THPACK9-031,laff,3,0,0,0,21,14,11,5
THPACK9-031,laff,4,2,0,0,0,17,13,7
THPACK9-031,laff,4,2,0,0,7,17,13,7
THPACK9-031,laff,4,2,0,0,14,17,13,7
THPACK9-031,laff,4,0,0,0,21,14,11,5
THPACK9-031,laff,5,2,0,0,0,17,13,7
THPACK9-031,laff,5,2,0,0,7,17,13,7
THPACK9-031,laff,5,2,0,0,14,17,13,7
THPACK9-031,laff,5,0,0,0,21,14,11,5
THPACK9-031,laff,6,2,0,0,0,17,13,7
THPACK9-031,laff,6,2,0,0,7,17,13,7
THPACK9-031,laff,6,2,0,0,14,17,13,7
THPACK9-031,laff,6,0,0,0,21,14,11,5
THPACK9-031,laff,7,2,0,0,0,17,13,7
THPACK9-031,laff,7,2,0,0,7,17,13,7
THPACK9-031,laff,7,2,0,0,14,17,13,7
THPACK9-031,laff,7,0,0,0,21,14,11,5
THPACK9-031,laff,8,2,0,0,0,17,13,7
THPACK9-031,laff,8,2,0,0,7,17,13,7
THPACK9-031,laff,8,2,0,0,14,17,13,7
THPACK9-031,laff,8,0,0,0,21,14,11,5
THPACK9-031,laff,9,2,0,0,0,17,13,7
THPACK9-031,laff,9,2,0,0,7,17,13,7
THPACK9-031,laff,9,2,0,0,14,17,13,7
THPACK9-031,laff,9,0,0,0,21,14,11,5
THPACK9-031,laff,10,2,0,0,0,17,13,7
THPACK9-031,laff,10,2,0,0,7,17,13,7
THPACK9-031,laff,10,2,0,0,14,17,13,7
THPACK9-031,laff,10,0,0,0,21,14,11,5
THPACK9-031,laff,11,2,0,0,0,17,13,7
THPACK9-031,laff,11,2,0,0,7,17,13,7
THPACK9-031,laff,11,2,0,0,14,17,13,7
THPACK9-031,laff,11,0,0,0,21,14,11,5
THPACK9-031,laff,12,2,0,0,0,17,13,7
THPACK9-031,laff,12,0,0,0,7,14,11,5
THPACK9-031,laff,12,0,0,0,12,14,11,5
THPACK9-031,laff,12,0,0,0,17,14,11,5
THPACK9-031,laff,12,0,0,0,22,14,11,5
THPACK9-031,laff,13,0,0,0,0,14,11,5
THPACK9-031,laff,13,0,0,0,5,14,11,5
THPACK9-031,laff,13,0,0,0,10,14,11,5
THPACK9-031,laff,13,0,0,0,15,14,11,5
THPACK9-031,laff,13,0,0,0,20,14,11,5
THPACK9-031,laff,14,0,0,0,0,14,11,5
THPACK9-031,laff,14,0,0,0,5,14,11,5
THPACK9-031,laff,14,0,0,0,10,14,11,5
THPACK9-031,laff,14,0,0,0,15,14,11,5
THPACK9-031,laff,14,0,0,0,20,14,11,5
THPACK9-031,laff,15,0,0,0,0,14,11,5
THPACK9-031,laff,15,0,0,0,5,14,11,5
THPACK9-031,laff,15,0,0,0,10,14,11,5
THPACK9-031,laff,15,0,0,0,15,14,11,5
THPACK9-031,laff,16,1,0,0,0,10,12,9
THPACK9-031,laff,16,1,10,0,0,10,12,9
THPACK9-031,laff,16,1,0,0,9,10,12,9
THPACK9-031,laff,16,1,10,0,9,10,12,9
THPACK9-031,laff,16,1,0,0,18,10,12,9
THPACK9-031,laff,16,1,10,0,18,10,12,9
THPACK9-031,laff,17,1,0,0,0,10,12,9
THPACK9-031,laff,17,1,10,0,0,10,12,9
THPACK9-031,laff,17,1,0,0,9,10,12,9
THPACK9-031,laff,17,1,10,0,9,10,12,9
THPACK9-031,laff,17,1,0,0,18,10,12,9
THPACK9-031,laff,17,1,10,0,18,10,12,9
THPACK9-031,laff,18,1,0,0,0,10,12,9
THPACK9-031,laff,18,1,10,0,0,10,12,9
THPACK9-031,laff,18,1,0,0,9,10,12,9
THPACK9-031,laff,18,1,10,0,9,10,12,9
THPACK9-031,laff,18,1,0,0,18,10,12,9
THPACK9-031,laff,18,1,10,0,18,10,12,9
THPACK9-031,laff,19,1,0,0,0,10,12,9
THPACK9-031,laff,19,1,10,0,0,10,12,9
THPACK9-031,laff,19,1,0,0,9,10,12,9
THPACK9-031,laff,19,1,10,0,9,10,12,9
THPACK9-031,laff,19,1,0,0,18,10,12,9
THPACK9-031,laff,19,1,10,0,18,10,12,9
THPACK9-031,laff,20,1,0,0,0,10,12,9
THPACK9-031,laff,20,1,10,0,0,10,12,9
THPACK9-031,laff,20,1,0,0,9,10,12,9
THPACK9-031,laff,20,1,10,0,9,10,12,9
THPACK9-031,laff,20,3,0,0,18,10,10,8
THPACK9-031,laff,20,3,0,10,18,10,10,8
THPACK9-031,laff,20,3,10,0,18,10,10,8
THPACK9-031,laff,20,3,10,10,18,10,10,8
THPACK9-031,laff,21,3,0,0,0,10,10,8
THPACK9-031,laff,21,3,0,10,0,10,10,8
THPACK9-031,laff,21,3,10,0,0,10,10,8
THPACK9-031,laff,21,3,10,10,0,10,10,8
THPACK9-031,laff,21,3,0,0,8,10,10,8
THPACK9-031,laff,21,3,0,10,8,10,10,8
THPACK9-031,laff,21,3,10,0,8,10,10,8
THPACK9-031,laff,21,3,10,10,8,10,10,8
THPACK9-031,laff,21,3,0,0,16,10,10,8
THPACK9-031,laff,21,3,0,10,16,10,10,8
THPACK9-031,laff,21,3,10,0,16,10,10,8
THPACK9-031,laff,21,3,10,10,16,10,10,8
THPACK9-031,laff,22,3,0,0,0,10,10,8
THPACK9-031,laff,22,3,0,10,0,10,10,8
THPACK9-031,laff,22,3,10,0,0,10,10,8
THPACK9-031,laff,22,3,10,10,0,10,10,8
THPACK9-031,laff,22,3,0,0,8,10,10,8
THPACK9-031,laff,22,3,0,10,8,10,10,8
THPACK9-031,laff,22,3,10,0,8,10,10,8
THPACK9-031,plain,0,2,0,0,0,17,13,7
THPACK9-031,plain,0,2,0,0,7,17,13,7
THPACK9-031,plain,0,2,0,0,14,17,13,7
THPACK9-031,plain,0,0,0,0,21,14,11,5
THPACK9-031,plain,0,2,0,13,0,17,7,13
THPACK9-031,plain,0,2,0,13,13,17,7,13
THPACK9-031,plain,0,0,17,0,0,5,14,11
THPACK9-031,plain,0,0,17,0,11,5,14,11
THPACK9-031,plain,1,2,0,0,0,17,13,7
THPACK9-031,plain,1,2,0,0,7,17,13,7
THPACK9-031,plain,1,2,0,0,14,17,13,7
THPACK9-031,plain,1,0,0,0,21,14,11,5
THPACK9-031,plain,1,2,0,13,0,17,7,13
THPACK9-031,plain,1,2,0,13,13,17,7,13
THPACK9-031,plain,1,0,17,0,0,5,14,11
THPACK9-031,plain,1,0,17,0,11,5,14,11
THPACK9-031,plain,2,2,0,0,0,17,13,7
THPACK9-031,plain,2,2,0,0,7,17,13,7
THPACK9-031,plain,2,2,0,0,14,17,13,7
THPACK9-031,plain,2,0,0,0,21,14,11,5
THPACK9-031,plain,2,2,0,13,0,17,7,13
THPACK9-031,plain,2,2,0,13,13,17,7,13
THPACK9-031,plain,2,0,17,0,0,5,14,11
THPACK9-031,plain,2,0,17,0,11,5,14,11
THPACK9-031,plain,3,2,0,0,0,17,13,7
THPACK9-031,plain,3,2,0,0,7,17,13,7
THPACK9-031,plain,3,2,0,0,14,17,13,7
THPACK9-031,plain,3,0,0,0,21,14,11,5
THPACK9-031,plain,3,2,0,13,0,17,7,13
THPACK9-031,plain,3,2,0,13,13,17,7,13
THPACK9-031,plain,3,0,17,0,0,5,14,11
THPACK9-031,plain,3,0,17,0,11,5,14,11
THPACK9-031,plain,4,2,0,0,0,17,13,7
THPACK9-031,plain,4,2,0,0,7,17,13,7
THPACK9-031,plain,4,2,0,0,14,17,13,7
THPACK9-031,plain,4,0,0,0,21,14,11,5
THPACK9-031,plain,4,2,0,13,0,17,7,13
THPACK9-031,plain,4,2,0,13,13,17,7,13
THPACK9-031,plain,4,0,17,0,0,5,14,11
THPACK9-031,plain,4,0,17,0,11,5,14,11
THPACK9-031,plain,5,2,0,0,0,17,13,7
THPACK9-031,plain,5,2,0,0,7,17,13,7
THPACK9-031,plain,5,2,0,0,14,17,13,7
THPACK9-031,plain,5,0,0,0,21,14,11,5
THPACK9-031,plain,5,2,0,13,0,17,7,13
THPACK9-031,plain,5,2,0,13,13,17,7,13
THPACK9-031,plain,5,0,17,0,0,5,14,11
THPACK9-031,plain,5,0,17,0,11,5,14,11
THPACK9-031,plain,6,2,0,0,0,17,13,7
THPACK9-031,plain,6,2,0,0,7,17,13,7
THPACK9-031,plain,6,2,0,0,14,17,13,7
THPACK9-031,plain,6,0,0,0,21,14,11,5
THPACK9-031,plain,6,2,0,13,0,17,7,13
THPACK9-031,plain,6,2,0,13,13,17,7,13
THPACK9-031,plain,6,0,17,0,0,5,14,11
THPACK9-031,plain,6,0,17,0,11,5,14,11
THPACK9-031,plain,7,2,0,0,0,17,13,7
THPACK9-031,plain,7,2,0,0,7,17,13,7
THPACK9-031,plain,7,0,0,0,14,14,11,5
THPACK9-031,plain,7,0,0,0,19,14,11,5
THPACK9-031,plain,7,0,0,13,0,14,5,11
THPACK9-031,plain,7,0,0,13,11,14,5,11
THPACK9-031,plain,7,0,17,0,0,5,14,11
THPACK9-031,plain,7,0,17,0,11,5,14,11
THPACK9-031,plain,8,0,0,0,0,14,11,5
THPACK9-031,plain,8,0,0,0,5,14,11,5
THPACK9-031,plain,8,0,0,0,10,14,11,5
THPACK9-031,plain,8,1,0,0,15,12,10,9
THPACK9-031,plain,8,1,0,11,0,12,9,10
THPACK9-031,plain,8,1,0,11,10,12,9,10
THPACK9-031,plain,8,1,14,0,0,9,12,10
THPACK9-031,plain,8,1,14,0,10,9,12,10
THPACK9-031,plain,8,3,12,12,0,10,8,10
THPACK9-031,plain,8,3,12,12,10,10,8,10
THPACK9-031,plain,9,1,0,0,0,10,12,9
THPACK9-031,plain,9,1,0,0,9,10,12,9
THPACK9-031,plain,9,1,0,0,18,10,12,9
THPACK9-031,plain,9,1,10,0,0,10,12,9
THPACK9-031,plain,9,1,10,0,9,10,12,9
THPACK9-031,plain,9,1,10,0,18,10,12,9
THPACK9-031,plain,9,3,0,12,0,10,8,10
THPACK9-031,plain,9,3,0,12,10,10,8,10
THPACK9-031,plain,9,3,10,12,0,10,8,10
THPACK9-031,plain,9,3,10,12,10,10,8,10
THPACK9-031,plain,10,1,0,0,0,10,12,9
THPACK9-031,plain,10,1,0,0,9,10,12,9
THPACK9-031,plain,10,1,0,0,18,10,12,9
THPACK9-031,plain,10,1,10,0,0,10,12,9
THPACK9-031,plain,10,1,10,0,9,10,12,9
THPACK9-031,plain,10,1,10,0,18,10,12,9
THPACK9-031,plain,10,3,0,12,0,10,8,10
THPACK9-031,plain,10,3,0,12,10,10,8,10
THPACK9-031,plain,10,3,10,12,0,10,8,10
THPACK9-031,plain,10,3,10,12,10,10,8,10
THPACK9-031,plain,11,1,0,0,0,10,12,9
THPACK9-031,plain,11,1,0,0,9,10,12,9
THPACK9-031,plain,11,1,0,0,18,10,12,9
THPACK9-031,plain,11,1,10,0,0,10,12,9
THPACK9-031,plain,11,1,10,0,9,10,12,9
THPACK9-031,plain,11,1,10,0,18,10,12,9
THPACK9-031,plain,11,3,0,12,0,10,8,10
THPACK9-031,plain,11,3,0,12,10,10,8,10
THPACK9-031,plain,11,3,10,12,0,10,8,10
THPACK9-031,plain,11,3,10,12,10,10,8,10
THPACK9-031,plain,12,1,0,0,0,10,12,9
THPACK9-031,plain,12,1,0,0,9,10,12,9
THPACK9-031,plain,12,1,0,0,18,10,12,9
THPACK9-031,plain,12,1,10,0,0,10,12,9
THPACK9-031,plain,12,1,10,0,9,10,12,9
THPACK9-031,plain,12,3,10,0,18,10,10,8
THPACK9-031,plain,12,3,0,12,0,10,8,10
THPACK9-031,plain,12,3,0,12,10,10,8,10
THPACK9-031,plain,12,3,10,12,0,10,8,10
THPACK9-031,plain,12,3,10,12,10,10,8,10
THPACK9-031,plain,13,3,0,0,0,10,10,8
THPACK9-031,plain,13,3,0,0,8,10,10,8
THPACK9-031,plain,13,3,0,0,16,10,10,8
THPACK9-031,plain,13,3,0,10,0,10,10,8
THPACK9-032,laff,0,2,0,0,0,12,9,8
THPACK9-032,laff,0,2,12,0,0,12,9,8
THPACK9-032,laff,0,1,0,9,0,9,4,5
THPACK9-032,laff,0,1,9,9,0,9,4,5
THPACK9-032,laff,0,1,18,9,0,9,4,5
THPACK9-032,laff,0,1,24,0,0,4,9,5
THPACK9-032,laff,0,0,27,9,0,3,6,8
THPACK9-032,laff,0,0,0,9,5,8,6,3
THPACK9-032,laff,0,0,8,9,5,8,6,3
THPACK9-032,laff,0,0,16,9,5,8,6,3
THPACK9-032,laff,0,0,24,0,5,6,8,3
THPACK9-032,laff,0,2,0,0,8,12,9,8
THPACK9-032,laff,0,2,12,0,8,12,9,8
THPACK9-032,laff,0,1,0,9,8,9,4,5
THPACK9-032,laff,0,1,9,9,8,9,4,5
THPACK9-032,laff,0,1,18,9,8,9,4,5
THPACK9-032,laff,0,1,24,0,8,4,9,5
THPACK9-032,laff,0,0,27,9,8,3,6,8
THPACK9-032,laff,0,0,0,9,13,8,6,3
THPACK9-032,laff,0,0,8,9,13,8,6,3
THPACK9-032,laff,0,0,16,9,13,8,6,3
THPACK9-032,laff,0,0,24,0,13,6,8,3
THPACK9-032,laff,1,2,0,0,0,12,9,8
THPACK9-032,laff,1,2,12,0,0,12,9,8
THPACK9-032,laff,1,1,0,9,0,9,4,5
THPACK9-032,laff,1,1,9,9,0,9,4,5
THPACK9-032,laff,1,1,18,9,0,9,4,5
THPACK9-032,laff,1,1,24,0,0,4,9,5
THPACK9-032,laff,1,0,27,9,0,3,6,8
THPACK9-032,laff,1,0,0,9,5,8,6,3
THPACK9-032,laff,1,0,8,9,5,8,6,3
THPACK9-032,laff,1,0,16,9,5,8,6,3
THPACK9-032,laff,1,0,24,0,5,6,8,3
THPACK9-032,laff,1,2,0,0,8,12,9,8
THPACK9-032,laff,1,2,12,0,8,12,9,8
THPACK9-032,laff,1,1,0,9,8,9,4,5
THPACK9-032,laff,1,1,9,9,8,9,4,5
THPACK9-032,laff,1,1,18,9,8,9,4,5
THPACK9-032,laff,1,1,24,0,8,4,9,5
THPACK9-032,laff,1,0,27,9,8,3,6,8
THPACK9-032,laff,1,0,0,9,13,8,6,3
THPACK9-032,laff,1,0,8,9,13,8,6,3
THPACK9-032,laff,1,0,16,9,13,8,6,3
THPACK9-032,laff,1,0,24,0,13,6,8,3
THPACK9-032,laff,2,2,0,0,0,12,9,8
THPACK9-032,laff,2,2,12,0,0,12,9,8
THPACK9-032,laff,2,1,0,9,0,9,4,5
THPACK9-032,laff,2,1,9,9,0,9,4,5
THPACK9-032,laff,2,1,18,9,0,9,4,5
THPACK9-032,laff,2,1,24,0,0,4,9,5
THPACK9-032,laff,2,0,27,9,0,3,6,8
THPACK9-032,laff,2,0,0,9,5,8,6,3
THPACK9-032,laff,2,0,8,9,5,8,6,3
THPACK9-032,laff,2,0,16,9,5,8,6,3
THPACK9-032,laff,2,0,24,0,5,6,8,3
THPACK9-032,laff,2,2,0,0,8,12,9,8
THPACK9-032,laff,2,2,12,0,8,12,9,8
THPACK9-032,laff,2,1,0,9,8,9,4,5
THPACK9-032,laff,2,1,9,9,8,9,4,5
THPACK9-032,laff,2,1,18,9,8,9,4,5
THPACK9-032,laff,2,1,24,0,8,4,9,5
THPACK9-032,laff,2,0,27,9,8,3,6,8
THPACK9-032,laff,2,0,0,9,13,8,6,3
THPACK9-032,laff,2,0,8,9,13,8,6,3
THPACK9-032,laff,2,0,16,9,13,8,6,3
THPACK9-032,laff,2,0,24,0,13,6,8,3
THPACK9-032,laff,3,2,0,0,0,12,9,8
THPACK9-032,laff,3,2,12,0,0,12,9,8
THPACK9-032,laff,3,1,0,9,0,9,4,5
THPACK9-032,laff,3,1,9,9,0,9,4,5
THPACK9-032,laff,3,1,18,9,0,9,4,5
THPACK9-032,laff,3,1,24,0,0,4,9,5
THPACK9-032,laff,3,0,27,9,0,3,6,8
THPACK9-032,laff,3,0,0,9,5,8,6,3
THPACK9-032,laff,3,0,8,9,5,8,6,3
THPACK9-032,laff,3,0,16,9,5,8,6,3
THPACK9-032,laff,3,0,24,0,5,6,8,3
THPACK9-032,laff,3,2,0,0,8,12,9,8
THPACK9-032,laff,3,1,0,9,8,9,4,5
THPACK9-032,laff,3,1,9,9,8,9,4,5
THPACK9-032,laff,3,1,12,0,8,4,9,5
THPACK9-032,laff,3,1,16,0,8,4,9,5
THPACK9-032,laff,3,1,18,9,8,9,4,5
THPACK9-032,laff,3,1,20,0,8,4,9,5
THPACK9-032,laff,3,1,24,0,8,4,9,5
THPACK9-032,laff,4,1,0,0,0,5,9,4
THPACK9-032,laff,4,1,0,9,0,9,5,4
THPACK9-032,laff,4,1,5,0,0,5,9,4
THPACK9-032,laff,4,1,9,9,0,9,5,4
THPACK9-032,laff,4,1,10,0,0,5,9,4
THPACK9-032,plain,0,2,0,0,0,12,9,8
THPACK9-032,plain,0,2,0,0,8,12,9,8
THPACK9-032,plain,0,2,12,0,0,12,9,8
THPACK9-032,plain,0,2,12,0,8,12,9,8
THPACK9-032,plain,0,0,0,9,0,8,6,3
THPACK9-032,plain,0,0,0,9,3,8,6,3
THPACK9-032,plain,0,0,0,9,6,8,6,3
THPACK9-032,plain,0,0,0,9,9,8,6,3
THPACK9-032,plain,0,0,0,9,12,8,6,3
THPACK9-032,plain,0,0,0,9,15,8,6,3
THPACK9-032,plain,0,0,8,9,0,8,6,3
THPACK9-032,plain,0,0,8,9,3,8,6,3
THPACK9-032,plain,0,0,8,9,6,8,6,3
THPACK9-032,plain,0,0,8,9,9,8,6,3
THPACK9-032,plain,0,0,8,9,12,8,6,3
THPACK9-032,plain,0,0,8,9,15,8,6,3
THPACK9-032,plain,0,0,16,9,0,8,6,3
THPACK9-032,plain,0,0,16,9,3,8,6,3
THPACK9-032,plain,0,0,16,9,6,8,6,3
THPACK9-032,plain,0,0,16,9,9,8,6,3
THPACK9-032,plain,0,0,16,9,12,8,6,3
THPACK9-032,plain,0,0,16,9,15,8,6,3
THPACK9-032,plain,0,0,24,0,0,6,8,3
THPACK9-032,plain,0,0,24,0,3,6,8,3
THPACK9-032,plain,0,0,24,0,6,6,8,3
THPACK9-032,plain,0,0,24,0,9,6,8,3
THPACK9-032,plain,0,0,24,0,12,6,8,3
THPACK9-032,plain,0,0,24,0,15,6,8,3
THPACK9-032,plain,0,1,24,8,0,5,4,9
THPACK9-032,plain,0,1,24,8,9,5,4,9
THPACK9-032,plain,0,0,24,12,0,6,3,8
THPACK9-032,plain,0,0,24,12,8,6,3,8
THPACK9-032,plain,1,2,0,0,0,12,9,8
THPACK9-032,plain,1,2,0,0,8,12,9,8
THPACK9-032,plain,1,2,12,0,0,12,9,8
THPACK9-032,plain,1,2,12,0,8,12,9,8
THPACK9-032,plain,1,0,0,9,0,8,6,3
THPACK9-032,plain,1,0,0,9,3,8,6,3
THPACK9-032,plain,1,0,0,9,6,8,6,3
THPACK9-032,plain,1,0,0,9,9,8,6,3
THPACK9-032,plain,1,0,0,9,12,8,6,3
THPACK9-032,plain,1,0,0,9,15,8,6,3
THPACK9-032,plain,1,0,8,9,0,8,6,3
THPACK9-032,plain,1,0,8,9,3,8,6,3
THPACK9-032,plain,1,0,8,9,6,8,6,3
THPACK9-032,plain,1,1,8,9,9,5,4,9
THPACK9-032,plain,1,1,16,9,0,9,5,4
THPACK9-032,plain,1,1,16,9,4,9,5,4
THPACK9-032,plain,1,1,16,9,8,9,5,4
THPACK9-032,plain,1,1,24,0,0,5,9,4
THPACK9-032,plain,1,1,24,0,4,5,9,4
THPACK9-032,plain,1,1,24,0,8,5,9,4
THPACK9-032,plain,1,1,24,0,12,5,9,4
THPACK9-032,plain,1,1,25,9,0,5,4,9
THPACK9-032,plain,1,1,25,9,9,5,4,9
THPACK9-032,plain,1,1,13,9,12,9,5,4
THPACK9-032,plain,2,2,0,0,0,12,9,8
THPACK9-032,plain,2,2,0,0,8,12,9,8
THPACK9-032,plain,2,2,12,0,0,12,9,8
THPACK9-032,plain,2,2,12,0,8,12,9,8
THPACK9-032,plain,2,1,0,9,0,9,5,4
THPACK9-032,plain,2,1,0,9,4,9,5,4
THPACK9-032,plain,2,1,0,9,8,9,5,4
THPACK9-032,plain,2,1,0,9,12,9,5,4
THPACK9-032,plain,2,1,9,9,0,9,5,4
THPACK9-032,plain,2,1,9,9,4,9,5,4
THPACK9-032,plain,2,1,9,9,8,9,5,4
THPACK9-032,plain,2,1,9,9,12,9,5,4
THPACK9-032,plain,2,1,18,9,0,9,5,4
THPACK9-032,plain,2,1,18,9,4,9,5,4
THPACK9-032,plain,2,1,18,9,8,9,5,4
THPACK9-032,plain,2,1,18,9,12,9,5,4
THPACK9-032,plain,2,1,24,0,0,5,9,4
THPACK9-032,plain,2,1,24,0,4,5,9,4
THPACK9-032,plain,2,1,24,0,8,5,9,4
THPACK9-032,plain,2,1,24,0,12,5,9,4
THPACK9-032,plain,3,2,0,0,0,12,9,8
THPACK9-032,plain,3,2,0,0,8,12,9,8
THPACK9-032,plain,3,2,12,0,0,12,9,8
THPACK9-032,plain,3,1,12,0,8,5,9,4
THPACK9-032,plain,3,1,12,0,12,5,9,4
THPACK9-032,plain,3,1,17,0,8,5,9,4
THPACK9-032,plain,3,1,17,0,12,5,9,4
THPACK9-032,plain,3,1,0,9,0,9,5,4
THPACK9-032,plain,3,1,0,9,4,9,5,4
THPACK9-032,plain,3,1,0,9,8,9,5,4
THPACK9-032,plain,3,1,0,9,12,9,5,4
THPACK9-032,plain,3,1,9,9,0,9,5,4
THPACK9-032,plain,3,1,9,9,4,9,5,4
THPACK9-032,plain,3,1,9,9,8,9,5,4
THPACK9-033,laff,0,2,0,0,0,12,9,8
THPACK9-033,laff,0,2,0,9,0,12,9,8
THPACK9-033,laff,0,2,12,0,0,12,9,8
THPACK9-033,laff,0,2,12,9,0,12,9,8
THPACK9-033,laff,0,1,0,18,0,9,4,5
THPACK9-033,laff,0,1,9,18,0,9,4,5
THPACK9-033,laff,0,1,18,18,0,9,4,5
THPACK9-033,laff,0,1,24,0,0,4,9,5
THPACK9-033,laff,0,1,24,9,0,4,9,5
THPACK9-033,laff,0,0,0,22,0,6,3,8
THPACK9-033,laff,0,0,6,22,0,6,3,8
THPACK9-033,laff,0,0,12,22,0,6,3,8
THPACK9-033,laff,0,0,18,22,0,6,3,8
THPACK9-033,laff,1,2,0,0,0,12,9,8
THPACK9-033,laff,1,2,0,9,0,12,9,8
THPACK9-033,laff,1,2,12,0,0,12,9,8
THPACK9-033,laff,1,2,12,9,0,12,9,8
THPACK9-033,laff,1,1,0,18,0,9,4,5
THPACK9-033,laff,1,1,9,18,0,9,4,5
THPACK9-033,laff,1,1,18,18,0,9,4,5
THPACK9-033,laff,1,1,24,0,0,4,9,5
THPACK9-033,laff,1,1,24,9,0,4,9,5
THPACK9-033,laff,1,0,0,22,0,6,3,8
THPACK9-033,laff,1,0,6,22,0,6,3,8
THPACK9-033,laff,1,0,12,22,0,6,3,8
THPACK9-033,laff,1,0,18,22,0,6,3,8
THPACK9-033,laff,2,2,0,0,0,12,9,8
THPACK9-033,laff,2,2,0,9,0,12,9,8
THPACK9-033,laff,2,2,12,0,0,12,9,8
THPACK9-033,laff,2,2,12,9,0,12,9,8
THPACK9-033,laff,2,1,0,18,0,9,4,5
THPACK9-033,laff,2,1,9,18,0,9,4,5
THPACK9-033,laff,2,1,18,18,0,9,4,5
THPACK9-033,laff,2,1,24,0,0,4,9,5
THPACK9-033,laff,2,1,24,9,0,4,9,5
THPACK9-033,laff,2,0,0,22,0,6,3,8
THPACK9-033,laff,2,0,6,22,0,6,3,8
THPACK9-033,laff,2,0,12,22,0,6,3,8
THPACK9-033,laff,2,0,18,22,0,6,3,8
THPACK9-033,laff,3,2,0,0,0,12,9,8
THPACK9-033,laff,3,2,0,9,0,12,9,8
THPACK9-033,laff,3,2,12,0,0,12,9,8
THPACK9-033,laff,3,1,0,18,0,9,4,5
THPACK9-033,laff,3,1,9,18,0,9,4,5
THPACK9-033,laff,3,1,12,9,0,4,9,5
THPACK9-033,laff,3,1,16,9,0,4,9,5
THPACK9-033,laff,3,1,18,18,0,9,4,5
THPACK9-033,laff,3,1,20,9,0,4,9,5
THPACK9-033,laff,3,1,24,0,0,4,9,5
THPACK9-033,laff,3,1,24,9,0,4,9,5
THPACK9-033,laff,3,0,0,22,0,6,3,8
THPACK9-033,laff,3,0,6,22,0,6,3,8
THPACK9-033,laff,3,0,12,22,0,6,3,8
THPACK9-033,laff,3,0,18,22,0,6,3,8
THPACK9-033,laff,3,0,12,9,5,8,6,3
THPACK9-033,laff,3,0,12,15,5,8,6,3
THPACK9-033,laff,3,0,20,9,5,8,6,3
THPACK9-033,laff,3,0,20,15,5,8,6,3
THPACK9-033,laff,4,0,0,0,0,8,6,3
THPACK9-033,laff,4,0,0,6,0,8,6,3
THPACK9-033,laff,4,0,0,12,0,8,6,3
THPACK9-033,laff,4,0,0,18,0,8,6,3
THPACK9-033,laff,4,0,8,0,0,8,6,3
THPACK9-033,laff,4,0,8,6,0,8,6,3
THPACK9-033,laff,4,0,8,12,0,8,6,3
THPACK9-033,laff,4,0,8,18,0,8,6,3
THPACK9-033,laff,4,0,16,0,0,8,6,3
THPACK9-033,laff,4,0,16,6,0,8,6,3
THPACK9-033,laff,4,0,16,12,0,8,6,3
THPACK9-033,laff,4,0,16,18,0,8,6,3
THPACK9-033,laff,4,0,0,0,3,8,6,3
THPACK9-033,laff,4,0,0,6,3,8,6,3
THPACK9-033,laff,4,0,0,12,3,8,6,3
THPACK9-033,laff,4,1,0,0,6,5,9,4
THPACK9-033,laff,4,1,0,9,6,5,9,4
THPACK9-033,laff,4,1,0,18,6,9,5,4
THPACK9-033,laff,4,1,5,0,6,5,9,4
THPACK9-033,laff,4,1,5,9,6,5,9,4
THPACK9-033,laff,4,1,9,18,6,9,5,4
THPACK9-033,laff,4,1,10,0,6,5,9,4
THPACK9-033,laff,4,1,10,9,6,5,9,4
THPACK9-033,laff,4,1,15,0,6,5,9,4
THPACK9-033,laff,4,1,15,9,6,5,9,4
THPACK9-033,laff,4,1,18,18,6,9,5,4
THPACK9-033,laff,4,1,20,0,6,5,9,4
THPACK9-033,laff,4,1,20,9,6,5,9,4
THPACK9-033,laff,5,1,0,0,0,5,9,4
THPACK9-033,laff,5,1,0,9,0,5,9,4
THPACK9-033,laff,5,1,0,18,0,9,5,4
THPACK9-033,laff,5,1,5,0,0,5,9,4
THPACK9-033,plain,0,2,0,0,0,12,9,8
THPACK9-033,plain,0,2,0,9,0,12,9,8
THPACK9-033,plain,0,2,12,0,0,12,9,8
THPACK9-033,plain,0,2,12,9,0,12,9,8
THPACK9-033,plain,0,0,0,18,0,8,6,3
THPACK9-033,plain,0,0,0,18,3,8,6,3
THPACK9-033,plain,0,0,0,18,6,8,6,3
THPACK9-033,plain,0,0,8,18,0,8,6,3
THPACK9-033,plain,0,0,8,18,3,8,6,3
THPACK9-033,plain,0,0,8,18,6,8,6,3
THPACK9-033,plain,0,0,16,18,0,8,6,3
THPACK9-033,plain,0,0,16,18,3,8,6,3
THPACK9-033,plain,0,0,16,18,6,8,6,3
THPACK9-033,plain,0,1,24,0,0,4,9,5
THPACK9-033,plain,0,1,24,0,5,4,9,5
THPACK9-033,plain,0,1,24,9,0,4,9,5
THPACK9-033,plain,0,1,24,9,5,4,9,5
THPACK9-033,plain,0,1,24,18,0,4,5,9
THPACK9-033,plain,1,2,0,0,0,12,9,8
THPACK9-033,plain,1,2,0,9,0,12,9,8
THPACK9-033,plain,1,2,12,0,0,12,9,8
THPACK9-033,plain,1,2,12,9,0,12,9,8
THPACK9-033,plain,1,0,0,18,0,8,6,3
THPACK9-033,plain,1,0,0,18,3,8,6,3
THPACK9-033,plain,1,0,0,18,6,8,6,3
THPACK9-033,plain,1,0,8,18,0,8,6,3
THPACK9-033,plain,1,0,8,18,3,8,6,3
THPACK9-033,plain,1,0,8,18,6,8,6,3
THPACK9-033,plain,1,0,16,18,0,8,6,3
THPACK9-033,plain,1,0,16,18,3,8,6,3
THPACK9-033,plain,1,0,16,18,6,8,6,3
THPACK9-033,plain,1,1,24,0,0,4,9,5
THPACK9-033,plain,1,1,24,0,5,4,9,5
THPACK9-033,plain,1,1,24,9,0,4,9,5
THPACK9-033,plain,1,1,24,9,5,4,9,5
THPACK9-033,plain,1,1,24,18,0,4,5,9
THPACK9-033,plain,2,2,0,0,0,12,9,8
THPACK9-033,plain,2,2,0,9,0,12,9,8
THPACK9-033,plain,2,2,12,0,0,12,9,8
THPACK9-033,plain,2,2,12,9,0,12,9,8
THPACK9-033,plain,2,0,0,18,0,8,6,3
THPACK9-033,plain,2,0,0,18,3,8,6,3
THPACK9-033,plain,2,0,0,18,6,8,6,3
THPACK9-033,plain,2,0,8,18,0,8,6,3
THPACK9-033,plain,2,0,8,18,3,8,6,3
THPACK9-033,plain,2,0,8,18,6,8,6,3
THPACK9-033,plain,2,0,16,18,0,8,6,3
THPACK9-033,plain,2,0,16,18,3,8,6,3
THPACK9-033,plain,2,0,16,18,6,8,6,3
THPACK9-033,plain,2,1,24,0,0,4,9,5
THPACK9-033,plain,2,1,24,0,5,4,9,5
THPACK9-033,plain,2,1,24,9,0,4,9,5
THPACK9-033,plain,2,1,24,9,5,4,9,5
THPACK9-033,plain,2,1,24,18,0,4,5,9
THPACK9-033,plain,3,2,0,0,0,12,9,8
THPACK9-033,plain,3,2,0,9,0,12,9,8
THPACK9-033,plain,3,2,12,0,0,12,9,8
THPACK9-033,plain,3,0,0,18,0,8,6,3
THPACK9-033,plain,3,0,0,18,3,8,6,3
THPACK9-033,plain,3,0,0,18,6,8,6,3
THPACK9-033,plain,3,0,8,18,0,8,6,3
THPACK9-033,plain,3,0,8,18,3,8,6,3
THPACK9-033,plain,3,0,8,18,6,8,6,3
THPACK9-033,plain,3,0,12,9,0,8,6,3
THPACK9-033,plain,3,0,12,9,3,8,6,3
THPACK9-033,plain,3,1,16,15,0,5,9,4
THPACK9-033,plain,3,1,16,15,4,5,9,4
THPACK9-033,plain,3,1,21,9,0,5,9,4
THPACK9-033,plain,3,1,21,9,4,5,9,4
THPACK9-033,plain,3,1,24,0,0,4,9,5
THPACK9-033,plain,3,1,24,0,5,4,9,5
THPACK9-033,plain,3,1,21,18,0,5,4,9
THPACK9-033,plain,3,1,12,9,6,9,5,4
THPACK9-033,plain,4,1,0,0,0,5,9,4
THPACK9-033,plain,4,1,0,0,4,5,9,4
THPACK9-033,plain,4,1,0,9,0,5,9,4
THPACK9-033,plain,4,1,0,9,4,5,9,4
THPACK9-033,plain,4,1,0,18,0,9,5,4
THPACK9-033,plain,4,1,0,18,4,9,5,4
THPACK9-033,plain,4,1,5,0,0,5,9,4
THPACK9-033,plain,4,1,5,0,4,5,9,4
THPACK9-033,plain,4,1,5,9,0,5,9,4
THPACK9-033,plain,4,1,5,9,4,5,9,4
THPACK9-033,plain,4,1,9,18,0,9,5,4
THPACK9-033,plain,4,1,9,18,4,9,5,4
THPACK9-033,plain,4,1,10,0,0,5,9,4
THPACK9-033,plain,4,1,10,0,4,5,9,4
THPACK9-033,plain,4,1,10,9,0,5,9,4
THPACK9-033,plain,4,1,10,9,4,5,9,4
THPACK9-033,plain,4,1,15,0,0,5,9,4
THPACK9-034,laff,0,2,0,0,0,12,9,8
THPACK9-034,laff,0,2,0,9,0,12,9,8
THPACK9-034,laff,0,1,12,0,0,4,9,5
THPACK9-034,laff,0,1,12,9,0,4,9,5
THPACK9-034,laff,0,1,16,0,0,4,9,5
THPACK9-034,laff,0,1,16,9,0,4,9,5
THPACK9-034,laff,0,0,12,0,5,8,6,3
THPACK9-034,laff,0,0,12,6,5,8,6,3
THPACK9-034,laff,0,0,12,12,5,8,6,3
THPACK9-034,laff,1,2,0,0,0,12,9,8
THPACK9-034,laff,1,2,0,9,0,12,9,8
THPACK9-034,laff,1,1,12,0,0,4,9,5
THPACK9-034,laff,1,1,12,9,0,4,9,5
THPACK9-034,laff,1,1,16,0,0,4,9,5
THPACK9-034,laff,1,1,16,9,0,4,9,5
THPACK9-034,laff,1,0,12,0,5,8,6,3
THPACK9-034,laff,1,0,12,6,5,8,6,3
THPACK9-034,laff,1,0,12,12,5,8,6,3
THPACK9-034,laff,2,2,0,0,0,12,9,8
THPACK9-034,laff,2,2,0,9,0,12,9,8
THPACK9-034,laff,2,1,12,0,0,4,9,5
THPACK9-034,laff,2,1,12,9,0,4,9,5
THPACK9-034,laff,2,1,16,0,0,4,9,5
THPACK9-034,laff,2,1,16,9,0,4,9,5
THPACK9-034,laff,2,0,12,0,5,8,6,3
THPACK9-034,laff,2,0,12,6,5,8,6,3
THPACK9-034,laff,2,0,12,12,5,8,6,3
THPACK9-034,laff,3,2,0,0,0,12,9,8
THPACK9-034,laff,3,2,0,9,0,12,9,8
THPACK9-034,laff,3,1,12,0,0,4,9,5
THPACK9-034,laff,3,1,12,9,0,4,9,5
THPACK9-034,laff,3,1,16,0,0,4,9,5
THPACK9-034,laff,3,1,16,9,0,4,9,5
THPACK9-034,laff,3,0,12,0,5,8,6,3
THPACK9-034,laff,3,0,12,6,5,8,6,3
THPACK9-034,laff,3,0,12,12,5,8,6,3
THPACK9-034,laff,4,2,0,0,0,12,9,8
THPACK9-034,laff,4,2,0,9,0,12,9,8
THPACK9-034,laff,4,1,12,0,0,4,9,5
THPACK9-034,laff,4,1,12,9,0,4,9,5
THPACK9-034,laff,4,1,16,0,0,4,9,5
THPACK9-034,laff,4,1,16,9,0,4,9,5
THPACK9-034,laff,4,0,12,0,5,8,6,3
THPACK9-034,laff,4,0,12,6,5,8,6,3
THPACK9-034,laff,4,0,12,12,5,8,6,3
THPACK9-034,laff,5,2,0,0,0,12,9,8
THPACK9-034,laff,5,2,0,9,0,12,9,8
THPACK9-034,laff,5,1,12,0,0,4,9,5
THPACK9-034,laff,5,1,12,9,0,4,9,5
THPACK9-034,laff,5,1,16,0,0,4,9,5
THPACK9-034,laff,5,1,16,9,0,4,9,5
THPACK9-034,laff,5,0,12,0,5,8,6,3
THPACK9-034,laff,5,0,12,6,5,8,6,3
THPACK9-034,laff,5,0,12,12,5,8,6,3
THPACK9-034,laff,6,2,0,0,0,12,9,8
THPACK9-034,laff,6,2,0,9,0,12,9,8
THPACK9-034,laff,6,1,12,0,0,4,9,5
THPACK9-034,laff,6,1,12,9,0,4,9,5
THPACK9-034,laff,6,1,16,0,0,4,9,5
THPACK9-034,laff,6,1,16,9,0,4,9,5
THPACK9-034,laff,6,0,12,0,5,8,6,3
THPACK9-034,laff,6,0,12,6,5,8,6,3
THPACK9-034,laff,6,0,12,12,5,8,6,3
THPACK9-034,laff,7,2,0,0,0,12,9,8
THPACK9-034,laff,7,1,0,9,0,4,9,5
THPACK9-034,laff,7,1,4,9,0,4,9,5
THPACK9-034,laff,7,1,8,9,0,4,9,5
THPACK9-034,laff,7,1,12,0,0,4,9,5
THPACK9-034,laff,7,1,12,9,0,4,9,5
THPACK9-034,laff,7,1,16,0,0,4,9,5
THPACK9-034,laff,7,1,16,9,0,4,9,5
THPACK9-034,laff,7,0,0,9,5,8,6,3
THPACK9-034,laff,7,0,8,9,5,8,6,3
THPACK9-034,laff,7,0,12,0,5,8,6,3
THPACK9-034,laff,8,0,0,0,0,8,6,3
THPACK9-034,laff,8,0,0,6,0,8,6,3
THPACK9-034,laff,8,0,0,12,0,8,6,3
THPACK9-034,laff,8,0,8,0,0,8,6,3
THPACK9-034,laff,8,0,8,6,0,8,6,3
THPACK9-034,laff,8,0,8,12,0,8,6,3
THPACK9-034,laff,8,0,0,0,3,8,6,3
THPACK9-034,laff,8,0,0,6,3,8,6,3
THPACK9-034,laff,8,0,0,12,3,8,6,3
THPACK9-034,laff,8,0,8,0,3,8,6,3
THPACK9-034,laff,8,0,8,6,3,8,6,3
THPACK9-034,laff,8,1,0,0,6,5,9,4
THPACK9-034,laff,8,1,0,9,6,5,9,4
THPACK9-034,laff,8,1,5,0,6,5,9,4
THPACK9-034,laff,8,1,5,9,6,5,9,4
THPACK9-034,laff,8,1,10,0,6,5,9,4
THPACK9-034,plain,0,2,0,0,0,12,9,8
THPACK9-034,plain,0,2,0,9,0,12,9,8
THPACK9-034,plain,0,2,12,0,0,8,12,9
THPACK9-034,plain,0,0,12,12,0,8,6,3
THPACK9-034,plain,0,0,12,12,3,8,6,3
THPACK9-034,plain,0,0,12,12,6,8,6,3
THPACK9-034,plain,1,2,0,0,0,12,9,8
THPACK9-034,plain,1,2,0,9,0,12,9,8
THPACK9-034,plain,1,2,12,0,0,8,12,9
THPACK9-034,plain,1,0,12,12,0,8,6,3
THPACK9-034,plain,1,0,12,12,3,8,6,3
THPACK9-034,plain,1,0,12,12,6,8,6,3
THPACK9-034,plain,2,2,0,0,0,12,9,8
THPACK9-034,plain,2,2,0,9,0,12,9,8
THPACK9-034,plain,2,2,12,0,0,8,12,9
THPACK9-034,plain,2,0,12,12,0,8,6,3
THPACK9-034,plain,2,0,12,12,3,8,6,3
THPACK9-034,plain,2,0,12,12,6,8,6,3
THPACK9-034,plain,3,2,0,0,0,12,9,8
THPACK9-034,plain,3,2,0,9,0,12,9,8
THPACK9-034,plain,3,2,12,0,0,8,12,9
THPACK9-034,plain,3,0,12,12,0,8,6,3
THPACK9-034,plain,3,0,12,12,3,8,6,3
THPACK9-034,plain,3,0,12,12,6,8,6,3
THPACK9-034,plain,4,2,0,0,0,12,9,8
THPACK9-034,plain,4,2,0,9,0,12,9,8
THPACK9-034,plain,4,2,12,0,0,8,12,9
THPACK9-034,plain,4,0,12,12,0,8,6,3
THPACK9-034,plain,4,0,12,12,3,8,6,3
THPACK9-034,plain,4,0,12,12,6,8,6,3
THPACK9-034,plain,5,0,0,0,0,8,6,3
THPACK9-034,plain,5,0,0,0,3,8,6,3
THPACK9-034,plain,5,0,0,0,6,8,6,3
THPACK9-034,plain,5,0,0,6,0,8,6,3
THPACK9-034,plain,5,0,0,6,3,8,6,3
THPACK9-034,plain,5,0,0,6,6,8,6,3
THPACK9-034,plain,5,0,0,12,0,8,6,3
THPACK9-034,plain,5,0,0,12,3,8,6,3
THPACK9-034,plain,5,0,0,12,6,8,6,3
THPACK9-034,plain,5,0,8,0,0,8,6,3
THPACK9-034,plain,5,0,8,0,3,8,6,3
THPACK9-034,plain,5,0,8,0,6,8,6,3
THPACK9-034,plain,5,0,8,6,0,8,6,3
THPACK9-034,plain,5,0,8,6,3,8,6,3
THPACK9-034,plain,5,0,8,6,6,8,6,3
THPACK9-034,plain,5,0,8,12,0,8,6,3
THPACK9-034,plain,5,0,8,12,3,8,6,3
THPACK9-034,plain,5,0,8,12,6,8,6,3
THPACK9-034,plain,5,1,16,0,0,4,9,5
THPACK9-034,plain,5,1,16,0,5,4,9,5
THPACK9-034,plain,5,1,16,9,0,4,9,5
THPACK9-034,plain,5,1,16,9,5,4,9,5
THPACK9-034,plain,6,0,0,0,0,8,6,3
THPACK9-034,plain,6,0,0,0,3,8,6,3
THPACK9-034,plain,6,1,0,6,0,5,9,4
THPACK9-034,plain,6,1,0,6,4,5,9,4
THPACK9-034,plain,6,1,5,6,0,5,9,4
THPACK9-034,plain,6,1,5,6,4,5,9,4
THPACK9-034,plain,6,1,8,0,0,9,5,4
THPACK9-034,plain,6,1,8,0,4,9,5,4
THPACK9-034,plain,6,1,10,5,0,5,9,4
THPACK9-034,plain,6,1,10,5,4,5,9,4
THPACK9-034,plain,6,1,15,5,0,5,9,4
THPACK9-034,plain,6,1,15,5,4,5,9,4
THPACK9-034,plain,6,1,10,14,0,9,4,5
THPACK9-034,plain,6,1,10,14,5,9,4,5
THPACK9-034,plain,7,1,0,0,0,5,9,4
THPACK9-034,plain,7,1,0,0,4,5,9,4
THPACK9-034,plain,7,1,0,9,0,5,9,4
THPACK9-034,plain,7,1,0,9,4,5,9,4
THPACK9-034,plain,7,1,5,0,0,5,9,4
THPACK9-034,plain,7,1,5,0,4,5,9,4
THPACK9-034,plain,7,1,5,9,0,5,9,4
THPACK9-034,plain,7,1,5,9,4,5,9,4
THPACK9-034,plain,7,1,10,0,0,5,9,4
THPACK9-034,plain,7,1,10,0,4,5,9,4
THPACK9-034,plain,7,1,10,9,0,5,9,4
THPACK9-034,plain,7,1,10,9,4,5,9,4
THPACK9-034,plain,7,1,15,0,0,5,9,4
THPACK9-034,plain,7,1,15,0,4,5,9,4
THPACK9-034,plain,7,1,15,9,0,5,9,4
THPACK9-034,plain,7,1,15,9,4,5,9,4
THPACK9-034,plain,8,1,0,0,0,5,9,4
THPACK9-034,plain,8,1,0,0,4,5,9,4
THPACK9-034,plain,8,1,0,9,0,5,9,4
THPACK9-034,plain,8,1,0,9,4,5,9,4
THPACK9-034,plain,8,1,5,0,0,5,9,4
THPACK9-034,plain,8,1,5,0,4,5,9,4
THPACK9-034,plain,8,1,5,9,0,5,9,4
THPACK9-034,plain,8,1,5,9,4,5,9,4
THPACK9-035,laff,0,1,0,0,0,12,11,4
THPACK9-035,laff,0,1,12,0,0,12,11,4
THPACK9-035,laff,0,0,0,11,0,7,8,3
THPACK9-035,laff,0,0,7,11,0,7,8,3
THPACK9-035,laff,0,0,14,11,0,7,8,3
THPACK9-035,laff,0,1,0,0,4,12,11,4
THPACK9-035,laff,0,1,12,0,4,12,11,4
THPACK9-035,laff,0,0,0,11,4,7,8,3
THPACK9-035,laff,0,0,7,11,4,7,8,3
THPACK9-035,laff,0,0,14,11,4,7,8,3
THPACK9-035,laff,0,1,0,0,8,12,11,4
THPACK9-035,laff,0,1,12,0,8,12,11,4
THPACK9-035,laff,0,0,0,11,8,7,8,3
THPACK9-035,laff,0,0,7,11,8,7,8,3
THPACK9-035,laff,0,0,14,11,8,7,8,3
THPACK9-035,laff,0,1,0,0,12,12,11,4
THPACK9-035,laff,0,1,12,0,12,12,11,4
THPACK9-035,laff,0,0,0,11,12,7,8,3
THPACK9-035,laff,0,0,7,11,12,7,8,3
THPACK9-035,laff,0,0,14,11,12,7,8,3
THPACK9-035,laff,0,1,0,0,16,12,11,4
THPACK9-035,laff,0,1,12,0,16,12,11,4
THPACK9-035,laff,0,0,0,11,16,7,8,3
THPACK9-035,laff,0,0,7,11,16,7,8,3
THPACK9-035,laff,0,0,14,11,16,7,8,3
THPACK9-035,laff,0,1,0,0,20,12,11,4
THPACK9-035,laff,0,1,12,0,20,12,11,4
THPACK9-035,laff,0,0,0,11,20,7,8,3
THPACK9-035,laff,0,0,7,11,20,7,8,3
THPACK9-035,laff,0,0,14,11,20,7,8,3
THPACK9-035,laff,1,1,0,0,0,12,11,4
THPACK9-035,laff,1,1,12,0,0,12,11,4
THPACK9-035,laff,1,0,0,11,0,7,8,3
THPACK9-035,laff,1,0,7,11,0,7,8,3
THPACK9-035,laff,1,0,14,11,0,7,8,3
THPACK9-035,laff,1,1,0,0,4,12,11,4
THPACK9-035,laff,1,1,12,0,4,12,11,4
THPACK9-035,laff,1,0,0,11,4,7,8,3
THPACK9-035,laff,1,0,7,11,4,7,8,3
THPACK9-035,laff,1,0,14,11,4,7,8,3
THPACK9-035,laff,1,1,0,0,8,12,11,4
THPACK9-035,laff,1,1,12,0,8,12,11,4
THPACK9-035,laff,1,0,0,11,8,7,8,3
THPACK9-035,laff,1,0,7,11,8,7,8,3
THPACK9-035,laff,1,0,14,11,8,7,8,3
THPACK9-035,laff,1,1,0,0,12,12,11,4
THPACK9-035,laff,1,1,12,0,12,12,11,4
THPACK9-035,laff,1,0,0,11,12,7,8,3
THPACK9-035,laff,1,0,7,11,12,7,8,3
THPACK9-035,laff,1,0,14,11,12,7,8,3
THPACK9-035,laff,1,1,0,0,16,12,11,4
THPACK9-035,laff,1,1,12,0,16,12,11,4
THPACK9-035,laff,1,0,0,11,16,7,8,3
THPACK9-035,laff,1,0,7,11,16,7,8,3
THPACK9-035,laff,1,0,14,11,16,7,8,3
THPACK9-035,laff,1,1,0,0,20,12,11,4
THPACK9-035,laff,1,1,12,0,20,12,11,4
THPACK9-035,laff,1,0,0,11,20,7,8,3
THPACK9-035,laff,1,0,7,11,20,7,8,3
THPACK9-035,laff,1,0,14,11,20,7,8,3
THPACK9-035,laff,2,1,0,0,0,12,11,4
THPACK9-035,laff,2,1,12,0,0,12,11,4
THPACK9-035,laff,2,0,0,11,0,7,8,3
THPACK9-035,laff,2,0,7,11,0,7,8,3
THPACK9-035,laff,2,0,14,11,0,7,8,3
THPACK9-035,laff,2,1,0,0,4,12,11,4
THPACK9-035,laff,2,1,12,0,4,12,11,4
THPACK9-035,laff,2,0,0,11,4,7,8,3
THPACK9-035,laff,2,0,7,11,4,7,8,3
THPACK9-035,laff,2,0,14,11,4,7,8,3
THPACK9-035,laff,2,0,0,0,8,7,8,3
THPACK9-035,laff,2,0,0,8,8,7,8,3
THPACK9-035,laff,2,0,7,0,8,7,8,3
THPACK9-035,laff,2,0,7,8,8,7,8,3
THPACK9-035,laff,2,0,14,0,8,7,8,3
THPACK9-035,laff,2,0,14,8,8,7,8,3
THPACK9-035,laff,2,0,0,0,11,7,8,3
THPACK9-035,laff,2,0,0,8,11,7,8,3
THPACK9-035,laff,2,0,7,0,11,7,8,3
THPACK9-035,laff,2,0,7,8,11,7,8,3
THPACK9-035,laff,2,0,14,0,11,7,8,3
THPACK9-035,laff,2,0,14,8,11,7,8,3
THPACK9-035,laff,2,0,0,0,14,7,8,3
THPACK9-035,laff,2,0,0,8,14,7,8,3
THPACK9-035,plain,0,1,0,0,0,12,11,4
THPACK9-035,plain,0,1,0,0,4,12,11,4
THPACK9-035,plain,0,1,0,0,8,12,11,4
THPACK9-035,plain,0,1,0,0,12,12,11,4
THPACK9-035,plain,0,1,0,0,16,12,11,4
THPACK9-035,plain,0,1,0,0,20,12,11,4
THPACK9-035,plain,0,1,12,0,0,12,11,4
THPACK9-035,plain,0,1,12,0,4,12,11,4
THPACK9-035,plain,0,1,12,0,8,12,11,4
THPACK9-035,plain,0,1,12,0,12,12,11,4
THPACK9-035,plain,0,1,12,0,16,12,11,4
THPACK9-035,plain,0,1,12,0,20,12,11,4
THPACK9-035,plain,0,0,0,11,0,7,8,3
THPACK9-035,plain,0,0,0,11,3,7,8,3
THPACK9-035,plain,0,0,0,11,6,7,8,3
THPACK9-035,plain,0,0,0,11,9,7,8,3
THPACK9-035,plain,0,0,0,11,12,7,8,3
THPACK9-035,plain,0,0,0,11,15,7,8,3
THPACK9-035,plain,0,0,0,11,18,7,8,3
THPACK9-035,plain,0,0,0,11,21,7,8,3
THPACK9-035,plain,0,0,7,11,0,7,8,3
THPACK9-035,plain,0,0,7,11,3,7,8,3
THPACK9-035,plain,0,0,7,11,6,7,8,3
THPACK9-035,plain,0,0,7,11,9,7,8,3
THPACK9-035,plain,0,0,7,11,12,7,8,3
THPACK9-035,plain,0,0,7,11,15,7,8,3
THPACK9-035,plain,0,0,7,11,18,7,8,3
THPACK9-035,plain,0,0,7,11,21,7,8,3
THPACK9-035,plain,0,0,14,11,0,7,8,3
THPACK9-035,plain,0,0,14,11,3,7,8,3
THPACK9-035,plain,0,0,14,11,6,7,8,3
THPACK9-035,plain,0,0,14,11,9,7,8,3
THPACK9-035,plain,0,0,14,11,12,7,8,3
THPACK9-035,plain,0,0,14,11,15,7,8,3
THPACK9-035,plain,0,0,14,11,18,7,8,3
THPACK9-035,plain,0,0,14,11,21,7,8,3
THPACK9-035,plain,0,0,21,11,0,3,8,7
THPACK9-035,plain,0,0,21,11,7,3,8,7
THPACK9-035,plain,0,0,21,11,14,3,8,7
THPACK9-035,plain,1,1,0,0,0,12,11,4
THPACK9-035,plain,1,1,0,0,4,12,11,4
THPACK9-035,plain,1,1,0,0,8,12,11,4
THPACK9-035,plain,1,1,0,0,12,12,11,4
THPACK9-035,plain,1,1,0,0,16,12,11,4
THPACK9-035,plain,1,1,0,0,20,12,11,4
THPACK9-035,plain,1,1,12,0,0,12,11,4
THPACK9-035,plain,1,1,12,0,4,12,11,4
THPACK9-035,plain,1,1,12,0,8,12,11,4
THPACK9-035,plain,1,1,12,0,12,12,11,4
THPACK9-035,plain,1,1,12,0,16,12,11,4
THPACK9-035,plain,1,1,12,0,20,12,11,4
THPACK9-035,plain,1,0,0,11,0,7,8,3
THPACK9-035,plain,1,0,0,11,3,7,8,3
THPACK9-035,plain,1,0,0,11,6,7,8,3
THPACK9-035,plain,1,0,0,11,9,7,8,3
THPACK9-035,plain,1,0,0,11,12,7,8,3
THPACK9-035,plain,1,0,0,11,15,7,8,3
THPACK9-035,plain,1,0,0,11,18,7,8,3
THPACK9-035,plain,1,0,0,11,21,7,8,3
THPACK9-035,plain,1,0,7,11,0,7,8,3
THPACK9-035,plain,1,0,7,11,3,7,8,3
THPACK9-035,plain,1,0,7,11,6,7,8,3
THPACK9-035,plain,1,0,7,11,9,7,8,3
THPACK9-035,plain,1,0,7,11,12,7,8,3
THPACK9-035,plain,1,0,7,11,15,7,8,3
THPACK9-035,plain,1,0,7,11,18,7,8,3
THPACK9-035,plain,1,0,7,11,21,7,8,3
THPACK9-035,plain,1,0,14,11,0,7,8,3
THPACK9-035,plain,1,0,14,11,3,7,8,3
THPACK9-035,plain,1,0,14,11,6,7,8,3
THPACK9-035,plain,1,0,14,11,9,7,8,3
THPACK9-035,plain,1,0,14,11,12,7,8,3
THPACK9-035,plain,1,0,14,11,15,7,8,3
THPACK9-035,plain,1,0,14,11,18,7,8,3
THPACK9-035,plain,1,0,14,11,21,7,8,3
THPACK9-035,plain,1,0,21,11,0,3,8,7
THPACK9-035,plain,1,0,21,11,7,3,8,7
THPACK9-035,plain,1,0,21,11,14,3,8,7
THPACK9-035,plain,2,1,0,0,0,12,11,4
THPACK9-035,plain,2,1,0,0,4,12,11,4
THPACK9-035,plain,2,1,0,0,8,12,11,4
THPACK9-035,plain,2,1,0,0,12,12,11,4
THPACK9-035,plain,2,0,0,0,16,7,8,3
THPACK9-035,plain,2,0,0,0,19,7,8,3
THPACK9-036,laff,0,1,0,0,0,12,11,4
THPACK9-036,laff,0,1,0,0,4,12,11,4
THPACK9-036,laff,1,1,0,0,0,12,11,4
THPACK9-036,laff,1,1,0,0,4,12,11,4
THPACK9-036,laff,2,1,0,0,0,12,11,4
THPACK9-036,laff,2,1,0,0,4,12,11,4
THPACK9-036,laff,3,1,0,0,0,12,11,4
THPACK9-036,laff,3,1,0,0,4,12,11,4
THPACK9-036,laff,4,1,0,0,0,12,11,4
THPACK9-036,laff,4,1,0,0,4,12,11,4
THPACK9-036,laff,5,1,0,0,0,12,11,4
THPACK9-036,laff,5,1,0,0,4,12,11,4
THPACK9-036,laff,6,1,0,0,0,12,11,4
THPACK9-036,laff,6,1,0,0,4,12,11,4
THPACK9-036,laff,7,1,0,0,0,12,11,4
THPACK9-036,laff,7,1,0,0,4,12,11,4
THPACK9-036,laff,8,1,0,0,0,12,11,4
THPACK9-036,laff,8,1,0,0,4,12,11,4
THPACK9-036,laff,9,1,0,0,0,12,11,4
THPACK9-036,laff,9,1,0,0,4,12,11,4
THPACK9-036,laff,10,1,0,0,0,12,11,4
THPACK9-036,laff,10,1,0,0,4,12,11,4
THPACK9-036,laff,11,1,0,0,0,12,11,4
THPACK9-036,laff,11,1,0,0,4,12,11,4
THPACK9-036,laff,12,1,0,0,0,12,11,4
THPACK9-036,laff,12,1,0,0,4,12,11,4
THPACK9-036,laff,13,1,0,0,0,12,11,4
THPACK9-036,laff,13,1,0,0,4,12,11,4
THPACK9-036,laff,14,0,0,0,0,7,8,3
THPACK9-036,laff,14,0,0,8,0,8,7,3
THPACK9-036,laff,14,0,7,0,0,7,8,3
THPACK9-036,laff,14,0,8,8,0,8,7,3
THPACK9-036,laff,14,0,0,0,3,7,8,3
THPACK9-036,laff,14,0,0,8,3,8,7,3
THPACK9-036,laff,14,0,7,0,3,7,8,3
THPACK9-036,laff,14,0,8,8,3,8,7,3
THPACK9-036,laff,14,0,0,0,6,7,8,3
THPACK9-036,laff,14,0,0,8,6,8,7,3
THPACK9-036,laff,14,0,7,0,6,7,8,3
THPACK9-036,laff,14,0,8,8,6,8,7,3
THPACK9-036,laff,15,0,0,0,0,7,8,3
THPACK9-036,laff,15,0,0,8,0,8,7,3
THPACK9-036,laff,15,0,7,0,0,7,8,3
THPACK9-036,laff,15,0,8,8,0,8,7,3
THPACK9-036,laff,15,0,0,0,3,7,8,3
THPACK9-036,laff,15,0,0,8,3,8,7,3
THPACK9-036,laff,15,0,7,0,3,7,8,3
THPACK9-036,laff,15,0,8,8,3,8,7,3
THPACK9-036,laff,15,0,0,0,6,7,8,3
THPACK9-036,laff,15,0,0,8,6,8,7,3
THPACK9-036,laff,15,0,7,0,6,7,8,3
THPACK9-036,laff,15,0,8,8,6,8,7,3
THPACK9-036,laff,16,0,0,0,0,7,8,3
THPACK9-036,laff,16,0,0,8,0,8,7,3
THPACK9-036,laff,16,0,7,0,0,7,8,3
THPACK9-036,laff,16,0,8,8,0,8,7,3
THPACK9-036,laff,16,0,0,0,3,7,8,3
THPACK9-036,laff,16,0,0,8,3,8,7,3
THPACK9-036,laff,16,0,7,0,3,7,8,3
THPACK9-036,laff,16,0,8,8,3,8,7,3
THPACK9-036,laff,16,0,0,0,6,7,8,3
THPACK9-036,laff,16,0,0,8,6,8,7,3
THPACK9-036,laff,16,0,7,0,6,7,8,3
THPACK9-036,laff,16,0,8,8,6,8,7,3
THPACK9-036,laff,17,0,0,0,0,7,8,3
THPACK9-036,laff,17,0,0,8,0,8,7,3
THPACK9-036,laff,17,0,7,0,0,7,8,3
THPACK9-036,laff,17,0,8,8,0,8,7,3
THPACK9-036,laff,17,0,0,0,3,7,8,3
THPACK9-036,laff,17,0,0,8,3,8,7,3
THPACK9-036,laff,17,0,7,0,3,7,8,3
THPACK9-036,laff,17,0,8,8,3,8,7,3
THPACK9-036,laff,17,0,0,0,6,7,8,3
THPACK9-036,laff,17,0,0,8,6,8,7,3
THPACK9-036,laff,17,0,7,0,6,7,8,3
THPACK9-036,laff,17,0,8,8,6,8,7,3
THPACK9-036,laff,18,0,0,0,0,7,8,3
THPACK9-036,laff,18,0,0,8,0,8,7,3
THPACK9-036,laff,18,0,7,0,0,7,8,3
THPACK9-036,laff,18,0,8,8,0,8,7,3
THPACK9-036,laff,18,0,0,0,3,7,8,3
THPACK9-036,laff,18,0,0,8,3,8,7,3
THPACK9-036,laff,18,0,7,0,3,7,8,3
THPACK9-036,laff,18,0,8,8,3,8,7,3
THPACK9-036,plain,0,1,0,0,0,12,11,4
THPACK9-036,plain,0,1,0,0,4,12,11,4
THPACK9-036,plain,0,0,0,11,0,8,3,7
THPACK9-036,plain,0,0,8,11,0,8,3,7
THPACK9-036,plain,0,0,12,0,0,3,8,7
THPACK9-036,plain,0,0,15,0,0,3,8,7
THPACK9-036,plain,1,1,0,0,0,12,11,4
THPACK9-036,plain,1,1,0,0,4,12,11,4
THPACK9-036,plain,1,0,0,11,0,8,3,7
THPACK9-036,plain,1,0,8,11,0,8,3,7
THPACK9-036,plain,1,0,12,0,0,3,8,7
THPACK9-036,plain,1,0,15,0,0,3,8,7
THPACK9-036,plain,2,1,0,0,0,12,11,4
THPACK9-036,plain,2,1,0,0,4,12,11,4
THPACK9-036,plain,2,0,0,11,0,8,3,7
THPACK9-036,plain,2,0,8,11,0,8,3,7
THPACK9-036,plain,2,0,12,0,0,3,8,7
THPACK9-036,plain,2,0,15,0,0,3,8,7
THPACK9-036,plain,3,1,0,0,0,12,11,4
THPACK9-036,plain,3,1,0,0,4,12,11,4
THPACK9-036,plain,3,0,0,11,0,8,3,7
THPACK9-036,plain,3,0,8,11,0,8,3,7
THPACK9-036,plain,3,0,12,0,0,3,8,7
THPACK9-036,plain,3,0,15,0,0,3,8,7
THPACK9-036,plain,4,1,0,0,0,12,11,4
THPACK9-036,plain,4,1,0,0,4,12,11,4
THPACK9-036,plain,4,0,0,11,0,8,3,7
THPACK9-036,plain,4,0,8,11,0,8,3,7
THPACK9-036,plain,4,0,12,0,0,3,8,7
THPACK9-036,plain,4,0,15,0,0,3,8,7
THPACK9-036,plain,5,1,0,0,0,12,11,4
THPACK9-036,plain,5,1,0,0,4,12,11,4
THPACK9-036,plain,5,0,0,11,0,8,3,7
THPACK9-036,plain,5,0,8,11,0,8,3,7
THPACK9-036,plain,5,0,12,0,0,3,8,7
THPACK9-036,plain,5,0,15,0,0,3,8,7
THPACK9-036,plain,6,1,0,0,0,12,11,4
THPACK9-036,plain,6,1,0,0,4,12,11,4
THPACK9-036,plain,6,0,0,11,0,8,3,7
THPACK9-036,plain,6,0,8,11,0,8,3,7
THPACK9-036,plain,6,0,12,0,0,3,8,7
THPACK9-036,plain,6,0,15,0,0,3,8,7
THPACK9-036,plain,7,1,0,0,0,12,11,4
THPACK9-036,plain,7,1,0,0,4,12,11,4
THPACK9-036,plain,7,0,0,11,0,8,3,7
THPACK9-036,plain,7,0,8,11,0,8,3,7
THPACK9-036,plain,7,0,12,0,0,3,8,7
THPACK9-036,plain,7,0,15,0,0,3,8,7
THPACK9-036,plain,8,1,0,0,0,12,11,4
THPACK9-036,plain,8,1,0,0,4,12,11,4
THPACK9-036,plain,8,0,0,11,0,8,3,7
THPACK9-036,plain,8,0,8,11,0,8,3,7
THPACK9-036,plain,8,0,12,0,0,3,8,7
THPACK9-036,plain,8,0,15,0,0,3,8,7
THPACK9-036,plain,9,1,0,0,0,12,11,4
THPACK9-036,plain,9,1,0,0,4,12,11,4
THPACK9-036,plain,9,0,0,11,0,8,3,7
THPACK9-036,plain,9,0,8,11,0,8,3,7
THPACK9-036,plain,9,0,12,0,0,3,8,7
THPACK9-036,plain,9,0,15,0,0,3,8,7
THPACK9-036,plain,10,1,0,0,0,12,11,4
THPACK9-036,plain,10,1,0,0,4,12,11,4
THPACK9-036,plain,10,0,0,11,0,8,3,7
THPACK9-036,plain,10,0,8,11,0,8,3,7
THPACK9-036,plain,10,0,12,0,0,3,8,7
THPACK9-036,plain,10,0,15,0,0,3,8,7
THPACK9-036,plain,11,1,0,0,0,12,11,4
THPACK9-036,plain,11,1,0,0,4,12,11,4
THPACK9-036,plain,11,0,0,11,0,8,3,7
THPACK9-036,plain,11,0,8,11,0,8,3,7
THPACK9-036,plain,11,0,12,0,0,3,8,7
THPACK9-036,plain,11,0,15,0,0,3,8,7
THPACK9-036,plain,12,1,0,0,0,12,11,4
THPACK9-036,plain,12,1,0,0,4,12,11,4
THPACK9-036,plain,12,0,0,11,0,8,3,7
THPACK9-036,plain,12,0,8,11,0,8,3,7
THPACK9-036,plain,12,0,12,0,0,3,8,7
THPACK9-036,plain,12,0,15,0,0,3,8,7
THPACK9-036,plain,13,1,0,0,0,12,11,4
THPACK9-036,plain,13,1,0,0,4,12,11,4
THPACK9-036,plain,13,0,0,11,0,8,3,7
THPACK9-036,plain,13,0,8,11,0,8,3,7
THPACK9-036,plain,13,0,12,0,0,3,8,7
THPACK9-036,plain,13,0,15,0,0,3,8,7
THPACK9-036,fast_brute_force,0,0,0,0,0,7,8,3
THPACK9-036,fast_brute_force,0,0,0,8,0,8,7,3
THPACK9-036,fast_brute_force,0,0,7,0,0,8,7,3
THPACK9-036,fast_brute_force,0,0,15,0,0,3,7,8
THPACK9-036,fast_brute_force,0,0,8,7,0,3,7,8
THPACK9-036,fast_brute_force,0,0,11,7,0,7,8,3
THPACK9-036,fast_brute_force,0,0,11,7,3,7,8,3
THPACK9-036,fast_brute_force,0,0,11,7,6,7,8,3
THPACK9-036,fast_brute_force,0,0,0,0,3,7,8,3
THPACK9-036,fast_brute_force,0,0,0,0,6,7,8,3
THPACK9-036,fast_brute_force,0,0,7,0,3,8,7,3
THPACK9-036,fast_brute_force,0,0,7,0,6,8,7,3
THPACK9-036,fast_brute_force,0,0,0,8,3,8,7,3
THPACK9-036,fast_brute_force,0,0,0,8,6,8,7,3
THPACK9-036,fast_brute_force,1,0,0,0,0,7,8,3
THPACK9-036,fast_brute_force,1,0,0,8,0,8,7,3
THPACK9-036,fast_brute_force,1,0,7,0,0,8,7,3
THPACK9-036,fast_brute_force,1,0,15,0,0,3,7,8
THPACK9-036,fast_brute_force,1,0,8,7,0,3,7,8
THPACK9-036,fast_brute_force,1,0,11,7,0,7,8,3
THPACK9-036,fast_brute_force,1,0,11,7,3,7,8,3
THPACK9-036,fast_brute_force,1,0,11,7,6,7,8,3
THPACK9-036,fast_brute_force,1,0,0,0,3,7,8,3
THPACK9-036,fast_brute_force,1,0,0,0,6,7,8,3
THPACK9-036,fast_brute_force,1,0,7,0,3,8,7,3
THPACK9-036,fast_brute_force,1,0,7,0,6,8,7,3
THPACK9-036,fast_brute_force,1,0,0,8,3,8,7,3
THPACK9-036,fast_brute_force,1,0,0,8,6,8,7,3
THPACK9-036,fast_brute_force,2,0,0,0,0,7,8,3
THPACK9-036,fast_brute_force,2,0,0,8,0,8,7,3
THPACK9-036,fast_brute_force,2,0,7,0,0,8,7,3
THPACK9-036,fast_brute_force,2,0,15,0,0,3,7,8
THPACK9-036,fast_brute_force,2,0,8,7,0,3,7,8
THPACK9-036,fast_brute_force,2,0,11,7,0,7,8,3
THPACK9-036,fast_brute_force,2,0,11,7,3,7,8,3
THPACK9-036,fast_brute_force,2,0,11,7,6,7,8,3
THPACK9-036,fast_brute_force,2,0,0,0,3,7,8,3
THPACK9-036,fast_brute_force,2,0,0,0,6,7,8,3
THPACK9-036,fast_brute_force,2,0,7,0,3,8,7,3
THPACK9-036,fast_brute_force,2,0,7,0,6,8,7,3
THPACK9-036,fast_brute_force,2,0,0,8,3,8,7,3
THPACK9-036,fast_brute_force,2,0,0,8,6,8,7,3
THPACK9-036,fast_brute_force,3,0,0,0,0,7,8,3
THPACK9-036,fast_brute_force,3,0,0,8,0,8,7,3
THPACK9-036,fast_brute_force,3,0,7,0,0,8,7,3
THPACK9-036,fast_brute_force,3,0,15,0,0,3,7,8
THPACK9-036,fast_brute_force,3,0,8,7,0,3,7,8
THPACK9-036,fast_brute_force,3,0,11,7,0,7,8,3
THPACK9-036,fast_brute_force,3,0,11,7,3,7,8,3
THPACK9-036,fast_brute_force,3,0,11,7,6,7,8,3
THPACK9-036,fast_brute_force,3,0,0,0,3,7,8,3
THPACK9-036,fast_brute_force,3,0,0,0,6,7,8,3
THPACK9-036,fast_brute_force,3,0,7,0,3,8,7,3
THPACK9-036,fast_brute_force,3,0,7,0,6,8,7,3
THPACK9-036,fast_brute_force,3,0,0,8,3,8,7,3
THPACK9-036,fast_brute_force,3,0,0,8,6,8,7,3
THPACK9-036,fast_brute_force,4,1,0,0,0,12,11,4
THPACK9-036,fast_brute_force,4,1,0,0,4,12,11,4
THPACK9-036,fast_brute_force,5,1,0,0,0,12,11,4
THPACK9-036,fast_brute_force,5,1,0,0,4,12,11,4
THPACK9-036,fast_brute_force,6,1,0,0,0,12,11,4
THPACK9-036,fast_brute_force,6,1,0,0,4,12,11,4
THPACK9-036,fast_brute_force,7,1,0,0,0,12,11,4
THPACK9-036,fast_brute_force,7,1,0,0,4,12,11,4
THPACK9-036,fast_brute_force,8,1,0,0,0,12,11,4
THPACK9-036,fast_brute_force,8,1,0,0,4,12,11,4
THPACK9-036,fast_brute_force,9,1,0,0,0,12,11,4
THPACK9-036,fast_brute_force,9,1,0,0,4,12,11,4
THPACK9-036,fast_brute_force,10,1,0,0,0,12,11,4
THPACK9-036,fast_brute_force,10,1,0,0,4,12,11,4
THPACK9-036,fast_brute_force,11,1,0,0,0,12,11,4
THPACK9-036,fast_brute_force,11,1,0,0,4,12,11,4
THPACK9-036,fast_brute_force,12,1,0,0,0,12,11,4
THPACK9-036,fast_brute_force,12,1,0,0,4,12,11,4
THPACK9-036,fast_brute_force,13,1,0,0,0,12,11,4
THPACK9-036,fast_brute_force,13,1,0,0,4,12,11,4
THPACK9-036,fast_brute_force,14,1,0,0,0,12,11,4
THPACK9-036,fast_brute_force,14,1,0,0,4,12,11,4
THPACK9-036,fast_brute_force,15,1,0,0,0,12,11,4
THPACK9-036,fast_brute_force,15,1,0,0,4,12,11,4
THPACK9-036,fast_brute_force,16,1,0,0,0,11,12,4
THPACK9-036,fast_brute_force,16,1,0,0,4,11,12,4
THPACK9-036,fast_brute_force,17,1,0,0,0,12,11,4
THPACK9-036,fast_brute_force,17,1,0,0,4,12,11,4
THPACK9-037,laff,0,2,0,0,0,14,14,8
THPACK9-037,laff,0,2,14,0,0,14,14,8
THPACK9-037,laff,0,1,0,14,0,12,10,6
THPACK9-037,laff,0,1,12,14,0,12,10,6
THPACK9-037,laff,0,0,24,14,0,4,6,8
THPACK9-037,laff,0,0,24,20,0,6,4,8
THPACK9-037,laff,0,0,0,0,8,6,8,4
THPACK9-037,laff,0,0,0,8,8,6,8,4
THPACK9-037,laff,0,0,0,16,8,6,8,4
THPACK9-037,laff,0,0,6,0,8,6,8,4
THPACK9-037,laff,0,0,6,8,8,6,8,4
THPACK9-037,laff,0,0,6,16,8,6,8,4
THPACK9-037,laff,0,0,12,0,8,6,8,4
THPACK9-037,laff,0,0,12,8,8,6,8,4
THPACK9-037,laff,0,0,12,16,8,6,8,4
THPACK9-037,laff,0,0,18,0,8,6,8,4
THPACK9-037,laff,0,0,18,8,8,6,8,4
THPACK9-037,laff,0,0,18,16,8,6,8,4
THPACK9-037,laff,0,0,24,0,8,6,8,4
THPACK9-037,laff,0,0,24,8,8,6,8,4
THPACK9-037,laff,0,0,24,16,8,6,8,4
THPACK9-037,laff,1,2,0,0,0,14,14,8
THPACK9-037,laff,1,2,14,0,0,14,14,8
THPACK9-037,laff,1,1,0,14,0,12,10,6
THPACK9-037,laff,1,1,12,14,0,12,10,6
THPACK9-037,laff,1,0,24,14,0,4,6,8
THPACK9-037,laff,1,0,24,20,0,6,4,8
THPACK9-037,laff,1,0,0,0,8,6,8,4
THPACK9-037,laff,1,0,0,8,8,6,8,4
THPACK9-037,laff,1,0,0,16,8,6,8,4
THPACK9-037,laff,1,0,6,0,8,6,8,4
THPACK9-037,laff,1,0,6,8,8,6,8,4
THPACK9-037,laff,1,0,6,16,8,6,8,4
THPACK9-037,laff,2,2,0,0,0,14,14,8
THPACK9-037,laff,2,2,14,0,0,14,14,8
THPACK9-037,laff,2,1,0,14,0,12,10,6
THPACK9-037,laff,2,1,12,14,0,12,10,6
THPACK9-037,laff,3,2,0,0,0,14,14,8
THPACK9-037,laff,3,2,14,0,0,14,14,8
THPACK9-037,laff,3,1,0,14,0,12,10,6
THPACK9-037,laff,3,1,12,14,0,12,10,6
THPACK9-037,laff,4,2,0,0,0,14,14,8
THPACK9-037,laff,4,2,14,0,0,14,14,8
THPACK9-037,laff,4,1,0,14,0,12,10,6
THPACK9-037,laff,4,1,12,14,0,12,10,6
THPACK9-037,laff,5,2,0,0,0,14,14,8
THPACK9-037,laff,5,2,14,0,0,14,14,8
THPACK9-037,laff,5,1,0,14,0,12,10,6
THPACK9-037,laff,5,1,12,14,0,12,10,6
THPACK9-037,laff,6,2,0,0,0,14,14,8
THPACK9-037,laff,6,2,14,0,0,14,14,8
THPACK9-037,laff,6,1,0,14,0,12,10,6
THPACK9-037,laff,6,1,12,14,0,12,10,6
THPACK9-037,laff,7,2,0,0,0,14,14,8
THPACK9-037,laff,7,2,14,0,0,14,14,8
THPACK9-037,laff,7,1,0,14,0,12,10,6
THPACK9-037,laff,7,1,12,14,0,12,10,6
THPACK9-037,laff,8,2,0,0,0,14,14,8
THPACK9-037,laff,8,2,14,0,0,14,14,8
THPACK9-037,laff,8,1,0,14,0,12,10,6
THPACK9-037,laff,8,1,12,14,0,12,10,6
THPACK9-037,laff,9,2,0,0,0,14,14,8
THPACK9-037,laff,9,2,14,0,0,14,14,8
THPACK9-037,laff,9,1,0,14,0,12,10,6
THPACK9-037,laff,9,1,12,14,0,12,10,6
THPACK9-037,laff,10,2,0,0,0,14,14,8
THPACK9-037,laff,10,2,14,0,0,14,14,8
THPACK9-037,laff,10,1,0,14,0,12,10,6
THPACK9-037,laff,10,1,12,14,0,12,10,6
THPACK9-037,laff,11,2,0,0,0,14,14,8
THPACK9-037,laff,11,2,14,0,0,14,14,8
THPACK9-037,laff,11,1,0,14,0,12,10,6
THPACK9-037,laff,11,1,12,14,0,12,10,6
THPACK9-037,laff,12,2,0,0,0,14,14,8
THPACK9-037,laff,12,2,14,0,0,14,14,8
THPACK9-037,laff,12,1,0,14,0,12,10,6
THPACK9-037,laff,12,1,12,14,0,12,10,6
THPACK9-037,laff,13,2,0,0,0,14,14,8
THPACK9-037,laff,13,2,14,0,0,14,14,8
THPACK9-037,laff,13,1,0,14,0,12,10,6
THPACK9-037,laff,13,1,12,14,0,12,10,6
THPACK9-037,laff,14,2,0,0,0,14,14,8
THPACK9-037,laff,14,2,14,0,0,14,14,8
THPACK9-037,laff,14,1,0,14,0,12,10,6
THPACK9-037,laff,14,1,12,14,0,12,10,6
THPACK9-037,laff,15,2,0,0,0,14,14,8
THPACK9-037,laff,15,2,14,0,0,14,14,8
THPACK9-037,laff,15,1,0,14,0,12,10,6
THPACK9-037,laff,15,1,12,14,0,12,10,6
THPACK9-037,laff,16,2,0,0,0,14,14,8
THPACK9-037,laff,16,2,14,0,0,14,14,8
THPACK9-037,laff,17,2,0,0,0,14,14,8
THPACK9-037,laff,17,2,14,0,0,14,14,8
THPACK9-037,laff,18,2,0,0,0,14,14,8
THPACK9-037,laff,18,2,14,0,0,14,14,8
THPACK9-037,laff,19,2,0,0,0,14,14,8
THPACK9-037,laff,19,2,14,0,0,14,14,8
THPACK9-037,laff,20,2,0,0,0,14,14,8
THPACK9-037,laff,20,2,14,0,0,14,14,8
THPACK9-037,laff,21,2,0,0,0,14,14,8
THPACK9-037,laff,21,2,14,0,0,14,14,8
THPACK9-037,laff,22,2,0,0,0,14,14,8
THPACK9-037,plain,0,2,0,0,0,14,14,8
THPACK9-037,plain,0,0,0,0,8,6,8,4
THPACK9-037,plain,0,0,0,8,8,8,6,4
THPACK9-037,plain,0,0,6,0,8,6,8,4
THPACK9-037,plain,0,2,14,0,0,14,14,8
THPACK9-037,plain,0,0,8,8,8,8,6,4
THPACK9-037,plain,0,0,12,0,8,6,8,4
THPACK9-037,plain,0,0,16,8,8,8,6,4
THPACK9-037,plain,0,0,18,0,8,6,8,4
THPACK9-037,plain,0,1,0,14,0,12,10,6
THPACK9-037,plain,0,1,0,14,6,12,10,6
THPACK9-037,plain,0,1,12,14,0,12,10,6
THPACK9-037,plain,0,1,12,14,6,12,10,6
THPACK9-037,plain,0,1,24,14,0,6,10,12
THPACK9-037,plain,0,0,24,0,8,6,8,4
THPACK9-037,plain,1,2,0,0,0,14,14,8
THPACK9-037,plain,1,0,0,0,8,6,8,4
THPACK9-037,plain,1,0,0,8,8,8,6,4
THPACK9-037,plain,1,0,6,0,8,6,8,4
THPACK9-037,plain,1,2,14,0,0,14,14,8
THPACK9-037,plain,1,0,8,8,8,8,6,4
THPACK9-037,plain,1,0,12,0,8,6,8,4
THPACK9-037,plain,1,0,16,8,8,8,6,4
THPACK9-037,plain,1,0,18,0,8,6,8,4
THPACK9-037,plain,1,1,0,14,0,12,10,6
THPACK9-037,plain,1,1,0,14,6,12,10,6
THPACK9-037,plain,1,1,12,14,0,12,10,6
THPACK9-037,plain,1,1,12,14,6,12,10,6
THPACK9-037,plain,1,1,24,14,0,6,10,12
THPACK9-037,plain,1,0,24,0,8,6,8,4
THPACK9-037,plain,2,2,0,0,0,14,14,8
THPACK9-037,plain,2,0,0,0,8,6,8,4
THPACK9-037,plain,2,0,0,8,8,8,6,4
THPACK9-037,plain,2,0,6,0,8,6,8,4
THPACK9-037,plain,2,2,14,0,0,14,14,8
THPACK9-037,plain,2,0,8,8,8,8,6,4
THPACK9-037,plain,2,0,12,0,8,6,8,4
THPACK9-037,plain,2,0,16,8,8,8,6,4
THPACK9-037,plain,2,0,18,0,8,6,8,4
THPACK9-037,plain,2,1,0,14,0,12,10,6
THPACK9-037,plain,2,1,0,14,6,12,10,6
THPACK9-037,plain,2,1,12,14,0,12,10,6
THPACK9-037,plain,2,1,12,14,6,12,10,6
THPACK9-037,plain,2,1,24,14,0,6,10,12
THPACK9-037,plain,2,0,24,0,8,6,8,4
THPACK9-037,plain,3,2,0,0,0,14,14,8
THPACK9-037,plain,3,0,0,0,8,6,8,4
THPACK9-037,plain,3,2,14,0,0,14,14,8
THPACK9-037,plain,3,1,0,14,0,12,10,6
THPACK9-037,plain,3,1,0,14,6,12,10,6
THPACK9-037,plain,3,1,12,14,0,12,10,6
THPACK9-037,plain,3,1,12,14,6,12,10,6
THPACK9-037,plain,3,1,24,14,0,6,10,12
THPACK9-037,plain,4,2,0,0,0,14,14,8
THPACK9-037,plain,4,2,14,0,0,14,14,8
THPACK9-037,plain,4,1,0,14,0,12,10,6
THPACK9-037,plain,4,1,0,14,6,12,10,6
THPACK9-037,plain,4,1,12,14,0,12,10,6
THPACK9-037,plain,4,1,12,14,6,12,10,6
THPACK9-037,plain,4,1,24,14,0,6,10,12
THPACK9-037,plain,5,2,0,0,0,14,14,8
THPACK9-037,plain,5,2,14,0,0,14,14,8
THPACK9-037,plain,5,1,0,14,0,12,10,6
THPACK9-037,plain,5,1,0,14,6,12,10,6
THPACK9-037,plain,5,1,12,14,0,12,10,6
THPACK9-037,plain,5,1,12,14,6,12,10,6
THPACK9-037,plain,5,1,24,14,0,6,10,12
THPACK9-037,plain,6,2,0,0,0,14,14,8
THPACK9-037,plain,6,2,14,0,0,14,14,8
THPACK9-037,plain,6,1,0,14,0,12,10,6
THPACK9-037,plain,6,1,0,14,6,12,10,6
THPACK9-037,plain,7,2,0,0,0,14,14,8
THPACK9-037,plain,7,2,14,0,0,14,14,8
THPACK9-037,plain,8,2,0,0,0,14,14,8
THPACK9-037,plain,8,2,14,0,0,14,14,8
THPACK9-037,plain,9,2,0,0,0,14,14,8
THPACK9-037,plain,9,2,14,0,0,14,14,8
THPACK9-037,plain,10,2,0,0,0,14,14,8
THPACK9-037,plain,10,2,14,0,0,14,14,8
THPACK9-037,plain,11,2,0,0,0,14,14,8
THPACK9-037,plain,11,2,14,0,0,14,14,8
THPACK9-037,plain,12,2,0,0,0,14,14,8
THPACK9-037,plain,12,2,14,0,0,14,14,8
THPACK9-037,plain,13,2,0,0,0,14,14,8
THPACK9-037,plain,13,2,14,0,0,14,14,8
THPACK9-037,plain,14,2,0,0,0,14,14,8
THPACK9-037,plain,14,2,14,0,0,14,14,8
THPACK9-037,plain,15,2,0,0,0,14,14,8
THPACK9-037,plain,15,2,14,0,0,14,14,8
THPACK9-037,plain,16,2,0,0,0,14,14,8
THPACK9-037,plain,16,2,14,0,0,14,14,8
THPACK9-037,plain,17,2,0,0,0,14,14,8
THPACK9-037,plain,17,2,14,0,0,14,14,8
THPACK9-037,plain,18,2,0,0,0,14,14,8
THPACK9-037,plain,18,2,14,0,0,14,14,8
THPACK9-037,plain,19,2,0,0,0,14,14,8
THPACK9-037,plain,19,2,14,0,0,14,14,8
THPACK9-037,plain,20,2,0,0,0,14,14,8
THPACK9-037,plain,20,2,14,0,0,14,14,8
THPACK9-037,plain,21,2,0,0,0,14,14,8
THPACK9-037,plain,21,2,14,0,0,14,14,8
THPACK9-037,plain,22,2,0,0,0,14,14,8
THPACK9-038,laff,0,2,0,0,0,14,14,8
THPACK9-038,laff,0,0,0,14,0,4,6,8
THPACK9-038,laff,0,0,4,14,0,4,6,8
THPACK9-038,laff,0,0,8,14,0,4,6,8
THPACK9-038,laff,0,0,12,14,0,4,6,8
THPACK9-038,laff,0,0,14,0,0,4,6,8
THPACK9-038,laff,0,0,14,6,0,4,6,8
THPACK9-038,laff,0,0,16,12,0,4,6,8
THPACK9-038,laff,1,2,0,0,0,14,14,8
THPACK9-038,laff,1,0,0,14,0,4,6,8
THPACK9-038,laff,1,0,4,14,0,4,6,8
THPACK9-038,laff,1,0,8,14,0,4,6,8
THPACK9-038,laff,1,0,12,14,0,4,6,8
THPACK9-038,laff,1,0,14,0,0,4,6,8
THPACK9-038,laff,1,0,14,6,0,4,6,8
THPACK9-038,laff,1,0,16,12,0,4,6,8
THPACK9-038,laff,2,2,0,0,0,14,14,8
THPACK9-038,laff,2,0,0,14,0,4,6,8
THPACK9-038,laff,2,0,4,14,0,4,6,8
THPACK9-038,laff,2,0,8,14,0,4,6,8
THPACK9-038,laff,2,0,12,14,0,4,6,8
THPACK9-038,laff,2,0,14,0,0,4,6,8
THPACK9-038,laff,2,0,14,6,0,4,6,8
THPACK9-038,laff,2,0,16,12,0,4,6,8
THPACK9-038,laff,3,2,0,0,0,14,14,8
THPACK9-038,laff,3,0,0,14,0,4,6,8
THPACK9-038,laff,3,0,4,14,0,4,6,8
THPACK9-038,laff,3,0,8,14,0,4,6,8
THPACK9-038,laff,3,0,12,14,0,4,6,8
THPACK9-038,laff,4,2,0,0,0,14,14,8
THPACK9-038,laff,5,2,0,0,0,14,14,8
THPACK9-038,laff,6,2,0,0,0,14,14,8
THPACK9-038,laff,7,2,0,0,0,14,14,8
THPACK9-038,laff,8,2,0,0,0,14,14,8
THPACK9-038,laff,9,2,0,0,0,14,14,8
THPACK9-038,laff,10,2,0,0,0,14,14,8
THPACK9-038,laff,11,2,0,0,0,14,14,8
THPACK9-038,laff,12,2,0,0,0,14,14,8
THPACK9-038,laff,13,2,0,0,0,14,14,8
THPACK9-038,laff,14,2,0,0,0,14,14,8
THPACK9-038,laff,15,2,0,0,0,14,14,8
THPACK9-038,laff,16,2,0,0,0,14,14,8
THPACK9-038,laff,17,2,0,0,0,14,14,8
THPACK9-038,laff,18,2,0,0,0,14,14,8
THPACK9-038,laff,19,2,0,0,0,14,14,8
THPACK9-038,laff,20,2,0,0,0,14,14,8
THPACK9-038,laff,21,2,0,0,0,14,14,8
THPACK9-038,laff,22,2,0,0,0,14,14,8
THPACK9-038,laff,23,2,0,0,0,14,14,8
THPACK9-038,laff,24,2,0,0,0,14,14,8
THPACK9-038,laff,25,2,0,0,0,14,14,8
THPACK9-038,laff,26,2,0,0,0,14,14,8
THPACK9-038,laff,27,2,0,0,0,14,14,8
THPACK9-038,laff,28,2,0,0,0,14,14,8
THPACK9-038,laff,29,2,0,0,0,14,14,8
THPACK9-038,laff,30,2,0,0,0,14,14,8
THPACK9-038,laff,31,2,0,0,0,14,14,8
THPACK9-038,laff,32,2,0,0,0,14,14,8
THPACK9-038,laff,33,2,0,0,0,14,14,8
THPACK9-038,laff,34,2,0,0,0,14,14,8
THPACK9-038,laff,35,2,0,0,0,14,14,8
THPACK9-038,laff,36,2,0,0,0,14,14,8
THPACK9-038,laff,37,2,0,0,0,14,14,8
THPACK9-038,laff,38,2,0,0,0,14,14,8
THPACK9-038,laff,39,2,0,0,0,14,14,8
THPACK9-038,laff,40,2,0,0,0,14,14,8
THPACK9-038,laff,41,2,0,0,0,14,14,8
THPACK9-038,laff,42,2,0,0,0,14,14,8
THPACK9-038,laff,43,2,0,0,0,14,14,8
THPACK9-038,laff,44,2,0,0,0,14,14,8
THPACK9-038,laff,45,1,0,0,0,10,12,6
THPACK9-038,laff,45,1,10,0,0,10,12,6
THPACK9-038,laff,46,1,0,0,0,10,12,6
THPACK9-038,laff,46,1,10,0,0,10,12,6
THPACK9-038,laff,47,1,0,0,0,10,12,6
THPACK9-038,laff,47,1,10,0,0,10,12,6
THPACK9-038,laff,48,1,0,0,0,10,12,6
THPACK9-038,laff,48,1,10,0,0,10,12,6
THPACK9-038,laff,49,1,0,0,0,10,12,6
THPACK9-038,laff,49,1,10,0,0,10,12,6
THPACK9-038,laff,50,1,0,0,0,10,12,6
THPACK9-038,laff,50,1,10,0,0,10,12,6
THPACK9-038,laff,51,1,0,0,0,10,12,6
THPACK9-038,laff,51,1,10,0,0,10,12,6
THPACK9-038,laff,52,1,0,0,0,10,12,6
THPACK9-038,laff,52,1,10,0,0,10,12,6
THPACK9-038,laff,53,1,0,0,0,10,12,6
THPACK9-038,laff,53,1,10,0,0,10,12,6
THPACK9-038,laff,54,1,0,0,0,10,12,6
THPACK9-038,laff,54,1,10,0,0,10,12,6
THPACK9-038,laff,55,1,0,0,0,10,12,6
THPACK9-038,laff,55,1,10,0,0,10,12,6
THPACK9-038,laff,56,1,0,0,0,10,12,6
THPACK9-038,laff,56,1,10,0,0,10,12,6
THPACK9-038,laff,57,1,0,0,0,10,12,6
THPACK9-038,laff,57,1,10,0,0,10,12,6
THPACK9-038,laff,58,1,0,0,0,10,12,6
THPACK9-038,laff,58,1,10,0,0,10,12,6
THPACK9-038,laff,59,1,0,0,0,10,12,6
THPACK9-038,laff,59,1,10,0,0,10,12,6
THPACK9-038,laff,60,1,0,0,0,10,12,6
THPACK9-038,laff,60,1,10,0,0,10,12,6
THPACK9-038,plain,0,2,0,0,0,14,14,8
THPACK9-038,plain,0,1,0,14,0,12,6,10
THPACK9-038,plain,0,1,14,0,0,6,12,10
THPACK9-038,plain,0,0,12,14,0,8,6,4
THPACK9-038,plain,0,0,12,14,4,8,6,4
THPACK9-038,plain,1,2,0,0,0,14,14,8
THPACK9-038,plain,1,1,0,14,0,12,6,10
THPACK9-038,plain,1,1,14,0,0,6,12,10
THPACK9-038,plain,1,0,12,14,0,8,6,4
THPACK9-038,plain,1,0,12,14,4,8,6,4
THPACK9-038,plain,2,2,0,0,0,14,14,8
THPACK9-038,plain,2,1,0,14,0,12,6,10
THPACK9-038,plain,2,1,14,0,0,6,12,10
THPACK9-038,plain,2,0,12,14,0,8,6,4
THPACK9-038,plain,2,0,12,14,4,8,6,4
THPACK9-038,plain,3,2,0,0,0,14,14,8
THPACK9-038,plain,3,1,0,14,0,12,6,10
THPACK9-038,plain,3,1,14,0,0,6,12,10
THPACK9-038,plain,3,0,12,14,0,8,6,4
THPACK9-038,plain,3,0,12,14,4,8,6,4
THPACK9-038,plain,4,2,0,0,0,14,14,8
THPACK9-038,plain,4,1,0,14,0,12,6,10
THPACK9-038,plain,4,1,14,0,0,6,12,10
THPACK9-038,plain,4,0,12,14,0,8,6,4
THPACK9-038,plain,4,0,12,14,4,8,6,4
THPACK9-038,plain,5,2,0,0,0,14,14,8
THPACK9-038,plain,5,1,0,14,0,12,6,10
THPACK9-038,plain,5,1,14,0,0,6,12,10
THPACK9-038,plain,5,0,12,14,0,8,6,4
THPACK9-038,plain,5,0,12,14,4,8,6,4
THPACK9-038,plain,6,2,0,0,0,14,14,8
THPACK9-038,plain,6,1,0,14,0,12,6,10
THPACK9-038,plain,6,1,14,0,0,6,12,10
THPACK9-038,plain,6,0,12,14,0,8,6,4
THPACK9-038,plain,6,0,12,14,4,8,6,4
THPACK9-038,plain,7,2,0,0,0,14,14,8
THPACK9-038,plain,7,1,0,14,0,12,6,10
THPACK9-038,plain,7,1,14,0,0,6,12,10
THPACK9-038,plain,7,0,12,14,0,8,6,4
THPACK9-038,plain,7,0,12,14,4,8,6,4
THPACK9-038,plain,8,2,0,0,0,14,14,8
THPACK9-038,plain,8,1,0,14,0,12,6,10
THPACK9-038,plain,8,1,14,0,0,6,12,10
THPACK9-038,plain,8,0,12,14,0,8,6,4
THPACK9-038,plain,8,0,12,14,4,8,6,4
THPACK9-038,plain,9,2,0,0,0,14,14,8
THPACK9-038,plain,9,1,0,14,0,12,6,10
THPACK9-038,plain,9,1,14,0,0,6,12,10
THPACK9-038,plain,9,0,12,14,0,8,6,4
THPACK9-038,plain,9,0,12,14,4,8,6,4
THPACK9-038,plain,10,2,0,0,0,14,14,8
THPACK9-038,plain,10,1,0,14,0,12,6,10
THPACK9-038,plain,10,1,14,0,0,6,12,10
THPACK9-038,plain,10,0,12,14,0,8,6,4
THPACK9-038,plain,10,0,12,14,4,8,6,4
THPACK9-038,plain,11,2,0,0,0,14,14,8
THPACK9-038,plain,11,1,0,14,0,12,6,10
THPACK9-038,plain,11,1,14,0,0,6,12,10
THPACK9-038,plain,11,0,12,14,0,8,6,4
THPACK9-038,plain,11,0,12,14,4,8,6,4
THPACK9-038,plain,12,2,0,0,0,14,14,8
THPACK9-038,plain,12,1,0,14,0,12,6,10
THPACK9-038,plain,12,1,14,0,0,6,12,10
THPACK9-038,plain,12,0,12,14,0,8,6,4
THPACK9-038,plain,13,2,0,0,0,14,14,8
THPACK9-038,plain,13,1,0,14,0,12,6,10
THPACK9-038,plain,13,1,14,0,0,6,12,10
THPACK9-038,plain,14,2,0,0,0,14,14,8
THPACK9-038,plain,14,1,0,14,0,12,6,10
THPACK9-038,plain,14,1,14,0,0,6,12,10
THPACK9-038,plain,15,2,0,0,0,14,14,8
THPACK9-038,plain,15,1,0,14,0,12,6,10
THPACK9-038,plain,15,1,14,0,0,6,12,10
THPACK9-038,plain,16,2,0,0,0,14,14,8
THPACK9-038,plain,17,2,0,0,0,14,14,8
THPACK9-038,plain,18,2,0,0,0,14,14,8
THPACK9-038,plain,19,2,0,0,0,14,14,8
THPACK9-038,plain,20,2,0,0,0,14,14,8
THPACK9-038,plain,21,2,0,0,0,14,14,8
THPACK9-038,plain,22,2,0,0,0,14,14,8
THPACK9-038,plain,23,2,0,0,0,14,14,8
THPACK9-038,plain,24,2,0,0,0,14,14,8
THPACK9-038,plain,25,2,0,0,0,14,14,8
THPACK9-038,plain,26,2,0,0,0,14,14,8
THPACK9-038,plain,27,2,0,0,0,14,14,8
THPACK9-038,plain,28,2,0,0,0,14,14,8
THPACK9-038,plain,29,2,0,0,0,14,14,8
THPACK9-038,plain,30,2,0,0,0,14,14,8
THPACK9-038,plain,31,2,0,0,0,14,14,8
THPACK9-038,plain,32,2,0,0,0,14,14,8
THPACK9-038,plain,33,2,0,0,0,14,14,8
THPACK9-038,plain,34,2,0,0,0,14,14,8
THPACK9-038,plain,35,2,0,0,0,14,14,8
THPACK9-038,plain,36,2,0,0,0,14,14,8
THPACK9-038,plain,37,2,0,0,0,14,14,8
THPACK9-038,plain,38,2,0,0,0,14,14,8
THPACK9-038,plain,39,2,0,0,0,14,14,8
THPACK9-038,plain,40,2,0,0,0,14,14,8
THPACK9-038,plain,41,2,0,0,0,14,14,8
THPACK9-038,plain,42,2,0,0,0,14,14,8
THPACK9-038,plain,43,2,0,0,0,14,14,8
THPACK9-038,plain,44,2,0,0,0,14,14,8
THPACK9-039,laff,0,2,0,0,0,14,14,8
THPACK9-039,laff,0,0,14,0,0,4,6,8
THPACK9-039,laff,0,0,14,6,0,4,6,8
THPACK9-039,laff,0,2,0,0,8,14,14,8
THPACK9-039,laff,0,0,14,0,8,4,6,8
THPACK9-039,laff,0,0,14,6,8,4,6,8
THPACK9-039,laff,0,2,0,0,16,14,14,8
THPACK9-039,laff,0,0,14,0,16,4,6,8
THPACK9-039,laff,0,0,14,6,16,4,6,8
THPACK9-039,laff,0,1,0,0,24,10,12,6
THPACK9-039,laff,0,0,0,12,24,8,4,6
THPACK9-039,laff,0,0,8,12,24,8,4,6
THPACK9-039,laff,0,0,10,0,24,4,8,6
THPACK9-039,laff,0,0,10,8,24,8,4,6
THPACK9-039,laff,0,0,14,0,24,4,8,6
THPACK9-039,laff,1,2,0,0,0,14,14,8
THPACK9-039,laff,1,0,14,0,0,4,6,8
THPACK9-039,laff,1,0,14,6,0,4,6,8
THPACK9-039,laff,1,2,0,0,8,14,14,8
THPACK9-039,laff,1,0,14,0,8,4,6,8
THPACK9-039,laff,1,0,14,6,8,4,6,8
THPACK9-039,laff,1,2,0,0,16,14,14,8
THPACK9-039,laff,1,0,14,0,16,4,6,8
THPACK9-039,laff,1,0,14,6,16,4,6,8
THPACK9-039,laff,1,1,0,0,24,10,12,6
THPACK9-039,laff,1,0,0,12,24,8,4,6
THPACK9-039,laff,1,0,8,12,24,8,4,6
THPACK9-039,laff,1,0,10,0,24,4,8,6
THPACK9-039,laff,1,0,10,8,24,8,4,6
THPACK9-039,laff,1,0,14,0,24,4,8,6
THPACK9-039,laff,2,2,0,0,0,14,14,8
THPACK9-039,laff,2,0,14,0,0,4,6,8
THPACK9-039,laff,2,0,14,6,0,4,6,8
THPACK9-039,laff,2,2,0,0,8,14,14,8
THPACK9-039,laff,2,0,14,0,8,4,6,8
THPACK9-039,laff,2,2,0,0,16,14,14,8
THPACK9-039,laff,2,1,0,0,24,10,12,6
THPACK9-039,laff,3,2,0,0,0,14,14,8
THPACK9-039,laff,3,2,0,0,8,14,14,8
THPACK9-039,laff,3,2,0,0,16,14,14,8
THPACK9-039,laff,3,1,0,0,24,10,12,6
THPACK9-039,laff,4,2,0,0,0,14,14,8
THPACK9-039,laff,4,2,0,0,8,14,14,8
THPACK9-039,laff,4,2,0,0,16,14,14,8
THPACK9-039,laff,4,1,0,0,24,10,12,6
THPACK9-039,laff,5,2,0,0,0,14,14,8
THPACK9-039,laff,5,2,0,0,8,14,14,8
THPACK9-039,laff,5,2,0,0,16,14,14,8
THPACK9-039,laff,5,1,0,0,24,10,12,6
THPACK9-039,laff,6,2,0,0,0,14,14,8
THPACK9-039,laff,6,2,0,0,8,14,14,8
THPACK9-039,laff,6,2,0,0,16,14,14,8
THPACK9-039,laff,6,1,0,0,24,10,12,6
THPACK9-039,laff,7,2,0,0,0,14,14,8
THPACK9-039,laff,7,2,0,0,8,14,14,8
THPACK9-039,laff,7,2,0,0,16,14,14,8
THPACK9-039,laff,7,1,0,0,24,10,12,6
THPACK9-039,laff,8,2,0,0,0,14,14,8
THPACK9-039,laff,8,2,0,0,8,14,14,8
THPACK9-039,laff,8,2,0,0,16,14,14,8
THPACK9-039,laff,8,1,0,0,24,10,12,6
THPACK9-039,laff,9,2,0,0,0,14,14,8
THPACK9-039,laff,9,2,0,0,8,14,14,8
THPACK9-039,laff,9,2,0,0,16,14,14,8
THPACK9-039,laff,9,1,0,0,24,10,12,6
THPACK9-039,laff,10,2,0,0,0,14,14,8
THPACK9-039,laff,10,2,0,0,8,14,14,8
THPACK9-039,laff,10,2,0,0,16,14,14,8
THPACK9-039,laff,10,1,0,0,24,10,12,6
THPACK9-039,laff,11,2,0,0,0,14,14,8
THPACK9-039,laff,11,2,0,0,8,14,14,8
THPACK9-039,laff,11,2,0,0,16,14,14,8
THPACK9-039,laff,11,1,0,0,24,10,12,6
THPACK9-039,laff,12,2,0,0,0,14,14,8
THPACK9-039,laff,12,2,0,0,8,14,14,8
THPACK9-039,laff,12,2,0,0,16,14,14,8
THPACK9-039,laff,12,1,0,0,24,10,12,6
THPACK9-039,laff,13,2,0,0,0,14,14,8
THPACK9-039,laff,13,2,0,0,8,14,14,8
THPACK9-039,laff,13,2,0,0,16,14,14,8
THPACK9-039,laff,13,1,0,0,24,10,12,6
THPACK9-039,laff,14,2,0,0,0,14,14,8
THPACK9-039,laff,14,2,0,0,8,14,14,8
THPACK9-039,laff,14,2,0,0,16,14,14,8
THPACK9-039,laff,14,1,0,0,24,10,12,6
THPACK9-039,laff,15,1,0,0,0,10,12,6
THPACK9-039,laff,15,1,0,0,6,10,12,6
THPACK9-039,laff,15,1,0,0,12,10,12,6
THPACK9-039,laff,15,1,0,0,18,10,12,6
THPACK9-039,laff,15,1,0,0,24,10,12,6
THPACK9-039,laff,16,1,0,0,0,10,12,6
THPACK9-039,laff,16,1,0,0,6,10,12,6
THPACK9-039,laff,16,1,0,0,12,10,12,6
THPACK9-039,laff,16,1,0,0,18,10,12,6
THPACK9-039,laff,16,1,0,0,24,10,12,6
THPACK9-039,laff,17,1,0,0,0,10,12,6
THPACK9-039,laff,17,1,0,0,6,10,12,6
THPACK9-039,laff,17,1,0,0,12,10,12,6
THPACK9-039,laff,17,1,0,0,18,10,12,6
THPACK9-039,laff,17,1,0,0,24,10,12,6
THPACK9-039,laff,18,1,0,0,0,10,12,6
THPACK9-039,laff,18,1,0,0,6,10,12,6
THPACK9-039,plain,0,2,0,0,0,14,14,8
THPACK9-039,plain,0,2,0,0,8,14,14,8
THPACK9-039,plain,0,2,0,0,16,14,14,8
THPACK9-039,plain,0,1,0,0,24,10,12,6
THPACK9-039,plain,0,0,10,0,24,4,8,6
THPACK9-039,plain,0,0,14,0,0,4,8,6
THPACK9-039,plain,0,0,14,0,6,4,8,6
THPACK9-039,plain,0,0,14,0,12,4,8,6
THPACK9-039,plain,0,0,14,0,18,4,8,6
THPACK9-039,plain,0,0,14,0,24,4,8,6
THPACK9-039,plain,0,0,14,8,0,4,8,6
THPACK9-039,plain,0,0,14,8,6,4,8,6
THPACK9-039,plain,0,0,14,8,12,4,8,6
THPACK9-039,plain,0,0,14,8,18,4,8,6
THPACK9-039,plain,0,0,10,8,24,8,6,4
THPACK9-039,plain,0,0,0,12,24,8,4,6
THPACK9-039,plain,1,2,0,0,0,14,14,8
THPACK9-039,plain,1,2,0,0,8,14,14,8
THPACK9-039,plain,1,2,0,0,16,14,14,8
THPACK9-039,plain,1,1,0,0,24,10,12,6
THPACK9-039,plain,1,0,10,0,24,4,8,6
THPACK9-039,plain,1,0,14,0,0,4,8,6
THPACK9-039,plain,1,0,14,0,6,4,8,6
THPACK9-039,plain,1,0,14,0,12,4,8,6
THPACK9-039,plain,1,0,14,0,18,4,8,6
THPACK9-039,plain,1,0,14,0,24,4,8,6
THPACK9-039,plain,1,0,14,8,0,4,8,6
THPACK9-039,plain,1,0,14,8,6,4,8,6
THPACK9-039,plain,1,0,14,8,12,4,8,6
THPACK9-039,plain,1,0,14,8,18,4,8,6
THPACK9-039,plain,1,0,10,8,24,8,6,4
THPACK9-039,plain,1,0,0,12,24,8,4,6
THPACK9-039,plain,2,2,0,0,0,14,14,8
THPACK9-039,plain,2,2,0,0,8,14,14,8
THPACK9-039,plain,2,2,0,0,16,14,14,8
THPACK9-039,plain,2,1,0,0,24,10,12,6
THPACK9-039,plain,2,0,10,0,24,4,8,6
THPACK9-039,plain,3,2,0,0,0,14,14,8
THPACK9-039,plain,3,2,0,0,8,14,14,8
THPACK9-039,plain,3,2,0,0,16,14,14,8
THPACK9-039,plain,3,1,0,0,24,10,12,6
THPACK9-039,plain,4,2,0,0,0,14,14,8
THPACK9-039,plain,4,2,0,0,8,14,14,8
THPACK9-039,plain,4,2,0,0,16,14,14,8
THPACK9-039,plain,4,1,0,0,24,10,12,6
THPACK9-039,plain,5,2,0,0,0,14,14,8
THPACK9-039,plain,5,2,0,0,8,14,14,8
THPACK9-039,plain,5,2,0,0,16,14,14,8
THPACK9-039,plain,5,1,0,0,24,10,12,6
THPACK9-039,plain,6,2,0,0,0,14,14,8
THPACK9-039,plain,6,2,0,0,8,14,14,8
THPACK9-039,plain,6,2,0,0,16,14,14,8
THPACK9-039,plain,6,1,0,0,24,10,12,6
THPACK9-039,plain,7,2,0,0,0,14,14,8
THPACK9-039,plain,7,2,0,0,8,14,14,8
THPACK9-039,plain,7,2,0,0,16,14,14,8
THPACK9-039,plain,7,1,0,0,24,10,12,6
THPACK9-039,plain,8,2,0,0,0,14,14,8
THPACK9-039,plain,8,2,0,0,8,14,14,8
THPACK9-039,plain,8,2,0,0,16,14,14,8
THPACK9-039,plain,8,1,0,0,24,10,12,6
THPACK9-039,plain,9,2,0,0,0,14,14,8
THPACK9-039,plain,9,2,0,0,8,14,14,8
THPACK9-039,plain,9,2,0,0,16,14,14,8
THPACK9-039,plain,9,1,0,0,24,10,12,6
THPACK9-039,plain,10,2,0,0,0,14,14,8
THPACK9-039,plain,10,2,0,0,8,14,14,8
THPACK9-039,plain,10,2,0,0,16,14,14,8
THPACK9-039,plain,10,1,0,0,24,10,12,6
THPACK9-039,plain,11,2,0,0,0,14,14,8
THPACK9-039,plain,11,2,0,0,8,14,14,8
THPACK9-039,plain,11,2,0,0,16,14,14,8
THPACK9-039,plain,11,1,0,0,24,10,12,6
THPACK9-039,plain,12,2,0,0,0,14,14,8
THPACK9-039,plain,12,2,0,0,8,14,14,8
THPACK9-039,plain,12,2,0,0,16,14,14,8
THPACK9-039,plain,12,1,0,0,24,10,12,6
THPACK9-039,plain,13,2,0,0,0,14,14,8
THPACK9-039,plain,13,2,0,0,8,14,14,8
THPACK9-039,plain,13,2,0,0,16,14,14,8
THPACK9-039,plain,13,1,0,0,24,10,12,6
THPACK9-039,plain,14,2,0,0,0,14,14,8
THPACK9-039,plain,14,2,0,0,8,14,14,8
THPACK9-039,plain,14,2,0,0,16,14,14,8
THPACK9-039,plain,14,1,0,0,24,10,12,6
THPACK9-039,plain,15,1,0,0,0,10,12,6
THPACK9-039,plain,15,1,0,0,6,10,12,6
THPACK9-039,plain,15,1,0,0,12,10,12,6
THPACK9-039,plain,15,1,0,0,18,10,12,6
THPACK9-039,plain,15,1,0,0,24,10,12,6
THPACK9-039,plain,15,1,10,0,0,6,12,10
THPACK9-039,plain,15,1,10,0,10,6,12,10
THPACK9-039,plain,15,1,10,0,20,6,12,10
THPACK9-039,plain,16,1,0,0,0,10,12,6
THPACK9-039,plain,16,1,0,0,6,10,12,6
THPACK9-039,plain,16,1,0,0,12,10,12,6
THPACK9-039,plain,16,1,0,0,18,10,12,6
THPACK9-039,plain,16,1,0,0,24,10,12,6
THPACK9-039,plain,16,1,10,0,0,6,12,10
THPACK9-039,plain,16,1,10,0,10,6,12,10
THPACK9-039,plain,16,1,10,0,20,6,12,10
THPACK9-039,plain,17,1,0,0,0,10,12,6
THPACK9-004,laff,0,2,0,0,0,12,12,8
THPACK9-004,laff,0,2,12,0,0,12,12,8
THPACK9-004,laff,0,2,0,0,8,12,12,8
THPACK9-004,laff,0,2,12,0,8,12,12,8
THPACK9-004,laff,1,2,0,0,0,12,12,8
THPACK9-004,laff,1,2,12,0,0,12,12,8
THPACK9-004,laff,1,2,0,0,8,12,12,8
THPACK9-004,laff,1,2,12,0,8,12,12,8
THPACK9-004,laff,2,2,0,0,0,12,12,8
THPACK9-004,laff,2,2,12,0,0,12,12,8
THPACK9-004,laff,2,2,0,0,8,12,12,8
THPACK9-004,laff,2,2,12,0,8,12,12,8
THPACK9-004,laff,3,2,0,0,0,12,12,8
THPACK9-004,laff,3,2,12,0,0,12,12,8
THPACK9-004,laff,3,2,0,0,8,12,12,8
THPACK9-004,laff,3,2,12,0,8,12,12,8
THPACK9-004,laff,4,2,0,0,0,12,12,8
THPACK9-004,laff,4,2,12,0,0,12,12,8
THPACK9-004,laff,4,2,0,0,8,12,12,8
THPACK9-004,laff,4,2,12,0,8,12,12,8
THPACK9-004,laff,5,2,0,0,0,12,12,8
THPACK9-004,laff,5,2,12,0,0,12,12,8
THPACK9-004,laff,5,2,0,0,8,12,12,8
THPACK9-004,laff,5,2,12,0,8,12,12,8
THPACK9-004,laff,6,2,0,0,0,12,12,8
THPACK9-004,laff,6,2,12,0,0,12,12,8
THPACK9-004,laff,6,2,0,0,8,12,12,8
THPACK9-004,laff,6,2,12,0,8,12,12,8
THPACK9-004,laff,7,2,0,0,0,12,12,8
THPACK9-004,laff,7,2,12,0,0,12,12,8
THPACK9-004,laff,7,2,0,0,8,12,12,8
THPACK9-004,laff,7,2,12,0,8,12,12,8
THPACK9-004,laff,8,2,0,0,0,12,12,8
THPACK9-004,laff,8,2,12,0,0,12,12,8
THPACK9-004,laff,8,2,0,0,8,12,12,8
THPACK9-004,laff,8,2,12,0,8,12,12,8
THPACK9-004,laff,9,2,0,0,0,12,12,8
THPACK9-004,laff,9,2,12,0,0,12,12,8
THPACK9-004,laff,9,2,0,0,8,12,12,8
THPACK9-004,laff,9,2,12,0,8,12,12,8
THPACK9-004,laff,10,2,0,0,0,12,12,8
THPACK9-004,laff,10,2,12,0,0,12,12,8
THPACK9-004,laff,10,2,0,0,8,12,12,8
THPACK9-004,laff,10,2,12,0,8,12,12,8
THPACK9-004,laff,11,2,0,0,0,12,12,8
THPACK9-004,laff,11,2,12,0,0,12,12,8
THPACK9-004,laff,11,2,0,0,8,12,12,8
THPACK9-004,laff,11,2,12,0,8,12,12,8
THPACK9-004,laff,12,2,0,0,0,12,12,8
THPACK9-004,laff,12,2,12,0,0,12,12,8
THPACK9-004,laff,12,0,0,0,8,16,8,4
THPACK9-004,laff,12,3,0,8,8,12,4,4
THPACK9-004,laff,12,3,12,8,8,12,4,4
THPACK9-004,laff,12,0,0,0,12,16,8,4
THPACK9-004,laff,12,3,0,8,12,12,4,4
THPACK9-004,laff,12,3,12,8,12,12,4,4
THPACK9-004,laff,13,0,0,0,0,16,8,4
THPACK9-004,laff,13,3,0,8,0,12,4,4
THPACK9-004,laff,13,3,12,8,0,12,4,4
THPACK9-004,laff,13,0,0,0,4,16,8,4
THPACK9-004,laff,13,3,0,8,4,12,4,4
THPACK9-004,laff,13,3,12,8,4,12,4,4
THPACK9-004,laff,13,0,0,0,8,16,8,4
THPACK9-004,laff,13,3,0,8,8,12,4,4
THPACK9-004,laff,13,3,12,8,8,12,4,4
THPACK9-004,laff,13,0,0,0,12,16,8,4
THPACK9-004,laff,13,3,0,8,12,12,4,4
THPACK9-004,laff,13,3,12,8,12,12,4,4
THPACK9-004,laff,14,0,0,0,0,16,8,4
THPACK9-004,laff,14,3,0,8,0,12,4,4
THPACK9-004,laff,14,3,12,8,0,12,4,4
THPACK9-004,laff,14,0,0,0,4,16,8,4
THPACK9-004,laff,14,3,0,8,4,12,4,4
THPACK9-004,laff,14,3,12,8,4,12,4,4
THPACK9-004,laff,14,0,0,0,8,16,8,4
THPACK9-004,laff,14,3,0,8,8,12,4,4
THPACK9-004,laff,14,3,12,8,8,12,4,4
THPACK9-004,laff,14,0,0,0,12,16,8,4
THPACK9-004,laff,14,3,0,8,12,12,4,4
THPACK9-004,laff,14,3,12,8,12,12,4,4
THPACK9-004,laff,15,0,0,0,0,16,8,4
THPACK9-004,laff,15,3,0,8,0,12,4,4
THPACK9-004,laff,15,3,12,8,0,12,4,4
THPACK9-004,laff,15,0,0,0,4,16,8,4
THPACK9-004,laff,15,3,0,8,4,12,4,4
THPACK9-004,laff,15,3,12,8,4,12,4,4
THPACK9-004,laff,15,0,0,0,8,16,8,4
THPACK9-004,laff,15,3,0,8,8,12,4,4
THPACK9-004,laff,15,0,0,0,12,16,8,4
THPACK9-004,laff,16,0,0,0,0,16,8,4
THPACK9-004,laff,16,0,0,0,4,16,8,4
THPACK9-004,laff,16,0,0,0,8,16,8,4
THPACK9-004,laff,16,0,0,0,12,16,8,4
THPACK9-004,laff,17,0,0,0,0,16,8,4
THPACK9-004,laff,17,0,0,0,4,16,8,4
THPACK9-004,laff,17,0,0,0,8,16,8,4
THPACK9-004,laff,17,0,0,0,12,16,8,4
THPACK9-004,laff,18,0,0,0,0,16,8,4
THPACK9-004,laff,18,0,0,0,4,16,8,4
THPACK9-004,laff,18,0,0,0,8,16,8,4
THPACK9-004,laff,18,0,0,0,12,16,8,4
THPACK9-004,laff,19,0,0,0,0,16,8,4
THPACK9-004,laff,19,0,0,0,4,16,8,4
THPACK9-004,laff,19,0,0,0,8,16,8,4
THPACK9-004,laff,19,0,0,0,12,16,8,4
THPACK9-004,laff,20,0,0,0,0,16,8,4
THPACK9-004,laff,20,0,0,0,4,16,8,4
THPACK9-004,laff,20,0,0,0,8,16,8,4
THPACK9-004,laff,20,0,0,0,12,16,8,4
THPACK9-004,laff,21,0,0,0,0,16,8,4
THPACK9-004,laff,21,0,0,0,4,16,8,4
THPACK9-004,laff,21,0,0,0,8,16,8,4
THPACK9-004,laff,21,0,0,0,12,16,8,4
THPACK9-004,laff,22,0,0,0,0,16,8,4
THPACK9-004,laff,22,0,0,0,4,16,8,4
THPACK9-004,laff,22,0,0,0,8,16,8,4
THPACK9-004,laff,22,0,0,0,12,16,8,4
THPACK9-004,laff,23,0,0,0,0,16,8,4
THPACK9-004,laff,23,0,0,0,4,16,8,4
THPACK9-004,laff,23,0,0,0,8,16,8,4
THPACK9-004,laff,24,1,0,0,0,8,8,8
THPACK9-004,laff,24,1,8,0,0,8,8,8
THPACK9-004,laff,24,1,16,0,0,8,8,8
THPACK9-004,laff,24,1,0,0,8,8,8,8
THPACK9-004,laff,24,1,8,0,8,8,8,8
THPACK9-004,laff,24,1,16,0,8,8,8,8
THPACK9-004,laff,25,1,0,0,0,8,8,8
THPACK9-004,laff,25,1,8,0,0,8,8,8
THPACK9-004,laff,25,1,16,0,0,8,8,8
THPACK9-004,laff,25,1,0,0,8,8,8,8
THPACK9-004,laff,25,1,8,0,8,8,8,8
THPACK9-004,laff,25,1,16,0,8,8,8,8
THPACK9-004,laff,26,1,0,0,0,8,8,8
THPACK9-004,laff,26,1,8,0,0,8,8,8
THPACK9-004,laff,26,1,16,0,0,8,8,8
THPACK9-004,laff,26,1,0,0,8,8,8,8
THPACK9-004,laff,26,1,8,0,8,8,8,8
THPACK9-004,laff,26,1,16,0,8,8,8,8
THPACK9-004,laff,27,1,0,0,0,8,8,8
THPACK9-004,laff,27,1,8,0,0,8,8,8
THPACK9-004,laff,27,1,16,0,0,8,8,8
THPACK9-004,laff,27,1,0,0,8,8,8,8
THPACK9-004,laff,27,1,8,0,8,8,8,8
THPACK9-004,laff,27,1,16,0,8,8,8,8
THPACK9-004,laff,28,1,0,0,0,8,8,8
THPACK9-004,laff,28,1,8,0,0,8,8,8
THPACK9-004,laff,28,1,16,0,0,8,8,8
THPACK9-004,laff,28,1,0,0,8,8,8,8
THPACK9-004,laff,28,1,8,0,8,8,8,8
THPACK9-004,laff,28,1,16,0,8,8,8,8
THPACK9-004,laff,29,1,0,0,0,8,8,8
THPACK9-004,laff,29,1,8,0,0,8,8,8
THPACK9-004,laff,29,1,16,0,0,8,8,8
THPACK9-004,laff,29,1,0,0,8,8,8,8
THPACK9-004,laff,29,1,8,0,8,8,8,8
THPACK9-004,laff,29,1,16,0,8,8,8,8
THPACK9-004,laff,30,1,0,0,0,8,8,8
THPACK9-004,laff,30,1,8,0,0,8,8,8
THPACK9-004,laff,30,1,16,0,0,8,8,8
THPACK9-004,laff,30,1,0,0,8,8,8,8
THPACK9-004,laff,30,1,8,0,8,8,8,8
THPACK9-004,laff,30,1,16,0,8,8,8,8
THPACK9-004,laff,31,1,0,0,0,8,8,8
THPACK9-004,laff,31,1,8,0,0,8,8,8
THPACK9-004,laff,31,1,16,0,0,8,8,8
THPACK9-004,laff,31,1,0,0,8,8,8,8
THPACK9-004,laff,31,1,8,0,8,8,8,8
THPACK9-004,laff,31,1,16,0,8,8,8,8
THPACK9-004,laff,32,1,0,0,0,8,8,8
THPACK9-004,laff,32,1,8,0,0,8,8,8
THPACK9-004,laff,32,1,16,0,0,8,8,8
THPACK9-004,laff,32,1,0,0,8,8,8,8
THPACK9-004,laff,32,1,8,0,8,8,8,8
THPACK9-004,laff,32,1,16,0,8,8,8,8
THPACK9-004,laff,33,1,0,0,0,8,8,8
THPACK9-004,laff,33,1,8,0,0,8,8,8
THPACK9-004,laff,33,1,16,0,0,8,8,8
THPACK9-004,laff,33,1,0,0,8,8,8,8
THPACK9-004,laff,33,1,8,0,8,8,8,8
THPACK9-004,laff,33,1,16,0,8,8,8,8
THPACK9-004,plain,0,2,0,0,0,12,12,8
THPACK9-004,plain,0,2,0,0,8,12,12,8
THPACK9-004,plain,0,2,12,0,0,12,12,8
THPACK9-004,plain,0,2,12,0,8,12,12,8
THPACK9-004,plain,1,2,0,0,0,12,12,8
THPACK9-004,plain,1,2,0,0,8,12,12,8
THPACK9-004,plain,1,2,12,0,0,12,12,8
THPACK9-004,plain,1,2,12,0,8,12,12,8
THPACK9-004,plain,2,2,0,0,0,12,12,8
THPACK9-004,plain,2,2,0,0,8,12,12,8
THPACK9-004,plain,2,2,12,0,0,12,12,8
THPACK9-004,plain,2,2,12,0,8,12,12,8
THPACK9-004,plain,3,2,0,0,0,12,12,8
THPACK9-004,plain,3,2,0,0,8,12,12,8
THPACK9-004,plain,3,2,12,0,0,12,12,8
THPACK9-004,plain,3,2,12,0,8,12,12,8
THPACK9-004,plain,4,2,0,0,0,12,12,8
THPACK9-004,plain,4,2,0,0,8,12,12,8
THPACK9-004,plain,4,2,12,0,0,12,12,8
THPACK9-004,plain,4,2,12,0,8,12,12,8
THPACK9-004,plain,5,2,0,0,0,12,12,8
THPACK9-004,plain,5,2,0,0,8,12,12,8
THPACK9-004,plain,5,2,12,0,0,12,12,8
THPACK9-004,plain,5,2,12,0,8,12,12,8
THPACK9-004,plain,6,2,0,0,0,12,12,8
THPACK9-004,plain,6,2,0,0,8,12,12,8
THPACK9-004,plain,6,2,12,0,0,12,12,8
THPACK9-004,plain,6,2,12,0,8,12,12,8
THPACK9-004,plain,7,2,0,0,0,12,12,8
THPACK9-004,plain,7,2,0,0,8,12,12,8
THPACK9-004,plain,7,2,12,0,0,12,12,8
THPACK9-004,plain,7,2,12,0,8,12,12,8
THPACK9-004,plain,8,2,0,0,0,12,12,8
THPACK9-004,plain,8,2,0,0,8,12,12,8
THPACK9-004,plain,8,2,12,0,0,12,12,8
THPACK9-004,plain,8,2,12,0,8,12,12,8
THPACK9-004,plain,9,2,0,0,0,12,12,8
THPACK9-004,plain,9,2,0,0,8,12,12,8
THPACK9-004,plain,9,2,12,0,0,12,12,8
THPACK9-004,plain,9,2,12,0,8,12,12,8
THPACK9-004,plain,10,2,0,0,0,12,12,8
THPACK9-004,plain,10,2,0,0,8,12,12,8
THPACK9-004,plain,10,2,12,0,0,12,12,8
THPACK9-004,plain,10,2,12,0,8,12,12,8
THPACK9-004,plain,11,2,0,0,0,12,12,8
THPACK9-004,plain,11,2,0,0,8,12,12,8
THPACK9-004,plain,11,2,12,0,0,12,12,8
THPACK9-004,plain,11,2,12,0,8,12,12,8
THPACK9-004,plain,12,2,0,0,0,12,12,8
THPACK9-004,plain,12,2,0,0,8,12,12,8
THPACK9-004,plain,12,0,12,0,0,8,4,16
THPACK9-004,plain,12,0,12,4,0,8,4,16
THPACK9-004,plain,12,0,12,8,0,8,4,16
THPACK9-004,plain,12,0,20,0,0,4,8,16
THPACK9-004,plain,12,3,20,8,0,4,4,12
THPACK9-004,plain,13,0,0,0,0,16,8,4
THPACK9-004,plain,13,0,0,0,4,16,8,4
THPACK9-004,plain,13,0,0,0,8,16,8,4
THPACK9-004,plain,13,0,0,0,12,16,8,4
THPACK9-004,plain,13,0,0,8,0,16,4,8
THPACK9-004,plain,13,0,0,8,8,16,4,8
THPACK9-004,plain,13,0,16,0,0,8,4,16
THPACK9-004,plain,13,0,16,4,0,8,4,16
THPACK9-004,plain,13,0,16,8,0,8,4,16
THPACK9-004,plain,14,0,0,0,0,16,8,4
THPACK9-004,plain,14,0,0,0,4,16,8,4
THPACK9-004,plain,14,0,0,0,8,16,8,4
THPACK9-004,plain,14,0,0,0,12,16,8,4
THPACK9-004,plain,14,0,0,8,0,16,4,8
THPACK9-004,plain,14,0,0,8,8,16,4,8
THPACK9-004,plain,14,0,16,0,0,8,4,16
THPACK9-004,plain,14,0,16,4,0,8,4,16
THPACK9-004,plain,14,0,16,8,0,8,4,16
THPACK9-004,plain,15,0,0,0,0,16,8,4
THPACK9-004,plain,15,0,0,0,4,16,8,4
THPACK9-004,plain,15,0,0,0,8,16,8,4
THPACK9-004,plain,15,0,0,0,12,16,8,4
THPACK9-004,plain,15,0,0,8,0,16,4,8
THPACK9-004,plain,15,0,0,8,8,16,4,8
THPACK9-004,plain,15,0,16,0,0,8,4,16
THPACK9-004,plain,15,0,16,4,0,8,4,16
THPACK9-004,plain,15,0,16,8,0,8,4,16
THPACK9-004,plain,16,0,0,0,0,16,8,4
THPACK9-004,plain,16,0,0,0,4,16,8,4
THPACK9-004,plain,16,0,0,0,8,16,8,4
THPACK9-004,plain,16,0,0,0,12,16,8,4
THPACK9-004,plain,16,0,0,8,0,16,4,8
THPACK9-004,plain,16,0,0,8,8,16,4,8
THPACK9-004,plain,16,0,16,0,0,8,4,16
THPACK9-004,plain,16,0,16,4,0,8,4,16
THPACK9-004,plain,16,0,16,8,0,8,4,16
THPACK9-004,plain,17,0,0,0,0,16,8,4
THPACK9-004,plain,17,0,0,0,4,16,8,4
THPACK9-004,plain,17,0,0,0,8,16,8,4
THPACK9-004,plain,17,0,0,0,12,16,8,4
THPACK9-004,plain,17,0,0,8,0,16,4,8
THPACK9-004,plain,17,1,16,0,0,8,8,8
THPACK9-004,plain,17,1,16,0,8,8,8,8
THPACK9-004,plain,17,3,0,8,8,12,4,4
THPACK9-004,plain,17,3,0,8,12,12,4,4
THPACK9-004,plain,17,3,16,8,0,4,4,12
THPACK9-004,plain,17,3,20,8,0,4,4,12
THPACK9-004,plain,17,3,12,8,12,12,4,4
THPACK9-004,plain,18,1,0,0,0,8,8,8
THPACK9-004,plain,18,1,0,0,8,8,8,8
THPACK9-004,plain,18,1,8,0,0,8,8,8
THPACK9-004,plain,18,1,8,0,8,8,8,8
THPACK9-004,plain,18,1,16,0,0,8,8,8
THPACK9-004,plain,18,1,16,0,8,8,8,8
THPACK9-004,plain,18,3,0,8,0,12,4,4
THPACK9-004,plain,18,3,0,8,4,12,4,4
THPACK9-004,plain,18,3,0,8,8,12,4,4
THPACK9-004,plain,18,3,0,8,12,12,4,4
THPACK9-004,plain,18,3,12,8,0,12,4,4
THPACK9-004,plain,18,3,12,8,4,12,4,4
THPACK9-004,plain,18,3,12,8,8,12,4,4
THPACK9-004,plain,18,3,12,8,12,12,4,4
THPACK9-004,plain,19,1,0,0,0,8,8,8
THPACK9-004,plain,19,1,0,0,8,8,8,8
THPACK9-004,plain,19,1,8,0,0,8,8,8
THPACK9-004,plain,19,1,8,0,8,8,8,8
THPACK9-004,plain,19,1,16,0,0,8,8,8
THPACK9-004,plain,19,1,16,0,8,8,8,8
THPACK9-004,plain,19,3,0,8,0,12,4,4
THPACK9-004,plain,19,3,0,8,4,12,4,4
THPACK9-004,plain,19,3,0,8,8,12,4,4
THPACK9-004,plain,19,3,0,8,12,12,4,4
THPACK9-004,plain,19,3,12,8,0,12,4,4
THPACK9-004,plain,19,3,12,8,4,12,4,4
THPACK9-004,plain,19,3,12,8,8,12,4,4
THPACK9-004,plain,19,3,12,8,12,12,4,4
THPACK9-004,plain,20,1,0,0,0,8,8,8
THPACK9-004,plain,20,1,0,0,8,8,8,8
THPACK9-004,plain,20,1,8,0,0,8,8,8
THPACK9-004,plain,20,1,8,0,8,8,8,8
THPACK9-004,plain,20,1,16,0,0,8,8,8
THPACK9-004,plain,20,1,16,0,8,8,8,8
THPACK9-004,plain,20,3,0,8,0,12,4,4
THPACK9-004,plain,20,3,0,8,4,12,4,4
THPACK9-004,plain,20,3,0,8,8,12,4,4
THPACK9-004,plain,21,1,0,0,0,8,8,8
THPACK9-004,plain,21,1,0,0,8,8,8,8
THPACK9-004,plain,21,1,8,0,0,8,8,8
THPACK9-004,plain,21,1,8,0,8,8,8,8
THPACK9-004,plain,21,1,16,0,0,8,8,8
THPACK9-004,plain,21,1,16,0,8,8,8,8
THPACK9-004,plain,22,1,0,0,0,8,8,8
THPACK9-004,plain,22,1,0,0,8,8,8,8
THPACK9-004,plain,22,1,8,0,0,8,8,8
THPACK9-004,plain,22,1,8,0,8,8,8,8
THPACK9-004,plain,22,1,16,0,0,8,8,8
THPACK9-004,plain,22,1,16,0,8,8,8,8
THPACK9-004,plain,23,1,0,0,0,8,8,8
THPACK9-004,plain,23,1,0,0,8,8,8,8
THPACK9-004,plain,23,1,8,0,0,8,8,8
THPACK9-004,plain,23,1,8,0,8,8,8,8
THPACK9-004,plain,23,1,16,0,0,8,8,8
THPACK9-004,plain,23,1,16,0,8,8,8,8
THPACK9-004,plain,24,1,0,0,0,8,8,8
THPACK9-004,plain,24,1,0,0,8,8,8,8
THPACK9-004,plain,24,1,8,0,0,8,8,8
THPACK9-004,plain,24,1,8,0,8,8,8,8
THPACK9-004,plain,24,1,16,0,0,8,8,8
THPACK9-004,plain,24,1,16,0,8,8,8,8
THPACK9-004,plain,25,1,0,0,0,8,8,8
THPACK9-004,plain,25,1,0,0,8,8,8,8
THPACK9-004,plain,25,1,8,0,0,8,8,8
THPACK9-004,plain,25,1,8,0,8,8,8,8
THPACK9-004,plain,25,1,16,0,0,8,8,8
THPACK9-004,plain,25,1,16,0,8,8,8,8
THPACK9-004,plain,26,1,0,0,0,8,8,8
THPACK9-004,plain,26,1,0,0,8,8,8,8
THPACK9-004,plain,26,1,8,0,0,8,8,8
THPACK9-004,plain,26,1,8,0,8,8,8,8
THPACK9-004,plain,26,1,16,0,0,8,8,8
THPACK9-004,plain,26,1,16,0,8,8,8,8
THPACK9-004,plain,27,1,0,0,0,8,8,8
THPACK9-004,plain,27,1,0,0,8,8,8,8
THPACK9-004,plain,27,1,8,0,0,8,8,8
THPACK9-004,plain,27,1,8,0,8,8,8,8
THPACK9-040,laff,0,1,0,0,0,12,10,8
THPACK9-040,laff,0,1,12,0,0,12,10,8
THPACK9-040,laff,0,2,0,10,0,5,4,7
THPACK9-040,laff,0,2,5,10,0,5,4,7
THPACK9-040,laff,0,2,10,10,0,5,4,7
THPACK9-040,laff,0,2,15,10,0,5,4,7
THPACK9-040,laff,0,2,20,10,0,5,4,7
THPACK9-040,laff,0,2,24,0,0,4,5,7
THPACK9-040,laff,0,2,24,5,0,4,5,7
THPACK9-040,laff,0,1,0,0,8,12,10,8
THPACK9-040,laff,0,1,12,0,8,12,10,8
THPACK9-040,laff,0,2,0,10,8,5,4,7
THPACK9-040,laff,0,2,5,10,8,5,4,7
THPACK9-040,laff,0,2,10,10,8,5,4,7
THPACK9-040,laff,0,2,15,10,8,5,4,7
THPACK9-040,laff,0,2,20,10,8,5,4,7
THPACK9-040,laff,0,2,24,0,8,4,5,7
THPACK9-040,laff,0,2,24,5,8,4,5,7
THPACK9-040,laff,1,1,0,0,0,12,10,8
THPACK9-040,laff,1,1,12,0,0,12,10,8
THPACK9-040,laff,1,2,0,10,0,5,4,7
THPACK9-040,laff,1,1,0,0,8,12,10,8
THPACK9-040,laff,1,1,12,0,8,12,10,8
THPACK9-040,laff,2,1,0,0,0,12,10,8
THPACK9-040,laff,2,1,12,0,0,12,10,8
THPACK9-040,laff,2,1,0,0,8,12,10,8
THPACK9-040,laff,2,1,12,0,8,12,10,8
THPACK9-040,laff,3,1,0,0,0,12,10,8
THPACK9-040,laff,3,1,12,0,0,12,10,8
THPACK9-040,laff,3,1,0,0,8,12,10,8
THPACK9-040,laff,3,1,12,0,8,12,10,8
THPACK9-040,laff,4,1,0,0,0,12,10,8
THPACK9-040,laff,4,1,12,0,0,12,10,8
THPACK9-040,laff,4,1,0,0,8,12,10,8
THPACK9-040,laff,4,1,12,0,8,12,10,8
THPACK9-040,laff,5,1,0,0,0,12,10,8
THPACK9-040,laff,5,1,12,0,0,12,10,8
THPACK9-040,laff,5,1,0,0,8,12,10,8
THPACK9-040,laff,5,1,12,0,8,12,10,8
THPACK9-040,laff,6,1,0,0,0,12,10,8
THPACK9-040,laff,6,3,12,0,0,11,9,7
THPACK9-040,laff,6,3,0,0,8,11,9,7
THPACK9-040,laff,6,3,11,0,8,11,9,7
THPACK9-040,laff,6,0,22,0,8,6,9,6
THPACK9-040,laff,7,3,0,0,0,11,9,7
THPACK9-040,laff,7,3,11,0,0,11,9,7
THPACK9-040,laff,7,0,22,0,0,6,9,6
THPACK9-040,laff,7,3,0,0,7,11,9,7
THPACK9-040,laff,7,3,11,0,7,11,9,7
THPACK9-040,laff,7,0,22,0,7,6,9,6
THPACK9-040,laff,8,3,0,0,0,11,9,7
THPACK9-040,laff,8,3,11,0,0,11,9,7
THPACK9-040,laff,8,0,22,0,0,6,9,6
THPACK9-040,laff,8,3,0,0,7,11,9,7
THPACK9-040,laff,8,3,11,0,7,11,9,7
THPACK9-040,laff,8,0,22,0,7,6,9,6
THPACK9-040,laff,9,3,0,0,0,11,9,7
THPACK9-040,laff,9,3,11,0,0,11,9,7
THPACK9-040,laff,9,0,22,0,0,6,9,6
THPACK9-040,laff,9,3,0,0,7,11,9,7
THPACK9-040,laff,9,3,11,0,7,11,9,7
THPACK9-040,laff,9,0,22,0,7,6,9,6
THPACK9-040,laff,10,3,0,0,0,11,9,7
THPACK9-040,laff,10,3,11,0,0,11,9,7
THPACK9-040,laff,10,0,22,0,0,6,9,6
THPACK9-040,laff,10,3,0,0,7,11,9,7
THPACK9-040,laff,10,3,11,0,7,11,9,7
THPACK9-040,laff,10,0,22,0,7,6,9,6
THPACK9-040,laff,11,3,0,0,0,11,9,7
THPACK9-040,laff,11,0,11,0,0,6,9,6
THPACK9-040,laff,11,0,17,0,0,6,9,6
THPACK9-040,laff,11,0,0,0,7,6,9,6
THPACK9-040,laff,11,0,6,0,7,6,9,6
THPACK9-040,laff,11,0,12,0,7,6,9,6
THPACK9-040,laff,11,0,18,0,7,6,9,6
THPACK9-040,laff,12,0,0,0,0,6,9,6
THPACK9-040,laff,12,0,6,0,0,6,9,6
THPACK9-040,laff,12,0,12,0,0,6,9,6
THPACK9-040,laff,12,0,18,0,0,6,9,6
THPACK9-040,laff,12,0,0,0,6,6,9,6
THPACK9-040,laff,12,0,6,0,6,6,9,6
THPACK9-040,laff,12,0,12,0,6,6,9,6
THPACK9-040,laff,12,0,18,0,6,6,9,6
THPACK9-040,laff,12,0,0,0,12,6,9,6
THPACK9-040,laff,12,0,6,0,12,6,9,6
THPACK9-040,plain,0,1,0,0,0,12,10,8
THPACK9-040,plain,0,1,0,0,8,12,10,8
THPACK9-040,plain,0,1,12,0,0,12,10,8
THPACK9-040,plain,0,1,12,0,8,12,10,8
THPACK9-040,plain,0,2,0,10,0,7,4,5
THPACK9-040,plain,0,2,0,10,5,7,4,5
THPACK9-040,plain,0,2,0,10,10,7,4,5
THPACK9-040,plain,0,2,7,10,0,7,4,5
THPACK9-040,plain,0,2,7,10,5,7,4,5
THPACK9-040,plain,0,2,7,10,10,7,4,5
THPACK9-040,plain,0,2,14,10,0,7,4,5
THPACK9-040,plain,0,2,14,10,5,7,4,5
THPACK9-040,plain,0,2,14,10,10,7,4,5
THPACK9-040,plain,0,2,21,10,0,7,4,5
THPACK9-040,plain,0,2,21,10,5,7,4,5
THPACK9-040,plain,0,2,21,10,10,7,4,5
THPACK9-040,plain,0,2,24,0,0,4,7,5
THPACK9-040,plain,0,2,24,0,5,4,7,5
THPACK9-040,plain,0,2,24,0,10,4,7,5
THPACK9-040,plain,1,1,0,0,0,12,10,8
THPACK9-040,plain,1,1,0,0,8,12,10,8
THPACK9-040,plain,1,1,12,0,0,12,10,8
THPACK9-040,plain,1,1,12,0,8,12,10,8
THPACK9-040,plain,2,1,0,0,0,12,10,8
THPACK9-040,plain,2,1,0,0,8,12,10,8
THPACK9-040,plain,2,1,12,0,0,12,10,8
THPACK9-040,plain,2,1,12,0,8,12,10,8
THPACK9-040,plain,3,1,0,0,0,12,10,8
THPACK9-040,plain,3,1,0,0,8,12,10,8
THPACK9-040,plain,3,1,12,0,0,12,10,8
THPACK9-040,plain,3,1,12,0,8,12,10,8
THPACK9-040,plain,4,1,0,0,0,12,10,8
THPACK9-040,plain,4,1,0,0,8,12,10,8
THPACK9-040,plain,4,1,12,0,0,12,10,8
THPACK9-040,plain,4,1,12,0,8,12,10,8
THPACK9-040,plain,5,1,0,0,0,12,10,8
THPACK9-040,plain,5,1,0,0,8,12,10,8
THPACK9-040,plain,5,1,12,0,0,12,10,8
THPACK9-040,plain,5,1,12,0,8,12,10,8
THPACK9-040,plain,6,1,0,0,0,12,10,8
THPACK9-040,plain,6,3,0,0,8,11,9,7
THPACK9-040,plain,6,3,12,0,0,11,9,7
THPACK9-040,plain,6,3,12,0,7,11,9,7
THPACK9-040,plain,7,3,0,0,0,11,9,7
THPACK9-040,plain,7,3,0,0,7,11,9,7
THPACK9-040,plain,7,3,11,0,0,11,9,7
THPACK9-040,plain,7,3,11,0,7,11,9,7
THPACK9-040,plain,7,0,22,0,0,6,9,6
THPACK9-040,plain,7,0,22,0,6,6,9,6
THPACK9-040,plain,7,0,22,0,12,6,9,6
THPACK9-040,plain,8,3,0,0,0,11,9,7
THPACK9-040,plain,8,3,0,0,7,11,9,7
THPACK9-040,plain,8,3,11,0,0,11,9,7
THPACK9-040,plain,8,3,11,0,7,11,9,7
THPACK9-040,plain,8,0,22,0,0,6,9,6
THPACK9-040,plain,8,0,22,0,6,6,9,6
THPACK9-040,plain,8,0,22,0,12,6,9,6
THPACK9-040,plain,9,3,0,0,0,11,9,7
THPACK9-040,plain,9,3,0,0,7,11,9,7
THPACK9-040,plain,9,3,11,0,0,11,9,7
THPACK9-040,plain,9,3,11,0,7,11,9,7
THPACK9-040,plain,9,0,22,0,0,6,9,6
THPACK9-040,plain,9,0,22,0,6,6,9,6
THPACK9-040,plain,9,0,22,0,12,6,9,6
THPACK9-040,plain,10,3,0,0,0,11,9,7
THPACK9-040,plain,10,3,0,0,7,11,9,7
THPACK9-040,plain,10,3,11,0,0,11,9,7
THPACK9-040,plain,10,3,11,0,7,11,9,7
THPACK9-040,plain,10,0,22,0,0,6,9,6
THPACK9-040,plain,10,0,22,0,6,6,9,6
THPACK9-040,plain,10,0,22,0,12,6,9,6
THPACK9-040,plain,11,3,0,0,0,11,9,7
THPACK9-040,plain,11,0,0,0,7,6,9,6
THPACK9-040,plain,11,0,11,0,0,6,9,6
THPACK9-040,plain,11,0,11,0,6,6,9,6
THPACK9-040,plain,11,0,17,0,0,6,9,6
THPACK9-040,plain,11,0,17,0,6,6,9,6
THPACK9-040,plain,11,0,6,0,12,9,6,6
THPACK9-040,plain,11,0,15,0,12,6,9,6
THPACK9-040,plain,11,0,21,0,12,6,9,6
THPACK9-040,plain,11,0,6,6,12,9,6,6
THPACK9-040,plain,12,0,0,0,0,6,9,6
THPACK9-040,plain,12,0,0,0,6,6,9,6
THPACK9-040,plain,12,0,0,0,12,6,9,6
THPACK9-040,plain,12,0,6,0,0,6,9,6
THPACK9-041,laff,0,1,0,0,0,12,10,8
THPACK9-041,laff,0,1,0,0,8,12,10,8
THPACK9-041,laff,0,2,0,0,16,5,7,4
THPACK9-041,laff,0,2,0,7,16,7,5,4
THPACK9-041,laff,0,2,5,0,16,5,7,4
THPACK9-041,laff,0,2,7,7,16,7,5,4
THPACK9-041,laff,0,2,10,0,16,5,7,4
THPACK9-041,laff,1,1,0,0,0,12,10,8
THPACK9-041,laff,1,1,0,0,8,12,10,8
THPACK9-041,laff,1,2,0,0,16,5,7,4
THPACK9-041,laff,1,2,0,7,16,7,5,4
THPACK9-041,laff,1,2,5,0,16,5,7,4
THPACK9-041,laff,1,2,7,7,16,7,5,4
THPACK9-041,laff,1,2,10,0,16,5,7,4
THPACK9-041,laff,2,1,0,0,0,12,10,8
THPACK9-041,laff,2,1,0,0,8,12,10,8
THPACK9-041,laff,2,2,0,0,16,5,7,4
THPACK9-041,laff,2,2,0,7,16,7,5,4
THPACK9-041,laff,2,2,5,0,16,5,7,4
THPACK9-041,laff,2,2,7,7,16,7,5,4
THPACK9-041,laff,2,2,10,0,16,5,7,4
THPACK9-041,laff,3,1,0,0,0,12,10,8
THPACK9-041,laff,3,1,0,0,8,12,10,8
THPACK9-041,laff,4,1,0,0,0,12,10,8
THPACK9-041,laff,4,1,0,0,8,12,10,8
THPACK9-041,laff,5,1,0,0,0,12,10,8
THPACK9-041,laff,5,1,0,0,8,12,10,8
THPACK9-041,laff,6,1,0,0,0,12,10,8
THPACK9-041,laff,6,1,0,0,8,12,10,8
THPACK9-041,laff,7,1,0,0,0,12,10,8
THPACK9-041,laff,7,1,0,0,8,12,10,8
THPACK9-041,laff,8,1,0,0,0,12,10,8
THPACK9-041,laff,8,1,0,0,8,12,10,8
THPACK9-041,laff,9,1,0,0,0,12,10,8
THPACK9-041,laff,9,1,0,0,8,12,10,8
THPACK9-041,laff,10,1,0,0,0,12,10,8
THPACK9-041,laff,10,1,0,0,8,12,10,8
THPACK9-041,laff,11,1,0,0,0,12,10,8
THPACK9-041,laff,11,1,0,0,8,12,10,8
THPACK9-041,laff,12,1,0,0,0,12,10,8
THPACK9-041,laff,12,3,0,0,8,11,9,7
THPACK9-041,laff,13,3,0,0,0,11,9,7
THPACK9-041,laff,13,3,0,0,7,11,9,7
THPACK9-041,laff,13,0,0,0,14,6,9,6
THPACK9-041,laff,13,0,6,0,14,6,9,6
THPACK9-041,laff,14,3,0,0,0,11,9,7
THPACK9-041,laff,14,3,0,0,7,11,9,7
THPACK9-041,laff,14,0,0,0,14,6,9,6
THPACK9-041,laff,14,0,6,0,14,6,9,6
THPACK9-041,laff,15,3,0,0,0,11,9,7
THPACK9-041,laff,15,3,0,0,7,11,9,7
THPACK9-041,laff,15,0,0,0,14,6,9,6
THPACK9-041,laff,15,0,6,0,14,6,9,6
THPACK9-041,laff,16,3,0,0,0,11,9,7
THPACK9-041,laff,16,3,0,0,7,11,9,7
THPACK9-041,laff,16,0,0,0,14,6,9,6
THPACK9-041,laff,16,0,6,0,14,6,9,6
THPACK9-041,laff,17,3,0,0,0,11,9,7
THPACK9-041,laff,17,3,0,0,7,11,9,7
THPACK9-041,laff,17,0,0,0,14,6,9,6
THPACK9-041,laff,17,0,6,0,14,6,9,6
THPACK9-041,laff,18,3,0,0,0,11,9,7
THPACK9-041,laff,18,3,0,0,7,11,9,7
THPACK9-041,laff,18,0,0,0,14,6,9,6
THPACK9-041,laff,18,0,6,0,14,6,9,6
THPACK9-041,laff,19,3,0,0,0,11,9,7
THPACK9-041,laff,19,3,0,0,7,11,9,7
THPACK9-041,laff,19,0,0,0,14,6,9,6
THPACK9-041,laff,19,0,6,0,14,6,9,6
THPACK9-041,laff,20,3,0,0,0,11,9,7
THPACK9-041,laff,20,3,0,0,7,11,9,7
THPACK9-041,laff,20,0,0,0,14,6,9,6
THPACK9-041,laff,20,0,6,0,14,6,9,6
THPACK9-041,laff,21,3,0,0,0,11,9,7
THPACK9-041,laff,21,3,0,0,7,11,9,7
THPACK9-041,laff,21,0,0,0,14,6,9,6
THPACK9-041,laff,21,0,6,0,14,6,9,6
THPACK9-041,laff,22,3,0,0,0,11,9,7
THPACK9-041,laff,22,0,0,0,7,6,9,6
THPACK9-041,laff,22,0,6,0,7,6,9,6
THPACK9-041,laff,22,0,0,0,13,6,9,6
THPACK9-041,laff,22,0,6,0,13,6,9,6
THPACK9-041,laff,23,0,0,0,0,6,9,6
THPACK9-041,laff,23,0,6,0,0,6,9,6
THPACK9-041,laff,23,0,0,0,6,6,9,6
THPACK9-041,plain,0,1,0,0,0,12,10,8
THPACK9-041,plain,0,1,0,0,8,12,10,8
THPACK9-041,plain,0,2,0,0,16,5,7,4
THPACK9-041,plain,0,2,5,0,16,5,7,4
THPACK9-041,plain,0,2,0,7,16,7,5,4
THPACK9-041,plain,0,2,7,7,16,7,5,4
THPACK9-041,plain,0,2,10,0,16,5,7,4
THPACK9-041,plain,1,1,0,0,0,12,10,8
THPACK9-041,plain,1,1,0,0,8,12,10,8
THPACK9-041,plain,1,2,0,0,16,5,7,4
THPACK9-041,plain,1,2,5,0,16,5,7,4
THPACK9-041,plain,1,2,0,7,16,7,5,4
THPACK9-041,plain,1,2,7,7,16,7,5,4
THPACK9-041,plain,1,2,10,0,16,5,7,4
THPACK9-041,plain,2,1,0,0,0,12,10,8
THPACK9-041,plain,2,1,0,0,8,12,10,8
THPACK9-041,plain,2,2,0,0,16,5,7,4
THPACK9-041,plain,2,2,5,0,16,5,7,4
THPACK9-041,plain,2,2,0,7,16,7,5,4
THPACK9-041,plain,2,2,7,7,16,7,5,4
THPACK9-041,plain,2,2,10,0,16,5,7,4
THPACK9-041,plain,3,1,0,0,0,12,10,8
THPACK9-041,plain,3,1,0,0,8,12,10,8
THPACK9-041,plain,4,1,0,0,0,12,10,8
THPACK9-041,plain,4,1,0,0,8,12,10,8
THPACK9-041,plain,5,1,0,0,0,12,10,8
THPACK9-041,plain,5,1,0,0,8,12,10,8
THPACK9-041,plain,6,1,0,0,0,12,10,8
THPACK9-041,plain,6,1,0,0,8,12,10,8
THPACK9-041,plain,7,1,0,0,0,12,10,8
THPACK9-041,plain,7,1,0,0,8,12,10,8
THPACK9-041,plain,8,1,0,0,0,12,10,8
THPACK9-041,plain,8,1,0,0,8,12,10,8
THPACK9-041,plain,9,1,0,0,0,12,10,8
THPACK9-041,plain,9,1,0,0,8,12,10,8
THPACK9-041,plain,10,1,0,0,0,12,10,8
THPACK9-041,plain,10,1,0,0,8,12,10,8
THPACK9-041,plain,11,1,0,0,0,12,10,8
THPACK9-041,plain,11,1,0,0,8,12,10,8
THPACK9-041,plain,12,1,0,0,0,12,10,8
THPACK9-041,plain,12,3,0,0,8,11,9,7
THPACK9-041,plain,13,3,0,0,0,11,9,7
THPACK9-041,plain,13,3,0,0,7,11,9,7
THPACK9-041,plain,13,0,0,0,14,6,9,6
THPACK9-041,plain,13,0,6,0,14,6,9,6
THPACK9-041,plain,14,3,0,0,0,11,9,7
THPACK9-041,plain,14,3,0,0,7,11,9,7
THPACK9-041,plain,14,0,0,0,14,6,9,6
THPACK9-041,plain,14,0,6,0,14,6,9,6
THPACK9-041,plain,15,3,0,0,0,11,9,7
THPACK9-041,plain,15,3,0,0,7,11,9,7
THPACK9-041,plain,15,0,0,0,14,6,9,6
THPACK9-041,plain,15,0,6,0,14,6,9,6
THPACK9-041,plain,16,3,0,0,0,11,9,7
THPACK9-041,plain,16,3,0,0,7,11,9,7
THPACK9-041,plain,16,0,0,0,14,6,9,6
THPACK9-041,plain,16,0,6,0,14,6,9,6
THPACK9-041,plain,17,3,0,0,0,11,9,7
THPACK9-041,plain,17,3,0,0,7,11,9,7
THPACK9-041,plain,17,0,0,0,14,6,9,6
THPACK9-041,plain,17,0,6,0,14,6,9,6
THPACK9-041,plain,18,3,0,0,0,11,9,7
THPACK9-041,plain,18,3,0,0,7,11,9,7
THPACK9-041,plain,18,0,0,0,14,6,9,6
THPACK9-041,plain,18,0,6,0,14,6,9,6
THPACK9-041,plain,19,3,0,0,0,11,9,7
THPACK9-041,plain,19,3,0,0,7,11,9,7
THPACK9-041,plain,19,0,0,0,14,6,9,6
THPACK9-041,plain,19,0,6,0,14,6,9,6
THPACK9-041,plain,20,3,0,0,0,11,9,7
THPACK9-041,plain,20,3,0,0,7,11,9,7
THPACK9-041,plain,20,0,0,0,14,6,9,6
THPACK9-041,plain,20,0,6,0,14,6,9,6
THPACK9-041,plain,21,3,0,0,0,11,9,7
THPACK9-041,plain,21,3,0,0,7,11,9,7
THPACK9-041,plain,21,0,0,0,14,6,9,6
THPACK9-041,plain,21,0,6,0,14,6,9,6
THPACK9-041,plain,22,3,0,0,0,11,9,7
THPACK9-041,plain,22,0,0,0,7,6,9,6
THPACK9-041,plain,22,0,0,0,13,6,9,6
THPACK9-041,plain,22,0,6,0,7,6,9,6
THPACK9-041,plain,22,0,6,0,13,6,9,6
THPACK9-041,plain,23,0,0,0,0,6,9,6
THPACK9-041,plain,23,0,0,0,6,6,9,6
THPACK9-041,plain,23,0,0,0,12,6,9,6
THPACK9-042,laff,0,2,0,0,0,24,16,15
THPACK9-042,laff,0,2,0,16,0,24,16,15
THPACK9-042,laff,0,2,0,32,0,24,16,15
THPACK9-042,laff,0,2,0,48,0,24,16,15
THPACK9-042,laff,0,2,24,0,0,24,16,15
THPACK9-042,laff,0,2,24,16,0,24,16,15
THPACK9-042,laff,0,2,24,32,0,24,16,15
THPACK9-042,laff,0,2,24,48,0,24,16,15
THPACK9-042,laff,0,2,0,0,15,24,16,15
THPACK9-042,laff,0,2,0,16,15,24,16,15
THPACK9-042,laff,0,2,0,32,15,24,16,15
THPACK9-042,laff,0,2,0,48,15,24,16,15
THPACK9-042,laff,0,2,24,0,15,24,16,15
THPACK9-042,laff,0,2,24,16,15,24,16,15
THPACK9-042,laff,0,2,24,32,15,24,16,15
THPACK9-042,laff,0,2,24,48,15,24,16,15
THPACK9-042,laff,1,2,0,0,0,24,16,15
THPACK9-042,laff,1,2,0,16,0,24,16,15
THPACK9-042,laff,1,2,0,32,0,24,16,15
THPACK9-042,laff,1,2,0,48,0,24,16,15
THPACK9-042,laff,1,2,24,0,0,24,16,15
THPACK9-042,laff,1,2,24,16,0,24,16,15
THPACK9-042,laff,1,2,24,32,0,24,16,15
THPACK9-042,laff,1,2,24,48,0,24,16,15
THPACK9-042,laff,1,2,0,0,15,24,16,15
THPACK9-042,laff,1,0,0,16,15,17,18,15
THPACK9-042,laff,1,0,0,34,15,17,18,15
THPACK9-042,laff,1,0,0,52,15,17,18,15
THPACK9-042,laff,1,0,17,16,15,17,18,15
THPACK9-042,laff,1,0,17,34,15,17,18,15
THPACK9-042,laff,1,0,17,52,15,17,18,15
THPACK9-042,laff,1,1,24,0,15,11,11,14
THPACK9-042,laff,1,1,34,11,15,11,11,14
THPACK9-042,laff,1,1,34,22,15,11,11,14
THPACK9-042,laff,1,1,34,33,15,11,11,14
THPACK9-042,laff,1,1,34,44,15,11,11,14
THPACK9-042,laff,1,1,34,55,15,11,11,14
THPACK9-042,laff,1,1,35,0,15,11,11,14
THPACK9-042,laff,2,0,0,0,0,17,18,15
THPACK9-042,laff,2,0,0,18,0,17,18,15
THPACK9-042,laff,2,0,0,36,0,17,18,15
THPACK9-042,laff,2,0,17,0,0,17,18,15
THPACK9-042,laff,2,0,17,18,0,17,18,15
THPACK9-042,laff,2,0,17,36,0,17,18,15
THPACK9-042,laff,2,1,0,54,0,11,11,14
THPACK9-042,laff,2,1,11,54,0,11,11,14
THPACK9-042,laff,2,1,22,54,0,11,11,14
THPACK9-042,laff,2,1,33,54,0,11,11,14
THPACK9-042,laff,2,1,34,0,0,11,11,14
THPACK9-042,laff,2,1,34,11,0,11,11,14
THPACK9-042,laff,2,1,34,22,0,11,11,14
THPACK9-042,laff,2,1,34,33,0,11,11,14
THPACK9-042,laff,2,0,0,0,15,17,18,15
THPACK9-042,laff,2,0,0,18,15,17,18,15
THPACK9-042,laff,2,0,0,36,15,17,18,15
THPACK9-042,laff,2,0,17,0,15,17,18,15
THPACK9-042,laff,2,0,17,18,15,17,18,15
THPACK9-042,laff,2,0,17,36,15,17,18,15
THPACK9-042,laff,2,1,0,54,15,11,11,14
THPACK9-042,laff,2,1,11,54,15,11,11,14
THPACK9-042,laff,2,1,22,54,15,11,11,14
THPACK9-042,laff,2,1,33,54,15,11,11,14
THPACK9-042,laff,2,1,34,0,15,11,11,14
THPACK9-042,laff,2,1,34,11,15,11,11,14
THPACK9-042,laff,2,1,34,22,15,11,11,14
THPACK9-042,laff,2,1,34,33,15,11,11,14
THPACK9-042,laff,3,0,0,0,0,17,18,15
THPACK9-042,laff,3,0,0,18,0,17,18,15
THPACK9-042,laff,3,0,0,36,0,17,18,15
THPACK9-042,laff,3,0,17,0,0,17,18,15
THPACK9-042,laff,3,0,17,18,0,17,18,15
THPACK9-042,laff,3,0,17,36,0,17,18,15
THPACK9-042,laff,3,1,0,54,0,11,11,14
THPACK9-042,laff,3,1,11,54,0,11,11,14
THPACK9-042,laff,3,1,22,54,0,11,11,14
THPACK9-042,laff,3,1,33,54,0,11,11,14
THPACK9-042,laff,3,1,34,0,0,11,11,14
THPACK9-042,laff,3,1,34,11,0,11,11,14
THPACK9-042,laff,3,1,34,22,0,11,11,14
THPACK9-042,laff,3,0,0,0,15,17,18,15
THPACK9-042,laff,3,0,0,18,15,17,18,15
THPACK9-042,laff,3,0,0,36,15,17,18,15
THPACK9-042,laff,3,0,17,0,15,17,18,15
THPACK9-042,laff,3,0,17,18,15,17,18,15
THPACK9-042,laff,3,0,17,36,15,17,18,15
THPACK9-042,laff,4,0,0,0,0,17,18,15
THPACK9-042,laff,4,0,0,18,0,17,18,15
THPACK9-042,laff,4,0,0,36,0,17,18,15
THPACK9-042,laff,4,0,17,0,0,17,18,15
THPACK9-042,laff,4,0,17,18,0,17,18,15
THPACK9-042,plain,0,2,0,0,0,24,16,15
THPACK9-042,plain,0,2,0,0,15,24,16,15
THPACK9-042,plain,0,2,0,16,0,24,16,15
THPACK9-042,plain,0,2,0,16,15,24,16,15
THPACK9-042,plain,0,2,0,32,0,24,16,15
THPACK9-042,plain,0,2,0,32,15,24,16,15
THPACK9-042,plain,0,2,0,48,0,24,16,15
THPACK9-042,plain,0,2,0,48,15,24,16,15
THPACK9-042,plain,0,2,24,0,0,24,16,15
THPACK9-042,plain,0,2,24,0,15,24,16,15
THPACK9-042,plain,0,2,24,16,0,24,16,15
THPACK9-042,plain,0,2,24,16,15,24,16,15
THPACK9-042,plain,0,2,24,32,0,24,16,15
THPACK9-042,plain,0,2,24,32,15,24,16,15
THPACK9-042,plain,0,2,24,48,0,24,16,15
THPACK9-042,plain,0,2,24,48,15,24,16,15
THPACK9-042,plain,1,2,0,0,0,24,16,15
THPACK9-042,plain,1,2,0,0,15,24,16,15
THPACK9-042,plain,1,2,0,16,0,24,16,15
THPACK9-042,plain,1,2,0,16,15,24,16,15
THPACK9-042,plain,1,2,0,32,0,24,16,15
THPACK9-042,plain,1,2,0,32,15,24,16,15
THPACK9-042,plain,1,2,0,48,0,24,16,15
THPACK9-042,plain,1,2,0,48,15,24,16,15
THPACK9-042,plain,1,2,24,0,0,24,16,15
THPACK9-042,plain,1,0,24,0,15,18,15,17
THPACK9-042,plain,1,0,24,16,0,17,18,15
THPACK9-042,plain,1,0,24,15,15,17,18,15
THPACK9-042,plain,1,0,24,34,0,17,18,15
THPACK9-042,plain,1,0,24,33,15,17,18,15
THPACK9-042,plain,1,0,24,52,0,17,18,15
THPACK9-042,plain,1,0,24,51,15,17,18,15
THPACK9-042,plain,2,0,0,0,0,17,18,15
THPACK9-042,plain,2,0,0,0,15,17,18,15
THPACK9-042,plain,2,0,0,18,0,17,18,15
THPACK9-042,plain,2,0,0,18,15,17,18,15
THPACK9-042,plain,2,0,0,36,0,17,18,15
THPACK9-042,plain,2,0,0,36,15,17,18,15
THPACK9-042,plain,2,0,17,0,0,17,18,15
THPACK9-042,plain,2,0,17,0,15,17,18,15
THPACK9-042,plain,2,0,17,18,0,17,18,15
THPACK9-042,plain,2,0,17,18,15,17,18,15
THPACK9-042,plain,2,0,17,36,0,17,18,15
THPACK9-042,plain,2,0,17,36,15,17,18,15
THPACK9-042,plain,2,0,0,54,0,18,15,17
THPACK9-042,plain,2,0,18,54,0,18,15,17
THPACK9-042,plain,2,1,0,54,17,11,14,11
THPACK9-042,plain,2,1,11,54,17,11,14,11
THPACK9-042,plain,2,1,22,54,17,11,14,11
THPACK9-042,plain,2,1,34,0,0,11,14,11
THPACK9-042,plain,2,1,34,0,11,11,14,11
THPACK9-042,plain,2,1,34,14,0,11,14,11
THPACK9-042,plain,2,1,34,14,11,11,14,11
THPACK9-042,plain,2,1,34,28,0,11,14,11
THPACK9-042,plain,2,1,34,28,11,11,14,11
THPACK9-042,plain,2,1,34,42,0,14,11,11
THPACK9-042,plain,2,1,34,42,11,14,11,11
THPACK9-042,plain,2,1,36,53,0,11,14,11
THPACK9-042,plain,2,1,36,53,11,11,14,11
THPACK9-042,plain,3,0,0,0,0,17,18,15
THPACK9-042,plain,3,0,0,0,15,17,18,15
THPACK9-042,plain,3,0,0,18,0,17,18,15
THPACK9-042,plain,3,0,0,18,15,17,18,15
THPACK9-042,plain,3,0,0,36,0,17,18,15
THPACK9-042,plain,3,0,0,36,15,17,18,15
THPACK9-042,plain,3,0,17,0,0,17,18,15
THPACK9-042,plain,3,0,17,0,15,17,18,15
THPACK9-042,plain,3,0,17,18,0,17,18,15
THPACK9-042,plain,3,0,17,18,15,17,18,15
THPACK9-042,plain,3,0,17,36,0,17,18,15
THPACK9-042,plain,3,0,17,36,15,17,18,15
THPACK9-042,plain,3,0,0,54,0,18,15,17
THPACK9-042,plain,3,0,18,54,0,18,15,17
THPACK9-042,plain,3,1,0,54,17,11,14,11
THPACK9-042,plain,3,1,11,54,17,11,14,11
THPACK9-042,plain,3,1,22,54,17,11,14,11
THPACK9-042,plain,3,1,34,0,0,11,14,11
THPACK9-042,plain,3,1,34,0,11,11,14,11
THPACK9-042,plain,3,1,34,14,0,11,14,11
THPACK9-042,plain,3,1,34,14,11,11,14,11
THPACK9-042,plain,3,1,34,28,0,11,14,11
THPACK9-042,plain,3,1,34,28,11,11,14,11
THPACK9-042,plain,3,1,34,42,0,14,11,11
THPACK9-042,plain,3,1,34,42,11,14,11,11
THPACK9-042,plain,3,1,36,53,0,11,14,11
THPACK9-042,plain,3,1,36,53,11,11,14,11
THPACK9-042,plain,4,1,0,0,0,11,14,11
THPACK9-042,plain,4,1,0,0,11,11,14,11
THPACK9-042,plain,4,1,0,14,0,11,14,11
THPACK9-042,plain,4,1,0,14,11,11,14,11
THPACK9-043,laff,0,2,0,0,0,24,16,15
THPACK9-043,laff,0,2,0,16,0,24,16,15
THPACK9-043,laff,0,2,0,32,0,24,16,15
THPACK9-043,laff,0,2,0,48,0,24,16,15
THPACK9-043,laff,0,2,24,0,0,24,16,15
THPACK9-043,laff,0,2,24,16,0,24,16,15
THPACK9-043,laff,0,2,24,32,0,24,16,15
THPACK9-043,laff,0,2,24,48,0,24,16,15
THPACK9-043,laff,0,2,0,0,15,24,16,15
THPACK9-043,laff,0,2,0,16,15,24,16,15
THPACK9-043,laff,0,2,0,32,15,24,16,15
THPACK9-043,laff,0,2,0,48,15,24,16,15
THPACK9-043,laff,0,2,24,0,15,24,16,15
THPACK9-043,laff,0,2,24,16,15,24,16,15
THPACK9-043,laff,0,2,24,32,15,24,16,15
THPACK9-043,laff,0,2,24,48,15,24,16,15
THPACK9-043,laff,0,1,0,0,30,11,14,11
THPACK9-043,laff,0,1,0,14,30,11,14,11
THPACK9-043,laff,0,1,0,28,30,11,14,11
THPACK9-043,laff,0,1,0,42,30,11,14,11
THPACK9-043,laff,0,1,0,56,30,14,11,11
THPACK9-043,laff,0,1,11,0,30,11,14,11
THPACK9-043,laff,0,1,11,14,30,11,14,11
THPACK9-043,laff,0,1,11,28,30,11,14,11
THPACK9-043,laff,0,1,11,42,30,11,14,11
THPACK9-043,laff,0,1,14,56,30,14,11,11
THPACK9-043,laff,0,1,22,0,30,11,14,11
THPACK9-043,laff,0,1,22,14,30,11,14,11
THPACK9-043,laff,0,1,22,28,30,11,14,11
THPACK9-043,laff,0,1,22,42,30,11,14,11
THPACK9-043,laff,0,1,28,56,30,14,11,11
THPACK9-043,laff,0,1,33,0,30,11,14,11
THPACK9-043,laff,0,1,33,14,30,11,14,11
THPACK9-043,laff,0,1,33,28,30,11,14,11
THPACK9-043,laff,0,1,33,42,30,11,14,11
THPACK9-043,laff,0,1,42,56,30,14,11,11
THPACK9-043,laff,0,1,44,0,30,11,14,11
THPACK9-043,laff,0,1,44,14,30,11,14,11
THPACK9-043,laff,0,1,44,28,30,11,14,11
THPACK9-043,laff,0,1,44,42,30,11,14,11
THPACK9-043,laff,1,2,0,0,0,24,16,15
THPACK9-043,laff,1,2,0,16,0,24,16,15
THPACK9-043,laff,1,2,0,32,0,24,16,15
THPACK9-043,laff,1,2,0,48,0,24,16,15
THPACK9-043,laff,1,2,24,0,0,24,16,15
THPACK9-043,laff,1,2,24,16,0,24,16,15
THPACK9-043,laff,1,2,24,32,0,24,16,15
THPACK9-043,laff,1,2,24,48,0,24,16,15
THPACK9-043,laff,1,2,0,0,15,24,16,15
THPACK9-043,laff,1,0,0,16,15,17,18,15
THPACK9-043,laff,1,0,0,34,15,17,18,15
THPACK9-043,laff,1,0,0,52,15,18,17,15
THPACK9-043,laff,1,0,17,16,15,17,18,15
THPACK9-043,laff,1,0,17,34,15,17,18,15
THPACK9-043,laff,1,0,18,52,15,18,17,15
THPACK9-043,laff,1,0,34,0,15,17,18,15
THPACK9-043,laff,1,0,34,18,15,17,18,15
THPACK9-043,laff,1,0,36,36,15,17,18,15
THPACK9-043,laff,1,1,36,54,15,11,11,14
THPACK9-043,laff,1,1,0,0,30,11,14,11
THPACK9-043,laff,1,1,0,14,30,11,14,11
THPACK9-043,laff,1,1,0,28,30,11,14,11
THPACK9-043,laff,1,1,0,42,30,11,14,11
THPACK9-043,laff,1,1,0,56,30,14,11,11
THPACK9-043,laff,2,0,0,0,0,17,18,15
THPACK9-043,laff,2,0,0,18,0,17,18,15
THPACK9-043,laff,2,0,0,36,0,17,18,15
THPACK9-043,laff,2,0,17,0,0,17,18,15
THPACK9-043,laff,2,0,17,18,0,17,18,15
THPACK9-043,laff,2,0,17,36,0,17,18,15
THPACK9-043,laff,2,0,34,0,0,17,18,15
THPACK9-043,laff,2,0,34,18,0,17,18,15
THPACK9-043,laff,2,0,34,36,0,17,18,15
THPACK9-043,laff,2,0,0,0,15,17,18,15
THPACK9-043,laff,2,0,0,18,15,17,18,15
THPACK9-043,laff,2,0,0,36,15,17,18,15
THPACK9-043,laff,2,0,17,0,15,17,18,15
THPACK9-043,laff,2,0,17,18,15,17,18,15
THPACK9-043,laff,2,0,17,36,15,17,18,15
THPACK9-043,laff,2,0,34,0,15,17,18,15
THPACK9-043,laff,2,0,34,18,15,17,18,15
THPACK9-043,laff,2,0,34,36,15,17,18,15
THPACK9-043,laff,3,0,0,0,0,17,18,15
THPACK9-043,laff,3,0,0,18,0,17,18,15
THPACK9-043,laff,3,0,0,36,0,17,18,15
THPACK9-043,laff,3,0,17,0,0,17,18,15
THPACK9-043,laff,3,0,17,18,0,17,18,15
THPACK9-043,laff,3,0,17,36,0,17,18,15
THPACK9-043,laff,3,0,34,0,0,17,18,15
THPACK9-043,laff,3,0,34,18,0,17,18,15
THPACK9-043,plain,0,2,0,0,0,24,16,15
THPACK9-043,plain,0,2,0,0,15,24,16,15
THPACK9-043,plain,0,2,0,16,0,24,16,15
THPACK9-043,plain,0,2,0,16,15,24,16,15
THPACK9-043,plain,0,2,0,32,0,24,16,15
THPACK9-043,plain,0,2,0,32,15,24,16,15
THPACK9-043,plain,0,2,0,48,0,24,16,15
THPACK9-043,plain,0,2,0,48,15,24,16,15
THPACK9-043,plain,0,2,24,0,0,24,16,15
THPACK9-043,plain,0,2,24,0,15,24,16,15
THPACK9-043,plain,0,2,24,16,0,24,16,15
THPACK9-043,plain,0,2,24,16,15,24,16,15
THPACK9-043,plain,0,2,24,32,0,24,16,15
THPACK9-043,plain,0,2,24,32,15,24,16,15
THPACK9-043,plain,0,2,24,48,0,24,16,15
THPACK9-043,plain,0,2,24,48,15,24,16,15
THPACK9-043,plain,0,1,0,0,30,11,14,11
THPACK9-043,plain,0,1,0,14,30,11,14,11
THPACK9-043,plain,0,1,0,28,30,11,14,11
THPACK9-043,plain,0,1,0,42,30,11,14,11
THPACK9-043,plain,0,1,11,0,30,11,14,11
THPACK9-043,plain,0,1,11,14,30,11,14,11
THPACK9-043,plain,0,1,11,28,30,11,14,11
THPACK9-043,plain,0,1,11,42,30,11,14,11
THPACK9-043,plain,0,1,22,0,30,11,14,11
THPACK9-043,plain,0,1,22,14,30,11,14,11
THPACK9-043,plain,0,1,22,28,30,11,14,11
THPACK9-043,plain,0,1,22,42,30,11,14,11
THPACK9-043,plain,0,1,33,0,30,11,14,11
THPACK9-043,plain,0,1,33,14,30,11,14,11
THPACK9-043,plain,0,1,33,28,30,11,14,11
THPACK9-043,plain,0,1,33,42,30,11,14,11
THPACK9-043,plain,0,1,0,56,30,14,11,11
THPACK9-043,plain,0,1,14,56,30,14,11,11
THPACK9-043,plain,0,1,28,56,30,14,11,11
THPACK9-043,plain,0,1,42,56,30,11,11,14
THPACK9-043,plain,0,1,44,0,30,11,14,11
THPACK9-043,plain,0,1,44,14,30,11,14,11
THPACK9-043,plain,0,1,44,28,30,11,14,11
THPACK9-043,plain,0,1,44,42,30,11,14,11
THPACK9-043,plain,1,2,0,0,0,24,16,15
THPACK9-043,plain,1,2,0,0,15,24,16,15
THPACK9-043,plain,1,2,0,16,0,24,16,15
THPACK9-043,plain,1,2,0,16,15,24,16,15
THPACK9-043,plain,1,2,0,32,0,24,16,15
THPACK9-043,plain,1,2,0,32,15,24,16,15
THPACK9-043,plain,1,2,0,48,0,24,16,15
THPACK9-043,plain,1,2,0,48,15,24,16,15
THPACK9-043,plain,1,2,24,0,0,24,16,15
THPACK9-043,plain,1,0,24,0,15,18,15,17
THPACK9-043,plain,1,0,24,16,0,17,18,15
THPACK9-043,plain,1,0,24,15,15,17,18,15
THPACK9-043,plain,1,0,24,34,0,17,18,15
THPACK9-043,plain,1,0,24,33,15,17,18,15
THPACK9-043,plain,1,0,24,52,0,18,17,15
THPACK9-043,plain,1,0,24,51,15,17,18,15
THPACK9-043,plain,1,0,41,16,0,15,18,17
THPACK9-043,plain,1,0,41,34,0,15,18,17
THPACK9-043,plain,1,0,42,52,0,15,17,18
THPACK9-043,plain,1,0,41,15,17,15,18,17
THPACK9-043,plain,1,0,41,33,17,15,18,17
THPACK9-043,plain,1,0,41,51,18,15,18,17
THPACK9-043,plain,1,1,0,0,30,11,14,11
THPACK9-043,plain,1,1,0,14,30,11,14,11
THPACK9-043,plain,1,1,0,28,30,11,14,11
THPACK9-043,plain,1,1,0,42,30,11,14,11
THPACK9-043,plain,1,1,11,0,30,11,14,11
THPACK9-043,plain,1,1,11,14,30,11,14,11
THPACK9-043,plain,2,0,0,0,0,17,18,15
THPACK9-043,plain,2,0,0,0,15,17,18,15
THPACK9-043,plain,2,0,0,18,0,17,18,15
THPACK9-043,plain,2,0,0,18,15,17,18,15
THPACK9-043,plain,2,0,0,36,0,17,18,15
THPACK9-043,plain,2,0,0,36,15,17,18,15
THPACK9-043,plain,2,0,17,0,0,17,18,15
THPACK9-043,plain,2,0,17,0,15,17,18,15
THPACK9-043,plain,2,0,17,18,0,17,18,15
THPACK9-043,plain,2,0,17,18,15,17,18,15
THPACK9-043,plain,2,0,17,36,0,17,18,15
THPACK9-043,plain,2,0,17,36,15,17,18,15
THPACK9-043,plain,2,0,34,0,0,17,18,15
THPACK9-043,plain,2,0,34,0,15,17,18,15
THPACK9-043,plain,2,0,34,18,0,17,18,15
THPACK9-043,plain,2,0,34,18,15,17,18,15
THPACK9-043,plain,2,0,34,36,0,17,18,15
THPACK9-043,plain,2,0,34,36,15,17,18,15
THPACK9-043,plain,2,0,0,54,0,18,15,17
THPACK9-043,plain,2,0,0,54,17,18,15,17
THPACK9-043,plain,2,0,18,54,0,18,15,17
THPACK9-043,plain,2,0,18,54,17,18,15,17
THPACK9-044,laff,0,2,0,0,0,24,16,15
THPACK9-044,laff,0,2,0,16,0,24,16,15
THPACK9-044,laff,0,2,0,32,0,24,16,15
THPACK9-044,laff,0,2,0,48,0,24,16,15
THPACK9-044,laff,0,1,24,0,0,11,11,14
THPACK9-044,laff,0,1,24,11,0,11,11,14
THPACK9-044,laff,0,1,24,22,0,11,11,14
THPACK9-044,laff,0,1,24,33,0,11,11,14
THPACK9-044,laff,0,1,24,44,0,11,11,14
THPACK9-044,laff,0,1,24,55,0,11,11,14
THPACK9-044,laff,0,2,0,0,15,24,16,15
THPACK9-044,laff,0,2,0,16,15,24,16,15
THPACK9-044,laff,0,2,0,32,15,24,16,15
THPACK9-044,laff,0,2,0,48,15,24,16,15
THPACK9-044,laff,0,1,24,0,15,11,11,14
THPACK9-044,laff,0,1,24,11,15,11,11,14
THPACK9-044,laff,0,1,24,22,15,11,11,14
THPACK9-044,laff,0,1,24,33,15,11,11,14
THPACK9-044,laff,0,1,24,44,15,11,11,14
THPACK9-044,laff,0,1,24,55,15,11,11,14
THPACK9-044,laff,0,2,0,0,30,24,16,15
THPACK9-044,laff,0,2,0,16,30,24,16,15
THPACK9-044,laff,0,2,0,32,30,24,16,15
THPACK9-044,laff,0,2,0,48,30,24,16,15
THPACK9-044,laff,0,1,24,0,30,11,11,14
THPACK9-044,laff,0,1,24,11,30,11,11,14
THPACK9-044,laff,0,1,24,22,30,11,11,14
THPACK9-044,laff,0,1,24,33,30,11,11,14
THPACK9-044,laff,0,1,24,44,30,11,11,14
THPACK9-044,laff,0,1,24,55,30,11,11,14
THPACK9-044,laff,1,2,0,0,0,24,16,15
THPACK9-044,laff,1,2,0,16,0,24,16,15
THPACK9-044,laff,1,2,0,32,0,24,16,15
THPACK9-044,laff,1,2,0,48,0,24,16,15
THPACK9-044,laff,1,1,24,0,0,11,11,14
THPACK9-044,laff,1,1,24,11,0,11,11,14
THPACK9-044,laff,1,1,24,22,0,11,11,14
THPACK9-044,laff,1,1,24,33,0,11,11,14
THPACK9-044,laff,1,1,24,44,0,11,11,14
THPACK9-044,laff,1,1,24,55,0,11,11,14
THPACK9-044,laff,1,2,0,0,15,24,16,15
THPACK9-044,laff,1,2,0,16,15,24,16,15
THPACK9-044,laff,1,2,0,32,15,24,16,15
THPACK9-044,laff,1,2,0,48,15,24,16,15
THPACK9-044,laff,1,1,24,0,15,11,11,14
THPACK9-044,laff,1,1,24,11,15,11,11,14
THPACK9-044,laff,1,1,24,22,15,11,11,14
THPACK9-044,laff,1,1,24,33,15,11,11,14
THPACK9-044,laff,1,1,24,44,15,11,11,14
THPACK9-044,laff,1,1,24,55,15,11,11,14
THPACK9-044,laff,1,2,0,0,30,24,16,15
THPACK9-044,laff,1,2,0,16,30,24,16,15
THPACK9-044,laff,1,2,0,32,30,24,16,15
THPACK9-044,laff,1,2,0,48,30,24,16,15
THPACK9-044,laff,2,2,0,0,0,24,16,15
THPACK9-044,laff,2,0,0,16,0,17,18,15
THPACK9-044,laff,2,0,0,34,0,17,18,15
THPACK9-044,laff,2,0,0,52,0,17,18,15
THPACK9-044,laff,2,0,17,16,0,17,18,15
THPACK9-044,laff,2,0,17,34,0,17,18,15
THPACK9-044,laff,2,0,17,52,0,17,18,15
THPACK9-044,laff,2,0,0,0,15,17,18,15
THPACK9-044,laff,2,0,0,18,15,17,18,15
THPACK9-044,laff,2,0,0,36,15,17,18,15
THPACK9-044,laff,2,0,0,54,15,18,17,15
THPACK9-044,laff,2,0,17,0,15,17,18,15
THPACK9-044,laff,2,0,17,18,15,17,18,15
THPACK9-044,laff,2,0,17,36,15,17,18,15
THPACK9-044,laff,2,0,18,54,15,18,17,15
THPACK9-044,laff,2,0,0,0,30,17,18,15
THPACK9-044,laff,2,0,0,18,30,17,18,15
THPACK9-044,laff,2,0,0,36,30,17,18,15
THPACK9-044,laff,2,0,0,54,30,18,17,15
THPACK9-044,laff,2,0,17,0,30,17,18,15
THPACK9-044,laff,2,0,17,18,30,17,18,15
THPACK9-044,laff,2,0,17,36,30,17,18,15
THPACK9-044,laff,2,0,18,54,30,18,17,15
THPACK9-044,laff,3,0,0,0,0,17,18,15
THPACK9-044,laff,3,0,0,18,0,17,18,15
THPACK9-044,laff,3,0,0,36,0,17,18,15
THPACK9-044,laff,3,0,0,54,0,18,17,15
THPACK9-044,laff,3,0,17,0,0,17,18,15
THPACK9-044,laff,3,0,17,18,0,17,18,15
THPACK9-044,laff,3,0,17,36,0,17,18,15
THPACK9-044,laff,3,0,18,54,0,18,17,15
THPACK9-044,laff,3,0,0,0,15,17,18,15
THPACK9-044,laff,3,0,0,18,15,17,18,15
THPACK9-044,laff,3,0,0,36,15,17,18,15
THPACK9-044,laff,3,0,0,54,15,18,17,15
THPACK9-044,laff,3,0,17,0,15,17,18,15
THPACK9-044,plain,0,2,0,0,0,24,16,15
THPACK9-044,plain,0,2,0,0,15,24,16,15
THPACK9-044,plain,0,2,0,0,30,24,16,15
THPACK9-044,plain,0,2,0,16,0,24,16,15
THPACK9-044,plain,0,2,0,16,15,24,16,15
THPACK9-044,plain,0,2,0,16,30,24,16,15
THPACK9-044,plain,0,2,0,32,0,24,16,15
THPACK9-044,plain,0,2,0,32,15,24,16,15
THPACK9-044,plain,0,2,0,32,30,24,16,15
THPACK9-044,plain,0,2,0,48,0,24,16,15
THPACK9-044,plain,0,2,0,48,15,24,16,15
THPACK9-044,plain,0,2,0,48,30,24,16,15
THPACK9-044,plain,0,1,24,0,0,11,14,11
THPACK9-044,plain,0,1,24,0,11,11,14,11
THPACK9-044,plain,0,1,24,0,22,11,14,11
THPACK9-044,plain,0,1,24,0,33,11,14,11
THPACK9-044,plain,0,1,24,0,44,11,14,11
THPACK9-044,plain,0,1,24,14,0,11,14,11
THPACK9-044,plain,0,1,24,14,11,11,14,11
THPACK9-044,plain,0,1,24,14,22,11,14,11
THPACK9-044,plain,0,1,24,14,33,11,14,11
THPACK9-044,plain,0,1,24,14,44,11,14,11
THPACK9-044,plain,0,1,24,28,0,11,14,11
THPACK9-044,plain,0,1,24,28,11,11,14,11
THPACK9-044,plain,0,1,24,28,22,11,14,11
THPACK9-044,plain,0,1,24,28,33,11,14,11
THPACK9-044,plain,0,1,24,28,44,11,14,11
THPACK9-044,plain,0,1,24,42,0,11,14,11
THPACK9-044,plain,0,1,24,42,11,11,14,11
THPACK9-044,plain,0,1,24,42,22,11,14,11
THPACK9-044,plain,0,1,24,42,33,11,14,11
THPACK9-044,plain,0,1,24,42,44,11,14,11
THPACK9-044,plain,0,1,24,56,0,11,14,11
THPACK9-044,plain,0,1,24,56,11,11,14,11
THPACK9-044,plain,0,1,24,56,22,11,14,11
THPACK9-044,plain,0,1,24,56,33,11,14,11
THPACK9-044,plain,0,1,24,56,44,11,14,11
THPACK9-044,plain,1,2,0,0,0,24,16,15
THPACK9-044,plain,1,2,0,0,15,24,16,15
THPACK9-044,plain,1,2,0,0,30,24,16,15
THPACK9-044,plain,1,2,0,16,0,24,16,15
THPACK9-044,plain,1,2,0,16,15,24,16,15
THPACK9-044,plain,1,2,0,16,30,24,16,15
THPACK9-044,plain,1,2,0,32,0,24,16,15
THPACK9-044,plain,1,2,0,32,15,24,16,15
THPACK9-044,plain,1,2,0,32,30,24,16,15
THPACK9-044,plain,1,2,0,48,0,24,16,15
THPACK9-044,plain,1,2,0,48,15,24,16,15
THPACK9-044,plain,1,2,0,48,30,24,16,15
THPACK9-044,plain,1,1,24,0,0,11,14,11
THPACK9-044,plain,1,1,24,0,11,11,14,11
THPACK9-044,plain,1,1,24,0,22,11,14,11
THPACK9-044,plain,1,1,24,0,33,11,14,11
THPACK9-044,plain,1,1,24,0,44,11,14,11
THPACK9-044,plain,2,2,0,0,0,24,16,15
THPACK9-044,plain,2,0,0,0,15,18,15,17
THPACK9-044,plain,2,0,0,0,32,18,15,17
THPACK9-044,plain,2,0,0,16,0,17,18,15
THPACK9-044,plain,2,0,0,15,15,17,18,15
THPACK9-044,plain,2,0,0,15,30,17,18,15
THPACK9-044,plain,2,0,0,34,0,17,18,15
THPACK9-044,plain,2,0,0,33,15,17,18,15
THPACK9-044,plain,2,0,0,33,30,17,18,15
THPACK9-044,plain,2,0,0,52,0,17,18,15
THPACK9-044,plain,2,0,0,51,15,17,18,15
THPACK9-044,plain,2,0,0,51,30,17,18,15
THPACK9-044,plain,2,0,17,16,0,17,18,15
THPACK9-044,plain,2,0,17,34,0,17,18,15
THPACK9-044,plain,2,0,17,52,0,17,18,15
THPACK9-044,plain,2,0,17,15,15,15,18,17
THPACK9-044,plain,2,0,17,15,32,15,18,17
THPACK9-044,plain,2,0,17,33,15,17,18,15
THPACK9-044,plain,2,0,17,33,30,17,18,15
THPACK9-044,plain,2,0,17,51,15,17,18,15
THPACK9-044,plain,2,0,17,51,30,17,18,15
THPACK9-044,plain,2,0,18,0,15,17,15,18
THPACK9-044,plain,2,0,18,0,33,17,15,18
THPACK9-044,plain,3,0,0,0,0,17,18,15
THPACK9-044,plain,3,0,0,0,15,17,18,15
THPACK9-044,plain,3,0,0,0,30,17,18,15
THPACK9-044,plain,3,0,0,18,0,17,18,15
THPACK9-044,plain,3,0,0,18,15,17,18,15
THPACK9-044,plain,3,0,0,18,30,17,18,15
THPACK9-044,plain,3,0,0,36,0,17,18,15
THPACK9-044,plain,3,0,0,36,15,17,18,15
THPACK9-044,plain,3,0,0,36,30,17,18,15
THPACK9-044,plain,3,0,0,54,0,18,17,15
THPACK9-044,plain,3,0,0,54,15,18,17,15
THPACK9-044,plain,3,0,0,54,30,18,17,15
THPACK9-044,plain,3,0,17,0,0,17,18,15
THPACK9-045,laff,0,0,0,0,0,21,13,11
THPACK9-045,laff,0,0,0,13,0,21,13,11
THPACK9-045,laff,0,0,0,26,0,21,13,11
THPACK9-045,laff,0,0,0,39,0,21,13,11
THPACK9-045,laff,0,0,21,0,0,13,21,11
THPACK9-045,laff,0,0,21,21,0,13,21,11
THPACK9-045,laff,0,1,21,42,0,19,13,11
THPACK9-045,laff,0,2,34,0,0,6,14,10
THPACK9-045,laff,0,2,34,14,0,6,14,10
THPACK9-045,laff,0,2,34,28,0,6,14,10
THPACK9-045,laff,0,0,0,0,11,21,13,11
THPACK9-045,laff,0,0,0,13,11,21,13,11
THPACK9-045,laff,0,0,0,26,11,21,13,11
THPACK9-045,laff,0,0,0,39,11,21,13,11
THPACK9-045,laff,0,0,21,0,11,13,21,11
THPACK9-045,laff,0,0,21,21,11,13,21,11
THPACK9-045,laff,0,1,21,42,11,19,13,11
THPACK9-045,laff,0,2,34,0,11,6,14,10
THPACK9-045,laff,0,2,34,14,11,6,14,10
THPACK9-045,laff,0,2,34,28,11,6,14,10
THPACK9-045,laff,0,0,0,0,22,21,13,11
THPACK9-045,laff,0,0,0,13,22,21,13,11
THPACK9-045,laff,0,0,0,26,22,21,13,11
THPACK9-045,laff,0,0,0,39,22,21,13,11
THPACK9-045,laff,0,0,21,0,22,13,21,11
THPACK9-045,laff,0,0,21,21,22,13,21,11
THPACK9-045,laff,0,1,21,42,22,19,13,11
THPACK9-045,laff,0,2,34,0,22,6,14,10
THPACK9-045,laff,0,2,34,14,22,6,14,10
THPACK9-045,laff,0,2,34,28,22,6,14,10
THPACK9-045,laff,0,3,0,0,33,8,13,5
THPACK9-045,laff,0,3,0,13,33,8,13,5
THPACK9-045,laff,0,3,0,26,33,8,13,5
THPACK9-045,laff,0,3,0,39,33,8,13,5
THPACK9-045,laff,0,3,8,0,33,8,13,5
THPACK9-045,laff,0,3,8,13,33,8,13,5
THPACK9-045,laff,0,3,8,26,33,8,13,5
THPACK9-045,laff,0,3,8,39,33,8,13,5
THPACK9-045,laff,0,3,16,0,33,8,13,5
THPACK9-045,laff,0,3,16,13,33,8,13,5
THPACK9-045,laff,0,3,16,26,33,8,13,5
THPACK9-045,laff,0,3,16,39,33,8,13,5
THPACK9-045,laff,0,3,24,0,33,8,13,5
THPACK9-045,laff,0,3,24,13,33,8,13,5
THPACK9-045,laff,0,3,24,26,33,8,13,5
THPACK9-045,laff,0,3,24,39,33,8,13,5
THPACK9-045,laff,0,3,32,0,33,8,13,5
THPACK9-045,laff,0,3,32,13,33,8,13,5
THPACK9-045,laff,0,3,32,26,33,8,13,5
THPACK9-045,laff,0,3,32,39,33,8,13,5
THPACK9-045,laff,1,0,0,0,0,21,13,11
THPACK9-045,laff,1,0,0,13,0,21,13,11
THPACK9-045,laff,1,0,0,26,0,21,13,11
THPACK9-045,laff,1,0,0,39,0,21,13,11
THPACK9-045,laff,1,0,21,0,0,13,21,11
THPACK9-045,laff,1,0,21,21,0,13,21,11
THPACK9-045,laff,1,1,21,42,0,19,13,11
THPACK9-045,laff,1,2,34,0,0,6,14,10
THPACK9-045,laff,1,2,34,14,0,6,14,10
THPACK9-045,laff,1,2,34,28,0,6,14,10
THPACK9-045,laff,1,0,0,0,11,21,13,11
THPACK9-045,laff,1,1,0,13,11,19,13,11
THPACK9-045,laff,1,1,0,26,11,19,13,11
THPACK9-045,laff,1,1,0,39,11,19,13,11
THPACK9-045,laff,1,1,19,13,11,19,13,11
THPACK9-045,laff,1,1,19,26,11,19,13,11
THPACK9-045,laff,1,1,19,39,11,19,13,11
THPACK9-045,laff,1,1,21,0,11,19,13,11
THPACK9-045,laff,1,1,0,0,22,19,13,11
THPACK9-045,laff,1,1,0,13,22,19,13,11
THPACK9-045,laff,1,1,0,26,22,19,13,11
THPACK9-045,laff,1,1,0,39,22,19,13,11
THPACK9-045,laff,1,1,19,0,22,19,13,11
THPACK9-045,laff,1,1,19,13,22,19,13,11
THPACK9-045,laff,1,1,19,26,22,19,13,11
THPACK9-045,laff,1,1,19,39,22,19,13,11
THPACK9-045,laff,1,3,0,0,33,8,13,5
THPACK9-045,laff,1,3,0,13,33,8,13,5
THPACK9-045,laff,1,3,0,26,33,8,13,5
THPACK9-045,laff,1,3,0,39,33,8,13,5
THPACK9-045,laff,1,3,8,0,33,8,13,5
THPACK9-045,laff,1,3,8,13,33,8,13,5
THPACK9-045,laff,1,3,8,26,33,8,13,5
THPACK9-045,laff,1,3,8,39,33,8,13,5
THPACK9-045,laff,1,3,16,0,33,8,13,5
THPACK9-045,laff,1,3,16,13,33,8,13,5
THPACK9-045,laff,1,3,16,26,33,8,13,5
THPACK9-045,laff,1,3,16,39,33,8,13,5
THPACK9-045,laff,1,3,24,0,33,8,13,5
THPACK9-045,laff,1,3,24,13,33,8,13,5
THPACK9-045,laff,2,1,0,0,0,19,13,11
THPACK9-045,laff,2,2,0,13,0,6,14,10
THPACK9-045,laff,2,2,0,27,0,6,14,10
THPACK9-045,laff,2,2,0,41,0,6,14,10
THPACK9-045,laff,2,2,6,13,0,6,14,10
THPACK9-045,laff,2,2,6,27,0,6,14,10
THPACK9-045,laff,2,2,6,41,0,6,14,10
THPACK9-045,laff,2,2,12,13,0,6,14,10
THPACK9-045,laff,2,2,12,27,0,6,14,10
THPACK9-045,plain,0,0,0,0,0,21,13,11
THPACK9-045,plain,0,0,0,0,11,21,13,11
THPACK9-045,plain,0,0,0,0,22,21,13,11
THPACK9-045,plain,0,0,0,13,0,21,13,11
THPACK9-045,plain,0,0,0,13,11,21,13,11
THPACK9-045,plain,0,0,0,13,22,21,13,11
THPACK9-045,plain,0,0,0,26,0,21,13,11
THPACK9-045,plain,0,0,0,26,11,21,13,11
THPACK9-045,plain,0,0,0,26,22,21,13,11
THPACK9-045,plain,0,0,0,39,0,21,13,11
THPACK9-045,plain,0,0,0,39,11,21,13,11
THPACK9-045,plain,0,0,0,39,22,21,13,11
THPACK9-045,plain,0,0,21,0,0,13,21,11
THPACK9-045,plain,0,0,21,0,11,13,21,11
THPACK9-045,plain,0,0,21,0,22,13,21,11
THPACK9-045,plain,0,0,21,21,0,13,21,11
THPACK9-045,plain,0,0,21,21,11,13,21,11
THPACK9-045,plain,0,0,21,21,22,13,21,11
THPACK9-045,plain,0,0,21,42,0,11,13,21
THPACK9-045,plain,0,1,21,42,21,19,13,11
THPACK9-045,plain,0,2,21,42,32,14,10,6
THPACK9-045,plain,0,2,34,0,0,6,14,10
THPACK9-045,plain,0,2,34,0,10,6,14,10
THPACK9-045,plain,0,2,34,0,20,6,14,10
THPACK9-045,plain,0,2,34,14,0,6,14,10
THPACK9-045,plain,0,2,34,14,10,6,14,10
THPACK9-045,plain,0,2,34,14,20,6,14,10
THPACK9-045,plain,0,2,34,28,0,6,14,10
THPACK9-045,plain,0,2,34,28,10,6,14,10
THPACK9-045,plain,0,2,34,28,20,6,14,10
THPACK9-045,plain,0,2,32,42,0,6,10,14
THPACK9-045,plain,0,3,0,0,33,8,13,5
THPACK9-045,plain,0,3,0,13,33,8,13,5
THPACK9-045,plain,0,3,0,26,33,8,13,5
THPACK9-045,plain,0,3,0,39,33,8,13,5
THPACK9-045,plain,0,3,8,0,33,8,13,5
THPACK9-045,plain,0,3,8,13,33,8,13,5
THPACK9-045,plain,0,3,8,26,33,8,13,5
THPACK9-045,plain,0,3,8,39,33,8,13,5
THPACK9-045,plain,0,3,16,0,33,8,13,5
THPACK9-045,plain,0,3,16,13,33,8,13,5
THPACK9-045,plain,0,3,16,26,33,8,13,5
THPACK9-045,plain,0,3,24,0,33,8,13,5
THPACK9-045,plain,0,3,24,13,33,8,13,5
THPACK9-045,plain,0,3,24,26,33,8,13,5
THPACK9-045,plain,0,3,34,0,30,5,13,8
THPACK9-045,plain,0,3,34,13,30,5,13,8
THPACK9-045,plain,0,3,34,26,30,5,13,8
THPACK9-045,plain,0,3,32,42,14,8,13,5
THPACK9-045,plain,1,0,0,0,0,21,13,11
THPACK9-045,plain,1,0,0,0,11,21,13,11
THPACK9-045,plain,1,0,0,0,22,21,13,11
THPACK9-045,plain,1,0,0,13,0,21,13,11
THPACK9-045,plain,1,0,0,13,11,21,13,11
THPACK9-045,plain,1,0,0,13,22,21,13,11
THPACK9-045,plain,1,1,0,26,0,19,13,11
THPACK9-045,plain,1,1,0,26,11,19,13,11
THPACK9-045,plain,1,1,0,26,22,19,13,11
THPACK9-045,plain,1,1,0,39,0,19,13,11
THPACK9-045,plain,1,1,0,39,11,19,13,11
THPACK9-045,plain,1,1,0,39,22,19,13,11
THPACK9-045,plain,1,1,19,26,0,19,13,11
THPACK9-045,plain,1,1,19,26,11,19,13,11
THPACK9-045,plain,1,1,19,26,22,19,13,11
THPACK9-045,plain,1,1,19,39,0,19,13,11
THPACK9-045,plain,1,1,19,39,11,19,13,11
THPACK9-045,plain,1,1,19,39,22,19,13,11
THPACK9-045,plain,1,1,21,0,0,19,13,11
THPACK9-045,plain,1,1,21,0,11,19,13,11
THPACK9-045,plain,1,1,21,0,22,19,13,11
THPACK9-045,plain,1,1,21,13,0,19,13,11
THPACK9-045,plain,1,1,21,13,11,19,13,11
THPACK9-045,plain,1,1,21,13,22,19,13,11
THPACK9-045,plain,1,3,0,0,33,8,13,5
THPACK9-045,plain,1,3,0,13,33,8,13,5
THPACK9-045,plain,1,3,0,26,33,8,13,5
THPACK9-045,plain,1,3,0,39,33,8,13,5
THPACK9-045,plain,1,3,8,0,33,8,13,5
THPACK9-045,plain,1,3,8,13,33,8,13,5
THPACK9-045,plain,1,3,8,26,33,8,13,5
THPACK9-045,plain,1,3,8,39,33,8,13,5
THPACK9-045,plain,1,3,16,0,33,8,13,5
THPACK9-045,plain,1,3,16,13,33,8,13,5
THPACK9-045,plain,1,3,16,26,33,8,13,5
THPACK9-045,plain,1,3,16,39,33,8,13,5
THPACK9-045,plain,1,3,24,0,33,8,13,5
THPACK9-045,plain,1,3,24,13,33,8,13,5
THPACK9-045,plain,1,3,24,26,33,8,13,5
THPACK9-045,plain,1,3,24,39,33,8,13,5
THPACK9-045,plain,2,1,0,0,0,19,13,11
THPACK9-045,plain,2,2,0,0,11,14,10,6
THPACK9-045,plain,2,2,0,0,17,14,10,6
THPACK9-045,plain,2,2,0,0,23,14,10,6
THPACK9-045,plain,2,2,0,0,29,14,10,6
THPACK9-045,plain,2,2,0,13,0,10,14,6
THPACK9-045,plain,2,2,0,13,6,10,14,6
THPACK9-045,plain,2,2,0,27,0,10,14,6
THPACK9-045,plain,2,2,0,27,6,10,14,6
THPACK9-045,plain,2,2,0,41,0,10,14,6
THPACK9-046,laff,0,0,0,0,0,21,13,11
THPACK9-046,laff,0,0,0,13,0,21,13,11
THPACK9-046,laff,0,0,0,26,0,21,13,11
THPACK9-046,laff,0,2,0,39,0,14,6,10
THPACK9-046,laff,0,2,0,45,0,14,6,10
THPACK9-046,laff,0,2,14,39,0,14,6,10
THPACK9-046,laff,0,2,14,45,0,14,6,10
THPACK9-046,laff,0,2,21,0,0,6,14,10
THPACK9-046,laff,0,2,21,14,0,6,14,10
THPACK9-046,laff,0,2,27,0,0,6,14,10
THPACK9-046,laff,0,2,27,14,0,6,14,10
THPACK9-046,laff,0,3,28,28,0,5,13,8
THPACK9-046,laff,0,0,0,0,11,21,13,11
THPACK9-046,laff,0,0,0,13,11,21,13,11
THPACK9-046,laff,0,0,0,26,11,21,13,11
THPACK9-046,laff,0,2,0,39,11,14,6,10
THPACK9-046,laff,0,2,0,45,11,14,6,10
THPACK9-046,laff,0,2,14,39,11,14,6,10
THPACK9-046,laff,0,2,14,45,11,14,6,10
THPACK9-046,laff,0,2,21,0,11,6,14,10
THPACK9-046,laff,0,2,21,14,11,6,14,10
THPACK9-046,laff,0,2,27,0,11,6,14,10
THPACK9-046,laff,0,2,27,14,11,6,14,10
THPACK9-046,laff,0,3,28,28,11,5,13,8
THPACK9-046,laff,0,0,0,0,22,21,13,11
THPACK9-046,laff,0,0,0,13,22,21,13,11
THPACK9-046,laff,0,0,0,26,22,21,13,11
THPACK9-046,laff,0,2,0,39,22,14,6,10
THPACK9-046,laff,0,2,0,45,22,14,6,10
THPACK9-046,laff,0,2,14,39,22,14,6,10
THPACK9-046,laff,0,2,14,45,22,14,6,10
THPACK9-046,laff,0,3,21,0,22,5,13,8
THPACK9-046,laff,0,3,21,13,22,5,13,8
THPACK9-046,laff,0,3,21,26,22,5,13,8
THPACK9-046,laff,0,3,26,0,22,5,13,8
THPACK9-046,laff,0,3,26,13,22,5,13,8
THPACK9-046,laff,0,3,26,26,22,5,13,8
THPACK9-046,laff,0,0,0,0,33,21,13,11
THPACK9-046,laff,0,0,0,13,33,21,13,11
THPACK9-046,laff,0,0,0,26,33,21,13,11
THPACK9-046,laff,0,3,0,39,33,13,5,8
THPACK9-046,laff,0,3,0,44,33,13,5,8
THPACK9-046,laff,0,3,13,39,33,13,5,8
THPACK9-046,laff,0,3,13,44,33,13,5,8
THPACK9-046,laff,0,3,21,0,33,5,13,8
THPACK9-046,laff,0,3,21,13,33,5,13,8
THPACK9-046,laff,0,3,21,26,33,5,13,8
THPACK9-046,laff,0,3,26,0,33,5,13,8
THPACK9-046,laff,0,3,26,13,33,5,13,8
THPACK9-046,laff,0,3,26,26,33,5,13,8
THPACK9-046,laff,0,0,0,0,44,21,13,11
THPACK9-046,laff,0,0,0,13,44,21,13,11
THPACK9-046,laff,0,0,0,26,44,21,13,11
THPACK9-046,laff,0,3,0,39,44,13,5,8
THPACK9-046,laff,0,3,0,44,44,13,5,8
THPACK9-046,laff,0,3,13,39,44,13,5,8
THPACK9-046,laff,0,3,13,44,44,13,5,8
THPACK9-046,laff,0,3,21,0,44,5,13,8
THPACK9-046,laff,0,3,21,13,44,5,13,8
THPACK9-046,laff,0,3,21,26,44,5,13,8
THPACK9-046,laff,0,3,26,0,44,5,13,8
THPACK9-046,laff,0,3,26,13,44,5,13,8
THPACK9-046,laff,0,3,26,26,44,5,13,8
THPACK9-046,laff,0,0,0,0,55,21,13,11
THPACK9-046,laff,0,0,0,13,55,21,13,11
THPACK9-046,laff,0,0,0,26,55,21,13,11
THPACK9-046,laff,0,3,0,39,55,13,5,8
THPACK9-046,laff,0,3,0,44,55,13,5,8
THPACK9-046,laff,0,3,13,39,55,13,5,8
THPACK9-046,laff,0,3,13,44,55,13,5,8
THPACK9-046,laff,0,3,21,0,55,5,13,8
THPACK9-046,laff,0,3,21,13,55,5,13,8
THPACK9-046,laff,1,0,0,0,0,21,13,11
THPACK9-046,laff,1,0,0,13,0,21,13,11
THPACK9-046,laff,1,0,0,26,0,21,13,11
THPACK9-046,laff,1,0,0,0,11,21,13,11
THPACK9-046,laff,1,0,0,13,11,21,13,11
THPACK9-046,laff,1,0,0,26,11,21,13,11
THPACK9-046,laff,1,0,0,0,22,21,13,11
THPACK9-046,laff,1,1,0,13,22,19,13,11
THPACK9-046,laff,1,1,0,26,22,19,13,11
THPACK9-046,laff,1,1,19,13,22,13,19,11
THPACK9-046,laff,1,1,19,32,22,13,19,11
THPACK9-046,laff,1,1,0,0,33,19,13,11
THPACK9-046,laff,1,1,0,13,33,19,13,11
THPACK9-046,laff,1,1,0,26,33,19,13,11
THPACK9-046,laff,1,1,19,0,33,13,19,11
THPACK9-046,laff,1,1,19,19,33,13,19,11
THPACK9-046,laff,1,1,0,0,44,19,13,11
THPACK9-046,laff,1,1,0,13,44,19,13,11
THPACK9-046,laff,1,1,0,26,44,19,13,11
THPACK9-046,laff,1,1,19,0,44,13,19,11
THPACK9-046,laff,1,1,19,19,44,13,19,11
THPACK9-046,laff,1,1,0,0,55,19,13,11
THPACK9-046,laff,1,1,0,13,55,19,13,11
THPACK9-046,laff,1,1,0,26,55,19,13,11
THPACK9-046,laff,1,1,19,0,55,13,19,11
THPACK9-046,laff,1,1,19,19,55,13,19,11
THPACK9-046,laff,2,1,0,0,0,19,13,11
THPACK9-046,plain,0,0,0,0,0,21,13,11
THPACK9-046,plain,0,0,0,0,11,21,13,11
THPACK9-046,plain,0,0,0,0,22,21,13,11
THPACK9-046,plain,0,0,0,0,33,21,13,11
THPACK9-046,plain,0,0,0,0,44,21,13,11
THPACK9-046,plain,0,0,0,0,55,21,13,11
THPACK9-046,plain,0,0,0,13,0,21,13,11
THPACK9-046,plain,0,0,0,13,11,21,13,11
THPACK9-046,plain,0,0,0,13,22,21,13,11
THPACK9-046,plain,0,0,0,13,33,21,13,11
THPACK9-046,plain,0,0,0,13,44,21,13,11
THPACK9-046,plain,0,0,0,13,55,21,13,11
THPACK9-046,plain,0,0,0,26,0,21,13,11
THPACK9-046,plain,0,0,0,26,11,21,13,11
THPACK9-046,plain,0,0,0,26,22,21,13,11
THPACK9-046,plain,0,0,0,26,33,21,13,11
THPACK9-046,plain,0,0,0,26,44,21,13,11
THPACK9-046,plain,0,0,0,26,55,21,13,11
THPACK9-046,plain,0,0,0,39,0,21,11,13
THPACK9-046,plain,0,0,0,39,13,21,11,13
THPACK9-046,plain,0,0,0,39,26,21,11,13
THPACK9-046,plain,0,0,0,39,39,21,11,13
THPACK9-046,plain,0,0,0,39,52,21,11,13
THPACK9-046,plain,0,0,21,0,0,11,21,13
THPACK9-046,plain,0,0,21,0,13,11,21,13
THPACK9-046,plain,0,1,21,0,26,11,19,13
THPACK9-046,plain,0,1,21,0,39,11,19,13
THPACK9-046,plain,0,1,21,0,52,11,19,13
THPACK9-046,plain,0,1,21,21,0,11,19,13
THPACK9-046,plain,0,1,21,21,13,11,19,13
THPACK9-046,plain,0,1,21,19,26,11,19,13
THPACK9-046,plain,0,1,21,19,39,11,19,13
THPACK9-046,plain,0,1,21,19,52,11,19,13
THPACK9-046,plain,0,1,21,38,26,11,13,19
THPACK9-046,plain,0,1,21,38,45,11,13,19
THPACK9-046,plain,0,2,21,40,0,10,6,14
THPACK9-046,plain,0,3,21,46,0,8,5,13
THPACK9-046,plain,0,3,21,46,13,8,5,13
THPACK9-046,plain,1,1,0,0,0,19,13,11
THPACK9-046,plain,1,1,0,0,11,19,13,11
THPACK9-046,plain,1,1,0,0,22,19,13,11
THPACK9-046,plain,1,1,0,0,33,19,13,11
THPACK9-046,plain,1,1,0,0,44,19,13,11
THPACK9-046,plain,1,1,0,0,55,19,13,11
THPACK9-046,plain,1,1,0,13,0,19,13,11
THPACK9-046,plain,1,1,0,13,11,19,13,11
THPACK9-046,plain,1,1,0,13,22,19,13,11
THPACK9-046,plain,1,1,0,13,33,19,13,11
THPACK9-046,plain,1,2,0,13,44,14,10,6
THPACK9-046,plain,1,2,0,13,50,14,10,6
THPACK9-046,plain,1,2,0,13,56,14,10,6
THPACK9-046,plain,1,2,0,13,62,14,10,6
THPACK9-046,plain,1,2,0,26,0,10,14,6
THPACK9-046,plain,1,2,0,26,6,10,14,6
THPACK9-046,plain,1,2,0,26,12,10,14,6
THPACK9-046,plain,1,2,0,26,18,10,14,6
THPACK9-046,plain,1,2,0,26,24,10,14,6
THPACK9-046,plain,1,2,0,26,30,10,14,6
THPACK9-046,plain,1,2,0,26,36,10,14,6
THPACK9-046,plain,1,2,0,26,42,10,14,6
THPACK9-046,plain,1,2,0,40,0,14,10,6
THPACK9-046,plain,1,2,0,40,6,14,10,6
THPACK9-046,plain,1,2,0,40,12,14,10,6
THPACK9-046,plain,1,2,0,40,18,14,10,6
THPACK9-046,plain,1,2,0,40,24,14,10,6
THPACK9-046,plain,1,2,0,40,30,14,10,6
THPACK9-046,plain,1,2,0,40,36,14,10,6
THPACK9-046,plain,1,3,14,13,44,5,13,8
THPACK9-046,plain,1,3,14,13,52,5,13,8
THPACK9-046,plain,1,3,14,13,60,5,13,8
THPACK9-046,plain,1,3,0,26,48,8,13,5
THPACK9-046,plain,1,3,0,26,53,8,13,5
THPACK9-046,plain,1,3,0,26,58,8,13,5
THPACK9-046,plain,1,3,0,26,63,8,13,5
THPACK9-046,plain,1,3,0,40,42,13,8,5
THPACK9-046,plain,1,3,0,40,47,13,8,5
THPACK9-046,plain,1,3,10,26,0,8,13,5
THPACK9-046,plain,1,3,10,26,5,8,13,5
THPACK9-046,plain,1,3,10,26,10,8,13,5
THPACK9-046,plain,1,3,10,26,15,8,13,5
THPACK9-046,plain,1,3,10,26,20,8,13,5
THPACK9-046,plain,1,3,10,26,25,8,13,5
THPACK9-046,plain,1,3,10,26,30,8,13,5
THPACK9-046,plain,1,3,10,26,35,8,13,5
THPACK9-046,plain,1,3,10,26,40,8,13,5
THPACK9-046,plain,1,3,10,26,45,8,13,5
THPACK9-046,plain,1,3,13,26,50,5,13,8
THPACK9-046,plain,1,3,14,39,0,13,8,5
THPACK9-046,plain,1,3,14,39,5,13,8,5
THPACK9-046,plain,1,3,14,39,10,13,8,5
THPACK9-046,plain,1,3,14,39,15,13,8,5
THPACK9-046,plain,1,3,14,39,20,13,8,5
THPACK9-046,plain,1,3,14,39,25,13,8,5
THPACK9-046,plain,1,3,14,39,30,13,8,5
THPACK9-046,plain,1,3,14,39,35,13,8,5
THPACK9-046,plain,1,3,14,39,40,13,8,5
THPACK9-046,plain,1,3,18,26,0,8,13,5
THPACK9-046,plain,1,3,18,26,5,8,13,5
THPACK9-046,plain,1,3,18,26,10,8,13,5
THPACK9-047,laff,0,0,0,0,0,21,13,11
THPACK9-047,laff,0,0,0,13,0,21,13,11
THPACK9-047,laff,0,0,0,26,0,21,13,11
THPACK9-047,laff,0,0,0,39,0,21,13,11
THPACK9-047,laff,0,2,0,52,0,14,6,10
THPACK9-047,laff,0,0,0,0,11,21,13,11
THPACK9-047,laff,0,0,0,13,11,21,13,11
THPACK9-047,laff,0,0,0,26,11,21,13,11
THPACK9-047,laff,0,0,0,39,11,21,13,11
THPACK9-047,laff,0,2,0,52,11,14,6,10
THPACK9-047,laff,0,0,0,0,22,21,13,11
THPACK9-047,laff,0,0,0,13,22,21,13,11
THPACK9-047,laff,0,0,0,26,22,21,13,11
THPACK9-047,laff,0,0,0,39,22,21,13,11
THPACK9-047,laff,0,2,0,52,22,14,6,10
THPACK9-047,laff,0,2,0,0,33,10,14,6
THPACK9-047,laff,0,2,0,14,33,10,14,6
THPACK9-047,laff,0,2,0,28,33,10,14,6
THPACK9-047,laff,0,2,0,42,33,10,14,6
THPACK9-047,laff,0,2,10,0,33,10,14,6
THPACK9-047,laff,0,2,10,14,33,10,14,6
THPACK9-047,laff,0,2,10,28,33,10,14,6
THPACK9-047,laff,0,2,10,42,33,10,14,6
THPACK9-047,laff,1,0,0,0,0,21,13,11
THPACK9-047,laff,1,0,0,13,0,21,13,11
THPACK9-047,laff,1,0,0,26,0,21,13,11
THPACK9-047,laff,1,0,0,39,0,21,13,11
THPACK9-047,laff,1,2,0,52,0,14,6,10
THPACK9-047,laff,1,0,0,0,11,21,13,11
THPACK9-047,laff,1,0,0,13,11,21,13,11
THPACK9-047,laff,1,0,0,26,11,21,13,11
THPACK9-047,laff,1,0,0,39,11,21,13,11
THPACK9-047,laff,1,2,0,52,11,14,6,10
THPACK9-047,laff,1,0,0,0,22,21,13,11
THPACK9-047,laff,1,0,0,13,22,21,13,11
THPACK9-047,laff,1,0,0,26,22,21,13,11
THPACK9-047,laff,1,0,0,39,22,21,13,11
THPACK9-047,laff,1,2,0,52,22,14,6,10
THPACK9-047,laff,1,2,0,0,33,10,14,6
THPACK9-047,laff,1,2,0,14,33,10,14,6
THPACK9-047,laff,1,2,0,28,33,10,14,6
THPACK9-047,laff,1,2,0,42,33,10,14,6
THPACK9-047,laff,1,2,10,0,33,10,14,6
THPACK9-047,laff,1,2,10,14,33,10,14,6
THPACK9-047,laff,1,3,10,28,33,8,13,5
THPACK9-047,laff,1,3,10,41,33,8,13,5
THPACK9-047,laff,2,0,0,0,0,21,13,11
THPACK9-047,laff,2,1,0,13,0,19,13,11
THPACK9-047,laff,2,1,0,26,0,19,13,11
THPACK9-047,laff,2,1,0,39,0,19,13,11
THPACK9-047,laff,2,3,0,52,0,13,5,8
THPACK9-047,laff,2,3,19,13,0,5,13,8
THPACK9-047,laff,2,3,19,26,0,5,13,8
THPACK9-047,laff,2,3,19,39,0,5,13,8
THPACK9-047,laff,2,1,0,0,11,19,13,11
THPACK9-047,laff,2,1,0,13,11,19,13,11
THPACK9-047,laff,2,1,0,26,11,19,13,11
THPACK9-047,laff,2,1,0,39,11,19,13,11
THPACK9-047,laff,2,3,0,52,11,13,5,8
THPACK9-047,laff,2,3,19,0,11,5,13,8
THPACK9-047,laff,2,3,19,13,11,5,13,8
THPACK9-047,laff,2,3,19,26,11,5,13,8
THPACK9-047,laff,2,3,19,39,11,5,13,8
THPACK9-047,laff,2,1,0,0,22,19,13,11
THPACK9-047,laff,2,1,0,13,22,19,13,11
THPACK9-047,laff,2,1,0,26,22,19,13,11
THPACK9-047,laff,2,1,0,39,22,19,13,11
THPACK9-047,laff,2,3,0,52,22,13,5,8
THPACK9-047,laff,2,3,19,0,22,5,13,8
THPACK9-047,laff,2,3,19,13,22,5,13,8
THPACK9-047,laff,2,3,19,26,22,5,13,8
THPACK9-047,laff,2,3,19,39,22,5,13,8
THPACK9-047,laff,2,3,0,0,33,8,13,5
THPACK9-047,laff,2,3,0,13,33,8,13,5
THPACK9-047,laff,2,3,0,26,33,8,13,5
THPACK9-047,laff,2,3,0,39,33,8,13,5
THPACK9-047,laff,2,3,0,52,33,13,8,5
THPACK9-047,laff,2,3,8,0,33,8,13,5
THPACK9-047,laff,2,3,8,13,33,8,13,5
THPACK9-047,laff,2,3,8,26,33,8,13,5
THPACK9-047,laff,2,3,8,39,33,8,13,5
THPACK9-047,laff,2,3,16,0,33,8,13,5
THPACK9-047,laff,2,3,16,13,33,8,13,5
THPACK9-047,laff,2,3,16,26,33,8,13,5
THPACK9-047,laff,2,3,16,39,33,8,13,5
THPACK9-047,laff,2,3,0,0,38,8,13,5
THPACK9-047,laff,2,3,0,13,38,8,13,5
THPACK9-047,laff,2,3,0,26,38,8,13,5
THPACK9-047,laff,2,3,0,39,38,8,13,5
THPACK9-047,laff,2,3,0,52,38,13,8,5
THPACK9-047,laff,3,1,0,0,0,19,13,11
THPACK9-047,laff,3,1,0,13,0,19,13,11
THPACK9-047,laff,3,1,0,26,0,19,13,11
THPACK9-047,laff,3,1,0,39,0,19,13,11
THPACK9-047,laff,3,1,0,0,11,19,13,11
THPACK9-047,laff,3,1,0,13,11,19,13,11
THPACK9-047,laff,3,1,0,26,11,19,13,11
THPACK9-047,laff,3,1,0,39,11,19,13,11
THPACK9-047,laff,3,1,0,0,22,19,13,11
THPACK9-047,plain,0,0,0,0,0,21,13,11
THPACK9-047,plain,0,0,0,0,11,21,13,11
THPACK9-047,plain,0,0,0,0,22,21,13,11
THPACK9-047,plain,0,0,0,13,0,21,13,11
THPACK9-047,plain,0,0,0,13,11,21,13,11
THPACK9-047,plain,0,0,0,13,22,21,13,11
THPACK9-047,plain,0,0,0,26,0,21,13,11
THPACK9-047,plain,0,0,0,26,11,21,13,11
THPACK9-047,plain,0,0,0,26,22,21,13,11
THPACK9-047,plain,0,0,0,39,0,21,13,11
THPACK9-047,plain,0,0,0,39,11,21,13,11
THPACK9-047,plain,0,0,0,39,22,21,13,11
THPACK9-047,plain,0,2,0,0,33,10,14,6
THPACK9-047,plain,0,2,0,14,33,10,14,6
THPACK9-047,plain,0,2,0,28,33,10,14,6
THPACK9-047,plain,0,2,0,42,33,14,10,6
THPACK9-047,plain,0,2,10,0,33,10,14,6
THPACK9-047,plain,0,2,10,14,33,10,14,6
THPACK9-047,plain,0,2,10,28,33,10,14,6
THPACK9-047,plain,0,2,0,52,0,14,6,10
THPACK9-047,plain,0,2,0,52,10,14,6,10
THPACK9-047,plain,0,2,0,52,20,14,6,10
THPACK9-047,plain,0,2,0,52,30,14,6,10
THPACK9-047,plain,0,2,14,52,0,10,6,14
THPACK9-047,plain,0,2,14,52,14,10,6,14
THPACK9-047,plain,0,2,14,52,28,10,6,14
THPACK9-047,plain,0,3,20,0,33,5,13,8
THPACK9-047,plain,0,3,20,13,33,5,13,8
THPACK9-047,plain,0,3,20,26,33,5,13,8
THPACK9-047,plain,0,3,20,39,33,5,13,8
THPACK9-047,plain,1,0,0,0,0,21,13,11
THPACK9-047,plain,1,0,0,0,11,21,13,11
THPACK9-047,plain,1,0,0,0,22,21,13,11
THPACK9-047,plain,1,0,0,13,0,21,13,11
THPACK9-047,plain,1,0,0,13,11,21,13,11
THPACK9-047,plain,1,0,0,13,22,21,13,11
THPACK9-047,plain,1,0,0,26,0,21,13,11
THPACK9-047,plain,1,0,0,26,11,21,13,11
THPACK9-047,plain,1,0,0,26,22,21,13,11
THPACK9-047,plain,1,0,0,39,0,21,13,11
THPACK9-047,plain,1,0,0,39,11,21,13,11
THPACK9-047,plain,1,0,0,39,22,21,13,11
THPACK9-047,plain,1,2,0,0,33,10,14,6
THPACK9-047,plain,1,2,0,14,33,10,14,6
THPACK9-047,plain,1,2,0,28,33,10,14,6
THPACK9-047,plain,1,2,0,42,33,14,10,6
THPACK9-047,plain,1,2,10,0,33,10,14,6
THPACK9-047,plain,1,2,10,14,33,10,14,6
THPACK9-047,plain,1,3,10,28,33,8,13,5
THPACK9-047,plain,1,3,10,28,38,8,13,5
THPACK9-047,plain,1,3,0,52,0,13,8,5
THPACK9-047,plain,1,3,0,52,5,13,8,5
THPACK9-047,plain,1,3,0,52,10,13,8,5
THPACK9-047,plain,1,3,0,52,15,13,8,5
THPACK9-047,plain,1,3,0,52,20,13,8,5
THPACK9-047,plain,1,3,0,52,25,13,8,5
THPACK9-047,plain,1,3,0,52,30,13,8,5
THPACK9-047,plain,1,3,0,52,35,13,8,5
THPACK9-047,plain,1,3,13,52,0,8,5,13
THPACK9-047,plain,1,3,13,52,13,8,5,13
THPACK9-047,plain,1,3,13,52,26,8,5,13
THPACK9-047,plain,1,3,18,28,33,5,13,8
THPACK9-047,plain,1,3,20,0,33,5,13,8
THPACK9-047,plain,1,3,20,13,33,5,13,8
THPACK9-047,plain,2,0,0,0,0,21,13,11
THPACK9-047,plain,2,1,0,0,11,19,13,11
THPACK9-047,plain,2,1,0,0,22,19,13,11
THPACK9-047,plain,2,1,0,13,0,19,13,11
THPACK9-047,plain,2,1,0,13,11,19,13,11
THPACK9-047,plain,2,1,0,13,22,19,13,11
THPACK9-047,plain,2,1,0,26,0,19,13,11
THPACK9-047,plain,2,1,0,26,11,19,13,11
THPACK9-047,plain,2,1,0,26,22,19,13,11
THPACK9-047,plain,2,1,0,39,0,19,13,11
THPACK9-047,plain,2,1,0,39,11,19,13,11
THPACK9-047,plain,2,1,0,39,22,19,13,11
THPACK9-047,plain,2,3,0,0,33,8,13,5
THPACK9-047,plain,2,3,0,0,38,8,13,5
THPACK9-047,plain,2,3,0,13,33,8,13,5
THPACK9-047,plain,2,3,0,13,38,8,13,5
THPACK9-047,plain,2,3,0,26,33,8,13,5
THPACK9-047,plain,2,3,0,26,38,8,13,5
THPACK9-047,plain,2,3,0,39,33,8,13,5
THPACK9-047,plain,2,3,0,39,38,8,13,5
THPACK9-047,plain,2,3,8,0,33,8,13,5
THPACK9-047,plain,2,3,8,0,38,8,13,5
THPACK9-047,plain,2,3,8,13,33,8,13,5
THPACK9-047,plain,2,3,8,13,38,8,13,5
THPACK9-047,plain,2,3,8,26,33,8,13,5
THPACK9-047,plain,2,3,8,26,38,8,13,5
THPACK9-047,plain,3,1,0,0,0,19,13,11
THPACK9-047,plain,3,1,0,0,11,19,13,11
THPACK9-047,plain,3,1,0,0,22,19,13,11
THPACK9-047,plain,3,1,0,13,0,19,13,11
THPACK9-047,plain,3,1,0,13,11,19,13,11
THPACK9-047,plain,3,1,0,13,22,19,13,11
THPACK9-047,plain,3,1,0,26,0,19,13,11
THPACK9-047,plain,3,1,0,26,11,19,13,11
THPACK9-047,plain,3,1,0,26,22,19,13,11
THPACK9-005,laff,0,0,0,0,0,16,8,4
THPACK9-005,laff,0,0,0,0,4,16,8,4
THPACK9-005,laff,0,0,0,0,8,16,8,4
THPACK9-005,laff,0,0,0,0,12,16,8,4
THPACK9-005,laff,1,0,0,0,0,16,8,4
THPACK9-005,laff,1,0,0,0,4,16,8,4
THPACK9-005,laff,1,0,0,0,8,16,8,4
THPACK9-005,laff,1,0,0,0,12,16,8,4
THPACK9-005,laff,2,0,0,0,0,16,8,4
THPACK9-005,laff,2,0,0,0,4,16,8,4
THPACK9-005,laff,2,0,0,0,8,16,8,4
THPACK9-005,laff,2,0,0,0,12,16,8,4
THPACK9-005,laff,3,0,0,0,0,16,8,4
THPACK9-005,laff,3,0,0,0,4,16,8,4
THPACK9-005,laff,3,0,0,0,8,16,8,4
THPACK9-005,laff,3,0,0,0,12,16,8,4
THPACK9-005,laff,4,0,0,0,0,16,8,4
THPACK9-005,laff,4,0,0,0,4,16,8,4
THPACK9-005,laff,4,0,0,0,8,16,8,4
THPACK9-005,laff,4,0,0,0,12,16,8,4
THPACK9-005,laff,5,0,0,0,0,16,8,4
THPACK9-005,laff,5,0,0,0,4,16,8,4
THPACK9-005,laff,5,0,0,0,8,16,8,4
THPACK9-005,laff,5,0,0,0,12,16,8,4
THPACK9-005,laff,6,0,0,0,0,16,8,4
THPACK9-005,laff,6,0,0,0,4,16,8,4
THPACK9-005,laff,6,0,0,0,8,16,8,4
THPACK9-005,laff,6,0,0,0,12,16,8,4
THPACK9-005,laff,7,0,0,0,0,16,8,4
THPACK9-005,laff,7,0,0,0,4,16,8,4
THPACK9-005,laff,7,0,0,0,8,16,8,4
THPACK9-005,laff,7,0,0,0,12,16,8,4
THPACK9-005,laff,8,0,0,0,0,16,8,4
THPACK9-005,laff,8,0,0,0,4,16,8,4
THPACK9-005,laff,8,0,0,0,8,16,8,4
THPACK9-005,laff,8,0,0,0,12,16,8,4
THPACK9-005,laff,9,0,0,0,0,16,8,4
THPACK9-005,laff,9,0,0,0,4,16,8,4
THPACK9-005,laff,9,0,0,0,8,16,8,4
THPACK9-005,laff,9,0,0,0,12,16,8,4
THPACK9-005,laff,10,0,0,0,0,16,8,4
THPACK9-005,laff,10,0,0,0,4,16,8,4
THPACK9-005,laff,10,0,0,0,8,16,8,4
THPACK9-005,laff,10,0,0,0,12,16,8,4
THPACK9-005,laff,11,0,0,0,0,16,8,4
THPACK9-005,laff,11,2,0,0,4,12,8,12
THPACK9-005,laff,11,1,12,0,4,8,8,8
THPACK9-005,laff,12,2,0,0,0,12,8,12
THPACK9-005,laff,12,1,12,0,0,8,8,8
THPACK9-005,laff,12,3,0,0,12,12,4,4
THPACK9-005,laff,12,3,0,4,12,12,4,4
THPACK9-005,laff,13,2,0,0,0,12,8,12
THPACK9-005,laff,13,1,12,0,0,8,8,8
THPACK9-005,laff,13,3,0,0,12,12,4,4
THPACK9-005,laff,13,3,0,4,12,12,4,4
THPACK9-005,laff,14,2,0,0,0,12,8,12
THPACK9-005,laff,14,1,12,0,0,8,8,8
THPACK9-005,laff,14,3,0,0,12,12,4,4
THPACK9-005,laff,14,3,0,4,12,12,4,4
THPACK9-005,laff,15,2,0,0,0,12,8,12
THPACK9-005,laff,15,1,12,0,0,8,8,8
THPACK9-005,laff,15,3,0,0,12,12,4,4
THPACK9-005,laff,15,3,0,4,12,12,4,4
THPACK9-005,laff,16,2,0,0,0,12,8,12
THPACK9-005,laff,16,1,12,0,0,8,8,8
THPACK9-005,laff,16,3,0,0,12,12,4,4
THPACK9-005,laff,16,3,0,4,12,12,4,4
THPACK9-005,laff,17,2,0,0,0,12,8,12
THPACK9-005,laff,17,1,12,0,0,8,8,8
THPACK9-005,laff,17,3,0,0,12,12,4,4
THPACK9-005,laff,17,3,0,4,12,12,4,4
THPACK9-005,laff,18,2,0,0,0,12,8,12
THPACK9-005,laff,18,1,12,0,0,8,8,8
THPACK9-005,laff,18,3,0,0,12,12,4,4
THPACK9-005,laff,18,3,0,4,12,12,4,4
THPACK9-005,laff,19,2,0,0,0,12,8,12
THPACK9-005,laff,19,1,12,0,0,8,8,8
THPACK9-005,laff,19,3,0,0,12,12,4,4
THPACK9-005,laff,19,3,0,4,12,12,4,4
THPACK9-005,laff,20,2,0,0,0,12,8,12
THPACK9-005,laff,20,1,12,0,0,8,8,8
THPACK9-005,laff,20,3,0,0,12,12,4,4
THPACK9-005,laff,20,3,0,4,12,12,4,4
THPACK9-005,laff,21,2,0,0,0,12,8,12
THPACK9-005,laff,21,1,12,0,0,8,8,8
THPACK9-005,laff,21,3,0,0,12,12,4,4
THPACK9-005,laff,21,3,0,4,12,12,4,4
THPACK9-005,laff,22,2,0,0,0,12,8,12
THPACK9-005,laff,22,1,12,0,0,8,8,8
THPACK9-005,laff,22,3,0,0,12,12,4,4
THPACK9-005,laff,22,3,0,4,12,12,4,4
THPACK9-005,laff,23,2,0,0,0,12,8,12
THPACK9-005,laff,23,1,12,0,0,8,8,8
THPACK9-005,laff,23,3,0,0,12,12,4,4
THPACK9-005,laff,23,3,0,4,12,12,4,4
THPACK9-005,laff,24,2,0,0,0,12,8,12
THPACK9-005,laff,24,1,12,0,0,8,8,8
THPACK9-005,laff,24,3,0,0,12,12,4,4
THPACK9-005,laff,25,2,0,0,0,12,8,12
THPACK9-005,laff,25,1,12,0,0,8,8,8
THPACK9-005,laff,26,2,0,0,0,12,8,12
THPACK9-005,laff,26,1,12,0,0,8,8,8
THPACK9-005,laff,27,2,0,0,0,12,8,12
THPACK9-005,laff,27,1,12,0,0,8,8,8
THPACK9-005,laff,28,2,0,0,0,12,8,12
THPACK9-005,laff,28,1,12,0,0,8,8,8
THPACK9-005,laff,29,2,0,0,0,12,8,12
THPACK9-005,laff,29,1,12,0,0,8,8,8
THPACK9-005,laff,30,2,0,0,0,12,8,12
THPACK9-005,laff,30,1,12,0,0,8,8,8
THPACK9-005,laff,31,2,0,0,0,12,8,12
THPACK9-005,laff,31,1,12,0,0,8,8,8
THPACK9-005,laff,32,2,0,0,0,12,8,12
THPACK9-005,laff,32,1,12,0,0,8,8,8
THPACK9-005,laff,33,2,0,0,0,12,8,12
THPACK9-005,laff,33,1,12,0,0,8,8,8
THPACK9-005,laff,34,2,0,0,0,12,8,12
THPACK9-005,laff,34,1,12,0,0,8,8,8
THPACK9-005,laff,35,2,0,0,0,12,8,12
THPACK9-005,laff,35,1,12,0,0,8,8,8
THPACK9-005,laff,36,2,0,0,0,12,8,12
THPACK9-005,laff,36,1,12,0,0,8,8,8
THPACK9-005,laff,37,2,0,0,0,12,8,12
THPACK9-005,laff,37,1,12,0,0,8,8,8
THPACK9-005,laff,38,2,0,0,0,12,8,12
THPACK9-005,laff,38,1,12,0,0,8,8,8
THPACK9-005,laff,39,2,0,0,0,12,8,12
THPACK9-005,laff,39,1,12,0,0,8,8,8
THPACK9-005,laff,40,2,0,0,0,12,8,12
THPACK9-005,laff,40,1,12,0,0,8,8,8
THPACK9-005,laff,41,2,0,0,0,12,8,12
THPACK9-005,laff,41,1,12,0,0,8,8,8
THPACK9-005,laff,42,2,0,0,0,12,8,12
THPACK9-005,laff,42,1,12,0,0,8,8,8
THPACK9-005,laff,43,2,0,0,0,12,8,12
THPACK9-005,laff,43,1,12,0,0,8,8,8
THPACK9-005,laff,44,2,0,0,0,12,8,12
THPACK9-005,laff,44,1,12,0,0,8,8,8
THPACK9-005,laff,45,2,0,0,0,12,8,12
THPACK9-005,laff,45,1,12,0,0,8,8,8
THPACK9-005,laff,46,2,0,0,0,12,8,12
THPACK9-005,laff,46,1,12,0,0,8,8,8
THPACK9-005,laff,47,2,0,0,0,12,8,12
THPACK9-005,laff,47,1,12,0,0,8,8,8
THPACK9-005,laff,48,2,0,0,0,12,8,12
THPACK9-005,laff,48,1,12,0,0,8,8,8
THPACK9-005,laff,49,2,0,0,0,12,8,12
THPACK9-005,laff,49,1,12,0,0,8,8,8
THPACK9-005,laff,50,2,0,0,0,12,8,12
THPACK9-005,laff,50,1,12,0,0,8,8,8
THPACK9-005,laff,51,2,0,0,0,12,8,12
THPACK9-005,laff,51,1,12,0,0,8,8,8
THPACK9-005,laff,52,2,0,0,0,12,8,12
THPACK9-005,laff,52,1,12,0,0,8,8,8
THPACK9-005,laff,53,2,0,0,0,12,8,12
THPACK9-005,laff,53,1,12,0,0,8,8,8
THPACK9-005,laff,54,2,0,0,0,12,8,12
THPACK9-005,laff,54,1,12,0,0,8,8,8
THPACK9-005,laff,55,2,0,0,0,12,8,12
THPACK9-005,laff,55,1,12,0,0,8,8,8
THPACK9-005,laff,56,2,0,0,0,12,8,12
THPACK9-005,laff,56,1,12,0,0,8,8,8
THPACK9-005,laff,57,2,0,0,0,12,8,12
THPACK9-005,laff,57,1,12,0,0,8,8,8
THPACK9-005,laff,58,2,0,0,0,12,8,12
THPACK9-005,laff,58,1,12,0,0,8,8,8
THPACK9-005,laff,59,2,0,0,0,12,8,12
THPACK9-005,laff,59,1,12,0,0,8,8,8
THPACK9-005,laff,60,2,0,0,0,12,8,12
THPACK9-005,laff,60,1,12,0,0,8,8,8
THPACK9-005,laff,61,1,0,0,0,8,8,8
THPACK9-005,laff,61,1,8,0,0,8,8,8
THPACK9-005,laff,61,1,0,0,8,8,8,8
THPACK9-005,laff,61,1,8,0,8,8,8,8
THPACK9-005,laff,62,1,0,0,0,8,8,8
THPACK9-005,laff,62,1,8,0,0,8,8,8
THPACK9-005,laff,62,1,0,0,8,8,8,8
THPACK9-005,laff,62,1,8,0,8,8,8,8
THPACK9-005,laff,63,1,0,0,0,8,8,8
THPACK9-005,laff,63,1,8,0,0,8,8,8
THPACK9-005,plain,0,0,0,0,0,16,8,4
THPACK9-005,plain,0,0,0,0,4,16,8,4
THPACK9-005,plain,0,0,0,0,8,16,8,4
THPACK9-005,plain,0,0,0,0,12,16,8,4
THPACK9-005,plain,0,0,16,0,0,4,8,16
THPACK9-005,plain,1,0,0,0,0,16,8,4
THPACK9-005,plain,1,0,0,0,4,16,8,4
THPACK9-005,plain,1,0,0,0,8,16,8,4
THPACK9-005,plain,1,0,0,0,12,16,8,4
THPACK9-005,plain,1,0,16,0,0,4,8,16
THPACK9-005,plain,2,0,0,0,0,16,8,4
THPACK9-005,plain,2,0,0,0,4,16,8,4
THPACK9-005,plain,2,0,0,0,8,16,8,4
THPACK9-005,plain,2,0,0,0,12,16,8,4
THPACK9-005,plain,2,0,16,0,0,4,8,16
THPACK9-005,plain,3,0,0,0,0,16,8,4
THPACK9-005,plain,3,0,0,0,4,16,8,4
THPACK9-005,plain,3,0,0,0,8,16,8,4
THPACK9-005,plain,3,0,0,0,12,16,8,4
THPACK9-005,plain,3,0,16,0,0,4,8,16
THPACK9-005,plain,4,0,0,0,0,16,8,4
THPACK9-005,plain,4,0,0,0,4,16,8,4
THPACK9-005,plain,4,0,0,0,8,16,8,4
THPACK9-005,plain,4,0,0,0,12,16,8,4
THPACK9-005,plain,4,0,16,0,0,4,8,16
THPACK9-005,plain,5,0,0,0,0,16,8,4
THPACK9-005,plain,5,0,0,0,4,16,8,4
THPACK9-005,plain,5,0,0,0,8,16,8,4
THPACK9-005,plain,5,0,0,0,12,16,8,4
THPACK9-005,plain,5,0,16,0,0,4,8,16
THPACK9-005,plain,6,0,0,0,0,16,8,4
THPACK9-005,plain,6,0,0,0,4,16,8,4
THPACK9-005,plain,6,0,0,0,8,16,8,4
THPACK9-005,plain,6,0,0,0,12,16,8,4
THPACK9-005,plain,6,0,16,0,0,4,8,16
THPACK9-005,plain,7,0,0,0,0,16,8,4
THPACK9-005,plain,7,0,0,0,4,16,8,4
THPACK9-005,plain,7,0,0,0,8,16,8,4
THPACK9-005,plain,7,0,0,0,12,16,8,4
THPACK9-005,plain,7,0,16,0,0,4,8,16
THPACK9-005,plain,8,0,0,0,0,16,8,4
THPACK9-005,plain,8,0,0,0,4,16,8,4
THPACK9-005,plain,8,0,0,0,8,16,8,4
THPACK9-005,plain,8,0,0,0,12,16,8,4
THPACK9-005,plain,8,0,16,0,0,4,8,16
THPACK9-005,plain,9,2,0,0,0,12,8,12
THPACK9-005,plain,9,1,12,0,0,8,8,8
THPACK9-005,plain,9,1,12,0,8,8,8,8
THPACK9-005,plain,9,3,0,0,12,12,4,4
THPACK9-005,plain,9,3,0,4,12,12,4,4
THPACK9-005,plain,10,2,0,0,0,12,8,12
THPACK9-005,plain,10,1,12,0,0,8,8,8
THPACK9-005,plain,10,1,12,0,8,8,8,8
THPACK9-005,plain,10,3,0,0,12,12,4,4
THPACK9-005,plain,10,3,0,4,12,12,4,4
THPACK9-005,plain,11,2,0,0,0,12,8,12
THPACK9-005,plain,11,1,12,0,0,8,8,8
THPACK9-005,plain,11,1,12,0,8,8,8,8
THPACK9-005,plain,11,3,0,0,12,12,4,4
THPACK9-005,plain,11,3,0,4,12,12,4,4
THPACK9-005,plain,12,2,0,0,0,12,8,12
THPACK9-005,plain,12,1,12,0,0,8,8,8
THPACK9-005,plain,12,1,12,0,8,8,8,8
THPACK9-005,plain,12,3,0,0,12,12,4,4
THPACK9-005,plain,12,3,0,4,12,12,4,4
THPACK9-005,plain,13,2,0,0,0,12,8,12
THPACK9-005,plain,13,1,12,0,0,8,8,8
THPACK9-005,plain,13,1,12,0,8,8,8,8
THPACK9-005,plain,13,3,0,0,12,12,4,4
THPACK9-005,plain,13,3,0,4,12,12,4,4
THPACK9-005,plain,14,2,0,0,0,12,8,12
THPACK9-005,plain,14,1,12,0,0,8,8,8
THPACK9-005,plain,14,1,12,0,8,8,8,8
THPACK9-005,plain,14,3,0,0,12,12,4,4
THPACK9-005,plain,14,3,0,4,12,12,4,4
THPACK9-005,plain,15,2,0,0,0,12,8,12
THPACK9-005,plain,15,1,12,0,0,8,8,8
THPACK9-005,plain,15,1,12,0,8,8,8,8
THPACK9-005,plain,15,3,0,0,12,12,4,4
THPACK9-005,plain,15,3,0,4,12,12,4,4
THPACK9-005,plain,16,2,0,0,0,12,8,12
THPACK9-005,plain,16,1,12,0,0,8,8,8
THPACK9-005,plain,16,1,12,0,8,8,8,8
THPACK9-005,plain,16,3,0,0,12,12,4,4
THPACK9-005,plain,16,3,0,4,12,12,4,4
THPACK9-005,plain,17,2,0,0,0,12,8,12
THPACK9-005,plain,17,1,12,0,0,8,8,8
THPACK9-005,plain,17,1,12,0,8,8,8,8
THPACK9-005,plain,17,3,0,0,12,12,4,4
THPACK9-005,plain,17,3,0,4,12,12,4,4
THPACK9-005,plain,18,2,0,0,0,12,8,12
THPACK9-005,plain,18,1,12,0,0,8,8,8
THPACK9-005,plain,18,1,12,0,8,8,8,8
THPACK9-005,plain,18,3,0,0,12,12,4,4
THPACK9-005,plain,18,3,0,4,12,12,4,4
THPACK9-005,plain,19,2,0,0,0,12,8,12
THPACK9-005,plain,19,1,12,0,0,8,8,8
THPACK9-005,plain,19,1,12,0,8,8,8,8
THPACK9-005,plain,19,3,0,0,12,12,4,4
THPACK9-005,plain,19,3,0,4,12,12,4,4
THPACK9-005,plain,20,2,0,0,0,12,8,12
THPACK9-005,plain,20,1,12,0,0,8,8,8
THPACK9-005,plain,20,1,12,0,8,8,8,8
THPACK9-005,plain,20,3,0,0,12,12,4,4
THPACK9-005,plain,20,3,0,4,12,12,4,4
THPACK9-005,plain,21,2,0,0,0,12,8,12
THPACK9-005,plain,21,1,12,0,0,8,8,8
THPACK9-005,plain,21,1,12,0,8,8,8,8
THPACK9-005,plain,21,3,0,0,12,12,4,4
THPACK9-005,plain,22,2,0,0,0,12,8,12
THPACK9-005,plain,22,1,12,0,0,8,8,8
THPACK9-005,plain,22,1,12,0,8,8,8,8
THPACK9-005,plain,23,2,0,0,0,12,8,12
THPACK9-005,plain,23,1,12,0,0,8,8,8
THPACK9-005,plain,23,1,12,0,8,8,8,8
THPACK9-005,plain,24,2,0,0,0,12,8,12
THPACK9-005,plain,24,1,12,0,0,8,8,8
THPACK9-005,plain,24,1,12,0,8,8,8,8
THPACK9-005,plain,25,2,0,0,0,12,8,12
THPACK9-005,plain,25,1,12,0,0,8,8,8
THPACK9-005,plain,25,1,12,0,8,8,8,8
THPACK9-005,plain,26,2,0,0,0,12,8,12
THPACK9-005,plain,26,1,12,0,0,8,8,8
THPACK9-005,plain,26,1,12,0,8,8,8,8
THPACK9-005,plain,27,2,0,0,0,12,8,12
THPACK9-005,plain,27,1,12,0,0,8,8,8
THPACK9-005,plain,27,1,12,0,8,8,8,8
THPACK9-005,plain,28,2,0,0,0,12,8,12
THPACK9-005,plain,28,1,12,0,0,8,8,8
THPACK9-005,plain,28,1,12,0,8,8,8,8
THPACK9-005,plain,29,2,0,0,0,12,8,12
THPACK9-005,plain,29,1,12,0,0,8,8,8
THPACK9-005,plain,29,1,12,0,8,8,8,8
THPACK9-005,plain,30,2,0,0,0,12,8,12
THPACK9-005,plain,30,1,12,0,0,8,8,8
THPACK9-005,plain,30,1,12,0,8,8,8,8
THPACK9-005,plain,31,2,0,0,0,12,8,12
THPACK9-005,plain,31,1,12,0,0,8,8,8
THPACK9-005,plain,31,1,12,0,8,8,8,8
THPACK9-005,plain,32,2,0,0,0,12,8,12
THPACK9-005,plain,32,1,12,0,0,8,8,8
THPACK9-005,plain,32,1,12,0,8,8,8,8
THPACK9-005,plain,33,2,0,0,0,12,8,12
THPACK9-005,plain,33,1,12,0,0,8,8,8
THPACK9-005,plain,33,1,12,0,8,8,8,8
THPACK9-005,plain,34,2,0,0,0,12,8,12
THPACK9-005,plain,34,1,12,0,0,8,8,8
THPACK9-005,plain,34,1,12,0,8,8,8,8
THPACK9-005,plain,35,2,0,0,0,12,8,12
THPACK9-005,plain,35,1,12,0,0,8,8,8
THPACK9-005,plain,35,1,12,0,8,8,8,8
THPACK9-005,plain,36,2,0,0,0,12,8,12
THPACK9-005,plain,36,1,12,0,0,8,8,8
THPACK9-005,plain,36,1,12,0,8,8,8,8
THPACK9-005,plain,37,2,0,0,0,12,8,12
THPACK9-005,plain,37,1,12,0,0,8,8,8
THPACK9-005,plain,37,1,12,0,8,8,8,8
THPACK9-005,plain,38,2,0,0,0,12,8,12
THPACK9-005,plain,38,1,12,0,0,8,8,8
THPACK9-005,plain,38,1,12,0,8,8,8,8
THPACK9-005,plain,39,2,0,0,0,12,8,12
THPACK9-005,plain,40,2,0,0,0,12,8,12
THPACK9-005,plain,41,2,0,0,0,12,8,12
THPACK9-005,plain,42,2,0,0,0,12,8,12
THPACK9-005,plain,43,2,0,0,0,12,8,12
THPACK9-005,plain,44,2,0,0,0,12,8,12
THPACK9-005,plain,45,2,0,0,0,12,8,12
THPACK9-005,plain,46,2,0,0,0,12,8,12
THPACK9-005,plain,47,2,0,0,0,12,8,12
THPACK9-005,plain,48,2,0,0,0,12,8,12
THPACK9-005,plain,49,2,0,0,0,12,8,12
THPACK9-005,plain,50,2,0,0,0,12,8,12
THPACK9-005,plain,51,2,0,0,0,12,8,12
THPACK9-005,plain,52,2,0,0,0,12,8,12
THPACK9-005,plain,53,2,0,0,0,12,8,12
THPACK9-005,plain,54,2,0,0,0,12,8,12
THPACK9-005,plain,55,2,0,0,0,12,8,12
THPACK9-005,plain,56,2,0,0,0,12,8,12
THPACK9-005,plain,57,2,0,0,0,12,8,12
THPACK9-005,plain,58,2,0,0,0,12,8,12
THPACK9-005,fast_brute_force,0,3,0,0,0,4,4,12
THPACK9-005,fast_brute_force,0,3,0,4,0,4,4,12
THPACK9-005,fast_brute_force,0,3,4,0,0,4,4,12
THPACK9-005,fast_brute_force,0,3,4,4,0,4,4,12
THPACK9-005,fast_brute_force,0,3,8,0,0,4,4,12
THPACK9-005,fast_brute_force,0,3,8,4,0,4,4,12
THPACK9-005,fast_brute_force,0,3,12,0,0,4,4,12
THPACK9-005,fast_brute_force,0,3,16,0,0,4,4,12
THPACK9-005,fast_brute_force,0,3,12,4,0,4,4,12
THPACK9-005,fast_brute_force,0,3,16,4,0,4,4,12
THPACK9-005,fast_brute_force,0,3,0,0,12,12,4,4
THPACK9-005,fast_brute_force,0,3,0,4,12,12,4,4
THPACK9-005,fast_brute_force,1,3,0,0,0,4,4,12
THPACK9-005,fast_brute_force,1,3,0,4,0,4,4,12
THPACK9-005,fast_brute_force,1,3,4,0,0,4,4,12
THPACK9-005,fast_brute_force,1,3,4,4,0,4,4,12
THPACK9-005,fast_brute_force,1,3,8,0,0,4,4,12
THPACK9-005,fast_brute_force,1,3,8,4,0,4,4,12
THPACK9-005,fast_brute_force,1,3,12,0,0,4,4,12
THPACK9-005,fast_brute_force,1,3,16,0,0,4,4,12
THPACK9-005,fast_brute_force,1,3,12,4,0,4,4,12
THPACK9-005,fast_brute_force,1,3,16,4,0,4,4,12
THPACK9-005,fast_brute_force,1,3,0,0,12,12,4,4
THPACK9-005,fast_brute_force,1,3,0,4,12,12,4,4
THPACK9-005,fast_brute_force,2,0,0,0,0,16,8,4
THPACK9-005,fast_brute_force,2,0,0,0,4,16,8,4
THPACK9-005,fast_brute_force,2,0,0,0,8,16,8,4
THPACK9-005,fast_brute_force,2,0,0,0,12,16,8,4
THPACK9-005,fast_brute_force,2,0,16,0,0,4,8,16
THPACK9-005,fast_brute_force,3,0,0,0,0,16,8,4
THPACK9-005,fast_brute_force,3,0,0,0,4,16,8,4
THPACK9-005,fast_brute_force,3,0,0,0,8,16,8,4
THPACK9-005,fast_brute_force,3,0,0,0,12,16,8,4
THPACK9-005,fast_brute_force,3,0,16,0,0,4,8,16
THPACK9-005,fast_brute_force,4,0,0,0,0,16,8,4
THPACK9-005,fast_brute_force,4,0,0,0,4,16,8,4
THPACK9-005,fast_brute_force,4,0,0,0,8,16,8,4
THPACK9-005,fast_brute_force,4,0,0,0,12,16,8,4
THPACK9-005,fast_brute_force,4,0,16,0,0,4,8,16
THPACK9-005,fast_brute_force,5,0,0,0,0,16,8,4
THPACK9-005,fast_brute_force,5,0,0,0,4,16,8,4
THPACK9-005,fast_brute_force,5,0,0,0,8,16,8,4
THPACK9-005,fast_brute_force,5,0,0,0,12,16,8,4
THPACK9-005,fast_brute_force,5,0,16,0,0,4,8,16
THPACK9-005,fast_brute_force,6,0,0,0,0,16,8,4
THPACK9-005,fast_brute_force,6,0,0,0,4,16,8,4
THPACK9-005,fast_brute_force,6,0,0,0,8,16,8,4
THPACK9-005,fast_brute_force,6,0,0,0,12,16,8,4
THPACK9-005,fast_brute_force,6,0,16,0,0,4,8,16
THPACK9-005,fast_brute_force,7,0,0,0,0,16,8,4
THPACK9-005,fast_brute_force,7,0,0,0,4,16,8,4
THPACK9-005,fast_brute_force,7,0,0,0,8,16,8,4
THPACK9-005,fast_brute_force,7,0,0,0,12,16,8,4
THPACK9-005,fast_brute_force,7,0,16,0,0,4,8,16
THPACK9-005,fast_brute_force,8,0,0,0,0,16,8,4
THPACK9-005,fast_brute_force,8,0,0,0,4,16,8,4
THPACK9-005,fast_brute_force,8,0,0,0,8,16,8,4
THPACK9-005,fast_brute_force,8,0,0,0,12,16,8,4
THPACK9-005,fast_brute_force,8,0,16,0,0,4,8,16
THPACK9-005,fast_brute_force,9,0,0,0,0,16,8,4
THPACK9-005,fast_brute_force,9,0,0,0,4,16,8,4
THPACK9-005,fast_brute_force,9,0,0,0,8,16,8,4
THPACK9-005,fast_brute_force,9,0,0,0,12,16,8,4
THPACK9-005,fast_brute_force,9,0,16,0,0,4,8,16
THPACK9-005,fast_brute_force,10,0,0,0,0,16,8,4
THPACK9-005,fast_brute_force,10,0,0,0,4,16,8,4
THPACK9-005,fast_brute_force,10,0,0,0,8,16,8,4
THPACK9-005,fast_brute_force,10,0,0,0,12,16,8,4
THPACK9-005,fast_brute_force,10,0,16,0,0,4,8,16
THPACK9-005,fast_brute_force,11,3,0,0,0,4,4,12
THPACK9-005,fast_brute_force,11,1,4,0,0,8,8,8
THPACK9-005,fast_brute_force,11,1,12,0,0,8,8,8
THPACK9-005,fast_brute_force,11,1,4,0,8,8,8,8
THPACK9-005,fast_brute_force,11,1,12,0,8,8,8,8
THPACK9-005,fast_brute_force,12,1,0,0,0,8,8,8
THPACK9-005,fast_brute_force,12,1,8,0,0,8,8,8
THPACK9-005,fast_brute_force,12,1,0,0,8,8,8,8
THPACK9-005,fast_brute_force,12,1,8,0,8,8,8,8
THPACK9-005,fast_brute_force,13,1,0,0,0,8,8,8
THPACK9-005,fast_brute_force,13,1,8,0,0,8,8,8
THPACK9-005,fast_brute_force,13,1,0,0,8,8,8,8
THPACK9-005,fast_brute_force,13,1,8,0,8,8,8,8
THPACK9-005,fast_brute_force,14,1,0,0,0,8,8,8
THPACK9-005,fast_brute_force,14,1,8,0,0,8,8,8
THPACK9-005,fast_brute_force,14,1,0,0,8,8,8,8
THPACK9-005,fast_brute_force,14,1,8,0,8,8,8,8
THPACK9-005,fast_brute_force,15,1,0,0,0,8,8,8
THPACK9-005,fast_brute_force,15,1,8,0,0,8,8,8
THPACK9-005,fast_brute_force,15,1,0,0,8,8,8,8
THPACK9-005,fast_brute_force,15,1,8,0,8,8,8,8
THPACK9-005,fast_brute_force,16,1,0,0,0,8,8,8
THPACK9-005,fast_brute_force,16,1,8,0,0,8,8,8
THPACK9-005,fast_brute_force,16,1,0,0,8,8,8,8
THPACK9-005,fast_brute_force,16,1,8,0,8,8,8,8
THPACK9-005,fast_brute_force,17,1,0,0,0,8,8,8
THPACK9-005,fast_brute_force,17,1,8,0,0,8,8,8
THPACK9-005,fast_brute_force,17,1,0,0,8,8,8,8
THPACK9-005,fast_brute_force,17,1,8,0,8,8,8,8
THPACK9-005,fast_brute_force,18,1,0,0,0,8,8,8
THPACK9-005,fast_brute_force,18,1,8,0,0,8,8,8
THPACK9-005,fast_brute_force,18,1,0,0,8,8,8,8
THPACK9-005,fast_brute_force,18,1,8,0,8,8,8,8
THPACK9-005,fast_brute_force,19,1,0,0,0,8,8,8
THPACK9-005,fast_brute_force,19,1,8,0,0,8,8,8
THPACK9-005,fast_brute_force,19,1,0,0,8,8,8,8
THPACK9-005,fast_brute_force,19,1,8,0,8,8,8,8
THPACK9-005,fast_brute_force,20,1,0,0,0,8,8,8
THPACK9-005,fast_brute_force,20,1,8,0,0,8,8,8
THPACK9-005,fast_brute_force,20,1,0,0,8,8,8,8
THPACK9-005,fast_brute_force,20,1,8,0,8,8,8,8
THPACK9-005,fast_brute_force,21,1,0,0,0,8,8,8
THPACK9-005,fast_brute_force,21,1,8,0,0,8,8,8
THPACK9-005,fast_brute_force,21,1,0,0,8,8,8,8
THPACK9-005,fast_brute_force,21,1,8,0,8,8,8,8
THPACK9-005,fast_brute_force,22,1,0,0,0,8,8,8
THPACK9-005,fast_brute_force,22,1,8,0,0,8,8,8
THPACK9-005,fast_brute_force,22,1,0,0,8,8,8,8
THPACK9-005,fast_brute_force,22,1,8,0,8,8,8,8
THPACK9-005,fast_brute_force,23,1,0,0,0,8,8,8
THPACK9-005,fast_brute_force,23,1,8,0,0,8,8,8
THPACK9-005,fast_brute_force,23,1,0,0,8,8,8,8
THPACK9-005,fast_brute_force,23,1,8,0,8,8,8,8
THPACK9-005,fast_brute_force,24,1,0,0,0,8,8,8
THPACK9-005,fast_brute_force,24,1,8,0,0,8,8,8
THPACK9-005,fast_brute_force,24,1,0,0,8,8,8,8
THPACK9-005,fast_brute_force,24,1,8,0,8,8,8,8
THPACK9-005,fast_brute_force,25,1,0,0,0,8,8,8
THPACK9-005,fast_brute_force,25,1,8,0,0,8,8,8
THPACK9-005,fast_brute_force,25,1,0,0,8,8,8,8
THPACK9-005,fast_brute_force,25,1,8,0,8,8,8,8
THPACK9-005,fast_brute_force,26,2,0,0,0,12,8,12
THPACK9-005,fast_brute_force,27,2,0,0,0,12,8,12
THPACK9-005,fast_brute_force,28,2,0,0,0,12,8,12
THPACK9-005,fast_brute_force,29,2,0,0,0,12,8,12
THPACK9-005,fast_brute_force,30,2,0,0,0,12,8,12
THPACK9-005,fast_brute_force,31,2,0,0,0,12,8,12
THPACK9-005,fast_brute_force,32,2,0,0,0,12,8,12
THPACK9-005,fast_brute_force,33,2,0,0,0,12,8,12
THPACK9-005,fast_brute_force,34,2,0,0,0,12,8,12
THPACK9-005,fast_brute_force,35,2,0,0,0,12,8,12
THPACK9-005,fast_brute_force,36,2,0,0,0,12,8,12
THPACK9-005,fast_brute_force,37,2,0,0,0,12,8,12
THPACK9-005,fast_brute_force,38,2,0,0,0,12,8,12
THPACK9-005,fast_brute_force,39,2,0,0,0,12,8,12
THPACK9-005,fast_brute_force,40,2,0,0,0,12,8,12
THPACK9-005,fast_brute_force,41,2,0,0,0,12,8,12
THPACK9-005,fast_brute_force,42,2,0,0,0,12,8,12
THPACK9-005,fast_brute_force,43,2,0,0,0,12,8,12
THPACK9-005,fast_brute_force,44,2,0,0,0,12,8,12
THPACK9-005,fast_brute_force,45,2,0,0,0,12,8,12
THPACK9-005,fast_brute_force,46,2,0,0,0,12,8,12
THPACK9-005,fast_brute_force,47,2,0,0,0,12,8,12
THPACK9-005,fast_brute_force,48,2,0,0,0,12,8,12
THPACK9-005,fast_brute_force,49,2,0,0,0,12,8,12
THPACK9-005,fast_brute_force,50,2,0,0,0,12,8,12
THPACK9-005,fast_brute_force,51,2,0,0,0,12,8,12
THPACK9-005,fast_brute_force,52,2,0,0,0,12,8,12
THPACK9-005,fast_brute_force,53,2,0,0,0,12,8,12
THPACK9-005,fast_brute_force,54,2,0,0,0,12,8,12
THPACK9-005,fast_brute_force,55,2,0,0,0,12,8,12
THPACK9-005,fast_brute_force,56,2,0,0,0,12,8,12
THPACK9-005,fast_brute_force,57,2,0,0,0,12,8,12
THPACK9-005,fast_brute_force,58,2,0,0,0,12,8,12
THPACK9-005,fast_brute_force,59,2,0,0,0,12,8,12
THPACK9-005,fast_brute_force,60,2,0,0,0,12,8,12
THPACK9-005,fast_brute_force,61,2,0,0,0,12,8,12
THPACK9-005,fast_brute_force,62,2,0,0,0,12,8,12
THPACK9-005,fast_brute_force,63,2,0,0,0,12,8,12
THPACK9-005,fast_brute_force,64,2,0,0,0,12,8,12
THPACK9-005,fast_brute_force,65,2,0,0,0,12,8,12
THPACK9-005,fast_brute_force,66,2,0,0,0,12,8,12
THPACK9-005,fast_brute_force,67,2,0,0,0,12,8,12
THPACK9-005,fast_brute_force,68,2,0,0,0,12,8,12
THPACK9-005,fast_brute_force,69,2,0,0,0,12,8,12
THPACK9-005,fast_brute_force,70,2,0,0,0,12,8,12
THPACK9-005,fast_brute_force,71,2,0,0,0,12,8,12
THPACK9-005,fast_brute_force,72,2,0,0,0,12,8,12
THPACK9-005,fast_brute_force,73,2,0,0,0,12,8,12
THPACK9-005,fast_brute_force,74,2,0,0,0,12,8,12
THPACK9-005,fast_brute_force,75,2,0,0,0,12,8,12
THPACK9-006,laff,0,2,0,0,0,15,15,5
THPACK9-006,laff,0,0,15,0,0,5,10,5
THPACK9-006,laff,0,2,0,0,5,15,15,5
THPACK9-006,laff,0,0,15,0,5,5,10,5
THPACK9-006,laff,0,2,0,0,10,15,15,5
THPACK9-006,laff,0,0,15,0,10,5,10,5
THPACK9-006,laff,0,2,0,0,15,15,15,5
THPACK9-006,laff,0,0,15,0,15,5,10,5
THPACK9-006,laff,0,2,0,0,20,15,15,5
THPACK9-006,laff,0,0,15,0,20,5,10,5
THPACK9-006,laff,1,2,0,0,0,15,15,5
THPACK9-006,laff,1,0,15,0,0,5,10,5
THPACK9-006,laff,1,2,0,0,5,15,15,5
THPACK9-006,laff,1,0,15,0,5,5,10,5
THPACK9-006,laff,1,2,0,0,10,15,15,5
THPACK9-006,laff,1,0,15,0,10,5,10,5
THPACK9-006,laff,1,2,0,0,15,15,15,5
THPACK9-006,laff,1,0,15,0,15,5,10,5
THPACK9-006,laff,1,2,0,0,20,15,15,5
THPACK9-006,laff,1,0,15,0,20,5,10,5
THPACK9-006,laff,2,2,0,0,0,15,15,5
THPACK9-006,laff,2,0,15,0,0,5,10,5
THPACK9-006,laff,2,2,0,0,5,15,15,5
THPACK9-006,laff,2,0,15,0,5,5,10,5
THPACK9-006,laff,2,2,0,0,10,15,15,5
THPACK9-006,laff,2,0,15,0,10,5,10,5
THPACK9-006,laff,2,2,0,0,15,15,15,5
THPACK9-006,laff,2,0,15,0,15,5,10,5
THPACK9-006,laff,2,2,0,0,20,15,15,5
THPACK9-006,laff,2,0,15,0,20,5,10,5
THPACK9-006,laff,3,2,0,0,0,15,15,5
THPACK9-006,laff,3,0,15,0,0,5,10,5
THPACK9-006,laff,3,2,0,0,5,15,15,5
THPACK9-006,laff,3,0,15,0,5,5,10,5
THPACK9-006,laff,3,2,0,0,10,15,15,5
THPACK9-006,laff,3,0,15,0,10,5,10,5
THPACK9-006,laff,3,2,0,0,15,15,15,5
THPACK9-006,laff,3,0,15,0,15,5,10,5
THPACK9-006,laff,3,2,0,0,20,15,15,5
THPACK9-006,laff,3,0,15,0,20,5,10,5
THPACK9-006,laff,4,2,0,0,0,15,15,5
THPACK9-006,laff,4,0,15,0,0,5,10,5
THPACK9-006,laff,4,2,0,0,5,15,15,5
THPACK9-006,laff,4,0,15,0,5,5,10,5
THPACK9-006,laff,4,2,0,0,10,15,15,5
THPACK9-006,laff,4,0,15,0,10,5,10,5
THPACK9-006,laff,4,2,0,0,15,15,15,5
THPACK9-006,laff,4,0,15,0,15,5,10,5
THPACK9-006,laff,4,2,0,0,20,15,15,5
THPACK9-006,laff,4,0,15,0,20,5,10,5
THPACK9-006,laff,5,2,0,0,0,15,15,5
THPACK9-006,laff,5,0,15,0,0,5,10,5
THPACK9-006,laff,5,2,0,0,5,15,15,5
THPACK9-006,laff,5,0,15,0,5,5,10,5
THPACK9-006,laff,5,2,0,0,10,15,15,5
THPACK9-006,laff,5,0,15,0,10,5,10,5
THPACK9-006,laff,5,1,0,0,15,10,15,5
THPACK9-006,laff,5,1,10,0,15,10,15,5
THPACK9-006,laff,5,1,0,0,20,10,15,5
THPACK9-006,laff,5,1,10,0,20,10,15,5
THPACK9-006,laff,6,1,0,0,0,10,15,5
THPACK9-006,laff,6,1,10,0,0,10,15,5
THPACK9-006,laff,6,1,0,0,5,10,15,5
THPACK9-006,laff,6,1,10,0,5,10,15,5
THPACK9-006,laff,6,1,0,0,10,10,15,5
THPACK9-006,laff,6,1,10,0,10,10,15,5
THPACK9-006,laff,6,1,0,0,15,10,15,5
THPACK9-006,laff,6,1,10,0,15,10,15,5
THPACK9-006,laff,6,1,0,0,20,10,15,5
THPACK9-006,laff,6,1,10,0,20,10,15,5
THPACK9-006,laff,7,1,0,0,0,10,15,5
THPACK9-006,laff,7,1,10,0,0,10,15,5
THPACK9-006,laff,7,1,0,0,5,10,15,5
THPACK9-006,laff,7,1,10,0,5,10,15,5
THPACK9-006,laff,7,1,0,0,10,10,15,5
THPACK9-006,laff,7,1,10,0,10,10,15,5
THPACK9-006,laff,7,1,0,0,15,10,15,5
THPACK9-006,laff,7,1,10,0,15,10,15,5
THPACK9-006,laff,7,1,0,0,20,10,15,5
THPACK9-006,laff,7,1,10,0,20,10,15,5
THPACK9-006,laff,8,1,0,0,0,10,15,5
THPACK9-006,laff,8,1,10,0,0,10,15,5
THPACK9-006,laff,8,1,0,0,5,10,15,5
THPACK9-006,laff,8,1,10,0,5,10,15,5
THPACK9-006,laff,8,1,0,0,10,10,15,5
THPACK9-006,laff,8,1,10,0,10,10,15,5
THPACK9-006,laff,8,1,0,0,15,10,15,5
THPACK9-006,laff,8,1,10,0,15,10,15,5
THPACK9-006,laff,8,1,0,0,20,10,15,5
THPACK9-006,laff,8,1,10,0,20,10,15,5
THPACK9-006,laff,9,1,0,0,0,10,15,5
THPACK9-006,laff,9,1,10,0,0,10,15,5
THPACK9-006,laff,9,1,0,0,5,10,15,5
THPACK9-006,laff,9,1,10,0,5,10,15,5
THPACK9-006,laff,9,1,0,0,10,10,15,5
THPACK9-006,laff,9,1,10,0,10,10,15,5
THPACK9-006,laff,9,0,0,0,15,10,5,5
THPACK9-006,laff,9,0,0,5,15,10,5,5
THPACK9-006,laff,9,0,0,10,15,10,5,5
THPACK9-006,laff,9,0,10,0,15,10,5,5
THPACK9-006,laff,9,0,10,5,15,10,5,5
THPACK9-006,laff,9,0,10,10,15,10,5,5
THPACK9-006,laff,9,0,0,0,20,10,5,5
THPACK9-006,plain,0,2,0,0,0,15,15,5
THPACK9-006,plain,0,2,0,0,5,15,15,5
THPACK9-006,plain,0,2,0,0,10,15,15,5
THPACK9-006,plain,0,2,0,0,15,15,15,5
THPACK9-006,plain,0,2,0,0,20,15,15,5
THPACK9-006,plain,0,1,15,0,0,5,15,10
THPACK9-006,plain,0,1,15,0,10,5,15,10
THPACK9-006,plain,0,0,15,0,20,5,10,5
THPACK9-006,plain,1,2,0,0,0,15,15,5
THPACK9-006,plain,1,2,0,0,5,15,15,5
THPACK9-006,plain,1,2,0,0,10,15,15,5
THPACK9-006,plain,1,2,0,0,15,15,15,5
THPACK9-006,plain,1,2,0,0,20,15,15,5
THPACK9-006,plain,1,1,15,0,0,5,15,10
THPACK9-006,plain,1,1,15,0,10,5,15,10
THPACK9-006,plain,1,0,15,0,20,5,10,5
THPACK9-006,plain,2,2,0,0,0,15,15,5
THPACK9-006,plain,2,2,0,0,5,15,15,5
THPACK9-006,plain,2,2,0,0,10,15,15,5
THPACK9-006,plain,2,2,0,0,15,15,15,5
THPACK9-006,plain,2,2,0,0,20,15,15,5
THPACK9-006,plain,2,1,15,0,0,5,15,10
THPACK9-006,plain,2,1,15,0,10,5,15,10
THPACK9-006,plain,2,0,15,0,20,5,10,5
THPACK9-006,plain,3,2,0,0,0,15,15,5
THPACK9-006,plain,3,2,0,0,5,15,15,5
THPACK9-006,plain,3,2,0,0,10,15,15,5
THPACK9-006,plain,3,2,0,0,15,15,15,5
THPACK9-006,plain,3,2,0,0,20,15,15,5
THPACK9-006,plain,3,1,15,0,0,5,15,10
THPACK9-006,plain,3,1,15,0,10,5,15,10
THPACK9-006,plain,3,0,15,0,20,5,10,5
THPACK9-006,plain,4,2,0,0,0,15,15,5
THPACK9-006,plain,4,2,0,0,5,15,15,5
THPACK9-006,plain,4,2,0,0,10,15,15,5
THPACK9-006,plain,4,2,0,0,15,15,15,5
THPACK9-006,plain,4,2,0,0,20,15,15,5
THPACK9-006,plain,4,1,15,0,0,5,15,10
THPACK9-006,plain,4,1,15,0,10,5,15,10
THPACK9-006,plain,4,0,15,0,20,5,10,5
THPACK9-006,plain,5,2,0,0,0,15,15,5
THPACK9-006,plain,5,2,0,0,5,15,15,5
THPACK9-006,plain,5,2,0,0,10,15,15,5
THPACK9-006,plain,5,1,0,0,15,10,15,5
THPACK9-006,plain,5,1,0,0,20,10,15,5
THPACK9-006,plain,5,1,10,0,15,5,15,10
THPACK9-006,plain,5,1,15,0,0,5,15,10
THPACK9-006,plain,5,1,15,0,10,5,15,10
THPACK9-006,plain,5,0,15,0,20,5,10,5
THPACK9-006,plain,6,1,0,0,0,10,15,5
THPACK9-006,plain,6,1,0,0,5,10,15,5
THPACK9-006,plain,6,1,0,0,10,10,15,5
THPACK9-006,plain,6,1,0,0,15,10,15,5
THPACK9-006,plain,6,1,0,0,20,10,15,5
THPACK9-006,plain,6,1,10,0,0,10,15,5
THPACK9-006,plain,6,1,10,0,5,10,15,5
THPACK9-006,plain,6,1,10,0,10,10,15,5
THPACK9-006,plain,6,1,10,0,15,10,15,5
THPACK9-006,plain,6,1,10,0,20,10,15,5
THPACK9-006,plain,7,1,0,0,0,10,15,5
THPACK9-006,plain,7,1,0,0,5,10,15,5
THPACK9-006,plain,7,1,0,0,10,10,15,5
THPACK9-006,plain,7,1,0,0,15,10,15,5
THPACK9-006,plain,7,1,0,0,20,10,15,5
THPACK9-006,plain,7,1,10,0,0,10,15,5
THPACK9-006,plain,7,1,10,0,5,10,15,5
THPACK9-006,plain,7,1,10,0,10,10,15,5
THPACK9-006,plain,7,1,10,0,15,10,15,5
THPACK9-006,plain,7,1,10,0,20,10,15,5
THPACK9-006,plain,8,1,0,0,0,10,15,5
THPACK9-006,plain,8,1,0,0,5,10,15,5
THPACK9-006,plain,8,1,0,0,10,10,15,5
THPACK9-006,plain,8,1,0,0,15,10,15,5
THPACK9-006,plain,8,1,0,0,20,10,15,5
THPACK9-006,plain,8,0,10,0,0,10,5,5
THPACK9-006,plain,8,0,10,0,5,10,5,5
THPACK9-006,plain,8,0,10,0,10,10,5,5
THPACK9-006,plain,8,0,10,0,15,10,5,5
THPACK9-006,plain,8,0,10,0,20,10,5,5
THPACK9-006,plain,8,0,10,5,0,10,5,5
THPACK9-006,plain,8,0,10,5,5,10,5,5
THPACK9-006,plain,8,0,10,5,10,10,5,5
THPACK9-006,plain,8,0,10,5,15,10,5,5
THPACK9-006,plain,8,0,10,5,20,10,5,5
THPACK9-006,plain,8,0,10,10,0,10,5,5
THPACK9-006,plain,8,0,10,10,5,10,5,5
THPACK9-006,plain,8,0,10,10,10,10,5,5
THPACK9-006,plain,8,0,10,10,15,10,5,5
THPACK9-006,plain,8,0,10,10,20,10,5,5
THPACK9-006,plain,9,0,0,0,0,10,5,5
THPACK9-006,plain,9,0,0,0,5,10,5,5
THPACK9-006,plain,9,0,0,0,10,10,5,5
THPACK9-006,plain,9,0,0,0,15,10,5,5
THPACK9-006,plain,9,0,0,0,20,10,5,5
THPACK9-006,plain,9,0,0,5,0,10,5,5
THPACK9-006,plain,9,0,0,5,5,10,5,5
THPACK9-006,plain,9,0,0,5,10,10,5,5
THPACK9-006,plain,9,0,0,5,15,10,5,5
THPACK9-006,plain,9,0,0,5,20,10,5,5
THPACK9-006,plain,9,0,0,10,0,10,5,5
THPACK9-006,plain,9,0,0,10,5,10,5,5
THPACK9-006,plain,9,0,0,10,10,10,5,5
THPACK9-006,plain,9,0,0,10,15,10,5,5
THPACK9-007,laff,0,2,0,0,0,15,15,5
THPACK9-007,laff,0,2,0,0,5,15,15,5
THPACK9-007,laff,0,2,0,0,10,15,15,5
THPACK9-007,laff,0,2,0,0,15,15,15,5
THPACK9-007,laff,1,2,0,0,0,15,15,5
THPACK9-007,laff,1,2,0,0,5,15,15,5
THPACK9-007,laff,1,2,0,0,10,15,15,5
THPACK9-007,laff,1,2,0,0,15,15,15,5
THPACK9-007,laff,2,2,0,0,0,15,15,5
THPACK9-007,laff,2,2,0,0,5,15,15,5
THPACK9-007,laff,2,2,0,0,10,15,15,5
THPACK9-007,laff,2,2,0,0,15,15,15,5
THPACK9-007,laff,3,2,0,0,0,15,15,5
THPACK9-007,laff,3,2,0,0,5,15,15,5
THPACK9-007,laff,3,2,0,0,10,15,15,5
THPACK9-007,laff,3,2,0,0,15,15,15,5
THPACK9-007,laff,4,2,0,0,0,15,15,5
THPACK9-007,laff,4,2,0,0,5,15,15,5
THPACK9-007,laff,4,2,0,0,10,15,15,5
THPACK9-007,laff,4,2,0,0,15,15,15,5
THPACK9-007,laff,5,2,0,0,0,15,15,5
THPACK9-007,laff,5,2,0,0,5,15,15,5
THPACK9-007,laff,5,2,0,0,10,15,15,5
THPACK9-007,laff,5,2,0,0,15,15,15,5
THPACK9-007,laff,6,2,0,0,0,15,15,5
THPACK9-007,laff,6,2,0,0,5,15,15,5
THPACK9-007,laff,6,2,0,0,10,15,15,5
THPACK9-007,laff,6,2,0,0,15,15,15,5
THPACK9-007,laff,7,1,0,0,0,10,15,5
THPACK9-007,laff,7,0,10,0,0,5,10,5
THPACK9-007,laff,7,1,0,0,5,10,15,5
THPACK9-007,laff,7,0,10,0,5,5,10,5
THPACK9-007,laff,7,1,0,0,10,10,15,5
THPACK9-007,laff,7,0,10,0,10,5,10,5
THPACK9-007,laff,7,1,0,0,15,10,15,5
THPACK9-007,laff,7,0,10,0,15,5,10,5
THPACK9-007,laff,8,1,0,0,0,10,15,5
THPACK9-007,laff,8,0,10,0,0,5,10,5
THPACK9-007,laff,8,1,0,0,5,10,15,5
THPACK9-007,laff,8,0,10,0,5,5,10,5
THPACK9-007,laff,8,1,0,0,10,10,15,5
THPACK9-007,laff,8,0,10,0,10,5,10,5
THPACK9-007,laff,8,1,0,0,15,10,15,5
THPACK9-007,laff,8,0,10,0,15,5,10,5
THPACK9-007,laff,9,1,0,0,0,10,15,5
THPACK9-007,laff,9,0,10,0,0,5,10,5
THPACK9-007,laff,9,1,0,0,5,10,15,5
THPACK9-007,laff,9,0,10,0,5,5,10,5
THPACK9-007,laff,9,1,0,0,10,10,15,5
THPACK9-007,laff,9,0,10,0,10,5,10,5
THPACK9-007,laff,9,1,0,0,15,10,15,5
THPACK9-007,laff,9,0,10,0,15,5,10,5
THPACK9-007,laff,10,1,0,0,0,10,15,5
THPACK9-007,laff,10,0,10,0,0,5,10,5
THPACK9-007,laff,10,1,0,0,5,10,15,5
THPACK9-007,laff,10,0,10,0,5,5,10,5
THPACK9-007,laff,10,1,0,0,10,10,15,5
THPACK9-007,laff,10,0,10,0,10,5,10,5
THPACK9-007,laff,10,1,0,0,15,10,15,5
THPACK9-007,laff,10,0,10,0,15,5,10,5
THPACK9-007,laff,11,1,0,0,0,10,15,5
THPACK9-007,laff,11,0,10,0,0,5,10,5
THPACK9-007,laff,11,1,0,0,5,10,15,5
THPACK9-007,laff,11,0,10,0,5,5,10,5
THPACK9-007,laff,11,1,0,0,10,10,15,5
THPACK9-007,laff,11,0,10,0,10,5,10,5
THPACK9-007,laff,11,1,0,0,15,10,15,5
THPACK9-007,laff,11,0,10,0,15,5,10,5
THPACK9-007,laff,12,1,0,0,0,10,15,5
THPACK9-007,laff,12,0,10,0,0,5,10,5
THPACK9-007,laff,12,1,0,0,5,10,15,5
THPACK9-007,laff,12,0,10,0,5,5,10,5
THPACK9-007,laff,12,1,0,0,10,10,15,5
THPACK9-007,laff,12,0,10,0,10,5,10,5
THPACK9-007,laff,12,1,0,0,15,10,15,5
THPACK9-007,laff,12,0,10,0,15,5,10,5
THPACK9-007,laff,13,1,0,0,0,10,15,5
THPACK9-007,laff,13,0,10,0,0,5,10,5
THPACK9-007,laff,13,1,0,0,5,10,15,5
THPACK9-007,laff,13,0,10,0,5,5,10,5
THPACK9-007,laff,13,1,0,0,10,10,15,5
THPACK9-007,laff,13,0,10,0,10,5,10,5
THPACK9-007,laff,13,1,0,0,15,10,15,5
THPACK9-007,laff,13,0,10,0,15,5,10,5
THPACK9-007,laff,14,1,0,0,0,10,15,5
THPACK9-007,laff,14,0,10,0,0,5,10,5
THPACK9-007,laff,14,1,0,0,5,10,15,5
THPACK9-007,laff,14,0,10,0,5,5,10,5
THPACK9-007,laff,14,1,0,0,10,10,15,5
THPACK9-007,laff,14,0,10,0,10,5,10,5
THPACK9-007,laff,14,1,0,0,15,10,15,5
THPACK9-007,laff,14,0,10,0,15,5,10,5
THPACK9-007,laff,15,1,0,0,0,10,15,5
THPACK9-007,laff,15,0,10,0,0,5,10,5
THPACK9-007,laff,15,1,0,0,5,10,15,5
THPACK9-007,laff,15,0,10,0,5,5,10,5
THPACK9-007,laff,15,1,0,0,10,10,15,5
THPACK9-007,laff,15,0,10,0,10,5,10,5
THPACK9-007,laff,15,1,0,0,15,10,15,5
THPACK9-007,laff,16,1,0,0,0,10,15,5
THPACK9-007,laff,16,1,0,0,5,10,15,5
THPACK9-007,laff,16,1,0,0,10,10,15,5
THPACK9-007,laff,16,1,0,0,15,10,15,5
THPACK9-007,plain,0,2,0,0,0,15,15,5
THPACK9-007,plain,0,2,0,0,5,15,15,5
THPACK9-007,plain,0,2,0,0,10,15,15,5
THPACK9-007,plain,0,2,0,0,15,15,15,5
THPACK9-007,plain,1,2,0,0,0,15,15,5
THPACK9-007,plain,1,2,0,0,5,15,15,5
THPACK9-007,plain,1,2,0,0,10,15,15,5
THPACK9-007,plain,1,2,0,0,15,15,15,5
THPACK9-007,plain,2,2,0,0,0,15,15,5
THPACK9-007,plain,2,2,0,0,5,15,15,5
THPACK9-007,plain,2,2,0,0,10,15,15,5
THPACK9-007,plain,2,2,0,0,15,15,15,5
THPACK9-007,plain,3,2,0,0,0,15,15,5
THPACK9-007,plain,3,2,0,0,5,15,15,5
THPACK9-007,plain,3,2,0,0,10,15,15,5
THPACK9-007,plain,3,2,0,0,15,15,15,5
THPACK9-007,plain,4,2,0,0,0,15,15,5
THPACK9-007,plain,4,2,0,0,5,15,15,5
THPACK9-007,plain,4,2,0,0,10,15,15,5
THPACK9-007,plain,4,2,0,0,15,15,15,5
THPACK9-007,plain,5,2,0,0,0,15,15,5
THPACK9-007,plain,5,2,0,0,5,15,15,5
THPACK9-007,plain,5,2,0,0,10,15,15,5
THPACK9-007,plain,5,2,0,0,15,15,15,5
THPACK9-007,plain,6,2,0,0,0,15,15,5
THPACK9-007,plain,6,2,0,0,5,15,15,5
THPACK9-007,plain,6,2,0,0,10,15,15,5
THPACK9-007,plain,6,2,0,0,15,15,15,5
THPACK9-007,plain,7,1,0,0,0,10,15,5
THPACK9-007,plain,7,1,0,0,5,10,15,5
THPACK9-007,plain,7,1,0,0,10,10,15,5
THPACK9-007,plain,7,1,0,0,15,10,15,5
THPACK9-007,plain,7,1,10,0,0,5,15,10
THPACK9-007,plain,7,1,10,0,10,5,15,10
THPACK9-007,plain,8,1,0,0,0,10,15,5
THPACK9-007,plain,8,1,0,0,5,10,15,5
THPACK9-007,plain,8,1,0,0,10,10,15,5
THPACK9-007,plain,8,1,0,0,15,10,15,5
THPACK9-007,plain,8,1,10,0,0,5,15,10
THPACK9-007,plain,8,1,10,0,10,5,15,10
THPACK9-007,plain,9,1,0,0,0,10,15,5
THPACK9-007,plain,9,1,0,0,5,10,15,5
THPACK9-007,plain,9,1,0,0,10,10,15,5
THPACK9-007,plain,9,1,0,0,15,10,15,5
THPACK9-007,plain,9,1,10,0,0,5,15,10
THPACK9-007,plain,9,1,10,0,10,5,15,10
THPACK9-007,plain,10,1,0,0,0,10,15,5
THPACK9-007,plain,10,1,0,0,5,10,15,5
THPACK9-007,plain,10,1,0,0,10,10,15,5
THPACK9-007,plain,10,1,0,0,15,10,15,5
THPACK9-007,plain,10,1,10,0,0,5,15,10
THPACK9-007,plain,10,1,10,0,10,5,15,10
THPACK9-007,plain,11,1,0,0,0,10,15,5
THPACK9-007,plain,11,1,0,0,5,10,15,5
THPACK9-007,plain,11,1,0,0,10,10,15,5
THPACK9-007,plain,11,1,0,0,15,10,15,5
THPACK9-007,plain,11,1,10,0,0,5,15,10
THPACK9-007,plain,11,1,10,0,10,5,15,10
THPACK9-007,plain,12,1,0,0,0,10,15,5
THPACK9-007,plain,12,1,0,0,5,10,15,5
THPACK9-007,plain,12,1,0,0,10,10,15,5
THPACK9-007,plain,12,1,0,0,15,10,15,5
THPACK9-007,plain,12,1,10,0,0,5,15,10
THPACK9-007,plain,12,1,10,0,10,5,15,10
THPACK9-007,plain,13,1,0,0,0,10,15,5
THPACK9-007,plain,13,1,0,0,5,10,15,5
THPACK9-007,plain,13,1,0,0,10,10,15,5
THPACK9-007,plain,13,1,0,0,15,10,15,5
THPACK9-007,plain,13,0,10,0,0,5,10,5
THPACK9-007,plain,13,0,10,0,5,5,10,5
THPACK9-007,plain,13,0,10,0,10,5,10,5
THPACK9-007,plain,13,0,10,0,15,5,10,5
THPACK9-007,plain,13,0,10,10,0,5,5,10
THPACK9-007,plain,13,0,10,10,10,5,5,10
THPACK9-007,plain,14,0,0,0,0,10,5,5
THPACK9-007,plain,14,0,0,0,5,10,5,5
THPACK9-007,plain,14,0,0,0,10,10,5,5
THPACK9-007,plain,14,0,0,0,15,10,5,5
THPACK9-007,plain,14,0,0,5,0,10,5,5
THPACK9-007,plain,14,0,0,5,5,10,5,5
THPACK9-007,plain,14,0,0,5,10,10,5,5
THPACK9-007,plain,14,0,0,5,15,10,5,5
THPACK9-007,plain,14,0,0,10,0,10,5,5
THPACK9-007,plain,14,0,0,10,5,10,5,5
THPACK9-007,plain,14,0,0,10,10,10,5,5
THPACK9-007,plain,14,0,0,10,15,10,5,5
THPACK9-007,plain,14,0,10,0,0,5,10,5
THPACK9-007,plain,14,0,10,0,5,5,10,5
THPACK9-007,plain,14,0,10,0,10,5,10,5
THPACK9-007,plain,14,0,10,0,15,5,10,5
THPACK9-007,plain,14,0,10,10,0,5,5,10
THPACK9-007,plain,14,0,10,10,10,5,5,10
THPACK9-007,plain,15,0,0,0,0,10,5,5
THPACK9-007,plain,15,0,0,0,5,10,5,5
THPACK9-007,plain,15,0,0,0,10,10,5,5
THPACK9-007,plain,15,0,0,0,15,10,5,5
THPACK9-007,plain,15,0,0,5,0,10,5,5
THPACK9-007,plain,15,0,0,5,5,10,5,5
THPACK9-007,plain,15,0,0,5,10,10,5,5
THPACK9-007,plain,15,0,0,5,15,10,5,5
THPACK9-007,plain,15,0,0,10,0,10,5,5
THPACK9-007,plain,15,0,0,10,5,10,5,5
THPACK9-007,plain,15,0,0,10,10,10,5,5
THPACK9-008,laff,0,2,0,0,0,15,15,5
THPACK9-008,laff,0,2,15,0,0,15,15,5
THPACK9-008,laff,0,2,30,0,0,15,15,5
THPACK9-008,laff,0,0,0,15,0,10,5,5
THPACK9-008,laff,0,0,10,15,0,10,5,5
THPACK9-008,laff,0,0,20,15,0,10,5,5
THPACK9-008,laff,0,0,30,15,0,10,5,5
THPACK9-008,laff,0,2,0,0,5,15,15,5
THPACK9-008,laff,0,2,15,0,5,15,15,5
THPACK9-008,laff,0,2,30,0,5,15,15,5
THPACK9-008,laff,0,0,0,15,5,10,5,5
THPACK9-008,laff,0,0,10,15,5,10,5,5
THPACK9-008,laff,0,0,20,15,5,10,5,5
THPACK9-008,laff,0,0,30,15,5,10,5,5
THPACK9-008,laff,0,2,0,0,10,15,15,5
THPACK9-008,laff,0,2,15,0,10,15,15,5
THPACK9-008,laff,0,2,30,0,10,15,15,5
THPACK9-008,laff,0,0,0,15,10,10,5,5
THPACK9-008,laff,0,0,10,15,10,10,5,5
THPACK9-008,laff,0,0,20,15,10,10,5,5
THPACK9-008,laff,0,0,30,15,10,10,5,5
THPACK9-008,laff,0,2,0,0,15,15,15,5
THPACK9-008,laff,0,2,15,0,15,15,15,5
THPACK9-008,laff,0,2,30,0,15,15,15,5
THPACK9-008,laff,0,0,0,15,15,10,5,5
THPACK9-008,laff,0,0,10,15,15,10,5,5
THPACK9-008,laff,0,0,20,15,15,10,5,5
THPACK9-008,laff,0,0,30,15,15,10,5,5
THPACK9-008,laff,1,2,0,0,0,15,15,5
THPACK9-008,laff,1,2,15,0,0,15,15,5
THPACK9-008,laff,1,2,30,0,0,15,15,5
THPACK9-008,laff,1,0,0,15,0,10,5,5
THPACK9-008,laff,1,0,10,15,0,10,5,5
THPACK9-008,laff,1,0,20,15,0,10,5,5
THPACK9-008,laff,1,0,30,15,0,10,5,5
THPACK9-008,laff,1,2,0,0,5,15,15,5
THPACK9-008,laff,1,2,15,0,5,15,15,5
THPACK9-008,laff,1,2,30,0,5,15,15,5
THPACK9-008,laff,1,0,0,15,5,10,5,5
THPACK9-008,laff,1,0,10,15,5,10,5,5
THPACK9-008,laff,1,0,20,15,5,10,5,5
THPACK9-008,laff,1,0,30,15,5,10,5,5
THPACK9-008,laff,1,2,0,0,10,15,15,5
THPACK9-008,laff,1,2,15,0,10,15,15,5
THPACK9-008,laff,1,2,30,0,10,15,15,5
THPACK9-008,laff,1,0,0,15,10,10,5,5
THPACK9-008,laff,1,0,10,15,10,10,5,5
THPACK9-008,laff,1,0,20,15,10,10,5,5
THPACK9-008,laff,1,0,30,15,10,10,5,5
THPACK9-008,laff,1,2,0,0,15,15,15,5
THPACK9-008,laff,1,2,15,0,15,15,15,5
THPACK9-008,laff,1,2,30,0,15,15,15,5
THPACK9-008,laff,1,0,0,15,15,10,5,5
THPACK9-008,laff,1,0,10,15,15,10,5,5
THPACK9-008,laff,1,0,20,15,15,10,5,5
THPACK9-008,laff,1,0,30,15,15,10,5,5
THPACK9-008,laff,2,2,0,0,0,15,15,5
THPACK9-008,laff,2,2,15,0,0,15,15,5
THPACK9-008,laff,2,2,30,0,0,15,15,5
THPACK9-008,laff,2,0,0,15,0,10,5,5
THPACK9-008,laff,2,0,10,15,0,10,5,5
THPACK9-008,laff,2,0,20,15,0,10,5,5
THPACK9-008,laff,2,2,0,0,5,15,15,5
THPACK9-008,laff,2,1,15,0,5,10,15,5
THPACK9-008,laff,2,1,25,0,5,10,15,5
THPACK9-008,laff,2,1,35,0,5,10,15,5
THPACK9-008,laff,2,1,0,0,10,10,15,5
THPACK9-008,laff,2,1,10,0,10,10,15,5
THPACK9-008,laff,2,1,20,0,10,10,15,5
THPACK9-008,laff,2,1,30,0,10,10,15,5
THPACK9-008,laff,2,1,0,0,15,10,15,5
THPACK9-008,laff,2,1,10,0,15,10,15,5
THPACK9-008,laff,2,1,20,0,15,10,15,5
THPACK9-008,laff,2,1,30,0,15,10,15,5
THPACK9-008,laff,3,1,0,0,0,10,15,5
THPACK9-008,laff,3,1,10,0,0,10,15,5
THPACK9-008,laff,3,1,20,0,0,10,15,5
THPACK9-008,laff,3,1,30,0,0,10,15,5
THPACK9-008,laff,3,1,0,0,5,10,15,5
THPACK9-008,laff,3,1,10,0,5,10,15,5
THPACK9-008,laff,3,1,20,0,5,10,15,5
THPACK9-008,laff,3,1,30,0,5,10,15,5
THPACK9-008,laff,3,1,0,0,10,10,15,5
THPACK9-008,laff,3,1,10,0,10,10,15,5
THPACK9-008,laff,3,1,20,0,10,10,15,5
THPACK9-008,laff,3,1,30,0,10,10,15,5
THPACK9-008,laff,3,1,0,0,15,10,15,5
THPACK9-008,laff,3,1,10,0,15,10,15,5
THPACK9-008,laff,3,1,20,0,15,10,15,5
THPACK9-008,laff,3,1,30,0,15,10,15,5
THPACK9-008,laff,4,1,0,0,0,10,15,5
THPACK9-008,laff,4,1,10,0,0,10,15,5
THPACK9-008,laff,4,1,20,0,0,10,15,5
THPACK9-008,laff,4,1,30,0,0,10,15,5
THPACK9-008,laff,4,1,0,0,5,10,15,5
THPACK9-008,laff,4,1,10,0,5,10,15,5
THPACK9-008,laff,4,1,20,0,5,10,15,5
THPACK9-008,laff,4,1,30,0,5,10,15,5
THPACK9-008,laff,4,1,0,0,10,10,15,5
THPACK9-008,laff,4,1,10,0,10,10,15,5
THPACK9-008,laff,4,1,20,0,10,10,15,5
THPACK9-008,laff,4,1,30,0,10,10,15,5
THPACK9-008,laff,4,1,0,0,15,10,15,5
THPACK9-008,plain,0,2,0,0,0,15,15,5
THPACK9-008,plain,0,2,0,0,5,15,15,5
THPACK9-008,plain,0,2,0,0,10,15,15,5
THPACK9-008,plain,0,2,0,0,15,15,15,5
THPACK9-008,plain,0,2,15,0,0,15,15,5
THPACK9-008,plain,0,2,15,0,5,15,15,5
THPACK9-008,plain,0,2,15,0,10,15,15,5
THPACK9-008,plain,0,2,15,0,15,15,15,5
THPACK9-008,plain,0,2,30,0,0,15,15,5
THPACK9-008,plain,0,2,30,0,5,15,15,5
THPACK9-008,plain,0,2,30,0,10,15,15,5
THPACK9-008,plain,0,2,30,0,15,15,15,5
THPACK9-008,plain,0,1,0,15,0,15,5,10
THPACK9-008,plain,0,1,0,15,10,15,5,10
THPACK9-008,plain,0,1,15,15,0,15,5,10
THPACK9-008,plain,0,1,15,15,10,15,5,10
THPACK9-008,plain,0,1,30,15,0,15,5,10
THPACK9-008,plain,0,1,30,15,10,15,5,10
THPACK9-008,plain,1,2,0,0,0,15,15,5
THPACK9-008,plain,1,2,0,0,5,15,15,5
THPACK9-008,plain,1,2,0,0,10,15,15,5
THPACK9-008,plain,1,2,0,0,15,15,15,5
THPACK9-008,plain,1,2,15,0,0,15,15,5
THPACK9-008,plain,1,2,15,0,5,15,15,5
THPACK9-008,plain,1,2,15,0,10,15,15,5
THPACK9-008,plain,1,2,15,0,15,15,15,5
THPACK9-008,plain,1,2,30,0,0,15,15,5
THPACK9-008,plain,1,2,30,0,5,15,15,5
THPACK9-008,plain,1,2,30,0,10,15,15,5
THPACK9-008,plain,1,2,30,0,15,15,15,5
THPACK9-008,plain,1,1,0,15,0,15,5,10
THPACK9-008,plain,1,1,0,15,10,15,5,10
THPACK9-008,plain,1,1,15,15,0,15,5,10
THPACK9-008,plain,1,1,15,15,10,15,5,10
THPACK9-008,plain,1,1,30,15,0,15,5,10
THPACK9-008,plain,1,1,30,15,10,15,5,10
THPACK9-008,plain,2,2,0,0,0,15,15,5
THPACK9-008,plain,2,2,0,0,5,15,15,5
THPACK9-008,plain,2,2,0,0,10,15,15,5
THPACK9-008,plain,2,2,0,0,15,15,15,5
THPACK9-008,plain,2,1,15,0,0,10,15,5
THPACK9-008,plain,2,1,15,0,5,10,15,5
THPACK9-008,plain,2,1,15,0,10,10,15,5
THPACK9-008,plain,2,1,15,0,15,10,15,5
THPACK9-008,plain,2,1,25,0,0,10,15,5
THPACK9-008,plain,2,1,25,0,5,10,15,5
THPACK9-008,plain,2,1,25,0,10,10,15,5
THPACK9-008,plain,2,1,25,0,15,10,15,5
THPACK9-008,plain,2,1,35,0,0,10,15,5
THPACK9-008,plain,2,1,35,0,5,10,15,5
THPACK9-008,plain,2,1,35,0,10,10,15,5
THPACK9-008,plain,2,1,35,0,15,10,15,5
THPACK9-008,plain,2,1,0,15,0,15,5,10
THPACK9-008,plain,2,1,0,15,10,15,5,10
THPACK9-008,plain,2,1,15,15,0,15,5,10
THPACK9-008,plain,2,1,15,15,10,15,5,10
THPACK9-008,plain,2,1,30,15,0,15,5,10
THPACK9-008,plain,2,1,30,15,10,15,5,10
THPACK9-008,plain,3,1,0,0,0,10,15,5
THPACK9-008,plain,3,1,0,0,5,10,15,5
THPACK9-008,plain,3,1,0,0,10,10,15,5
THPACK9-008,plain,3,1,0,0,15,10,15,5
THPACK9-008,plain,3,1,10,0,0,10,15,5
THPACK9-008,plain,3,1,10,0,5,10,15,5
THPACK9-008,plain,3,1,10,0,10,10,15,5
THPACK9-008,plain,3,1,10,0,15,10,15,5
THPACK9-008,plain,3,1,20,0,0,10,15,5
THPACK9-008,plain,3,1,20,0,5,10,15,5
THPACK9-008,plain,3,0,20,0,10,10,5,5
THPACK9-008,plain,3,0,20,0,15,10,5,5
THPACK9-008,plain,3,0,20,5,10,10,5,5
THPACK9-008,plain,3,0,20,5,15,10,5,5
THPACK9-008,plain,3,0,20,10,10,10,5,5
THPACK9-008,plain,3,0,20,10,15,10,5,5
THPACK9-008,plain,3,0,0,15,0,10,5,5
THPACK9-008,plain,3,0,0,15,5,10,5,5
THPACK9-008,plain,3,0,0,15,10,10,5,5
THPACK9-008,plain,3,0,0,15,15,10,5,5
THPACK9-008,plain,3,0,10,15,0,10,5,5
THPACK9-008,plain,3,0,10,15,5,10,5,5
THPACK9-008,plain,3,0,10,15,10,10,5,5
THPACK9-008,plain,3,0,10,15,15,10,5,5
THPACK9-008,plain,3,0,20,15,0,10,5,5
THPACK9-008,plain,3,0,20,15,5,10,5,5
THPACK9-008,plain,3,0,20,15,10,10,5,5
THPACK9-008,plain,3,0,20,15,15,10,5,5
THPACK9-008,plain,3,0,30,0,0,10,5,5
THPACK9-008,plain,3,0,30,0,5,10,5,5
THPACK9-008,plain,3,0,30,0,10,10,5,5
THPACK9-008,plain,3,0,30,0,15,10,5,5
THPACK9-008,plain,3,0,30,5,0,10,5,5
THPACK9-008,plain,3,0,30,5,5,10,5,5
THPACK9-008,plain,3,0,30,5,10,10,5,5
THPACK9-008,plain,3,0,30,5,15,10,5,5
THPACK9-008,plain,3,0,30,10,0,10,5,5
THPACK9-008,plain,3,0,30,10,5,10,5,5
THPACK9-008,plain,3,0,30,10,10,10,5,5
THPACK9-008,plain,3,0,30,10,15,10,5,5
THPACK9-008,plain,3,0,30,15,0,10,5,5
THPACK9-008,plain,3,0,30,15,5,10,5,5
THPACK9-008,plain,3,0,30,15,10,10,5,5
THPACK9-008,plain,3,0,30,15,15,10,5,5
THPACK9-008,plain,3,0,40,0,0,5,10,5
THPACK9-009,laff,0,1,0,0,0,40,32,20
THPACK9-009,laff,0,1,0,0,20,40,32,20
THPACK9-009,laff,0,1,0,0,40,40,32,20
THPACK9-009,laff,1,1,0,0,0,40,32,20
THPACK9-009,laff,1,1,0,0,20,40,32,20
THPACK9-009,laff,1,1,0,0,40,40,32,20
THPACK9-009,laff,2,1,0,0,0,40,32,20
THPACK9-009,laff,2,1,0,0,20,40,32,20
THPACK9-009,laff,2,1,0,0,40,40,32,20
THPACK9-009,laff,3,1,0,0,0,40,32,20
THPACK9-009,laff,3,1,0,0,20,40,32,20
THPACK9-009,laff,3,1,0,0,40,40,32,20
THPACK9-009,laff,4,1,0,0,0,40,32,20
THPACK9-009,laff,4,1,0,0,20,40,32,20
THPACK9-009,laff,4,1,0,0,40,40,32,20
THPACK9-009,laff,5,1,0,0,0,40,32,20
THPACK9-009,laff,5,1,0,0,20,40,32,20
THPACK9-009,laff,5,1,0,0,40,40,32,20
THPACK9-009,laff,6,1,0,0,0,40,32,20
THPACK9-009,laff,6,1,0,0,20,40,32,20
THPACK9-009,laff,6,1,0,0,40,40,32,20
THPACK9-009,laff,7,1,0,0,0,40,32,20
THPACK9-009,laff,7,1,0,0,20,40,32,20
THPACK9-009,laff,7,1,0,0,40,40,32,20
THPACK9-009,laff,8,1,0,0,0,40,32,20
THPACK9-009,laff,8,1,0,0,20,40,32,20
THPACK9-009,laff,8,1,0,0,40,40,32,20
THPACK9-009,laff,9,1,0,0,0,40,32,20
THPACK9-009,laff,9,1,0,0,20,40,32,20
THPACK9-009,laff,9,1,0,0,40,40,32,20
THPACK9-009,laff,10,1,0,0,0,40,32,20
THPACK9-009,laff,10,1,0,0,20,40,32,20
THPACK9-009,laff,10,1,0,0,40,40,32,20
THPACK9-009,laff,11,1,0,0,0,40,32,20
THPACK9-009,laff,11,1,0,0,20,40,32,20
THPACK9-009,laff,11,1,0,0,40,40,32,20
THPACK9-009,laff,12,1,0,0,0,40,32,20
THPACK9-009,laff,12,1,0,0,20,40,32,20
THPACK9-009,laff,12,1,0,0,40,40,32,20
THPACK9-009,laff,13,1,0,0,0,40,32,20
THPACK9-009,laff,13,1,0,0,20,40,32,20
THPACK9-009,laff,13,1,0,0,40,40,32,20
THPACK9-009,laff,14,1,0,0,0,40,32,20
THPACK9-009,laff,14,1,0,0,20,40,32,20
THPACK9-009,laff,14,1,0,0,40,40,32,20
THPACK9-009,laff,15,1,0,0,0,40,32,20
THPACK9-009,laff,15,1,0,0,20,40,32,20
THPACK9-009,laff,15,1,0,0,40,40,32,20
THPACK9-009,laff,16,1,0,0,0,40,32,20
THPACK9-009,laff,16,1,0,0,20,40,32,20
THPACK9-009,laff,16,1,0,0,40,40,32,20
THPACK9-009,laff,17,1,0,0,0,40,32,20
THPACK9-009,laff,17,1,0,0,20,40,32,20
THPACK9-009,laff,17,1,0,0,40,40,32,20
THPACK9-009,laff,18,1,0,0,0,40,32,20
THPACK9-009,laff,18,1,0,0,20,40,32,20
THPACK9-009,laff,18,1,0,0,40,40,32,20
THPACK9-009,laff,19,1,0,0,0,40,32,20
THPACK9-009,laff,19,1,0,0,20,40,32,20
THPACK9-009,laff,19,1,0,0,40,40,32,20
THPACK9-009,laff,20,0,0,0,0,36,28,24
THPACK9-009,laff,20,0,0,0,24,36,28,24
THPACK9-009,laff,20,0,0,0,48,36,28,24
THPACK9-009,laff,21,0,0,0,0,36,28,24
THPACK9-009,laff,21,0,0,0,24,36,28,24
THPACK9-009,laff,21,0,0,0,48,36,28,24
THPACK9-009,laff,22,0,0,0,0,36,28,24
THPACK9-009,laff,22,0,0,0,24,36,28,24
THPACK9-009,laff,22,0,0,0,48,36,28,24
THPACK9-009,laff,23,0,0,0,0,36,28,24
THPACK9-009,laff,23,0,0,0,24,36,28,24
THPACK9-009,laff,23,0,0,0,48,36,28,24
THPACK9-009,laff,24,0,0,0,0,36,28,24
THPACK9-009,laff,24,0,0,0,24,36,28,24
THPACK9-009,laff,24,0,0,0,48,36,28,24
THPACK9-009,laff,25,0,0,0,0,36,28,24
THPACK9-009,laff,25,0,0,0,24,36,28,24
THPACK9-009,laff,25,0,0,0,48,36,28,24
THPACK9-009,laff,26,0,0,0,0,36,28,24
THPACK9-009,laff,26,0,0,0,24,36,28,24
THPACK9-009,laff,26,0,0,0,48,36,28,24
THPACK9-009,laff,27,0,0,0,0,36,28,24
THPACK9-009,laff,27,0,0,0,24,36,28,24
THPACK9-009,laff,27,0,0,0,48,36,28,24
THPACK9-009,laff,28,0,0,0,0,36,28,24
THPACK9-009,laff,28,0,0,0,24,36,28,24
THPACK9-009,laff,28,0,0,0,48,36,28,24
THPACK9-009,laff,29,0,0,0,0,36,28,24
THPACK9-009,laff,29,0,0,0,24,36,28,24
THPACK9-009,laff,29,0,0,0,48,36,28,24
THPACK9-009,laff,30,0,0,0,0,36,28,24
THPACK9-009,laff,30,0,0,0,24,36,28,24
THPACK9-009,laff,30,0,0,0,48,36,28,24
THPACK9-009,laff,31,0,0,0,0,36,28,24
THPACK9-009,laff,31,0,0,0,24,36,28,24
THPACK9-009,laff,31,0,0,0,48,36,28,24
THPACK9-009,laff,32,0,0,0,0,36,28,24
THPACK9-009,laff,32,0,0,0,24,36,28,24
THPACK9-009,laff,32,0,0,0,48,36,28,24
THPACK9-009,laff,33,0,0,0,0,36,28,24
THPACK9-009,laff,33,0,0,0,24,36,28,24
THPACK9-009,laff,33,0,0,0,48,36,28,24
THPACK9-009,laff,34,0,0,0,0,36,28,24
THPACK9-009,laff,34,0,0,0,24,36,28,24
THPACK9-009,laff,34,0,0,0,48,36,28,24
THPACK9-009,laff,35,0,0,0,0,36,28,24
THPACK9-009,laff,35,0,0,0,24,36,28,24
THPACK9-009,laff,35,0,0,0,48,36,28,24
THPACK9-009,laff,36,0,0,0,0,36,28,24
THPACK9-009,laff,36,0,0,0,24,36,28,24
THPACK9-009,plain,0,1,0,0,0,40,32,20
THPACK9-009,plain,0,1,0,0,20,40,32,20
THPACK9-009,plain,0,1,0,0,40,40,32,20
THPACK9-009,plain,0,1,40,0,0,20,40,32
THPACK9-009,plain,0,1,40,0,32,20,40,32
THPACK9-009,plain,1,1,0,0,0,40,32,20
THPACK9-009,plain,1,1,0,0,20,40,32,20
THPACK9-009,plain,1,1,0,0,40,40,32,20
THPACK9-009,plain,1,1,40,0,0,20,40,32
THPACK9-009,plain,1,1,40,0,32,20,40,32
THPACK9-009,plain,2,1,0,0,0,40,32,20
THPACK9-009,plain,2,1,0,0,20,40,32,20
THPACK9-009,plain,2,1,0,0,40,40,32,20
THPACK9-009,plain,2,1,40,0,0,20,40,32
THPACK9-009,plain,2,1,40,0,32,20,40,32
THPACK9-009,plain,3,1,0,0,0,40,32,20
THPACK9-009,plain,3,1,0,0,20,40,32,20
THPACK9-009,plain,3,1,0,0,40,40,32,20
THPACK9-009,plain,3,1,40,0,0,20,40,32
THPACK9-009,plain,3,1,40,0,32,20,40,32
THPACK9-009,plain,4,1,0,0,0,40,32,20
THPACK9-009,plain,4,1,0,0,20,40,32,20
THPACK9-009,plain,4,1,0,0,40,40,32,20
THPACK9-009,plain,4,1,40,0,0,20,40,32
THPACK9-009,plain,4,1,40,0,32,20,40,32
THPACK9-009,plain,5,1,0,0,0,40,32,20
THPACK9-009,plain,5,1,0,0,20,40,32,20
THPACK9-009,plain,5,1,0,0,40,40,32,20
THPACK9-009,plain,5,1,40,0,0,20,40,32
THPACK9-009,plain,5,1,40,0,32,20,40,32
THPACK9-009,plain,6,1,0,0,0,40,32,20
THPACK9-009,plain,6,1,0,0,20,40,32,20
THPACK9-009,plain,6,1,0,0,40,40,32,20
THPACK9-009,plain,6,1,40,0,0,20,40,32
THPACK9-009,plain,6,1,40,0,32,20,40,32
THPACK9-009,plain,7,1,0,0,0,40,32,20
THPACK9-009,plain,7,1,0,0,20,40,32,20
THPACK9-009,plain,7,1,0,0,40,40,32,20
THPACK9-009,plain,7,1,40,0,0,20,40,32
THPACK9-009,plain,7,1,40,0,32,20,40,32
THPACK9-009,plain,8,1,0,0,0,40,32,20
THPACK9-009,plain,8,1,0,0,20,40,32,20
THPACK9-009,plain,8,1,0,0,40,40,32,20
THPACK9-009,plain,8,1,40,0,0,20,40,32
THPACK9-009,plain,8,1,40,0,32,20,40,32
THPACK9-009,plain,9,1,0,0,0,40,32,20
THPACK9-009,plain,9,1,0,0,20,40,32,20
THPACK9-009,plain,9,1,0,0,40,40,32,20
THPACK9-009,plain,9,1,40,0,0,20,40,32
THPACK9-009,plain,9,1,40,0,32,20,40,32
THPACK9-009,plain,10,1,0,0,0,40,32,20
THPACK9-009,plain,10,1,0,0,20,40,32,20
THPACK9-009,plain,10,1,0,0,40,40,32,20
THPACK9-009,plain,10,1,40,0,0,20,40,32
THPACK9-009,plain,10,1,40,0,32,20,40,32
THPACK9-009,plain,11,1,0,0,0,40,32,20
THPACK9-009,plain,11,1,0,0,20,40,32,20
THPACK9-009,plain,11,1,0,0,40,40,32,20
THPACK9-009,plain,11,1,40,0,0,20,40,32
THPACK9-009,plain,11,1,40,0,32,20,40,32
THPACK9-009,plain,12,0,0,0,0,36,28,24
THPACK9-009,plain,12,0,0,0,24,36,28,24
THPACK9-009,plain,12,0,0,0,48,36,28,24
THPACK9-009,plain,12,0,36,0,0,24,36,28
THPACK9-009,plain,12,0,36,0,28,24,36,28
THPACK9-009,plain,13,0,0,0,0,36,28,24
THPACK9-009,plain,13,0,0,0,24,36,28,24
THPACK9-009,plain,13,0,0,0,48,36,28,24
THPACK9-009,plain,13,0,36,0,0,24,36,28
THPACK9-009,plain,13,0,36,0,28,24,36,28
THPACK9-009,plain,14,0,0,0,0,36,28,24
THPACK9-009,plain,14,0,0,0,24,36,28,24
THPACK9-009,plain,14,0,0,0,48,36,28,24
THPACK9-009,plain,14,0,36,0,0,24,36,28
THPACK9-009,plain,14,0,36,0,28,24,36,28
THPACK9-009,plain,15,0,0,0,0,36,28,24
THPACK9-009,plain,15,0,0,0,24,36,28,24
THPACK9-009,plain,15,0,0,0,48,36,28,24
THPACK9-009,plain,15,0,36,0,0,24,36,28
THPACK9-009,plain,15,0,36,0,28,24,36,28
THPACK9-009,plain,16,0,0,0,0,36,28,24
THPACK9-009,plain,16,0,0,0,24,36,28,24
THPACK9-009,plain,16,0,0,0,48,36,28,24
THPACK9-009,plain,16,0,36,0,0,24,36,28
THPACK9-009,plain,16,0,36,0,28,24,36,28
THPACK9-009,plain,17,0,0,0,0,36,28,24
THPACK9-009,plain,17,0,0,0,24,36,28,24
THPACK9-009,plain,17,0,0,0,48,36,28,24
THPACK9-009,plain,17,0,36,0,0,24,36,28
THPACK9-009,plain,17,0,36,0,28,24,36,28
THPACK9-009,plain,18,0,0,0,0,36,28,24
THPACK9-009,plain,18,0,0,0,24,36,28,24
THPACK9-009,plain,18,0,0,0,48,36,28,24
THPACK9-009,plain,18,0,36,0,0,24,36,28
THPACK9-009,plain,18,0,36,0,28,24,36,28
THPACK9-009,plain,19,0,0,0,0,36,28,24
THPACK9-009,plain,19,0,0,0,24,36,28,24
THPACK9-009,plain,19,0,0,0,48,36,28,24
THPACK9-009,plain,19,0,36,0,0,24,36,28
THPACK9-009,plain,19,0,36,0,28,24,36,28
THPACK9-009,plain,20,0,0,0,0,36,28,24
THPACK9-009,plain,20,0,0,0,24,36,28,24
THPACK9-009,plain,20,0,0,0,48,36,28,24
THPACK9-009,plain,20,0,36,0,0,24,36,28
THPACK9-009,plain,20,0,36,0,28,24,36,28
THPACK9-009,plain,21,0,0,0,0,36,28,24
THPACK9-009,plain,21,0,0,0,24,36,28,24
THPACK9-009,plain,21,0,0,0,48,36,28,24
THPACK9-009,plain,21,0,36,0,0,24,36,28
THPACK9-009,plain,21,0,36,0,28,24,36,28
THPACK9-009,fast_brute_force,0,0,0,0,0,28,36,24
THPACK9-009,fast_brute_force,0,0,28,0,0,28,36,24
THPACK9-009,fast_brute_force,0,0,0,0,24,28,36,24
THPACK9-009,fast_brute_force,0,0,28,0,24,28,36,24
THPACK9-009,fast_brute_force,0,0,0,0,48,28,36,24
THPACK9-009,fast_brute_force,0,0,28,0,48,28,36,24
THPACK9-009,fast_brute_force,1,0,0,0,0,28,36,24
THPACK9-009,fast_brute_force,1,0,28,0,0,28,36,24
THPACK9-009,fast_brute_force,1,0,0,0,24,28,36,24
THPACK9-009,fast_brute_force,1,0,28,0,24,28,36,24
THPACK9-009,fast_brute_force,1,0,0,0,48,28,36,24
THPACK9-009,fast_brute_force,1,0,28,0,48,28,36,24
THPACK9-009,fast_brute_force,2,0,0,0,0,28,36,24
THPACK9-009,fast_brute_force,2,0,28,0,0,28,36,24
THPACK9-009,fast_brute_force,2,0,0,0,24,28,36,24
THPACK9-009,fast_brute_force,2,0,28,0,24,28,36,24
THPACK9-009,fast_brute_force,2,0,0,0,48,28,36,24
THPACK9-009,fast_brute_force,2,0,28,0,48,28,36,24
THPACK9-009,fast_brute_force,3,0,0,0,0,28,36,24
THPACK9-009,fast_brute_force,3,0,28,0,0,28,36,24
THPACK9-009,fast_brute_force,3,0,0,0,24,28,36,24
THPACK9-009,fast_brute_force,3,0,28,0,24,28,36,24
THPACK9-009,fast_brute_force,3,0,0,0,48,28,36,24
THPACK9-009,fast_brute_force,3,0,28,0,48,28,36,24
THPACK9-009,fast_brute_force,4,0,0,0,0,28,36,24
THPACK9-009,fast_brute_force,4,0,28,0,0,28,36,24
THPACK9-009,fast_brute_force,4,0,0,0,24,28,36,24
THPACK9-009,fast_brute_force,4,0,28,0,24,28,36,24
THPACK9-009,fast_brute_force,4,0,0,0,48,28,36,24
THPACK9-009,fast_brute_force,4,0,28,0,48,28,36,24
THPACK9-009,fast_brute_force,5,0,0,0,0,28,36,24
THPACK9-009,fast_brute_force,5,0,28,0,0,28,36,24
THPACK9-009,fast_brute_force,5,0,0,0,24,28,36,24
THPACK9-009,fast_brute_force,5,0,28,0,24,28,36,24
THPACK9-009,fast_brute_force,5,0,0,0,48,28,36,24
THPACK9-009,fast_brute_force,5,0,28,0,48,28,36,24
THPACK9-009,fast_brute_force,6,0,0,0,0,28,36,24
THPACK9-009,fast_brute_force,6,0,28,0,0,28,36,24
THPACK9-009,fast_brute_force,6,0,0,0,24,28,36,24
THPACK9-009,fast_brute_force,6,0,28,0,24,28,36,24
THPACK9-009,fast_brute_force,6,0,0,0,48,28,36,24
THPACK9-009,fast_brute_force,6,0,28,0,48,28,36,24
THPACK9-009,fast_brute_force,7,0,0,0,0,28,36,24
THPACK9-009,fast_brute_force,7,0,28,0,0,28,36,24
THPACK9-009,fast_brute_force,7,0,0,0,24,28,36,24
THPACK9-009,fast_brute_force,7,0,28,0,24,28,36,24
THPACK9-009,fast_brute_force,7,0,0,0,48,28,36,24
THPACK9-009,fast_brute_force,7,0,28,0,48,28,36,24
THPACK9-009,fast_brute_force,8,1,0,0,0,32,40,20
THPACK9-009,fast_brute_force,8,0,32,0,0,28,36,24
THPACK9-009,fast_brute_force,8,1,0,0,20,32,40,20
THPACK9-009,fast_brute_force,8,0,32,0,24,28,36,24
THPACK9-009,fast_brute_force,8,1,0,0,40,20,40,32
THPACK9-009,fast_brute_force,8,1,20,0,48,40,32,20
THPACK9-009,fast_brute_force,9,1,0,0,0,40,32,20
THPACK9-009,fast_brute_force,9,1,0,0,20,40,32,20
THPACK9-009,fast_brute_force,9,1,40,0,0,20,40,32
THPACK9-009,fast_brute_force,9,1,0,0,40,32,40,20
THPACK9-009,fast_brute_force,9,1,32,0,40,20,40,32
THPACK9-009,fast_brute_force,10,1,0,0,0,40,32,20
THPACK9-009,fast_brute_force,10,1,0,0,20,40,32,20
THPACK9-009,fast_brute_force,10,1,40,0,0,20,40,32
THPACK9-009,fast_brute_force,10,1,0,0,40,32,40,20
THPACK9-009,fast_brute_force,10,1,32,0,40,20,40,32
THPACK9-009,fast_brute_force,11,1,0,0,0,40,32,20
THPACK9-009,fast_brute_force,11,1,0,0,20,40,32,20
THPACK9-009,fast_brute_force,11,1,40,0,0,20,40,32
THPACK9-009,fast_brute_force,11,1,0,0,40,32,40,20
THPACK9-009,fast_brute_force,11,1,32,0,40,20,40,32
THPACK9-009,fast_brute_force,12,1,0,0,0,40,32,20
THPACK9-009,fast_brute_force,12,1,0,0,20,40,32,20
THPACK9-009,fast_brute_force,12,1,40,0,0,20,40,32
THPACK9-009,fast_brute_force,12,1,0,0,40,32,40,20
THPACK9-009,fast_brute_force,12,1,32,0,40,20,40,32
THPACK9-009,fast_brute_force,13,1,0,0,0,40,32,20
THPACK9-009,fast_brute_force,13,1,0,0,20,40,32,20
THPACK9-009,fast_brute_force,13,1,40,0,0,20,40,32
THPACK9-009,fast_brute_force,13,1,0,0,40,32,40,20
THPACK9-009,fast_brute_force,13,1,32,0,40,20,40,32
THPACK9-009,fast_brute_force,14,1,0,0,0,40,32,20
THPACK9-009,fast_brute_force,14,1,0,0,20,40,32,20
THPACK9-009,fast_brute_force,14,1,40,0,0,20,40,32
THPACK9-009,fast_brute_force,14,1,0,0,40,32,40,20
THPACK9-009,fast_brute_force,14,1,32,0,40,20,40,32
THPACK9-009,fast_brute_force,15,1,0,0,0,40,32,20
THPACK9-009,fast_brute_force,15,1,0,0,20,40,32,20
THPACK9-009,fast_brute_force,15,1,40,0,0,20,40,32
THPACK9-009,fast_brute_force,15,1,0,0,40,32,40,20
THPACK9-009,fast_brute_force,15,1,32,0,40,20,40,32
THPACK9-009,fast_brute_force,16,1,0,0,0,40,32,20
THPACK9-009,fast_brute_force,16,1,0,0,20,40,32,20
THPACK9-009,fast_brute_force,16,1,40,0,0,20,40,32
THPACK9-009,fast_brute_force,16,1,0,0,40,32,40,20
THPACK9-009,fast_brute_force,16,1,32,0,40,20,40,32
THPACK9-009,fast_brute_force,17,1,0,0,0,40,32,20
THPACK9-009,fast_brute_force,17,1,0,0,20,40,32,20
THPACK9-009,fast_brute_force,17,1,40,0,0,20,40,32
THPACK9-009,fast_brute_force,17,1,0,0,40,32,40,20
THPACK9-009,fast_brute_force,17,1,32,0,40,20,40,32
THPACK9-009,fast_brute_force,18,1,0,0,0,40,32,20
THPACK9-009,fast_brute_force,18,1,0,0,20,40,32,20
THPACK9-009,fast_brute_force,18,1,40,0,0,20,40,32
THPACK9-009,fast_brute_force,18,1,0,0,40,32,40,20
THPACK9-009,fast_brute_force,18,1,32,0,40,20,40,32
THPACK9-009,fast_brute_force,19,1,0,0,0,32,20,40
THPACK9-009,fast_brute_force,19,1,0,20,0,32,20,40
THPACK9-009,fast_brute_force,19,1,0,0,40,32,40,20
THPACK9-009,fast_brute_force,19,1,32,0,40,20,40,32
THPACK9-009,fast_brute_force,20,1,0,0,0,40,32,20
THPACK9-009,fast_brute_force,20,1,0,0,20,40,32,20
