INSTANCE,ALGORITHM,BIN_INDEX,ITEM_ID,X,Y,Z,DX,DY,DZ
MPV-GEN-T1-N30-R01,plain,0,item-005,0,0,0,95,76,69
MPV-GEN-T1-N30-R01,plain,0,item-001,0,0,69,68,86,25
MPV-GEN-T1-N30-R01,plain,0,item-014,0,76,0,94,16,69
MPV-GEN-T1-N30-R01,plain,0,item-027,68,0,69,21,28,9
MPV-GEN-T1-N30-R01,plain,0,item-013,0,86,69,11,2,26
MPV-GEN-T1-N30-R01,plain,0,item-021,95,0,0,4,92,85
MPV-GEN-T1-N30-R01,plain,0,item-024,99,0,0,1,85,95
MPV-GEN-T1-N30-R01,plain,1,item-004,0,0,0,66,89,65
MPV-GEN-T1-N30-R01,plain,1,item-006,66,0,0,34,86,89
MPV-GEN-T1-N30-R01,plain,1,item-012,0,0,65,48,19,23
MPV-GEN-T1-N30-R01,plain,1,item-025,0,0,89,85,79,11
MPV-GEN-T1-N30-R01,plain,2,item-015,0,0,0,44,93,93
MPV-GEN-T1-N30-R01,plain,2,item-019,44,0,0,47,85,95
MPV-GEN-T1-N30-R01,plain,2,item-011,91,0,0,9,97,99
MPV-GEN-T1-N30-R01,plain,3,item-016,0,0,0,73,52,93
MPV-GEN-T1-N30-R01,plain,3,item-003,0,52,0,85,44,72
MPV-GEN-T1-N30-R01,plain,3,item-010,85,0,0,6,80,91
MPV-GEN-T1-N30-R01,plain,4,item-023,0,0,0,99,51,65
MPV-GEN-T1-N30-R01,plain,4,item-000,0,51,0,76,35,84
MPV-GEN-T1-N30-R01,plain,5,item-009,0,0,0,45,78,93
MPV-GEN-T1-N30-R01,plain,5,item-028,45,0,0,41,79,92
MPV-GEN-T1-N30-R01,plain,5,item-008,0,79,0,96,17,74
MPV-GEN-T1-N30-R01,plain,6,item-026,0,0,0,84,65,52
MPV-GEN-T1-N30-R01,plain,6,item-029,0,0,52,91,86,18
MPV-GEN-T1-N30-R01,plain,7,item-017,0,0,0,38,72,98
MPV-GEN-T1-N30-R01,plain,7,item-002,38,0,0,32,84,86
MPV-GEN-T1-N30-R01,plain,7,item-020,70,0,0,27,81,87
MPV-GEN-T1-N30-R01,plain,8,item-007,0,0,0,22,70,92
MPV-GEN-T1-N30-R01,plain,8,item-022,22,0,0,19,80,77
MPV-GEN-T1-N30-R01,plain,8,item-018,41,0,0,20,73,79
MPV-GEN-T1-N30-R02,plain,0,item-007,0,0,0,76,100,99
MPV-GEN-T1-N30-R02,plain,0,item-012,76,0,0,24,93,99
MPV-GEN-T1-N30-R02,plain,1,item-028,0,0,0,82,89,91
MPV-GEN-T1-N30-R02,plain,1,item-001,82,0,0,17,73,73
MPV-GEN-T1-N30-R02,plain,1,item-005,0,0,91,81,76,2
MPV-GEN-T1-N30-R02,plain,1,item-017,0,0,93,66,94,6
MPV-GEN-T1-N30-R02,plain,2,item-006,0,0,0,67,98,41
MPV-GEN-T1-N30-R02,plain,2,item-013,67,0,0,29,93,82
MPV-GEN-T1-N30-R02,plain,2,item-024,0,0,41,63,50,50
MPV-GEN-T1-N30-R02,plain,2,item-002,0,50,41,39,43,40
MPV-GEN-T1-N30-R02,plain,2,item-029,39,50,41,25,27,44
MPV-GEN-T1-N30-R02,plain,2,item-026,96,0,0,4,87,82
MPV-GEN-T1-N30-R02,plain,3,item-023,0,0,0,77,90,28
MPV-GEN-T1-N30-R02,plain,3,item-018,0,0,28,74,86,20
MPV-GEN-T1-N30-R02,plain,3,item-000,0,0,48,73,72,22
MPV-GEN-T1-N30-R02,plain,4,item-020,0,0,0,94,56,85
MPV-GEN-T1-N30-R02,plain,4,item-025,0,56,0,91,37,88
MPV-GEN-T1-N30-R02,plain,5,item-015,0,0,0,40,89,98
MPV-GEN-T1-N30-R02,plain,5,item-004,40,0,0,40,86,85
MPV-GEN-T1-N30-R02,plain,6,item-008,0,0,0,47,73,100
MPV-GEN-T1-N30-R02,plain,6,item-009,47,0,0,38,97,79
MPV-GEN-T1-N30-R02,plain,7,item-019,0,0,0,85,74,49
MPV-GEN-T1-N30-R02,plain,8,item-003,0,0,0,43,77,77
MPV-GEN-T1-N30-R02,plain,8,item-021,43,0,0,39,91,71
MPV-GEN-T1-N30-R02,plain,9,item-010,0,0,0,41,81,75
MPV-GEN-T1-N30-R02,plain,9,item-016,41,0,0,45,68,88
MPV-GEN-T1-N30-R02,plain,10,item-014,0,0,0,27,98,99
MPV-GEN-T1-N30-R02,plain,10,item-022,27,0,0,36,69,97
MPV-GEN-T1-N30-R02,plain,10,item-011,63,0,0,33,66,88
MPV-GEN-T1-N30-R02,plain,11,item-027,0,0,0,57,62,63
MPV-GEN-T1-N30-R03,plain,0,item-011,0,0,0,100,65,86
MPV-GEN-T1-N30-R03,plain,0,item-013,0,65,0,68,33,87
MPV-GEN-T1-N30-R03,plain,0,item-004,0,0,87,98,80,10
MPV-GEN-T1-N30-R03,plain,0,item-010,68,65,0,27,11,25
MPV-GEN-T1-N30-R03,plain,0,item-022,0,80,87,50,14,5
MPV-GEN-T1-N30-R03,plain,0,item-024,0,0,97,71,99,3
MPV-GEN-T1-N30-R03,plain,1,item-007,0,0,0,49,93,72
MPV-GEN-T1-N30-R03,plain,1,item-017,49,0,0,50,88,53
MPV-GEN-T1-N30-R03,plain,1,item-012,99,0,0,1,93,82
MPV-GEN-T1-N30-R03,plain,1,item-015,0,0,72,37,11,14
MPV-GEN-T1-N30-R03,plain,1,item-028,0,11,72,99,79,4
MPV-GEN-T1-N30-R03,plain,2,item-002,0,0,0,87,41,85
MPV-GEN-T1-N30-R03,plain,2,item-016,87,0,0,12,82,85
MPV-GEN-T1-N30-R03,plain,3,item-023,0,0,0,78,80,42
MPV-GEN-T1-N30-R03,plain,3,item-019,78,0,0,22,97,74
MPV-GEN-T1-N30-R03,plain,3,item-027,0,0,42,53,88,53
MPV-GEN-T1-N30-R03,plain,4,item-018,0,0,0,29,98,82
MPV-GEN-T1-N30-R03,plain,4,item-005,29,0,0,41,69,74
MPV-GEN-T1-N30-R03,plain,4,item-006,70,0,0,29,76,86
MPV-GEN-T1-N30-R03,plain,5,item-008,0,0,0,24,88,92
MPV-GEN-T1-N30-R03,plain,5,item-009,24,0,0,28,82,76
MPV-GEN-T1-N30-R03,plain,5,item-021,52,0,0,25,77,81
MPV-GEN-T1-N30-R03,plain,5,item-020,77,0,0,22,77,82
MPV-GEN-T1-N30-R03,plain,6,item-029,0,0,0,28,66,94
MPV-GEN-T1-N30-R03,plain,6,item-001,28,0,0,22,73,80
MPV-GEN-T1-N30-R03,plain,6,item-014,50,0,0,18,84,70
MPV-GEN-T1-N30-R03,plain,6,item-026,68,0,0,15,73,81
MPV-GEN-T1-N30-R03,plain,6,item-025,83,0,0,15,71,79
MPV-GEN-T1-N30-R03,plain,7,item-003,0,0,0,7,72,93
MPV-GEN-T1-N30-R03,plain,7,item-000,7,0,0,6,80,91
MPV-GEN-T1-N30-R04,plain,0,item-024,0,0,0,88,88,48
MPV-GEN-T1-N30-R04,plain,0,item-021,88,0,0,12,76,90
MPV-GEN-T1-N30-R04,plain,0,item-029,0,88,0,92,12,70
MPV-GEN-T1-N30-R04,plain,0,item-004,0,0,48,39,18,23
MPV-GEN-T1-N30-R04,plain,0,item-008,0,18,48,50,12,8
MPV-GEN-T1-N30-R04,plain,0,item-010,0,18,70,69,82,1
MPV-GEN-T1-N30-R04,plain,0,item-022,0,0,71,87,93,27
MPV-GEN-T1-N30-R04,plain,1,item-016,0,0,0,79,56,78
MPV-GEN-T1-N30-R04,plain,1,item-023,0,56,0,92,18,84
MPV-GEN-T1-N30-R04,plain,1,item-014,92,0,0,8,69,100
MPV-GEN-T1-N30-R04,plain,1,item-001,0,74,0,73,5,98
MPV-GEN-T1-N30-R04,plain,1,item-005,0,79,0,95,3,100
MPV-GEN-T1-N30-R04,plain,1,item-000,0,82,0,91,2,89
MPV-GEN-T1-N30-R04,plain,2,item-027,0,0,0,88,90,36
MPV-GEN-T1-N30-R04,plain,2,item-018,0,0,36,67,67,60
MPV-GEN-T1-N30-R04,plain,2,item-007,88,0,0,11,70,85
MPV-GEN-T1-N30-R04,plain,3,item-013,0,0,0,58,72,63
MPV-GEN-T1-N30-R04,plain,3,item-011,58,0,0,32,96,67
MPV-GEN-T1-N30-R04,plain,3,item-002,90,0,0,4,70,84
MPV-GEN-T1-N30-R04,plain,4,item-015,0,0,0,33,92,97
MPV-GEN-T1-N30-R04,plain,4,item-028,33,0,0,49,68,85
MPV-GEN-T1-N30-R04,plain,4,item-020,82,0,0,18,99,74
MPV-GEN-T1-N30-R04,plain,5,item-019,0,0,0,35,86,93
MPV-GEN-T1-N30-R04,plain,5,item-026,35,0,0,27,81,79
MPV-GEN-T1-N30-R04,plain,5,item-003,62,0,0,22,80,98
MPV-GEN-T1-N30-R04,plain,6,item-006,0,0,0,25,88,78
MPV-GEN-T1-N30-R04,plain,6,item-012,25,0,0,27,80,78
MPV-GEN-T1-N30-R04,plain,6,item-017,52,0,0,22,92,71
MPV-GEN-T1-N30-R04,plain,6,item-025,74,0,0,21,72,94
MPV-GEN-T1-N30-R04,plain,7,item-009,0,0,0,21,66,97
MPV-GEN-T1-N30-R05,plain,0,item-015,0,0,0,96,65,100
MPV-GEN-T1-N30-R05,plain,0,item-000,0,65,0,89,23,98
MPV-GEN-T1-N30-R05,plain,0,item-021,0,88,0,46,12,30
MPV-GEN-T1-N30-R05,plain,1,item-025,0,0,0,88,86,45
MPV-GEN-T1-N30-R05,plain,1,item-012,0,0,45,67,80,33
MPV-GEN-T1-N30-R05,plain,1,item-029,0,0,78,37,31,20
MPV-GEN-T1-N30-R05,plain,1,item-002,0,31,78,12,38,6
MPV-GEN-T1-N30-R05,plain,1,item-011,88,0,0,7,99,92
MPV-GEN-T1-N30-R05,plain,2,item-019,0,0,0,47,74,88
MPV-GEN-T1-N30-R05,plain,2,item-005,47,0,0,50,66,92
MPV-GEN-T1-N30-R05,plain,3,item-010,0,0,0,48,82,76
MPV-GEN-T1-N30-R05,plain,3,item-028,48,0,0,35,91,99
MPV-GEN-T1-N30-R05,plain,3,item-009,83,0,0,13,86,94
MPV-GEN-T1-N30-R05,plain,4,item-001,0,0,0,33,95,82
MPV-GEN-T1-N30-R05,plain,4,item-023,33,0,0,45,73,70
MPV-GEN-T1-N30-R05,plain,4,item-020,78,0,0,15,73,100
MPV-GEN-T1-N30-R05,plain,5,item-014,0,0,0,47,67,71
MPV-GEN-T1-N30-R05,plain,5,item-016,47,0,0,43,74,67
MPV-GEN-T1-N30-R05,plain,5,item-006,0,0,71,79,66,23
MPV-GEN-T1-N30-R05,plain,6,item-026,0,0,0,60,52,76
MPV-GEN-T1-N30-R05,plain,6,item-018,60,0,0,38,76,73
MPV-GEN-T1-N30-R05,plain,6,item-027,0,0,76,85,94,13
MPV-GEN-T1-N30-R05,plain,7,item-003,0,0,0,36,75,67
MPV-GEN-T1-N30-R05,plain,7,item-004,36,0,0,39,67,93
MPV-GEN-T1-N30-R05,plain,8,item-013,0,0,0,33,69,98
MPV-GEN-T1-N30-R05,plain,8,item-008,33,0,0,27,82,98
MPV-GEN-T1-N30-R05,plain,8,item-022,60,0,0,31,81,78
MPV-GEN-T1-N30-R05,plain,9,item-024,0,0,0,81,33,74
MPV-GEN-T1-N30-R05,plain,10,item-007,0,0,0,26,69,99
MPV-GEN-T1-N30-R05,plain,10,item-017,26,0,0,32,68,78
MPV-GEN-T1-N30-R06,plain,0,item-000,0,0,0,86,90,26
MPV-GEN-T1-N30-R06,plain,0,item-021,0,0,26,83,84,14
MPV-GEN-T1-N30-R06,plain,0,item-011,0,0,40,71,68,11
MPV-GEN-T1-N30-R06,plain,0,item-018,0,0,51,42,44,44
MPV-GEN-T1-N30-R06,plain,0,item-014,0,44,51,37,22,48
MPV-GEN-T1-N30-R06,plain,0,item-016,86,0,0,9,87,75
MPV-GEN-T1-N30-R06,plain,0,item-020,0,90,0,71,5,92
MPV-GEN-T1-N30-R06,plain,0,item-005,95,0,0,4,70,83
MPV-GEN-T1-N30-R06,plain,0,item-001,42,0,51,37,42,13
MPV-GEN-T1-N30-R06,plain,0,item-006,42,0,64,20,33,15
MPV-GEN-T1-N30-R06,plain,0,item-008,99,0,0,1,96,89
MPV-GEN-T1-N30-R06,plain,0,item-013,83,0,26,1,85,69
MPV-GEN-T1-N30-R06,plain,0,item-019,62,0,64,10,48,29
MPV-GEN-T1-N30-R06,plain,0,item-015,0,0,99,91,95,1
MPV-GEN-T1-N30-R06,plain,1,item-004,0,0,0,98,72,63
MPV-GEN-T1-N30-R06,plain,1,item-025,0,72,0,71,27,100
MPV-GEN-T1-N30-R06,plain,1,item-003,98,0,0,1,83,84
MPV-GEN-T1-N30-R06,plain,2,item-007,0,0,0,94,64,75
MPV-GEN-T1-N30-R06,plain,2,item-009,94,0,0,4,70,80
MPV-GEN-T1-N30-R06,plain,3,item-012,0,0,0,52,100,79
MPV-GEN-T1-N30-R06,plain,3,item-017,52,0,0,45,90,96
MPV-GEN-T1-N30-R06,plain,4,item-023,0,0,0,44,99,80
MPV-GEN-T1-N30-R06,plain,4,item-026,44,0,0,50,87,76
MPV-GEN-T1-N30-R06,plain,5,item-010,0,0,0,35,83,95
MPV-GEN-T1-N30-R06,plain,5,item-022,35,0,0,46,70,75
MPV-GEN-T1-N30-R06,plain,6,item-027,0,0,0,69,49,72
MPV-GEN-T1-N30-R06,plain,6,item-002,69,0,0,21,72,95
MPV-GEN-T1-N30-R06,plain,7,item-029,0,0,0,39,82,69
MPV-GEN-T1-N30-R06,plain,7,item-024,39,0,0,38,67,69
MPV-GEN-T1-N30-R06,plain,7,item-028,77,0,0,22,68,77
MPV-GEN-T1-N30-R07,plain,0,item-000,0,0,0,72,98,40
MPV-GEN-T1-N30-R07,plain,0,item-002,72,0,0,27,78,95
MPV-GEN-T1-N30-R07,plain,0,item-022,0,0,40,12,8,43
MPV-GEN-T1-N30-R07,plain,1,item-013,0,0,0,65,90,100
MPV-GEN-T1-N30-R07,plain,1,item-008,65,0,0,28,76,81
MPV-GEN-T1-N30-R07,plain,1,item-011,93,0,0,6,94,71
MPV-GEN-T1-N30-R07,plain,2,item-029,0,0,0,44,96,81
MPV-GEN-T1-N30-R07,plain,2,item-009,44,0,0,46,90,77
MPV-GEN-T1-N30-R07,plain,2,item-005,90,0,0,9,98,87
MPV-GEN-T1-N30-R07,plain,3,item-021,0,0,0,97,37,96
MPV-GEN-T1-N30-R07,plain,3,item-018,0,37,0,97,26,76
MPV-GEN-T1-N30-R07,plain,3,item-001,0,63,0,67,37,72
MPV-GEN-T1-N30-R07,plain,3,item-007,97,0,0,3,92,79
MPV-GEN-T1-N30-R07,plain,4,item-025,0,0,0,43,66,91
MPV-GEN-T1-N30-R07,plain,4,item-004,43,0,0,38,66,79
MPV-GEN-T1-N30-R07,plain,4,item-027,0,66,0,66,33,74
MPV-GEN-T1-N30-R07,plain,4,item-006,81,0,0,19,91,80
MPV-GEN-T1-N30-R07,plain,5,item-023,0,0,0,40,66,66
MPV-GEN-T1-N30-R07,plain,5,item-014,40,0,0,28,73,72
MPV-GEN-T1-N30-R07,plain,5,item-019,68,0,0,22,86,67
MPV-GEN-T1-N30-R07,plain,5,item-020,90,0,0,8,69,95
MPV-GEN-T1-N30-R07,plain,6,item-010,0,0,0,19,83,80
MPV-GEN-T1-N30-R07,plain,6,item-016,19,0,0,26,66,72
MPV-GEN-T1-N30-R07,plain,6,item-015,45,0,0,23,67,67
MPV-GEN-T1-N30-R07,plain,6,item-026,68,0,0,13,96,98
MPV-GEN-T1-N30-R07,plain,6,item-003,81,0,0,15,78,88
MPV-GEN-T1-N30-R07,plain,7,item-024,0,0,0,6,92,75
MPV-GEN-T1-N30-R07,plain,7,item-028,6,0,0,6,91,91
MPV-GEN-T1-N30-R07,plain,7,item-012,12,0,0,5,79,87
MPV-GEN-T1-N30-R07,plain,7,item-017,17,0,0,5,66,68
MPV-GEN-T1-N30-R08,plain,0,item-000,0,0,0,71,99,71
MPV-GEN-T1-N30-R08,plain,0,item-026,71,0,0,23,81,96
MPV-GEN-T1-N30-R08,plain,0,item-008,0,0,71,4,20,22
MPV-GEN-T1-N30-R08,plain,0,item-020,94,0,0,6,79,87
MPV-GEN-T1-N30-R08,plain,0,item-010,71,81,0,6,14,49
MPV-GEN-T1-N30-R08,plain,1,item-014,0,0,0,92,76,84
MPV-GEN-T1-N30-R08,plain,1,item-028,0,76,0,43,15,44
MPV-GEN-T1-N30-R08,plain,1,item-021,92,0,0,4,69,70
MPV-GEN-T1-N30-R08,plain,1,item-025,96,0,0,1,79,71
MPV-GEN-T1-N30-R08,plain,1,item-018,97,0,0,1,67,77
MPV-GEN-T1-N30-R08,plain,1,item-022,0,0,84,72,94,15
MPV-GEN-T1-N30-R08,plain,2,item-002,0,0,0,72,94,83
MPV-GEN-T1-N30-R08,plain,2,item-015,72,0,0,19,98,95
MPV-GEN-T1-N30-R08,plain,3,item-016,0,0,0,71,96,50
MPV-GEN-T1-N30-R08,plain,3,item-003,0,0,50,28,26,40
MPV-GEN-T1-N30-R08,plain,3,item-024,71,0,0,23,81,82
MPV-GEN-T1-N30-R08,plain,4,item-023,0,0,0,39,92,88
MPV-GEN-T1-N30-R08,plain,4,item-004,39,0,0,37,94,90
MPV-GEN-T1-N30-R08,plain,4,item-027,76,0,0,20,73,98
MPV-GEN-T1-N30-R08,plain,5,item-001,0,0,0,46,69,78
MPV-GEN-T1-N30-R08,plain,5,item-011,46,0,0,30,98,95
MPV-GEN-T1-N30-R08,plain,5,item-007,76,0,0,17,69,92
MPV-GEN-T1-N30-R08,plain,6,item-009,0,0,0,37,74,98
MPV-GEN-T1-N30-R08,plain,6,item-019,37,0,0,35,75,98
MPV-GEN-T1-N30-R08,plain,6,item-017,72,0,0,16,88,74
MPV-GEN-T1-N30-R08,plain,7,item-029,0,0,0,86,32,80
MPV-GEN-T1-N30-R08,plain,7,item-006,0,32,0,90,28,72
MPV-GEN-T1-N30-R08,plain,8,item-013,0,0,0,38,69,80
MPV-GEN-T1-N30-R08,plain,8,item-012,38,0,0,31,78,83
MPV-GEN-T1-N30-R08,plain,8,item-005,69,0,0,13,67,78
MPV-GEN-T1-N30-R09,plain,0,item-020,0,0,0,83,97,78
MPV-GEN-T1-N30-R09,plain,0,item-015,83,0,0,16,93,66
MPV-GEN-T1-N30-R09,plain,0,item-018,0,0,78,71,79,12
MPV-GEN-T1-N30-R09,plain,0,item-006,0,97,0,12,1,45
MPV-GEN-T1-N30-R09,plain,0,item-011,0,0,90,95,66,5
MPV-GEN-T1-N30-R09,plain,0,item-029,0,79,78,1,1,20
MPV-GEN-T1-N30-R09,plain,1,item-005,0,0,0,80,87,66
MPV-GEN-T1-N30-R09,plain,1,item-025,0,0,66,68,81,27
MPV-GEN-T1-N30-R09,plain,1,item-009,0,87,0,84,9,95
MPV-GEN-T1-N30-R09,plain,1,item-016,84,0,0,7,93,89
MPV-GEN-T1-N30-R09,plain,1,item-014,91,0,0,7,91,85
MPV-GEN-T1-N30-R09,plain,1,item-001,80,0,0,3,24,37
MPV-GEN-T1-N30-R09,plain,2,item-000,0,0,0,88,56,80
MPV-GEN-T1-N30-R09,plain,2,item-012,88,0,0,8,78,78
MPV-GEN-T1-N30-R09,plain,2,item-019,0,56,0,47,23,36
MPV-GEN-T1-N30-R09,plain,3,item-028,0,0,0,50,98,100
MPV-GEN-T1-N30-R09,plain,3,item-022,50,0,0,43,82,91
MPV-GEN-T1-N30-R09,plain,3,item-027,93,0,0,7,77,100
MPV-GEN-T1-N30-R09,plain,4,item-010,0,0,0,81,55,77
MPV-GEN-T1-N30-R09,plain,4,item-026,0,55,0,76,45,95
MPV-GEN-T1-N30-R09,plain,4,item-013,81,0,0,5,84,73
MPV-GEN-T1-N30-R09,plain,5,item-023,0,0,0,37,94,97
MPV-GEN-T1-N30-R09,plain,5,item-002,37,0,0,42,80,94
MPV-GEN-T1-N30-R09,plain,6,item-003,0,0,0,42,93,74
MPV-GEN-T1-N30-R09,plain,6,item-004,42,0,0,37,88,100
MPV-GEN-T1-N30-R09,plain,7,item-017,0,0,0,93,99,28
MPV-GEN-T1-N30-R09,plain,7,item-007,0,0,28,32,68,71
MPV-GEN-T1-N30-R09,plain,8,item-021,0,0,0,40,90,80
MPV-GEN-T1-N30-R09,plain,8,item-024,40,0,0,41,71,76
MPV-GEN-T1-N30-R09,plain,9,item-008,0,0,0,31,70,99
MPV-GEN-T1-N30-R10,plain,0,item-026,0,0,0,93,86,99
MPV-GEN-T1-N30-R10,plain,0,item-001,93,0,0,7,91,80
MPV-GEN-T1-N30-R10,plain,0,item-005,0,86,0,24,2,46
MPV-GEN-T1-N30-R10,plain,1,item-007,0,0,0,87,79,76
MPV-GEN-T1-N30-R10,plain,1,item-012,0,79,0,97,17,97
MPV-GEN-T1-N30-R10,plain,1,item-015,87,0,0,12,66,94
MPV-GEN-T1-N30-R10,plain,1,item-023,0,0,76,36,25,4
MPV-GEN-T1-N30-R10,plain,1,item-002,97,66,0,1,29,30
MPV-GEN-T1-N30-R10,plain,2,item-008,0,0,0,92,57,78
MPV-GEN-T1-N30-R10,plain,2,item-009,0,57,0,97,31,81
MPV-GEN-T1-N30-R10,plain,2,item-014,0,0,81,92,88,10
MPV-GEN-T1-N30-R10,plain,3,item-017,0,0,0,74,86,44
MPV-GEN-T1-N30-R10,plain,3,item-003,0,0,44,71,70,56
MPV-GEN-T1-N30-R10,plain,3,item-013,74,0,0,23,100,79
MPV-GEN-T1-N30-R10,plain,4,item-004,0,0,0,38,81,76
MPV-GEN-T1-N30-R10,plain,4,item-027,38,0,0,43,70,89
MPV-GEN-T1-N30-R10,plain,4,item-025,0,81,0,86,19,89
MPV-GEN-T1-N30-R10,plain,4,item-028,81,0,0,14,80,84
MPV-GEN-T1-N30-R10,plain,4,item-029,95,0,0,5,77,91
MPV-GEN-T1-N30-R10,plain,5,item-010,0,0,0,87,33,80
MPV-GEN-T1-N30-R10,plain,5,item-020,0,33,0,69,45,70
MPV-GEN-T1-N30-R10,plain,5,item-000,0,33,70,17,33,30
MPV-GEN-T1-N30-R10,plain,5,item-024,87,0,0,10,95,83
MPV-GEN-T1-N30-R10,plain,6,item-011,0,0,0,29,93,74
MPV-GEN-T1-N30-R10,plain,6,item-021,29,0,0,25,89,89
MPV-GEN-T1-N30-R10,plain,6,item-016,54,0,0,23,71,97
MPV-GEN-T1-N30-R10,plain,6,item-006,77,0,0,10,93,69
MPV-GEN-T1-N30-R10,plain,6,item-018,87,0,0,10,92,68
MPV-GEN-T1-N30-R10,plain,7,item-019,0,0,0,10,87,77
MPV-GEN-T1-N30-R10,plain,7,item-022,10,0,0,8,71,88
MPV-GEN-T1-N60-R01,plain,0,item-044,0,0,0,74,82,72
MPV-GEN-T1-N60-R01,plain,0,item-021,74,0,0,25,99,69
MPV-GEN-T1-N60-R01,plain,0,item-053,0,0,72,80,75,20
MPV-GEN-T1-N60-R01,plain,0,item-004,0,0,92,97,74,8
MPV-GEN-T1-N60-R01,plain,0,item-028,80,0,69,18,44,10
MPV-GEN-T1-N60-R01,plain,0,item-038,0,82,0,70,7,67
MPV-GEN-T1-N60-R01,plain,0,item-041,0,99,0,98,1,95
MPV-GEN-T1-N60-R01,plain,0,item-056,80,74,69,5,25,31
MPV-GEN-T1-N60-R01,plain,0,item-058,99,0,0,1,93,99
MPV-GEN-T1-N60-R01,plain,1,item-045,0,0,0,69,84,94
MPV-GEN-T1-N60-R01,plain,1,item-010,69,0,0,27,94,71
MPV-GEN-T1-N60-R01,plain,1,item-030,0,94,0,79,6,82
MPV-GEN-T1-N60-R01,plain,1,item-006,96,0,0,3,88,90
MPV-GEN-T1-N60-R01,plain,2,item-055,0,0,0,62,95,91
MPV-GEN-T1-N60-R01,plain,2,item-039,62,0,0,36,82,88
MPV-GEN-T1-N60-R01,plain,3,item-054,0,0,0,62,93,62
MPV-GEN-T1-N60-R01,plain,3,item-035,62,0,0,37,75,88
MPV-GEN-T1-N60-R01,plain,3,item-037,0,0,88,92,82,12
MPV-GEN-T1-N60-R01,plain,3,item-049,0,93,0,78,6,91
MPV-GEN-T1-N60-R01,plain,4,item-007,0,0,0,95,36,98
MPV-GEN-T1-N60-R01,plain,4,item-051,0,36,0,87,64,53
MPV-GEN-T1-N60-R01,plain,4,item-031,0,36,53,27,44,47
MPV-GEN-T1-N60-R01,plain,4,item-018,95,0,0,5,96,87
MPV-GEN-T1-N60-R01,plain,5,item-027,0,0,0,46,93,71
MPV-GEN-T1-N60-R01,plain,5,item-009,46,0,0,46,79,83
MPV-GEN-T1-N60-R01,plain,5,item-034,92,0,0,8,91,96
MPV-GEN-T1-N60-R01,plain,6,item-050,0,0,0,100,74,37
MPV-GEN-T1-N60-R01,plain,6,item-024,0,0,37,83,73,33
MPV-GEN-T1-N60-R01,plain,6,item-016,0,0,70,89,98,19
MPV-GEN-T1-N60-R01,plain,7,item-013,0,0,0,65,57,70
MPV-GEN-T1-N60-R01,plain,7,item-014,65,0,0,34,78,85
MPV-GEN-T1-N60-R01,plain,7,item-019,0,78,0,75,12,96
MPV-GEN-T1-N60-R01,plain,8,item-046,0,0,0,39,88,77
MPV-GEN-T1-N60-R01,plain,8,item-011,39,0,0,58,56,79
MPV-GEN-T1-N60-R01,plain,8,item-003,97,0,0,3,68,94
MPV-GEN-T1-N60-R01,plain,9,item-026,0,0,0,93,95,29
MPV-GEN-T1-N60-R01,plain,9,item-023,0,0,29,42,86,66
MPV-GEN-T1-N60-R01,plain,9,item-015,42,0,29,39,79,67
MPV-GEN-T1-N60-R01,plain,9,item-036,93,0,0,5,83,96
MPV-GEN-T1-N60-R01,plain,10,item-022,0,0,0,32,99,69
MPV-GEN-T1-N60-R01,plain,10,item-029,32,0,0,34,89,72
MPV-GEN-T1-N60-R01,plain,10,item-020,66,0,0,34,67,91
MPV-GEN-T1-N60-R01,plain,11,item-040,0,0,0,81,78,34
MPV-GEN-T1-N60-R01,plain,11,item-025,81,0,0,19,84,82
MPV-GEN-T1-N60-R01,plain,12,item-048,0,0,0,37,73,91
MPV-GEN-T1-N60-R01,plain,12,item-012,37,0,0,29,78,82
MPV-GEN-T1-N60-R01,plain,12,item-047,66,0,0,28,80,88
MPV-GEN-T1-N60-R01,plain,13,item-032,0,0,0,22,95,92
MPV-GEN-T1-N60-R01,plain,13,item-043,22,0,0,22,99,71
MPV-GEN-T1-N60-R01,plain,13,item-057,44,0,0,30,71,76
MPV-GEN-T1-N60-R01,plain,13,item-005,74,0,0,23,85,71
MPV-GEN-T1-N60-R01,plain,14,item-017,0,0,0,21,77,99
MPV-GEN-T1-N60-R01,plain,14,item-059,21,0,0,20,72,73
MPV-GEN-T1-N60-R01,plain,14,item-033,41,0,0,19,71,74
MPV-GEN-T1-N60-R01,plain,14,item-042,60,0,0,17,72,90
MPV-GEN-T1-N60-R01,plain,14,item-001,77,0,0,10,89,93
MPV-GEN-T1-N60-R01,plain,14,item-002,87,0,0,13,78,73
MPV-GEN-T1-N60-R01,plain,15,item-052,0,0,0,11,71,76
MPV-GEN-T1-N60-R01,plain,15,item-008,11,0,0,10,74,75
MPV-GEN-T1-N60-R01,plain,15,item-000,21,0,0,8,66,72
MPV-GEN-T1-N60-R02,plain,0,item-032,0,0,0,76,91,92
MPV-GEN-T1-N60-R02,plain,0,item-003,76,0,0,18,99,76
MPV-GEN-T1-N60-R02,plain,0,item-031,94,0,0,6,76,87
MPV-GEN-T1-N60-R02,plain,0,item-026,76,0,76,5,50,17
MPV-GEN-T1-N60-R02,plain,0,item-041,0,0,92,38,44,2
MPV-GEN-T1-N60-R02,plain,1,item-002,0,0,0,51,95,97
MPV-GEN-T1-N60-R02,plain,1,item-006,51,0,0,49,100,82
MPV-GEN-T1-N60-R02,plain,1,item-033,51,0,82,45,13,14
MPV-GEN-T1-N60-R02,plain,2,item-019,0,0,0,85,69,65
MPV-GEN-T1-N60-R02,plain,2,item-001,0,69,0,96,23,99
MPV-GEN-T1-N60-R02,plain,2,item-055,85,0,0,8,67,84
MPV-GEN-T1-N60-R02,plain,2,item-056,96,0,0,4,73,97
MPV-GEN-T1-N60-R02,plain,3,item-045,0,0,0,48,92,75
MPV-GEN-T1-N60-R02,plain,3,item-054,48,0,0,46,91,82
MPV-GEN-T1-N60-R02,plain,3,item-043,94,0,0,6,70,99
MPV-GEN-T1-N60-R02,plain,3,item-058,0,0,82,78,93,17
MPV-GEN-T1-N60-R02,plain,4,item-024,0,0,0,45,85,83
MPV-GEN-T1-N60-R02,plain,4,item-049,45,0,0,47,84,67
MPV-GEN-T1-N60-R02,plain,4,item-007,0,85,0,47,13,36
MPV-GEN-T1-N60-R02,plain,4,item-010,0,85,36,14,10,45
MPV-GEN-T1-N60-R02,plain,4,item-052,92,0,0,7,75,83
MPV-GEN-T1-N60-R02,plain,4,item-053,0,0,83,66,99,17
MPV-GEN-T1-N60-R02,plain,5,item-009,0,0,0,39,98,69
MPV-GEN-T1-N60-R02,plain,5,item-023,39,0,0,41,89,88
MPV-GEN-T1-N60-R02,plain,5,item-013,80,0,0,20,90,71
MPV-GEN-T1-N60-R02,plain,6,item-035,0,0,0,41,92,82
MPV-GEN-T1-N60-R02,plain,6,item-014,41,0,0,57,52,96
MPV-GEN-T1-N60-R02,plain,6,item-022,41,52,0,47,33,41
MPV-GEN-T1-N60-R02,plain,6,item-038,41,52,41,34,33,45
MPV-GEN-T1-N60-R02,plain,6,item-030,98,0,0,2,78,87
MPV-GEN-T1-N60-R02,plain,7,item-017,0,0,0,67,49,82
MPV-GEN-T1-N60-R02,plain,7,item-025,67,0,0,27,97,97
MPV-GEN-T1-N60-R02,plain,7,item-012,94,0,0,5,77,78
MPV-GEN-T1-N60-R02,plain,8,item-039,0,0,0,34,91,85
MPV-GEN-T1-N60-R02,plain,8,item-046,34,0,0,40,81,81
MPV-GEN-T1-N60-R02,plain,8,item-037,74,0,0,25,92,94
MPV-GEN-T1-N60-R02,plain,9,item-050,0,0,0,41,75,89
MPV-GEN-T1-N60-R02,plain,9,item-015,41,0,0,35,75,95
MPV-GEN-T1-N60-R02,plain,9,item-047,0,75,0,80,23,81
MPV-GEN-T1-N60-R02,plain,9,item-011,80,0,0,14,86,100
MPV-GEN-T1-N60-R02,plain,9,item-028,94,0,0,3,93,76
MPV-GEN-T1-N60-R02,plain,10,item-057,0,0,0,73,79,45
MPV-GEN-T1-N60-R02,plain,10,item-005,73,0,0,27,89,97
MPV-GEN-T1-N60-R02,plain,11,item-008,0,0,0,34,88,66
MPV-GEN-T1-N60-R02,plain,11,item-020,34,0,0,30,89,83
MPV-GEN-T1-N60-R02,plain,11,item-027,64,0,0,30,98,72
MPV-GEN-T1-N60-R02,plain,12,item-029,0,0,0,38,67,71
MPV-GEN-T1-N60-R02,plain,12,item-004,38,0,0,33,67,74
MPV-GEN-T1-N60-R02,plain,12,item-036,71,0,0,25,81,75
MPV-GEN-T1-N60-R02,plain,12,item-048,0,0,75,96,96,18
MPV-GEN-T1-N60-R02,plain,13,item-044,0,0,0,74,27,86
MPV-GEN-T1-N60-R02,plain,13,item-016,74,0,0,20,76,72
MPV-GEN-T1-N60-R02,plain,14,item-034,0,0,0,17,87,75
MPV-GEN-T1-N60-R02,plain,14,item-040,17,0,0,13,92,99
MPV-GEN-T1-N60-R02,plain,14,item-042,30,0,0,15,91,78
MPV-GEN-T1-N60-R02,plain,14,item-021,45,0,0,12,98,78
MPV-GEN-T1-N60-R02,plain,14,item-059,57,0,0,14,74,79
MPV-GEN-T1-N60-R02,plain,14,item-000,71,0,0,10,96,70
MPV-GEN-T1-N60-R02,plain,14,item-051,81,0,0,9,80,83
MPV-GEN-T1-N60-R02,plain,14,item-018,90,0,0,9,74,88
MPV-GEN-T1-N60-R03,plain,0,item-053,0,0,0,79,81,99
MPV-GEN-T1-N60-R03,plain,0,item-057,0,81,0,97,19,95
MPV-GEN-T1-N60-R03,plain,0,item-001,79,0,0,21,76,83
MPV-GEN-T1-N60-R03,plain,1,item-055,0,0,0,98,93,33
MPV-GEN-T1-N60-R03,plain,1,item-010,0,0,33,69,83,51
MPV-GEN-T1-N60-R03,plain,1,item-009,69,0,33,29,83,66
MPV-GEN-T1-N60-R03,plain,1,item-021,0,0,84,48,4,8
MPV-GEN-T1-N60-R03,plain,1,item-056,98,0,0,2,85,79
MPV-GEN-T1-N60-R03,plain,2,item-035,0,0,0,46,96,89
MPV-GEN-T1-N60-R03,plain,2,item-044,46,0,0,43,94,84
MPV-GEN-T1-N60-R03,plain,2,item-059,89,0,0,11,98,98
MPV-GEN-T1-N60-R03,plain,3,item-020,0,0,0,87,50,78
MPV-GEN-T1-N60-R03,plain,3,item-022,0,50,0,96,31,99
MPV-GEN-T1-N60-R03,plain,3,item-004,0,81,0,96,11,84
MPV-GEN-T1-N60-R03,plain,3,item-041,87,0,0,10,34,43
MPV-GEN-T1-N60-R03,plain,3,item-051,97,0,0,1,100,96
MPV-GEN-T1-N60-R03,plain,3,item-030,98,0,0,1,91,93
MPV-GEN-T1-N60-R03,plain,3,item-038,99,0,0,1,100,84
MPV-GEN-T1-N60-R03,plain,4,item-011,0,0,0,39,89,90
MPV-GEN-T1-N60-R03,plain,4,item-036,39,0,0,44,80,88
MPV-GEN-T1-N60-R03,plain,4,item-027,83,0,0,17,90,97
MPV-GEN-T1-N60-R03,plain,5,item-017,0,0,0,82,75,44
MPV-GEN-T1-N60-R03,plain,5,item-014,82,0,0,13,96,98
MPV-GEN-T1-N60-R03,plain,5,item-006,0,0,44,66,78,37
MPV-GEN-T1-N60-R03,plain,6,item-023,0,0,0,39,79,97
MPV-GEN-T1-N60-R03,plain,6,item-028,39,0,0,39,81,90
MPV-GEN-T1-N60-R03,plain,6,item-026,78,0,0,18,89,69
MPV-GEN-T1-N60-R03,plain,7,item-058,0,0,0,38,82,91
MPV-GEN-T1-N60-R03,plain,7,item-013,38,0,0,39,70,99
MPV-GEN-T1-N60-R03,plain,7,item-047,77,0,0,23,94,73
MPV-GEN-T1-N60-R03,plain,8,item-016,0,0,0,35,90,81
MPV-GEN-T1-N60-R03,plain,8,item-019,35,0,0,43,79,75
MPV-GEN-T1-N60-R03,plain,8,item-048,78,0,0,16,83,91
MPV-GEN-T1-N60-R03,plain,9,item-032,0,0,0,37,77,88
MPV-GEN-T1-N60-R03,plain,9,item-039,37,0,0,31,99,81
MPV-GEN-T1-N60-R03,plain,9,item-005,68,0,0,32,82,89
MPV-GEN-T1-N60-R03,plain,10,item-049,0,0,0,90,73,37
MPV-GEN-T1-N60-R03,plain,10,item-025,0,0,37,99,99,23
MPV-GEN-T1-N60-R03,plain,10,item-034,0,0,60,25,32,38
MPV-GEN-T1-N60-R03,plain,11,item-012,0,0,0,32,77,96
MPV-GEN-T1-N60-R03,plain,11,item-037,32,0,0,45,66,74
MPV-GEN-T1-N60-R03,plain,11,item-042,77,0,0,14,86,100
MPV-GEN-T1-N60-R03,plain,11,item-046,32,66,0,40,26,49
MPV-GEN-T1-N60-R03,plain,12,item-045,0,0,0,37,79,70
MPV-GEN-T1-N60-R03,plain,12,item-029,37,0,0,41,69,71
MPV-GEN-T1-N60-R03,plain,12,item-018,78,0,0,14,74,78
MPV-GEN-T1-N60-R03,plain,13,item-031,0,0,0,32,87,73
MPV-GEN-T1-N60-R03,plain,13,item-050,32,0,0,31,77,98
MPV-GEN-T1-N60-R03,plain,13,item-002,63,0,0,28,80,84
MPV-GEN-T1-N60-R03,plain,14,item-043,0,0,0,76,35,70
MPV-GEN-T1-N60-R03,plain,14,item-033,76,0,0,24,89,93
MPV-GEN-T1-N60-R03,plain,15,item-015,0,0,0,32,82,66
MPV-GEN-T1-N60-R03,plain,15,item-003,32,0,0,30,71,80
MPV-GEN-T1-N60-R03,plain,15,item-054,62,0,0,29,71,78
MPV-GEN-T1-N60-R03,plain,16,item-052,0,0,0,89,27,68
MPV-GEN-T1-N60-R03,plain,16,item-040,0,27,0,24,70,68
MPV-GEN-T1-N60-R03,plain,16,item-000,24,27,0,13,69,79
MPV-GEN-T1-N60-R03,plain,16,item-008,37,27,0,11,68,93
MPV-GEN-T1-N60-R03,plain,17,item-024,0,0,0,13,75,89
MPV-GEN-T1-N60-R03,plain,17,item-007,13,0,0,12,74,90
MPV-GEN-T1-N60-R04,plain,0,item-012,0,0,0,88,69,52
MPV-GEN-T1-N60-R04,plain,0,item-034,0,0,52,79,66,27
MPV-GEN-T1-N60-R04,plain,0,item-053,0,69,0,97,24,70
MPV-GEN-T1-N60-R04,plain,0,item-011,0,0,79,68,81,19
MPV-GEN-T1-N60-R04,plain,0,item-019,88,0,0,6,68,71
MPV-GEN-T1-N60-R04,plain,0,item-006,0,81,70,44,15,29
MPV-GEN-T1-N60-R04,plain,0,item-035,97,0,0,2,78,83
MPV-GEN-T1-N60-R04,plain,0,item-027,99,0,0,1,95,98
MPV-GEN-T1-N60-R04,plain,0,item-016,94,0,0,1,68,89
MPV-GEN-T1-N60-R04,plain,0,item-029,0,0,98,45,37,2
MPV-GEN-T1-N60-R04,plain,0,item-017,68,0,79,3,2,10
MPV-GEN-T1-N60-R04,plain,0,item-036,44,78,70,14,8,5
MPV-GEN-T1-N60-R04,plain,0,item-042,44,86,70,12,7,20
MPV-GEN-T1-N60-R04,plain,1,item-058,0,0,0,59,99,89
MPV-GEN-T1-N60-R04,plain,1,item-046,59,0,0,39,89,100
MPV-GEN-T1-N60-R04,plain,1,item-001,59,89,0,25,10,31
MPV-GEN-T1-N60-R04,plain,1,item-055,98,0,0,1,95,71
MPV-GEN-T1-N60-R04,plain,1,item-056,99,0,0,1,73,85
MPV-GEN-T1-N60-R04,plain,2,item-030,0,0,0,49,93,98
MPV-GEN-T1-N60-R04,plain,2,item-049,49,0,0,44,96,88
MPV-GEN-T1-N60-R04,plain,2,item-059,93,0,0,7,100,69
MPV-GEN-T1-N60-R04,plain,3,item-051,0,0,0,44,84,98
MPV-GEN-T1-N60-R04,plain,3,item-003,44,0,0,45,79,85
MPV-GEN-T1-N60-R04,plain,3,item-031,89,0,0,11,99,95
MPV-GEN-T1-N60-R04,plain,3,item-033,0,84,0,67,16,68
MPV-GEN-T1-N60-R04,plain,4,item-021,0,0,0,98,71,42
MPV-GEN-T1-N60-R04,plain,4,item-002,0,0,42,37,39,48
MPV-GEN-T1-N60-R04,plain,4,item-043,0,39,42,27,29,48
MPV-GEN-T1-N60-R04,plain,4,item-015,27,39,42,28,23,31
MPV-GEN-T1-N60-R04,plain,4,item-025,0,71,0,82,17,68
MPV-GEN-T1-N60-R04,plain,4,item-052,0,88,0,78,11,75
MPV-GEN-T1-N60-R04,plain,5,item-005,0,0,0,36,86,92
MPV-GEN-T1-N60-R04,plain,5,item-024,36,0,0,30,99,96
MPV-GEN-T1-N60-R04,plain,5,item-004,66,0,0,32,89,95
MPV-GEN-T1-N60-R04,plain,6,item-014,0,0,0,88,81,38
MPV-GEN-T1-N60-R04,plain,6,item-013,0,0,38,82,86,35
MPV-GEN-T1-N60-R04,plain,6,item-040,0,0,73,76,84,23
MPV-GEN-T1-N60-R04,plain,6,item-057,88,0,0,5,82,69
MPV-GEN-T1-N60-R04,plain,7,item-032,0,0,0,68,91,42
MPV-GEN-T1-N60-R04,plain,7,item-022,68,0,0,28,100,84
MPV-GEN-T1-N60-R04,plain,8,item-008,0,0,0,37,82,84
MPV-GEN-T1-N60-R04,plain,8,item-010,37,0,0,35,96,71
MPV-GEN-T1-N60-R04,plain,8,item-028,72,0,0,26,93,68
MPV-GEN-T1-N60-R04,plain,9,item-023,0,0,0,36,82,84
MPV-GEN-T1-N60-R04,plain,9,item-047,36,0,0,43,77,66
MPV-GEN-T1-N60-R04,plain,9,item-038,79,0,0,17,98,92
MPV-GEN-T1-N60-R04,plain,10,item-020,0,0,0,68,43,78
MPV-GEN-T1-N60-R04,plain,10,item-045,0,43,0,72,34,78
MPV-GEN-T1-N60-R04,plain,10,item-007,72,0,0,26,86,68
MPV-GEN-T1-N60-R04,plain,11,item-041,0,0,0,35,72,80
MPV-GEN-T1-N60-R04,plain,11,item-048,35,0,0,28,71,96
MPV-GEN-T1-N60-R04,plain,11,item-009,63,0,0,22,90,87
MPV-GEN-T1-N60-R04,plain,11,item-054,85,0,0,13,85,87
MPV-GEN-T1-N60-R04,plain,12,item-026,0,0,0,28,74,67
MPV-GEN-T1-N60-R04,plain,12,item-039,28,0,0,27,73,78
MPV-GEN-T1-N60-R04,plain,12,item-044,55,0,0,23,73,95
MPV-GEN-T1-N60-R04,plain,12,item-050,78,0,0,22,78,85
MPV-GEN-T1-N60-R04,plain,13,item-018,0,0,0,18,87,79
MPV-GEN-T1-N60-R04,plain,13,item-037,18,0,0,16,76,88
MPV-GEN-T1-N60-R04,plain,13,item-000,34,0,0,13,76,77
MPV-GEN-T1-N60-R05,plain,0,item-046,0,0,0,96,92,88
MPV-GEN-T1-N60-R05,plain,0,item-015,0,0,88,90,85,10
MPV-GEN-T1-N60-R05,plain,0,item-039,0,92,0,79,6,74
MPV-GEN-T1-N60-R05,plain,0,item-044,96,0,0,2,88,93
MPV-GEN-T1-N60-R05,plain,0,item-016,0,0,98,98,82,1
MPV-GEN-T1-N60-R05,plain,0,item-059,79,92,0,2,6,43
MPV-GEN-T1-N60-R05,plain,1,item-012,0,0,0,92,72,85
MPV-GEN-T1-N60-R05,plain,1,item-049,0,72,0,67,10,98
MPV-GEN-T1-N60-R05,plain,1,item-052,0,0,85,45,46,13
MPV-GEN-T1-N60-R05,plain,1,item-001,0,82,0,90,3,73
MPV-GEN-T1-N60-R05,plain,1,item-035,0,85,0,7,9,33
MPV-GEN-T1-N60-R05,plain,2,item-036,0,0,0,66,91,97
MPV-GEN-T1-N60-R05,plain,2,item-038,66,0,0,34,85,89
MPV-GEN-T1-N60-R05,plain,3,item-051,0,0,0,92,68,73
MPV-GEN-T1-N60-R05,plain,3,item-005,0,0,73,41,39,19
MPV-GEN-T1-N60-R05,plain,3,item-055,0,68,0,91,31,100
MPV-GEN-T1-N60-R05,plain,4,item-025,0,0,0,49,91,94
MPV-GEN-T1-N60-R05,plain,4,item-024,49,0,0,48,89,90
MPV-GEN-T1-N60-R05,plain,4,item-053,0,0,94,84,87,4
MPV-GEN-T1-N60-R05,plain,5,item-056,0,0,0,89,85,45
MPV-GEN-T1-N60-R05,plain,5,item-037,0,0,45,83,85,46
MPV-GEN-T1-N60-R05,plain,5,item-028,89,0,0,10,81,82
MPV-GEN-T1-N60-R05,plain,6,item-027,0,0,0,38,99,88
MPV-GEN-T1-N60-R05,plain,6,item-029,38,0,0,48,84,82
MPV-GEN-T1-N60-R05,plain,6,item-008,86,0,0,14,97,76
MPV-GEN-T1-N60-R05,plain,7,item-040,0,0,0,49,74,99
MPV-GEN-T1-N60-R05,plain,7,item-014,49,0,0,42,79,99
MPV-GEN-T1-N60-R05,plain,7,item-041,91,0,0,9,79,91
MPV-GEN-T1-N60-R05,plain,8,item-030,0,0,0,48,94,69
MPV-GEN-T1-N60-R05,plain,8,item-034,48,0,0,42,96,80
MPV-GEN-T1-N60-R05,plain,8,item-003,90,0,0,9,74,66
MPV-GEN-T1-N60-R05,plain,9,item-048,0,0,0,43,93,79
MPV-GEN-T1-N60-R05,plain,9,item-022,43,0,0,42,88,82
MPV-GEN-T1-N60-R05,plain,9,item-050,85,0,0,12,92,94
MPV-GEN-T1-N60-R05,plain,10,item-045,0,0,0,92,61,51
MPV-GEN-T1-N60-R05,plain,10,item-002,0,61,0,80,37,83
MPV-GEN-T1-N60-R05,plain,11,item-026,0,0,0,41,95,66
MPV-GEN-T1-N60-R05,plain,11,item-032,41,0,0,50,71,72
MPV-GEN-T1-N60-R05,plain,11,item-042,0,0,72,68,100,22
MPV-GEN-T1-N60-R05,plain,12,item-054,0,0,0,46,77,83
MPV-GEN-T1-N60-R05,plain,12,item-006,46,0,0,41,68,84
MPV-GEN-T1-N60-R05,plain,12,item-009,87,0,0,12,75,84
MPV-GEN-T1-N60-R05,plain,13,item-019,0,0,0,64,64,55
MPV-GEN-T1-N60-R05,plain,13,item-004,64,0,0,32,83,70
MPV-GEN-T1-N60-R05,plain,13,item-031,0,0,70,72,75,29
MPV-GEN-T1-N60-R05,plain,14,item-011,0,0,0,38,84,69
MPV-GEN-T1-N60-R05,plain,14,item-047,38,0,0,51,67,63
MPV-GEN-T1-N60-R05,plain,15,item-007,0,0,0,69,42,70
MPV-GEN-T1-N60-R05,plain,15,item-021,0,42,0,89,29,72
MPV-GEN-T1-N60-R05,plain,16,item-018,0,0,0,23,99,81
MPV-GEN-T1-N60-R05,plain,16,item-023,23,0,0,34,72,70
MPV-GEN-T1-N60-R05,plain,16,item-033,57,0,0,31,72,77
MPV-GEN-T1-N60-R05,plain,16,item-043,88,0,0,12,89,69
MPV-GEN-T1-N60-R05,plain,17,item-010,0,0,0,21,84,91
MPV-GEN-T1-N60-R05,plain,17,item-058,21,0,0,25,83,71
MPV-GEN-T1-N60-R05,plain,17,item-020,46,0,0,20,94,69
MPV-GEN-T1-N60-R05,plain,17,item-013,66,0,0,24,66,75
MPV-GEN-T1-N60-R05,plain,18,item-000,0,0,0,16,84,86
MPV-GEN-T1-N60-R05,plain,18,item-057,16,0,0,14,89,79
MPV-GEN-T1-N60-R05,plain,18,item-017,30,0,0,15,73,79
MPV-GEN-T1-N60-R06,plain,0,item-042,0,0,0,74,99,92
MPV-GEN-T1-N60-R06,plain,0,item-017,74,0,0,26,95,85
MPV-GEN-T1-N60-R06,plain,0,item-038,0,0,92,100,71,7
MPV-GEN-T1-N60-R06,plain,0,item-053,0,0,99,70,76,1
MPV-GEN-T1-N60-R06,plain,1,item-005,0,0,0,71,67,96
MPV-GEN-T1-N60-R06,plain,1,item-054,71,0,0,28,91,92
MPV-GEN-T1-N60-R06,plain,1,item-032,0,67,0,68,28,81
MPV-GEN-T1-N60-R06,plain,1,item-020,0,67,81,16,14,16
MPV-GEN-T1-N60-R06,plain,1,item-034,99,0,0,1,92,94
MPV-GEN-T1-N60-R06,plain,2,item-031,0,0,0,53,88,93
MPV-GEN-T1-N60-R06,plain,2,item-043,53,0,0,46,95,97
MPV-GEN-T1-N60-R06,plain,3,item-035,0,0,0,92,61,61
MPV-GEN-T1-N60-R06,plain,3,item-051,0,61,0,67,38,78
MPV-GEN-T1-N60-R06,plain,3,item-010,92,0,0,8,85,75
MPV-GEN-T1-N60-R06,plain,3,item-058,0,0,78,82,83,9
MPV-GEN-T1-N60-R06,plain,3,item-004,0,0,87,66,76,11
MPV-GEN-T1-N60-R06,plain,3,item-022,82,0,61,9,29,29
MPV-GEN-T1-N60-R06,plain,4,item-036,0,0,0,68,80,77
MPV-GEN-T1-N60-R06,plain,4,item-016,68,0,0,32,95,94
MPV-GEN-T1-N60-R06,plain,4,item-039,0,0,94,90,90,6
MPV-GEN-T1-N60-R06,plain,4,item-056,0,80,0,48,13,36
MPV-GEN-T1-N60-R06,plain,5,item-040,0,0,0,73,62,92
MPV-GEN-T1-N60-R06,plain,5,item-003,73,0,0,24,82,71
MPV-GEN-T1-N60-R06,plain,5,item-015,0,82,0,81,16,70
MPV-GEN-T1-N60-R06,plain,5,item-007,97,0,0,3,97,83
MPV-GEN-T1-N60-R06,plain,6,item-055,0,0,0,44,88,93
MPV-GEN-T1-N60-R06,plain,6,item-001,44,0,0,36,97,91
MPV-GEN-T1-N60-R06,plain,6,item-000,80,0,0,18,79,84
MPV-GEN-T1-N60-R06,plain,6,item-029,98,0,0,2,97,81
MPV-GEN-T1-N60-R06,plain,7,item-030,0,0,0,44,96,74
MPV-GEN-T1-N60-R06,plain,7,item-047,44,0,0,38,91,98
MPV-GEN-T1-N60-R06,plain,7,item-024,82,0,0,15,78,97
MPV-GEN-T1-N60-R06,plain,7,item-050,97,0,0,3,93,81
MPV-GEN-T1-N60-R06,plain,8,item-013,0,0,0,42,82,81
MPV-GEN-T1-N60-R06,plain,8,item-023,42,0,0,33,98,80
MPV-GEN-T1-N60-R06,plain,8,item-027,75,0,0,24,69,89
MPV-GEN-T1-N60-R06,plain,9,item-057,0,0,0,74,85,43
MPV-GEN-T1-N60-R06,plain,9,item-011,74,0,0,12,88,93
MPV-GEN-T1-N60-R06,plain,9,item-028,0,0,43,47,35,50
MPV-GEN-T1-N60-R06,plain,9,item-033,86,0,0,9,99,87
MPV-GEN-T1-N60-R06,plain,9,item-009,95,0,0,5,94,70
MPV-GEN-T1-N60-R06,plain,10,item-037,0,0,0,84,45,70
MPV-GEN-T1-N60-R06,plain,10,item-006,0,45,0,89,10,76
MPV-GEN-T1-N60-R06,plain,10,item-012,89,0,0,9,75,83
MPV-GEN-T1-N60-R06,plain,10,item-018,0,55,0,87,7,82
MPV-GEN-T1-N60-R06,plain,10,item-002,98,0,0,2,66,82
MPV-GEN-T1-N60-R06,plain,11,item-049,0,0,0,41,85,74
MPV-GEN-T1-N60-R06,plain,11,item-052,41,0,0,39,82,67
MPV-GEN-T1-N60-R06,plain,11,item-025,80,0,0,7,92,86
MPV-GEN-T1-N60-R06,plain,11,item-048,87,0,0,7,81,96
MPV-GEN-T1-N60-R06,plain,11,item-021,94,0,0,6,91,93
MPV-GEN-T1-N60-R06,plain,12,item-008,0,0,0,40,76,67
MPV-GEN-T1-N60-R06,plain,12,item-014,40,0,0,51,61,60
MPV-GEN-T1-N60-R06,plain,12,item-026,0,0,67,81,68,19
MPV-GEN-T1-N60-R06,plain,12,item-045,91,0,0,8,89,69
MPV-GEN-T1-N60-R06,plain,13,item-046,0,0,0,40,74,84
MPV-GEN-T1-N60-R06,plain,13,item-041,40,0,0,32,87,78
MPV-GEN-T1-N60-R06,plain,14,item-019,0,0,0,31,80,85
MPV-GEN-T1-N60-R06,plain,14,item-044,31,0,0,30,67,69
MPV-GEN-T1-N60-R06,plain,15,item-059,0,0,0,83,68,29
MPV-GEN-T1-N60-R07,plain,0,item-031,0,0,0,42,98,100
MPV-GEN-T1-N60-R07,plain,0,item-045,42,0,0,47,88,99
MPV-GEN-T1-N60-R07,plain,0,item-013,89,0,0,11,97,86
MPV-GEN-T1-N60-R07,plain,0,item-002,89,0,86,10,34,14
MPV-GEN-T1-N60-R07,plain,0,item-044,42,88,0,9,4,27
MPV-GEN-T1-N60-R07,plain,1,item-035,0,0,0,98,50,79
MPV-GEN-T1-N60-R07,plain,1,item-001,0,0,79,41,40,5
MPV-GEN-T1-N60-R07,plain,1,item-009,0,50,0,92,39,67
MPV-GEN-T1-N60-R07,plain,1,item-005,0,89,0,100,6,67
MPV-GEN-T1-N60-R07,plain,1,item-006,0,0,84,36,33,11
MPV-GEN-T1-N60-R07,plain,1,item-025,0,0,95,79,71,5
MPV-GEN-T1-N60-R07,plain,1,item-039,79,50,67,19,43,32
MPV-GEN-T1-N60-R07,plain,1,item-046,0,50,67,40,16,27
MPV-GEN-T1-N60-R07,plain,2,item-048,0,0,0,56,93,73
MPV-GEN-T1-N60-R07,plain,2,item-010,56,0,0,42,85,95
MPV-GEN-T1-N60-R07,plain,3,item-053,0,0,0,94,52,81
MPV-GEN-T1-N60-R07,plain,3,item-057,0,52,0,98,27,98
MPV-GEN-T1-N60-R07,plain,3,item-042,0,79,0,100,14,97
MPV-GEN-T1-N60-R07,plain,4,item-056,0,0,0,46,97,78
MPV-GEN-T1-N60-R07,plain,4,item-030,46,0,0,43,97,80
MPV-GEN-T1-N60-R07,plain,4,item-011,0,0,80,92,79,13
MPV-GEN-T1-N60-R07,plain,4,item-027,89,0,0,9,73,79
MPV-GEN-T1-N60-R07,plain,5,item-049,0,0,0,79,74,49
MPV-GEN-T1-N60-R07,plain,5,item-000,79,0,0,19,87,93
MPV-GEN-T1-N60-R07,plain,5,item-033,0,0,49,36,45,38
MPV-GEN-T1-N60-R07,plain,5,item-038,0,45,49,17,20,36
MPV-GEN-T1-N60-R07,plain,6,item-020,0,0,0,62,59,78
MPV-GEN-T1-N60-R07,plain,6,item-043,62,0,0,33,90,91
MPV-GEN-T1-N60-R07,plain,7,item-023,0,0,0,60,60,86
MPV-GEN-T1-N60-R07,plain,7,item-003,60,0,0,38,77,87
MPV-GEN-T1-N60-R07,plain,8,item-029,0,0,0,97,99,28
MPV-GEN-T1-N60-R07,plain,8,item-050,0,0,28,43,95,67
MPV-GEN-T1-N60-R07,plain,8,item-016,43,0,28,49,74,68
MPV-GEN-T1-N60-R07,plain,9,item-021,0,0,0,40,89,68
MPV-GEN-T1-N60-R07,plain,9,item-028,40,0,0,52,58,82
MPV-GEN-T1-N60-R07,plain,9,item-041,92,0,0,6,82,89
MPV-GEN-T1-N60-R07,plain,10,item-052,0,0,0,36,87,75
MPV-GEN-T1-N60-R07,plain,10,item-019,36,0,0,43,68,80
MPV-GEN-T1-N60-R07,plain,10,item-015,79,0,0,18,88,99
MPV-GEN-T1-N60-R07,plain,11,item-059,0,0,0,70,39,78
MPV-GEN-T1-N60-R07,plain,11,item-014,70,0,0,23,85,100
MPV-GEN-T1-N60-R07,plain,12,item-024,0,0,0,33,68,91
MPV-GEN-T1-N60-R07,plain,12,item-004,33,0,0,31,70,91
MPV-GEN-T1-N60-R07,plain,12,item-012,64,0,0,36,75,66
MPV-GEN-T1-N60-R07,plain,13,item-017,0,0,0,36,71,69
MPV-GEN-T1-N60-R07,plain,13,item-022,0,71,0,93,27,77
MPV-GEN-T1-N60-R07,plain,13,item-037,36,0,0,29,69,73
MPV-GEN-T1-N60-R07,plain,13,item-040,65,0,0,22,66,83
MPV-GEN-T1-N60-R07,plain,13,item-054,87,0,0,13,71,88
MPV-GEN-T1-N60-R07,plain,14,item-018,0,0,0,30,77,72
MPV-GEN-T1-N60-R07,plain,14,item-007,30,0,0,18,73,97
MPV-GEN-T1-N60-R07,plain,14,item-026,48,0,0,14,89,98
MPV-GEN-T1-N60-R07,plain,14,item-051,62,0,0,17,73,91
MPV-GEN-T1-N60-R07,plain,14,item-055,79,0,0,14,91,87
MPV-GEN-T1-N60-R07,plain,15,item-036,0,0,0,99,74,20
MPV-GEN-T1-N60-R07,plain,15,item-032,0,0,20,13,88,68
MPV-GEN-T1-N60-R07,plain,15,item-034,13,0,20,9,75,72
MPV-GEN-T1-N60-R07,plain,16,item-008,0,0,0,17,68,94
MPV-GEN-T1-N60-R07,plain,16,item-058,17,0,0,12,84,98
MPV-GEN-T1-N60-R07,plain,16,item-047,29,0,0,11,87,90
MPV-GEN-T1-N60-R08,plain,0,item-053,0,0,0,97,96,96
MPV-GEN-T1-N60-R08,plain,0,item-058,0,96,0,84,4,76
MPV-GEN-T1-N60-R08,plain,0,item-014,0,0,96,91,82,2
MPV-GEN-T1-N60-R08,plain,0,item-029,0,0,98,9,7,2
MPV-GEN-T1-N60-R08,plain,0,item-037,97,0,0,2,79,87
MPV-GEN-T1-N60-R08,plain,1,item-003,0,0,0,79,99,55
MPV-GEN-T1-N60-R08,plain,1,item-000,79,0,0,21,94,91
MPV-GEN-T1-N60-R08,plain,1,item-016,0,0,55,75,87,26
MPV-GEN-T1-N60-R08,plain,1,item-019,0,0,91,81,92,9
MPV-GEN-T1-N60-R08,plain,1,item-043,0,0,81,67,84,6
MPV-GEN-T1-N60-R08,plain,2,item-023,0,0,0,93,91,48
MPV-GEN-T1-N60-R08,plain,2,item-018,0,0,48,84,90,38
MPV-GEN-T1-N60-R08,plain,2,item-025,0,91,0,85,9,92
MPV-GEN-T1-N60-R08,plain,2,item-005,93,0,0,4,68,93
MPV-GEN-T1-N60-R08,plain,3,item-024,0,0,0,82,90,93
MPV-GEN-T1-N60-R08,plain,3,item-002,82,0,0,17,91,93
MPV-GEN-T1-N60-R08,plain,3,item-004,0,90,0,77,3,67
MPV-GEN-T1-N60-R08,plain,4,item-010,0,0,0,66,79,62
MPV-GEN-T1-N60-R08,plain,4,item-038,66,0,0,33,91,79
MPV-GEN-T1-N60-R08,plain,4,item-013,0,0,62,29,41,37
MPV-GEN-T1-N60-R08,plain,4,item-047,0,41,62,33,30,18
MPV-GEN-T1-N60-R08,plain,4,item-034,29,0,62,18,31,31
MPV-GEN-T1-N60-R08,plain,4,item-011,33,31,62,11,48,27
MPV-GEN-T1-N60-R08,plain,5,item-017,0,0,0,47,93,75
MPV-GEN-T1-N60-R08,plain,5,item-001,47,0,0,45,84,81
MPV-GEN-T1-N60-R08,plain,5,item-044,0,0,81,82,73,18
MPV-GEN-T1-N60-R08,plain,6,item-045,0,0,0,92,46,72
MPV-GEN-T1-N60-R08,plain,6,item-028,0,46,0,78,50,75
MPV-GEN-T1-N60-R08,plain,7,item-049,0,0,0,38,97,95
MPV-GEN-T1-N60-R08,plain,7,item-008,38,0,0,43,82,85
MPV-GEN-T1-N60-R08,plain,7,item-031,81,0,0,19,75,87
MPV-GEN-T1-N60-R08,plain,8,item-036,0,0,0,44,72,97
MPV-GEN-T1-N60-R08,plain,8,item-056,44,0,0,45,73,84
MPV-GEN-T1-N60-R08,plain,8,item-007,0,73,0,90,20,75
MPV-GEN-T1-N60-R08,plain,8,item-042,90,0,0,10,75,97
MPV-GEN-T1-N60-R08,plain,9,item-048,0,0,0,36,91,84
MPV-GEN-T1-N60-R08,plain,9,item-030,36,0,0,41,76,85
MPV-GEN-T1-N60-R08,plain,9,item-039,77,0,0,15,84,99
MPV-GEN-T1-N60-R08,plain,10,item-040,0,0,0,34,80,98
MPV-GEN-T1-N60-R08,plain,10,item-046,34,0,0,41,94,68
MPV-GEN-T1-N60-R08,plain,10,item-035,75,0,0,24,97,73
MPV-GEN-T1-N60-R08,plain,11,item-057,0,0,0,41,88,72
MPV-GEN-T1-N60-R08,plain,11,item-022,41,0,0,40,66,97
MPV-GEN-T1-N60-R08,plain,11,item-020,81,0,0,11,100,91
MPV-GEN-T1-N60-R08,plain,12,item-041,0,0,0,71,45,76
MPV-GEN-T1-N60-R08,plain,12,item-054,0,45,0,85,32,85
MPV-GEN-T1-N60-R08,plain,12,item-050,0,77,0,69,21,77
MPV-GEN-T1-N60-R08,plain,12,item-033,85,0,0,14,82,83
MPV-GEN-T1-N60-R08,plain,13,item-055,0,0,0,37,81,80
MPV-GEN-T1-N60-R08,plain,13,item-027,37,0,0,45,66,80
MPV-GEN-T1-N60-R08,plain,13,item-009,0,81,0,93,13,88
MPV-GEN-T1-N60-R08,plain,13,item-012,82,0,0,12,74,97
MPV-GEN-T1-N60-R08,plain,14,item-032,0,0,0,46,67,77
MPV-GEN-T1-N60-R08,plain,14,item-052,46,0,0,32,91,82
MPV-GEN-T1-N60-R08,plain,14,item-015,78,0,0,14,84,69
MPV-GEN-T1-N60-R08,plain,15,item-059,0,0,0,39,71,84
MPV-GEN-T1-N60-R08,plain,15,item-006,39,0,0,32,70,73
MPV-GEN-T1-N60-R08,plain,15,item-021,71,0,0,27,76,77
MPV-GEN-T1-N60-R08,plain,16,item-026,0,0,0,26,74,84
MPV-GEN-T1-N60-R08,plain,16,item-051,26,0,0,10,92,70
MPV-GEN-T1-N60-R09,plain,0,item-046,0,0,0,84,84,97
MPV-GEN-T1-N60-R09,plain,0,item-039,84,0,0,12,92,95
MPV-GEN-T1-N60-R09,plain,0,item-012,0,92,0,92,4,92
MPV-GEN-T1-N60-R09,plain,0,item-022,96,0,0,4,89,95
MPV-GEN-T1-N60-R09,plain,0,item-043,0,84,0,2,4,45
MPV-GEN-T1-N60-R09,plain,1,item-007,0,0,0,60,91,74
MPV-GEN-T1-N60-R09,plain,1,item-011,60,0,0,36,86,97
MPV-GEN-T1-N60-R09,plain,1,item-028,96,0,0,4,93,89
MPV-GEN-T1-N60-R09,plain,1,item-053,60,86,0,26,14,40
MPV-GEN-T1-N60-R09,plain,1,item-016,60,86,40,30,11,33
MPV-GEN-T1-N60-R09,plain,1,item-032,0,0,74,28,20,17
MPV-GEN-T1-N60-R09,plain,2,item-049,0,0,0,55,82,87
MPV-GEN-T1-N60-R09,plain,2,item-056,55,0,0,43,97,89
MPV-GEN-T1-N60-R09,plain,2,item-051,98,0,0,2,100,71
MPV-GEN-T1-N60-R09,plain,3,item-057,0,0,0,50,95,82
MPV-GEN-T1-N60-R09,plain,3,item-058,50,0,0,49,85,90
MPV-GEN-T1-N60-R09,plain,3,item-048,99,0,0,1,78,67
MPV-GEN-T1-N60-R09,plain,4,item-033,0,0,0,83,48,92
MPV-GEN-T1-N60-R09,plain,4,item-041,0,48,0,100,37,87
MPV-GEN-T1-N60-R09,plain,4,item-017,0,85,0,94,11,82
MPV-GEN-T1-N60-R09,plain,4,item-003,83,0,0,15,35,41
MPV-GEN-T1-N60-R09,plain,5,item-013,0,0,0,46,81,97
MPV-GEN-T1-N60-R09,plain,5,item-001,46,0,0,50,72,100
MPV-GEN-T1-N60-R09,plain,5,item-004,46,72,0,30,22,44
MPV-GEN-T1-N60-R09,plain,5,item-008,46,72,44,20,22,32
MPV-GEN-T1-N60-R09,plain,5,item-014,96,0,0,2,68,66
MPV-GEN-T1-N60-R09,plain,6,item-024,0,0,0,88,82,49
MPV-GEN-T1-N60-R09,plain,6,item-021,88,0,0,11,97,87
MPV-GEN-T1-N60-R09,plain,6,item-009,0,0,49,70,83,25
MPV-GEN-T1-N60-R09,plain,7,item-045,0,0,0,64,89,59
MPV-GEN-T1-N60-R09,plain,7,item-023,64,0,0,26,93,97
MPV-GEN-T1-N60-R09,plain,7,item-042,90,0,0,9,93,84
MPV-GEN-T1-N60-R09,plain,7,item-037,0,0,59,22,38,32
MPV-GEN-T1-N60-R09,plain,8,item-034,0,0,0,52,88,67
MPV-GEN-T1-N60-R09,plain,8,item-031,52,0,0,47,86,73
MPV-GEN-T1-N60-R09,plain,8,item-040,0,0,73,100,70,24
MPV-GEN-T1-N60-R09,plain,9,item-038,0,0,0,50,78,76
MPV-GEN-T1-N60-R09,plain,9,item-030,50,0,0,40,77,91
MPV-GEN-T1-N60-R09,plain,9,item-020,90,0,0,8,86,82
MPV-GEN-T1-N60-R09,plain,10,item-047,0,0,0,86,41,75
MPV-GEN-T1-N60-R09,plain,10,item-054,0,41,0,90,37,93
MPV-GEN-T1-N60-R09,plain,10,item-055,90,0,0,9,84,74
MPV-GEN-T1-N60-R09,plain,11,item-026,0,0,0,37,83,83
MPV-GEN-T1-N60-R09,plain,11,item-018,37,0,0,39,67,75
MPV-GEN-T1-N60-R09,plain,11,item-050,76,0,0,24,75,98
MPV-GEN-T1-N60-R09,plain,12,item-052,0,0,0,97,96,27
MPV-GEN-T1-N60-R09,plain,12,item-010,0,0,27,93,86,21
MPV-GEN-T1-N60-R09,plain,13,item-044,0,0,0,76,33,76
MPV-GEN-T1-N60-R09,plain,13,item-000,0,33,0,24,67,88
MPV-GEN-T1-N60-R09,plain,13,item-035,24,33,0,29,66,68
MPV-GEN-T1-N60-R09,plain,13,item-019,76,0,0,18,80,94
MPV-GEN-T1-N60-R09,plain,14,item-025,0,0,0,29,86,71
MPV-GEN-T1-N60-R09,plain,14,item-027,29,0,0,32,70,82
MPV-GEN-T1-N60-R09,plain,14,item-059,61,0,0,36,72,68
MPV-GEN-T1-N60-R09,plain,14,item-006,29,72,0,66,28,66
MPV-GEN-T1-N60-R09,plain,15,item-002,0,0,0,25,74,93
MPV-GEN-T1-N60-R09,plain,15,item-015,25,0,0,11,79,98
MPV-GEN-T1-N60-R09,plain,15,item-029,36,0,0,14,79,69
MPV-GEN-T1-N60-R09,plain,15,item-036,50,0,0,13,71,75
MPV-GEN-T1-N60-R09,plain,15,item-005,63,0,0,11,73,85
MPV-GEN-T1-N60-R10,plain,0,item-037,0,0,0,100,76,76
MPV-GEN-T1-N60-R10,plain,0,item-014,0,76,0,87,23,73
MPV-GEN-T1-N60-R10,plain,0,item-026,0,0,76,79,68,21
MPV-GEN-T1-N60-R10,plain,0,item-022,79,0,76,21,23,17
MPV-GEN-T1-N60-R10,plain,0,item-027,79,0,93,16,10,6
MPV-GEN-T1-N60-R10,plain,0,item-020,0,68,76,4,6,24
MPV-GEN-T1-N60-R10,plain,0,item-058,4,10,97,86,85,3
MPV-GEN-T1-N60-R10,plain,0,item-030,4,68,76,38,29,6
MPV-GEN-T1-N60-R10,plain,1,item-018,0,0,0,69,96,77
MPV-GEN-T1-N60-R10,plain,1,item-004,69,0,0,31,97,100
MPV-GEN-T1-N60-R10,plain,1,item-031,0,96,0,69,3,83
MPV-GEN-T1-N60-R10,plain,2,item-001,0,0,0,83,78,68
MPV-GEN-T1-N60-R10,plain,2,item-034,0,78,0,90,20,78
MPV-GEN-T1-N60-R10,plain,2,item-038,0,0,68,71,76,19
MPV-GEN-T1-N60-R10,plain,2,item-048,83,0,0,13,66,84
MPV-GEN-T1-N60-R10,plain,2,item-057,90,66,0,8,33,41
MPV-GEN-T1-N60-R10,plain,3,item-021,0,0,0,48,96,96
MPV-GEN-T1-N60-R10,plain,3,item-010,48,0,0,50,87,95
MPV-GEN-T1-N60-R10,plain,4,item-000,0,0,0,91,42,98
MPV-GEN-T1-N60-R10,plain,4,item-002,0,42,0,61,53,93
MPV-GEN-T1-N60-R10,plain,4,item-007,91,0,0,7,96,90
MPV-GEN-T1-N60-R10,plain,4,item-055,61,42,0,30,39,42
MPV-GEN-T1-N60-R10,plain,4,item-041,61,42,42,28,30,34
MPV-GEN-T1-N60-R10,plain,4,item-050,61,81,0,15,16,38
MPV-GEN-T1-N60-R10,plain,5,item-053,0,0,0,97,76,37
MPV-GEN-T1-N60-R10,plain,5,item-056,0,0,37,82,73,50
MPV-GEN-T1-N60-R10,plain,5,item-023,0,76,0,85,14,84
MPV-GEN-T1-N60-R10,plain,6,item-003,0,0,0,70,88,38
MPV-GEN-T1-N60-R10,plain,6,item-006,70,0,0,27,95,70
MPV-GEN-T1-N60-R10,plain,6,item-052,0,0,70,98,77,29
MPV-GEN-T1-N60-R10,plain,7,item-051,0,0,0,73,66,67
MPV-GEN-T1-N60-R10,plain,7,item-047,73,0,0,26,84,80
MPV-GEN-T1-N60-R10,plain,7,item-011,0,84,0,80,13,86
MPV-GEN-T1-N60-R10,plain,8,item-008,0,0,0,46,76,91
MPV-GEN-T1-N60-R10,plain,8,item-016,46,0,0,46,79,81
MPV-GEN-T1-N60-R10,plain,8,item-017,0,79,0,75,11,100
MPV-GEN-T1-N60-R10,plain,8,item-042,92,0,0,7,89,72
MPV-GEN-T1-N60-R10,plain,9,item-012,0,0,0,93,73,33
MPV-GEN-T1-N60-R10,plain,9,item-009,0,0,33,71,67,36
MPV-GEN-T1-N60-R10,plain,9,item-015,93,0,0,7,87,68
MPV-GEN-T1-N60-R10,plain,9,item-033,71,0,33,21,100,67
MPV-GEN-T1-N60-R10,plain,10,item-025,0,0,0,35,99,98
MPV-GEN-T1-N60-R10,plain,10,item-043,35,0,0,36,85,95
MPV-GEN-T1-N60-R10,plain,10,item-045,71,0,0,18,98,98
MPV-GEN-T1-N60-R10,plain,10,item-032,89,0,0,9,84,73
MPV-GEN-T1-N60-R10,plain,11,item-044,0,0,0,46,79,75
MPV-GEN-T1-N60-R10,plain,11,item-024,46,0,0,35,71,99
MPV-GEN-T1-N60-R10,plain,11,item-005,81,0,0,15,100,88
MPV-GEN-T1-N60-R10,plain,12,item-046,0,0,0,40,79,75
MPV-GEN-T1-N60-R10,plain,12,item-035,40,0,0,35,83,74
MPV-GEN-T1-N60-R10,plain,12,item-029,75,0,0,18,92,68
MPV-GEN-T1-N60-R10,plain,12,item-040,93,0,0,7,84,82
MPV-GEN-T1-N60-R10,plain,12,item-054,0,0,75,82,91,15
MPV-GEN-T1-N60-R10,plain,13,item-028,0,0,0,41,70,67
MPV-GEN-T1-N60-R10,plain,13,item-049,41,0,0,33,74,93
MPV-GEN-T1-N60-R10,plain,13,item-013,74,0,0,14,97,68
MPV-GEN-T1-N60-R10,plain,13,item-039,88,0,0,8,66,92
MPV-GEN-T1-N60-R10,plain,14,item-036,0,0,0,33,69,89
MPV-GEN-T1-N60-R10,plain,14,item-019,33,0,0,31,69,78
MPV-GEN-T1-N60-R10,plain,14,item-059,64,0,0,30,74,74
MPV-GEN-T1-N90-R01,plain,0,item-059,0,0,0,97,97,80
MPV-GEN-T1-N90-R01,plain,0,item-087,0,0,80,93,97,9
MPV-GEN-T1-N90-R01,plain,0,item-017,97,0,0,2,94,100
MPV-GEN-T1-N90-R01,plain,0,item-025,0,0,89,75,89,1
MPV-GEN-T1-N90-R01,plain,0,item-044,99,0,0,1,94,81
MPV-GEN-T1-N90-R01,plain,1,item-056,0,0,0,99,92,79
MPV-GEN-T1-N90-R01,plain,1,item-007,0,0,79,88,79,21
MPV-GEN-T1-N90-R01,plain,1,item-049,99,0,0,1,90,68
MPV-GEN-T1-N90-R01,plain,2,item-069,0,0,0,96,89,90
MPV-GEN-T1-N90-R01,plain,2,item-037,0,89,0,87,11,80
MPV-GEN-T1-N90-R01,plain,2,item-073,96,0,0,4,93,67
MPV-GEN-T1-N90-R01,plain,2,item-006,0,0,90,100,78,1
MPV-GEN-T1-N90-R01,plain,2,item-036,96,78,67,2,10,30
MPV-GEN-T1-N90-R01,plain,3,item-062,0,0,0,86,98,90
MPV-GEN-T1-N90-R01,plain,3,item-038,86,0,0,11,87,98
MPV-GEN-T1-N90-R01,plain,3,item-024,97,0,0,3,84,69
MPV-GEN-T1-N90-R01,plain,4,item-005,0,0,0,98,83,83
MPV-GEN-T1-N90-R01,plain,4,item-019,0,0,83,91,72,12
MPV-GEN-T1-N90-R01,plain,4,item-082,0,83,0,72,17,68
MPV-GEN-T1-N90-R01,plain,4,item-066,98,0,0,1,89,97
MPV-GEN-T1-N90-R01,plain,5,item-004,0,0,0,86,67,90
MPV-GEN-T1-N90-R01,plain,5,item-016,0,67,0,97,26,95
MPV-GEN-T1-N90-R01,plain,6,item-010,0,0,0,50,96,86
MPV-GEN-T1-N90-R01,plain,6,item-089,50,0,0,47,81,100
MPV-GEN-T1-N90-R01,plain,7,item-015,0,0,0,36,100,99
MPV-GEN-T1-N90-R01,plain,7,item-046,36,0,0,42,95,81
MPV-GEN-T1-N90-R01,plain,7,item-060,78,0,0,20,88,84
MPV-GEN-T1-N90-R01,plain,7,item-067,36,0,81,36,49,18
MPV-GEN-T1-N90-R01,plain,7,item-034,36,49,81,15,36,18
MPV-GEN-T1-N90-R01,plain,8,item-076,0,0,0,69,85,60
MPV-GEN-T1-N90-R01,plain,8,item-041,69,0,0,30,97,89
MPV-GEN-T1-N90-R01,plain,8,item-002,0,0,60,46,42,32
MPV-GEN-T1-N90-R01,plain,9,item-050,0,0,0,69,51,99
MPV-GEN-T1-N90-R01,plain,9,item-072,0,51,0,75,45,79
MPV-GEN-T1-N90-R01,plain,9,item-043,75,0,0,23,100,67
MPV-GEN-T1-N90-R01,plain,10,item-058,0,0,0,66,69,74
MPV-GEN-T1-N90-R01,plain,10,item-079,66,0,0,34,96,89
MPV-GEN-T1-N90-R01,plain,10,item-027,0,69,0,19,26,43
MPV-GEN-T1-N90-R01,plain,11,item-071,0,0,0,44,94,75
MPV-GEN-T1-N90-R01,plain,11,item-009,44,0,0,47,68,96
MPV-GEN-T1-N90-R01,plain,11,item-001,91,0,0,9,69,84
MPV-GEN-T1-N90-R01,plain,12,item-013,0,0,0,73,83,42
MPV-GEN-T1-N90-R01,plain,12,item-020,0,0,42,66,63,53
MPV-GEN-T1-N90-R01,plain,12,item-032,73,0,0,27,95,100
MPV-GEN-T1-N90-R01,plain,13,item-022,0,0,0,58,66,80
MPV-GEN-T1-N90-R01,plain,13,item-042,58,0,0,40,96,68
MPV-GEN-T1-N90-R01,plain,14,item-063,0,0,0,82,71,51
MPV-GEN-T1-N90-R01,plain,14,item-068,0,71,0,88,29,81
MPV-GEN-T1-N90-R01,plain,14,item-048,82,0,0,12,71,88
MPV-GEN-T1-N90-R01,plain,14,item-030,94,0,0,5,100,72
MPV-GEN-T1-N90-R01,plain,15,item-026,0,0,0,46,88,72
MPV-GEN-T1-N90-R01,plain,15,item-035,46,0,0,48,88,66
MPV-GEN-T1-N90-R01,plain,15,item-052,0,88,0,92,9,94
MPV-GEN-T1-N90-R01,plain,15,item-040,94,0,0,6,77,91
MPV-GEN-T1-N90-R01,plain,15,item-088,0,0,72,90,74,23
MPV-GEN-T1-N90-R01,plain,16,item-057,0,0,0,79,53,64
MPV-GEN-T1-N90-R01,plain,16,item-008,0,53,0,67,41,76
MPV-GEN-T1-N90-R01,plain,16,item-051,79,0,0,21,73,85
MPV-GEN-T1-N90-R01,plain,17,item-084,0,0,0,74,63,57
MPV-GEN-T1-N90-R01,plain,17,item-080,0,63,0,67,27,95
MPV-GEN-T1-N90-R01,plain,17,item-003,74,0,0,26,67,93
MPV-GEN-T1-N90-R01,plain,18,item-039,0,0,0,43,81,76
MPV-GEN-T1-N90-R01,plain,18,item-021,43,0,0,48,71,76
MPV-GEN-T1-N90-R01,plain,18,item-077,0,81,0,94,19,78
MPV-GEN-T1-N90-R01,plain,19,item-031,0,0,0,48,71,88
MPV-GEN-T1-N90-R01,plain,19,item-029,48,0,0,47,69,84
MPV-GEN-T1-N90-R01,plain,20,item-085,0,0,0,45,72,81
MPV-GEN-T1-N90-R01,plain,20,item-028,45,0,0,43,71,81
MPV-GEN-T1-N90-R01,plain,20,item-012,88,0,0,10,74,96
MPV-GEN-T1-N90-R01,plain,21,item-075,0,0,0,50,58,94
MPV-GEN-T1-N90-R01,plain,21,item-078,50,0,0,34,85,86
MPV-GEN-T1-N90-R01,plain,21,item-000,84,0,0,15,90,95
MPV-GEN-T1-N90-R01,plain,22,item-081,0,0,0,39,72,95
MPV-GEN-T1-N90-R01,plain,22,item-018,39,0,0,38,72,83
MPV-GEN-T1-N90-R01,plain,22,item-053,77,0,0,23,77,88
MPV-GEN-T1-N90-R01,plain,23,item-086,0,0,0,99,68,35
MPV-GEN-T1-N90-R01,plain,23,item-074,0,0,35,76,75,33
MPV-GEN-T1-N90-R01,plain,24,item-047,0,0,0,41,68,75
MPV-GEN-T1-N90-R01,plain,24,item-055,41,0,0,34,77,83
MPV-GEN-T1-N90-R01,plain,24,item-065,75,0,0,23,97,69
MPV-GEN-T1-N90-R01,plain,25,item-014,0,0,0,29,90,78
MPV-GEN-T1-N90-R01,plain,25,item-064,29,0,0,30,90,74
MPV-GEN-T1-N90-R01,plain,25,item-070,59,0,0,39,68,70
MPV-GEN-T1-N90-R01,plain,26,item-023,0,0,0,31,85,66
MPV-GEN-T1-N90-R01,plain,26,item-061,31,0,0,33,71,86
MPV-GEN-T1-N90-R01,plain,26,item-083,64,0,0,20,71,91
MPV-GEN-T1-N90-R01,plain,26,item-033,84,0,0,10,85,69
MPV-GEN-T1-N90-R01,plain,27,item-011,0,0,0,21,67,88
MPV-GEN-T1-N90-R01,plain,27,item-054,21,0,0,11,72,89
MPV-GEN-T1-N90-R01,plain,27,item-045,32,0,0,7,82,87
MPV-GEN-T1-N90-R02,plain,0,item-046,0,0,0,98,91,74
MPV-GEN-T1-N90-R02,plain,0,item-005,0,0,74,83,90,14
MPV-GEN-T1-N90-R02,plain,0,item-081,0,0,88,77,80,8
MPV-GEN-T1-N90-R02,plain,0,item-054,0,91,0,83,6,86
MPV-GEN-T1-N90-R02,plain,0,item-013,83,91,0,11,7,43
MPV-GEN-T1-N90-R02,plain,1,item-033,0,0,0,92,62,88
MPV-GEN-T1-N90-R02,plain,1,item-082,0,62,0,98,27,81
MPV-GEN-T1-N90-R02,plain,1,item-016,0,62,81,43,24,18
MPV-GEN-T1-N90-R02,plain,1,item-025,0,89,0,93,5,83
MPV-GEN-T1-N90-R02,plain,1,item-041,0,94,0,88,5,99
MPV-GEN-T1-N90-R02,plain,1,item-044,0,0,88,29,30,12
MPV-GEN-T1-N90-R02,plain,2,item-072,0,0,0,73,88,76
MPV-GEN-T1-N90-R02,plain,2,item-004,73,0,0,26,83,98
MPV-GEN-T1-N90-R02,plain,2,item-021,0,0,76,35,35,20
MPV-GEN-T1-N90-R02,plain,3,item-062,0,0,0,78,71,81
MPV-GEN-T1-N90-R02,plain,3,item-024,78,0,0,22,96,76
MPV-GEN-T1-N90-R02,plain,3,item-012,0,71,0,66,23,92
MPV-GEN-T1-N90-R02,plain,3,item-034,0,0,92,84,77,7
MPV-GEN-T1-N90-R02,plain,4,item-065,0,0,0,88,98,48
MPV-GEN-T1-N90-R02,plain,4,item-014,0,0,48,87,75,30
MPV-GEN-T1-N90-R02,plain,4,item-007,88,0,0,12,79,94
MPV-GEN-T1-N90-R02,plain,4,item-036,0,0,78,85,83,19
MPV-GEN-T1-N90-R02,plain,5,item-027,0,0,0,99,51,80
MPV-GEN-T1-N90-R02,plain,5,item-026,0,51,0,96,41,70
MPV-GEN-T1-N90-R02,plain,5,item-049,0,0,80,95,78,14
MPV-GEN-T1-N90-R02,plain,6,item-078,0,0,0,49,97,95
MPV-GEN-T1-N90-R02,plain,6,item-084,49,0,0,47,91,98
MPV-GEN-T1-N90-R02,plain,6,item-019,96,0,0,4,96,93
MPV-GEN-T1-N90-R02,plain,7,item-052,0,0,0,77,57,93
MPV-GEN-T1-N90-R02,plain,7,item-071,0,57,0,94,18,96
MPV-GEN-T1-N90-R02,plain,7,item-045,0,75,0,72,22,83
MPV-GEN-T1-N90-R02,plain,7,item-035,94,0,0,4,93,95
MPV-GEN-T1-N90-R02,plain,8,item-003,0,0,0,41,98,98
MPV-GEN-T1-N90-R02,plain,8,item-010,41,0,0,54,82,87
MPV-GEN-T1-N90-R02,plain,8,item-002,95,0,0,3,91,71
MPV-GEN-T1-N90-R02,plain,9,item-039,0,0,0,39,90,96
MPV-GEN-T1-N90-R02,plain,9,item-058,39,0,0,48,95,72
MPV-GEN-T1-N90-R02,plain,9,item-047,87,0,0,13,86,68
MPV-GEN-T1-N90-R02,plain,10,item-009,0,0,0,40,87,94
MPV-GEN-T1-N90-R02,plain,10,item-018,40,0,0,42,85,84
MPV-GEN-T1-N90-R02,plain,10,item-000,82,0,0,17,97,93
MPV-GEN-T1-N90-R02,plain,11,item-011,0,0,0,100,71,27
MPV-GEN-T1-N90-R02,plain,11,item-069,0,0,27,73,69,27
MPV-GEN-T1-N90-R02,plain,11,item-017,73,0,27,13,69,71
MPV-GEN-T1-N90-R02,plain,11,item-001,86,0,27,13,68,67
MPV-GEN-T1-N90-R02,plain,11,item-057,0,71,0,67,20,90
MPV-GEN-T1-N90-R02,plain,12,item-020,0,0,0,35,98,87
MPV-GEN-T1-N90-R02,plain,12,item-089,35,0,0,49,83,73
MPV-GEN-T1-N90-R02,plain,12,item-051,84,0,0,14,92,99
MPV-GEN-T1-N90-R02,plain,13,item-029,0,0,0,49,70,83
MPV-GEN-T1-N90-R02,plain,13,item-075,49,0,0,36,87,86
MPV-GEN-T1-N90-R02,plain,13,item-088,85,0,0,14,76,95
MPV-GEN-T1-N90-R02,plain,13,item-076,0,70,0,37,27,49
MPV-GEN-T1-N90-R02,plain,14,item-055,0,0,0,68,77,54
MPV-GEN-T1-N90-R02,plain,14,item-015,68,0,0,32,96,69
MPV-GEN-T1-N90-R02,plain,15,item-083,0,0,0,66,50,98
MPV-GEN-T1-N90-R02,plain,15,item-059,0,50,0,67,48,92
MPV-GEN-T1-N90-R02,plain,15,item-023,67,0,0,30,88,88
MPV-GEN-T1-N90-R02,plain,15,item-030,97,0,0,3,67,77
MPV-GEN-T1-N90-R02,plain,16,item-042,0,0,0,38,80,91
MPV-GEN-T1-N90-R02,plain,16,item-070,38,0,0,37,79,97
MPV-GEN-T1-N90-R02,plain,16,item-031,75,0,0,25,83,75
MPV-GEN-T1-N90-R02,plain,17,item-085,0,0,0,48,73,68
MPV-GEN-T1-N90-R02,plain,17,item-028,48,0,0,30,83,94
MPV-GEN-T1-N90-R02,plain,17,item-040,78,0,0,18,91,71
MPV-GEN-T1-N90-R02,plain,18,item-080,0,0,0,34,92,73
MPV-GEN-T1-N90-R02,plain,18,item-061,34,0,0,39,71,77
MPV-GEN-T1-N90-R02,plain,18,item-048,73,0,0,26,94,70
MPV-GEN-T1-N90-R02,plain,19,item-074,0,0,0,32,92,71
MPV-GEN-T1-N90-R02,plain,19,item-063,32,0,0,30,82,83
MPV-GEN-T1-N90-R02,plain,19,item-073,62,0,0,32,88,67
MPV-GEN-T1-N90-R02,plain,20,item-087,0,0,0,52,52,72
MPV-GEN-T1-N90-R02,plain,20,item-053,52,0,0,37,66,75
MPV-GEN-T1-N90-R02,plain,20,item-050,89,0,0,10,99,88
MPV-GEN-T1-N90-R02,plain,21,item-079,0,0,0,33,73,85
MPV-GEN-T1-N90-R02,plain,21,item-060,33,0,0,27,77,78
MPV-GEN-T1-N90-R02,plain,21,item-038,60,0,0,27,73,71
MPV-GEN-T1-N90-R02,plain,21,item-064,87,0,0,9,93,99
MPV-GEN-T1-N90-R02,plain,22,item-086,0,0,0,25,74,88
MPV-GEN-T1-N90-R02,plain,22,item-008,25,0,0,23,80,67
MPV-GEN-T1-N90-R02,plain,22,item-066,48,0,0,21,72,73
MPV-GEN-T1-N90-R02,plain,22,item-006,69,0,0,18,67,83
MPV-GEN-T1-N90-R02,plain,22,item-022,87,0,0,8,95,70
MPV-GEN-T1-N90-R02,plain,23,item-068,0,0,0,14,90,69
MPV-GEN-T1-N90-R02,plain,23,item-077,14,0,0,14,82,74
MPV-GEN-T1-N90-R02,plain,23,item-037,28,0,0,8,86,82
MPV-GEN-T1-N90-R02,plain,23,item-043,36,0,0,7,94,95
MPV-GEN-T1-N90-R02,plain,23,item-032,43,0,0,8,74,86
MPV-GEN-T1-N90-R02,plain,23,item-056,51,0,0,7,85,78
MPV-GEN-T1-N90-R02,plain,23,item-067,58,0,0,7,73,98
MPV-GEN-T1-N90-R03,plain,0,item-073,0,0,0,95,87,93
MPV-GEN-T1-N90-R03,plain,0,item-054,0,87,0,76,11,94
MPV-GEN-T1-N90-R03,plain,0,item-056,95,0,0,5,97,83
MPV-GEN-T1-N90-R03,plain,0,item-026,76,87,0,19,12,47
MPV-GEN-T1-N90-R03,plain,0,item-052,0,0,93,25,30,1
MPV-GEN-T1-N90-R03,plain,0,item-076,76,87,47,7,4,49
MPV-GEN-T1-N90-R03,plain,0,item-071,76,91,47,11,1,33
MPV-GEN-T1-N90-R03,plain,1,item-086,0,0,0,82,93,95
MPV-GEN-T1-N90-R03,plain,1,item-019,82,0,0,16,84,88
MPV-GEN-T1-N90-R03,plain,1,item-065,98,0,0,2,100,78
MPV-GEN-T1-N90-R03,plain,1,item-032,0,93,0,40,4,31
MPV-GEN-T1-N90-R03,plain,1,item-070,0,93,31,36,4,46
MPV-GEN-T1-N90-R03,plain,2,item-027,0,0,0,95,77,70
MPV-GEN-T1-N90-R03,plain,2,item-012,0,77,0,68,18,87
MPV-GEN-T1-N90-R03,plain,2,item-079,0,0,70,81,74,17
MPV-GEN-T1-N90-R03,plain,2,item-003,95,0,0,5,70,67
MPV-GEN-T1-N90-R03,plain,2,item-031,0,0,87,71,94,11
MPV-GEN-T1-N90-R03,plain,3,item-078,0,0,0,56,96,92
MPV-GEN-T1-N90-R03,plain,3,item-066,56,0,0,42,91,95
MPV-GEN-T1-N90-R03,plain,3,item-030,98,0,0,2,68,83
MPV-GEN-T1-N90-R03,plain,4,item-001,0,0,0,64,83,86
MPV-GEN-T1-N90-R03,plain,4,item-047,64,0,0,36,82,95
MPV-GEN-T1-N90-R03,plain,4,item-058,0,0,86,43,11,11
MPV-GEN-T1-N90-R03,plain,4,item-072,0,11,86,38,12,12
MPV-GEN-T1-N90-R03,plain,5,item-008,0,0,0,50,95,94
MPV-GEN-T1-N90-R03,plain,5,item-085,50,0,0,50,85,91
MPV-GEN-T1-N90-R03,plain,6,item-018,0,0,0,91,64,61
MPV-GEN-T1-N90-R03,plain,6,item-015,0,0,61,29,43,38
MPV-GEN-T1-N90-R03,plain,6,item-034,0,64,0,97,27,85
MPV-GEN-T1-N90-R03,plain,6,item-050,29,0,61,50,46,19
MPV-GEN-T1-N90-R03,plain,6,item-062,79,0,61,7,34,34
MPV-GEN-T1-N90-R03,plain,7,item-089,0,0,0,79,64,88
MPV-GEN-T1-N90-R03,plain,7,item-038,0,64,0,94,27,68
MPV-GEN-T1-N90-R03,plain,7,item-057,94,0,0,6,85,100
MPV-GEN-T1-N90-R03,plain,8,item-087,0,0,0,73,67,77
MPV-GEN-T1-N90-R03,plain,8,item-081,73,0,0,26,87,80
MPV-GEN-T1-N90-R03,plain,8,item-075,0,0,77,68,81,18
MPV-GEN-T1-N90-R03,plain,9,item-017,0,0,0,83,47,90
MPV-GEN-T1-N90-R03,plain,9,item-041,0,47,0,82,45,87
MPV-GEN-T1-N90-R03,plain,9,item-068,83,0,0,14,92,91
MPV-GEN-T1-N90-R03,plain,9,item-048,0,0,91,96,81,8
MPV-GEN-T1-N90-R03,plain,10,item-021,0,0,0,53,73,94
MPV-GEN-T1-N90-R03,plain,10,item-039,53,0,0,38,98,92
MPV-GEN-T1-N90-R03,plain,10,item-035,91,0,0,9,74,90
MPV-GEN-T1-N90-R03,plain,11,item-040,0,0,0,99,81,42
MPV-GEN-T1-N90-R03,plain,11,item-029,0,0,42,61,81,51
MPV-GEN-T1-N90-R03,plain,11,item-023,61,0,42,28,43,44
MPV-GEN-T1-N90-R03,plain,12,item-045,0,0,0,100,52,55
MPV-GEN-T1-N90-R03,plain,12,item-063,0,0,55,71,100,38
MPV-GEN-T1-N90-R03,plain,13,item-043,0,0,0,44,89,66
MPV-GEN-T1-N90-R03,plain,13,item-044,44,0,0,50,83,59
MPV-GEN-T1-N90-R03,plain,13,item-025,94,0,0,5,69,97
MPV-GEN-T1-N90-R03,plain,14,item-061,0,0,0,46,70,92
MPV-GEN-T1-N90-R03,plain,14,item-049,46,0,0,48,67,89
MPV-GEN-T1-N90-R03,plain,14,item-051,94,0,0,4,77,100
MPV-GEN-T1-N90-R03,plain,15,item-046,0,0,0,41,68,100
MPV-GEN-T1-N90-R03,plain,15,item-083,41,0,0,47,78,72
MPV-GEN-T1-N90-R03,plain,15,item-016,88,0,0,10,98,100
MPV-GEN-T1-N90-R03,plain,16,item-077,0,0,0,46,76,71
MPV-GEN-T1-N90-R03,plain,16,item-020,46,0,0,32,84,90
MPV-GEN-T1-N90-R03,plain,16,item-074,78,0,0,22,98,68
MPV-GEN-T1-N90-R03,plain,17,item-064,0,0,0,72,51,63
MPV-GEN-T1-N90-R03,plain,17,item-037,72,0,0,28,95,97
MPV-GEN-T1-N90-R03,plain,18,item-024,0,0,0,38,86,70
MPV-GEN-T1-N90-R03,plain,18,item-042,38,0,0,39,75,78
MPV-GEN-T1-N90-R03,plain,18,item-005,77,0,0,23,95,81
MPV-GEN-T1-N90-R03,plain,19,item-069,0,0,0,33,83,86
MPV-GEN-T1-N90-R03,plain,19,item-036,33,0,0,50,51,88
MPV-GEN-T1-N90-R03,plain,19,item-006,83,0,0,15,80,88
MPV-GEN-T1-N90-R03,plain,20,item-059,0,0,0,34,84,76
MPV-GEN-T1-N90-R03,plain,20,item-060,34,0,0,33,88,71
MPV-GEN-T1-N90-R03,plain,20,item-082,67,0,0,28,90,83
MPV-GEN-T1-N90-R03,plain,20,item-053,95,0,0,4,77,96
MPV-GEN-T1-N90-R03,plain,21,item-067,0,0,0,27,93,67
MPV-GEN-T1-N90-R03,plain,21,item-007,27,0,0,25,90,73
MPV-GEN-T1-N90-R03,plain,21,item-009,52,0,0,30,72,79
MPV-GEN-T1-N90-R03,plain,21,item-033,82,0,0,17,68,100
MPV-GEN-T1-N90-R03,plain,22,item-013,0,0,0,30,67,88
MPV-GEN-T1-N90-R03,plain,22,item-004,30,0,0,26,77,73
MPV-GEN-T1-N90-R03,plain,22,item-010,56,0,0,21,97,67
MPV-GEN-T1-N90-R03,plain,22,item-000,77,0,0,20,93,67
MPV-GEN-T1-N90-R03,plain,23,item-022,0,0,0,24,83,91
MPV-GEN-T1-N90-R03,plain,23,item-055,24,0,0,27,70,82
MPV-GEN-T1-N90-R03,plain,23,item-088,51,0,0,21,79,78
MPV-GEN-T1-N90-R03,plain,23,item-011,72,0,0,20,74,67
MPV-GEN-T1-N90-R03,plain,23,item-014,92,0,0,8,73,79
MPV-GEN-T1-N90-R03,plain,24,item-080,0,0,0,18,73,85
MPV-GEN-T1-N90-R03,plain,24,item-028,18,0,0,14,71,73
MPV-GEN-T1-N90-R03,plain,24,item-002,32,0,0,11,74,71
MPV-GEN-T1-N90-R03,plain,24,item-084,43,0,0,10,69,88
MPV-GEN-T1-N90-R04,plain,0,item-015,0,0,0,87,92,67
MPV-GEN-T1-N90-R04,plain,0,item-041,0,0,67,77,73,32
MPV-GEN-T1-N90-R04,plain,0,item-064,87,0,0,12,100,90
MPV-GEN-T1-N90-R04,plain,0,item-030,0,73,67,50,5,28
MPV-GEN-T1-N90-R04,plain,0,item-018,99,0,0,1,75,87
MPV-GEN-T1-N90-R04,plain,0,item-020,0,78,67,28,4,22
MPV-GEN-T1-N90-R04,plain,0,item-028,99,0,87,1,5,6
MPV-GEN-T1-N90-R04,plain,0,item-066,0,82,67,14,4,31
MPV-GEN-T1-N90-R04,plain,0,item-038,0,92,0,10,3,41
MPV-GEN-T1-N90-R04,plain,0,item-072,77,0,67,4,22,13
MPV-GEN-T1-N90-R04,plain,0,item-085,77,0,80,3,16,8
MPV-GEN-T1-N90-R04,plain,1,item-033,0,0,0,90,95,50
MPV-GEN-T1-N90-R04,plain,1,item-055,0,0,50,90,72,50
MPV-GEN-T1-N90-R04,plain,1,item-010,90,0,0,8,98,86
MPV-GEN-T1-N90-R04,plain,1,item-087,0,72,50,47,11,50
MPV-GEN-T1-N90-R04,plain,1,item-012,0,83,50,39,12,41
MPV-GEN-T1-N90-R04,plain,1,item-056,98,0,0,2,85,66
MPV-GEN-T1-N90-R04,plain,2,item-046,0,0,0,82,96,49
MPV-GEN-T1-N90-R04,plain,2,item-007,0,0,49,74,67,44
MPV-GEN-T1-N90-R04,plain,2,item-068,82,0,0,17,83,79
MPV-GEN-T1-N90-R04,plain,2,item-024,74,0,49,7,50,42
MPV-GEN-T1-N90-R04,plain,2,item-083,0,0,93,77,82,4
MPV-GEN-T1-N90-R04,plain,2,item-004,74,50,79,25,40,9
MPV-GEN-T1-N90-R04,plain,2,item-037,99,0,0,1,70,99
MPV-GEN-T1-N90-R04,plain,2,item-080,0,67,49,3,33,38
MPV-GEN-T1-N90-R04,plain,3,item-049,0,0,0,80,63,85
MPV-GEN-T1-N90-R04,plain,3,item-000,80,0,0,20,100,100
MPV-GEN-T1-N90-R04,plain,3,item-043,0,63,0,73,28,94
MPV-GEN-T1-N90-R04,plain,4,item-017,0,0,0,53,95,71
MPV-GEN-T1-N90-R04,plain,4,item-034,53,0,0,41,91,99
MPV-GEN-T1-N90-R04,plain,4,item-061,0,95,0,97,5,83
MPV-GEN-T1-N90-R04,plain,4,item-048,94,0,0,3,69,93
MPV-GEN-T1-N90-R04,plain,5,item-074,0,0,0,98,80,39
MPV-GEN-T1-N90-R04,plain,5,item-002,0,0,39,91,54,56
MPV-GEN-T1-N90-R04,plain,5,item-036,0,80,0,86,17,84
MPV-GEN-T1-N90-R04,plain,6,item-082,0,0,0,49,100,84
MPV-GEN-T1-N90-R04,plain,6,item-031,49,0,0,50,90,80
MPV-GEN-T1-N90-R04,plain,7,item-076,0,0,0,99,62,54
MPV-GEN-T1-N90-R04,plain,7,item-013,0,62,0,73,38,94
MPV-GEN-T1-N90-R04,plain,7,item-022,0,0,54,39,49,43
MPV-GEN-T1-N90-R04,plain,8,item-089,0,0,0,74,69,69
MPV-GEN-T1-N90-R04,plain,8,item-001,74,0,0,24,90,92
MPV-GEN-T1-N90-R04,plain,8,item-047,0,69,0,73,25,88
MPV-GEN-T1-N90-R04,plain,9,item-019,0,0,0,99,43,72
MPV-GEN-T1-N90-R04,plain,9,item-006,0,43,0,76,42,80
MPV-GEN-T1-N90-R04,plain,9,item-014,0,85,0,83,13,86
MPV-GEN-T1-N90-R04,plain,10,item-040,0,0,0,41,95,90
MPV-GEN-T1-N90-R04,plain,10,item-058,41,0,0,35,96,99
MPV-GEN-T1-N90-R04,plain,10,item-009,76,0,0,23,91,77
MPV-GEN-T1-N90-R04,plain,11,item-071,0,0,0,44,90,79
MPV-GEN-T1-N90-R04,plain,11,item-060,44,0,0,40,77,100
MPV-GEN-T1-N90-R04,plain,11,item-035,84,0,0,13,91,84
MPV-GEN-T1-N90-R04,plain,11,item-021,0,91,0,96,8,69
MPV-GEN-T1-N90-R04,plain,12,item-081,0,0,0,46,95,66
MPV-GEN-T1-N90-R04,plain,12,item-011,46,0,0,44,66,91
MPV-GEN-T1-N90-R04,plain,12,item-029,90,0,0,8,85,94
MPV-GEN-T1-N90-R04,plain,13,item-067,0,0,0,93,77,32
MPV-GEN-T1-N90-R04,plain,13,item-023,0,0,32,51,61,64
MPV-GEN-T1-N90-R04,plain,13,item-077,51,0,32,31,69,67
MPV-GEN-T1-N90-R04,plain,13,item-051,0,77,0,87,16,79
MPV-GEN-T1-N90-R04,plain,13,item-005,0,93,0,97,7,72
MPV-GEN-T1-N90-R04,plain,13,item-069,93,0,0,7,73,86
MPV-GEN-T1-N90-R04,plain,14,item-044,0,0,0,36,79,89
MPV-GEN-T1-N90-R04,plain,14,item-070,36,0,0,34,100,68
MPV-GEN-T1-N90-R04,plain,14,item-078,70,0,0,28,99,90
MPV-GEN-T1-N90-R04,plain,15,item-073,0,0,0,41,68,91
MPV-GEN-T1-N90-R04,plain,15,item-050,41,0,0,41,67,84
MPV-GEN-T1-N90-R04,plain,15,item-086,82,0,0,18,74,97
MPV-GEN-T1-N90-R04,plain,16,item-045,0,0,0,28,92,86
MPV-GEN-T1-N90-R04,plain,16,item-039,28,0,0,34,72,89
MPV-GEN-T1-N90-R04,plain,16,item-042,62,0,0,37,71,78
MPV-GEN-T1-N90-R04,plain,17,item-079,0,0,0,30,86,78
MPV-GEN-T1-N90-R04,plain,17,item-059,30,0,0,28,86,82
MPV-GEN-T1-N90-R04,plain,17,item-026,58,0,0,31,67,90
MPV-GEN-T1-N90-R04,plain,17,item-025,89,0,0,11,82,89
MPV-GEN-T1-N90-R04,plain,18,item-062,0,0,0,100,73,27
MPV-GEN-T1-N90-R04,plain,18,item-016,0,0,27,24,76,73
MPV-GEN-T1-N90-R04,plain,18,item-032,24,0,27,23,68,70
MPV-GEN-T1-N90-R04,plain,19,item-088,0,0,0,25,81,83
MPV-GEN-T1-N90-R04,plain,19,item-008,25,0,0,26,74,85
MPV-GEN-T1-N90-R04,plain,19,item-052,51,0,0,19,94,93
MPV-GEN-T1-N90-R04,plain,19,item-075,70,0,0,19,99,84
MPV-GEN-T1-N90-R04,plain,20,item-027,0,0,0,81,100,20
MPV-GEN-T1-N90-R04,plain,20,item-054,0,0,20,80,92,21
MPV-GEN-T1-N90-R04,plain,20,item-065,81,0,0,17,78,82
MPV-GEN-T1-N90-R04,plain,21,item-084,0,0,0,22,93,77
MPV-GEN-T1-N90-R04,plain,21,item-053,22,0,0,20,66,83
MPV-GEN-T1-N90-R04,plain,21,item-003,42,0,0,18,66,84
MPV-GEN-T1-N90-R04,plain,21,item-057,60,0,0,14,93,74
MPV-GEN-T1-N90-R04,plain,21,item-063,74,0,0,13,84,77
MPV-GEN-T1-N90-R05,plain,0,item-035,0,0,0,95,84,100
MPV-GEN-T1-N90-R05,plain,0,item-063,0,84,0,94,12,92
MPV-GEN-T1-N90-R05,plain,0,item-085,95,0,0,5,86,66
MPV-GEN-T1-N90-R05,plain,0,item-007,95,0,66,2,23,3
MPV-GEN-T1-N90-R05,plain,0,item-056,0,96,0,90,2,71
MPV-GEN-T1-N90-R05,plain,0,item-030,0,96,71,49,3,19
MPV-GEN-T1-N90-R05,plain,1,item-032,0,0,0,98,76,63
MPV-GEN-T1-N90-R05,plain,1,item-011,0,0,63,89,69,21
MPV-GEN-T1-N90-R05,plain,1,item-071,0,76,0,88,18,76
MPV-GEN-T1-N90-R05,plain,1,item-087,0,0,84,40,19,15
MPV-GEN-T1-N90-R05,plain,1,item-086,0,19,84,15,34,11
MPV-GEN-T1-N90-R05,plain,1,item-089,15,19,84,7,42,13
MPV-GEN-T1-N90-R05,plain,1,item-018,22,19,84,6,37,4
MPV-GEN-T1-N90-R05,plain,1,item-034,98,0,0,1,86,77
MPV-GEN-T1-N90-R05,plain,1,item-066,0,94,0,35,3,41
MPV-GEN-T1-N90-R05,plain,2,item-080,0,0,0,92,68,95
MPV-GEN-T1-N90-R05,plain,2,item-016,0,68,0,71,20,82
MPV-GEN-T1-N90-R05,plain,2,item-061,0,88,0,89,9,75
MPV-GEN-T1-N90-R05,plain,2,item-031,92,0,0,6,82,92
MPV-GEN-T1-N90-R05,plain,3,item-042,0,0,0,98,63,95
MPV-GEN-T1-N90-R05,plain,3,item-015,0,63,0,92,36,74
MPV-GEN-T1-N90-R05,plain,3,item-038,0,63,74,25,32,20
MPV-GEN-T1-N90-R05,plain,3,item-041,25,63,74,24,30,25
MPV-GEN-T1-N90-R05,plain,4,item-040,0,0,0,95,62,97
MPV-GEN-T1-N90-R05,plain,4,item-013,0,62,0,15,28,44
MPV-GEN-T1-N90-R05,plain,4,item-067,15,62,0,16,27,34
MPV-GEN-T1-N90-R05,plain,4,item-074,95,0,0,3,98,86
MPV-GEN-T1-N90-R05,plain,5,item-058,0,0,0,84,79,77
MPV-GEN-T1-N90-R05,plain,5,item-052,84,0,0,16,99,78
MPV-GEN-T1-N90-R05,plain,5,item-039,0,0,77,76,92,20
MPV-GEN-T1-N90-R05,plain,6,item-076,0,0,0,91,72,68
MPV-GEN-T1-N90-R05,plain,6,item-081,0,0,68,75,90,18
MPV-GEN-T1-N90-R05,plain,7,item-022,0,0,0,87,59,73
MPV-GEN-T1-N90-R05,plain,7,item-020,0,59,0,90,40,73
MPV-GEN-T1-N90-R05,plain,7,item-006,90,0,0,10,70,85
MPV-GEN-T1-N90-R05,plain,8,item-057,0,0,0,86,77,52
MPV-GEN-T1-N90-R05,plain,8,item-027,0,0,52,78,69,45
MPV-GEN-T1-N90-R05,plain,8,item-077,86,0,0,13,98,87
MPV-GEN-T1-N90-R05,plain,9,item-075,0,0,0,79,81,55
MPV-GEN-T1-N90-R05,plain,9,item-073,79,0,0,20,99,80
MPV-GEN-T1-N90-R05,plain,9,item-033,0,0,55,22,41,44
MPV-GEN-T1-N90-R05,plain,10,item-043,0,0,0,98,51,64
MPV-GEN-T1-N90-R05,plain,10,item-023,0,51,0,93,46,70
MPV-GEN-T1-N90-R05,plain,11,item-010,0,0,0,44,98,71
MPV-GEN-T1-N90-R05,plain,11,item-060,44,0,0,46,88,93
MPV-GEN-T1-N90-R05,plain,12,item-024,0,0,0,64,57,99
MPV-GEN-T1-N90-R05,plain,12,item-005,64,0,0,32,92,99
MPV-GEN-T1-N90-R05,plain,13,item-046,0,0,0,42,88,84
MPV-GEN-T1-N90-R05,plain,13,item-014,42,0,0,37,91,92
MPV-GEN-T1-N90-R05,plain,13,item-044,79,0,0,17,94,99
MPV-GEN-T1-N90-R05,plain,14,item-008,0,0,0,73,49,77
MPV-GEN-T1-N90-R05,plain,14,item-004,73,0,0,25,99,94
MPV-GEN-T1-N90-R05,plain,14,item-017,0,49,0,46,50,48
MPV-GEN-T1-N90-R05,plain,15,item-062,0,0,0,77,65,53
MPV-GEN-T1-N90-R05,plain,15,item-055,77,0,0,20,98,69
MPV-GEN-T1-N90-R05,plain,16,item-019,0,0,0,41,96,67
MPV-GEN-T1-N90-R05,plain,16,item-021,41,0,0,42,76,91
MPV-GEN-T1-N90-R05,plain,16,item-068,83,0,0,17,85,89
MPV-GEN-T1-N90-R05,plain,17,item-025,0,0,0,90,84,33
MPV-GEN-T1-N90-R05,plain,17,item-054,0,0,33,73,72,49
MPV-GEN-T1-N90-R05,plain,17,item-012,73,0,33,14,95,66
MPV-GEN-T1-N90-R05,plain,18,item-037,0,0,0,64,54,90
MPV-GEN-T1-N90-R05,plain,18,item-070,64,0,0,35,87,94
MPV-GEN-T1-N90-R05,plain,19,item-078,0,0,0,42,77,88
MPV-GEN-T1-N90-R05,plain,19,item-026,42,0,0,42,76,89
MPV-GEN-T1-N90-R05,plain,19,item-029,84,0,0,11,99,94
MPV-GEN-T1-N90-R05,plain,20,item-028,0,0,0,54,69,64
MPV-GEN-T1-N90-R05,plain,20,item-036,54,0,0,32,91,97
MPV-GEN-T1-N90-R05,plain,20,item-009,86,0,0,13,76,97
MPV-GEN-T1-N90-R05,plain,21,item-047,0,0,0,31,96,92
MPV-GEN-T1-N90-R05,plain,21,item-048,31,0,0,66,58,54
MPV-GEN-T1-N90-R05,plain,22,item-049,0,0,0,45,79,75
MPV-GEN-T1-N90-R05,plain,22,item-069,45,0,0,32,87,97
MPV-GEN-T1-N90-R05,plain,22,item-072,77,0,0,21,91,75
MPV-GEN-T1-N90-R05,plain,23,item-051,0,0,0,37,69,92
MPV-GEN-T1-N90-R05,plain,23,item-053,37,0,0,35,89,69
MPV-GEN-T1-N90-R05,plain,23,item-079,72,0,0,28,87,98
MPV-GEN-T1-N90-R05,plain,24,item-064,0,0,0,40,69,79
MPV-GEN-T1-N90-R05,plain,24,item-065,40,0,0,31,80,87
MPV-GEN-T1-N90-R05,plain,24,item-001,71,0,0,29,78,76
MPV-GEN-T1-N90-R05,plain,25,item-003,0,0,0,32,73,88
MPV-GEN-T1-N90-R05,plain,25,item-083,32,0,0,26,85,100
MPV-GEN-T1-N90-R05,plain,25,item-084,58,0,0,35,83,67
MPV-GEN-T1-N90-R05,plain,26,item-088,0,0,0,30,84,66
MPV-GEN-T1-N90-R05,plain,26,item-002,30,0,0,26,76,82
MPV-GEN-T1-N90-R05,plain,26,item-050,56,0,0,31,69,70
MPV-GEN-T1-N90-R05,plain,27,item-059,0,0,0,25,87,66
MPV-GEN-T1-N90-R05,plain,27,item-000,25,0,0,23,73,74
MPV-GEN-T1-N90-R05,plain,27,item-082,48,0,0,19,76,98
MPV-GEN-T1-N90-R05,plain,27,item-045,67,0,0,17,79,81
MPV-GEN-T1-N90-R06,plain,0,item-023,0,0,0,72,97,42
MPV-GEN-T1-N90-R06,plain,0,item-021,72,0,0,27,98,100
MPV-GEN-T1-N90-R06,plain,0,item-037,0,0,42,67,89,43
MPV-GEN-T1-N90-R06,plain,0,item-049,0,89,42,44,7,26
MPV-GEN-T1-N90-R06,plain,0,item-053,99,0,0,1,78,79
MPV-GEN-T1-N90-R06,plain,1,item-001,0,0,0,83,77,29
MPV-GEN-T1-N90-R06,plain,1,item-022,0,0,29,80,46,71
MPV-GEN-T1-N90-R06,plain,1,item-004,0,46,29,76,27,70
MPV-GEN-T1-N90-R06,plain,1,item-026,0,77,0,94,21,87
MPV-GEN-T1-N90-R06,plain,1,item-064,83,0,0,17,72,81
MPV-GEN-T1-N90-R06,plain,1,item-016,76,46,29,7,18,50
MPV-GEN-T1-N90-R06,plain,1,item-089,80,0,81,9,39,16
MPV-GEN-T1-N90-R06,plain,1,item-017,89,0,81,7,50,16
MPV-GEN-T1-N90-R06,plain,1,item-069,94,50,81,6,45,17
MPV-GEN-T1-N90-R06,plain,2,item-066,0,0,0,82,74,96
MPV-GEN-T1-N90-R06,plain,2,item-057,0,74,0,68,26,93
MPV-GEN-T1-N90-R06,plain,2,item-007,82,0,0,16,78,66
MPV-GEN-T1-N90-R06,plain,2,item-061,0,0,96,80,69,4
MPV-GEN-T1-N90-R06,plain,2,item-075,98,0,0,2,88,82
MPV-GEN-T1-N90-R06,plain,2,item-078,82,0,66,9,24,30
MPV-GEN-T1-N90-R06,plain,3,item-039,0,0,0,80,71,98
MPV-GEN-T1-N90-R06,plain,3,item-055,0,71,0,83,20,97
MPV-GEN-T1-N90-R06,plain,3,item-040,83,0,0,14,87,86
MPV-GEN-T1-N90-R06,plain,3,item-080,0,91,0,79,4,88
MPV-GEN-T1-N90-R06,plain,3,item-047,97,0,0,3,79,85
MPV-GEN-T1-N90-R06,plain,4,item-056,0,0,0,89,71,78
MPV-GEN-T1-N90-R06,plain,4,item-028,0,71,0,82,20,66
MPV-GEN-T1-N90-R06,plain,4,item-018,89,0,0,10,88,78
MPV-GEN-T1-N90-R06,plain,4,item-042,0,0,78,71,85,18
MPV-GEN-T1-N90-R06,plain,5,item-068,0,0,0,74,79,78
MPV-GEN-T1-N90-R06,plain,5,item-025,74,0,0,26,97,95
MPV-GEN-T1-N90-R06,plain,5,item-011,0,79,0,43,18,35
MPV-GEN-T1-N90-R06,plain,6,item-036,0,0,0,50,89,99
MPV-GEN-T1-N90-R06,plain,6,item-041,50,0,0,49,88,95
MPV-GEN-T1-N90-R06,plain,6,item-046,0,89,0,81,11,88
MPV-GEN-T1-N90-R06,plain,7,item-062,0,0,0,69,89,70
MPV-GEN-T1-N90-R06,plain,7,item-010,69,0,0,29,99,90
MPV-GEN-T1-N90-R06,plain,7,item-029,0,0,90,95,100,10
MPV-GEN-T1-N90-R06,plain,8,item-043,0,0,0,49,84,93
MPV-GEN-T1-N90-R06,plain,8,item-033,49,0,0,50,78,94
MPV-GEN-T1-N90-R06,plain,9,item-044,0,0,0,45,85,98
MPV-GEN-T1-N90-R06,plain,9,item-012,45,0,0,40,94,97
MPV-GEN-T1-N90-R06,plain,9,item-034,85,0,0,10,82,91
MPV-GEN-T1-N90-R06,plain,9,item-019,95,0,0,4,85,86
MPV-GEN-T1-N90-R06,plain,10,item-027,0,0,0,97,49,71
MPV-GEN-T1-N90-R06,plain,10,item-045,0,49,0,92,34,89
MPV-GEN-T1-N90-R06,plain,10,item-035,0,0,89,79,77,10
MPV-GEN-T1-N90-R06,plain,10,item-060,97,0,0,3,77,87
MPV-GEN-T1-N90-R06,plain,11,item-054,0,0,0,100,57,55
MPV-GEN-T1-N90-R06,plain,11,item-086,0,57,0,76,37,94
MPV-GEN-T1-N90-R06,plain,11,item-088,0,0,55,36,38,33
MPV-GEN-T1-N90-R06,plain,11,item-076,76,57,0,21,33,49
MPV-GEN-T1-N90-R06,plain,12,item-063,0,0,0,48,86,83
MPV-GEN-T1-N90-R06,plain,12,item-065,48,0,0,46,81,91
MPV-GEN-T1-N90-R06,plain,12,item-009,94,0,0,6,95,95
MPV-GEN-T1-N90-R06,plain,13,item-071,0,0,0,62,87,62
MPV-GEN-T1-N90-R06,plain,13,item-002,62,0,0,35,95,81
MPV-GEN-T1-N90-R06,plain,14,item-082,0,0,0,40,86,99
MPV-GEN-T1-N90-R06,plain,14,item-084,40,0,0,47,72,91
MPV-GEN-T1-N90-R06,plain,14,item-052,87,0,0,10,80,85
MPV-GEN-T1-N90-R06,plain,15,item-003,0,0,0,47,69,93
MPV-GEN-T1-N90-R06,plain,15,item-038,47,0,0,41,78,93
MPV-GEN-T1-N90-R06,plain,15,item-085,88,0,0,6,87,76
MPV-GEN-T1-N90-R06,plain,15,item-006,94,0,0,6,82,77
MPV-GEN-T1-N90-R06,plain,16,item-074,0,0,0,51,94,62
MPV-GEN-T1-N90-R06,plain,16,item-073,51,0,0,48,71,80
MPV-GEN-T1-N90-R06,plain,17,item-081,0,0,0,33,98,86
MPV-GEN-T1-N90-R06,plain,17,item-005,33,0,0,36,84,90
MPV-GEN-T1-N90-R06,plain,17,item-079,69,0,0,27,99,94
MPV-GEN-T1-N90-R06,plain,18,item-051,0,0,0,30,88,94
MPV-GEN-T1-N90-R06,plain,18,item-013,30,0,0,33,79,93
MPV-GEN-T1-N90-R06,plain,18,item-067,63,0,0,37,93,69
MPV-GEN-T1-N90-R06,plain,19,item-030,0,0,0,72,56,59
MPV-GEN-T1-N90-R06,plain,19,item-024,0,56,0,72,39,78
MPV-GEN-T1-N90-R06,plain,19,item-014,72,0,0,27,76,87
MPV-GEN-T1-N90-R06,plain,20,item-070,0,0,0,33,98,74
MPV-GEN-T1-N90-R06,plain,20,item-032,33,0,0,36,85,66
MPV-GEN-T1-N90-R06,plain,20,item-058,69,0,0,22,97,79
MPV-GEN-T1-N90-R06,plain,21,item-083,0,0,0,53,53,86
MPV-GEN-T1-N90-R06,plain,21,item-048,53,0,0,32,79,93
MPV-GEN-T1-N90-R06,plain,22,item-087,0,0,0,32,88,79
MPV-GEN-T1-N90-R06,plain,22,item-072,32,0,0,37,69,86
MPV-GEN-T1-N90-R06,plain,22,item-008,69,0,0,29,68,68
MPV-GEN-T1-N90-R06,plain,23,item-031,0,0,0,35,71,79
MPV-GEN-T1-N90-R06,plain,23,item-020,35,0,0,21,90,100
MPV-GEN-T1-N90-R06,plain,23,item-050,56,0,0,22,82,80
MPV-GEN-T1-N90-R06,plain,23,item-059,78,0,0,19,77,72
MPV-GEN-T1-N90-R06,plain,24,item-000,0,0,0,25,68,72
MPV-GEN-T1-N90-R06,plain,24,item-015,25,0,0,18,67,67
MPV-GEN-T1-N90-R06,plain,24,item-077,0,0,72,78,68,23
MPV-GEN-T1-N90-R07,plain,0,item-032,0,0,0,93,100,41
MPV-GEN-T1-N90-R07,plain,0,item-079,0,0,41,78,77,41
MPV-GEN-T1-N90-R07,plain,0,item-056,0,0,82,47,27,7
MPV-GEN-T1-N90-R07,plain,0,item-003,0,0,89,11,11,9
MPV-GEN-T1-N90-R07,plain,0,item-072,93,0,0,4,95,96
MPV-GEN-T1-N90-R07,plain,0,item-014,0,27,82,18,37,8
MPV-GEN-T1-N90-R07,plain,0,item-010,18,27,82,15,19,17
MPV-GEN-T1-N90-R07,plain,0,item-013,97,0,0,2,94,98
MPV-GEN-T1-N90-R07,plain,0,item-062,33,27,82,19,42,6
MPV-GEN-T1-N90-R07,plain,0,item-026,33,27,88,17,42,1
MPV-GEN-T1-N90-R07,plain,0,item-058,52,0,82,17,43,3
MPV-GEN-T1-N90-R07,plain,0,item-069,0,0,99,71,91,1
MPV-GEN-T1-N90-R07,plain,1,item-039,0,0,0,90,100,77
MPV-GEN-T1-N90-R07,plain,1,item-061,0,0,77,84,68,21
MPV-GEN-T1-N90-R07,plain,1,item-065,90,0,0,10,95,96
MPV-GEN-T1-N90-R07,plain,2,item-047,0,0,0,100,87,81
MPV-GEN-T1-N90-R07,plain,2,item-052,0,0,81,77,85,13
MPV-GEN-T1-N90-R07,plain,2,item-006,0,87,0,88,10,70
MPV-GEN-T1-N90-R07,plain,2,item-066,0,97,0,68,2,67
MPV-GEN-T1-N90-R07,plain,3,item-033,0,0,0,93,83,67
MPV-GEN-T1-N90-R07,plain,3,item-042,0,0,67,70,68,22
MPV-GEN-T1-N90-R07,plain,3,item-008,93,0,0,4,83,95
MPV-GEN-T1-N90-R07,plain,4,item-088,0,0,0,78,90,88
MPV-GEN-T1-N90-R07,plain,4,item-020,78,0,0,20,99,91
MPV-GEN-T1-N90-R07,plain,5,item-045,0,0,0,72,80,63
MPV-GEN-T1-N90-R07,plain,5,item-044,72,0,0,24,100,73
MPV-GEN-T1-N90-R07,plain,5,item-019,0,80,0,71,18,81
MPV-GEN-T1-N90-R07,plain,6,item-085,0,0,0,98,47,99
MPV-GEN-T1-N90-R07,plain,6,item-064,0,47,0,93,41,70
MPV-GEN-T1-N90-R07,plain,7,item-009,0,0,0,48,80,80
MPV-GEN-T1-N90-R07,plain,7,item-049,48,0,0,42,91,96
MPV-GEN-T1-N90-R07,plain,7,item-038,90,0,0,8,100,90
MPV-GEN-T1-N90-R07,plain,8,item-084,0,0,0,100,97,31
MPV-GEN-T1-N90-R07,plain,8,item-073,0,0,31,66,74,54
MPV-GEN-T1-N90-R07,plain,8,item-074,66,0,31,32,98,69
MPV-GEN-T1-N90-R07,plain,9,item-001,0,0,0,38,100,66
MPV-GEN-T1-N90-R07,plain,9,item-005,38,0,0,41,89,94
MPV-GEN-T1-N90-R07,plain,9,item-011,79,0,0,18,99,95
MPV-GEN-T1-N90-R07,plain,10,item-034,0,0,0,70,54,90
MPV-GEN-T1-N90-R07,plain,10,item-002,0,54,0,96,33,81
MPV-GEN-T1-N90-R07,plain,10,item-059,70,0,0,16,28,41
MPV-GEN-T1-N90-R07,plain,11,item-071,0,0,0,45,75,94
MPV-GEN-T1-N90-R07,plain,11,item-048,45,0,0,47,66,99
MPV-GEN-T1-N90-R07,plain,11,item-067,0,75,0,82,18,73
MPV-GEN-T1-N90-R07,plain,11,item-028,92,0,0,8,83,80
MPV-GEN-T1-N90-R07,plain,12,item-081,0,0,0,68,53,88
MPV-GEN-T1-N90-R07,plain,12,item-027,0,53,0,94,31,96
MPV-GEN-T1-N90-R07,plain,12,item-070,68,0,0,32,28,40
MPV-GEN-T1-N90-R07,plain,12,item-083,94,28,0,5,69,81
MPV-GEN-T1-N90-R07,plain,13,item-046,0,0,0,41,73,91
MPV-GEN-T1-N90-R07,plain,13,item-077,41,0,0,30,97,80
MPV-GEN-T1-N90-R07,plain,13,item-000,71,0,0,28,76,81
MPV-GEN-T1-N90-R07,plain,14,item-076,0,0,0,66,75,47
MPV-GEN-T1-N90-R07,plain,14,item-035,66,0,0,31,93,80
MPV-GEN-T1-N90-R07,plain,15,item-068,0,0,0,73,78,39
MPV-GEN-T1-N90-R07,plain,15,item-040,73,0,0,27,77,90
MPV-GEN-T1-N90-R07,plain,16,item-007,0,0,0,31,89,80
MPV-GEN-T1-N90-R07,plain,16,item-030,31,0,0,66,46,70
MPV-GEN-T1-N90-R07,plain,17,item-022,0,0,0,36,84,69
MPV-GEN-T1-N90-R07,plain,17,item-043,36,0,0,34,79,87
MPV-GEN-T1-N90-R07,plain,17,item-004,70,0,0,24,86,80
MPV-GEN-T1-N90-R07,plain,18,item-025,0,0,0,35,76,74
MPV-GEN-T1-N90-R07,plain,18,item-057,35,0,0,42,68,68
MPV-GEN-T1-N90-R07,plain,18,item-041,77,0,0,23,83,83
MPV-GEN-T1-N90-R07,plain,19,item-075,0,0,0,99,82,22
MPV-GEN-T1-N90-R07,plain,19,item-087,0,0,22,27,81,72
MPV-GEN-T1-N90-R07,plain,19,item-051,27,0,22,22,73,72
MPV-GEN-T1-N90-R07,plain,19,item-029,49,0,22,20,79,70
MPV-GEN-T1-N90-R07,plain,19,item-036,69,0,22,21,88,77
MPV-GEN-T1-N90-R07,plain,19,item-054,90,0,22,10,78,69
MPV-GEN-T1-N90-R07,plain,20,item-016,0,0,0,22,82,87
MPV-GEN-T1-N90-R07,plain,20,item-012,22,0,0,17,94,92
MPV-GEN-T1-N90-R07,plain,20,item-017,39,0,0,17,88,93
MPV-GEN-T1-N90-R07,plain,20,item-023,56,0,0,20,99,66
MPV-GEN-T1-N90-R07,plain,20,item-078,76,0,0,23,67,83
MPV-GEN-T1-N90-R07,plain,21,item-018,0,0,0,15,100,80
MPV-GEN-T1-N90-R07,plain,21,item-015,15,0,0,15,97,73
MPV-GEN-T1-N90-R07,plain,21,item-053,30,0,0,16,89,100
MPV-GEN-T1-N90-R07,plain,21,item-037,46,0,0,14,98,96
MPV-GEN-T1-N90-R07,plain,21,item-021,60,0,0,13,96,75
MPV-GEN-T1-N90-R07,plain,21,item-089,73,0,0,12,90,98
MPV-GEN-T1-N90-R07,plain,21,item-063,85,0,0,14,69,98
MPV-GEN-T1-N90-R07,plain,22,item-031,0,0,0,11,82,88
MPV-GEN-T1-N90-R07,plain,22,item-050,11,0,0,12,84,66
MPV-GEN-T1-N90-R07,plain,22,item-055,23,0,0,13,68,91
MPV-GEN-T1-N90-R07,plain,22,item-060,36,0,0,11,88,80
MPV-GEN-T1-N90-R07,plain,22,item-082,47,0,0,10,97,66
MPV-GEN-T1-N90-R07,plain,22,item-024,57,0,0,8,79,84
MPV-GEN-T1-N90-R07,plain,22,item-080,65,0,0,8,68,100
MPV-GEN-T1-N90-R07,plain,22,item-086,73,0,0,8,79,70
MPV-GEN-T1-N90-R08,plain,0,item-040,0,0,0,95,80,97
MPV-GEN-T1-N90-R08,plain,0,item-077,0,80,0,90,20,76
MPV-GEN-T1-N90-R08,plain,0,item-006,95,0,0,1,72,74
MPV-GEN-T1-N90-R08,plain,0,item-022,96,0,0,1,73,66
MPV-GEN-T1-N90-R08,plain,0,item-038,0,0,97,89,98,3
MPV-GEN-T1-N90-R08,plain,0,item-052,0,80,76,3,4,17
MPV-GEN-T1-N90-R08,plain,1,item-044,0,0,0,56,98,79
MPV-GEN-T1-N90-R08,plain,1,item-001,56,0,0,42,99,84
MPV-GEN-T1-N90-R08,plain,1,item-025,0,0,79,41,42,21
MPV-GEN-T1-N90-R08,plain,1,item-008,0,42,79,30,42,6
MPV-GEN-T1-N90-R08,plain,2,item-076,0,0,0,70,74,87
MPV-GEN-T1-N90-R08,plain,2,item-017,70,0,0,30,98,76
MPV-GEN-T1-N90-R08,plain,2,item-003,0,0,87,66,72,4
MPV-GEN-T1-N90-R08,plain,2,item-042,0,74,0,68,24,75
MPV-GEN-T1-N90-R08,plain,2,item-062,0,0,91,97,78,1
MPV-GEN-T1-N90-R08,plain,3,item-002,0,0,0,50,97,80
MPV-GEN-T1-N90-R08,plain,3,item-028,50,0,0,45,95,93
MPV-GEN-T1-N90-R08,plain,4,item-019,0,0,0,64,66,99
MPV-GEN-T1-N90-R08,plain,4,item-035,64,0,0,35,98,74
MPV-GEN-T1-N90-R08,plain,4,item-067,0,66,0,28,12,48
MPV-GEN-T1-N90-R08,plain,4,item-026,0,66,48,27,10,37
MPV-GEN-T1-N90-R08,plain,5,item-084,0,0,0,81,53,95
MPV-GEN-T1-N90-R08,plain,5,item-088,0,53,0,75,43,83
MPV-GEN-T1-N90-R08,plain,5,item-087,81,0,0,19,98,76
MPV-GEN-T1-N90-R08,plain,6,item-041,0,0,0,46,91,93
MPV-GEN-T1-N90-R08,plain,6,item-057,46,0,0,50,99,77
MPV-GEN-T1-N90-R08,plain,7,item-050,0,0,0,88,85,48
MPV-GEN-T1-N90-R08,plain,7,item-007,0,0,48,83,66,28
MPV-GEN-T1-N90-R08,plain,7,item-085,88,0,0,11,88,86
MPV-GEN-T1-N90-R08,plain,7,item-043,0,85,0,73,8,92
MPV-GEN-T1-N90-R08,plain,7,item-083,0,0,76,88,73,16
MPV-GEN-T1-N90-R08,plain,8,item-066,0,0,0,48,90,78
MPV-GEN-T1-N90-R08,plain,8,item-021,48,0,0,48,83,84
MPV-GEN-T1-N90-R08,plain,8,item-048,0,0,84,66,89,16
MPV-GEN-T1-N90-R08,plain,9,item-030,0,0,0,94,88,40
MPV-GEN-T1-N90-R08,plain,9,item-010,0,0,40,77,100,41
MPV-GEN-T1-N90-R08,plain,9,item-086,0,0,81,74,85,18
MPV-GEN-T1-N90-R08,plain,9,item-014,94,0,0,6,94,100
MPV-GEN-T1-N90-R08,plain,10,item-056,0,0,0,46,85,100
MPV-GEN-T1-N90-R08,plain,10,item-005,46,0,0,47,81,85
MPV-GEN-T1-N90-R08,plain,10,item-033,93,0,0,7,96,90
MPV-GEN-T1-N90-R08,plain,11,item-012,0,0,0,43,93,76
MPV-GEN-T1-N90-R08,plain,11,item-009,43,0,0,39,99,78
MPV-GEN-T1-N90-R08,plain,11,item-023,82,0,0,17,90,88
MPV-GEN-T1-N90-R08,plain,12,item-047,0,0,0,46,93,70
MPV-GEN-T1-N90-R08,plain,12,item-016,46,0,0,38,95,95
MPV-GEN-T1-N90-R08,plain,12,item-089,84,0,0,14,92,71
MPV-GEN-T1-N90-R08,plain,13,item-013,0,0,0,85,50,69
MPV-GEN-T1-N90-R08,plain,13,item-011,0,50,0,77,33,84
MPV-GEN-T1-N90-R08,plain,13,item-058,85,0,0,9,98,71
MPV-GEN-T1-N90-R08,plain,14,item-020,0,0,0,91,86,30
MPV-GEN-T1-N90-R08,plain,14,item-059,0,0,30,67,80,27
MPV-GEN-T1-N90-R08,plain,14,item-029,67,0,30,22,80,69
MPV-GEN-T1-N90-R08,plain,14,item-015,89,0,30,11,70,66
MPV-GEN-T1-N90-R08,plain,15,item-061,0,0,0,61,59,96
MPV-GEN-T1-N90-R08,plain,15,item-045,61,0,0,38,89,80
MPV-GEN-T1-N90-R08,plain,16,item-036,0,0,0,41,86,91
MPV-GEN-T1-N90-R08,plain,16,item-032,41,0,0,49,67,97
MPV-GEN-T1-N90-R08,plain,16,item-073,90,0,0,7,74,69
MPV-GEN-T1-N90-R08,plain,17,item-049,0,0,0,92,54,50
MPV-GEN-T1-N90-R08,plain,17,item-031,0,54,0,68,39,75
MPV-GEN-T1-N90-R08,plain,18,item-051,0,0,0,55,67,82
MPV-GEN-T1-N90-R08,plain,18,item-054,55,0,0,42,92,66
MPV-GEN-T1-N90-R08,plain,19,item-055,0,0,0,76,93,34
MPV-GEN-T1-N90-R08,plain,19,item-039,76,0,0,22,83,75
MPV-GEN-T1-N90-R08,plain,20,item-080,0,0,0,43,85,78
MPV-GEN-T1-N90-R08,plain,20,item-046,43,0,0,42,66,72
MPV-GEN-T1-N90-R08,plain,21,item-037,0,0,0,35,73,75
MPV-GEN-T1-N90-R08,plain,21,item-070,35,0,0,30,84,92
MPV-GEN-T1-N90-R08,plain,21,item-053,65,0,0,32,78,87
MPV-GEN-T1-N90-R08,plain,22,item-065,0,0,0,25,96,100
MPV-GEN-T1-N90-R08,plain,22,item-069,25,0,0,70,34,96
MPV-GEN-T1-N90-R08,plain,22,item-034,25,34,0,72,26,83
MPV-GEN-T1-N90-R08,plain,23,item-071,0,0,0,28,89,80
MPV-GEN-T1-N90-R08,plain,23,item-000,28,0,0,28,83,79
MPV-GEN-T1-N90-R08,plain,23,item-075,56,0,0,35,77,68
MPV-GEN-T1-N90-R08,plain,24,item-063,0,0,0,31,76,77
MPV-GEN-T1-N90-R08,plain,24,item-004,31,0,0,25,79,91
MPV-GEN-T1-N90-R08,plain,24,item-082,56,0,0,31,72,79
MPV-GEN-T1-N90-R08,plain,24,item-078,0,79,0,83,21,80
MPV-GEN-T1-N90-R08,plain,25,item-024,0,0,0,27,68,79
MPV-GEN-T1-N90-R08,plain,25,item-064,27,0,0,22,79,72
MPV-GEN-T1-N90-R08,plain,25,item-079,49,0,0,22,77,87
MPV-GEN-T1-N90-R08,plain,25,item-074,71,0,0,23,68,90
MPV-GEN-T1-N90-R08,plain,26,item-081,0,0,0,20,78,94
MPV-GEN-T1-N90-R08,plain,26,item-018,20,0,0,19,78,81
MPV-GEN-T1-N90-R08,plain,26,item-027,39,0,0,20,71,97
MPV-GEN-T1-N90-R08,plain,26,item-068,59,0,0,21,69,87
MPV-GEN-T1-N90-R08,plain,26,item-072,80,0,0,20,73,72
MPV-GEN-T1-N90-R08,plain,27,item-060,0,0,0,18,77,74
MPV-GEN-T1-N90-R09,plain,0,item-043,0,0,0,94,95,85
MPV-GEN-T1-N90-R09,plain,0,item-001,0,0,85,89,87,1
MPV-GEN-T1-N90-R09,plain,0,item-021,0,0,86,34,44,14
MPV-GEN-T1-N90-R09,plain,0,item-037,94,0,0,5,82,90
MPV-GEN-T1-N90-R09,plain,0,item-071,0,95,0,77,2,77
MPV-GEN-T1-N90-R09,plain,0,item-082,99,0,0,1,83,81
MPV-GEN-T1-N90-R09,plain,1,item-061,0,0,0,91,91,94
MPV-GEN-T1-N90-R09,plain,1,item-015,91,0,0,8,100,72
MPV-GEN-T1-N90-R09,plain,1,item-002,91,0,72,8,30,22
MPV-GEN-T1-N90-R09,plain,1,item-065,0,91,0,84,8,70
MPV-GEN-T1-N90-R09,plain,1,item-081,0,91,70,39,8,18
MPV-GEN-T1-N90-R09,plain,1,item-086,99,0,0,1,67,67
MPV-GEN-T1-N90-R09,plain,2,item-005,0,0,0,83,94,80
MPV-GEN-T1-N90-R09,plain,2,item-025,0,0,80,70,91,17
MPV-GEN-T1-N90-R09,plain,2,item-089,83,0,0,17,93,78
MPV-GEN-T1-N90-R09,plain,3,item-062,0,0,0,94,83,93
MPV-GEN-T1-N90-R09,plain,3,item-072,0,83,0,72,17,94
MPV-GEN-T1-N90-R09,plain,3,item-027,94,0,0,5,75,87
MPV-GEN-T1-N90-R09,plain,4,item-003,0,0,0,67,100,89
MPV-GEN-T1-N90-R09,plain,4,item-000,67,0,0,31,91,76
MPV-GEN-T1-N90-R09,plain,4,item-078,98,0,0,2,69,78
MPV-GEN-T1-N90-R09,plain,5,item-012,0,0,0,88,93,41
MPV-GEN-T1-N90-R09,plain,5,item-051,0,0,41,75,77,32
MPV-GEN-T1-N90-R09,plain,5,item-007,75,0,41,8,27,35
MPV-GEN-T1-N90-R09,plain,5,item-087,88,0,0,12,91,81
MPV-GEN-T1-N90-R09,plain,5,item-085,0,0,81,93,88,19
MPV-GEN-T1-N90-R09,plain,6,item-031,0,0,0,80,94,69
MPV-GEN-T1-N90-R09,plain,6,item-041,80,0,0,20,98,81
MPV-GEN-T1-N90-R09,plain,6,item-011,0,0,69,17,41,29
MPV-GEN-T1-N90-R09,plain,7,item-076,0,0,0,88,84,76
MPV-GEN-T1-N90-R09,plain,7,item-036,88,0,0,10,85,69
MPV-GEN-T1-N90-R09,plain,7,item-059,0,84,0,77,11,81
MPV-GEN-T1-N90-R09,plain,7,item-088,98,0,0,2,71,66
MPV-GEN-T1-N90-R09,plain,8,item-014,0,0,0,99,51,79
MPV-GEN-T1-N90-R09,plain,8,item-010,0,51,0,91,38,91
MPV-GEN-T1-N90-R09,plain,9,item-009,0,0,0,87,55,69
MPV-GEN-T1-N90-R09,plain,9,item-032,0,55,0,81,37,72
MPV-GEN-T1-N90-R09,plain,9,item-020,87,0,0,13,95,86
MPV-GEN-T1-N90-R09,plain,10,item-022,0,0,0,91,52,66
MPV-GEN-T1-N90-R09,plain,10,item-016,0,52,0,68,12,69
MPV-GEN-T1-N90-R09,plain,10,item-038,0,0,66,41,40,32
MPV-GEN-T1-N90-R09,plain,10,item-046,0,64,0,42,28,45
MPV-GEN-T1-N90-R09,plain,10,item-055,91,0,0,8,96,78
MPV-GEN-T1-N90-R09,plain,11,item-063,0,0,0,49,94,92
MPV-GEN-T1-N90-R09,plain,11,item-006,49,0,0,48,85,67
MPV-GEN-T1-N90-R09,plain,12,item-024,0,0,0,43,93,85
MPV-GEN-T1-N90-R09,plain,12,item-050,43,0,0,43,87,97
MPV-GEN-T1-N90-R09,plain,12,item-074,86,0,0,13,86,87
MPV-GEN-T1-N90-R09,plain,13,item-033,0,0,0,36,99,99
MPV-GEN-T1-N90-R09,plain,13,item-067,36,0,0,48,82,82
MPV-GEN-T1-N90-R09,plain,13,item-023,84,0,0,15,92,74
MPV-GEN-T1-N90-R09,plain,14,item-084,0,0,0,35,99,95
MPV-GEN-T1-N90-R09,plain,14,item-040,35,0,0,50,69,86
MPV-GEN-T1-N90-R09,plain,14,item-057,85,0,0,9,71,87
MPV-GEN-T1-N90-R09,plain,15,item-077,0,0,0,47,84,73
MPV-GEN-T1-N90-R09,plain,15,item-017,47,0,0,40,86,83
MPV-GEN-T1-N90-R09,plain,15,item-008,87,0,0,7,77,78
MPV-GEN-T1-N90-R09,plain,16,item-044,0,0,0,81,94,35
MPV-GEN-T1-N90-R09,plain,16,item-058,0,0,35,51,63,55
MPV-GEN-T1-N90-R09,plain,16,item-039,81,0,0,19,91,71
MPV-GEN-T1-N90-R09,plain,17,item-052,0,0,0,48,71,85
MPV-GEN-T1-N90-R09,plain,17,item-064,48,0,0,48,71,96
MPV-GEN-T1-N90-R09,plain,18,item-013,0,0,0,37,90,74
MPV-GEN-T1-N90-R09,plain,18,item-019,37,0,0,39,85,95
MPV-GEN-T1-N90-R09,plain,18,item-018,76,0,0,24,90,83
MPV-GEN-T1-N90-R09,plain,19,item-034,0,0,0,35,91,96
MPV-GEN-T1-N90-R09,plain,19,item-035,35,0,0,42,79,81
MPV-GEN-T1-N90-R09,plain,19,item-079,77,0,0,20,90,72
MPV-GEN-T1-N90-R09,plain,20,item-053,0,0,0,49,66,73
MPV-GEN-T1-N90-R09,plain,20,item-056,49,0,0,44,74,70
MPV-GEN-T1-N90-R09,plain,21,item-026,0,0,0,40,76,71
MPV-GEN-T1-N90-R09,plain,21,item-075,40,0,0,57,53,92
MPV-GEN-T1-N90-R09,plain,22,item-030,0,0,0,43,66,81
MPV-GEN-T1-N90-R09,plain,22,item-042,43,0,0,34,82,97
MPV-GEN-T1-N90-R09,plain,22,item-047,77,0,0,19,89,74
MPV-GEN-T1-N90-R09,plain,23,item-069,0,0,0,30,83,95
MPV-GEN-T1-N90-R09,plain,23,item-080,30,0,0,29,89,90
MPV-GEN-T1-N90-R09,plain,23,item-083,59,0,0,32,76,97
MPV-GEN-T1-N90-R09,plain,24,item-028,0,0,0,29,83,95
MPV-GEN-T1-N90-R09,plain,24,item-049,29,0,0,39,68,82
MPV-GEN-T1-N90-R09,plain,24,item-070,68,0,0,31,94,71
MPV-GEN-T1-N90-R09,plain,25,item-029,0,0,0,27,94,81
MPV-GEN-T1-N90-R09,plain,25,item-045,27,0,0,27,88,75
MPV-GEN-T1-N90-R09,plain,25,item-054,54,0,0,27,84,97
MPV-GEN-T1-N90-R09,plain,25,item-066,81,0,0,19,74,88
MPV-GEN-T1-N90-R09,plain,26,item-048,0,0,0,26,76,99
MPV-GEN-T1-N90-R09,plain,26,item-073,26,0,0,36,70,70
MPV-GEN-T1-N90-R09,plain,26,item-060,62,0,0,24,88,67
MPV-GEN-T1-N90-R09,plain,27,item-004,0,0,0,25,73,66
MPV-GEN-T1-N90-R09,plain,27,item-068,25,0,0,21,71,74
MPV-GEN-T1-N90-R10,plain,0,item-009,0,0,0,78,98,98
MPV-GEN-T1-N90-R10,plain,0,item-068,78,0,0,22,97,85
MPV-GEN-T1-N90-R10,plain,0,item-005,78,0,85,6,8,8
MPV-GEN-T1-N90-R10,plain,0,item-031,0,98,0,43,2,31
MPV-GEN-T1-N90-R10,plain,1,item-050,0,0,0,90,96,83
MPV-GEN-T1-N90-R10,plain,1,item-029,0,0,83,89,95,10
MPV-GEN-T1-N90-R10,plain,1,item-054,90,0,0,9,98,71
MPV-GEN-T1-N90-R10,plain,1,item-017,99,0,0,1,96,66
MPV-GEN-T1-N90-R10,plain,2,item-028,0,0,0,76,83,73
MPV-GEN-T1-N90-R10,plain,2,item-010,76,0,0,23,89,75
MPV-GEN-T1-N90-R10,plain,2,item-036,0,0,73,30,28,21
MPV-GEN-T1-N90-R10,plain,2,item-049,0,83,0,36,11,38
MPV-GEN-T1-N90-R10,plain,2,item-061,0,28,75,93,67,16
MPV-GEN-T1-N90-R10,plain,3,item-083,0,0,0,65,82,100
MPV-GEN-T1-N90-R10,plain,3,item-000,65,0,0,33,86,86
MPV-GEN-T1-N90-R10,plain,3,item-019,98,0,0,2,74,91
MPV-GEN-T1-N90-R10,plain,4,item-048,0,0,0,81,64,84
MPV-GEN-T1-N90-R10,plain,4,item-057,0,64,0,92,32,96
MPV-GEN-T1-N90-R10,plain,4,item-081,92,0,0,7,81,79
MPV-GEN-T1-N90-R10,plain,5,item-058,0,0,0,46,99,98
MPV-GEN-T1-N90-R10,plain,5,item-006,46,0,0,46,97,71
MPV-GEN-T1-N90-R10,plain,5,item-087,92,0,0,6,85,85
MPV-GEN-T1-N90-R10,plain,6,item-080,0,0,0,77,62,88
MPV-GEN-T1-N90-R10,plain,6,item-055,0,62,0,69,36,71
MPV-GEN-T1-N90-R10,plain,6,item-082,77,0,0,22,93,82
MPV-GEN-T1-N90-R10,plain,7,item-086,0,0,0,100,58,71
MPV-GEN-T1-N90-R10,plain,7,item-022,0,58,0,77,42,84
MPV-GEN-T1-N90-R10,plain,8,item-011,0,0,0,41,98,98
MPV-GEN-T1-N90-R10,plain,8,item-051,41,0,0,48,96,66
MPV-GEN-T1-N90-R10,plain,8,item-044,89,0,0,9,85,81
MPV-GEN-T1-N90-R10,plain,9,item-066,0,0,0,41,92,99
MPV-GEN-T1-N90-R10,plain,9,item-026,41,0,0,50,84,69
MPV-GEN-T1-N90-R10,plain,9,item-020,91,0,0,9,82,78
MPV-GEN-T1-N90-R10,plain,10,item-076,0,0,0,100,71,47
MPV-GEN-T1-N90-R10,plain,10,item-021,0,0,47,91,68,50
MPV-GEN-T1-N90-R10,plain,10,item-072,0,71,0,93,27,70
MPV-GEN-T1-N90-R10,plain,11,item-084,0,0,0,47,88,84
MPV-GEN-T1-N90-R10,plain,11,item-012,47,0,0,44,92,67
MPV-GEN-T1-N90-R10,plain,11,item-038,91,0,0,7,71,80
MPV-GEN-T1-N90-R10,plain,12,item-003,0,0,0,68,47,100
MPV-GEN-T1-N90-R10,plain,12,item-041,0,47,0,90,41,68
MPV-GEN-T1-N90-R10,plain,12,item-013,90,0,0,5,94,80
MPV-GEN-T1-N90-R10,plain,12,item-015,95,0,0,4,73,100
MPV-GEN-T1-N90-R10,plain,13,item-035,0,0,0,46,84,75
MPV-GEN-T1-N90-R10,plain,13,item-034,46,0,0,44,87,75
MPV-GEN-T1-N90-R10,plain,13,item-088,90,0,0,6,73,83
MPV-GEN-T1-N90-R10,plain,13,item-065,96,0,0,4,76,74
MPV-GEN-T1-N90-R10,plain,14,item-062,0,0,0,86,56,59
MPV-GEN-T1-N90-R10,plain,14,item-056,0,56,0,83,40,76
MPV-GEN-T1-N90-R10,plain,14,item-023,86,0,0,14,83,84
MPV-GEN-T1-N90-R10,plain,15,item-014,0,0,0,37,100,66
MPV-GEN-T1-N90-R10,plain,15,item-052,37,0,0,44,75,92
MPV-GEN-T1-N90-R10,plain,15,item-089,81,0,0,19,83,86
MPV-GEN-T1-N90-R10,plain,16,item-045,0,0,0,77,46,83
MPV-GEN-T1-N90-R10,plain,16,item-046,0,46,0,68,49,91
MPV-GEN-T1-N90-R10,plain,16,item-007,77,0,0,22,89,73
MPV-GEN-T1-N90-R10,plain,17,item-027,0,0,0,41,80,88
MPV-GEN-T1-N90-R10,plain,17,item-071,41,0,0,45,71,98
MPV-GEN-T1-N90-R10,plain,17,item-032,86,0,0,12,96,81
MPV-GEN-T1-N90-R10,plain,18,item-037,0,0,0,93,92,27
MPV-GEN-T1-N90-R10,plain,18,item-063,0,0,27,71,78,43
MPV-GEN-T1-N90-R10,plain,18,item-079,71,0,27,19,90,68
MPV-GEN-T1-N90-R10,plain,18,item-025,93,0,0,6,69,72
MPV-GEN-T1-N90-R10,plain,19,item-008,0,0,0,33,91,69
MPV-GEN-T1-N90-R10,plain,19,item-043,33,0,0,39,74,91
MPV-GEN-T1-N90-R10,plain,19,item-018,72,0,0,28,68,72
MPV-GEN-T1-N90-R10,plain,20,item-030,0,0,0,41,68,86
MPV-GEN-T1-N90-R10,plain,20,item-042,41,0,0,32,78,85
MPV-GEN-T1-N90-R10,plain,20,item-064,73,0,0,25,74,98
MPV-GEN-T1-N90-R10,plain,20,item-047,0,68,0,41,32,42
MPV-GEN-T1-N90-R10,plain,21,item-060,0,0,0,31,77,96
MPV-GEN-T1-N90-R10,plain,21,item-070,31,0,0,29,70,98
MPV-GEN-T1-N90-R10,plain,21,item-077,60,0,0,32,77,69
MPV-GEN-T1-N90-R10,plain,21,item-069,92,0,0,4,73,95
MPV-GEN-T1-N90-R10,plain,21,item-074,96,0,0,4,68,73
MPV-GEN-T1-N90-R10,plain,22,item-004,0,0,0,24,66,77
MPV-GEN-T1-N90-R10,plain,22,item-002,24,0,0,15,87,91
MPV-GEN-T1-N90-R10,plain,22,item-016,39,0,0,19,75,77
MPV-GEN-T1-N90-R10,plain,22,item-075,58,0,0,18,89,66
MPV-GEN-T1-N90-R10,plain,22,item-039,76,0,0,15,100,68
MPV-GEN-T1-N90-R10,plain,22,item-001,91,0,0,3,86,74
MPV-GEN-T1-N90-R10,plain,22,item-059,94,0,0,3,83,87
MPV-GEN-T1-N90-R10,plain,23,item-078,0,0,0,17,81,75
MPV-GEN-T1-N90-R10,plain,23,item-073,17,0,0,14,77,93
MPV-GEN-T1-N90-R10,plain,23,item-053,31,0,0,13,78,95
MPV-GEN-T1-N90-R10,plain,23,item-067,44,0,0,19,66,75
MPV-GEN-T1-N90-R10,plain,23,item-024,63,0,0,12,82,92
MPV-GEN-T1-N90-R10,plain,23,item-033,75,0,0,12,91,74
MPV-GEN-T1-N90-R10,plain,23,item-040,87,0,0,12,83,66
MPV-GEN-T1-N90-R10,plain,24,item-085,0,0,0,14,66,84
MPV-GEN-T6-N30-R01,plain,0,item-029,0,0,0,10,10,9
MPV-GEN-T6-N30-R01,plain,0,item-024,0,0,9,9,10,3
MPV-GEN-T6-N30-R01,plain,0,item-009,0,0,12,9,9,2
MPV-GEN-T6-N30-R01,plain,0,item-013,0,0,14,8,8,6
MPV-GEN-T6-N30-R01,plain,0,item-016,0,0,20,5,8,9
MPV-GEN-T6-N30-R01,plain,0,item-010,0,0,29,5,7,2
MPV-GEN-T6-N30-R01,plain,0,item-003,0,0,31,2,4,6
MPV-GEN-T6-N30-R01,plain,0,item-005,0,0,37,2,4,9
MPV-GEN-T6-N30-R01,plain,0,item-007,0,0,46,2,2,6
MPV-GEN-T6-N30-R01,plain,0,item-000,0,0,52,2,1,5
MPV-GEN-T6-N30-R01,plain,0,item-015,0,10,0,9,7,9
MPV-GEN-T6-N30-R01,plain,0,item-019,0,10,9,9,6,9
MPV-GEN-T6-N30-R01,plain,0,item-014,0,17,0,10,6,9
MPV-GEN-T6-N30-R01,plain,0,item-020,0,16,9,8,4,8
MPV-GEN-T6-N30-R01,plain,0,item-023,0,16,17,8,2,8
MPV-GEN-T6-N30-R01,plain,0,item-001,0,20,9,9,3,3
MPV-GEN-T6-N30-R01,plain,0,item-011,2,0,31,1,7,9
MPV-GEN-T6-N30-R01,plain,0,item-022,0,23,0,10,10,1
MPV-GEN-T6-N30-R01,plain,0,item-026,0,23,1,5,10,8
MPV-GEN-T6-N30-R01,plain,0,item-025,0,23,9,4,9,7
MPV-GEN-T6-N30-R01,plain,0,item-006,5,23,1,3,9,4
MPV-GEN-T6-N30-R01,plain,0,item-004,8,23,1,2,10,4
MPV-GEN-T6-N30-R01,plain,0,item-027,0,33,0,7,6,2
MPV-GEN-T6-N30-R01,plain,0,item-002,0,33,2,6,5,1
MPV-GEN-T6-N30-R01,plain,0,item-012,0,33,3,6,5,3
MPV-GEN-T6-N30-R01,plain,0,item-008,0,39,0,9,4,1
MPV-GEN-T6-N30-R01,plain,0,item-018,3,0,31,2,6,2
MPV-GEN-T6-N30-R01,plain,0,item-017,5,0,20,3,5,1
MPV-GEN-T6-N30-R01,plain,0,item-021,5,0,21,3,4,1
MPV-GEN-T6-N30-R01,plain,0,item-028,2,0,40,1,4,2
MPV-GEN-T6-N30-R02,plain,0,item-020,0,0,0,7,10,9
MPV-GEN-T6-N30-R02,plain,0,item-005,0,0,9,7,8,10
MPV-GEN-T6-N30-R02,plain,0,item-012,0,0,19,6,8,7
MPV-GEN-T6-N30-R02,plain,0,item-029,0,0,26,6,8,6
MPV-GEN-T6-N30-R02,plain,0,item-007,0,0,32,6,6,2
MPV-GEN-T6-N30-R02,plain,0,item-027,0,0,34,5,3,9
MPV-GEN-T6-N30-R02,plain,0,item-000,0,0,43,3,3,7
MPV-GEN-T6-N30-R02,plain,0,item-025,0,10,0,10,3,10
MPV-GEN-T6-N30-R02,plain,0,item-003,0,13,0,9,3,10
MPV-GEN-T6-N30-R02,plain,0,item-019,0,16,0,7,8,4
MPV-GEN-T6-N30-R02,plain,0,item-017,0,16,4,4,7,9
MPV-GEN-T6-N30-R02,plain,0,item-004,0,24,0,10,3,7
MPV-GEN-T6-N30-R02,plain,0,item-018,4,16,4,3,7,7
MPV-GEN-T6-N30-R02,plain,0,item-022,0,27,0,8,8,3
MPV-GEN-T6-N30-R02,plain,0,item-026,0,35,0,4,9,4
MPV-GEN-T6-N30-R02,plain,0,item-021,0,44,0,3,9,5
MPV-GEN-T6-N30-R02,plain,0,item-001,0,53,0,2,9,7
MPV-GEN-T6-N30-R02,plain,0,item-002,0,27,3,8,3,5
MPV-GEN-T6-N30-R02,plain,0,item-010,0,0,50,2,3,6
MPV-GEN-T6-N30-R02,plain,0,item-011,0,30,3,7,3,5
MPV-GEN-T6-N30-R02,plain,0,item-028,0,62,0,9,9,1
MPV-GEN-T6-N30-R02,plain,0,item-013,0,62,1,9,6,1
MPV-GEN-T6-N30-R02,plain,0,item-016,0,62,2,8,4,3
MPV-GEN-T6-N30-R02,plain,0,item-024,0,62,5,3,4,6
MPV-GEN-T6-N30-R02,plain,0,item-015,0,71,0,3,6,3
MPV-GEN-T6-N30-R02,plain,0,item-006,0,77,0,1,10,3
MPV-GEN-T6-N30-R02,plain,0,item-008,0,3,34,3,2,3
MPV-GEN-T6-N30-R02,plain,0,item-009,5,0,34,1,4,4
MPV-GEN-T6-N30-R02,plain,0,item-023,5,0,38,1,4,6
MPV-GEN-T6-N30-R02,plain,0,item-014,0,87,0,1,10,1
MPV-GEN-T6-N30-R03,plain,0,item-019,0,0,0,8,9,10
MPV-GEN-T6-N30-R03,plain,0,item-008,0,0,10,6,9,6
MPV-GEN-T6-N30-R03,plain,0,item-001,0,0,16,6,6,2
MPV-GEN-T6-N30-R03,plain,0,item-009,0,0,18,6,6,9
MPV-GEN-T6-N30-R03,plain,0,item-005,0,0,27,3,3,8
MPV-GEN-T6-N30-R03,plain,0,item-000,3,0,27,1,6,10
MPV-GEN-T6-N30-R03,plain,0,item-024,0,9,0,10,9,8
MPV-GEN-T6-N30-R03,plain,0,item-004,0,9,8,9,7,7
MPV-GEN-T6-N30-R03,plain,0,item-028,0,9,15,8,5,7
MPV-GEN-T6-N30-R03,plain,0,item-006,0,18,0,10,10,1
MPV-GEN-T6-N30-R03,plain,0,item-027,6,0,10,2,7,7
MPV-GEN-T6-N30-R03,plain,0,item-012,0,18,1,9,8,2
MPV-GEN-T6-N30-R03,plain,0,item-015,0,18,3,8,4,8
MPV-GEN-T6-N30-R03,plain,0,item-007,9,18,1,1,9,9
MPV-GEN-T6-N30-R03,plain,0,item-022,0,28,0,7,5,4
MPV-GEN-T6-N30-R03,plain,0,item-025,0,33,0,7,6,2
MPV-GEN-T6-N30-R03,plain,0,item-011,0,39,0,4,8,2
MPV-GEN-T6-N30-R03,plain,0,item-016,0,14,15,8,1,8
MPV-GEN-T6-N30-R03,plain,0,item-002,0,33,2,3,10,2
MPV-GEN-T6-N30-R03,plain,0,item-029,4,0,27,1,5,10
MPV-GEN-T6-N30-R03,plain,0,item-003,0,15,15,7,1,5
MPV-GEN-T6-N30-R03,plain,0,item-013,5,0,27,1,5,7
MPV-GEN-T6-N30-R03,plain,0,item-017,0,0,35,2,2,8
MPV-GEN-T6-N30-R03,plain,0,item-014,5,0,34,1,5,4
MPV-GEN-T6-N30-R03,plain,0,item-010,0,16,8,8,2,1
MPV-GEN-T6-N30-R03,plain,0,item-020,0,47,0,5,7,1
MPV-GEN-T6-N30-R03,plain,0,item-018,0,47,1,3,7,1
MPV-GEN-T6-N30-R03,plain,0,item-021,0,15,20,4,1,2
MPV-GEN-T6-N30-R03,plain,0,item-023,6,0,17,1,5,3
MPV-GEN-T6-N30-R03,plain,0,item-026,0,43,2,2,9,1
MPV-GEN-T6-N30-R04,plain,0,item-019,0,0,0,8,9,5
MPV-GEN-T6-N30-R04,plain,0,item-002,0,0,5,5,8,8
MPV-GEN-T6-N30-R04,plain,0,item-018,0,0,13,4,8,6
MPV-GEN-T6-N30-R04,plain,0,item-000,0,0,19,2,6,2
MPV-GEN-T6-N30-R04,plain,0,item-003,0,9,0,4,10,9
MPV-GEN-T6-N30-R04,plain,0,item-005,0,19,0,8,5,9
MPV-GEN-T6-N30-R04,plain,0,item-008,0,24,0,8,5,8
MPV-GEN-T6-N30-R04,plain,0,item-010,0,29,0,5,10,5
MPV-GEN-T6-N30-R04,plain,0,item-011,0,39,0,10,2,8
MPV-GEN-T6-N30-R04,plain,0,item-001,0,41,0,9,2,8
MPV-GEN-T6-N30-R04,plain,0,item-004,0,43,0,9,2,10
MPV-GEN-T6-N30-R04,plain,0,item-026,2,0,19,1,8,9
MPV-GEN-T6-N30-R04,plain,0,item-016,3,0,19,1,7,10
MPV-GEN-T6-N30-R04,plain,0,item-021,0,0,21,2,4,8
MPV-GEN-T6-N30-R04,plain,0,item-027,0,24,8,8,4,4
MPV-GEN-T6-N30-R04,plain,0,item-007,0,29,5,5,3,5
MPV-GEN-T6-N30-R04,plain,0,item-022,0,32,5,5,3,6
MPV-GEN-T6-N30-R04,plain,0,item-024,0,35,5,4,3,9
MPV-GEN-T6-N30-R04,plain,0,item-009,0,45,0,8,9,1
MPV-GEN-T6-N30-R04,plain,0,item-017,5,0,5,3,4,6
MPV-GEN-T6-N30-R04,plain,0,item-006,0,45,1,8,3,2
MPV-GEN-T6-N30-R04,plain,0,item-029,0,45,3,5,3,7
MPV-GEN-T6-N30-R04,plain,0,item-028,0,48,1,6,2,6
MPV-GEN-T6-N30-R04,plain,0,item-012,0,54,0,9,1,6
MPV-GEN-T6-N30-R04,plain,0,item-013,0,0,29,2,3,4
MPV-GEN-T6-N30-R04,plain,0,item-014,0,0,33,2,1,8
MPV-GEN-T6-N30-R04,plain,0,item-015,0,0,41,2,1,2
MPV-GEN-T6-N30-R04,plain,0,item-025,2,0,28,1,8,5
MPV-GEN-T6-N30-R04,plain,0,item-020,0,50,1,6,3,2
MPV-GEN-T6-N30-R04,plain,0,item-023,0,55,0,2,7,1
MPV-GEN-T6-N30-R05,plain,0,item-010,0,0,0,9,9,10
MPV-GEN-T6-N30-R05,plain,0,item-004,0,0,10,8,6,10
MPV-GEN-T6-N30-R05,plain,0,item-026,0,9,0,9,8,6
MPV-GEN-T6-N30-R05,plain,0,item-027,0,9,6,5,8,10
MPV-GEN-T6-N30-R05,plain,0,item-002,0,17,0,10,7,5
MPV-GEN-T6-N30-R05,plain,0,item-006,0,0,20,7,3,10
MPV-GEN-T6-N30-R05,plain,0,item-018,5,9,6,4,8,10
MPV-GEN-T6-N30-R05,plain,0,item-007,0,17,5,10,6,2
MPV-GEN-T6-N30-R05,plain,0,item-015,0,24,0,7,9,7
MPV-GEN-T6-N30-R05,plain,0,item-011,0,33,0,7,7,3
MPV-GEN-T6-N30-R05,plain,0,item-013,0,40,0,4,10,8
MPV-GEN-T6-N30-R05,plain,0,item-020,0,50,0,4,10,4
MPV-GEN-T6-N30-R05,plain,0,item-001,0,50,4,3,9,3
MPV-GEN-T6-N30-R05,plain,0,item-017,0,50,7,3,7,3
MPV-GEN-T6-N30-R05,plain,0,item-005,0,60,0,2,10,9
MPV-GEN-T6-N30-R05,plain,0,item-022,0,0,30,4,2,7
MPV-GEN-T6-N30-R05,plain,0,item-025,0,3,20,8,1,7
MPV-GEN-T6-N30-R05,plain,0,item-028,0,17,7,5,6,2
MPV-GEN-T6-N30-R05,plain,0,item-029,0,70,0,10,10,1
MPV-GEN-T6-N30-R05,plain,0,item-000,0,70,1,2,9,3
MPV-GEN-T6-N30-R05,plain,0,item-003,0,70,4,2,8,6
MPV-GEN-T6-N30-R05,plain,0,item-016,0,0,37,3,2,5
MPV-GEN-T6-N30-R05,plain,0,item-009,0,0,42,3,1,6
MPV-GEN-T6-N30-R05,plain,0,item-019,0,4,20,7,2,1
MPV-GEN-T6-N30-R05,plain,0,item-021,0,17,9,3,6,3
MPV-GEN-T6-N30-R05,plain,0,item-008,0,17,12,3,4,1
MPV-GEN-T6-N30-R05,plain,0,item-012,0,80,0,10,3,1
MPV-GEN-T6-N30-R05,plain,0,item-014,3,17,9,2,6,1
MPV-GEN-T6-N30-R05,plain,0,item-023,0,83,0,2,8,8
MPV-GEN-T6-N30-R05,plain,0,item-024,8,0,10,1,8,1
MPV-GEN-T6-N30-R06,plain,0,item-007,0,0,0,4,10,8
MPV-GEN-T6-N30-R06,plain,0,item-016,0,0,8,4,8,9
MPV-GEN-T6-N30-R06,plain,0,item-025,0,0,17,4,5,10
MPV-GEN-T6-N30-R06,plain,0,item-028,0,0,27,3,3,9
MPV-GEN-T6-N30-R06,plain,0,item-000,0,0,36,3,1,5
MPV-GEN-T6-N30-R06,plain,0,item-023,0,10,0,5,10,6
MPV-GEN-T6-N30-R06,plain,0,item-005,0,20,0,9,4,8
MPV-GEN-T6-N30-R06,plain,0,item-018,0,10,6,5,9,5
MPV-GEN-T6-N30-R06,plain,0,item-001,0,24,0,6,5,7
MPV-GEN-T6-N30-R06,plain,0,item-011,0,0,41,1,1,9
MPV-GEN-T6-N30-R06,plain,0,item-027,3,0,27,1,5,7
MPV-GEN-T6-N30-R06,plain,0,item-002,0,5,17,2,3,1
MPV-GEN-T6-N30-R06,plain,0,item-006,0,24,7,5,4,9
MPV-GEN-T6-N30-R06,plain,0,item-008,0,29,0,5,10,3
MPV-GEN-T6-N30-R06,plain,0,item-009,0,29,3,5,4,10
MPV-GEN-T6-N30-R06,plain,0,item-012,0,39,0,10,4,5
MPV-GEN-T6-N30-R06,plain,0,item-013,0,43,0,5,8,5
MPV-GEN-T6-N30-R06,plain,0,item-029,0,51,0,4,8,6
MPV-GEN-T6-N30-R06,plain,0,item-010,0,59,0,6,5,6
MPV-GEN-T6-N30-R06,plain,0,item-026,0,64,0,8,9,2
MPV-GEN-T6-N30-R06,plain,0,item-019,0,64,2,7,2,8
MPV-GEN-T6-N30-R06,plain,0,item-020,0,33,3,3,6,5
MPV-GEN-T6-N30-R06,plain,0,item-014,0,39,5,3,10,3
MPV-GEN-T6-N30-R06,plain,0,item-022,0,33,8,2,10,7
MPV-GEN-T6-N30-R06,plain,0,item-021,2,33,8,1,9,9
MPV-GEN-T6-N30-R06,plain,0,item-003,2,42,8,1,7,10
MPV-GEN-T6-N30-R06,plain,0,item-024,0,49,5,5,2,4
MPV-GEN-T6-N30-R06,plain,0,item-017,0,51,6,4,9,1
MPV-GEN-T6-N30-R06,plain,0,item-004,0,66,2,8,1,3
MPV-GEN-T6-N30-R06,plain,0,item-015,0,51,7,1,8,1
MPV-GEN-T6-N30-R07,plain,0,item-008,0,0,0,10,9,6
MPV-GEN-T6-N30-R07,plain,0,item-013,0,0,6,7,7,9
MPV-GEN-T6-N30-R07,plain,0,item-006,0,0,15,6,4,7
MPV-GEN-T6-N30-R07,plain,0,item-015,0,0,22,6,4,6
MPV-GEN-T6-N30-R07,plain,0,item-017,0,0,28,2,4,10
MPV-GEN-T6-N30-R07,plain,0,item-000,2,0,28,3,2,8
MPV-GEN-T6-N30-R07,plain,0,item-002,0,4,15,7,2,8
MPV-GEN-T6-N30-R07,plain,0,item-005,7,0,6,3,9,8
MPV-GEN-T6-N30-R07,plain,0,item-027,0,9,0,8,9,5
MPV-GEN-T6-N30-R07,plain,0,item-011,0,9,5,8,6,6
MPV-GEN-T6-N30-R07,plain,0,item-018,7,0,14,3,9,9
MPV-GEN-T6-N30-R07,plain,0,item-001,0,4,23,10,2,2
MPV-GEN-T6-N30-R07,plain,0,item-016,0,9,11,6,5,4
MPV-GEN-T6-N30-R07,plain,0,item-014,0,9,15,3,5,8
MPV-GEN-T6-N30-R07,plain,0,item-003,0,15,5,7,3,5
MPV-GEN-T6-N30-R07,plain,0,item-009,0,18,0,10,6,3
MPV-GEN-T6-N30-R07,plain,0,item-004,0,18,3,7,5,3
MPV-GEN-T6-N30-R07,plain,0,item-007,0,24,0,9,3,7
MPV-GEN-T6-N30-R07,plain,0,item-010,0,0,38,2,4,1
MPV-GEN-T6-N30-R07,plain,0,item-012,6,9,11,1,6,10
MPV-GEN-T6-N30-R07,plain,0,item-019,0,27,0,8,3,2
MPV-GEN-T6-N30-R07,plain,0,item-020,0,0,39,1,3,7
MPV-GEN-T6-N30-R07,plain,0,item-021,0,3,39,2,1,6
MPV-GEN-T6-N30-R07,plain,0,item-024,0,30,0,2,7,6
MPV-GEN-T6-N30-R07,plain,0,item-028,0,37,0,2,7,7
MPV-GEN-T6-N30-R07,plain,0,item-022,0,44,0,1,7,10
MPV-GEN-T6-N30-R07,plain,0,item-023,0,4,25,5,1,3
MPV-GEN-T6-N30-R07,plain,0,item-026,0,51,0,6,7,1
MPV-GEN-T6-N30-R07,plain,0,item-025,0,58,0,1,8,2
MPV-GEN-T6-N30-R07,plain,0,item-029,7,9,11,1,5,2
MPV-GEN-T6-N30-R08,plain,0,item-020,0,0,0,10,9,8
MPV-GEN-T6-N30-R08,plain,0,item-002,0,0,8,9,8,4
MPV-GEN-T6-N30-R08,plain,0,item-022,0,0,12,9,5,10
MPV-GEN-T6-N30-R08,plain,0,item-013,0,0,22,8,5,6
MPV-GEN-T6-N30-R08,plain,0,item-019,0,0,28,6,5,9
MPV-GEN-T6-N30-R08,plain,0,item-023,0,0,37,6,3,9
MPV-GEN-T6-N30-R08,plain,0,item-025,0,9,0,7,10,5
MPV-GEN-T6-N30-R08,plain,0,item-004,0,9,5,5,8,6
MPV-GEN-T6-N30-R08,plain,0,item-021,0,19,0,10,4,10
MPV-GEN-T6-N30-R08,plain,0,item-014,0,23,0,4,9,10
MPV-GEN-T6-N30-R08,plain,0,item-015,0,32,0,10,3,10
MPV-GEN-T6-N30-R08,plain,0,item-026,0,35,0,5,8,7
MPV-GEN-T6-N30-R08,plain,0,item-000,0,35,7,4,4,10
MPV-GEN-T6-N30-R08,plain,0,item-018,0,43,0,4,10,4
MPV-GEN-T6-N30-R08,plain,0,item-001,0,43,4,3,8,6
MPV-GEN-T6-N30-R08,plain,0,item-003,0,0,46,6,2,9
MPV-GEN-T6-N30-R08,plain,0,item-008,6,0,28,2,5,8
MPV-GEN-T6-N30-R08,plain,0,item-010,0,5,12,9,2,5
MPV-GEN-T6-N30-R08,plain,0,item-016,0,5,17,9,1,8
MPV-GEN-T6-N30-R08,plain,0,item-005,0,8,8,10,1,7
MPV-GEN-T6-N30-R08,plain,0,item-006,0,9,11,4,5,6
MPV-GEN-T6-N30-R08,plain,0,item-009,5,9,5,2,9,7
MPV-GEN-T6-N30-R08,plain,0,item-029,0,14,11,5,3,7
MPV-GEN-T6-N30-R08,plain,0,item-011,0,53,0,4,10,2
MPV-GEN-T6-N30-R08,plain,0,item-007,0,53,2,3,7,3
MPV-GEN-T6-N30-R08,plain,0,item-024,0,5,25,8,1,7
MPV-GEN-T6-N30-R08,plain,0,item-012,5,9,12,1,7,4
MPV-GEN-T6-N30-R08,plain,0,item-028,0,63,0,10,4,4
MPV-GEN-T6-N30-R08,plain,0,item-017,0,67,0,3,6,8
MPV-GEN-T6-N30-R08,plain,0,item-027,0,73,0,6,4,2
MPV-GEN-T6-N30-R09,plain,0,item-007,0,0,0,10,10,10
MPV-GEN-T6-N30-R09,plain,0,item-028,0,0,10,9,10,10
MPV-GEN-T6-N30-R09,plain,0,item-016,0,0,20,9,8,3
MPV-GEN-T6-N30-R09,plain,0,item-020,0,0,23,8,6,8
MPV-GEN-T6-N30-R09,plain,0,item-019,0,0,31,7,6,5
MPV-GEN-T6-N30-R09,plain,0,item-001,0,0,36,7,5,3
MPV-GEN-T6-N30-R09,plain,0,item-004,0,0,39,6,2,8
MPV-GEN-T6-N30-R09,plain,0,item-010,0,0,47,3,1,10
MPV-GEN-T6-N30-R09,plain,0,item-011,6,0,39,1,5,9
MPV-GEN-T6-N30-R09,plain,0,item-029,0,10,0,10,10,3
MPV-GEN-T6-N30-R09,plain,0,item-013,0,10,3,10,4,2
MPV-GEN-T6-N30-R09,plain,0,item-023,0,10,5,8,4,8
MPV-GEN-T6-N30-R09,plain,0,item-005,0,14,3,4,6,7
MPV-GEN-T6-N30-R09,plain,0,item-022,0,10,13,8,4,3
MPV-GEN-T6-N30-R09,plain,0,item-024,0,14,10,3,6,9
MPV-GEN-T6-N30-R09,plain,0,item-026,4,14,3,3,6,4
MPV-GEN-T6-N30-R09,plain,0,item-006,4,14,7,3,5,4
MPV-GEN-T6-N30-R09,plain,0,item-021,7,0,31,1,6,7
MPV-GEN-T6-N30-R09,plain,0,item-014,7,14,3,2,6,3
MPV-GEN-T6-N30-R09,plain,0,item-018,0,20,0,4,8,8
MPV-GEN-T6-N30-R09,plain,0,item-000,0,20,8,4,7,1
MPV-GEN-T6-N30-R09,plain,0,item-002,0,20,9,4,7,1
MPV-GEN-T6-N30-R09,plain,0,item-027,0,28,0,3,10,8
MPV-GEN-T6-N30-R09,plain,0,item-017,0,27,8,3,9,5
MPV-GEN-T6-N30-R09,plain,0,item-003,0,38,0,2,10,4
MPV-GEN-T6-N30-R09,plain,0,item-015,0,1,47,5,1,5
MPV-GEN-T6-N30-R09,plain,0,item-008,0,2,39,5,2,1
MPV-GEN-T6-N30-R09,plain,0,item-009,0,1,52,5,1,2
MPV-GEN-T6-N30-R09,plain,0,item-012,0,38,4,2,9,9
MPV-GEN-T6-N30-R09,plain,0,item-025,0,20,10,2,5,7
MPV-GEN-T6-N30-R10,plain,0,item-005,0,0,0,9,10,8
MPV-GEN-T6-N30-R10,plain,0,item-008,0,0,8,9,10,3
MPV-GEN-T6-N30-R10,plain,0,item-015,0,0,11,9,8,9
MPV-GEN-T6-N30-R10,plain,0,item-019,0,0,20,7,8,10
MPV-GEN-T6-N30-R10,plain,0,item-000,0,0,30,5,7,3
MPV-GEN-T6-N30-R10,plain,0,item-004,0,0,33,4,7,9
MPV-GEN-T6-N30-R10,plain,0,item-010,0,10,0,10,9,4
MPV-GEN-T6-N30-R10,plain,0,item-011,0,10,4,7,9,5
MPV-GEN-T6-N30-R10,plain,0,item-028,0,10,9,7,5,9
MPV-GEN-T6-N30-R10,plain,0,item-021,0,19,0,9,9,3
MPV-GEN-T6-N30-R10,plain,0,item-025,0,19,3,8,7,10
MPV-GEN-T6-N30-R10,plain,0,item-023,0,28,0,9,6,4
MPV-GEN-T6-N30-R10,plain,0,item-024,0,34,0,9,10,2
MPV-GEN-T6-N30-R10,plain,0,item-027,0,34,2,9,5,5
MPV-GEN-T6-N30-R10,plain,0,item-002,0,39,2,6,5,5
MPV-GEN-T6-N30-R10,plain,0,item-003,7,10,4,1,9,10
MPV-GEN-T6-N30-R10,plain,0,item-009,0,44,0,9,4,4
MPV-GEN-T6-N30-R10,plain,0,item-029,0,48,0,4,8,8
MPV-GEN-T6-N30-R10,plain,0,item-014,0,56,0,3,10,7
MPV-GEN-T6-N30-R10,plain,0,item-018,0,66,0,5,9,3
MPV-GEN-T6-N30-R10,plain,0,item-001,0,75,0,10,1,7
MPV-GEN-T6-N30-R10,plain,0,item-007,0,0,42,4,2,6
MPV-GEN-T6-N30-R10,plain,0,item-006,4,0,33,1,6,5
MPV-GEN-T6-N30-R10,plain,0,item-012,0,0,48,2,2,1
MPV-GEN-T6-N30-R10,plain,0,item-016,0,0,49,2,2,7
MPV-GEN-T6-N30-R10,plain,0,item-013,0,0,56,1,2,7
MPV-GEN-T6-N30-R10,plain,0,item-017,2,0,48,2,1,3
MPV-GEN-T6-N30-R10,plain,0,item-026,5,0,30,2,7,2
MPV-GEN-T6-N30-R10,plain,0,item-020,0,19,13,7,2,1
MPV-GEN-T6-N30-R10,plain,0,item-022,0,21,13,6,2,3
MPV-GEN-T6-N60-R01,plain,0,item-020,0,0,0,9,9,9
MPV-GEN-T6-N60-R01,plain,0,item-000,0,0,9,9,8,6
MPV-GEN-T6-N60-R01,plain,0,item-002,0,0,15,9,8,8
MPV-GEN-T6-N60-R01,plain,0,item-045,0,0,23,9,8,8
MPV-GEN-T6-N60-R01,plain,0,item-056,0,0,31,7,7,7
MPV-GEN-T6-N60-R01,plain,0,item-012,0,0,38,7,6,4
MPV-GEN-T6-N60-R01,plain,0,item-024,0,0,42,6,5,6
MPV-GEN-T6-N60-R01,plain,0,item-037,0,0,48,6,5,8
MPV-GEN-T6-N60-R01,plain,0,item-008,0,0,56,6,3,8
MPV-GEN-T6-N60-R01,plain,0,item-001,7,0,31,2,6,10
MPV-GEN-T6-N60-R01,plain,0,item-019,0,0,64,4,3,10
MPV-GEN-T6-N60-R01,plain,0,item-003,0,0,74,3,3,3
MPV-GEN-T6-N60-R01,plain,0,item-021,0,0,77,2,3,4
MPV-GEN-T6-N60-R01,plain,0,item-004,0,0,81,1,3,3
MPV-GEN-T6-N60-R01,plain,0,item-016,0,9,0,8,9,8
MPV-GEN-T6-N60-R01,plain,0,item-010,0,9,8,6,8,7
MPV-GEN-T6-N60-R01,plain,0,item-044,0,18,0,10,9,6
MPV-GEN-T6-N60-R01,plain,0,item-051,0,18,6,10,7,7
MPV-GEN-T6-N60-R01,plain,0,item-018,0,27,0,9,5,9
MPV-GEN-T6-N60-R01,plain,0,item-011,0,32,0,10,4,10
MPV-GEN-T6-N60-R01,plain,0,item-028,0,36,0,8,5,9
MPV-GEN-T6-N60-R01,plain,0,item-006,0,41,0,4,8,9
MPV-GEN-T6-N60-R01,plain,0,item-022,0,36,9,3,9,10
MPV-GEN-T6-N60-R01,plain,0,item-039,0,45,9,4,4,7
MPV-GEN-T6-N60-R01,plain,0,item-009,0,25,6,10,2,5
MPV-GEN-T6-N60-R01,plain,0,item-015,0,25,11,10,2,6
MPV-GEN-T6-N60-R01,plain,0,item-041,7,0,41,2,5,7
MPV-GEN-T6-N60-R01,plain,0,item-047,0,27,9,7,5,3
MPV-GEN-T6-N60-R01,plain,0,item-025,0,27,12,7,2,10
MPV-GEN-T6-N60-R01,plain,0,item-005,0,32,10,9,3,2
MPV-GEN-T6-N60-R01,plain,0,item-014,0,7,31,9,1,4
MPV-GEN-T6-N60-R01,plain,0,item-034,0,3,56,4,2,3
MPV-GEN-T6-N60-R01,plain,0,item-055,0,3,59,3,1,10
MPV-GEN-T6-N60-R01,plain,0,item-054,0,45,16,3,4,2
MPV-GEN-T6-N60-R01,plain,0,item-017,0,45,18,2,4,2
MPV-GEN-T6-N60-R01,plain,0,item-052,0,29,12,6,6,2
MPV-GEN-T6-N60-R01,plain,0,item-058,0,4,59,4,1,4
MPV-GEN-T6-N60-R01,plain,0,item-059,0,29,14,6,3,2
MPV-GEN-T6-N60-R01,plain,0,item-007,3,36,9,3,5,1
MPV-GEN-T6-N60-R01,plain,0,item-035,0,49,0,3,10,9
MPV-GEN-T6-N60-R01,plain,0,item-032,0,49,9,3,8,8
MPV-GEN-T6-N60-R01,plain,0,item-033,0,49,17,3,8,9
MPV-GEN-T6-N60-R01,plain,0,item-036,0,59,0,10,6,3
MPV-GEN-T6-N60-R01,plain,0,item-038,0,65,0,4,10,6
MPV-GEN-T6-N60-R01,plain,0,item-042,0,75,0,4,7,9
MPV-GEN-T6-N60-R01,plain,0,item-048,0,59,3,10,5,3
MPV-GEN-T6-N60-R01,plain,0,item-013,0,82,0,3,7,7
MPV-GEN-T6-N60-R01,plain,0,item-023,6,9,8,1,7,9
MPV-GEN-T6-N60-R01,plain,0,item-049,0,0,84,1,3,2
MPV-GEN-T6-N60-R01,plain,0,item-026,0,3,69,2,1,1
MPV-GEN-T6-N60-R01,plain,0,item-057,0,89,0,10,7,2
MPV-GEN-T6-N60-R01,plain,0,item-029,0,89,2,9,7,2
MPV-GEN-T6-N60-R01,plain,0,item-040,3,35,10,2,4,6
MPV-GEN-T6-N60-R01,plain,0,item-027,0,89,4,4,7,1
MPV-GEN-T6-N60-R01,plain,0,item-030,3,49,0,4,9,1
MPV-GEN-T6-N60-R01,plain,0,item-031,0,3,70,2,1,6
MPV-GEN-T6-N60-R01,plain,0,item-043,4,65,0,2,10,7
MPV-GEN-T6-N60-R01,plain,0,item-046,0,0,86,1,1,1
MPV-GEN-T6-N60-R01,plain,0,item-050,4,0,64,2,2,2
MPV-GEN-T6-N60-R01,plain,0,item-053,0,29,16,3,3,1
MPV-GEN-T6-N60-R02,plain,0,item-000,0,0,0,10,10,6
MPV-GEN-T6-N60-R02,plain,0,item-008,0,0,6,10,9,10
MPV-GEN-T6-N60-R02,plain,0,item-024,0,0,16,10,9,9
MPV-GEN-T6-N60-R02,plain,0,item-004,0,0,25,9,8,4
MPV-GEN-T6-N60-R02,plain,0,item-033,0,0,29,8,7,7
MPV-GEN-T6-N60-R02,plain,0,item-005,0,0,36,6,7,3
MPV-GEN-T6-N60-R02,plain,0,item-045,0,0,39,4,6,7
MPV-GEN-T6-N60-R02,plain,0,item-036,0,10,0,9,10,8
MPV-GEN-T6-N60-R02,plain,0,item-049,0,20,0,10,10,5
MPV-GEN-T6-N60-R02,plain,0,item-007,0,20,5,7,9,7
MPV-GEN-T6-N60-R02,plain,0,item-017,0,0,46,3,6,10
MPV-GEN-T6-N60-R02,plain,0,item-046,7,20,5,2,10,10
MPV-GEN-T6-N60-R02,plain,0,item-012,0,30,0,7,9,8
MPV-GEN-T6-N60-R02,plain,0,item-011,0,30,8,4,8,6
MPV-GEN-T6-N60-R02,plain,0,item-006,4,30,8,2,9,8
MPV-GEN-T6-N60-R02,plain,0,item-038,0,0,56,3,6,8
MPV-GEN-T6-N60-R02,plain,0,item-029,0,0,64,3,5,7
MPV-GEN-T6-N60-R02,plain,0,item-009,0,0,71,2,5,7
MPV-GEN-T6-N60-R02,plain,0,item-021,0,39,0,10,6,10
MPV-GEN-T6-N60-R02,plain,0,item-014,0,39,10,10,5,6
MPV-GEN-T6-N60-R02,plain,0,item-053,0,45,0,10,10,3
MPV-GEN-T6-N60-R02,plain,0,item-018,0,45,3,10,6,4
MPV-GEN-T6-N60-R02,plain,0,item-016,0,45,7,9,5,2
MPV-GEN-T6-N60-R02,plain,0,item-020,0,45,9,8,5,10
MPV-GEN-T6-N60-R02,plain,0,item-019,0,0,78,2,5,7
MPV-GEN-T6-N60-R02,plain,0,item-027,0,51,3,10,4,8
MPV-GEN-T6-N60-R02,plain,0,item-035,0,55,0,5,10,7
MPV-GEN-T6-N60-R02,plain,0,item-057,0,55,7,3,10,6
MPV-GEN-T6-N60-R02,plain,0,item-023,3,55,7,2,9,7
MPV-GEN-T6-N60-R02,plain,0,item-056,0,65,0,8,5,6
MPV-GEN-T6-N60-R02,plain,0,item-050,0,65,6,7,4,5
MPV-GEN-T6-N60-R02,plain,0,item-028,0,65,11,6,2,8
MPV-GEN-T6-N60-R02,plain,0,item-034,4,0,39,2,7,5
MPV-GEN-T6-N60-R02,plain,0,item-001,0,67,11,5,2,6
MPV-GEN-T6-N60-R02,plain,0,item-058,0,70,0,10,9,2
MPV-GEN-T6-N60-R02,plain,0,item-013,0,70,2,4,5,4
MPV-GEN-T6-N60-R02,plain,0,item-032,0,0,85,1,5,10
MPV-GEN-T6-N60-R02,plain,0,item-002,0,69,6,3,4,4
MPV-GEN-T6-N60-R02,plain,0,item-030,0,5,64,3,1,10
MPV-GEN-T6-N60-R02,plain,0,item-054,4,0,44,2,4,5
MPV-GEN-T6-N60-R02,plain,0,item-003,4,4,44,2,2,7
MPV-GEN-T6-N60-R02,plain,0,item-015,0,6,39,4,1,10
MPV-GEN-T6-N60-R02,plain,0,item-025,0,69,10,3,4,3
MPV-GEN-T6-N60-R02,plain,0,item-044,4,70,2,5,5,3
MPV-GEN-T6-N60-R02,plain,0,item-043,4,70,5,5,4,1
MPV-GEN-T6-N60-R02,plain,0,item-051,3,69,6,4,3,5
MPV-GEN-T6-N60-R02,plain,0,item-055,0,75,2,8,4,2
MPV-GEN-T6-N60-R02,plain,0,item-048,0,79,0,8,5,1
MPV-GEN-T6-N60-R02,plain,0,item-052,0,84,0,9,4,1
MPV-GEN-T6-N60-R02,plain,0,item-059,0,79,1,4,7,1
MPV-GEN-T6-N60-R02,plain,0,item-010,0,79,2,3,6,1
MPV-GEN-T6-N60-R02,plain,0,item-022,6,0,36,1,7,2
MPV-GEN-T6-N60-R02,plain,0,item-026,1,0,85,1,2,7
MPV-GEN-T6-N60-R02,plain,0,item-031,0,0,95,1,4,3
MPV-GEN-T6-N60-R02,plain,0,item-042,1,0,92,1,2,4
MPV-GEN-T6-N60-R02,plain,0,item-047,1,2,85,1,2,7
MPV-GEN-T6-N60-R02,plain,0,item-037,0,5,74,2,1,3
MPV-GEN-T6-N60-R02,plain,0,item-039,0,75,4,8,2,1
MPV-GEN-T6-N60-R02,plain,0,item-040,1,0,96,1,2,3
MPV-GEN-T6-N60-R02,plain,0,item-041,4,79,1,2,8,6
MPV-GEN-T6-N60-R03,plain,0,item-015,0,0,0,9,9,5
MPV-GEN-T6-N60-R03,plain,0,item-036,0,0,5,9,7,10
MPV-GEN-T6-N60-R03,plain,0,item-043,0,0,15,7,7,8
MPV-GEN-T6-N60-R03,plain,0,item-026,0,9,0,9,10,4
MPV-GEN-T6-N60-R03,plain,0,item-003,0,9,4,8,10,4
MPV-GEN-T6-N60-R03,plain,0,item-004,0,19,0,8,10,6
MPV-GEN-T6-N60-R03,plain,0,item-037,0,19,6,7,10,9
MPV-GEN-T6-N60-R03,plain,0,item-027,0,29,0,7,8,6
MPV-GEN-T6-N60-R03,plain,0,item-042,0,29,6,7,8,8
MPV-GEN-T6-N60-R03,plain,0,item-018,0,37,0,10,4,8
MPV-GEN-T6-N60-R03,plain,0,item-044,0,37,8,9,4,9
MPV-GEN-T6-N60-R03,plain,0,item-035,0,41,0,8,9,4
MPV-GEN-T6-N60-R03,plain,0,item-048,0,0,23,7,4,10
MPV-GEN-T6-N60-R03,plain,0,item-049,0,41,4,8,8,5
MPV-GEN-T6-N60-R03,plain,0,item-000,0,50,0,10,3,9
MPV-GEN-T6-N60-R03,plain,0,item-024,0,0,33,7,4,9
MPV-GEN-T6-N60-R03,plain,0,item-013,0,0,42,6,4,10
MPV-GEN-T6-N60-R03,plain,0,item-056,0,0,52,6,4,6
MPV-GEN-T6-N60-R03,plain,0,item-059,0,0,58,3,4,9
MPV-GEN-T6-N60-R03,plain,0,item-009,0,29,14,7,7,2
MPV-GEN-T6-N60-R03,plain,0,item-025,0,41,9,8,7,3
MPV-GEN-T6-N60-R03,plain,0,item-045,0,41,12,8,5,5
MPV-GEN-T6-N60-R03,plain,0,item-001,0,53,0,9,9,1
MPV-GEN-T6-N60-R03,plain,0,item-030,0,0,67,1,4,8
MPV-GEN-T6-N60-R03,plain,0,item-002,0,4,23,6,3,1
MPV-GEN-T6-N60-R03,plain,0,item-006,7,19,6,1,9,6
MPV-GEN-T6-N60-R03,plain,0,item-010,0,53,1,9,5,6
MPV-GEN-T6-N60-R03,plain,0,item-031,0,53,7,9,4,7
MPV-GEN-T6-N60-R03,plain,0,item-012,0,62,0,8,9,3
MPV-GEN-T6-N60-R03,plain,0,item-017,8,9,4,1,9,9
MPV-GEN-T6-N60-R03,plain,0,item-020,0,4,24,6,2,2
MPV-GEN-T6-N60-R03,plain,0,item-034,0,58,1,9,3,8
MPV-GEN-T6-N60-R03,plain,0,item-022,0,71,0,10,6,3
MPV-GEN-T6-N60-R03,plain,0,item-028,0,77,0,5,8,4
MPV-GEN-T6-N60-R03,plain,0,item-032,0,85,0,10,3,5
MPV-GEN-T6-N60-R03,plain,0,item-047,0,88,0,6,6,4
MPV-GEN-T6-N60-R03,plain,0,item-052,0,57,7,9,1,9
MPV-GEN-T6-N60-R03,plain,0,item-053,0,88,4,6,6,4
MPV-GEN-T6-N60-R03,plain,0,item-033,0,58,9,4,3,4
MPV-GEN-T6-N60-R03,plain,0,item-054,0,94,0,10,3,5
MPV-GEN-T6-N60-R03,plain,0,item-005,0,94,5,10,2,1
MPV-GEN-T6-N60-R03,plain,0,item-007,1,0,67,2,2,4
MPV-GEN-T6-N60-R03,plain,0,item-055,5,77,0,10,4,3
MPV-GEN-T6-N60-R03,plain,0,item-023,8,19,0,2,10,4
MPV-GEN-T6-N60-R03,plain,0,item-050,8,18,4,1,9,7
MPV-GEN-T6-N60-R03,plain,0,item-008,6,88,0,3,6,3
MPV-GEN-T6-N60-R03,plain,0,item-011,0,0,75,1,3,3
MPV-GEN-T6-N60-R03,plain,0,item-039,8,18,11,1,9,6
MPV-GEN-T6-N60-R03,plain,0,item-014,0,94,6,10,2,1
MPV-GEN-T6-N60-R03,plain,0,item-016,0,0,78,1,2,7
MPV-GEN-T6-N60-R03,plain,0,item-019,6,88,3,3,6,3
MPV-GEN-T6-N60-R03,plain,0,item-058,9,0,0,5,10,1
MPV-GEN-T6-N60-R03,plain,0,item-041,9,0,1,3,8,2
MPV-GEN-T6-N60-R03,plain,0,item-046,9,0,3,2,8,8
MPV-GEN-T6-N60-R03,plain,0,item-021,9,0,11,1,8,5
MPV-GEN-T6-N60-R03,plain,0,item-029,0,46,12,8,2,1
MPV-GEN-T6-N60-R03,plain,0,item-057,0,4,26,5,2,1
MPV-GEN-T6-N60-R03,plain,0,item-038,9,0,16,1,5,1
MPV-GEN-T6-N60-R03,plain,0,item-040,0,94,7,9,1,1
MPV-GEN-T6-N60-R03,plain,0,item-051,12,0,1,1,10,4
MPV-GEN-T6-N60-R04,plain,0,item-006,0,0,0,9,10,7
MPV-GEN-T6-N60-R04,plain,0,item-009,0,0,7,9,10,6
MPV-GEN-T6-N60-R04,plain,0,item-032,0,0,13,8,10,9
MPV-GEN-T6-N60-R04,plain,0,item-003,0,0,22,7,9,8
MPV-GEN-T6-N60-R04,plain,0,item-034,0,0,30,7,8,8
MPV-GEN-T6-N60-R04,plain,0,item-011,0,0,38,7,7,9
MPV-GEN-T6-N60-R04,plain,0,item-031,0,0,47,6,7,4
MPV-GEN-T6-N60-R04,plain,0,item-007,0,0,51,6,6,2
MPV-GEN-T6-N60-R04,plain,0,item-005,0,0,53,5,6,2
MPV-GEN-T6-N60-R04,plain,0,item-008,0,0,55,5,4,5
MPV-GEN-T6-N60-R04,plain,0,item-040,0,10,0,10,9,8
MPV-GEN-T6-N60-R04,plain,0,item-058,0,10,8,9,8,9
MPV-GEN-T6-N60-R04,plain,0,item-004,0,10,17,8,5,9
MPV-GEN-T6-N60-R04,plain,0,item-048,0,0,60,5,4,8
MPV-GEN-T6-N60-R04,plain,0,item-056,0,0,68,5,2,7
MPV-GEN-T6-N60-R04,plain,0,item-023,0,0,75,3,2,10
MPV-GEN-T6-N60-R04,plain,0,item-046,6,0,47,1,7,7
MPV-GEN-T6-N60-R04,plain,0,item-036,0,9,22,8,1,5
MPV-GEN-T6-N60-R04,plain,0,item-010,0,10,26,6,3,10
MPV-GEN-T6-N60-R04,plain,0,item-012,0,13,26,8,2,5
MPV-GEN-T6-N60-R04,plain,0,item-017,6,10,26,2,3,7
MPV-GEN-T6-N60-R04,plain,0,item-000,0,15,17,9,3,1
MPV-GEN-T6-N60-R04,plain,0,item-013,0,19,0,7,10,5
MPV-GEN-T6-N60-R04,plain,0,item-049,0,19,5,5,7,6
MPV-GEN-T6-N60-R04,plain,0,item-050,0,15,18,6,3,10
MPV-GEN-T6-N60-R04,plain,0,item-029,5,19,5,2,10,8
MPV-GEN-T6-N60-R04,plain,0,item-052,0,29,0,10,7,8
MPV-GEN-T6-N60-R04,plain,0,item-057,0,29,8,10,5,7
MPV-GEN-T6-N60-R04,plain,0,item-030,0,36,0,10,4,7
MPV-GEN-T6-N60-R04,plain,0,item-055,0,40,0,5,7,5
MPV-GEN-T6-N60-R04,plain,0,item-015,0,40,5,3,6,9
MPV-GEN-T6-N60-R04,plain,0,item-022,0,36,7,8,4,5
MPV-GEN-T6-N60-R04,plain,0,item-053,0,15,28,3,3,6
MPV-GEN-T6-N60-R04,plain,0,item-001,3,40,5,2,5,5
MPV-GEN-T6-N60-R04,plain,0,item-002,0,18,8,10,1,5
MPV-GEN-T6-N60-R04,plain,0,item-025,0,2,68,4,1,6
MPV-GEN-T6-N60-R04,plain,0,item-044,0,0,85,2,2,6
MPV-GEN-T6-N60-R04,plain,0,item-014,5,0,53,1,6,3
MPV-GEN-T6-N60-R04,plain,0,item-019,0,19,11,3,6,8
MPV-GEN-T6-N60-R04,plain,0,item-035,0,47,0,8,9,2
MPV-GEN-T6-N60-R04,plain,0,item-020,0,47,2,5,8,3
MPV-GEN-T6-N60-R04,plain,0,item-039,0,46,5,5,7,2
MPV-GEN-T6-N60-R04,plain,0,item-042,0,46,7,4,5,3
MPV-GEN-T6-N60-R04,plain,0,item-045,3,15,28,3,3,4
MPV-GEN-T6-N60-R04,plain,0,item-047,6,15,18,2,3,8
MPV-GEN-T6-N60-R04,plain,0,item-051,0,56,0,7,8,2
MPV-GEN-T6-N60-R04,plain,0,item-016,0,55,2,4,8,1
MPV-GEN-T6-N60-R04,plain,0,item-018,5,0,56,1,5,3
MPV-GEN-T6-N60-R04,plain,0,item-033,0,0,91,1,2,2
MPV-GEN-T6-N60-R04,plain,0,item-021,0,0,93,1,1,1
MPV-GEN-T6-N60-R04,plain,0,item-024,7,0,22,1,8,2
MPV-GEN-T6-N60-R04,plain,0,item-026,0,13,31,8,1,2
MPV-GEN-T6-N60-R04,plain,0,item-027,0,46,10,3,3,3
MPV-GEN-T6-N60-R04,plain,0,item-043,0,13,33,8,1,2
MPV-GEN-T6-N60-R04,plain,0,item-028,0,46,13,3,3,1
MPV-GEN-T6-N60-R04,plain,0,item-037,0,55,3,3,8,6
MPV-GEN-T6-N60-R04,plain,0,item-059,4,55,2,3,8,10
MPV-GEN-T6-N60-R04,plain,0,item-054,0,64,0,9,3,6
MPV-GEN-T6-N60-R04,plain,0,item-038,0,67,0,8,3,5
MPV-GEN-T6-N60-R04,plain,0,item-041,0,2,74,3,1,1
MPV-GEN-T6-N60-R05,plain,0,item-027,0,0,0,10,9,9
MPV-GEN-T6-N60-R05,plain,0,item-042,0,0,9,10,9,7
MPV-GEN-T6-N60-R05,plain,0,item-036,0,0,16,8,8,9
MPV-GEN-T6-N60-R05,plain,0,item-004,0,9,0,7,9,9
MPV-GEN-T6-N60-R05,plain,0,item-037,0,0,25,8,7,10
MPV-GEN-T6-N60-R05,plain,0,item-026,0,9,9,6,9,9
MPV-GEN-T6-N60-R05,plain,0,item-055,0,18,0,9,9,6
MPV-GEN-T6-N60-R05,plain,0,item-030,0,0,35,8,7,7
MPV-GEN-T6-N60-R05,plain,0,item-031,0,0,42,4,7,10
MPV-GEN-T6-N60-R05,plain,0,item-040,0,18,6,8,8,4
MPV-GEN-T6-N60-R05,plain,0,item-006,0,27,0,8,10,5
MPV-GEN-T6-N60-R05,plain,0,item-032,0,18,10,7,8,4
MPV-GEN-T6-N60-R05,plain,0,item-033,0,18,14,5,8,9
MPV-GEN-T6-N60-R05,plain,0,item-058,0,27,5,4,9,8
MPV-GEN-T6-N60-R05,plain,0,item-053,0,37,0,9,7,9
MPV-GEN-T6-N60-R05,plain,0,item-043,0,44,0,10,6,7
MPV-GEN-T6-N60-R05,plain,0,item-050,0,44,7,10,6,10
MPV-GEN-T6-N60-R05,plain,0,item-000,0,50,0,9,6,4
MPV-GEN-T6-N60-R05,plain,0,item-051,0,0,52,4,5,9
MPV-GEN-T6-N60-R05,plain,0,item-028,8,0,16,2,9,9
MPV-GEN-T6-N60-R05,plain,0,item-048,0,0,61,4,5,7
MPV-GEN-T6-N60-R05,plain,0,item-023,0,9,18,5,3,9
MPV-GEN-T6-N60-R05,plain,0,item-001,0,12,18,6,2,10
MPV-GEN-T6-N60-R05,plain,0,item-041,0,0,68,4,3,7
MPV-GEN-T6-N60-R05,plain,0,item-007,8,0,25,1,9,9
MPV-GEN-T6-N60-R05,plain,0,item-009,0,0,75,4,2,9
MPV-GEN-T6-N60-R05,plain,0,item-020,4,0,42,3,5,5
MPV-GEN-T6-N60-R05,plain,0,item-016,0,9,27,4,3,6
MPV-GEN-T6-N60-R05,plain,0,item-038,0,12,28,6,2,8
MPV-GEN-T6-N60-R05,plain,0,item-049,4,0,47,3,3,8
MPV-GEN-T6-N60-R05,plain,0,item-014,0,26,6,9,1,6
MPV-GEN-T6-N60-R05,plain,0,item-002,4,27,5,3,8,2
MPV-GEN-T6-N60-R05,plain,0,item-054,0,50,4,9,4,8
MPV-GEN-T6-N60-R05,plain,0,item-039,0,50,12,8,4,7
MPV-GEN-T6-N60-R05,plain,0,item-012,0,54,4,9,2,10
MPV-GEN-T6-N60-R05,plain,0,item-045,0,56,0,7,10,2
MPV-GEN-T6-N60-R05,plain,0,item-047,0,56,2,7,9,3
MPV-GEN-T6-N60-R05,plain,0,item-003,0,56,5,5,7,3
MPV-GEN-T6-N60-R05,plain,0,item-011,0,0,84,4,2,6
MPV-GEN-T6-N60-R05,plain,0,item-056,4,0,55,3,3,5
MPV-GEN-T6-N60-R05,plain,0,item-059,4,0,60,2,3,8
MPV-GEN-T6-N60-R05,plain,0,item-018,7,0,42,1,5,7
MPV-GEN-T6-N60-R05,plain,0,item-025,7,0,49,1,4,8
MPV-GEN-T6-N60-R05,plain,0,item-005,8,0,34,1,9,2
MPV-GEN-T6-N60-R05,plain,0,item-021,0,66,0,10,3,8
MPV-GEN-T6-N60-R05,plain,0,item-010,0,69,0,2,10,7
MPV-GEN-T6-N60-R05,plain,0,item-013,0,79,0,9,9,1
MPV-GEN-T6-N60-R05,plain,0,item-015,0,79,1,8,4,4
MPV-GEN-T6-N60-R05,plain,0,item-024,0,79,5,8,3,4
MPV-GEN-T6-N60-R05,plain,0,item-029,0,88,0,7,7,2
MPV-GEN-T6-N60-R05,plain,0,item-008,0,95,0,10,1,8
MPV-GEN-T6-N60-R05,plain,0,item-017,5,18,14,2,6,4
MPV-GEN-T6-N60-R05,plain,0,item-019,0,69,7,2,9,4
MPV-GEN-T6-N60-R05,plain,0,item-022,0,7,25,7,1,6
MPV-GEN-T6-N60-R05,plain,0,item-046,8,0,36,1,5,5
MPV-GEN-T6-N60-R05,plain,0,item-034,0,14,18,6,4,1
MPV-GEN-T6-N60-R05,plain,0,item-044,0,7,31,6,1,2
MPV-GEN-T6-N60-R05,plain,0,item-052,0,14,19,2,4,6
MPV-GEN-T6-N60-R05,plain,0,item-057,0,18,23,2,7,2
MPV-GEN-T6-N60-R05,plain,0,item-035,0,14,25,1,10,1
MPV-GEN-T6-N60-R06,plain,0,item-030,0,0,0,9,9,6
MPV-GEN-T6-N60-R06,plain,0,item-001,0,0,6,9,8,6
MPV-GEN-T6-N60-R06,plain,0,item-002,0,0,12,7,6,8
MPV-GEN-T6-N60-R06,plain,0,item-000,0,9,0,10,8,4
MPV-GEN-T6-N60-R06,plain,0,item-032,0,0,20,7,5,8
MPV-GEN-T6-N60-R06,plain,0,item-023,0,0,28,6,5,5
MPV-GEN-T6-N60-R06,plain,0,item-027,0,0,33,6,4,6
MPV-GEN-T6-N60-R06,plain,0,item-053,0,0,39,6,4,9
MPV-GEN-T6-N60-R06,plain,0,item-047,0,0,48,3,4,9
MPV-GEN-T6-N60-R06,plain,0,item-024,7,0,12,2,7,7
MPV-GEN-T6-N60-R06,plain,0,item-033,7,0,19,2,7,7
MPV-GEN-T6-N60-R06,plain,0,item-003,7,0,26,2,6,7
MPV-GEN-T6-N60-R06,plain,0,item-013,0,9,4,10,7,8
MPV-GEN-T6-N60-R06,plain,0,item-016,0,17,0,7,9,10
MPV-GEN-T6-N60-R06,plain,0,item-059,0,26,0,10,7,9
MPV-GEN-T6-N60-R06,plain,0,item-014,0,26,9,10,5,10
MPV-GEN-T6-N60-R06,plain,0,item-021,0,33,0,10,8,2
MPV-GEN-T6-N60-R06,plain,0,item-058,0,33,2,10,7,6
MPV-GEN-T6-N60-R06,plain,0,item-028,0,33,8,10,6,6
MPV-GEN-T6-N60-R06,plain,0,item-038,0,41,0,5,10,10
MPV-GEN-T6-N60-R06,plain,0,item-057,0,51,0,5,10,6
MPV-GEN-T6-N60-R06,plain,0,item-022,0,51,6,5,9,6
MPV-GEN-T6-N60-R06,plain,0,item-026,0,61,0,5,10,5
MPV-GEN-T6-N60-R06,plain,0,item-008,0,61,5,2,9,10
MPV-GEN-T6-N60-R06,plain,0,item-019,2,61,5,2,9,9
MPV-GEN-T6-N60-R06,plain,0,item-050,0,71,0,5,10,3
MPV-GEN-T6-N60-R06,plain,0,item-052,0,71,3,3,10,5
MPV-GEN-T6-N60-R06,plain,0,item-009,0,81,0,6,7,3
MPV-GEN-T6-N60-R06,plain,0,item-037,0,81,3,4,5,7
MPV-GEN-T6-N60-R06,plain,0,item-011,0,88,0,10,6,2
MPV-GEN-T6-N60-R06,plain,0,item-044,4,61,5,1,9,9
MPV-GEN-T6-N60-R06,plain,0,item-035,3,71,3,1,8,9
MPV-GEN-T6-N60-R06,plain,0,item-042,0,88,2,7,6,2
MPV-GEN-T6-N60-R06,plain,0,item-051,0,31,9,10,1,7
MPV-GEN-T6-N60-R06,plain,0,item-054,0,94,0,8,4,9
MPV-GEN-T6-N60-R06,plain,0,item-004,5,41,0,7,4,2
MPV-GEN-T6-N60-R06,plain,0,item-015,0,0,57,2,3,8
MPV-GEN-T6-N60-R06,plain,0,item-049,0,0,65,2,2,9
MPV-GEN-T6-N60-R06,plain,0,item-046,3,0,48,2,4,4
MPV-GEN-T6-N60-R06,plain,0,item-055,0,0,74,2,2,8
MPV-GEN-T6-N60-R06,plain,0,item-006,0,4,33,6,1,4
MPV-GEN-T6-N60-R06,plain,0,item-007,0,4,37,5,1,5
MPV-GEN-T6-N60-R06,plain,0,item-029,5,40,2,3,5,9
MPV-GEN-T6-N60-R06,plain,0,item-041,0,45,10,4,4,4
MPV-GEN-T6-N60-R06,plain,0,item-010,5,45,0,7,8,1
MPV-GEN-T6-N60-R06,plain,0,item-056,0,4,42,4,1,6
MPV-GEN-T6-N60-R06,plain,0,item-012,6,0,28,1,5,4
MPV-GEN-T6-N60-R06,plain,0,item-036,5,45,1,7,4,4
MPV-GEN-T6-N60-R06,plain,0,item-040,5,45,5,7,4,1
MPV-GEN-T6-N60-R06,plain,0,item-005,5,45,6,6,3,1
MPV-GEN-T6-N60-R06,plain,0,item-048,5,45,7,4,3,5
MPV-GEN-T6-N60-R06,plain,0,item-017,5,53,0,3,8,2
MPV-GEN-T6-N60-R06,plain,0,item-031,5,61,0,3,8,5
MPV-GEN-T6-N60-R06,plain,0,item-018,5,69,0,2,6,4
MPV-GEN-T6-N60-R06,plain,0,item-020,0,0,82,2,1,6
MPV-GEN-T6-N60-R06,plain,0,item-025,5,75,0,7,6,1
MPV-GEN-T6-N60-R06,plain,0,item-034,0,0,88,2,1,3
MPV-GEN-T6-N60-R06,plain,0,item-039,3,0,52,2,2,1
MPV-GEN-T6-N60-R06,plain,0,item-043,7,17,0,3,8,1
MPV-GEN-T6-N60-R06,plain,0,item-045,7,17,1,2,8,1
MPV-GEN-T6-N60-R07,plain,0,item-049,0,0,0,10,10,9
MPV-GEN-T6-N60-R07,plain,0,item-000,0,0,9,10,9,7
MPV-GEN-T6-N60-R07,plain,0,item-020,0,0,16,10,8,8
MPV-GEN-T6-N60-R07,plain,0,item-045,0,0,24,8,7,9
MPV-GEN-T6-N60-R07,plain,0,item-016,0,0,33,7,6,5
MPV-GEN-T6-N60-R07,plain,0,item-023,0,0,38,6,6,4
MPV-GEN-T6-N60-R07,plain,0,item-008,0,0,42,5,6,3
MPV-GEN-T6-N60-R07,plain,0,item-041,0,0,45,5,6,2
MPV-GEN-T6-N60-R07,plain,0,item-044,0,0,47,5,6,5
MPV-GEN-T6-N60-R07,plain,0,item-058,0,0,52,5,6,5
MPV-GEN-T6-N60-R07,plain,0,item-001,0,0,57,3,5,1
MPV-GEN-T6-N60-R07,plain,0,item-014,0,10,0,10,10,3
MPV-GEN-T6-N60-R07,plain,0,item-021,0,10,3,9,10,9
MPV-GEN-T6-N60-R07,plain,0,item-024,0,20,0,9,10,7
MPV-GEN-T6-N60-R07,plain,0,item-036,0,20,7,7,9,8
MPV-GEN-T6-N60-R07,plain,0,item-039,0,30,0,7,9,8
MPV-GEN-T6-N60-R07,plain,0,item-047,0,39,0,8,10,4
MPV-GEN-T6-N60-R07,plain,0,item-051,0,39,4,7,10,6
MPV-GEN-T6-N60-R07,plain,0,item-002,0,49,0,10,5,5
MPV-GEN-T6-N60-R07,plain,0,item-003,0,49,5,10,4,4
MPV-GEN-T6-N60-R07,plain,0,item-059,0,49,9,9,4,7
MPV-GEN-T6-N60-R07,plain,0,item-012,8,0,24,2,7,9
MPV-GEN-T6-N60-R07,plain,0,item-010,7,0,33,3,7,6
MPV-GEN-T6-N60-R07,plain,0,item-057,0,54,0,7,10,3
MPV-GEN-T6-N60-R07,plain,0,item-015,0,54,3,7,9,3
MPV-GEN-T6-N60-R07,plain,0,item-007,0,64,0,10,6,2
MPV-GEN-T6-N60-R07,plain,0,item-011,0,64,2,7,3,9
MPV-GEN-T6-N60-R07,plain,0,item-027,0,70,0,5,10,4
MPV-GEN-T6-N60-R07,plain,0,item-040,0,67,2,7,3,7
MPV-GEN-T6-N60-R07,plain,0,item-022,0,70,4,4,8,9
MPV-GEN-T6-N60-R07,plain,0,item-054,0,67,9,6,3,9
MPV-GEN-T6-N60-R07,plain,0,item-004,0,80,0,6,8,2
MPV-GEN-T6-N60-R07,plain,0,item-043,0,0,58,3,3,8
MPV-GEN-T6-N60-R07,plain,0,item-013,3,0,57,2,6,2
MPV-GEN-T6-N60-R07,plain,0,item-018,3,0,59,2,6,8
MPV-GEN-T6-N60-R07,plain,0,item-034,5,0,42,1,5,6
MPV-GEN-T6-N60-R07,plain,0,item-005,0,70,13,2,8,1
MPV-GEN-T6-N60-R07,plain,0,item-006,0,6,33,5,1,2
MPV-GEN-T6-N60-R07,plain,0,item-056,7,20,7,2,10,4
MPV-GEN-T6-N60-R07,plain,0,item-009,7,20,11,1,9,8
MPV-GEN-T6-N60-R07,plain,0,item-025,0,0,66,2,1,3
MPV-GEN-T6-N60-R07,plain,0,item-017,0,0,69,1,1,1
MPV-GEN-T6-N60-R07,plain,0,item-035,0,30,8,4,9,8
MPV-GEN-T6-N60-R07,plain,0,item-019,0,39,10,3,10,5
MPV-GEN-T6-N60-R07,plain,0,item-026,0,39,15,3,10,4
MPV-GEN-T6-N60-R07,plain,0,item-037,0,49,16,9,4,3
MPV-GEN-T6-N60-R07,plain,0,item-028,8,20,11,1,10,4
MPV-GEN-T6-N60-R07,plain,0,item-042,3,39,10,3,10,6
MPV-GEN-T6-N60-R07,plain,0,item-032,0,80,2,6,3,3
MPV-GEN-T6-N60-R07,plain,0,item-033,0,83,2,6,3,4
MPV-GEN-T6-N60-R07,plain,0,item-050,0,88,0,9,3,5
MPV-GEN-T6-N60-R07,plain,0,item-052,0,91,0,5,9,3
MPV-GEN-T6-N60-R07,plain,0,item-055,0,86,2,6,2,9
MPV-GEN-T6-N60-R07,plain,0,item-029,0,88,5,8,2,3
MPV-GEN-T6-N60-R07,plain,0,item-030,0,88,8,7,2,4
MPV-GEN-T6-N60-R07,plain,0,item-038,0,70,14,1,7,3
MPV-GEN-T6-N60-R07,plain,0,item-048,4,30,8,3,4,4
MPV-GEN-T6-N60-R07,plain,0,item-031,4,70,4,1,10,1
MPV-GEN-T6-N60-R07,plain,0,item-046,5,70,0,10,2,2
MPV-GEN-T6-N60-R07,plain,0,item-053,6,72,0,2,10,2
MPV-GEN-T6-N60-R08,plain,0,item-023,0,0,0,7,8,10
MPV-GEN-T6-N60-R08,plain,0,item-059,0,0,10,7,8,8
MPV-GEN-T6-N60-R08,plain,0,item-007,0,0,18,4,8,8
MPV-GEN-T6-N60-R08,plain,0,item-047,0,0,26,4,7,8
MPV-GEN-T6-N60-R08,plain,0,item-050,0,0,34,4,7,8
MPV-GEN-T6-N60-R08,plain,0,item-011,0,0,42,3,7,5
MPV-GEN-T6-N60-R08,plain,0,item-045,0,0,47,3,5,8
MPV-GEN-T6-N60-R08,plain,0,item-013,0,0,55,3,4,9
MPV-GEN-T6-N60-R08,plain,0,item-024,0,0,64,3,4,10
MPV-GEN-T6-N60-R08,plain,0,item-009,0,0,74,3,2,10
MPV-GEN-T6-N60-R08,plain,0,item-033,0,0,84,3,2,10
MPV-GEN-T6-N60-R08,plain,0,item-000,0,2,74,1,1,9
MPV-GEN-T6-N60-R08,plain,0,item-010,0,8,0,10,5,10
MPV-GEN-T6-N60-R08,plain,0,item-020,0,8,10,9,4,9
MPV-GEN-T6-N60-R08,plain,0,item-021,0,8,19,9,3,5
MPV-GEN-T6-N60-R08,plain,0,item-025,0,8,24,8,3,6
MPV-GEN-T6-N60-R08,plain,0,item-031,0,11,19,8,1,8
MPV-GEN-T6-N60-R08,plain,0,item-003,0,11,27,7,1,8
MPV-GEN-T6-N60-R08,plain,0,item-051,4,0,18,3,6,4
MPV-GEN-T6-N60-R08,plain,0,item-022,4,0,22,2,6,9
MPV-GEN-T6-N60-R08,plain,0,item-017,4,0,31,2,5,9
MPV-GEN-T6-N60-R08,plain,0,item-057,4,0,40,2,3,7
MPV-GEN-T6-N60-R08,plain,0,item-001,0,12,10,6,1,5
MPV-GEN-T6-N60-R08,plain,0,item-006,0,0,94,3,2,1
MPV-GEN-T6-N60-R08,plain,0,item-014,3,0,42,1,6,5
MPV-GEN-T6-N60-R08,plain,0,item-027,3,0,47,1,5,1
MPV-GEN-T6-N60-R08,plain,0,item-048,3,0,48,1,4,2
MPV-GEN-T6-N60-R08,plain,0,item-002,0,5,47,4,1,1
MPV-GEN-T6-N60-R08,plain,0,item-004,0,5,48,4,1,5
MPV-GEN-T6-N60-R08,plain,0,item-041,0,13,0,5,9,9
MPV-GEN-T6-N60-R08,plain,0,item-032,0,22,0,4,10,7
MPV-GEN-T6-N60-R08,plain,0,item-029,0,22,7,2,10,10
MPV-GEN-T6-N60-R08,plain,0,item-053,0,32,0,9,7,4
MPV-GEN-T6-N60-R08,plain,0,item-026,0,13,9,2,9,10
MPV-GEN-T6-N60-R08,plain,0,item-039,0,32,4,9,7,2
MPV-GEN-T6-N60-R08,plain,0,item-058,0,32,6,9,6,3
MPV-GEN-T6-N60-R08,plain,0,item-052,0,32,9,6,5,4
MPV-GEN-T6-N60-R08,plain,0,item-035,0,39,0,6,9,4
MPV-GEN-T6-N60-R08,plain,0,item-038,0,48,0,10,5,5
MPV-GEN-T6-N60-R08,plain,0,item-016,0,53,0,10,2,9
MPV-GEN-T6-N60-R08,plain,0,item-049,0,55,0,7,9,2
MPV-GEN-T6-N60-R08,plain,0,item-012,0,22,17,2,8,3
MPV-GEN-T6-N60-R08,plain,0,item-037,0,32,13,5,2,8
MPV-GEN-T6-N60-R08,plain,0,item-015,2,13,9,1,8,7
MPV-GEN-T6-N60-R08,plain,0,item-030,0,34,13,6,2,3
MPV-GEN-T6-N60-R08,plain,0,item-040,0,34,16,6,1,6
MPV-GEN-T6-N60-R08,plain,0,item-043,0,39,4,6,7,2
MPV-GEN-T6-N60-R08,plain,0,item-056,2,22,7,1,10,5
MPV-GEN-T6-N60-R08,plain,0,item-036,0,38,6,6,5,1
MPV-GEN-T6-N60-R08,plain,0,item-054,0,38,7,5,3,2
MPV-GEN-T6-N60-R08,plain,0,item-005,0,55,2,7,2,2
MPV-GEN-T6-N60-R08,plain,0,item-008,0,64,0,9,2,5
MPV-GEN-T6-N60-R08,plain,0,item-018,3,13,9,1,7,3
MPV-GEN-T6-N60-R08,plain,0,item-019,0,0,95,1,2,2
MPV-GEN-T6-N60-R08,plain,0,item-042,0,66,0,10,7,1
MPV-GEN-T6-N60-R08,plain,0,item-028,0,66,1,9,7,1
MPV-GEN-T6-N60-R08,plain,0,item-034,0,66,2,9,2,8
MPV-GEN-T6-N60-R08,plain,0,item-044,0,68,2,8,4,2
MPV-GEN-T6-N60-R08,plain,0,item-046,0,0,97,1,1,1
MPV-GEN-T6-N60-R08,plain,0,item-055,6,0,22,1,5,1
MPV-GEN-T6-N60-R09,plain,0,item-033,0,0,0,9,8,9
MPV-GEN-T6-N60-R09,plain,0,item-001,0,0,9,8,8,10
MPV-GEN-T6-N60-R09,plain,0,item-021,0,0,19,8,5,10
MPV-GEN-T6-N60-R09,plain,0,item-038,0,0,29,8,4,8
MPV-GEN-T6-N60-R09,plain,0,item-045,0,0,37,7,4,6
MPV-GEN-T6-N60-R09,plain,0,item-009,0,0,43,6,4,5
MPV-GEN-T6-N60-R09,plain,0,item-010,0,0,48,6,4,5
MPV-GEN-T6-N60-R09,plain,0,item-039,0,0,53,4,4,9
MPV-GEN-T6-N60-R09,plain,0,item-006,0,0,62,2,4,9
MPV-GEN-T6-N60-R09,plain,0,item-019,0,0,71,2,3,6
MPV-GEN-T6-N60-R09,plain,0,item-044,0,0,77,2,3,8
MPV-GEN-T6-N60-R09,plain,0,item-007,0,0,85,1,3,5
MPV-GEN-T6-N60-R09,plain,0,item-008,0,3,71,2,1,8
MPV-GEN-T6-N60-R09,plain,0,item-014,0,0,90,1,1,10
MPV-GEN-T6-N60-R09,plain,0,item-000,2,0,62,1,4,2
MPV-GEN-T6-N60-R09,plain,0,item-026,0,8,0,10,9,7
MPV-GEN-T6-N60-R09,plain,0,item-002,0,17,0,7,10,8
MPV-GEN-T6-N60-R09,plain,0,item-024,0,8,7,10,9,2
MPV-GEN-T6-N60-R09,plain,0,item-041,0,8,9,6,9,7
MPV-GEN-T6-N60-R09,plain,0,item-050,0,5,19,8,2,10
MPV-GEN-T6-N60-R09,plain,0,item-003,0,8,16,5,9,3
MPV-GEN-T6-N60-R09,plain,0,item-012,0,7,19,3,10,8
MPV-GEN-T6-N60-R09,plain,0,item-025,0,17,8,5,6,8
MPV-GEN-T6-N60-R09,plain,0,item-004,0,17,16,5,5,5
MPV-GEN-T6-N60-R09,plain,0,item-059,0,4,29,6,3,6
MPV-GEN-T6-N60-R09,plain,0,item-017,0,7,27,2,8,6
MPV-GEN-T6-N60-R09,plain,0,item-042,0,4,35,6,3,5
MPV-GEN-T6-N60-R09,plain,0,item-053,0,4,40,5,3,5
MPV-GEN-T6-N60-R09,plain,0,item-016,0,7,33,2,7,4
MPV-GEN-T6-N60-R09,plain,0,item-005,0,7,37,1,5,10
MPV-GEN-T6-N60-R09,plain,0,item-013,0,4,45,5,3,3
MPV-GEN-T6-N60-R09,plain,0,item-043,0,27,0,8,10,7
MPV-GEN-T6-N60-R09,plain,0,item-029,0,27,7,7,7,4
MPV-GEN-T6-N60-R09,plain,0,item-056,0,37,0,9,9,3
MPV-GEN-T6-N60-R09,plain,0,item-035,0,37,3,7,8,3
MPV-GEN-T6-N60-R09,plain,0,item-046,2,7,27,1,9,9
MPV-GEN-T6-N60-R09,plain,0,item-015,0,37,6,6,6,2
MPV-GEN-T6-N60-R09,plain,0,item-018,1,7,37,1,7,7
MPV-GEN-T6-N60-R09,plain,0,item-037,3,7,19,2,9,4
MPV-GEN-T6-N60-R09,plain,0,item-020,0,23,8,7,1,9
MPV-GEN-T6-N60-R09,plain,0,item-023,0,45,3,9,1,7
MPV-GEN-T6-N60-R09,plain,0,item-036,0,24,8,6,2,5
MPV-GEN-T6-N60-R09,plain,0,item-027,0,34,7,8,1,7
MPV-GEN-T6-N60-R09,plain,0,item-028,0,35,7,8,1,7
MPV-GEN-T6-N60-R09,plain,0,item-049,0,17,21,5,5,2
MPV-GEN-T6-N60-R09,plain,0,item-032,6,8,9,3,8,2
MPV-GEN-T6-N60-R09,plain,0,item-040,0,46,0,6,10,2
MPV-GEN-T6-N60-R09,plain,0,item-055,0,46,2,5,7,2
MPV-GEN-T6-N60-R09,plain,0,item-011,0,56,0,10,2,2
MPV-GEN-T6-N60-R09,plain,0,item-022,1,0,85,1,3,2
MPV-GEN-T6-N60-R09,plain,0,item-030,0,17,23,4,5,1
MPV-GEN-T6-N60-R09,plain,0,item-054,0,46,4,5,4,2
MPV-GEN-T6-N60-R09,plain,0,item-057,0,17,24,4,5,2
MPV-GEN-T6-N60-R09,plain,0,item-058,0,17,26,4,5,2
MPV-GEN-T6-N60-R09,plain,0,item-031,0,53,2,6,3,2
MPV-GEN-T6-N60-R09,plain,0,item-034,0,58,0,6,6,1
MPV-GEN-T6-N60-R09,plain,0,item-052,0,56,2,8,2,2
MPV-GEN-T6-N60-R09,plain,0,item-048,0,64,0,10,3,1
MPV-GEN-T6-N60-R09,plain,0,item-051,0,67,0,10,3,1
MPV-GEN-T6-N60-R09,plain,0,item-047,0,70,0,9,1,3
MPV-GEN-T6-N60-R10,plain,0,item-046,0,0,0,10,8,8
MPV-GEN-T6-N60-R10,plain,0,item-009,0,0,8,10,7,7
MPV-GEN-T6-N60-R10,plain,0,item-058,0,0,15,10,5,10
MPV-GEN-T6-N60-R10,plain,0,item-015,0,0,25,10,3,6
MPV-GEN-T6-N60-R10,plain,0,item-008,0,8,0,6,7,10
MPV-GEN-T6-N60-R10,plain,0,item-021,0,15,0,8,8,6
MPV-GEN-T6-N60-R10,plain,0,item-057,0,15,6,7,8,6
MPV-GEN-T6-N60-R10,plain,0,item-026,0,23,0,9,8,5
MPV-GEN-T6-N60-R10,plain,0,item-028,0,23,5,6,8,6
MPV-GEN-T6-N60-R10,plain,0,item-040,0,23,11,5,8,9
MPV-GEN-T6-N60-R10,plain,0,item-048,0,0,31,8,3,9
MPV-GEN-T6-N60-R10,plain,0,item-038,0,0,40,5,2,10
MPV-GEN-T6-N60-R10,plain,0,item-016,5,0,40,3,3,8
MPV-GEN-T6-N60-R10,plain,0,item-013,0,3,25,6,1,10
MPV-GEN-T6-N60-R10,plain,0,item-051,0,3,35,6,1,9
MPV-GEN-T6-N60-R10,plain,0,item-023,0,4,25,10,1,5
MPV-GEN-T6-N60-R10,plain,0,item-039,0,5,15,8,2,3
MPV-GEN-T6-N60-R10,plain,0,item-041,0,5,18,6,2,4
MPV-GEN-T6-N60-R10,plain,0,item-042,6,23,5,3,8,10
MPV-GEN-T6-N60-R10,plain,0,item-047,0,31,0,5,8,9
MPV-GEN-T6-N60-R10,plain,0,item-003,0,31,9,4,8,7
MPV-GEN-T6-N60-R10,plain,0,item-033,0,31,16,4,7,5
MPV-GEN-T6-N60-R10,plain,0,item-055,0,39,0,8,10,4
MPV-GEN-T6-N60-R10,plain,0,item-059,0,39,4,6,9,5
MPV-GEN-T6-N60-R10,plain,0,item-011,0,39,9,6,6,6
MPV-GEN-T6-N60-R10,plain,0,item-036,0,39,15,5,6,10
MPV-GEN-T6-N60-R10,plain,0,item-056,0,49,0,10,7,4
MPV-GEN-T6-N60-R10,plain,0,item-020,0,48,4,6,7,2
MPV-GEN-T6-N60-R10,plain,0,item-007,0,48,6,5,5,3
MPV-GEN-T6-N60-R10,plain,0,item-027,0,45,9,4,6,4
MPV-GEN-T6-N60-R10,plain,0,item-054,0,0,50,4,2,5
MPV-GEN-T6-N60-R10,plain,0,item-044,0,4,30,7,1,5
MPV-GEN-T6-N60-R10,plain,0,item-049,0,45,13,4,4,3
MPV-GEN-T6-N60-R10,plain,0,item-001,0,45,16,3,4,4
MPV-GEN-T6-N60-R10,plain,0,item-004,0,56,0,3,10,8
MPV-GEN-T6-N60-R10,plain,0,item-005,0,66,0,8,9,1
MPV-GEN-T6-N60-R10,plain,0,item-030,0,66,1,3,7,2
MPV-GEN-T6-N60-R10,plain,0,item-050,0,45,20,3,4,3
MPV-GEN-T6-N60-R10,plain,0,item-032,5,23,11,1,5,6
MPV-GEN-T6-N60-R10,plain,0,item-000,0,66,3,2,6,2
MPV-GEN-T6-N60-R10,plain,0,item-002,4,31,9,1,6,4
MPV-GEN-T6-N60-R10,plain,0,item-006,0,66,5,2,5,10
MPV-GEN-T6-N60-R10,plain,0,item-017,0,75,0,3,10,4
MPV-GEN-T6-N60-R10,plain,0,item-031,0,85,0,5,4,9
MPV-GEN-T6-N60-R10,plain,0,item-043,0,89,0,9,4,3
MPV-GEN-T6-N60-R10,plain,0,item-053,3,56,0,2,10,7
MPV-GEN-T6-N60-R10,plain,0,item-010,3,75,0,1,10,9
MPV-GEN-T6-N60-R10,plain,0,item-045,0,0,55,2,2,5
MPV-GEN-T6-N60-R10,plain,0,item-019,5,0,48,2,3,3
MPV-GEN-T6-N60-R10,plain,0,item-012,0,3,44,3,1,2
MPV-GEN-T6-N60-R10,plain,0,item-024,0,89,3,4,3,5
MPV-GEN-T6-N60-R10,plain,0,item-034,0,89,8,4,3,3
MPV-GEN-T6-N60-R10,plain,0,item-018,3,66,1,2,8,2
MPV-GEN-T6-N60-R10,plain,0,item-014,2,66,3,2,5,2
MPV-GEN-T6-N60-R10,plain,0,item-022,0,7,8,9,1,2
MPV-GEN-T6-N60-R10,plain,0,item-037,0,7,10,6,7,1
MPV-GEN-T6-N60-R10,plain,0,item-025,4,45,9,1,8,1
MPV-GEN-T6-N60-R10,plain,0,item-029,4,31,13,1,5,1
MPV-GEN-T6-N60-R10,plain,0,item-035,4,75,0,9,8,1
MPV-GEN-T6-N60-R10,plain,0,item-052,5,31,0,9,8,1
MPV-GEN-T6-N90-R01,plain,0,item-016,0,0,0,9,10,9
MPV-GEN-T6-N90-R01,plain,0,item-019,0,0,9,9,10,3
MPV-GEN-T6-N90-R01,plain,0,item-027,0,0,12,9,8,10
MPV-GEN-T6-N90-R01,plain,0,item-047,0,0,22,8,8,6
MPV-GEN-T6-N90-R01,plain,0,item-012,0,0,28,8,7,3
MPV-GEN-T6-N90-R01,plain,0,item-020,0,0,31,8,6,10
MPV-GEN-T6-N90-R01,plain,0,item-013,0,0,41,6,6,10
MPV-GEN-T6-N90-R01,plain,0,item-014,0,0,51,6,6,9
MPV-GEN-T6-N90-R01,plain,0,item-000,0,0,60,6,5,5
MPV-GEN-T6-N90-R01,plain,0,item-077,0,0,65,6,4,6
MPV-GEN-T6-N90-R01,plain,0,item-033,0,0,71,4,3,10
MPV-GEN-T6-N90-R01,plain,0,item-023,4,0,71,2,4,10
MPV-GEN-T6-N90-R01,plain,0,item-048,0,0,81,5,2,10
MPV-GEN-T6-N90-R01,plain,0,item-058,0,0,91,5,2,7
MPV-GEN-T6-N90-R01,plain,0,item-001,0,2,81,5,1,9
MPV-GEN-T6-N90-R01,plain,0,item-086,0,10,0,10,9,8
MPV-GEN-T6-N90-R01,plain,0,item-060,0,10,8,9,7,7
MPV-GEN-T6-N90-R01,plain,0,item-085,0,19,0,7,9,10
MPV-GEN-T6-N90-R01,plain,0,item-022,0,28,0,6,10,9
MPV-GEN-T6-N90-R01,plain,0,item-046,0,28,9,6,8,10
MPV-GEN-T6-N90-R01,plain,0,item-044,0,38,0,9,10,5
MPV-GEN-T6-N90-R01,plain,0,item-056,0,38,5,8,10,6
MPV-GEN-T6-N90-R01,plain,0,item-053,0,48,0,6,10,6
MPV-GEN-T6-N90-R01,plain,0,item-036,0,48,6,5,9,6
MPV-GEN-T6-N90-R01,plain,0,item-028,0,58,0,7,8,6
MPV-GEN-T6-N90-R01,plain,0,item-002,0,57,6,4,9,5
MPV-GEN-T6-N90-R01,plain,0,item-021,0,8,12,9,2,7
MPV-GEN-T6-N90-R01,plain,0,item-018,0,8,19,8,2,6
MPV-GEN-T6-N90-R01,plain,0,item-026,0,8,25,7,2,4
MPV-GEN-T6-N90-R01,plain,0,item-070,0,10,15,9,4,6
MPV-GEN-T6-N90-R01,plain,0,item-005,0,10,21,8,4,5
MPV-GEN-T6-N90-R01,plain,0,item-029,0,10,26,6,4,3
MPV-GEN-T6-N90-R01,plain,0,item-024,8,0,22,1,8,7
MPV-GEN-T6-N90-R01,plain,0,item-030,8,0,29,1,8,8
MPV-GEN-T6-N90-R01,plain,0,item-042,8,0,37,1,8,6
MPV-GEN-T6-N90-R01,plain,0,item-045,0,8,29,4,5,5
MPV-GEN-T6-N90-R01,plain,0,item-032,0,14,15,8,3,9
MPV-GEN-T6-N90-R01,plain,0,item-083,6,0,41,2,3,7
MPV-GEN-T6-N90-R01,plain,0,item-063,8,0,43,1,8,5
MPV-GEN-T6-N90-R01,plain,0,item-035,0,14,24,6,3,2
MPV-GEN-T6-N90-R01,plain,0,item-050,0,8,34,1,5,7
MPV-GEN-T6-N90-R01,plain,0,item-066,0,14,26,5,3,4
MPV-GEN-T6-N90-R01,plain,0,item-007,0,57,11,4,8,8
MPV-GEN-T6-N90-R01,plain,0,item-078,1,8,34,2,4,4
MPV-GEN-T6-N90-R01,plain,0,item-084,0,2,90,4,1,8
MPV-GEN-T6-N90-R01,plain,0,item-003,0,36,9,6,2,2
MPV-GEN-T6-N90-R01,plain,0,item-073,0,66,0,9,9,4
MPV-GEN-T6-N90-R01,plain,0,item-039,0,66,4,7,9,4
MPV-GEN-T6-N90-R01,plain,0,item-041,0,66,8,7,8,8
MPV-GEN-T6-N90-R01,plain,0,item-076,0,36,11,4,9,7
MPV-GEN-T6-N90-R01,plain,0,item-049,0,17,8,10,2,7
MPV-GEN-T6-N90-R01,plain,0,item-055,0,17,15,10,2,9
MPV-GEN-T6-N90-R01,plain,0,item-040,0,19,10,7,5,5
MPV-GEN-T6-N90-R01,plain,0,item-043,0,19,15,7,5,10
MPV-GEN-T6-N90-R01,plain,0,item-080,0,75,0,10,10,3
MPV-GEN-T6-N90-R01,plain,0,item-081,0,75,3,9,10,3
MPV-GEN-T6-N90-R01,plain,0,item-089,0,75,6,7,5,6
MPV-GEN-T6-N90-R01,plain,0,item-067,0,80,6,9,3,6
MPV-GEN-T6-N90-R01,plain,0,item-004,0,85,0,10,6,2
MPV-GEN-T6-N90-R01,plain,0,item-034,0,17,24,9,1,10
MPV-GEN-T6-N90-R01,plain,0,item-006,0,36,18,3,7,4
MPV-GEN-T6-N90-R01,plain,0,item-008,6,28,0,3,10,3
MPV-GEN-T6-N90-R01,plain,0,item-009,5,0,81,1,3,8
MPV-GEN-T6-N90-R01,plain,0,item-074,6,0,48,2,3,4
MPV-GEN-T6-N90-R01,plain,0,item-015,8,0,48,1,7,3
MPV-GEN-T6-N90-R01,plain,0,item-082,8,0,51,1,6,4
MPV-GEN-T6-N90-R01,plain,0,item-087,4,8,29,3,2,4
MPV-GEN-T6-N90-R01,plain,0,item-010,0,18,24,9,1,2
MPV-GEN-T6-N90-R01,plain,0,item-017,5,0,89,1,3,3
MPV-GEN-T6-N90-R01,plain,0,item-051,5,0,92,1,2,8
MPV-GEN-T6-N90-R01,plain,0,item-038,4,2,90,1,1,9
MPV-GEN-T6-N90-R01,plain,0,item-054,0,3,71,2,1,9
MPV-GEN-T6-N90-R01,plain,0,item-011,0,6,31,7,1,1
MPV-GEN-T6-N90-R01,plain,0,item-068,0,18,26,9,1,3
MPV-GEN-T6-N90-R01,plain,0,item-088,0,18,29,9,1,9
MPV-GEN-T6-N90-R01,plain,0,item-025,0,45,11,8,3,1
MPV-GEN-T6-N90-R01,plain,0,item-037,0,45,12,3,10,3
MPV-GEN-T6-N90-R01,plain,0,item-052,0,19,25,7,3,1
MPV-GEN-T6-N90-R01,plain,0,item-071,0,45,15,3,7,3
MPV-GEN-T6-N90-R01,plain,0,item-057,0,43,18,3,6,3
MPV-GEN-T6-N90-R01,plain,0,item-061,3,45,12,2,7,2
MPV-GEN-T6-N90-R01,plain,0,item-075,0,83,6,8,2,2
MPV-GEN-T6-N90-R01,plain,0,item-031,5,48,6,1,10,1
MPV-GEN-T6-N90-R01,plain,0,item-079,5,2,92,1,1,6
MPV-GEN-T6-N90-R01,plain,0,item-059,0,8,41,1,4,1
MPV-GEN-T6-N90-R01,plain,0,item-065,6,28,3,3,9,1
MPV-GEN-T6-N90-R01,plain,0,item-064,0,85,2,10,2,1
MPV-GEN-T6-N90-R01,plain,0,item-069,0,85,3,10,2,2
MPV-GEN-T6-N90-R01,plain,0,item-062,0,85,5,10,1,1
MPV-GEN-T6-N90-R01,plain,0,item-072,0,0,98,1,1,2
MPV-GEN-T6-N90-R02,plain,0,item-029,0,0,0,10,10,8
MPV-GEN-T6-N90-R02,plain,0,item-030,0,0,8,10,10,7
MPV-GEN-T6-N90-R02,plain,0,item-077,0,0,15,10,10,8
MPV-GEN-T6-N90-R02,plain,0,item-084,0,0,23,9,10,7
MPV-GEN-T6-N90-R02,plain,0,item-012,0,0,30,8,10,7
MPV-GEN-T6-N90-R02,plain,0,item-052,0,0,37,8,9,10
MPV-GEN-T6-N90-R02,plain,0,item-043,0,0,47,8,9,6
MPV-GEN-T6-N90-R02,plain,0,item-087,0,0,53,8,8,8
MPV-GEN-T6-N90-R02,plain,0,item-089,0,0,61,8,8,7
MPV-GEN-T6-N90-R02,plain,0,item-008,0,0,68,7,8,7
MPV-GEN-T6-N90-R02,plain,0,item-000,0,0,75,7,7,7
MPV-GEN-T6-N90-R02,plain,0,item-046,0,0,82,7,7,9
MPV-GEN-T6-N90-R02,plain,0,item-058,0,10,0,9,10,5
MPV-GEN-T6-N90-R02,plain,0,item-007,0,10,5,8,10,4
MPV-GEN-T6-N90-R02,plain,0,item-015,0,0,91,5,6,7
MPV-GEN-T6-N90-R02,plain,0,item-019,0,10,9,7,10,10
MPV-GEN-T6-N90-R02,plain,0,item-050,0,10,19,6,7,10
MPV-GEN-T6-N90-R02,plain,0,item-026,0,10,29,6,3,10
MPV-GEN-T6-N90-R02,plain,0,item-037,0,20,0,9,8,10
MPV-GEN-T6-N90-R02,plain,0,item-001,0,20,10,8,7,3
MPV-GEN-T6-N90-R02,plain,0,item-073,0,13,29,6,4,7
MPV-GEN-T6-N90-R02,plain,0,item-027,0,13,36,5,3,7
MPV-GEN-T6-N90-R02,plain,0,item-081,0,8,53,8,1,9
MPV-GEN-T6-N90-R02,plain,0,item-018,0,17,19,7,3,3
MPV-GEN-T6-N90-R02,plain,0,item-065,0,17,22,5,3,10
MPV-GEN-T6-N90-R02,plain,0,item-035,0,7,75,6,1,10
MPV-GEN-T6-N90-R02,plain,0,item-047,0,17,32,4,3,10
MPV-GEN-T6-N90-R02,plain,0,item-002,0,20,13,8,7,1
MPV-GEN-T6-N90-R02,plain,0,item-083,0,0,98,5,4,2
MPV-GEN-T6-N90-R02,plain,0,item-016,5,0,91,2,6,3
MPV-GEN-T6-N90-R02,plain,0,item-072,5,0,94,2,3,6
MPV-GEN-T6-N90-R02,plain,0,item-041,0,6,91,7,1,5
MPV-GEN-T6-N90-R02,plain,0,item-003,0,7,85,3,1,6
MPV-GEN-T6-N90-R02,plain,0,item-053,7,0,68,1,7,8
MPV-GEN-T6-N90-R02,plain,0,item-004,0,8,62,8,1,3
MPV-GEN-T6-N90-R02,plain,0,item-071,0,20,14,7,6,10
MPV-GEN-T6-N90-R02,plain,0,item-064,0,20,24,6,6,4
MPV-GEN-T6-N90-R02,plain,0,item-028,0,20,28,5,5,5
MPV-GEN-T6-N90-R02,plain,0,item-057,0,28,0,6,9,7
MPV-GEN-T6-N90-R02,plain,0,item-070,0,28,7,5,8,6
MPV-GEN-T6-N90-R02,plain,0,item-039,0,37,0,9,5,8
MPV-GEN-T6-N90-R02,plain,0,item-051,0,42,0,7,8,6
MPV-GEN-T6-N90-R02,plain,0,item-055,0,20,33,3,5,9
MPV-GEN-T6-N90-R02,plain,0,item-056,0,42,6,7,8,5
MPV-GEN-T6-N90-R02,plain,0,item-067,0,50,0,10,9,3
MPV-GEN-T6-N90-R02,plain,0,item-010,0,50,3,4,9,6
MPV-GEN-T6-N90-R02,plain,0,item-025,0,50,9,4,7,4
MPV-GEN-T6-N90-R02,plain,0,item-005,4,50,3,3,6,6
MPV-GEN-T6-N90-R02,plain,0,item-063,4,50,9,3,6,8
MPV-GEN-T6-N90-R02,plain,0,item-013,0,59,0,9,4,7
MPV-GEN-T6-N90-R02,plain,0,item-069,0,59,7,9,4,8
MPV-GEN-T6-N90-R02,plain,0,item-059,0,63,0,9,10,2
MPV-GEN-T6-N90-R02,plain,0,item-075,0,63,2,7,10,3
MPV-GEN-T6-N90-R02,plain,0,item-079,0,63,5,7,8,2
MPV-GEN-T6-N90-R02,plain,0,item-034,0,63,7,5,8,2
MPV-GEN-T6-N90-R02,plain,0,item-006,0,63,9,3,8,3
MPV-GEN-T6-N90-R02,plain,0,item-088,0,8,65,8,1,7
MPV-GEN-T6-N90-R02,plain,0,item-009,0,63,12,3,8,2
MPV-GEN-T6-N90-R02,plain,0,item-085,0,63,14,3,6,9
MPV-GEN-T6-N90-R02,plain,0,item-024,0,71,5,7,2,10
MPV-GEN-T6-N90-R02,plain,0,item-076,3,63,9,2,7,10
MPV-GEN-T6-N90-R02,plain,0,item-021,0,73,0,9,5,3
MPV-GEN-T6-N90-R02,plain,0,item-068,0,73,3,7,4,7
MPV-GEN-T6-N90-R02,plain,0,item-031,0,78,0,10,3,8
MPV-GEN-T6-N90-R02,plain,0,item-048,0,81,0,3,10,8
MPV-GEN-T6-N90-R02,plain,0,item-062,3,81,0,3,10,7
MPV-GEN-T6-N90-R02,plain,0,item-011,3,81,7,3,5,7
MPV-GEN-T6-N90-R02,plain,0,item-014,0,73,10,7,2,3
MPV-GEN-T6-N90-R02,plain,0,item-033,7,0,76,1,2,8
MPV-GEN-T6-N90-R02,plain,0,item-017,3,20,33,2,5,1
MPV-GEN-T6-N90-R02,plain,0,item-020,0,73,13,7,2,1
MPV-GEN-T6-N90-R02,plain,0,item-023,0,86,8,3,4,6
MPV-GEN-T6-N90-R02,plain,0,item-066,3,86,7,3,4,8
MPV-GEN-T6-N90-R02,plain,0,item-038,0,91,0,8,9,1
MPV-GEN-T6-N90-R02,plain,0,item-049,0,27,10,9,1,8
MPV-GEN-T6-N90-R02,plain,0,item-082,0,73,14,6,2,4
MPV-GEN-T6-N90-R02,plain,0,item-022,0,28,13,4,8,1
MPV-GEN-T6-N90-R02,plain,0,item-044,0,28,14,4,8,2
MPV-GEN-T6-N90-R02,plain,0,item-036,0,28,16,4,5,1
MPV-GEN-T6-N90-R02,plain,0,item-074,0,28,17,4,3,6
MPV-GEN-T6-N90-R02,plain,0,item-080,8,0,30,1,7,2
MPV-GEN-T6-N90-R02,plain,0,item-032,0,75,10,6,2,1
MPV-GEN-T6-N90-R02,plain,0,item-086,0,91,1,8,4,3
MPV-GEN-T6-N90-R02,plain,0,item-040,0,91,4,8,3,2
MPV-GEN-T6-N90-R02,plain,0,item-042,0,95,1,8,5,1
MPV-GEN-T6-N90-R02,plain,0,item-045,6,28,0,9,3,4
MPV-GEN-T6-N90-R02,plain,0,item-054,0,4,98,1,1,2
MPV-GEN-T6-N90-R02,plain,0,item-060,5,63,7,2,7,2
MPV-GEN-T6-N90-R02,plain,0,item-061,0,95,2,3,4,1
MPV-GEN-T6-N90-R02,plain,0,item-078,6,31,0,10,2,2
MPV-GEN-T6-N90-R03,plain,0,item-089,0,0,0,10,10,7
MPV-GEN-T6-N90-R03,plain,0,item-052,0,0,7,10,8,8
MPV-GEN-T6-N90-R03,plain,0,item-065,0,10,0,8,10,8
MPV-GEN-T6-N90-R03,plain,0,item-000,0,20,0,7,10,8
MPV-GEN-T6-N90-R03,plain,0,item-021,0,0,15,8,7,10
MPV-GEN-T6-N90-R03,plain,0,item-044,0,0,25,8,7,8
MPV-GEN-T6-N90-R03,plain,0,item-014,0,0,33,7,7,6
MPV-GEN-T6-N90-R03,plain,0,item-063,0,0,39,6,7,10
MPV-GEN-T6-N90-R03,plain,0,item-049,0,0,49,5,7,8
MPV-GEN-T6-N90-R03,plain,0,item-037,0,0,57,4,7,4
MPV-GEN-T6-N90-R03,plain,0,item-023,0,0,61,3,7,5
MPV-GEN-T6-N90-R03,plain,0,item-084,0,0,66,3,6,5
MPV-GEN-T6-N90-R03,plain,0,item-001,0,0,71,2,4,8
MPV-GEN-T6-N90-R03,plain,0,item-002,2,0,71,1,6,8
MPV-GEN-T6-N90-R03,plain,0,item-086,0,30,0,7,10,9
MPV-GEN-T6-N90-R03,plain,0,item-067,0,40,0,10,6,9
MPV-GEN-T6-N90-R03,plain,0,item-076,0,46,0,9,6,10
MPV-GEN-T6-N90-R03,plain,0,item-008,0,52,0,10,5,10
MPV-GEN-T6-N90-R03,plain,0,item-047,0,57,0,9,9,5
MPV-GEN-T6-N90-R03,plain,0,item-032,0,57,5,7,8,6
MPV-GEN-T6-N90-R03,plain,0,item-016,0,0,79,2,3,8
MPV-GEN-T6-N90-R03,plain,0,item-017,8,0,15,2,8,10
MPV-GEN-T6-N90-R03,plain,0,item-005,0,7,15,7,1,6
MPV-GEN-T6-N90-R03,plain,0,item-080,0,0,87,1,3,8
MPV-GEN-T6-N90-R03,plain,0,item-064,0,3,79,3,1,6
MPV-GEN-T6-N90-R03,plain,0,item-006,8,0,25,2,8,1
MPV-GEN-T6-N90-R03,plain,0,item-035,0,8,7,9,2,7
MPV-GEN-T6-N90-R03,plain,0,item-009,0,10,8,8,10,5
MPV-GEN-T6-N90-R03,plain,0,item-056,0,10,13,7,9,5
MPV-GEN-T6-N90-R03,plain,0,item-040,0,8,14,6,2,8
MPV-GEN-T6-N90-R03,plain,0,item-038,0,10,18,6,8,4
MPV-GEN-T6-N90-R03,plain,0,item-020,0,8,22,5,9,3
MPV-GEN-T6-N90-R03,plain,0,item-029,0,8,25,5,9,4
MPV-GEN-T6-N90-R03,plain,0,item-025,5,8,22,1,10,6
MPV-GEN-T6-N90-R03,plain,0,item-066,8,0,26,2,4,5
MPV-GEN-T6-N90-R03,plain,0,item-042,0,17,22,4,1,5
MPV-GEN-T6-N90-R03,plain,0,item-048,0,17,27,4,1,9
MPV-GEN-T6-N90-R03,plain,0,item-081,0,7,21,6,1,6
MPV-GEN-T6-N90-R03,plain,0,item-058,0,7,27,4,1,4
MPV-GEN-T6-N90-R03,plain,0,item-033,0,8,29,5,8,5
MPV-GEN-T6-N90-R03,plain,0,item-003,7,10,13,1,9,1
MPV-GEN-T6-N90-R03,plain,0,item-036,0,20,8,4,10,5
MPV-GEN-T6-N90-R03,plain,0,item-073,0,19,13,4,8,7
MPV-GEN-T6-N90-R03,plain,0,item-004,0,30,9,7,5,5
MPV-GEN-T6-N90-R03,plain,0,item-046,0,35,9,7,5,7
MPV-GEN-T6-N90-R03,plain,0,item-026,0,27,13,4,3,7
MPV-GEN-T6-N90-R03,plain,0,item-018,0,30,14,7,3,7
MPV-GEN-T6-N90-R03,plain,0,item-074,0,33,14,5,2,9
MPV-GEN-T6-N90-R03,plain,0,item-053,0,35,16,7,3,9
MPV-GEN-T6-N90-R03,plain,0,item-015,0,40,9,10,4,2
MPV-GEN-T6-N90-R03,plain,0,item-085,0,40,11,8,4,5
MPV-GEN-T6-N90-R03,plain,0,item-055,0,38,16,7,5,2
MPV-GEN-T6-N90-R03,plain,0,item-069,0,38,18,5,5,5
MPV-GEN-T6-N90-R03,plain,0,item-077,0,38,23,5,5,3
MPV-GEN-T6-N90-R03,plain,0,item-062,4,20,8,3,10,6
MPV-GEN-T6-N90-R03,plain,0,item-011,0,66,0,10,10,4
MPV-GEN-T6-N90-R03,plain,0,item-012,0,66,4,9,10,2
MPV-GEN-T6-N90-R03,plain,0,item-027,7,57,5,2,9,5
MPV-GEN-T6-N90-R03,plain,0,item-059,0,66,6,8,5,10
MPV-GEN-T6-N90-R03,plain,0,item-083,0,71,6,7,4,4
MPV-GEN-T6-N90-R03,plain,0,item-010,0,76,0,10,8,1
MPV-GEN-T6-N90-R03,plain,0,item-082,0,76,1,10,7,5
MPV-GEN-T6-N90-R03,plain,0,item-060,0,75,6,4,8,4
MPV-GEN-T6-N90-R03,plain,0,item-024,0,71,10,4,7,2
MPV-GEN-T6-N90-R03,plain,0,item-030,0,43,16,8,1,5
MPV-GEN-T6-N90-R03,plain,0,item-051,0,71,12,4,7,3
MPV-GEN-T6-N90-R03,plain,0,item-039,0,71,15,4,4,3
MPV-GEN-T6-N90-R03,plain,0,item-034,0,75,15,4,2,5
MPV-GEN-T6-N90-R03,plain,0,item-057,0,43,21,8,1,4
MPV-GEN-T6-N90-R03,plain,0,item-087,5,38,18,2,5,3
MPV-GEN-T6-N90-R03,plain,0,item-079,0,78,10,4,4,1
MPV-GEN-T6-N90-R03,plain,0,item-071,0,78,11,4,2,6
MPV-GEN-T6-N90-R03,plain,0,item-050,0,44,9,10,2,2
MPV-GEN-T6-N90-R03,plain,0,item-075,0,46,10,5,7,3
MPV-GEN-T6-N90-R03,plain,0,item-019,0,53,10,8,3,4
MPV-GEN-T6-N90-R03,plain,0,item-088,0,44,11,6,2,6
MPV-GEN-T6-N90-R03,plain,0,item-045,0,44,17,5,2,2
MPV-GEN-T6-N90-R03,plain,0,item-007,0,46,13,3,5,1
MPV-GEN-T6-N90-R03,plain,0,item-022,0,46,14,3,5,2
MPV-GEN-T6-N90-R03,plain,0,item-070,0,56,10,10,1,7
MPV-GEN-T6-N90-R03,plain,0,item-061,0,57,11,5,8,1
MPV-GEN-T6-N90-R03,plain,0,item-072,3,46,13,2,6,1
MPV-GEN-T6-N90-R03,plain,0,item-013,0,83,1,9,1,1
MPV-GEN-T6-N90-R03,plain,0,item-043,0,84,0,10,4,1
MPV-GEN-T6-N90-R03,plain,0,item-031,0,84,1,8,3,4
MPV-GEN-T6-N90-R03,plain,0,item-028,0,88,0,4,9,1
MPV-GEN-T6-N90-R03,plain,0,item-041,0,97,0,8,3,1
MPV-GEN-T6-N90-R03,plain,0,item-054,0,0,95,1,2,2
MPV-GEN-T6-N90-R03,plain,0,item-068,4,88,0,6,4,2
MPV-GEN-T6-N90-R03,plain,0,item-078,0,0,97,1,1,1
MPV-GEN-T6-N90-R04,plain,0,item-000,0,0,0,8,10,10
MPV-GEN-T6-N90-R04,plain,0,item-039,0,0,10,8,10,9
MPV-GEN-T6-N90-R04,plain,0,item-058,0,0,19,8,9,10
MPV-GEN-T6-N90-R04,plain,0,item-059,0,0,29,6,9,9
MPV-GEN-T6-N90-R04,plain,0,item-080,0,10,0,10,10,7
MPV-GEN-T6-N90-R04,plain,0,item-077,0,10,7,9,9,5
MPV-GEN-T6-N90-R04,plain,0,item-029,0,10,12,9,5,9
MPV-GEN-T6-N90-R04,plain,0,item-003,0,20,0,10,8,5
MPV-GEN-T6-N90-R04,plain,0,item-032,0,0,38,5,7,10
MPV-GEN-T6-N90-R04,plain,0,item-004,0,20,5,7,8,6
MPV-GEN-T6-N90-R04,plain,0,item-031,0,0,48,5,6,9
MPV-GEN-T6-N90-R04,plain,0,item-041,0,15,12,8,4,10
MPV-GEN-T6-N90-R04,plain,0,item-021,0,28,0,8,10,4
MPV-GEN-T6-N90-R04,plain,0,item-074,0,28,4,7,10,9
MPV-GEN-T6-N90-R04,plain,0,item-054,0,38,0,10,10,3
MPV-GEN-T6-N90-R04,plain,0,item-060,0,38,3,7,8,7
MPV-GEN-T6-N90-R04,plain,0,item-007,0,38,10,7,7,7
MPV-GEN-T6-N90-R04,plain,0,item-072,7,38,3,3,10,7
MPV-GEN-T6-N90-R04,plain,0,item-001,0,48,0,5,10,4
MPV-GEN-T6-N90-R04,plain,0,item-038,0,0,57,5,6,6
MPV-GEN-T6-N90-R04,plain,0,item-086,0,0,63,5,5,6
MPV-GEN-T6-N90-R04,plain,0,item-005,0,0,69,4,5,5
MPV-GEN-T6-N90-R04,plain,0,item-020,0,0,74,4,5,4
MPV-GEN-T6-N90-R04,plain,0,item-044,0,0,78,3,5,5
MPV-GEN-T6-N90-R04,plain,0,item-075,0,0,83,2,5,6
MPV-GEN-T6-N90-R04,plain,0,item-002,0,7,38,5,2,4
MPV-GEN-T6-N90-R04,plain,0,item-040,0,48,4,5,10,5
MPV-GEN-T6-N90-R04,plain,0,item-069,0,48,9,4,7,9
MPV-GEN-T6-N90-R04,plain,0,item-006,0,58,0,10,9,2
MPV-GEN-T6-N90-R04,plain,0,item-052,0,0,89,1,4,7
MPV-GEN-T6-N90-R04,plain,0,item-022,0,0,96,1,3,4
MPV-GEN-T6-N90-R04,plain,0,item-073,1,0,89,1,3,10
MPV-GEN-T6-N90-R04,plain,0,item-008,0,4,89,2,1,2
MPV-GEN-T6-N90-R04,plain,0,item-066,0,58,2,10,5,9
MPV-GEN-T6-N90-R04,plain,0,item-009,0,63,2,10,3,9
MPV-GEN-T6-N90-R04,plain,0,item-056,0,67,0,6,7,6
MPV-GEN-T6-N90-R04,plain,0,item-065,0,74,0,8,4,7
MPV-GEN-T6-N90-R04,plain,0,item-083,0,78,0,10,3,7
MPV-GEN-T6-N90-R04,plain,0,item-010,0,81,0,7,4,7
MPV-GEN-T6-N90-R04,plain,0,item-064,0,85,0,9,3,9
MPV-GEN-T6-N90-R04,plain,0,item-011,0,88,0,6,4,10
MPV-GEN-T6-N90-R04,plain,0,item-036,7,20,5,3,6,10
MPV-GEN-T6-N90-R04,plain,0,item-012,0,92,0,9,3,6
MPV-GEN-T6-N90-R04,plain,0,item-013,6,0,29,2,9,8
MPV-GEN-T6-N90-R04,plain,0,item-034,6,0,37,2,9,7
MPV-GEN-T6-N90-R04,plain,0,item-078,5,0,38,1,9,9
MPV-GEN-T6-N90-R04,plain,0,item-028,6,0,44,2,6,8
MPV-GEN-T6-N90-R04,plain,0,item-014,0,9,19,8,1,8
MPV-GEN-T6-N90-R04,plain,0,item-015,0,5,63,4,1,6
MPV-GEN-T6-N90-R04,plain,0,item-046,0,10,21,6,4,6
MPV-GEN-T6-N90-R04,plain,0,item-025,0,26,11,7,2,9
MPV-GEN-T6-N90-R04,plain,0,item-050,0,9,27,5,4,5
MPV-GEN-T6-N90-R04,plain,0,item-062,0,28,13,6,9,2
MPV-GEN-T6-N90-R04,plain,0,item-016,0,28,15,5,9,2
MPV-GEN-T6-N90-R04,plain,0,item-089,2,0,83,1,3,8
MPV-GEN-T6-N90-R04,plain,0,item-017,2,0,91,1,2,8
MPV-GEN-T6-N90-R04,plain,0,item-043,0,28,17,3,8,5
MPV-GEN-T6-N90-R04,plain,0,item-030,0,92,6,9,3,4
MPV-GEN-T6-N90-R04,plain,0,item-045,5,48,0,10,10,1
MPV-GEN-T6-N90-R04,plain,0,item-063,5,48,1,8,5,3
MPV-GEN-T6-N90-R04,plain,0,item-068,3,28,17,2,7,6
MPV-GEN-T6-N90-R04,plain,0,item-070,0,9,32,4,3,7
MPV-GEN-T6-N90-R04,plain,0,item-018,5,48,4,8,4,2
MPV-GEN-T6-N90-R04,plain,0,item-042,5,0,47,1,6,10
MPV-GEN-T6-N90-R04,plain,0,item-057,0,7,42,3,2,8
MPV-GEN-T6-N90-R04,plain,0,item-024,0,14,21,8,1,5
MPV-GEN-T6-N90-R04,plain,0,item-026,0,9,39,3,2,5
MPV-GEN-T6-N90-R04,plain,0,item-027,0,15,22,8,4,2
MPV-GEN-T6-N90-R04,plain,0,item-076,0,15,24,7,4,3
MPV-GEN-T6-N90-R04,plain,0,item-079,0,14,26,8,1,7
MPV-GEN-T6-N90-R04,plain,0,item-087,0,15,27,7,3,7
MPV-GEN-T6-N90-R04,plain,0,item-071,0,45,10,10,1,3
MPV-GEN-T6-N90-R04,plain,0,item-082,0,55,9,5,3,3
MPV-GEN-T6-N90-R04,plain,0,item-037,0,58,11,10,5,1
MPV-GEN-T6-N90-R04,plain,0,item-047,0,55,12,3,6,9
MPV-GEN-T6-N90-R04,plain,0,item-055,3,55,12,2,8,2
MPV-GEN-T6-N90-R04,plain,0,item-051,0,63,11,10,3,1
MPV-GEN-T6-N90-R04,plain,0,item-019,0,63,12,8,3,1
MPV-GEN-T6-N90-R04,plain,0,item-084,0,63,13,8,3,4
MPV-GEN-T6-N90-R04,plain,0,item-088,5,48,6,5,4,4
MPV-GEN-T6-N90-R04,plain,0,item-023,6,67,0,6,7,1
MPV-GEN-T6-N90-R04,plain,0,item-033,3,55,14,2,7,1
MPV-GEN-T6-N90-R04,plain,0,item-048,0,4,91,2,1,7
MPV-GEN-T6-N90-R04,plain,0,item-035,2,3,83,1,2,5
MPV-GEN-T6-N90-R04,plain,0,item-049,6,67,1,4,6,1
MPV-GEN-T6-N90-R04,plain,0,item-053,8,0,0,4,10,1
MPV-GEN-T6-N90-R04,plain,0,item-061,5,53,1,6,3,2
MPV-GEN-T6-N90-R04,plain,0,item-067,2,3,88,1,2,4
MPV-GEN-T6-N90-R04,plain,0,item-081,0,46,3,5,2,2
MPV-GEN-T6-N90-R04,plain,0,item-085,0,5,69,2,1,2
MPV-GEN-T6-N90-R05,plain,0,item-006,0,0,0,9,9,10
MPV-GEN-T6-N90-R05,plain,0,item-062,0,0,10,8,9,9
MPV-GEN-T6-N90-R05,plain,0,item-085,0,0,19,7,9,10
MPV-GEN-T6-N90-R05,plain,0,item-071,0,0,29,5,9,9
MPV-GEN-T6-N90-R05,plain,0,item-047,0,9,0,10,10,6
MPV-GEN-T6-N90-R05,plain,0,item-070,0,9,6,9,8,8
MPV-GEN-T6-N90-R05,plain,0,item-001,0,9,14,9,7,9
MPV-GEN-T6-N90-R05,plain,0,item-058,0,0,38,5,8,9
MPV-GEN-T6-N90-R05,plain,0,item-024,0,0,47,5,6,7
MPV-GEN-T6-N90-R05,plain,0,item-060,0,9,23,9,7,9
MPV-GEN-T6-N90-R05,plain,0,item-073,0,9,32,9,7,10
MPV-GEN-T6-N90-R05,plain,0,item-037,0,0,54,5,4,7
MPV-GEN-T6-N90-R05,plain,0,item-077,0,0,61,4,4,10
MPV-GEN-T6-N90-R05,plain,0,item-078,5,0,29,2,8,8
MPV-GEN-T6-N90-R05,plain,0,item-022,0,17,6,10,2,5
MPV-GEN-T6-N90-R05,plain,0,item-051,0,4,54,5,2,10
MPV-GEN-T6-N90-R05,plain,0,item-075,0,17,11,10,2,6
MPV-GEN-T6-N90-R05,plain,0,item-050,0,19,0,9,9,5
MPV-GEN-T6-N90-R05,plain,0,item-041,0,19,5,9,6,6
MPV-GEN-T6-N90-R05,plain,0,item-014,0,19,11,8,6,3
MPV-GEN-T6-N90-R05,plain,0,item-019,0,19,14,7,6,7
MPV-GEN-T6-N90-R05,plain,0,item-013,5,0,37,2,8,4
MPV-GEN-T6-N90-R05,plain,0,item-032,0,0,71,4,3,5
MPV-GEN-T6-N90-R05,plain,0,item-034,0,25,5,9,3,10
MPV-GEN-T6-N90-R05,plain,0,item-033,0,25,15,8,3,10
MPV-GEN-T6-N90-R05,plain,0,item-005,0,28,0,8,10,5
MPV-GEN-T6-N90-R05,plain,0,item-008,0,28,5,7,10,5
MPV-GEN-T6-N90-R05,plain,0,item-023,0,28,10,6,10,8
MPV-GEN-T6-N90-R05,plain,0,item-027,0,28,18,5,10,8
MPV-GEN-T6-N90-R05,plain,0,item-067,7,0,19,1,9,10
MPV-GEN-T6-N90-R05,plain,0,item-082,0,38,0,9,10,4
MPV-GEN-T6-N90-R05,plain,0,item-015,0,38,4,9,9,1
MPV-GEN-T6-N90-R05,plain,0,item-074,0,38,5,8,9,2
MPV-GEN-T6-N90-R05,plain,0,item-040,0,38,7,5,9,3
MPV-GEN-T6-N90-R05,plain,0,item-086,0,38,10,4,9,10
MPV-GEN-T6-N90-R05,plain,0,item-011,0,38,20,3,9,7
MPV-GEN-T6-N90-R05,plain,0,item-031,5,38,7,3,6,5
MPV-GEN-T6-N90-R05,plain,0,item-066,0,48,0,9,5,6
MPV-GEN-T6-N90-R05,plain,0,item-080,0,53,0,10,6,3
MPV-GEN-T6-N90-R05,plain,0,item-030,0,53,3,7,6,2
MPV-GEN-T6-N90-R05,plain,0,item-003,0,53,5,6,6,2
MPV-GEN-T6-N90-R05,plain,0,item-055,0,59,0,4,10,5
MPV-GEN-T6-N90-R05,plain,0,item-079,0,69,0,5,7,6
MPV-GEN-T6-N90-R05,plain,0,item-018,0,76,0,8,4,6
MPV-GEN-T6-N90-R05,plain,0,item-053,0,80,0,10,4,4
MPV-GEN-T6-N90-R05,plain,0,item-016,0,80,4,7,4,5
MPV-GEN-T6-N90-R05,plain,0,item-059,0,84,0,7,4,9
MPV-GEN-T6-N90-R05,plain,0,item-029,0,88,0,6,4,5
MPV-GEN-T6-N90-R05,plain,0,item-056,0,59,5,4,6,4
MPV-GEN-T6-N90-R05,plain,0,item-068,5,0,41,1,7,9
MPV-GEN-T6-N90-R05,plain,0,item-057,0,88,5,5,4,3
MPV-GEN-T6-N90-R05,plain,0,item-061,0,92,0,6,7,2
MPV-GEN-T6-N90-R05,plain,0,item-076,0,92,2,4,5,5
MPV-GEN-T6-N90-R05,plain,0,item-004,0,97,2,6,2,8
MPV-GEN-T6-N90-R05,plain,0,item-069,4,59,0,2,10,6
MPV-GEN-T6-N90-R05,plain,0,item-088,5,69,0,5,5,3
MPV-GEN-T6-N90-R05,plain,0,item-000,6,59,0,6,3,3
MPV-GEN-T6-N90-R05,plain,0,item-010,0,0,76,3,3,2
MPV-GEN-T6-N90-R05,plain,0,item-036,0,0,78,3,3,4
MPV-GEN-T6-N90-R05,plain,0,item-072,0,0,82,3,3,2
MPV-GEN-T6-N90-R05,plain,0,item-081,0,0,84,3,2,9
MPV-GEN-T6-N90-R05,plain,0,item-007,0,0,93,2,2,4
MPV-GEN-T6-N90-R05,plain,0,item-063,5,0,50,1,6,7
MPV-GEN-T6-N90-R05,plain,0,item-017,5,0,57,1,5,5
MPV-GEN-T6-N90-R05,plain,0,item-020,0,4,64,2,2,6
MPV-GEN-T6-N90-R05,plain,0,item-028,2,0,93,1,2,6
MPV-GEN-T6-N90-R05,plain,0,item-039,7,0,29,1,9,4
MPV-GEN-T6-N90-R05,plain,0,item-052,0,2,84,3,1,7
MPV-GEN-T6-N90-R05,plain,0,item-048,3,0,76,1,2,6
MPV-GEN-T6-N90-R05,plain,0,item-089,5,0,62,1,5,6
MPV-GEN-T6-N90-R05,plain,0,item-044,0,6,47,5,2,1
MPV-GEN-T6-N90-R05,plain,0,item-065,7,0,33,1,9,5
MPV-GEN-T6-N90-R05,plain,0,item-087,5,28,18,1,10,2
MPV-GEN-T6-N90-R05,plain,0,item-002,0,16,14,8,1,1
MPV-GEN-T6-N90-R05,plain,0,item-009,5,69,3,5,5,2
MPV-GEN-T6-N90-R05,plain,0,item-046,6,59,3,6,2,4
MPV-GEN-T6-N90-R05,plain,0,item-054,0,16,15,8,1,5
MPV-GEN-T6-N90-R05,plain,0,item-042,0,17,17,7,2,4
MPV-GEN-T6-N90-R05,plain,0,item-045,6,88,0,4,9,1
MPV-GEN-T6-N90-R05,plain,0,item-084,4,59,6,2,9,2
MPV-GEN-T6-N90-R05,plain,0,item-064,6,88,1,4,8,1
MPV-GEN-T6-N90-R05,plain,0,item-012,6,62,0,10,3,1
MPV-GEN-T6-N90-R05,plain,0,item-025,6,88,2,4,7,1
MPV-GEN-T6-N90-R05,plain,0,item-021,6,62,1,9,2,1
MPV-GEN-T6-N90-R05,plain,0,item-026,0,0,97,1,2,2
MPV-GEN-T6-N90-R05,plain,0,item-035,0,2,91,2,1,4
MPV-GEN-T6-N90-R05,plain,0,item-043,0,3,71,3,1,2
MPV-GEN-T6-N90-R05,plain,0,item-038,4,0,61,1,3,1
MPV-GEN-T6-N90-R05,plain,0,item-083,0,88,8,4,3,1
MPV-GEN-T6-N90-R05,plain,0,item-049,0,92,7,2,4,1
MPV-GEN-T6-N90-R06,plain,0,item-044,0,0,0,10,10,8
MPV-GEN-T6-N90-R06,plain,0,item-069,0,0,8,9,10,10
MPV-GEN-T6-N90-R06,plain,0,item-016,0,0,18,8,10,9
MPV-GEN-T6-N90-R06,plain,0,item-006,0,0,27,7,10,9
MPV-GEN-T6-N90-R06,plain,0,item-023,0,0,36,7,10,6
MPV-GEN-T6-N90-R06,plain,0,item-042,0,0,42,6,9,9
MPV-GEN-T6-N90-R06,plain,0,item-004,0,0,51,6,7,9
MPV-GEN-T6-N90-R06,plain,0,item-013,0,0,60,5,6,9
MPV-GEN-T6-N90-R06,plain,0,item-003,0,0,69,5,5,6
MPV-GEN-T6-N90-R06,plain,0,item-014,0,10,0,9,10,5
MPV-GEN-T6-N90-R06,plain,0,item-024,0,10,5,9,10,8
MPV-GEN-T6-N90-R06,plain,0,item-075,0,10,13,9,10,7
MPV-GEN-T6-N90-R06,plain,0,item-041,0,10,20,9,9,5
MPV-GEN-T6-N90-R06,plain,0,item-045,0,10,25,9,7,10
MPV-GEN-T6-N90-R06,plain,0,item-057,0,10,35,8,7,9
MPV-GEN-T6-N90-R06,plain,0,item-022,0,20,0,8,10,5
MPV-GEN-T6-N90-R06,plain,0,item-009,0,20,5,7,8,6
MPV-GEN-T6-N90-R06,plain,0,item-039,0,0,75,5,5,10
MPV-GEN-T6-N90-R06,plain,0,item-063,0,0,85,3,4,10
MPV-GEN-T6-N90-R06,plain,0,item-066,0,20,11,7,6,10
MPV-GEN-T6-N90-R06,plain,0,item-058,0,30,0,9,8,7
MPV-GEN-T6-N90-R06,plain,0,item-008,0,38,0,9,6,7
MPV-GEN-T6-N90-R06,plain,0,item-048,0,44,0,9,10,4
MPV-GEN-T6-N90-R06,plain,0,item-025,0,44,4,8,9,4
MPV-GEN-T6-N90-R06,plain,0,item-012,0,54,0,10,6,5
MPV-GEN-T6-N90-R06,plain,0,item-068,0,60,0,9,10,3
MPV-GEN-T6-N90-R06,plain,0,item-028,0,60,3,9,7,3
MPV-GEN-T6-N90-R06,plain,0,item-034,0,70,0,7,10,2
MPV-GEN-T6-N90-R06,plain,0,item-055,0,67,3,9,3,5
MPV-GEN-T6-N90-R06,plain,0,item-059,0,70,2,5,10,8
MPV-GEN-T6-N90-R06,plain,0,item-089,5,70,2,2,10,7
MPV-GEN-T6-N90-R06,plain,0,item-070,0,80,0,5,10,6
MPV-GEN-T6-N90-R06,plain,0,item-033,0,80,6,3,10,6
MPV-GEN-T6-N90-R06,plain,0,item-002,3,80,6,2,9,7
MPV-GEN-T6-N90-R06,plain,0,item-074,0,90,0,10,7,4
MPV-GEN-T6-N90-R06,plain,0,item-030,0,90,4,6,6,3
MPV-GEN-T6-N90-R06,plain,0,item-007,0,90,7,6,4,10
MPV-GEN-T6-N90-R06,plain,0,item-077,5,80,0,8,8,2
MPV-GEN-T6-N90-R06,plain,0,item-087,5,80,2,6,6,6
MPV-GEN-T6-N90-R06,plain,0,item-043,5,80,8,6,5,6
MPV-GEN-T6-N90-R06,plain,0,item-000,7,70,0,7,5,3
MPV-GEN-T6-N90-R06,plain,0,item-001,0,0,95,2,3,3
MPV-GEN-T6-N90-R06,plain,0,item-078,3,0,85,2,4,6
MPV-GEN-T6-N90-R06,plain,0,item-005,0,7,51,3,2,6
MPV-GEN-T6-N90-R06,plain,0,item-020,6,0,42,1,8,7
MPV-GEN-T6-N90-R06,plain,0,item-051,6,0,49,1,8,8
MPV-GEN-T6-N90-R06,plain,0,item-062,6,0,57,1,8,7
MPV-GEN-T6-N90-R06,plain,0,item-010,0,17,25,8,1,6
MPV-GEN-T6-N90-R06,plain,0,item-021,7,70,3,7,5,7
MPV-GEN-T6-N90-R06,plain,0,item-019,8,20,0,7,6,2
MPV-GEN-T6-N90-R06,plain,0,item-040,9,10,0,4,7,10
MPV-GEN-T6-N90-R06,plain,0,item-047,9,26,0,4,7,10
MPV-GEN-T6-N90-R06,plain,0,item-052,0,33,7,4,7,6
MPV-GEN-T6-N90-R06,plain,0,item-072,4,33,7,4,7,8
MPV-GEN-T6-N90-R06,plain,0,item-083,0,40,7,7,4,4
MPV-GEN-T6-N90-R06,plain,0,item-015,0,44,8,3,8,5
MPV-GEN-T6-N90-R06,plain,0,item-036,3,44,8,2,7,9
MPV-GEN-T6-N90-R06,plain,0,item-050,0,40,11,4,3,8
MPV-GEN-T6-N90-R06,plain,0,item-056,5,44,8,3,6,5
MPV-GEN-T6-N90-R06,plain,0,item-085,8,20,2,3,6,7
MPV-GEN-T6-N90-R06,plain,0,item-011,0,97,0,9,3,3
MPV-GEN-T6-N90-R06,plain,0,item-026,0,96,4,10,1,8
MPV-GEN-T6-N90-R06,plain,0,item-029,5,88,0,10,2,10
MPV-GEN-T6-N90-R06,plain,0,item-082,6,90,4,4,4,4
MPV-GEN-T6-N90-R06,plain,0,item-049,0,97,3,9,3,2
MPV-GEN-T6-N90-R06,plain,0,item-064,7,75,0,10,2,4
MPV-GEN-T6-N90-R06,plain,0,item-065,9,33,0,3,5,4
MPV-GEN-T6-N90-R06,plain,0,item-080,0,97,5,9,3,2
MPV-GEN-T6-N90-R06,plain,0,item-084,9,38,0,7,8,1
MPV-GEN-T6-N90-R06,plain,0,item-017,9,38,1,2,7,3
MPV-GEN-T6-N90-R06,plain,0,item-032,3,0,91,2,2,9
MPV-GEN-T6-N90-R06,plain,0,item-053,0,9,42,7,1,4
MPV-GEN-T6-N90-R06,plain,0,item-054,0,9,46,7,1,6
MPV-GEN-T6-N90-R06,plain,0,item-031,0,10,44,2,7,2
MPV-GEN-T6-N90-R06,plain,0,item-060,0,10,46,2,7,4
MPV-GEN-T6-N90-R06,plain,0,item-067,0,10,50,2,7,5
MPV-GEN-T6-N90-R06,plain,0,item-073,2,10,44,6,2,3
MPV-GEN-T6-N90-R06,plain,0,item-076,2,12,44,2,3,6
MPV-GEN-T6-N90-R06,plain,0,item-071,7,0,27,1,8,4
MPV-GEN-T6-N90-R06,plain,0,item-081,4,12,44,2,3,5
MPV-GEN-T6-N90-R06,plain,0,item-018,0,97,7,9,3,1
MPV-GEN-T6-N90-R06,plain,0,item-027,5,0,60,1,5,5
MPV-GEN-T6-N90-R06,plain,0,item-035,0,4,85,4,1,2
MPV-GEN-T6-N90-R06,plain,0,item-037,0,0,98,1,2,2
MPV-GEN-T6-N90-R06,plain,0,item-079,0,97,8,9,2,2
MPV-GEN-T6-N90-R06,plain,0,item-086,9,33,4,2,6,7
MPV-GEN-T6-N90-R06,plain,0,item-038,7,75,4,10,1,3
MPV-GEN-T6-N90-R06,plain,0,item-046,0,9,52,7,1,3
MPV-GEN-T6-N90-R06,plain,0,item-061,0,97,10,9,2,1
MPV-GEN-T6-N90-R06,plain,0,item-088,11,38,1,4,5,1
MPV-GEN-T6-N90-R07,plain,0,item-031,0,0,0,10,9,6
MPV-GEN-T6-N90-R07,plain,0,item-014,0,0,6,9,7,8
MPV-GEN-T6-N90-R07,plain,0,item-054,0,9,0,7,10,8
MPV-GEN-T6-N90-R07,plain,0,item-001,0,19,0,6,10,8
MPV-GEN-T6-N90-R07,plain,0,item-019,0,0,14,8,7,8
MPV-GEN-T6-N90-R07,plain,0,item-038,0,29,0,8,10,6
MPV-GEN-T6-N90-R07,plain,0,item-050,0,0,22,8,6,10
MPV-GEN-T6-N90-R07,plain,0,item-006,0,29,6,6,10,7
MPV-GEN-T6-N90-R07,plain,0,item-033,0,39,0,9,8,5
MPV-GEN-T6-N90-R07,plain,0,item-000,0,39,5,7,8,6
MPV-GEN-T6-N90-R07,plain,0,item-015,0,0,32,8,4,10
MPV-GEN-T6-N90-R07,plain,0,item-022,0,39,11,7,7,8
MPV-GEN-T6-N90-R07,plain,0,item-016,0,47,0,10,7,4
MPV-GEN-T6-N90-R07,plain,0,item-005,0,47,4,9,7,4
MPV-GEN-T6-N90-R07,plain,0,item-075,0,47,8,7,7,7
MPV-GEN-T6-N90-R07,plain,0,item-034,0,0,42,6,4,5
MPV-GEN-T6-N90-R07,plain,0,item-071,0,0,47,6,4,10
MPV-GEN-T6-N90-R07,plain,0,item-045,0,0,57,3,4,8
MPV-GEN-T6-N90-R07,plain,0,item-068,0,4,32,6,2,8
MPV-GEN-T6-N90-R07,plain,0,item-083,0,7,6,9,2,6
MPV-GEN-T6-N90-R07,plain,0,item-011,0,9,8,4,8,10
MPV-GEN-T6-N90-R07,plain,0,item-029,0,17,8,5,9,6
MPV-GEN-T6-N90-R07,plain,0,item-044,0,17,14,4,9,4
MPV-GEN-T6-N90-R07,plain,0,item-053,4,9,8,3,7,7
MPV-GEN-T6-N90-R07,plain,0,item-007,5,16,8,1,9,9
MPV-GEN-T6-N90-R07,plain,0,item-009,0,54,0,10,10,1
MPV-GEN-T6-N90-R07,plain,0,item-012,9,0,6,1,8,10
MPV-GEN-T6-N90-R07,plain,0,item-020,0,54,1,9,5,7
MPV-GEN-T6-N90-R07,plain,0,item-024,0,54,8,6,5,10
MPV-GEN-T6-N90-R07,plain,0,item-039,0,59,1,10,4,5
MPV-GEN-T6-N90-R07,plain,0,item-070,0,59,6,10,3,7
MPV-GEN-T6-N90-R07,plain,0,item-018,0,59,13,9,3,5
MPV-GEN-T6-N90-R07,plain,0,item-049,0,64,0,7,9,4
MPV-GEN-T6-N90-R07,plain,0,item-072,0,73,0,6,10,3
MPV-GEN-T6-N90-R07,plain,0,item-077,6,54,8,3,5,7
MPV-GEN-T6-N90-R07,plain,0,item-040,7,39,5,2,6,6
MPV-GEN-T6-N90-R07,plain,0,item-055,0,0,65,3,3,8
MPV-GEN-T6-N90-R07,plain,0,item-066,0,73,3,6,6,7
MPV-GEN-T6-N90-R07,plain,0,item-021,0,83,0,8,7,2
MPV-GEN-T6-N90-R07,plain,0,item-064,0,83,2,7,7,6
MPV-GEN-T6-N90-R07,plain,0,item-027,0,90,0,10,9,1
MPV-GEN-T6-N90-R07,plain,0,item-041,0,90,1,10,9,1
MPV-GEN-T6-N90-R07,plain,0,item-080,0,7,12,9,1,8
MPV-GEN-T6-N90-R07,plain,0,item-052,0,79,3,4,4,4
MPV-GEN-T6-N90-R07,plain,0,item-046,0,90,2,7,9,1
MPV-GEN-T6-N90-R07,plain,0,item-060,0,90,3,4,8,6
MPV-GEN-T6-N90-R07,plain,0,item-074,4,90,3,3,6,5
MPV-GEN-T6-N90-R07,plain,0,item-043,6,19,0,8,10,1
MPV-GEN-T6-N90-R07,plain,0,item-051,6,19,1,8,5,5
MPV-GEN-T6-N90-R07,plain,0,item-013,6,19,6,5,5,5
MPV-GEN-T6-N90-R07,plain,0,item-023,6,24,1,7,3,3
MPV-GEN-T6-N90-R07,plain,0,item-069,6,24,4,7,3,7
MPV-GEN-T6-N90-R07,plain,0,item-065,6,73,0,4,10,2
MPV-GEN-T6-N90-R07,plain,0,item-058,6,73,2,4,7,6
MPV-GEN-T6-N90-R07,plain,0,item-002,7,9,0,5,6,2
MPV-GEN-T6-N90-R07,plain,0,item-008,0,0,73,2,3,10
MPV-GEN-T6-N90-R07,plain,0,item-042,0,0,83,2,3,3
MPV-GEN-T6-N90-R07,plain,0,item-089,0,0,86,2,2,7
MPV-GEN-T6-N90-R07,plain,0,item-003,2,0,73,1,3,1
MPV-GEN-T6-N90-R07,plain,0,item-025,0,4,40,5,2,6
MPV-GEN-T6-N90-R07,plain,0,item-047,2,0,74,1,3,5
MPV-GEN-T6-N90-R07,plain,0,item-076,2,0,79,1,2,8
MPV-GEN-T6-N90-R07,plain,0,item-078,3,0,57,3,3,5
MPV-GEN-T6-N90-R07,plain,0,item-004,0,4,46,5,1,1
MPV-GEN-T6-N90-R07,plain,0,item-026,0,6,22,8,1,7
MPV-GEN-T6-N90-R07,plain,0,item-037,0,6,29,6,1,8
MPV-GEN-T6-N90-R07,plain,0,item-059,7,9,2,4,5,8
MPV-GEN-T6-N90-R07,plain,0,item-056,7,9,10,3,5,3
MPV-GEN-T6-N90-R07,plain,0,item-061,7,64,0,9,6,1
MPV-GEN-T6-N90-R07,plain,0,item-062,7,63,1,3,6,4
MPV-GEN-T6-N90-R07,plain,0,item-087,8,29,0,10,5,1
MPV-GEN-T6-N90-R07,plain,0,item-073,8,27,1,4,6,3
MPV-GEN-T6-N90-R07,plain,0,item-079,9,34,0,6,8,1
MPV-GEN-T6-N90-R07,plain,0,item-057,9,33,1,2,9,4
MPV-GEN-T6-N90-R07,plain,0,item-010,10,42,0,4,10,1
MPV-GEN-T6-N90-R07,plain,0,item-017,10,42,1,2,10,2
MPV-GEN-T6-N90-R07,plain,0,item-063,8,27,4,4,5,2
MPV-GEN-T6-N90-R07,plain,0,item-082,0,7,20,8,1,5
MPV-GEN-T6-N90-R07,plain,0,item-030,11,33,1,4,9,1
MPV-GEN-T6-N90-R07,plain,0,item-084,6,0,42,1,4,9
MPV-GEN-T6-N90-R07,plain,0,item-032,9,0,16,1,8,4
MPV-GEN-T6-N90-R07,plain,0,item-081,7,15,0,10,3,4
MPV-GEN-T6-N90-R07,plain,0,item-088,10,42,3,2,8,2
MPV-GEN-T6-N90-R07,plain,0,item-028,7,70,0,8,3,1
MPV-GEN-T6-N90-R07,plain,0,item-048,0,7,25,8,1,3
MPV-GEN-T6-N90-R07,plain,0,item-035,0,69,4,7,2,1
MPV-GEN-T6-N90-R07,plain,0,item-036,0,79,7,2,4,1
MPV-GEN-T6-N90-R07,plain,0,item-086,0,79,8,1,10,1
MPV-GEN-T6-N90-R07,plain,0,item-067,2,79,7,2,4,1
MPV-GEN-T6-N90-R07,plain,0,item-085,7,69,1,8,2,3
MPV-GEN-T6-N90-R08,plain,0,item-042,0,0,0,9,10,8
MPV-GEN-T6-N90-R08,plain,0,item-076,0,0,8,7,10,9
MPV-GEN-T6-N90-R08,plain,0,item-077,0,0,17,7,9,9
MPV-GEN-T6-N90-R08,plain,0,item-080,0,10,0,10,8,7
MPV-GEN-T6-N90-R08,plain,0,item-000,0,10,7,8,8,8
MPV-GEN-T6-N90-R08,plain,0,item-060,0,0,26,7,8,9
MPV-GEN-T6-N90-R08,plain,0,item-035,0,18,0,7,10,7
MPV-GEN-T6-N90-R08,plain,0,item-021,0,18,7,6,10,8
MPV-GEN-T6-N90-R08,plain,0,item-028,0,0,35,6,8,8
MPV-GEN-T6-N90-R08,plain,0,item-046,0,0,43,6,8,10
MPV-GEN-T6-N90-R08,plain,0,item-062,0,0,53,6,7,10
MPV-GEN-T6-N90-R08,plain,0,item-027,0,0,63,6,6,10
MPV-GEN-T6-N90-R08,plain,0,item-054,0,10,15,6,10,9
MPV-GEN-T6-N90-R08,plain,0,item-055,0,0,73,6,6,8
MPV-GEN-T6-N90-R08,plain,0,item-075,0,0,81,6,5,10
MPV-GEN-T6-N90-R08,plain,0,item-022,0,0,91,5,5,8
MPV-GEN-T6-N90-R08,plain,0,item-038,0,20,15,5,8,8
MPV-GEN-T6-N90-R08,plain,0,item-047,0,20,23,5,8,9
MPV-GEN-T6-N90-R08,plain,0,item-024,0,28,0,10,9,3
MPV-GEN-T6-N90-R08,plain,0,item-039,7,0,8,2,10,9
MPV-GEN-T6-N90-R08,plain,0,item-086,0,28,3,9,7,8
MPV-GEN-T6-N90-R08,plain,0,item-058,0,28,11,8,7,4
MPV-GEN-T6-N90-R08,plain,0,item-059,7,0,17,2,9,7
MPV-GEN-T6-N90-R08,plain,0,item-070,0,28,15,4,7,7
MPV-GEN-T6-N90-R08,plain,0,item-011,0,35,3,10,2,6
MPV-GEN-T6-N90-R08,plain,0,item-031,0,37,0,7,10,3
MPV-GEN-T6-N90-R08,plain,0,item-019,0,37,3,6,9,5
MPV-GEN-T6-N90-R08,plain,0,item-041,0,35,9,10,2,8
MPV-GEN-T6-N90-R08,plain,0,item-045,0,35,17,10,2,7
MPV-GEN-T6-N90-R08,plain,0,item-049,0,37,8,6,8,5
MPV-GEN-T6-N90-R08,plain,0,item-089,0,28,22,3,5,8
MPV-GEN-T6-N90-R08,plain,0,item-001,0,47,0,9,6,2
MPV-GEN-T6-N90-R08,plain,0,item-002,0,47,2,9,4,8
MPV-GEN-T6-N90-R08,plain,0,item-018,0,53,0,10,4,10
MPV-GEN-T6-N90-R08,plain,0,item-043,0,51,2,9,2,7
MPV-GEN-T6-N90-R08,plain,0,item-053,0,57,0,10,4,9
MPV-GEN-T6-N90-R08,plain,0,item-081,0,57,9,9,4,10
MPV-GEN-T6-N90-R08,plain,0,item-067,0,61,0,3,10,8
MPV-GEN-T6-N90-R08,plain,0,item-003,0,71,0,10,2,5
MPV-GEN-T6-N90-R08,plain,0,item-010,6,0,35,1,8,5
MPV-GEN-T6-N90-R08,plain,0,item-074,0,28,30,3,4,7
MPV-GEN-T6-N90-R08,plain,0,item-020,0,9,17,8,1,10
MPV-GEN-T6-N90-R08,plain,0,item-088,6,0,40,1,8,10
MPV-GEN-T6-N90-R08,plain,0,item-032,6,0,50,1,7,8
MPV-GEN-T6-N90-R08,plain,0,item-050,0,10,24,3,10,3
MPV-GEN-T6-N90-R08,plain,0,item-004,3,10,24,3,6,2
MPV-GEN-T6-N90-R08,plain,0,item-025,5,0,91,1,4,7
MPV-GEN-T6-N90-R08,plain,0,item-084,0,5,81,6,1,6
MPV-GEN-T6-N90-R08,plain,0,item-087,0,5,87,5,1,5
MPV-GEN-T6-N90-R08,plain,0,item-005,0,5,92,4,1,5
MPV-GEN-T6-N90-R08,plain,0,item-006,0,6,63,4,1,6
MPV-GEN-T6-N90-R08,plain,0,item-082,3,10,26,3,5,3
MPV-GEN-T6-N90-R08,plain,0,item-040,0,15,27,3,4,3
MPV-GEN-T6-N90-R08,plain,0,item-007,0,8,26,7,1,5
MPV-GEN-T6-N90-R08,plain,0,item-030,0,6,69,3,1,10
MPV-GEN-T6-N90-R08,plain,0,item-064,0,6,79,3,1,9
MPV-GEN-T6-N90-R08,plain,0,item-016,6,0,58,1,3,8
MPV-GEN-T6-N90-R08,plain,0,item-017,6,0,66,1,2,10
MPV-GEN-T6-N90-R08,plain,0,item-033,0,0,99,4,5,1
MPV-GEN-T6-N90-R08,plain,0,item-073,6,3,58,1,3,6
MPV-GEN-T6-N90-R08,plain,0,item-008,0,7,53,6,1,2
MPV-GEN-T6-N90-R08,plain,0,item-037,7,0,24,2,7,5
MPV-GEN-T6-N90-R08,plain,0,item-066,4,28,15,4,7,3
MPV-GEN-T6-N90-R08,plain,0,item-079,7,0,29,2,5,7
MPV-GEN-T6-N90-R08,plain,0,item-069,4,28,18,4,5,3
MPV-GEN-T6-N90-R08,plain,0,item-071,7,0,36,2,3,7
MPV-GEN-T6-N90-R08,plain,0,item-009,4,28,21,4,3,3
MPV-GEN-T6-N90-R08,plain,0,item-063,0,37,13,6,3,5
MPV-GEN-T6-N90-R08,plain,0,item-057,0,37,18,5,2,8
MPV-GEN-T6-N90-R08,plain,0,item-026,0,51,9,7,2,3
MPV-GEN-T6-N90-R08,plain,0,item-013,0,53,10,8,3,2
MPV-GEN-T6-N90-R08,plain,0,item-036,0,61,8,1,10,6
MPV-GEN-T6-N90-R08,plain,0,item-012,0,61,14,1,9,4
MPV-GEN-T6-N90-R08,plain,0,item-015,7,0,43,2,3,4
MPV-GEN-T6-N90-R08,plain,0,item-051,0,40,13,4,3,3
MPV-GEN-T6-N90-R08,plain,0,item-056,7,0,47,2,3,4
MPV-GEN-T6-N90-R08,plain,0,item-068,0,40,16,4,3,2
MPV-GEN-T6-N90-R08,plain,0,item-014,0,56,10,10,1,2
MPV-GEN-T6-N90-R08,plain,0,item-072,0,71,5,7,2,7
MPV-GEN-T6-N90-R08,plain,0,item-029,0,73,0,9,7,1
MPV-GEN-T6-N90-R08,plain,0,item-044,0,73,1,9,7,1
MPV-GEN-T6-N90-R08,plain,0,item-052,0,71,12,7,2,3
MPV-GEN-T6-N90-R08,plain,0,item-023,0,80,0,10,3,1
MPV-GEN-T6-N90-R08,plain,0,item-034,0,6,88,2,1,5
MPV-GEN-T6-N90-R08,plain,0,item-078,0,5,97,3,1,3
MPV-GEN-T6-N90-R08,plain,0,item-048,0,7,55,6,1,1
MPV-GEN-T6-N90-R08,plain,0,item-065,0,73,2,6,4,1
MPV-GEN-T6-N90-R08,plain,0,item-061,0,80,1,10,1,2
MPV-GEN-T6-N90-R08,plain,0,item-083,7,0,51,2,3,1
MPV-GEN-T6-N90-R08,plain,0,item-085,0,6,93,2,1,2
MPV-GEN-T6-N90-R09,plain,0,item-084,0,0,0,10,9,4
MPV-GEN-T6-N90-R09,plain,0,item-008,0,0,4,9,8,5
MPV-GEN-T6-N90-R09,plain,0,item-087,0,0,9,9,8,10
MPV-GEN-T6-N90-R09,plain,0,item-020,0,0,19,8,8,10
MPV-GEN-T6-N90-R09,plain,0,item-073,0,0,29,7,7,8
MPV-GEN-T6-N90-R09,plain,0,item-085,0,0,37,7,7,8
MPV-GEN-T6-N90-R09,plain,0,item-037,0,0,45,7,6,9
MPV-GEN-T6-N90-R09,plain,0,item-046,0,0,54,6,6,8
MPV-GEN-T6-N90-R09,plain,0,item-049,0,0,62,4,6,5
MPV-GEN-T6-N90-R09,plain,0,item-029,0,0,67,4,4,5
MPV-GEN-T6-N90-R09,plain,0,item-075,0,0,72,4,4,10
MPV-GEN-T6-N90-R09,plain,0,item-030,0,0,82,3,4,8
MPV-GEN-T6-N90-R09,plain,0,item-047,0,0,90,2,4,6
MPV-GEN-T6-N90-R09,plain,0,item-077,0,0,96,2,4,4
MPV-GEN-T6-N90-R09,plain,0,item-001,2,0,90,1,3,9
MPV-GEN-T6-N90-R09,plain,0,item-012,0,4,67,4,1,7
MPV-GEN-T6-N90-R09,plain,0,item-041,3,0,82,1,4,6
MPV-GEN-T6-N90-R09,plain,0,item-045,0,4,74,4,1,5
MPV-GEN-T6-N90-R09,plain,0,item-054,0,4,79,4,1,9
MPV-GEN-T6-N90-R09,plain,0,item-036,3,0,88,1,5,10
MPV-GEN-T6-N90-R09,plain,0,item-006,0,4,88,3,1,4
MPV-GEN-T6-N90-R09,plain,0,item-002,0,4,92,2,1,5
MPV-GEN-T6-N90-R09,plain,0,item-007,4,0,62,2,6,2
MPV-GEN-T6-N90-R09,plain,0,item-069,4,0,64,2,6,8
MPV-GEN-T6-N90-R09,plain,0,item-015,0,6,45,7,1,9
MPV-GEN-T6-N90-R09,plain,0,item-044,4,0,72,1,6,9
MPV-GEN-T6-N90-R09,plain,0,item-017,6,0,54,1,7,7
MPV-GEN-T6-N90-R09,plain,0,item-034,6,0,61,1,7,8
MPV-GEN-T6-N90-R09,plain,0,item-059,4,0,81,1,4,5
MPV-GEN-T6-N90-R09,plain,0,item-043,6,0,69,1,7,2
MPV-GEN-T6-N90-R09,plain,0,item-086,0,6,54,6,1,2
MPV-GEN-T6-N90-R09,plain,0,item-000,0,7,29,8,1,1
MPV-GEN-T6-N90-R09,plain,0,item-003,0,9,0,8,10,2
MPV-GEN-T6-N90-R09,plain,0,item-025,0,9,2,8,9,9
MPV-GEN-T6-N90-R09,plain,0,item-019,0,19,0,7,10,9
MPV-GEN-T6-N90-R09,plain,0,item-048,0,29,0,7,10,10
MPV-GEN-T6-N90-R09,plain,0,item-039,0,39,0,7,9,6
MPV-GEN-T6-N90-R09,plain,0,item-009,0,39,6,7,5,8
MPV-GEN-T6-N90-R09,plain,0,item-005,0,48,0,10,6,5
MPV-GEN-T6-N90-R09,plain,0,item-023,0,48,5,10,6,8
MPV-GEN-T6-N90-R09,plain,0,item-053,0,54,0,6,10,10
MPV-GEN-T6-N90-R09,plain,0,item-026,0,54,10,5,10,10
MPV-GEN-T6-N90-R09,plain,0,item-062,0,64,0,8,5,9
MPV-GEN-T6-N90-R09,plain,0,item-010,0,64,9,7,5,10
MPV-GEN-T6-N90-R09,plain,0,item-050,0,64,19,7,5,5
MPV-GEN-T6-N90-R09,plain,0,item-081,0,44,6,7,4,7
MPV-GEN-T6-N90-R09,plain,0,item-011,0,44,13,7,7,3
MPV-GEN-T6-N90-R09,plain,0,item-033,0,51,13,10,3,10
MPV-GEN-T6-N90-R09,plain,0,item-004,0,54,20,4,8,4
MPV-GEN-T6-N90-R09,plain,0,item-014,0,69,0,8,6,5
MPV-GEN-T6-N90-R09,plain,0,item-024,0,69,5,7,4,5
MPV-GEN-T6-N90-R09,plain,0,item-074,0,69,10,6,3,10
MPV-GEN-T6-N90-R09,plain,0,item-013,0,73,5,8,2,6
MPV-GEN-T6-N90-R09,plain,0,item-060,0,75,0,9,7,3
MPV-GEN-T6-N90-R09,plain,0,item-063,0,75,3,9,4,9
MPV-GEN-T6-N90-R09,plain,0,item-072,0,82,0,7,7,4
MPV-GEN-T6-N90-R09,plain,0,item-018,0,89,0,10,4,4
MPV-GEN-T6-N90-R09,plain,0,item-027,6,54,0,3,10,6
MPV-GEN-T6-N90-R09,plain,0,item-031,0,62,20,5,2,9
MPV-GEN-T6-N90-R09,plain,0,item-057,0,64,24,7,4,3
MPV-GEN-T6-N90-R09,plain,0,item-028,0,64,27,5,4,4
MPV-GEN-T6-N90-R09,plain,0,item-070,5,54,10,1,10,8
MPV-GEN-T6-N90-R09,plain,0,item-088,5,54,18,1,9,9
MPV-GEN-T6-N90-R09,plain,0,item-016,6,54,6,3,8,3
MPV-GEN-T6-N90-R09,plain,0,item-066,6,54,9,3,7,8
MPV-GEN-T6-N90-R09,plain,0,item-089,6,54,17,3,7,8
MPV-GEN-T6-N90-R09,plain,0,item-035,0,8,4,10,1,6
MPV-GEN-T6-N90-R09,plain,0,item-065,0,8,10,9,1,9
MPV-GEN-T6-N90-R09,plain,0,item-052,0,9,11,7,9,1
MPV-GEN-T6-N90-R09,plain,0,item-058,0,9,12,5,6,3
MPV-GEN-T6-N90-R09,plain,0,item-068,0,9,15,3,5,7
MPV-GEN-T6-N90-R09,plain,0,item-021,0,15,12,7,2,3
MPV-GEN-T6-N90-R09,plain,0,item-079,0,7,30,7,1,6
MPV-GEN-T6-N90-R09,plain,0,item-083,0,69,20,4,3,3
MPV-GEN-T6-N90-R09,plain,0,item-071,0,8,19,9,1,3
MPV-GEN-T6-N90-R09,plain,0,item-038,0,8,22,3,5,1
MPV-GEN-T6-N90-R09,plain,0,item-022,0,8,23,2,4,1
MPV-GEN-T6-N90-R09,plain,0,item-061,0,93,0,10,5,2
MPV-GEN-T6-N90-R09,plain,0,item-080,0,93,2,8,4,3
MPV-GEN-T6-N90-R09,plain,0,item-032,7,19,0,10,3,3
MPV-GEN-T6-N90-R09,plain,0,item-040,2,0,99,1,3,1
MPV-GEN-T6-N90-R09,plain,0,item-055,7,22,0,10,8,1
MPV-GEN-T6-N90-R09,plain,0,item-056,7,22,1,10,4,2
MPV-GEN-T6-N90-R09,plain,0,item-082,0,79,3,7,2,4
MPV-GEN-T6-N90-R09,plain,0,item-042,7,26,1,5,4,2
MPV-GEN-T6-N90-R09,plain,0,item-064,7,30,0,10,6,1
MPV-GEN-T6-N90-R09,plain,0,item-078,12,26,1,4,10,2
MPV-GEN-T6-N90-R09,plain,0,item-051,16,26,1,1,10,2
MPV-GEN-T6-N90-R09,plain,0,item-076,7,36,0,6,9,1
MPV-GEN-T6-N90-R09,plain,0,item-067,7,30,1,3,7,2
MPV-GEN-T6-N90-R10,plain,0,item-014,0,0,0,9,10,7
MPV-GEN-T6-N90-R10,plain,0,item-059,0,0,7,9,10,6
MPV-GEN-T6-N90-R10,plain,0,item-072,0,0,13,8,9,8
MPV-GEN-T6-N90-R10,plain,0,item-001,0,0,21,6,9,3
MPV-GEN-T6-N90-R10,plain,0,item-002,0,0,24,6,9,1
MPV-GEN-T6-N90-R10,plain,0,item-047,0,0,25,6,9,10
MPV-GEN-T6-N90-R10,plain,0,item-007,0,0,35,6,8,8
MPV-GEN-T6-N90-R10,plain,0,item-077,0,0,43,6,8,6
MPV-GEN-T6-N90-R10,plain,0,item-003,0,0,49,5,7,6
MPV-GEN-T6-N90-R10,plain,0,item-021,0,0,55,5,7,9
MPV-GEN-T6-N90-R10,plain,0,item-050,0,0,64,2,7,8
MPV-GEN-T6-N90-R10,plain,0,item-060,0,0,72,2,7,6
MPV-GEN-T6-N90-R10,plain,0,item-030,0,0,78,2,4,7
MPV-GEN-T6-N90-R10,plain,0,item-004,0,0,85,2,3,7
MPV-GEN-T6-N90-R10,plain,0,item-019,0,10,0,7,10,6
MPV-GEN-T6-N90-R10,plain,0,item-033,0,10,6,7,10,6
MPV-GEN-T6-N90-R10,plain,0,item-048,0,10,12,5,10,8
MPV-GEN-T6-N90-R10,plain,0,item-057,0,20,0,10,7,9
MPV-GEN-T6-N90-R10,plain,0,item-085,2,0,64,3,6,5
MPV-GEN-T6-N90-R10,plain,0,item-037,2,0,69,3,4,6
MPV-GEN-T6-N90-R10,plain,0,item-024,5,0,49,1,8,8
MPV-GEN-T6-N90-R10,plain,0,item-008,5,0,57,1,6,7
MPV-GEN-T6-N90-R10,plain,0,item-017,6,0,21,2,9,5
MPV-GEN-T6-N90-R10,plain,0,item-023,5,0,64,1,6,6
MPV-GEN-T6-N90-R10,plain,0,item-026,0,7,49,4,1,8
MPV-GEN-T6-N90-R10,plain,0,item-082,6,0,26,2,6,4
MPV-GEN-T6-N90-R10,plain,0,item-013,8,0,13,1,10,3
MPV-GEN-T6-N90-R10,plain,0,item-052,0,20,9,10,5,10
MPV-GEN-T6-N90-R10,plain,0,item-018,0,20,19,9,5,9
MPV-GEN-T6-N90-R10,plain,0,item-035,0,27,0,10,9,4
MPV-GEN-T6-N90-R10,plain,0,item-045,0,27,4,9,9,4
MPV-GEN-T6-N90-R10,plain,0,item-027,0,27,8,9,7,3
MPV-GEN-T6-N90-R10,plain,0,item-034,0,25,9,9,2,10
MPV-GEN-T6-N90-R10,plain,0,item-032,0,25,19,8,2,7
MPV-GEN-T6-N90-R10,plain,0,item-039,0,27,11,9,5,10
MPV-GEN-T6-N90-R10,plain,0,item-065,0,27,21,9,5,6
MPV-GEN-T6-N90-R10,plain,0,item-051,0,36,0,7,6,10
MPV-GEN-T6-N90-R10,plain,0,item-062,0,42,0,9,6,5
MPV-GEN-T6-N90-R10,plain,0,item-046,0,42,5,7,5,7
MPV-GEN-T6-N90-R10,plain,0,item-005,0,48,0,5,8,4
MPV-GEN-T6-N90-R10,plain,0,item-064,0,48,4,4,8,4
MPV-GEN-T6-N90-R10,plain,0,item-089,0,56,0,4,10,9
MPV-GEN-T6-N90-R10,plain,0,item-078,0,66,0,4,8,10
MPV-GEN-T6-N90-R10,plain,0,item-086,0,74,0,4,8,9
MPV-GEN-T6-N90-R10,plain,0,item-073,0,25,26,6,2,9
MPV-GEN-T6-N90-R10,plain,0,item-067,0,27,27,6,5,9
MPV-GEN-T6-N90-R10,plain,0,item-070,0,32,11,5,2,8
MPV-GEN-T6-N90-R10,plain,0,item-071,0,74,9,3,8,10
MPV-GEN-T6-N90-R10,plain,0,item-020,0,82,0,7,4,3
MPV-GEN-T6-N90-R10,plain,0,item-016,0,82,3,6,4,7
MPV-GEN-T6-N90-R10,plain,0,item-010,0,82,10,4,3,6
MPV-GEN-T6-N90-R10,plain,0,item-031,0,82,16,4,3,4
MPV-GEN-T6-N90-R10,plain,0,item-044,0,34,8,6,2,6
MPV-GEN-T6-N90-R10,plain,0,item-083,0,36,10,7,4,6
MPV-GEN-T6-N90-R10,plain,0,item-068,0,86,0,9,8,1
MPV-GEN-T6-N90-R10,plain,0,item-058,0,86,1,9,6,1
MPV-GEN-T6-N90-R10,plain,0,item-066,8,0,16,1,8,4
MPV-GEN-T6-N90-R10,plain,0,item-069,8,0,20,1,8,4
MPV-GEN-T6-N90-R10,plain,0,item-076,5,10,12,2,7,2
MPV-GEN-T6-N90-R10,plain,0,item-000,0,86,2,9,3,1
MPV-GEN-T6-N90-R10,plain,0,item-038,0,0,92,2,3,3
MPV-GEN-T6-N90-R10,plain,0,item-006,0,0,95,1,2,5
MPV-GEN-T6-N90-R10,plain,0,item-011,2,0,75,3,1,9
MPV-GEN-T6-N90-R10,plain,0,item-015,8,0,24,1,8,3
MPV-GEN-T6-N90-R10,plain,0,item-056,0,86,3,9,2,3
MPV-GEN-T6-N90-R10,plain,0,item-081,0,89,2,6,3,3
MPV-GEN-T6-N90-R10,plain,0,item-079,4,56,0,3,8,2
MPV-GEN-T6-N90-R10,plain,0,item-053,4,56,2,3,7,2
MPV-GEN-T6-N90-R10,plain,0,item-049,0,4,78,1,3,8
MPV-GEN-T6-N90-R10,plain,0,item-009,4,48,4,1,10,2
MPV-GEN-T6-N90-R10,plain,0,item-042,0,3,85,2,1,7
MPV-GEN-T6-N90-R10,plain,0,item-043,0,3,92,2,1,6
MPV-GEN-T6-N90-R10,plain,0,item-028,2,0,84,3,1,3
MPV-GEN-T6-N90-R10,plain,0,item-061,2,1,75,3,2,3
MPV-GEN-T6-N90-R10,plain,0,item-041,5,0,70,1,5,3
MPV-GEN-T6-N90-R10,plain,0,item-055,0,8,35,5,1,3
MPV-GEN-T6-N90-R10,plain,0,item-012,0,32,19,4,2,1
MPV-GEN-T6-N90-R10,plain,0,item-075,4,64,0,3,10,1
MPV-GEN-T6-N90-R10,plain,0,item-084,4,64,1,3,6,3
MPV-GEN-T6-N90-R10,plain,0,item-087,0,94,0,4,6,4
MPV-GEN-T6-N90-R10,plain,0,item-022,4,74,0,10,2,1
MPV-GEN-T6-N90-R10,plain,0,item-025,0,2,95,2,1,2
MPV-GEN-T6-N90-R10,plain,0,item-029,4,76,0,10,2,2
MPV-GEN-T6-N90-R10,plain,0,item-036,4,78,0,10,1,5
MPV-GEN-T6-N90-R10,plain,0,item-040,4,79,0,10,1,8
MPV-GEN-T6-N90-R10,plain,0,item-054,2,0,87,3,1,2
MPV-GEN-T6-N90-R10,plain,0,item-063,1,0,95,1,2,2
MPV-GEN-T6-N90-R10,plain,0,item-074,0,34,14,6,1,2
MPV-GEN-T6-N90-R10,plain,0,item-080,0,86,6,9,1,2
MPV-GEN-T6-N90-R10,plain,0,item-088,4,80,0,10,1,7
MPV-GEN-T7-N30-R01,plain,0,item-002,0,0,0,21,25,26
MPV-GEN-T7-N30-R01,plain,0,item-003,0,25,0,32,19,21
MPV-GEN-T7-N30-R01,plain,0,item-000,0,25,21,32,11,35
MPV-GEN-T7-N30-R01,plain,0,item-016,0,36,21,25,8,29
MPV-GEN-T7-N30-R01,plain,0,item-027,0,0,26,12,16,22
MPV-GEN-T7-N30-R01,plain,0,item-028,0,0,48,6,14,27
MPV-GEN-T7-N30-R01,plain,0,item-012,12,0,26,6,25,13
MPV-GEN-T7-N30-R01,plain,0,item-001,0,44,0,19,33,3
MPV-GEN-T7-N30-R01,plain,0,item-023,0,36,50,8,7,33
MPV-GEN-T7-N30-R01,plain,0,item-004,12,0,39,2,20,4
MPV-GEN-T7-N30-R01,plain,0,item-015,0,44,3,14,32,34
MPV-GEN-T7-N30-R01,plain,0,item-005,0,44,37,7,29,34
MPV-GEN-T7-N30-R01,plain,0,item-020,19,44,0,13,34,28
MPV-GEN-T7-N30-R01,plain,0,item-025,32,0,0,14,34,17
MPV-GEN-T7-N30-R01,plain,0,item-026,32,34,0,20,30,13
MPV-GEN-T7-N30-R01,plain,0,item-014,32,34,13,15,26,19
MPV-GEN-T7-N30-R01,plain,0,item-008,0,78,0,24,14,21
MPV-GEN-T7-N30-R01,plain,0,item-006,24,78,0,28,9,19
MPV-GEN-T7-N30-R01,plain,0,item-007,24,78,19,27,7,26
MPV-GEN-T7-N30-R01,plain,0,item-010,7,44,37,5,27,17
MPV-GEN-T7-N30-R01,plain,0,item-011,46,0,0,31,17,9
MPV-GEN-T7-N30-R01,plain,0,item-021,46,0,9,28,9,16
MPV-GEN-T7-N30-R01,plain,0,item-013,52,17,0,28,18,6
MPV-GEN-T7-N30-R01,plain,0,item-018,0,78,21,12,11,12
MPV-GEN-T7-N30-R01,plain,0,item-009,52,35,0,24,19,2
MPV-GEN-T7-N30-R01,plain,0,item-029,52,54,0,20,20,9
MPV-GEN-T7-N30-R01,plain,0,item-017,72,54,0,3,35,26
MPV-GEN-T7-N30-R01,plain,0,item-019,46,9,9,29,1,4
MPV-GEN-T7-N30-R01,plain,0,item-022,52,17,6,25,15,1
MPV-GEN-T7-N30-R01,plain,0,item-024,0,92,0,34,5,8
MPV-GEN-T7-N30-R02,plain,0,item-019,0,0,0,32,33,34
MPV-GEN-T7-N30-R02,plain,0,item-020,0,0,34,22,25,24
MPV-GEN-T7-N30-R02,plain,0,item-006,0,0,58,21,20,13
MPV-GEN-T7-N30-R02,plain,0,item-013,0,0,71,14,16,21
MPV-GEN-T7-N30-R02,plain,0,item-000,0,0,92,3,8,7
MPV-GEN-T7-N30-R02,plain,0,item-011,0,25,34,32,8,35
MPV-GEN-T7-N30-R02,plain,0,item-021,0,33,0,33,19,35
MPV-GEN-T7-N30-R02,plain,0,item-016,0,33,35,33,9,28
MPV-GEN-T7-N30-R02,plain,0,item-001,0,52,0,17,29,12
MPV-GEN-T7-N30-R02,plain,0,item-009,0,16,71,16,4,24
MPV-GEN-T7-N30-R02,plain,0,item-025,0,33,63,15,8,20
MPV-GEN-T7-N30-R02,plain,0,item-024,15,33,63,8,9,21
MPV-GEN-T7-N30-R02,plain,0,item-002,23,33,63,8,8,20
MPV-GEN-T7-N30-R02,plain,0,item-003,14,0,71,4,3,20
MPV-GEN-T7-N30-R02,plain,0,item-010,0,52,12,17,28,11
MPV-GEN-T7-N30-R02,plain,0,item-007,0,52,23,16,11,17
MPV-GEN-T7-N30-R02,plain,0,item-014,0,42,35,16,10,16
MPV-GEN-T7-N30-R02,plain,0,item-028,17,52,0,9,29,26
MPV-GEN-T7-N30-R02,plain,0,item-017,0,81,0,34,7,14
MPV-GEN-T7-N30-R02,plain,0,item-018,26,52,0,28,17,7
MPV-GEN-T7-N30-R02,plain,0,item-004,32,0,0,5,33,12
MPV-GEN-T7-N30-R02,plain,0,item-008,0,20,58,18,2,33
MPV-GEN-T7-N30-R02,plain,0,item-022,22,0,34,3,23,18
MPV-GEN-T7-N30-R02,plain,0,item-026,0,63,23,9,14,9
MPV-GEN-T7-N30-R02,plain,0,item-005,33,33,0,12,18,5
MPV-GEN-T7-N30-R02,plain,0,item-012,31,33,63,1,3,32
MPV-GEN-T7-N30-R02,plain,0,item-027,0,22,58,20,3,14
MPV-GEN-T7-N30-R02,plain,0,item-029,25,0,34,6,23,6
MPV-GEN-T7-N30-R02,plain,0,item-015,0,81,14,33,1,23
MPV-GEN-T7-N30-R02,plain,0,item-023,32,0,12,1,29,16
MPV-GEN-T7-N30-R03,plain,0,item-011,0,0,0,34,23,27
MPV-GEN-T7-N30-R03,plain,0,item-020,0,0,27,30,17,31
MPV-GEN-T7-N30-R03,plain,0,item-024,0,0,58,30,14,33
MPV-GEN-T7-N30-R03,plain,0,item-000,0,17,27,31,6,15
MPV-GEN-T7-N30-R03,plain,0,item-001,0,23,0,26,26,22
MPV-GEN-T7-N30-R03,plain,0,item-003,0,23,22,22,21,20
MPV-GEN-T7-N30-R03,plain,0,item-022,0,17,42,17,20,24
MPV-GEN-T7-N30-R03,plain,0,item-016,0,49,0,28,11,28
MPV-GEN-T7-N30-R03,plain,0,item-005,0,60,0,28,8,33
MPV-GEN-T7-N30-R03,plain,0,item-014,0,68,0,16,30,14
MPV-GEN-T7-N30-R03,plain,0,item-029,0,68,14,16,15,25
MPV-GEN-T7-N30-R03,plain,0,item-002,0,83,14,8,15,27
MPV-GEN-T7-N30-R03,plain,0,item-006,16,68,0,15,30,6
MPV-GEN-T7-N30-R03,plain,0,item-025,0,37,42,17,6,22
MPV-GEN-T7-N30-R03,plain,0,item-021,17,17,42,4,16,32
MPV-GEN-T7-N30-R03,plain,0,item-023,0,37,64,16,5,23
MPV-GEN-T7-N30-R03,plain,0,item-028,16,68,6,13,20,12
MPV-GEN-T7-N30-R03,plain,0,item-009,26,23,0,21,11,24
MPV-GEN-T7-N30-R03,plain,0,item-013,16,68,18,11,15,12
MPV-GEN-T7-N30-R03,plain,0,item-026,26,34,0,32,9,6
MPV-GEN-T7-N30-R03,plain,0,item-027,28,43,0,17,12,17
MPV-GEN-T7-N30-R03,plain,0,item-004,31,55,0,9,22,7
MPV-GEN-T7-N30-R03,plain,0,item-010,0,0,91,28,7,6
MPV-GEN-T7-N30-R03,plain,0,item-007,0,7,91,6,4,9
MPV-GEN-T7-N30-R03,plain,0,item-012,0,33,66,9,3,17
MPV-GEN-T7-N30-R03,plain,0,item-008,21,17,42,1,14,11
MPV-GEN-T7-N30-R03,plain,0,item-015,28,23,24,18,4,13
MPV-GEN-T7-N30-R03,plain,0,item-017,40,55,0,17,27,3
MPV-GEN-T7-N30-R03,plain,0,item-019,40,55,3,13,19,5
MPV-GEN-T7-N30-R03,plain,0,item-018,31,77,0,8,22,1
MPV-GEN-T7-N30-R04,plain,0,item-002,0,0,0,30,33,33
MPV-GEN-T7-N30-R04,plain,0,item-018,0,0,33,24,28,31
MPV-GEN-T7-N30-R04,plain,0,item-026,0,0,64,21,28,14
MPV-GEN-T7-N30-R04,plain,0,item-009,0,0,78,13,19,11
MPV-GEN-T7-N30-R04,plain,0,item-006,13,0,78,8,18,12
MPV-GEN-T7-N30-R04,plain,0,item-000,21,0,64,2,26,22
MPV-GEN-T7-N30-R04,plain,0,item-023,0,33,0,32,27,6
MPV-GEN-T7-N30-R04,plain,0,item-001,0,33,6,24,22,8
MPV-GEN-T7-N30-R04,plain,0,item-003,0,28,33,29,5,19
MPV-GEN-T7-N30-R04,plain,0,item-004,0,33,14,24,12,15
MPV-GEN-T7-N30-R04,plain,0,item-019,0,28,52,28,4,35
MPV-GEN-T7-N30-R04,plain,0,item-010,24,0,33,5,20,35
MPV-GEN-T7-N30-R04,plain,0,item-020,0,33,29,16,8,27
MPV-GEN-T7-N30-R04,plain,0,item-022,0,60,0,30,28,6
MPV-GEN-T7-N30-R04,plain,0,item-008,0,55,6,18,25,23
MPV-GEN-T7-N30-R04,plain,0,item-007,0,80,6,30,8,35
MPV-GEN-T7-N30-R04,plain,0,item-005,30,0,0,33,20,4
MPV-GEN-T7-N30-R04,plain,0,item-021,30,0,4,32,14,28
MPV-GEN-T7-N30-R04,plain,0,item-013,30,0,32,32,13,4
MPV-GEN-T7-N30-R04,plain,0,item-014,30,60,0,17,26,23
MPV-GEN-T7-N30-R04,plain,0,item-017,32,20,0,13,34,26
MPV-GEN-T7-N30-R04,plain,0,item-024,18,55,6,4,18,34
MPV-GEN-T7-N30-R04,plain,0,item-029,45,20,0,25,18,22
MPV-GEN-T7-N30-R04,plain,0,item-027,47,38,0,13,34,9
MPV-GEN-T7-N30-R04,plain,0,item-028,30,0,36,16,12,11
MPV-GEN-T7-N30-R04,plain,0,item-011,0,88,0,35,2,18
MPV-GEN-T7-N30-R04,plain,0,item-012,0,0,89,4,16,1
MPV-GEN-T7-N30-R04,plain,0,item-016,28,0,68,1,12,15
MPV-GEN-T7-N30-R04,plain,0,item-025,46,0,36,6,3,25
MPV-GEN-T7-N30-R04,plain,0,item-015,47,38,9,2,31,2
MPV-GEN-T7-N30-R05,plain,0,item-012,0,0,0,35,28,21
MPV-GEN-T7-N30-R05,plain,0,item-001,0,0,21,33,19,18
MPV-GEN-T7-N30-R05,plain,0,item-013,0,28,0,29,35,18
MPV-GEN-T7-N30-R05,plain,0,item-020,0,28,18,24,35,34
MPV-GEN-T7-N30-R05,plain,0,item-015,0,63,0,22,34,27
MPV-GEN-T7-N30-R05,plain,0,item-028,0,63,27,20,26,32
MPV-GEN-T7-N30-R05,plain,0,item-003,22,63,0,12,23,31
MPV-GEN-T7-N30-R05,plain,0,item-024,29,28,0,26,23,11
MPV-GEN-T7-N30-R05,plain,0,item-009,34,51,0,18,26,11
MPV-GEN-T7-N30-R05,plain,0,item-010,24,28,18,4,34,30
MPV-GEN-T7-N30-R05,plain,0,item-014,0,0,39,17,11,21
MPV-GEN-T7-N30-R05,plain,0,item-000,34,28,11,7,24,18
MPV-GEN-T7-N30-R05,plain,0,item-027,0,0,60,10,8,35
MPV-GEN-T7-N30-R05,plain,0,item-002,34,77,0,30,17,5
MPV-GEN-T7-N30-R05,plain,0,item-011,17,0,39,2,17,33
MPV-GEN-T7-N30-R05,plain,0,item-023,0,8,60,12,3,13
MPV-GEN-T7-N30-R05,plain,0,item-021,12,0,60,3,11,13
MPV-GEN-T7-N30-R05,plain,0,item-019,0,17,39,32,2,6
MPV-GEN-T7-N30-R05,plain,0,item-004,0,17,45,28,1,10
MPV-GEN-T7-N30-R05,plain,0,item-016,0,8,73,8,2,15
MPV-GEN-T7-N30-R05,plain,0,item-025,0,10,73,8,1,27
MPV-GEN-T7-N30-R05,plain,0,item-005,15,0,60,2,10,9
MPV-GEN-T7-N30-R05,plain,0,item-007,0,17,55,20,1,27
MPV-GEN-T7-N30-R05,plain,0,item-006,20,63,27,2,28,5
MPV-GEN-T7-N30-R05,plain,0,item-008,19,0,39,13,14,1
MPV-GEN-T7-N30-R05,plain,0,item-017,0,0,95,8,7,3
MPV-GEN-T7-N30-R05,plain,0,item-018,55,0,0,4,33,25
MPV-GEN-T7-N30-R05,plain,0,item-022,19,0,40,9,2,12
MPV-GEN-T7-N30-R05,plain,0,item-026,22,63,31,9,23,11
MPV-GEN-T7-N30-R05,plain,0,item-029,52,51,0,35,10,6
MPV-GEN-T7-N30-R06,plain,0,item-020,0,0,0,33,26,30
MPV-GEN-T7-N30-R06,plain,0,item-001,0,0,30,31,15,27
MPV-GEN-T7-N30-R06,plain,0,item-024,0,26,0,35,27,24
MPV-GEN-T7-N30-R06,plain,0,item-008,0,26,24,30,25,13
MPV-GEN-T7-N30-R06,plain,0,item-011,0,53,0,26,31,24
MPV-GEN-T7-N30-R06,plain,0,item-014,0,51,24,18,30,18
MPV-GEN-T7-N30-R06,plain,0,item-028,26,53,0,23,18,19
MPV-GEN-T7-N30-R06,plain,0,item-000,26,71,0,13,21,25
MPV-GEN-T7-N30-R06,plain,0,item-003,0,0,57,31,7,30
MPV-GEN-T7-N30-R06,plain,0,item-027,18,51,24,6,30,27
MPV-GEN-T7-N30-R06,plain,0,item-012,35,0,0,30,29,5
MPV-GEN-T7-N30-R06,plain,0,item-002,35,0,5,17,23,11
MPV-GEN-T7-N30-R06,plain,0,item-006,0,7,57,30,4,34
MPV-GEN-T7-N30-R06,plain,0,item-023,30,26,24,5,25,31
MPV-GEN-T7-N30-R06,plain,0,item-004,52,0,5,8,26,18
MPV-GEN-T7-N30-R06,plain,0,item-022,0,15,30,22,10,17
MPV-GEN-T7-N30-R06,plain,0,item-019,35,0,16,12,22,13
MPV-GEN-T7-N30-R06,plain,0,item-025,0,15,47,9,10,30
MPV-GEN-T7-N30-R06,plain,0,item-029,35,0,29,9,13,26
MPV-GEN-T7-N30-R06,plain,0,item-005,49,29,0,19,34,3
MPV-GEN-T7-N30-R06,plain,0,item-018,0,11,57,20,4,20
MPV-GEN-T7-N30-R06,plain,0,item-007,0,11,77,9,5,18
MPV-GEN-T7-N30-R06,plain,0,item-013,49,29,3,15,33,10
MPV-GEN-T7-N30-R06,plain,0,item-026,39,71,0,33,19,7
MPV-GEN-T7-N30-R06,plain,0,item-009,68,0,0,10,34,10
MPV-GEN-T7-N30-R06,plain,0,item-017,26,53,19,4,14,26
MPV-GEN-T7-N30-R06,plain,0,item-021,39,71,7,31,9,9
MPV-GEN-T7-N30-R06,plain,0,item-010,68,34,0,16,35,1
MPV-GEN-T7-N30-R06,plain,0,item-015,0,16,77,6,3,16
MPV-GEN-T7-N30-R06,plain,0,item-016,0,19,77,4,3,14
MPV-GEN-T7-N30-R07,plain,0,item-007,0,0,0,34,33,22
MPV-GEN-T7-N30-R07,plain,0,item-028,0,0,22,27,32,17
MPV-GEN-T7-N30-R07,plain,0,item-015,0,0,39,26,29,6
MPV-GEN-T7-N30-R07,plain,0,item-005,0,0,45,23,24,8
MPV-GEN-T7-N30-R07,plain,0,item-014,0,0,53,18,15,28
MPV-GEN-T7-N30-R07,plain,0,item-000,0,15,53,18,7,33
MPV-GEN-T7-N30-R07,plain,0,item-004,0,0,81,12,15,13
MPV-GEN-T7-N30-R07,plain,0,item-001,0,0,94,5,12,2
MPV-GEN-T7-N30-R07,plain,0,item-010,0,33,0,27,14,31
MPV-GEN-T7-N30-R07,plain,0,item-017,0,47,0,22,34,15
MPV-GEN-T7-N30-R07,plain,0,item-013,0,47,15,12,32,24
MPV-GEN-T7-N30-R07,plain,0,item-008,0,81,0,25,14,26
MPV-GEN-T7-N30-R07,plain,0,item-011,22,47,0,28,11,16
MPV-GEN-T7-N30-R07,plain,0,item-018,25,47,16,23,9,14
MPV-GEN-T7-N30-R07,plain,0,item-012,22,58,0,26,6,25
MPV-GEN-T7-N30-R07,plain,0,item-029,0,95,0,31,5,22
MPV-GEN-T7-N30-R07,plain,0,item-002,22,64,0,17,7,18
MPV-GEN-T7-N30-R07,plain,0,item-003,18,0,53,2,13,30
MPV-GEN-T7-N30-R07,plain,0,item-016,0,15,86,11,5,14
MPV-GEN-T7-N30-R07,plain,0,item-026,0,22,53,21,2,16
MPV-GEN-T7-N30-R07,plain,0,item-006,20,0,53,1,14,27
MPV-GEN-T7-N30-R07,plain,0,item-009,22,71,0,15,6,33
MPV-GEN-T7-N30-R07,plain,0,item-019,25,77,0,28,8,7
MPV-GEN-T7-N30-R07,plain,0,item-027,18,14,53,3,4,30
MPV-GEN-T7-N30-R07,plain,0,item-022,21,0,53,1,7,35
MPV-GEN-T7-N30-R07,plain,0,item-020,27,0,22,6,18,2
MPV-GEN-T7-N30-R07,plain,0,item-021,5,0,94,2,6,6
MPV-GEN-T7-N30-R07,plain,0,item-023,0,22,69,20,1,3
MPV-GEN-T7-N30-R07,plain,0,item-025,25,77,7,11,8,32
MPV-GEN-T7-N30-R07,plain,0,item-024,34,0,0,22,32,1
MPV-GEN-T7-N30-R08,plain,0,item-003,0,0,0,21,32,29
MPV-GEN-T7-N30-R08,plain,0,item-004,0,0,29,15,28,21
MPV-GEN-T7-N30-R08,plain,0,item-020,0,0,50,15,9,33
MPV-GEN-T7-N30-R08,plain,0,item-027,0,9,50,11,14,22
MPV-GEN-T7-N30-R08,plain,0,item-002,0,9,72,4,13,24
MPV-GEN-T7-N30-R08,plain,0,item-013,0,32,0,33,30,16
MPV-GEN-T7-N30-R08,plain,0,item-006,0,32,16,29,25,21
MPV-GEN-T7-N30-R08,plain,0,item-010,15,0,29,4,27,25
MPV-GEN-T7-N30-R08,plain,0,item-018,15,0,54,4,15,9
MPV-GEN-T7-N30-R08,plain,0,item-019,0,57,16,31,5,14
MPV-GEN-T7-N30-R08,plain,0,item-021,0,57,30,30,4,25
MPV-GEN-T7-N30-R08,plain,0,item-011,0,62,0,29,25,7
MPV-GEN-T7-N30-R08,plain,0,item-025,0,23,50,12,5,35
MPV-GEN-T7-N30-R08,plain,0,item-022,0,62,7,14,15,5
MPV-GEN-T7-N30-R08,plain,0,item-009,0,62,12,7,14,32
MPV-GEN-T7-N30-R08,plain,0,item-008,14,62,7,7,25,3
MPV-GEN-T7-N30-R08,plain,0,item-014,29,62,0,19,34,25
MPV-GEN-T7-N30-R08,plain,0,item-015,33,0,0,10,33,30
MPV-GEN-T7-N30-R08,plain,0,item-026,43,0,0,10,33,12
MPV-GEN-T7-N30-R08,plain,0,item-028,33,33,0,30,24,4
MPV-GEN-T7-N30-R08,plain,0,item-012,33,33,4,21,7,9
MPV-GEN-T7-N30-R08,plain,0,item-016,33,33,13,19,6,13
MPV-GEN-T7-N30-R08,plain,0,item-000,33,40,4,24,4,5
MPV-GEN-T7-N30-R08,plain,0,item-029,0,0,83,5,8,7
MPV-GEN-T7-N30-R08,plain,0,item-001,5,0,83,3,8,11
MPV-GEN-T7-N30-R08,plain,0,item-005,0,0,90,5,1,2
MPV-GEN-T7-N30-R08,plain,0,item-007,33,40,9,23,2,13
MPV-GEN-T7-N30-R08,plain,0,item-017,33,44,4,18,6,3
MPV-GEN-T7-N30-R08,plain,0,item-023,19,0,29,1,23,9
MPV-GEN-T7-N30-R08,plain,0,item-024,0,8,83,8,1,2
MPV-GEN-T7-N30-R09,plain,0,item-023,0,0,0,28,34,28
MPV-GEN-T7-N30-R09,plain,0,item-022,0,0,28,28,24,23
MPV-GEN-T7-N30-R09,plain,0,item-003,0,0,51,27,15,29
MPV-GEN-T7-N30-R09,plain,0,item-017,0,0,80,13,14,15
MPV-GEN-T7-N30-R09,plain,0,item-001,0,15,51,12,5,33
MPV-GEN-T7-N30-R09,plain,0,item-009,0,34,0,35,21,32
MPV-GEN-T7-N30-R09,plain,0,item-004,0,55,0,31,17,28
MPV-GEN-T7-N30-R09,plain,0,item-016,13,0,80,14,8,13
MPV-GEN-T7-N30-R09,plain,0,item-008,0,20,51,25,2,16
MPV-GEN-T7-N30-R09,plain,0,item-010,13,8,80,3,6,20
MPV-GEN-T7-N30-R09,plain,0,item-011,0,55,28,31,5,34
MPV-GEN-T7-N30-R09,plain,0,item-020,0,20,67,23,1,28
MPV-GEN-T7-N30-R09,plain,0,item-018,0,24,28,19,8,3
MPV-GEN-T7-N30-R09,plain,0,item-024,0,24,31,18,6,14
MPV-GEN-T7-N30-R09,plain,0,item-000,0,60,28,29,2,1
MPV-GEN-T7-N30-R09,plain,0,item-006,31,55,0,23,35,14
MPV-GEN-T7-N30-R09,plain,0,item-012,31,55,14,17,19,29
MPV-GEN-T7-N30-R09,plain,0,item-013,28,0,0,30,29,7
MPV-GEN-T7-N30-R09,plain,0,item-019,28,0,7,12,26,20
MPV-GEN-T7-N30-R09,plain,0,item-028,35,29,0,34,15,25
MPV-GEN-T7-N30-R09,plain,0,item-014,54,44,0,7,31,23
MPV-GEN-T7-N30-R09,plain,0,item-026,54,75,0,33,16,9
MPV-GEN-T7-N30-R09,plain,0,item-002,69,0,0,4,32,31
MPV-GEN-T7-N30-R09,plain,0,item-005,28,0,27,9,26,7
MPV-GEN-T7-N30-R09,plain,0,item-007,61,44,0,25,30,5
MPV-GEN-T7-N30-R09,plain,0,item-015,0,62,28,30,1,20
MPV-GEN-T7-N30-R09,plain,0,item-021,0,21,67,1,1,22
MPV-GEN-T7-N30-R09,plain,0,item-025,28,0,34,2,15,2
MPV-GEN-T7-N30-R09,plain,0,item-027,73,0,0,8,35,13
MPV-GEN-T7-N30-R09,plain,0,item-029,81,0,0,15,35,3
MPV-GEN-T7-N30-R10,plain,0,item-021,0,0,0,29,34,18
MPV-GEN-T7-N30-R10,plain,0,item-008,0,0,18,19,25,28
MPV-GEN-T7-N30-R10,plain,0,item-007,0,0,46,14,22,31
MPV-GEN-T7-N30-R10,plain,0,item-023,19,0,18,9,21,34
MPV-GEN-T7-N30-R10,plain,0,item-000,0,34,0,35,22,8
MPV-GEN-T7-N30-R10,plain,0,item-005,0,0,77,14,15,13
MPV-GEN-T7-N30-R10,plain,0,item-027,0,0,90,4,10,5
MPV-GEN-T7-N30-R10,plain,0,item-025,4,0,90,3,12,5
MPV-GEN-T7-N30-R10,plain,0,item-001,0,12,90,10,1,7
MPV-GEN-T7-N30-R10,plain,0,item-011,0,34,8,32,19,25
MPV-GEN-T7-N30-R10,plain,0,item-018,0,56,0,35,14,33
MPV-GEN-T7-N30-R10,plain,0,item-002,0,70,0,26,15,25
MPV-GEN-T7-N30-R10,plain,0,item-026,0,70,25,22,12,17
MPV-GEN-T7-N30-R10,plain,0,item-013,26,70,0,16,27,22
MPV-GEN-T7-N30-R10,plain,0,item-010,26,70,22,15,19,14
MPV-GEN-T7-N30-R10,plain,0,item-016,29,0,0,22,32,12
MPV-GEN-T7-N30-R10,plain,0,item-015,29,0,12,14,28,9
MPV-GEN-T7-N30-R10,plain,0,item-014,32,0,21,8,15,32
MPV-GEN-T7-N30-R10,plain,0,item-022,43,0,12,6,32,28
MPV-GEN-T7-N30-R10,plain,0,item-017,35,32,0,32,21,3
MPV-GEN-T7-N30-R10,plain,0,item-006,35,32,3,16,11,20
MPV-GEN-T7-N30-R10,plain,0,item-019,42,53,0,27,23,15
MPV-GEN-T7-N30-R10,plain,0,item-003,67,0,0,11,34,5
MPV-GEN-T7-N30-R10,plain,0,item-004,42,76,0,34,7,24
MPV-GEN-T7-N30-R10,plain,0,item-009,69,0,5,4,29,19
MPV-GEN-T7-N30-R10,plain,0,item-024,14,0,46,4,10,27
MPV-GEN-T7-N30-R10,plain,0,item-029,0,82,25,24,3,23
MPV-GEN-T7-N30-R10,plain,0,item-028,49,0,12,2,30,24
MPV-GEN-T7-N30-R10,plain,0,item-012,51,0,0,12,32,1
MPV-GEN-T7-N30-R10,plain,0,item-020,0,32,33,32,27,1
MPV-GEN-T7-N60-R01,plain,0,item-022,0,0,0,33,34,30
MPV-GEN-T7-N60-R01,plain,0,item-055,0,0,30,33,31,30
MPV-GEN-T7-N60-R01,plain,0,item-036,0,0,60,30,31,28
MPV-GEN-T7-N60-R01,plain,0,item-039,0,0,88,29,24,7
MPV-GEN-T7-N60-R01,plain,0,item-031,0,0,95,27,21,1
MPV-GEN-T7-N60-R01,plain,0,item-004,0,0,96,6,18,3
MPV-GEN-T7-N60-R01,plain,0,item-037,6,0,96,6,5,3
MPV-GEN-T7-N60-R01,plain,0,item-000,0,0,99,9,3,1
MPV-GEN-T7-N60-R01,plain,0,item-043,0,34,0,32,30,27
MPV-GEN-T7-N60-R01,plain,0,item-002,0,34,27,24,28,33
MPV-GEN-T7-N60-R01,plain,0,item-005,0,31,30,29,3,32
MPV-GEN-T7-N60-R01,plain,0,item-020,0,34,60,24,24,14
MPV-GEN-T7-N60-R01,plain,0,item-001,24,34,27,7,21,10
MPV-GEN-T7-N60-R01,plain,0,item-024,0,64,0,21,35,31
MPV-GEN-T7-N60-R01,plain,0,item-035,21,64,0,28,30,19
MPV-GEN-T7-N60-R01,plain,0,item-007,21,64,19,28,20,6
MPV-GEN-T7-N60-R01,plain,0,item-009,21,64,25,25,12,30
MPV-GEN-T7-N60-R01,plain,0,item-023,0,76,31,21,12,34
MPV-GEN-T7-N60-R01,plain,0,item-046,33,0,0,26,31,21
MPV-GEN-T7-N60-R01,plain,0,item-013,0,88,31,18,7,27
MPV-GEN-T7-N60-R01,plain,0,item-053,33,0,21,23,23,16
MPV-GEN-T7-N60-R01,plain,0,item-059,33,0,37,16,23,22
MPV-GEN-T7-N60-R01,plain,0,item-054,33,0,59,13,19,27
MPV-GEN-T7-N60-R01,plain,0,item-049,32,34,0,31,23,27
MPV-GEN-T7-N60-R01,plain,0,item-048,31,34,27,30,20,18
MPV-GEN-T7-N60-R01,plain,0,item-052,49,57,0,31,26,17
MPV-GEN-T7-N60-R01,plain,0,item-019,49,57,17,24,13,20
MPV-GEN-T7-N60-R01,plain,0,item-047,21,84,19,27,10,23
MPV-GEN-T7-N60-R01,plain,0,item-003,49,70,17,23,13,8
MPV-GEN-T7-N60-R01,plain,0,item-010,59,0,0,21,33,17
MPV-GEN-T7-N60-R01,plain,0,item-017,59,0,17,17,29,17
MPV-GEN-T7-N60-R01,plain,0,item-028,80,0,0,18,35,34
MPV-GEN-T7-N60-R01,plain,0,item-042,49,83,0,34,12,34
MPV-GEN-T7-N60-R01,plain,0,item-018,80,35,0,9,35,34
MPV-GEN-T7-N60-R01,plain,0,item-050,83,70,0,17,27,17
MPV-GEN-T7-N60-R01,plain,0,item-006,89,35,0,9,33,24
MPV-GEN-T7-N60-R01,plain,0,item-008,46,70,25,16,13,23
MPV-GEN-T7-N60-R01,plain,0,item-021,30,0,60,2,28,24
MPV-GEN-T7-N60-R01,plain,0,item-057,0,31,62,25,2,17
MPV-GEN-T7-N60-R01,plain,0,item-016,0,58,60,13,4,13
MPV-GEN-T7-N60-R01,plain,0,item-027,33,19,59,14,2,26
MPV-GEN-T7-N60-R01,plain,0,item-011,24,34,37,5,9,10
MPV-GEN-T7-N60-R01,plain,0,item-015,61,0,34,15,17,11
MPV-GEN-T7-N60-R01,plain,0,item-012,62,0,45,12,11,14
MPV-GEN-T7-N60-R01,plain,0,item-058,48,83,34,34,6,34
MPV-GEN-T7-N60-R01,plain,0,item-014,48,89,34,29,6,29
MPV-GEN-T7-N60-R01,plain,0,item-025,76,0,34,22,32,10
MPV-GEN-T7-N60-R01,plain,0,item-056,76,0,44,22,32,7
MPV-GEN-T7-N60-R01,plain,0,item-029,82,0,51,4,27,27
MPV-GEN-T7-N60-R01,plain,0,item-032,86,0,51,8,18,8
MPV-GEN-T7-N60-R01,plain,0,item-026,94,0,51,2,31,16
MPV-GEN-T7-N60-R01,plain,0,item-041,83,70,17,17,15,12
MPV-GEN-T7-N60-R01,plain,0,item-030,21,95,0,34,4,16
MPV-GEN-T7-N60-R01,plain,0,item-034,0,33,74,19,17,13
MPV-GEN-T7-N60-R01,plain,0,item-040,21,62,55,22,14,11
MPV-GEN-T7-N60-R01,plain,0,item-033,0,76,65,23,13,9
MPV-GEN-T7-N60-R01,plain,0,item-038,86,0,59,4,10,21
MPV-GEN-T7-N60-R01,plain,0,item-044,63,33,0,10,19,6
MPV-GEN-T7-N60-R01,plain,0,item-045,83,70,29,9,13,8
MPV-GEN-T7-N60-R01,plain,0,item-051,89,35,24,5,27,2
MPV-GEN-T7-N60-R02,plain,0,item-050,0,0,0,27,29,35
MPV-GEN-T7-N60-R02,plain,0,item-056,0,29,0,28,30,26
MPV-GEN-T7-N60-R02,plain,0,item-014,0,59,0,30,25,26
MPV-GEN-T7-N60-R02,plain,0,item-028,0,0,35,21,27,33
MPV-GEN-T7-N60-R02,plain,0,item-041,0,29,26,22,33,26
MPV-GEN-T7-N60-R02,plain,0,item-015,27,0,0,34,21,35
MPV-GEN-T7-N60-R02,plain,0,item-054,28,21,0,27,34,20
MPV-GEN-T7-N60-R02,plain,0,item-000,30,55,0,15,35,31
MPV-GEN-T7-N60-R02,plain,0,item-007,0,0,68,17,24,32
MPV-GEN-T7-N60-R02,plain,0,item-035,21,0,35,30,15,17
MPV-GEN-T7-N60-R02,plain,0,item-036,21,0,52,19,15,33
MPV-GEN-T7-N60-R02,plain,0,item-018,21,15,35,25,6,29
MPV-GEN-T7-N60-R02,plain,0,item-001,51,0,35,5,17,31
MPV-GEN-T7-N60-R02,plain,0,item-053,0,62,26,20,20,18
MPV-GEN-T7-N60-R02,plain,0,item-009,0,62,44,17,20,17
MPV-GEN-T7-N60-R02,plain,0,item-058,22,29,26,5,34,32
MPV-GEN-T7-N60-R02,plain,0,item-002,28,21,20,23,34,4
MPV-GEN-T7-N60-R02,plain,0,item-004,40,0,52,9,8,34
MPV-GEN-T7-N60-R02,plain,0,item-025,28,21,24,23,29,13
MPV-GEN-T7-N60-R02,plain,0,item-021,45,55,0,30,26,20
MPV-GEN-T7-N60-R02,plain,0,item-008,45,55,20,10,24,35
MPV-GEN-T7-N60-R02,plain,0,item-032,61,0,0,21,35,20
MPV-GEN-T7-N60-R02,plain,0,item-057,61,0,20,13,35,31
MPV-GEN-T7-N60-R02,plain,0,item-044,21,15,64,10,5,33
MPV-GEN-T7-N60-R02,plain,0,item-003,74,0,20,7,32,7
MPV-GEN-T7-N60-R02,plain,0,item-012,74,0,27,7,24,33
MPV-GEN-T7-N60-R02,plain,0,item-020,45,81,0,33,15,10
MPV-GEN-T7-N60-R02,plain,0,item-010,45,81,10,33,11,11
MPV-GEN-T7-N60-R02,plain,0,item-022,40,8,52,11,7,12
MPV-GEN-T7-N60-R02,plain,0,item-023,51,21,20,2,34,17
MPV-GEN-T7-N60-R02,plain,0,item-029,75,35,0,13,30,12
MPV-GEN-T7-N60-R02,plain,0,item-049,20,63,26,10,20,5
MPV-GEN-T7-N60-R02,plain,0,item-033,20,63,31,18,17,27
MPV-GEN-T7-N60-R02,plain,0,item-031,38,21,37,6,24,23
MPV-GEN-T7-N60-R02,plain,0,item-047,44,21,37,6,27,17
MPV-GEN-T7-N60-R02,plain,0,item-005,75,35,12,11,27,3
MPV-GEN-T7-N60-R02,plain,0,item-016,31,0,85,9,5,12
MPV-GEN-T7-N60-R02,plain,0,item-013,17,0,68,4,5,19
MPV-GEN-T7-N60-R02,plain,0,item-006,17,5,68,2,9,18
MPV-GEN-T7-N60-R02,plain,0,item-019,0,84,0,27,10,27
MPV-GEN-T7-N60-R02,plain,0,item-042,75,35,15,11,22,29
MPV-GEN-T7-N60-R02,plain,0,item-045,55,57,20,19,16,22
MPV-GEN-T7-N60-R02,plain,0,item-048,55,35,0,18,20,16
MPV-GEN-T7-N60-R02,plain,0,item-052,55,57,42,14,14,26
MPV-GEN-T7-N60-R02,plain,0,item-027,78,65,0,10,24,18
MPV-GEN-T7-N60-R02,plain,0,item-046,78,89,0,22,10,35
MPV-GEN-T7-N60-R02,plain,0,item-024,0,94,0,30,4,9
MPV-GEN-T7-N60-R02,plain,0,item-038,0,83,27,28,11,13
MPV-GEN-T7-N60-R02,plain,0,item-051,45,79,21,29,13,10
MPV-GEN-T7-N60-R02,plain,0,item-055,38,79,31,28,4,17
MPV-GEN-T7-N60-R02,plain,0,item-011,69,35,44,29,23,1
MPV-GEN-T7-N60-R02,plain,0,item-040,17,5,86,1,7,13
MPV-GEN-T7-N60-R02,plain,0,item-059,0,24,68,9,2,21
MPV-GEN-T7-N60-R02,plain,0,item-017,0,26,68,13,1,5
MPV-GEN-T7-N60-R02,plain,0,item-026,69,35,45,26,27,12
MPV-GEN-T7-N60-R02,plain,0,item-030,21,20,64,23,1,10
MPV-GEN-T7-N60-R02,plain,0,item-034,17,45,58,32,32,5
MPV-GEN-T7-N60-R02,plain,0,item-037,0,26,73,7,1,18
MPV-GEN-T7-N60-R02,plain,0,item-039,0,98,0,33,2,6
MPV-GEN-T7-N60-R02,plain,0,item-043,0,83,40,15,9,1
MPV-GEN-T7-N60-R03,plain,0,item-051,0,0,0,31,35,19
MPV-GEN-T7-N60-R03,plain,0,item-000,0,0,19,20,33,4
MPV-GEN-T7-N60-R03,plain,0,item-052,0,0,23,19,26,34
MPV-GEN-T7-N60-R03,plain,0,item-015,0,0,57,19,24,25
MPV-GEN-T7-N60-R03,plain,0,item-046,0,0,82,17,23,13
MPV-GEN-T7-N60-R03,plain,0,item-055,20,0,19,10,34,28
MPV-GEN-T7-N60-R03,plain,0,item-034,0,35,0,34,23,33
MPV-GEN-T7-N60-R03,plain,0,item-047,0,58,0,21,31,24
MPV-GEN-T7-N60-R03,plain,0,item-056,0,58,24,21,29,21
MPV-GEN-T7-N60-R03,plain,0,item-057,21,58,0,35,32,11
MPV-GEN-T7-N60-R03,plain,0,item-009,21,58,11,22,27,17
MPV-GEN-T7-N60-R03,plain,0,item-031,21,58,28,19,14,32
MPV-GEN-T7-N60-R03,plain,0,item-036,0,72,45,19,12,25
MPV-GEN-T7-N60-R03,plain,0,item-045,31,0,0,28,20,35
MPV-GEN-T7-N60-R03,plain,0,item-005,40,0,35,15,17,31
MPV-GEN-T7-N60-R03,plain,0,item-032,34,20,0,35,28,10
MPV-GEN-T7-N60-R03,plain,0,item-006,34,20,10,31,19,11
MPV-GEN-T7-N60-R03,plain,0,item-028,34,20,21,25,18,19
MPV-GEN-T7-N60-R03,plain,0,item-043,0,38,33,32,12,23
MPV-GEN-T7-N60-R03,plain,0,item-033,0,50,33,24,8,34
MPV-GEN-T7-N60-R03,plain,0,item-001,0,58,45,14,14,6
MPV-GEN-T7-N60-R03,plain,0,item-023,21,72,28,17,10,24
MPV-GEN-T7-N60-R03,plain,0,item-058,21,85,11,35,5,31
MPV-GEN-T7-N60-R03,plain,0,item-017,34,39,10,31,9,29
MPV-GEN-T7-N60-R03,plain,0,item-029,56,48,0,23,22,31
MPV-GEN-T7-N60-R03,plain,0,item-053,56,48,31,16,16,9
MPV-GEN-T7-N60-R03,plain,0,item-003,43,70,11,13,15,19
MPV-GEN-T7-N60-R03,plain,0,item-019,69,0,0,8,31,33
MPV-GEN-T7-N60-R03,plain,0,item-022,56,70,0,25,16,18
MPV-GEN-T7-N60-R03,plain,0,item-027,77,0,0,7,33,21
MPV-GEN-T7-N60-R03,plain,0,item-007,77,0,21,7,17,24
MPV-GEN-T7-N60-R03,plain,0,item-042,56,70,18,22,8,23
MPV-GEN-T7-N60-R03,plain,0,item-037,0,90,0,32,10,9
MPV-GEN-T7-N60-R03,plain,0,item-011,0,90,9,31,3,28
MPV-GEN-T7-N60-R03,plain,0,item-038,79,33,0,16,25,6
MPV-GEN-T7-N60-R03,plain,0,item-041,0,90,37,28,3,27
MPV-GEN-T7-N60-R03,plain,0,item-002,79,33,6,11,18,11
MPV-GEN-T7-N60-R03,plain,0,item-059,72,0,33,3,29,19
MPV-GEN-T7-N60-R03,plain,0,item-004,81,58,0,13,20,6
MPV-GEN-T7-N60-R03,plain,0,item-024,40,29,40,17,9,9
MPV-GEN-T7-N60-R03,plain,0,item-016,40,29,49,16,7,12
MPV-GEN-T7-N60-R03,plain,0,item-048,28,72,52,7,9,15
MPV-GEN-T7-N60-R03,plain,0,item-026,0,58,51,14,10,9
MPV-GEN-T7-N60-R03,plain,0,item-020,0,58,60,6,7,17
MPV-GEN-T7-N60-R03,plain,0,item-044,0,68,51,9,4,24
MPV-GEN-T7-N60-R03,plain,0,item-054,0,65,60,5,3,35
MPV-GEN-T7-N60-R03,plain,0,item-008,34,38,21,28,1,13
MPV-GEN-T7-N60-R03,plain,0,item-010,81,51,6,9,25,6
MPV-GEN-T7-N60-R03,plain,0,item-012,81,51,12,3,24,18
MPV-GEN-T7-N60-R03,plain,0,item-021,0,0,95,1,23,5
MPV-GEN-T7-N60-R03,plain,0,item-050,17,0,82,1,9,17
MPV-GEN-T7-N60-R03,plain,0,item-013,17,9,82,1,4,10
MPV-GEN-T7-N60-R03,plain,0,item-018,94,58,0,5,34,23
MPV-GEN-T7-N60-R03,plain,0,item-025,84,0,0,13,27,3
MPV-GEN-T7-N60-R03,plain,0,item-030,19,0,47,11,34,3
MPV-GEN-T7-N60-R03,plain,0,item-035,0,26,56,33,24,4
MPV-GEN-T7-N60-R03,plain,0,item-014,0,24,60,30,22,1
MPV-GEN-T7-N60-R03,plain,0,item-039,0,24,61,26,4,6
MPV-GEN-T7-N60-R03,plain,0,item-040,0,72,70,14,1,26
MPV-GEN-T7-N60-R03,plain,0,item-049,35,0,66,23,28,5
MPV-GEN-T7-N60-R04,plain,0,item-003,0,0,0,32,34,18
MPV-GEN-T7-N60-R04,plain,0,item-051,0,0,18,32,33,27
MPV-GEN-T7-N60-R04,plain,0,item-058,0,0,45,29,33,29
MPV-GEN-T7-N60-R04,plain,0,item-017,0,0,74,27,28,17
MPV-GEN-T7-N60-R04,plain,0,item-023,0,34,0,33,32,30
MPV-GEN-T7-N60-R04,plain,0,item-029,0,66,0,32,25,28
MPV-GEN-T7-N60-R04,plain,0,item-007,0,66,28,31,21,27
MPV-GEN-T7-N60-R04,plain,0,item-042,32,0,0,34,30,18
MPV-GEN-T7-N60-R04,plain,0,item-006,32,0,18,24,30,17
MPV-GEN-T7-N60-R04,plain,0,item-013,32,0,35,22,25,25
MPV-GEN-T7-N60-R04,plain,0,item-008,56,0,18,10,24,25
MPV-GEN-T7-N60-R04,plain,0,item-030,32,66,0,35,19,32
MPV-GEN-T7-N60-R04,plain,0,item-011,33,30,0,32,17,19
MPV-GEN-T7-N60-R04,plain,0,item-019,33,30,19,23,16,28
MPV-GEN-T7-N60-R04,plain,0,item-039,0,46,30,30,17,17
MPV-GEN-T7-N60-R04,plain,0,item-009,65,30,0,14,35,16
MPV-GEN-T7-N60-R04,plain,0,item-050,65,30,16,11,23,35
MPV-GEN-T7-N60-R04,plain,0,item-004,0,53,47,28,10,14
MPV-GEN-T7-N60-R04,plain,0,item-020,67,65,0,15,33,13
MPV-GEN-T7-N60-R04,plain,0,item-056,67,65,13,15,27,17
MPV-GEN-T7-N60-R04,plain,0,item-024,32,85,0,26,13,22
MPV-GEN-T7-N60-R04,plain,0,item-031,33,47,0,21,17,19
MPV-GEN-T7-N60-R04,plain,0,item-032,32,85,22,13,10,34
MPV-GEN-T7-N60-R04,plain,0,item-047,45,85,22,12,13,18
MPV-GEN-T7-N60-R04,plain,0,item-054,33,46,19,19,18,16
MPV-GEN-T7-N60-R04,plain,0,item-033,66,0,0,31,12,17
MPV-GEN-T7-N60-R04,plain,0,item-014,66,0,17,31,6,33
MPV-GEN-T7-N60-R04,plain,0,item-048,0,91,0,30,9,13
MPV-GEN-T7-N60-R04,plain,0,item-000,66,12,0,14,18,11
MPV-GEN-T7-N60-R04,plain,0,item-010,76,0,50,21,3,35
MPV-GEN-T7-N60-R04,plain,0,item-022,29,0,45,3,24,35
MPV-GEN-T7-N60-R04,plain,0,item-018,0,28,74,21,5,18
MPV-GEN-T7-N60-R04,plain,0,item-053,32,0,60,13,13,11
MPV-GEN-T7-N60-R04,plain,0,item-001,32,0,71,12,10,15
MPV-GEN-T7-N60-R04,plain,0,item-035,0,0,91,23,9,2
MPV-GEN-T7-N60-R04,plain,0,item-005,0,0,93,20,6,2
MPV-GEN-T7-N60-R04,plain,0,item-002,0,0,95,10,1,5
MPV-GEN-T7-N60-R04,plain,0,item-059,32,13,60,8,8,30
MPV-GEN-T7-N60-R04,plain,0,item-012,0,63,30,33,2,25
MPV-GEN-T7-N60-R04,plain,0,item-045,45,0,60,3,23,14
MPV-GEN-T7-N60-R04,plain,0,item-015,48,0,60,3,16,14
MPV-GEN-T7-N60-R04,plain,0,item-016,0,91,13,24,8,11
MPV-GEN-T7-N60-R04,plain,0,item-052,0,9,91,25,2,8
MPV-GEN-T7-N60-R04,plain,0,item-027,40,0,86,3,8,13
MPV-GEN-T7-N60-R04,plain,0,item-034,32,10,71,12,3,13
MPV-GEN-T7-N60-R04,plain,0,item-055,40,13,60,5,7,15
MPV-GEN-T7-N60-R04,plain,0,item-026,40,13,75,3,6,17
MPV-GEN-T7-N60-R04,plain,0,item-044,0,63,55,32,2,16
MPV-GEN-T7-N60-R04,plain,0,item-049,0,11,91,25,2,6
MPV-GEN-T7-N60-R04,plain,0,item-021,56,0,43,6,21,1
MPV-GEN-T7-N60-R04,plain,0,item-025,0,6,93,14,1,6
MPV-GEN-T7-N60-R04,plain,0,item-036,79,30,0,8,31,30
MPV-GEN-T7-N60-R04,plain,0,item-028,0,65,55,28,33,6
MPV-GEN-T7-N60-R04,plain,0,item-040,0,65,61,5,29,28
MPV-GEN-T7-N60-R04,plain,0,item-038,0,94,61,28,3,10
MPV-GEN-T7-N60-R04,plain,0,item-043,5,65,61,3,26,32
MPV-GEN-T7-N60-R04,plain,0,item-037,31,65,32,33,18,1
MPV-GEN-T7-N60-R04,plain,0,item-041,33,64,33,33,21,6
MPV-GEN-T7-N60-R04,plain,0,item-046,0,94,71,1,2,27
MPV-GEN-T7-N60-R04,plain,0,item-057,33,53,39,35,30,2
MPV-GEN-T7-N60-R05,plain,0,item-004,0,0,0,32,34,9
MPV-GEN-T7-N60-R05,plain,0,item-014,0,0,9,19,26,31
MPV-GEN-T7-N60-R05,plain,0,item-013,0,0,40,19,24,16
MPV-GEN-T7-N60-R05,plain,0,item-040,0,0,56,18,23,29
MPV-GEN-T7-N60-R05,plain,0,item-011,0,34,0,34,32,11
MPV-GEN-T7-N60-R05,plain,0,item-021,0,66,0,35,18,33
MPV-GEN-T7-N60-R05,plain,0,item-024,19,0,9,13,18,34
MPV-GEN-T7-N60-R05,plain,0,item-047,32,0,0,27,29,13
MPV-GEN-T7-N60-R05,plain,0,item-019,32,0,13,27,14,34
MPV-GEN-T7-N60-R05,plain,0,item-051,34,29,0,34,20,24
MPV-GEN-T7-N60-R05,plain,0,item-055,0,49,11,34,14,26
MPV-GEN-T7-N60-R05,plain,0,item-016,35,49,0,19,33,11
MPV-GEN-T7-N60-R05,plain,0,item-000,35,49,11,19,16,19
MPV-GEN-T7-N60-R05,plain,0,item-007,32,14,13,21,14,19
MPV-GEN-T7-N60-R05,plain,0,item-045,19,0,43,12,15,27
MPV-GEN-T7-N60-R05,plain,0,item-001,32,14,32,21,7,25
MPV-GEN-T7-N60-R05,plain,0,item-003,35,65,11,15,17,18
MPV-GEN-T7-N60-R05,plain,0,item-020,54,49,0,23,25,20
MPV-GEN-T7-N60-R05,plain,0,item-026,54,74,0,26,24,14
MPV-GEN-T7-N60-R05,plain,0,item-039,54,49,20,23,19,17
MPV-GEN-T7-N60-R05,plain,0,item-002,0,68,33,33,8,12
MPV-GEN-T7-N60-R05,plain,0,item-022,0,0,85,17,21,6
MPV-GEN-T7-N60-R05,plain,0,item-038,0,0,91,16,17,3
MPV-GEN-T7-N60-R05,plain,0,item-005,16,0,91,1,19,7
MPV-GEN-T7-N60-R05,plain,0,item-023,0,76,33,25,8,14
MPV-GEN-T7-N60-R05,plain,0,item-006,34,21,32,18,5,10
MPV-GEN-T7-N60-R05,plain,0,item-008,0,0,94,5,1,3
MPV-GEN-T7-N60-R05,plain,0,item-029,35,65,29,7,17,12
MPV-GEN-T7-N60-R05,plain,0,item-032,0,63,11,27,3,24
MPV-GEN-T7-N60-R05,plain,0,item-033,0,63,35,25,3,24
MPV-GEN-T7-N60-R05,plain,0,item-052,42,65,29,7,14,16
MPV-GEN-T7-N60-R05,plain,0,item-010,0,26,9,32,5,7
MPV-GEN-T7-N60-R05,plain,0,item-056,19,15,43,8,3,35
MPV-GEN-T7-N60-R05,plain,0,item-012,0,66,33,29,2,10
MPV-GEN-T7-N60-R05,plain,0,item-034,59,0,0,26,29,6
MPV-GEN-T7-N60-R05,plain,0,item-037,59,0,6,23,27,15
MPV-GEN-T7-N60-R05,plain,0,item-057,59,0,21,22,27,17
MPV-GEN-T7-N60-R05,plain,0,item-017,0,66,43,22,1,29
MPV-GEN-T7-N60-R05,plain,0,item-050,59,0,38,20,26,5
MPV-GEN-T7-N60-R05,plain,0,item-048,59,0,43,19,10,12
MPV-GEN-T7-N60-R05,plain,0,item-009,59,10,43,19,7,4
MPV-GEN-T7-N60-R05,plain,0,item-025,77,29,0,16,34,8
MPV-GEN-T7-N60-R05,plain,0,item-036,80,63,0,8,28,34
MPV-GEN-T7-N60-R05,plain,0,item-058,53,10,47,24,4,28
MPV-GEN-T7-N60-R05,plain,0,item-046,0,84,0,31,15,5
MPV-GEN-T7-N60-R05,plain,0,item-053,88,63,0,9,32,14
MPV-GEN-T7-N60-R05,plain,0,item-049,93,0,0,3,33,18
MPV-GEN-T7-N60-R05,plain,0,item-054,77,27,8,9,34,8
MPV-GEN-T7-N60-R05,plain,0,item-015,50,74,14,23,19,4
MPV-GEN-T7-N60-R05,plain,0,item-018,17,0,85,1,10,12
MPV-GEN-T7-N60-R05,plain,0,item-027,0,27,37,35,29,4
MPV-GEN-T7-N60-R05,plain,0,item-028,0,26,41,32,24,4
MPV-GEN-T7-N60-R05,plain,0,item-059,79,0,38,2,23,28
MPV-GEN-T7-N60-R05,plain,0,item-031,0,56,37,34,7,5
MPV-GEN-T7-N60-R05,plain,0,item-043,0,50,41,20,6,7
MPV-GEN-T7-N60-R05,plain,0,item-030,50,74,18,23,17,2
MPV-GEN-T7-N60-R05,plain,0,item-035,50,68,20,26,30,1
MPV-GEN-T7-N60-R05,plain,0,item-041,0,17,91,4,3,7
MPV-GEN-T7-N60-R05,plain,0,item-042,0,56,42,10,4,12
MPV-GEN-T7-N60-R05,plain,0,item-044,0,60,42,31,1,7
MPV-GEN-T7-N60-R06,plain,0,item-044,0,0,0,31,34,34
MPV-GEN-T7-N60-R06,plain,0,item-058,0,0,34,30,32,26
MPV-GEN-T7-N60-R06,plain,0,item-022,0,0,60,30,29,11
MPV-GEN-T7-N60-R06,plain,0,item-046,0,0,71,27,29,19
MPV-GEN-T7-N60-R06,plain,0,item-002,0,34,0,32,26,18
MPV-GEN-T7-N60-R06,plain,0,item-034,0,34,18,27,21,33
MPV-GEN-T7-N60-R06,plain,0,item-016,0,60,0,27,34,10
MPV-GEN-T7-N60-R06,plain,0,item-039,0,60,10,27,32,16
MPV-GEN-T7-N60-R06,plain,0,item-028,27,60,0,35,16,26
MPV-GEN-T7-N60-R06,plain,0,item-047,31,0,0,18,34,19
MPV-GEN-T7-N60-R06,plain,0,item-025,31,0,19,17,31,11
MPV-GEN-T7-N60-R06,plain,0,item-052,31,0,30,13,25,25
MPV-GEN-T7-N60-R06,plain,0,item-008,27,76,0,22,24,15
MPV-GEN-T7-N60-R06,plain,0,item-024,27,76,15,22,22,12
MPV-GEN-T7-N60-R06,plain,0,item-020,32,34,0,32,16,16
MPV-GEN-T7-N60-R06,plain,0,item-030,32,34,16,24,14,31
MPV-GEN-T7-N60-R06,plain,0,item-037,62,50,0,24,35,7
MPV-GEN-T7-N60-R06,plain,0,item-031,62,50,7,13,33,15
MPV-GEN-T7-N60-R06,plain,0,item-048,49,0,0,19,33,10
MPV-GEN-T7-N60-R06,plain,0,item-004,49,0,10,12,24,17
MPV-GEN-T7-N60-R06,plain,0,item-029,68,0,0,28,20,9
MPV-GEN-T7-N60-R06,plain,0,item-000,68,0,9,25,13,14
MPV-GEN-T7-N60-R06,plain,0,item-042,0,0,90,22,26,7
MPV-GEN-T7-N60-R06,plain,0,item-013,22,0,90,5,22,8
MPV-GEN-T7-N60-R06,plain,0,item-001,0,29,60,19,3,11
MPV-GEN-T7-N60-R06,plain,0,item-012,27,0,71,1,15,29
MPV-GEN-T7-N60-R06,plain,0,item-043,27,15,71,3,8,16
MPV-GEN-T7-N60-R06,plain,0,item-003,0,32,34,22,1,17
MPV-GEN-T7-N60-R06,plain,0,item-005,0,0,97,6,8,1
MPV-GEN-T7-N60-R06,plain,0,item-015,61,0,10,7,23,28
MPV-GEN-T7-N60-R06,plain,0,item-035,31,25,30,16,3,34
MPV-GEN-T7-N60-R06,plain,0,item-014,68,0,23,20,10,5
MPV-GEN-T7-N60-R06,plain,0,item-017,68,0,28,18,8,17
MPV-GEN-T7-N60-R06,plain,0,item-040,0,55,18,32,4,31
MPV-GEN-T7-N60-R06,plain,0,item-027,0,55,49,31,4,31
MPV-GEN-T7-N60-R06,plain,0,item-055,68,20,0,17,22,13
MPV-GEN-T7-N60-R06,plain,0,item-054,49,85,0,23,14,24
MPV-GEN-T7-N60-R06,plain,0,item-026,85,20,0,15,20,10
MPV-GEN-T7-N60-R06,plain,0,item-049,49,24,10,17,7,19
MPV-GEN-T7-N60-R06,plain,0,item-009,86,40,0,11,27,3
MPV-GEN-T7-N60-R06,plain,0,item-057,86,40,3,10,25,31
MPV-GEN-T7-N60-R06,plain,0,item-011,0,65,26,35,11,2
MPV-GEN-T7-N60-R06,plain,0,item-051,0,65,28,35,6,32
MPV-GEN-T7-N60-R06,plain,0,item-018,0,76,26,17,16,19
MPV-GEN-T7-N60-R06,plain,0,item-050,0,71,28,30,5,23
MPV-GEN-T7-N60-R06,plain,0,item-006,0,76,45,11,16,4
MPV-GEN-T7-N60-R06,plain,0,item-041,0,76,49,9,9,9
MPV-GEN-T7-N60-R06,plain,0,item-007,0,85,49,10,6,10
MPV-GEN-T7-N60-R06,plain,0,item-023,86,67,0,6,30,20
MPV-GEN-T7-N60-R06,plain,0,item-038,92,67,0,5,30,30
MPV-GEN-T7-N60-R06,plain,0,item-032,0,32,51,17,20,13
MPV-GEN-T7-N60-R06,plain,0,item-019,75,42,7,7,34,29
MPV-GEN-T7-N60-R06,plain,0,item-021,68,13,13,5,28,17
MPV-GEN-T7-N60-R06,plain,0,item-045,0,32,64,22,18,6
MPV-GEN-T7-N60-R06,plain,0,item-053,73,13,13,6,29,4
MPV-GEN-T7-N60-R06,plain,0,item-010,0,32,70,32,18,1
MPV-GEN-T7-N60-R06,plain,0,item-033,0,29,71,32,7,7
MPV-GEN-T7-N60-R06,plain,0,item-036,17,76,27,32,24,4
MPV-GEN-T7-N60-R06,plain,0,item-056,0,50,64,14,1,31
MPV-GEN-T7-N60-R06,plain,0,item-059,0,29,78,30,2,4
MPV-GEN-T7-N60-R07,plain,0,item-039,0,0,0,32,34,28
MPV-GEN-T7-N60-R07,plain,0,item-000,0,0,28,30,34,22
MPV-GEN-T7-N60-R07,plain,0,item-040,0,0,50,22,33,32
MPV-GEN-T7-N60-R07,plain,0,item-001,0,34,0,28,35,21
MPV-GEN-T7-N60-R07,plain,0,item-010,22,0,50,8,32,31
MPV-GEN-T7-N60-R07,plain,0,item-058,0,34,21,25,26,25
MPV-GEN-T7-N60-R07,plain,0,item-019,0,34,46,23,20,35
MPV-GEN-T7-N60-R07,plain,0,item-012,0,69,0,32,27,14
MPV-GEN-T7-N60-R07,plain,0,item-018,0,69,14,32,21,13
MPV-GEN-T7-N60-R07,plain,0,item-033,28,34,0,26,33,14
MPV-GEN-T7-N60-R07,plain,0,item-038,28,34,14,16,32,23
MPV-GEN-T7-N60-R07,plain,0,item-021,32,0,0,34,25,14
MPV-GEN-T7-N60-R07,plain,0,item-044,32,0,14,30,21,25
MPV-GEN-T7-N60-R07,plain,0,item-028,32,67,0,16,30,24
MPV-GEN-T7-N60-R07,plain,0,item-035,48,67,0,19,24,33
MPV-GEN-T7-N60-R07,plain,0,item-052,54,25,0,30,14,33
MPV-GEN-T7-N60-R07,plain,0,item-041,54,39,0,15,26,22
MPV-GEN-T7-N60-R07,plain,0,item-047,66,0,0,33,15,14
MPV-GEN-T7-N60-R07,plain,0,item-049,62,0,14,30,15,19
MPV-GEN-T7-N60-R07,plain,0,item-015,62,0,33,27,14,18
MPV-GEN-T7-N60-R07,plain,0,item-057,66,15,0,32,10,23
MPV-GEN-T7-N60-R07,plain,0,item-034,67,65,0,6,35,26
MPV-GEN-T7-N60-R07,plain,0,item-002,69,39,0,20,10,25
MPV-GEN-T7-N60-R07,plain,0,item-005,0,0,82,22,33,6
MPV-GEN-T7-N60-R07,plain,0,item-055,73,49,0,11,17,24
MPV-GEN-T7-N60-R07,plain,0,item-006,73,66,0,5,26,32
MPV-GEN-T7-N60-R07,plain,0,item-027,78,66,0,5,25,34
MPV-GEN-T7-N60-R07,plain,0,item-037,73,39,25,14,9,33
MPV-GEN-T7-N60-R07,plain,0,item-030,83,66,0,12,12,24
MPV-GEN-T7-N60-R07,plain,0,item-045,22,0,81,8,22,19
MPV-GEN-T7-N60-R07,plain,0,item-056,89,25,0,7,35,14
MPV-GEN-T7-N60-R07,plain,0,item-003,89,25,14,5,19,29
MPV-GEN-T7-N60-R07,plain,0,item-004,0,0,88,16,13,12
MPV-GEN-T7-N60-R07,plain,0,item-036,30,0,39,32,9,8
MPV-GEN-T7-N60-R07,plain,0,item-046,30,0,47,10,7,32
MPV-GEN-T7-N60-R07,plain,0,item-009,32,66,24,16,34,3
MPV-GEN-T7-N60-R07,plain,0,item-024,0,13,88,9,15,12
MPV-GEN-T7-N60-R07,plain,0,item-013,23,34,46,2,21,22
MPV-GEN-T7-N60-R07,plain,0,item-014,25,34,37,20,30,3
MPV-GEN-T7-N60-R07,plain,0,item-020,40,0,47,5,8,23
MPV-GEN-T7-N60-R07,plain,0,item-022,45,0,47,9,3,29
MPV-GEN-T7-N60-R07,plain,0,item-026,25,34,40,3,15,19
MPV-GEN-T7-N60-R07,plain,0,item-029,25,49,40,3,12,28
MPV-GEN-T7-N60-R07,plain,0,item-048,28,34,40,8,34,9
MPV-GEN-T7-N60-R07,plain,0,item-032,0,68,27,31,13,3
MPV-GEN-T7-N60-R07,plain,0,item-007,0,68,30,35,11,2
MPV-GEN-T7-N60-R07,plain,0,item-053,16,0,88,2,25,7
MPV-GEN-T7-N60-R07,plain,0,item-016,0,28,88,22,1,10
MPV-GEN-T7-N60-R07,plain,0,item-025,22,22,81,7,6,13
MPV-GEN-T7-N60-R07,plain,0,item-011,40,0,70,2,3,29
MPV-GEN-T7-N60-R07,plain,0,item-050,9,13,88,4,8,5
MPV-GEN-T7-N60-R07,plain,0,item-008,40,3,70,5,1,28
MPV-GEN-T7-N60-R07,plain,0,item-017,18,0,88,1,16,6
MPV-GEN-T7-N60-R07,plain,0,item-043,28,34,49,8,23,3
MPV-GEN-T7-N60-R07,plain,0,item-023,0,54,46,21,6,4
MPV-GEN-T7-N60-R07,plain,0,item-059,0,33,81,24,29,2
MPV-GEN-T7-N60-R07,plain,0,item-031,0,33,83,26,35,1
MPV-GEN-T7-N60-R07,plain,0,item-042,0,33,84,33,35,1
MPV-GEN-T7-N60-R07,plain,0,item-054,16,0,95,1,18,4
MPV-GEN-T7-N60-R07,plain,0,item-051,22,22,94,2,5,6
MPV-GEN-T7-N60-R08,plain,0,item-017,0,0,0,32,35,29
MPV-GEN-T7-N60-R08,plain,0,item-001,0,0,29,26,31,30
MPV-GEN-T7-N60-R08,plain,0,item-014,0,0,59,21,26,35
MPV-GEN-T7-N60-R08,plain,0,item-007,0,26,59,24,3,28
MPV-GEN-T7-N60-R08,plain,0,item-051,21,0,59,3,26,14
MPV-GEN-T7-N60-R08,plain,0,item-011,21,0,73,3,17,20
MPV-GEN-T7-N60-R08,plain,0,item-000,24,0,59,1,31,29
MPV-GEN-T7-N60-R08,plain,0,item-012,0,35,0,27,28,33
MPV-GEN-T7-N60-R08,plain,0,item-026,0,63,0,27,34,15
MPV-GEN-T7-N60-R08,plain,0,item-054,0,63,15,15,33,32
MPV-GEN-T7-N60-R08,plain,0,item-049,27,35,0,32,24,32
MPV-GEN-T7-N60-R08,plain,0,item-031,27,59,0,28,26,23
MPV-GEN-T7-N60-R08,plain,0,item-004,27,59,23,19,26,20
MPV-GEN-T7-N60-R08,plain,0,item-045,32,0,0,18,25,33
MPV-GEN-T7-N60-R08,plain,0,item-058,50,0,0,19,31,23
MPV-GEN-T7-N60-R08,plain,0,item-002,50,0,23,19,16,31
MPV-GEN-T7-N60-R08,plain,0,item-003,15,63,15,12,26,28
MPV-GEN-T7-N60-R08,plain,0,item-048,55,59,0,31,34,7
MPV-GEN-T7-N60-R08,plain,0,item-005,55,59,7,27,22,12
MPV-GEN-T7-N60-R08,plain,0,item-013,55,59,19,23,19,14
MPV-GEN-T7-N60-R08,plain,0,item-022,55,81,7,22,11,34
MPV-GEN-T7-N60-R08,plain,0,item-034,59,31,0,19,27,18
MPV-GEN-T7-N60-R08,plain,0,item-020,78,0,0,14,34,19
MPV-GEN-T7-N60-R08,plain,0,item-024,59,31,18,18,19,25
MPV-GEN-T7-N60-R08,plain,0,item-032,78,0,19,9,30,27
MPV-GEN-T7-N60-R08,plain,0,item-039,27,85,0,24,12,27
MPV-GEN-T7-N60-R08,plain,0,item-010,27,85,27,20,10,25
MPV-GEN-T7-N60-R08,plain,0,item-028,78,34,0,19,22,11
MPV-GEN-T7-N60-R08,plain,0,item-029,50,16,23,12,15,25
MPV-GEN-T7-N60-R08,plain,0,item-035,0,50,33,21,9,19
MPV-GEN-T7-N60-R08,plain,0,item-041,27,50,32,20,9,24
MPV-GEN-T7-N60-R08,plain,0,item-044,78,34,11,18,19,17
MPV-GEN-T7-N60-R08,plain,0,item-050,86,56,0,14,22,23
MPV-GEN-T7-N60-R08,plain,0,item-042,86,78,0,10,22,31
MPV-GEN-T7-N60-R08,plain,0,item-059,59,50,18,17,8,13
MPV-GEN-T7-N60-R08,plain,0,item-006,0,97,0,33,2,26
MPV-GEN-T7-N60-R08,plain,0,item-037,62,30,43,15,17,13
MPV-GEN-T7-N60-R08,plain,0,item-019,15,59,43,26,17,7
MPV-GEN-T7-N60-R08,plain,0,item-008,46,59,33,34,12,5
MPV-GEN-T7-N60-R08,plain,0,item-009,0,76,47,8,7,25
MPV-GEN-T7-N60-R08,plain,0,item-055,26,0,29,6,25,11
MPV-GEN-T7-N60-R08,plain,0,item-015,32,0,33,11,18,7
MPV-GEN-T7-N60-R08,plain,0,item-021,41,59,43,4,23,10
MPV-GEN-T7-N60-R08,plain,0,item-038,0,83,47,5,10,15
MPV-GEN-T7-N60-R08,plain,0,item-016,15,82,43,30,2,9
MPV-GEN-T7-N60-R08,plain,0,item-018,24,0,88,1,27,8
MPV-GEN-T7-N60-R08,plain,0,item-046,26,0,40,6,21,11
MPV-GEN-T7-N60-R08,plain,0,item-033,46,59,38,33,2,20
MPV-GEN-T7-N60-R08,plain,0,item-023,79,0,46,2,28,10
MPV-GEN-T7-N60-R08,plain,0,item-052,25,0,59,1,25,19
MPV-GEN-T7-N60-R08,plain,0,item-025,0,93,47,8,3,16
MPV-GEN-T7-N60-R08,plain,0,item-027,97,0,0,1,35,26
MPV-GEN-T7-N60-R08,plain,0,item-043,15,76,43,26,2,12
MPV-GEN-T7-N60-R08,plain,0,item-030,87,0,19,1,32,18
MPV-GEN-T7-N60-R08,plain,0,item-036,0,0,94,21,5,1
MPV-GEN-T7-N60-R08,plain,0,item-040,79,0,56,1,26,11
MPV-GEN-T7-N60-R08,plain,0,item-047,0,31,52,24,32,8
MPV-GEN-T7-N60-R08,plain,0,item-053,0,31,60,34,22,9
MPV-GEN-T7-N60-R08,plain,0,item-056,25,0,78,1,10,10
MPV-GEN-T7-N60-R08,plain,0,item-057,0,31,69,32,8,2
MPV-GEN-T7-N60-R09,plain,0,item-055,0,0,0,35,32,22
MPV-GEN-T7-N60-R09,plain,0,item-010,0,0,22,31,24,20
MPV-GEN-T7-N60-R09,plain,0,item-015,0,0,42,31,21,32
MPV-GEN-T7-N60-R09,plain,0,item-023,0,0,74,29,16,17
MPV-GEN-T7-N60-R09,plain,0,item-005,0,32,0,31,35,5
MPV-GEN-T7-N60-R09,plain,0,item-006,0,32,5,27,24,19
MPV-GEN-T7-N60-R09,plain,0,item-003,0,56,5,30,9,28
MPV-GEN-T7-N60-R09,plain,0,item-007,0,24,22,26,8,20
MPV-GEN-T7-N60-R09,plain,0,item-013,0,32,24,20,18,28
MPV-GEN-T7-N60-R09,plain,0,item-021,0,67,0,33,20,30
MPV-GEN-T7-N60-R09,plain,0,item-027,31,32,0,33,21,17
MPV-GEN-T7-N60-R09,plain,0,item-053,33,32,17,30,18,35
MPV-GEN-T7-N60-R09,plain,0,item-045,33,53,0,27,29,11
MPV-GEN-T7-N60-R09,plain,0,item-042,0,21,42,21,8,25
MPV-GEN-T7-N60-R09,plain,0,item-001,33,53,11,23,28,5
MPV-GEN-T7-N60-R09,plain,0,item-020,33,53,16,22,26,14
MPV-GEN-T7-N60-R09,plain,0,item-030,35,0,0,24,30,11
MPV-GEN-T7-N60-R09,plain,0,item-012,0,16,74,23,5,18
MPV-GEN-T7-N60-R09,plain,0,item-039,0,0,91,29,14,4
MPV-GEN-T7-N60-R09,plain,0,item-037,0,0,95,17,14,4
MPV-GEN-T7-N60-R09,plain,0,item-043,23,16,74,8,5,22
MPV-GEN-T7-N60-R09,plain,0,item-009,29,0,74,1,14,25
MPV-GEN-T7-N60-R09,plain,0,item-032,35,0,11,23,23,17
MPV-GEN-T7-N60-R09,plain,0,item-004,33,82,0,35,15,15
MPV-GEN-T7-N60-R09,plain,0,item-057,0,21,67,19,5,17
MPV-GEN-T7-N60-R09,plain,0,item-029,35,23,11,22,7,9
MPV-GEN-T7-N60-R09,plain,0,item-034,0,50,24,21,6,11
MPV-GEN-T7-N60-R09,plain,0,item-056,0,56,33,29,9,28
MPV-GEN-T7-N60-R09,plain,0,item-038,59,0,0,28,24,8
MPV-GEN-T7-N60-R09,plain,0,item-040,59,0,8,26,20,12
MPV-GEN-T7-N60-R09,plain,0,item-044,63,0,20,17,18,8
MPV-GEN-T7-N60-R09,plain,0,item-035,63,0,28,12,18,18
MPV-GEN-T7-N60-R09,plain,0,item-018,64,24,0,16,32,2
MPV-GEN-T7-N60-R09,plain,0,item-052,0,26,67,18,2,27
MPV-GEN-T7-N60-R09,plain,0,item-054,63,0,46,5,14,12
MPV-GEN-T7-N60-R09,plain,0,item-028,0,29,42,23,1,32
MPV-GEN-T7-N60-R09,plain,0,item-051,68,0,46,5,13,11
MPV-GEN-T7-N60-R09,plain,0,item-016,31,0,22,2,27,9
MPV-GEN-T7-N60-R09,plain,0,item-026,64,24,2,15,29,12
MPV-GEN-T7-N60-R09,plain,0,item-046,30,32,5,1,34,24
MPV-GEN-T7-N60-R09,plain,0,item-048,60,56,0,20,23,6
MPV-GEN-T7-N60-R09,plain,0,item-058,80,24,0,14,25,22
MPV-GEN-T7-N60-R09,plain,0,item-059,80,49,0,11,23,11
MPV-GEN-T7-N60-R09,plain,0,item-002,91,49,0,7,35,3
MPV-GEN-T7-N60-R09,plain,0,item-033,56,53,11,4,28,4
MPV-GEN-T7-N60-R09,plain,0,item-000,91,49,3,6,29,2
MPV-GEN-T7-N60-R09,plain,0,item-008,0,28,67,17,1,18
MPV-GEN-T7-N60-R09,plain,0,item-031,91,49,5,6,28,32
MPV-GEN-T7-N60-R09,plain,0,item-014,0,87,0,21,11,10
MPV-GEN-T7-N60-R09,plain,0,item-049,68,79,0,10,20,32
MPV-GEN-T7-N60-R09,plain,0,item-011,94,0,0,5,32,12
MPV-GEN-T7-N60-R09,plain,0,item-017,33,81,15,27,8,6
MPV-GEN-T7-N60-R09,plain,0,item-019,0,0,99,7,3,1
MPV-GEN-T7-N60-R09,plain,0,item-050,0,14,91,23,2,5
MPV-GEN-T7-N60-R09,plain,0,item-036,0,16,92,21,2,5
MPV-GEN-T7-N60-R09,plain,0,item-025,0,29,74,10,1,18
MPV-GEN-T7-N60-R09,plain,0,item-022,30,0,74,1,8,17
MPV-GEN-T7-N60-R09,plain,0,item-024,21,32,24,5,24,2
MPV-GEN-T7-N60-R09,plain,0,item-041,33,0,28,26,14,2
MPV-GEN-T7-N60-R09,plain,0,item-047,0,14,96,4,1,3
MPV-GEN-T7-N60-R10,plain,0,item-006,0,0,0,32,35,25
MPV-GEN-T7-N60-R10,plain,0,item-028,0,0,25,26,28,31
MPV-GEN-T7-N60-R10,plain,0,item-003,0,0,56,14,28,27
MPV-GEN-T7-N60-R10,plain,0,item-000,14,0,56,12,26,32
MPV-GEN-T7-N60-R10,plain,0,item-001,0,35,0,33,24,14
MPV-GEN-T7-N60-R10,plain,0,item-024,0,0,83,14,28,15
MPV-GEN-T7-N60-R10,plain,0,item-036,14,0,88,10,21,10
MPV-GEN-T7-N60-R10,plain,0,item-037,26,0,25,6,22,31
MPV-GEN-T7-N60-R10,plain,0,item-009,26,0,56,5,22,12
MPV-GEN-T7-N60-R10,plain,0,item-021,26,0,68,3,18,26
MPV-GEN-T7-N60-R10,plain,0,item-018,0,28,25,32,3,32
MPV-GEN-T7-N60-R10,plain,0,item-035,0,28,57,14,3,16
MPV-GEN-T7-N60-R10,plain,0,item-038,14,26,56,5,2,35
MPV-GEN-T7-N60-R10,plain,0,item-057,14,28,57,7,3,31
MPV-GEN-T7-N60-R10,plain,0,item-002,26,22,25,6,6,9
MPV-GEN-T7-N60-R10,plain,0,item-004,26,22,34,3,5,23
MPV-GEN-T7-N60-R10,plain,0,item-042,0,35,14,33,18,20
MPV-GEN-T7-N60-R10,plain,0,item-049,0,59,0,24,29,33
MPV-GEN-T7-N60-R10,plain,0,item-007,24,59,0,15,35,23
MPV-GEN-T7-N60-R10,plain,0,item-033,32,0,0,34,32,10
MPV-GEN-T7-N60-R10,plain,0,item-010,32,0,10,31,25,14
MPV-GEN-T7-N60-R10,plain,0,item-020,32,0,24,31,17,22
MPV-GEN-T7-N60-R10,plain,0,item-017,32,0,46,23,15,29
MPV-GEN-T7-N60-R10,plain,0,item-016,39,32,0,33,28,8
MPV-GEN-T7-N60-R10,plain,0,item-047,39,32,8,30,18,9
MPV-GEN-T7-N60-R10,plain,0,item-027,39,60,0,29,31,9
MPV-GEN-T7-N60-R10,plain,0,item-014,66,0,0,22,30,7
MPV-GEN-T7-N60-R10,plain,0,item-058,66,0,7,20,30,20
MPV-GEN-T7-N60-R10,plain,0,item-019,68,60,0,22,23,8
MPV-GEN-T7-N60-R10,plain,0,item-025,88,0,0,11,33,21
MPV-GEN-T7-N60-R10,plain,0,item-044,39,33,17,17,16,35
MPV-GEN-T7-N60-R10,plain,0,item-008,56,33,17,11,12,30
MPV-GEN-T7-N60-R10,plain,0,item-030,67,0,27,13,27,17
MPV-GEN-T7-N60-R10,plain,0,item-005,67,0,44,13,24,11
MPV-GEN-T7-N60-R10,plain,0,item-013,55,0,46,6,16,20
MPV-GEN-T7-N60-R10,plain,0,item-011,55,0,66,6,11,26
MPV-GEN-T7-N60-R10,plain,0,item-052,0,0,98,24,13,1
MPV-GEN-T7-N60-R10,plain,0,item-012,0,13,98,18,6,2
MPV-GEN-T7-N60-R10,plain,0,item-023,72,30,0,10,26,35
MPV-GEN-T7-N60-R10,plain,0,item-056,39,91,0,35,7,24
MPV-GEN-T7-N60-R10,plain,0,item-022,74,83,0,14,16,22
MPV-GEN-T7-N60-R10,plain,0,item-015,82,33,0,15,13,21
MPV-GEN-T7-N60-R10,plain,0,item-050,0,49,34,33,4,23
MPV-GEN-T7-N60-R10,plain,0,item-051,80,0,27,6,11,19
MPV-GEN-T7-N60-R10,plain,0,item-026,80,11,27,4,13,20
MPV-GEN-T7-N60-R10,plain,0,item-029,39,50,8,31,10,6
MPV-GEN-T7-N60-R10,plain,0,item-031,39,60,9,20,19,19
MPV-GEN-T7-N60-R10,plain,0,item-032,14,21,88,1,5,6
MPV-GEN-T7-N60-R10,plain,0,item-041,0,56,33,31,32,4
MPV-GEN-T7-N60-R10,plain,0,item-034,0,53,37,34,33,3
MPV-GEN-T7-N60-R10,plain,0,item-039,0,53,40,33,27,3
MPV-GEN-T7-N60-R10,plain,0,item-043,0,53,43,14,19,8
MPV-GEN-T7-N60-R10,plain,0,item-040,0,53,51,5,13,14
MPV-GEN-T7-N60-R10,plain,0,item-054,14,53,43,19,17,5
MPV-GEN-T7-N60-R10,plain,0,item-059,14,53,48,16,14,10
MPV-GEN-T7-N60-R10,plain,0,item-045,88,0,21,2,32,25
MPV-GEN-T7-N60-R10,plain,0,item-055,0,72,43,18,5,9
MPV-GEN-T7-N60-R10,plain,0,item-046,68,60,8,20,13,3
MPV-GEN-T7-N60-R10,plain,0,item-048,90,0,21,8,23,4
MPV-GEN-T7-N60-R10,plain,0,item-053,0,31,34,27,15,2
MPV-GEN-T7-N90-R01,plain,0,item-007,0,0,0,29,33,33
MPV-GEN-T7-N90-R01,plain,0,item-056,0,0,33,28,25,31
MPV-GEN-T7-N90-R01,plain,0,item-005,0,0,64,28,24,30
MPV-GEN-T7-N90-R01,plain,0,item-013,0,33,0,31,31,25
MPV-GEN-T7-N90-R01,plain,0,item-009,0,33,25,26,28,23
MPV-GEN-T7-N90-R01,plain,0,item-089,0,64,0,32,30,26
MPV-GEN-T7-N90-R01,plain,0,item-023,29,0,0,22,29,35
MPV-GEN-T7-N90-R01,plain,0,item-048,31,29,0,25,32,20
MPV-GEN-T7-N90-R01,plain,0,item-069,31,29,20,20,32,27
MPV-GEN-T7-N90-R01,plain,0,item-000,32,61,0,21,30,25
MPV-GEN-T7-N90-R01,plain,0,item-001,51,0,0,30,21,29
MPV-GEN-T7-N90-R01,plain,0,item-047,0,0,94,23,23,1
MPV-GEN-T7-N90-R01,plain,0,item-031,0,0,95,21,20,1
MPV-GEN-T7-N90-R01,plain,0,item-064,23,0,94,5,17,6
MPV-GEN-T7-N90-R01,plain,0,item-003,0,25,33,26,7,7
MPV-GEN-T7-N90-R01,plain,0,item-025,51,0,29,18,18,26
MPV-GEN-T7-N90-R01,plain,0,item-040,0,25,40,22,5,35
MPV-GEN-T7-N90-R01,plain,0,item-015,0,30,40,16,2,23
MPV-GEN-T7-N90-R01,plain,0,item-050,69,0,29,11,15,27
MPV-GEN-T7-N90-R01,plain,0,item-043,32,61,25,17,30,35
MPV-GEN-T7-N90-R01,plain,0,item-027,26,33,25,4,23,30
MPV-GEN-T7-N90-R01,plain,0,item-066,0,56,48,25,3,24
MPV-GEN-T7-N90-R01,plain,0,item-063,51,18,29,21,3,10
MPV-GEN-T7-N90-R01,plain,0,item-036,72,15,29,5,4,21
MPV-GEN-T7-N90-R01,plain,0,item-044,49,61,25,4,30,20
MPV-GEN-T7-N90-R01,plain,0,item-002,49,61,45,4,19,5
MPV-GEN-T7-N90-R01,plain,0,item-004,0,0,96,10,16,2
MPV-GEN-T7-N90-R01,plain,0,item-020,53,61,0,23,26,35
MPV-GEN-T7-N90-R01,plain,0,item-051,56,21,0,26,22,33
MPV-GEN-T7-N90-R01,plain,0,item-077,76,43,0,16,34,31
MPV-GEN-T7-N90-R01,plain,0,item-046,76,43,31,16,28,30
MPV-GEN-T7-N90-R01,plain,0,item-021,53,87,0,34,12,32
MPV-GEN-T7-N90-R01,plain,0,item-029,82,0,0,11,34,33
MPV-GEN-T7-N90-R01,plain,0,item-006,87,77,0,13,22,29
MPV-GEN-T7-N90-R01,plain,0,item-079,53,71,35,16,16,21
MPV-GEN-T7-N90-R01,plain,0,item-018,53,87,32,18,12,21
MPV-GEN-T7-N90-R01,plain,0,item-082,87,77,29,6,21,34
MPV-GEN-T7-N90-R01,plain,0,item-008,92,34,0,8,35,13
MPV-GEN-T7-N90-R01,plain,0,item-022,92,34,13,6,30,24
MPV-GEN-T7-N90-R01,plain,0,item-010,56,43,0,14,16,17
MPV-GEN-T7-N90-R01,plain,0,item-011,0,24,64,2,1,11
MPV-GEN-T7-N90-R01,plain,0,item-037,28,0,35,23,25,13
MPV-GEN-T7-N90-R01,plain,0,item-019,28,0,48,19,25,13
MPV-GEN-T7-N90-R01,plain,0,item-081,28,0,61,19,10,23
MPV-GEN-T7-N90-R01,plain,0,item-026,93,0,0,7,32,19
MPV-GEN-T7-N90-R01,plain,0,item-038,69,71,35,6,16,19
MPV-GEN-T7-N90-R01,plain,0,item-078,93,0,19,7,29,19
MPV-GEN-T7-N90-R01,plain,0,item-042,93,0,38,6,23,21
MPV-GEN-T7-N90-R01,plain,0,item-084,0,94,0,29,6,33
MPV-GEN-T7-N90-R01,plain,0,item-080,28,10,61,20,10,23
MPV-GEN-T7-N90-R01,plain,0,item-061,0,32,48,22,17,12
MPV-GEN-T7-N90-R01,plain,0,item-049,0,49,48,25,7,22
MPV-GEN-T7-N90-R01,plain,0,item-073,0,32,60,24,9,29
MPV-GEN-T7-N90-R01,plain,0,item-074,28,0,84,12,18,14
MPV-GEN-T7-N90-R01,plain,0,item-012,0,61,26,18,32,3
MPV-GEN-T7-N90-R01,plain,0,item-032,0,61,29,18,28,19
MPV-GEN-T7-N90-R01,plain,0,item-054,0,59,48,12,26,29
MPV-GEN-T7-N90-R01,plain,0,item-055,12,59,48,5,32,24
MPV-GEN-T7-N90-R01,plain,0,item-076,51,21,33,34,14,17
MPV-GEN-T7-N90-R01,plain,0,item-034,30,35,47,24,26,20
MPV-GEN-T7-N90-R01,plain,0,item-062,54,18,50,30,16,16
MPV-GEN-T7-N90-R01,plain,0,item-016,25,24,67,24,35,9
MPV-GEN-T7-N90-R01,plain,0,item-059,24,24,76,21,29,16
MPV-GEN-T7-N90-R01,plain,0,item-088,18,61,26,9,31,24
MPV-GEN-T7-N90-R01,plain,0,item-017,17,61,60,31,23,8
MPV-GEN-T7-N90-R01,plain,0,item-014,17,59,68,31,21,4
MPV-GEN-T7-N90-R01,plain,0,item-060,12,59,72,34,17,17
MPV-GEN-T7-N90-R01,plain,0,item-086,49,87,53,25,9,18
MPV-GEN-T7-N90-R01,plain,0,item-065,28,18,92,23,29,6
MPV-GEN-T7-N90-R01,plain,0,item-024,0,53,89,31,18,7
MPV-GEN-T7-N90-R01,plain,0,item-039,12,76,72,32,4,19
MPV-GEN-T7-N90-R01,plain,0,item-030,0,41,60,6,8,33
MPV-GEN-T7-N90-R01,plain,0,item-075,85,0,33,8,32,7
MPV-GEN-T7-N90-R01,plain,0,item-057,85,0,40,3,31,23
MPV-GEN-T7-N90-R01,plain,0,item-072,17,61,50,11,26,7
MPV-GEN-T7-N90-R01,plain,0,item-028,92,32,37,7,33,6
MPV-GEN-T7-N90-R01,plain,0,item-033,40,0,84,4,8,10
MPV-GEN-T7-N90-R01,plain,0,item-035,93,0,59,6,23,7
MPV-GEN-T7-N90-R01,plain,0,item-053,0,71,77,11,10,6
MPV-GEN-T7-N90-R01,plain,0,item-071,45,47,76,3,12,23
MPV-GEN-T7-N90-R01,plain,0,item-041,17,61,57,7,23,3
MPV-GEN-T7-N90-R01,plain,0,item-052,48,0,48,2,23,16
MPV-GEN-T7-N90-R01,plain,0,item-045,88,0,40,4,35,5
MPV-GEN-T7-N90-R01,plain,0,item-058,17,80,68,35,2,12
MPV-GEN-T7-N90-R01,plain,0,item-067,28,0,98,19,33,1
MPV-GEN-T7-N90-R01,plain,0,item-085,54,0,66,27,29,10
MPV-GEN-T7-N90-R01,plain,0,item-068,52,0,76,29,26,8
MPV-GEN-T7-N90-R01,plain,0,item-070,28,0,99,4,29,1
MPV-GEN-T7-N90-R01,plain,0,item-083,88,0,45,2,33,2
MPV-GEN-T7-N90-R01,plain,0,item-087,51,0,84,18,32,4
MPV-GEN-T7-N90-R02,plain,0,item-027,0,0,0,35,33,22
MPV-GEN-T7-N90-R02,plain,0,item-017,0,0,22,27,30,31
MPV-GEN-T7-N90-R02,plain,0,item-000,0,0,53,27,27,32
MPV-GEN-T7-N90-R02,plain,0,item-036,0,33,0,29,35,26
MPV-GEN-T7-N90-R02,plain,0,item-026,0,68,0,31,28,15
MPV-GEN-T7-N90-R02,plain,0,item-032,0,68,15,31,22,31
MPV-GEN-T7-N90-R02,plain,0,item-056,0,0,85,22,23,15
MPV-GEN-T7-N90-R02,plain,0,item-086,29,33,0,28,34,13
MPV-GEN-T7-N90-R02,plain,0,item-030,0,90,15,30,5,27
MPV-GEN-T7-N90-R02,plain,0,item-083,29,33,13,25,29,27
MPV-GEN-T7-N90-R02,plain,0,item-058,31,67,0,29,30,10
MPV-GEN-T7-N90-R02,plain,0,item-055,0,90,42,23,5,34
MPV-GEN-T7-N90-R02,plain,0,item-054,0,62,26,26,6,22
MPV-GEN-T7-N90-R02,plain,0,item-063,0,68,46,28,21,3
MPV-GEN-T7-N90-R02,plain,0,item-013,31,67,10,29,29,17
MPV-GEN-T7-N90-R02,plain,0,item-003,35,0,0,33,26,6
MPV-GEN-T7-N90-R02,plain,0,item-014,35,0,6,32,17,13
MPV-GEN-T7-N90-R02,plain,0,item-020,35,0,19,32,17,31
MPV-GEN-T7-N90-R02,plain,0,item-043,35,17,6,23,9,21
MPV-GEN-T7-N90-R02,plain,0,item-031,57,26,0,35,23,23
MPV-GEN-T7-N90-R02,plain,0,item-068,60,49,0,22,29,27
MPV-GEN-T7-N90-R02,plain,0,item-006,82,49,0,18,33,23
MPV-GEN-T7-N90-R02,plain,0,item-029,68,0,0,20,25,18
MPV-GEN-T7-N90-R02,plain,0,item-039,29,62,13,24,5,18
MPV-GEN-T7-N90-R02,plain,0,item-025,31,67,27,19,27,29
MPV-GEN-T7-N90-R02,plain,0,item-033,50,0,50,11,12,28
MPV-GEN-T7-N90-R02,plain,0,item-019,50,67,27,22,10,20
MPV-GEN-T7-N90-R02,plain,0,item-049,61,0,50,4,16,23
MPV-GEN-T7-N90-R02,plain,0,item-075,27,0,22,7,20,13
MPV-GEN-T7-N90-R02,plain,0,item-001,60,82,0,28,17,3
MPV-GEN-T7-N90-R02,plain,0,item-022,0,23,85,19,3,6
MPV-GEN-T7-N90-R02,plain,0,item-008,22,0,85,2,23,2
MPV-GEN-T7-N90-R02,plain,0,item-011,24,0,85,3,15,2
MPV-GEN-T7-N90-R02,plain,0,item-023,22,0,87,3,4,6
MPV-GEN-T7-N90-R02,plain,0,item-002,22,4,87,3,2,11
MPV-GEN-T7-N90-R02,plain,0,item-070,60,82,3,20,13,31
MPV-GEN-T7-N90-R02,plain,0,item-052,92,0,0,8,34,25
MPV-GEN-T7-N90-R02,plain,0,item-067,82,34,23,10,34,23
MPV-GEN-T7-N90-R02,plain,0,item-009,82,68,23,18,13,22
MPV-GEN-T7-N90-R02,plain,0,item-064,35,26,0,21,6,29
MPV-GEN-T7-N90-R02,plain,0,item-062,56,26,23,23,20,27
MPV-GEN-T7-N90-R02,plain,0,item-007,67,0,18,18,25,24
MPV-GEN-T7-N90-R02,plain,0,item-024,67,0,42,17,22,20
MPV-GEN-T7-N90-R02,plain,0,item-073,60,95,3,21,4,32
MPV-GEN-T7-N90-R02,plain,0,item-004,34,17,27,13,6,33
MPV-GEN-T7-N90-R02,plain,0,item-076,0,27,53,27,2,25
MPV-GEN-T7-N90-R02,plain,0,item-021,27,0,35,4,10,28
MPV-GEN-T7-N90-R02,plain,0,item-045,47,12,50,14,3,19
MPV-GEN-T7-N90-R02,plain,0,item-065,27,10,35,5,8,30
MPV-GEN-T7-N90-R02,plain,0,item-079,32,0,35,2,18,27
MPV-GEN-T7-N90-R02,plain,0,item-082,50,77,27,6,12,4
MPV-GEN-T7-N90-R02,plain,0,item-044,92,0,25,4,28,12
MPV-GEN-T7-N90-R02,plain,0,item-060,61,0,73,2,7,17
MPV-GEN-T7-N90-R02,plain,0,item-071,0,26,85,12,1,10
MPV-GEN-T7-N90-R02,plain,0,item-089,47,17,27,8,3,27
MPV-GEN-T7-N90-R02,plain,0,item-005,0,30,22,33,1,1
MPV-GEN-T7-N90-R02,plain,0,item-080,0,30,26,21,32,12
MPV-GEN-T7-N90-R02,plain,0,item-038,0,30,38,18,29,11
MPV-GEN-T7-N90-R02,plain,0,item-010,0,30,49,14,29,11
MPV-GEN-T7-N90-R02,plain,0,item-047,0,29,60,14,28,30
MPV-GEN-T7-N90-R02,plain,0,item-066,34,0,50,13,14,18
MPV-GEN-T7-N90-R02,plain,0,item-042,65,0,62,18,10,16
MPV-GEN-T7-N90-R02,plain,0,item-012,63,0,78,13,10,22
MPV-GEN-T7-N90-R02,plain,0,item-084,26,30,40,24,30,17
MPV-GEN-T7-N90-R02,plain,0,item-018,23,29,57,22,18,28
MPV-GEN-T7-N90-R02,plain,0,item-061,0,27,90,18,24,6
MPV-GEN-T7-N90-R02,plain,0,item-034,18,26,85,25,18,12
MPV-GEN-T7-N90-R02,plain,0,item-088,23,47,57,23,16,7
MPV-GEN-T7-N90-R02,plain,0,item-059,23,47,64,14,20,27
MPV-GEN-T7-N90-R02,plain,0,item-048,0,67,49,13,20,18
MPV-GEN-T7-N90-R02,plain,0,item-069,23,67,56,34,14,28
MPV-GEN-T7-N90-R02,plain,0,item-072,57,22,50,17,18,21
MPV-GEN-T7-N90-R02,plain,0,item-015,50,40,50,35,6,12
MPV-GEN-T7-N90-R02,plain,0,item-041,0,51,90,12,6,5
MPV-GEN-T7-N90-R02,plain,0,item-081,0,81,67,13,6,14
MPV-GEN-T7-N90-R02,plain,0,item-046,13,81,49,12,7,9
MPV-GEN-T7-N90-R02,plain,0,item-016,0,97,0,32,1,8
MPV-GEN-T7-N90-R02,plain,0,item-028,72,46,27,10,25,5
MPV-GEN-T7-N90-R02,plain,0,item-077,57,16,71,25,25,8
MPV-GEN-T7-N90-R02,plain,0,item-087,57,10,79,23,33,8
MPV-GEN-T7-N90-R02,plain,0,item-035,43,10,87,31,31,5
MPV-GEN-T7-N90-R02,plain,0,item-037,43,10,92,24,33,5
MPV-GEN-T7-N90-R02,plain,0,item-085,0,23,96,18,31,4
MPV-GEN-T7-N90-R02,plain,0,item-050,57,77,34,21,17,10
MPV-GEN-T7-N90-R02,plain,0,item-053,57,40,62,31,7,8
MPV-GEN-T7-N90-R02,plain,0,item-051,57,41,70,27,8,6
MPV-GEN-T7-N90-R02,plain,0,item-074,57,77,44,14,23,6
MPV-GEN-T7-N90-R02,plain,0,item-057,18,23,97,26,29,2
MPV-GEN-T7-N90-R02,plain,0,item-040,44,10,97,13,33,2
MPV-GEN-T7-N90-R02,plain,0,item-078,57,41,76,30,7,2
MPV-GEN-T7-N90-R03,plain,0,item-050,0,0,0,30,32,27
MPV-GEN-T7-N90-R03,plain,0,item-000,0,32,0,32,25,28
MPV-GEN-T7-N90-R03,plain,0,item-029,0,0,27,30,29,14
MPV-GEN-T7-N90-R03,plain,0,item-036,0,0,41,29,20,30
MPV-GEN-T7-N90-R03,plain,0,item-039,0,0,71,29,19,18
MPV-GEN-T7-N90-R03,plain,0,item-022,0,57,0,33,35,12
MPV-GEN-T7-N90-R03,plain,0,item-086,0,57,12,32,35,19
MPV-GEN-T7-N90-R03,plain,0,item-073,32,0,0,29,33,22
MPV-GEN-T7-N90-R03,plain,0,item-052,32,0,22,25,23,33
MPV-GEN-T7-N90-R03,plain,0,item-079,0,0,89,24,19,11
MPV-GEN-T7-N90-R03,plain,0,item-047,0,20,41,29,9,25
MPV-GEN-T7-N90-R03,plain,0,item-010,0,20,66,25,8,6
MPV-GEN-T7-N90-R03,plain,0,item-053,0,29,27,27,3,34
MPV-GEN-T7-N90-R03,plain,0,item-027,0,32,28,32,19,25
MPV-GEN-T7-N90-R03,plain,0,item-080,0,32,53,21,18,23
MPV-GEN-T7-N90-R03,plain,0,item-016,0,29,61,27,3,8
MPV-GEN-T7-N90-R03,plain,0,item-012,21,32,53,9,10,7
MPV-GEN-T7-N90-R03,plain,0,item-084,0,51,28,18,6,35
MPV-GEN-T7-N90-R03,plain,0,item-065,0,57,31,23,35,18
MPV-GEN-T7-N90-R03,plain,0,item-008,0,57,49,20,35,15
MPV-GEN-T7-N90-R03,plain,0,item-028,18,51,28,14,4,26
MPV-GEN-T7-N90-R03,plain,0,item-003,32,23,22,16,9,6
MPV-GEN-T7-N90-R03,plain,0,item-037,32,23,28,14,7,19
MPV-GEN-T7-N90-R03,plain,0,item-024,57,0,22,4,27,32
MPV-GEN-T7-N90-R03,plain,0,item-066,57,0,54,2,24,25
MPV-GEN-T7-N90-R03,plain,0,item-017,0,24,72,22,3,20
MPV-GEN-T7-N90-R03,plain,0,item-018,59,0,54,2,23,22
MPV-GEN-T7-N90-R03,plain,0,item-001,59,0,76,2,14,13
MPV-GEN-T7-N90-R03,plain,0,item-069,32,33,0,35,20,30
MPV-GEN-T7-N90-R03,plain,0,item-035,33,53,0,34,17,27
MPV-GEN-T7-N90-R03,plain,0,item-078,33,70,0,31,21,21
MPV-GEN-T7-N90-R03,plain,0,item-055,67,0,0,17,35,22
MPV-GEN-T7-N90-R03,plain,0,item-087,67,35,0,27,35,13
MPV-GEN-T7-N90-R03,plain,0,item-002,67,35,13,26,21,18
MPV-GEN-T7-N90-R03,plain,0,item-004,67,0,22,17,30,5
MPV-GEN-T7-N90-R03,plain,0,item-057,67,0,27,13,26,29
MPV-GEN-T7-N90-R03,plain,0,item-019,25,20,66,3,8,14
MPV-GEN-T7-N90-R03,plain,0,item-033,21,32,60,5,3,35
MPV-GEN-T7-N90-R03,plain,0,item-006,0,35,76,12,8,16
MPV-GEN-T7-N90-R03,plain,0,item-049,12,35,76,5,12,23
MPV-GEN-T7-N90-R03,plain,0,item-063,29,0,41,1,17,30
MPV-GEN-T7-N90-R03,plain,0,item-005,80,0,27,2,26,6
MPV-GEN-T7-N90-R03,plain,0,item-025,64,70,0,21,25,31
MPV-GEN-T7-N90-R03,plain,0,item-048,84,0,0,14,21,29
MPV-GEN-T7-N90-R03,plain,0,item-045,0,92,0,35,7,32
MPV-GEN-T7-N90-R03,plain,0,item-013,35,53,27,14,16,31
MPV-GEN-T7-N90-R03,plain,0,item-021,0,92,32,33,7,25
MPV-GEN-T7-N90-R03,plain,0,item-070,35,70,21,25,21,27
MPV-GEN-T7-N90-R03,plain,0,item-007,85,70,0,8,30,16
MPV-GEN-T7-N90-R03,plain,0,item-059,23,55,31,8,35,25
MPV-GEN-T7-N90-R03,plain,0,item-077,35,95,0,35,5,33
MPV-GEN-T7-N90-R03,plain,0,item-061,30,0,55,25,18,11
MPV-GEN-T7-N90-R03,plain,0,item-009,30,0,66,23,20,10
MPV-GEN-T7-N90-R03,plain,0,item-011,61,0,0,5,30,29
MPV-GEN-T7-N90-R03,plain,0,item-032,0,92,57,22,3,21
MPV-GEN-T7-N90-R03,plain,0,item-014,0,95,57,32,2,11
MPV-GEN-T7-N90-R03,plain,0,item-043,61,0,29,5,24,31
MPV-GEN-T7-N90-R03,plain,0,item-074,61,0,60,5,17,34
MPV-GEN-T7-N90-R03,plain,0,item-031,49,53,27,13,13,9
MPV-GEN-T7-N90-R03,plain,0,item-015,67,56,13,20,9,2
MPV-GEN-T7-N90-R03,plain,0,item-020,24,0,89,5,9,3
MPV-GEN-T7-N90-R03,plain,0,item-071,32,30,30,34,12,31
MPV-GEN-T7-N90-R03,plain,0,item-023,0,50,64,18,27,25
MPV-GEN-T7-N90-R03,plain,0,item-089,32,42,30,30,10,27
MPV-GEN-T7-N90-R03,plain,0,item-026,29,0,76,19,23,12
MPV-GEN-T7-N90-R03,plain,0,item-030,66,0,56,18,26,20
MPV-GEN-T7-N90-R03,plain,0,item-041,29,0,88,18,23,6
MPV-GEN-T7-N90-R03,plain,0,item-068,66,0,76,16,19,12
MPV-GEN-T7-N90-R03,plain,0,item-046,84,0,29,7,20,22
MPV-GEN-T7-N90-R03,plain,0,item-075,94,21,0,5,32,18
MPV-GEN-T7-N90-R03,plain,0,item-082,93,70,0,5,27,10
MPV-GEN-T7-N90-R03,plain,0,item-062,20,55,49,3,35,16
MPV-GEN-T7-N90-R03,plain,0,item-034,23,52,56,4,32,5
MPV-GEN-T7-N90-R03,plain,0,item-038,66,0,88,6,8,4
MPV-GEN-T7-N90-R03,plain,0,item-085,27,42,57,33,9,20
MPV-GEN-T7-N90-R03,plain,0,item-040,33,69,48,26,27,3
MPV-GEN-T7-N90-R03,plain,0,item-042,33,69,51,29,31,10
MPV-GEN-T7-N90-R03,plain,0,item-067,32,52,30,35,1,9
MPV-GEN-T7-N90-R03,plain,0,item-044,93,70,10,3,27,3
MPV-GEN-T7-N90-R03,plain,0,item-064,23,51,61,3,31,16
MPV-GEN-T7-N90-R03,plain,0,item-083,0,47,89,12,24,4
MPV-GEN-T7-N90-R03,plain,0,item-051,62,42,31,29,7,3
MPV-GEN-T7-N90-R03,plain,0,item-054,26,0,94,16,22,2
MPV-GEN-T7-N90-R03,plain,0,item-056,62,53,31,27,34,10
MPV-GEN-T7-N90-R03,plain,0,item-058,0,27,72,24,1,9
MPV-GEN-T7-N90-R03,plain,0,item-060,27,52,56,4,33,4
MPV-GEN-T7-N90-R03,plain,0,item-072,60,52,41,22,11,1
MPV-GEN-T7-N90-R03,plain,0,item-076,62,63,41,9,26,20
MPV-GEN-T7-N90-R03,plain,0,item-081,0,47,93,6,1,6
MPV-GEN-T7-N90-R03,plain,0,item-088,0,95,68,1,2,26
MPV-GEN-T7-N90-R04,plain,0,item-081,0,0,0,35,32,32
MPV-GEN-T7-N90-R04,plain,0,item-086,0,0,32,35,25,26
MPV-GEN-T7-N90-R04,plain,0,item-068,0,0,58,32,22,31
MPV-GEN-T7-N90-R04,plain,0,item-007,0,0,89,32,22,7
MPV-GEN-T7-N90-R04,plain,0,item-044,32,0,58,3,25,30
MPV-GEN-T7-N90-R04,plain,0,item-066,0,32,0,25,35,19
MPV-GEN-T7-N90-R04,plain,0,item-002,0,32,19,25,27,24
MPV-GEN-T7-N90-R04,plain,0,item-038,0,67,0,30,21,31
MPV-GEN-T7-N90-R04,plain,0,item-039,25,32,0,33,20,29
MPV-GEN-T7-N90-R04,plain,0,item-072,25,32,29,28,15,27
MPV-GEN-T7-N90-R04,plain,0,item-055,0,47,43,12,8,32
MPV-GEN-T7-N90-R04,plain,0,item-022,12,47,43,11,8,29
MPV-GEN-T7-N90-R04,plain,0,item-070,30,52,0,29,28,22
MPV-GEN-T7-N90-R04,plain,0,item-073,30,52,22,26,28,25
MPV-GEN-T7-N90-R04,plain,0,item-062,0,25,32,31,4,27
MPV-GEN-T7-N90-R04,plain,0,item-026,0,80,31,8,7,20
MPV-GEN-T7-N90-R04,plain,0,item-048,56,52,22,2,21,27
MPV-GEN-T7-N90-R04,plain,0,item-020,58,0,0,14,35,34
MPV-GEN-T7-N90-R04,plain,0,item-024,58,0,34,13,31,10
MPV-GEN-T7-N90-R04,plain,0,item-084,58,0,44,13,18,19
MPV-GEN-T7-N90-R04,plain,0,item-057,58,18,44,13,12,8
MPV-GEN-T7-N90-R04,plain,0,item-000,53,35,29,3,10,35
MPV-GEN-T7-N90-R04,plain,0,item-025,35,0,0,22,22,34
MPV-GEN-T7-N90-R04,plain,0,item-027,59,35,0,28,29,17
MPV-GEN-T7-N90-R04,plain,0,item-041,59,35,17,23,29,20
MPV-GEN-T7-N90-R04,plain,0,item-054,59,64,0,30,25,18
MPV-GEN-T7-N90-R04,plain,0,item-034,59,64,18,17,24,32
MPV-GEN-T7-N90-R04,plain,0,item-058,72,0,0,18,29,30
MPV-GEN-T7-N90-R04,plain,0,item-001,0,88,0,35,10,34
MPV-GEN-T7-N90-R04,plain,0,item-036,35,0,34,18,16,35
MPV-GEN-T7-N90-R04,plain,0,item-019,72,0,30,18,28,21
MPV-GEN-T7-N90-R04,plain,0,item-005,35,80,0,19,15,35
MPV-GEN-T7-N90-R04,plain,0,item-018,71,0,51,18,29,17
MPV-GEN-T7-N90-R04,plain,0,item-028,58,31,37,17,31,13
MPV-GEN-T7-N90-R04,plain,0,item-063,87,29,0,8,35,23
MPV-GEN-T7-N90-R04,plain,0,item-030,56,30,50,19,23,14
MPV-GEN-T7-N90-R04,plain,0,item-051,23,47,47,30,28,11
MPV-GEN-T7-N90-R04,plain,0,item-087,23,53,58,32,13,17
MPV-GEN-T7-N90-R04,plain,0,item-014,55,29,64,33,21,8
MPV-GEN-T7-N90-R04,plain,0,item-052,53,53,50,31,34,7
MPV-GEN-T7-N90-R04,plain,0,item-079,53,66,57,33,21,17
MPV-GEN-T7-N90-R04,plain,0,item-003,53,0,68,35,28,5
MPV-GEN-T7-N90-R04,plain,0,item-075,0,0,96,27,20,1
MPV-GEN-T7-N90-R04,plain,0,item-009,55,0,73,15,28,9
MPV-GEN-T7-N90-R04,plain,0,item-031,70,0,73,15,16,19
MPV-GEN-T7-N90-R04,plain,0,item-013,35,0,69,12,14,23
MPV-GEN-T7-N90-R04,plain,0,item-061,55,53,57,21,13,17
MPV-GEN-T7-N90-R04,plain,0,item-029,53,0,34,4,20,34
MPV-GEN-T7-N90-R04,plain,0,item-060,88,29,23,7,23,27
MPV-GEN-T7-N90-R04,plain,0,item-089,88,29,50,6,18,28
MPV-GEN-T7-N90-R04,plain,0,item-006,76,64,18,5,19,22
MPV-GEN-T7-N90-R04,plain,0,item-045,70,16,73,10,10,11
MPV-GEN-T7-N90-R04,plain,0,item-011,80,16,73,6,9,20
MPV-GEN-T7-N90-R04,plain,0,item-080,0,47,75,10,5,12
MPV-GEN-T7-N90-R04,plain,0,item-008,85,0,73,2,11,27
MPV-GEN-T7-N90-R04,plain,0,item-012,81,64,18,4,23,26
MPV-GEN-T7-N90-R04,plain,0,item-076,47,0,69,2,14,28
MPV-GEN-T7-N90-R04,plain,0,item-023,35,14,69,11,2,31
MPV-GEN-T7-N90-R04,plain,0,item-067,0,25,59,26,2,19
MPV-GEN-T7-N90-R04,plain,0,item-064,8,75,31,19,8,4
MPV-GEN-T7-N90-R04,plain,0,item-069,0,25,78,14,2,19
MPV-GEN-T7-N90-R04,plain,0,item-033,8,75,35,12,7,6
MPV-GEN-T7-N90-R04,plain,0,item-071,0,27,59,20,1,18
MPV-GEN-T7-N90-R04,plain,0,item-043,0,22,58,23,3,5
MPV-GEN-T7-N90-R04,plain,0,item-059,86,11,73,1,14,24
MPV-GEN-T7-N90-R04,plain,0,item-082,0,0,97,5,18,3
MPV-GEN-T7-N90-R04,plain,0,item-083,54,89,0,35,8,17
MPV-GEN-T7-N90-R04,plain,0,item-085,5,0,97,12,11,2
MPV-GEN-T7-N90-R04,plain,0,item-004,54,89,17,32,8,1
MPV-GEN-T7-N90-R04,plain,0,item-010,32,0,88,2,9,12
MPV-GEN-T7-N90-R04,plain,0,item-021,32,9,88,3,5,9
MPV-GEN-T7-N90-R04,plain,0,item-042,35,0,92,6,6,5
MPV-GEN-T7-N90-R04,plain,0,item-015,70,26,73,4,1,26
MPV-GEN-T7-N90-R04,plain,0,item-047,89,64,0,8,26,19
MPV-GEN-T7-N90-R04,plain,0,item-077,90,0,0,9,19,10
MPV-GEN-T7-N90-R04,plain,0,item-050,95,19,0,5,34,10
MPV-GEN-T7-N90-R04,plain,0,item-017,76,28,72,6,22,8
MPV-GEN-T7-N90-R04,plain,0,item-016,54,90,18,35,4,7
MPV-GEN-T7-N90-R04,plain,0,item-032,55,50,74,35,32,10
MPV-GEN-T7-N90-R04,plain,0,item-035,0,52,75,1,2,25
MPV-GEN-T7-N90-R04,plain,0,item-037,0,29,43,15,15,11
MPV-GEN-T7-N90-R04,plain,0,item-074,0,29,54,7,10,14
MPV-GEN-T7-N90-R04,plain,0,item-040,89,64,19,5,20,5
MPV-GEN-T7-N90-R04,plain,0,item-056,49,0,82,21,32,6
MPV-GEN-T7-N90-R04,plain,0,item-088,49,0,88,15,34,9
MPV-GEN-T7-N90-R04,plain,0,item-065,20,80,35,28,14,7
MPV-GEN-T7-N90-R04,plain,0,item-046,64,32,84,26,34,1
MPV-GEN-T7-N90-R04,plain,0,item-049,64,32,85,19,21,1
MPV-GEN-T7-N90-R04,plain,0,item-053,46,0,97,24,35,1
MPV-GEN-T7-N90-R04,plain,0,item-078,64,32,86,31,34,4
MPV-GEN-T7-N90-R05,plain,0,item-047,0,0,0,35,30,26
MPV-GEN-T7-N90-R05,plain,0,item-006,0,0,26,34,29,15
MPV-GEN-T7-N90-R05,plain,0,item-007,0,0,41,22,27,34
MPV-GEN-T7-N90-R05,plain,0,item-051,0,0,75,20,27,20
MPV-GEN-T7-N90-R05,plain,0,item-065,22,0,41,11,29,30
MPV-GEN-T7-N90-R05,plain,0,item-018,0,30,0,33,34,11
MPV-GEN-T7-N90-R05,plain,0,item-080,22,0,71,10,26,23
MPV-GEN-T7-N90-R05,plain,0,item-039,0,30,11,26,34,29
MPV-GEN-T7-N90-R05,plain,0,item-016,26,30,11,7,29,30
MPV-GEN-T7-N90-R05,plain,0,item-008,0,64,0,32,35,5
MPV-GEN-T7-N90-R05,plain,0,item-009,0,64,5,20,35,32
MPV-GEN-T7-N90-R05,plain,0,item-077,0,64,37,19,34,35
MPV-GEN-T7-N90-R05,plain,0,item-059,20,64,5,7,29,34
MPV-GEN-T7-N90-R05,plain,0,item-012,32,64,0,35,23,11
MPV-GEN-T7-N90-R05,plain,0,item-064,33,30,0,24,33,26
MPV-GEN-T7-N90-R05,plain,0,item-085,35,0,0,27,24,30
MPV-GEN-T7-N90-R05,plain,0,item-029,57,24,0,26,24,30
MPV-GEN-T7-N90-R05,plain,0,item-076,33,48,26,19,15,35
MPV-GEN-T7-N90-R05,plain,0,item-011,52,0,30,8,24,12
MPV-GEN-T7-N90-R05,plain,0,item-081,67,48,0,28,27,24
MPV-GEN-T7-N90-R05,plain,0,item-058,62,0,0,25,23,29
MPV-GEN-T7-N90-R05,plain,0,item-022,62,0,29,25,17,35
MPV-GEN-T7-N90-R05,plain,0,item-048,67,75,0,26,22,26
MPV-GEN-T7-N90-R05,plain,0,item-070,32,87,0,34,13,18
MPV-GEN-T7-N90-R05,plain,0,item-089,83,23,0,16,25,16
MPV-GEN-T7-N90-R05,plain,0,item-032,83,23,16,14,13,35
MPV-GEN-T7-N90-R05,plain,0,item-002,83,36,16,13,11,31
MPV-GEN-T7-N90-R05,plain,0,item-088,52,0,42,5,20,28
MPV-GEN-T7-N90-R05,plain,0,item-010,87,0,0,13,23,7
MPV-GEN-T7-N90-R05,plain,0,item-042,0,29,40,17,27,34
MPV-GEN-T7-N90-R05,plain,0,item-043,62,17,29,28,6,27
MPV-GEN-T7-N90-R05,plain,0,item-019,60,23,30,22,26,27
MPV-GEN-T7-N90-R05,plain,0,item-052,82,48,24,13,11,27
MPV-GEN-T7-N90-R05,plain,0,item-056,0,27,74,14,31,24
MPV-GEN-T7-N90-R05,plain,0,item-066,82,23,51,14,10,26
MPV-GEN-T7-N90-R05,plain,0,item-014,57,17,56,33,6,18
MPV-GEN-T7-N90-R05,plain,0,item-033,0,58,72,18,33,25
MPV-GEN-T7-N90-R05,plain,0,item-040,57,0,64,30,14,18
MPV-GEN-T7-N90-R05,plain,0,item-073,27,63,11,34,22,15
MPV-GEN-T7-N90-R05,plain,0,item-069,27,63,26,27,20,21
MPV-GEN-T7-N90-R05,plain,0,item-013,61,59,24,32,13,14
MPV-GEN-T7-N90-R05,plain,0,item-046,33,29,26,21,12,14
MPV-GEN-T7-N90-R05,plain,0,item-057,54,59,38,35,9,23
MPV-GEN-T7-N90-R05,plain,0,item-035,33,29,40,27,11,24
MPV-GEN-T7-N90-R05,plain,0,item-028,60,23,57,21,22,11
MPV-GEN-T7-N90-R05,plain,0,item-050,34,0,30,14,14,15
MPV-GEN-T7-N90-R05,plain,0,item-061,0,91,72,16,7,22
MPV-GEN-T7-N90-R05,plain,0,item-078,19,63,47,32,13,23
MPV-GEN-T7-N90-R05,plain,0,item-055,27,85,18,29,15,20
MPV-GEN-T7-N90-R05,plain,0,item-027,27,83,38,25,15,8
MPV-GEN-T7-N90-R05,plain,0,item-000,19,83,46,31,8,8
MPV-GEN-T7-N90-R05,plain,0,item-053,0,0,95,20,19,4
MPV-GEN-T7-N90-R05,plain,0,item-005,0,56,40,23,5,5
MPV-GEN-T7-N90-R05,plain,0,item-015,33,41,26,24,4,16
MPV-GEN-T7-N90-R05,plain,0,item-034,0,56,45,19,3,25
MPV-GEN-T7-N90-R05,plain,0,item-003,54,68,26,6,11,17
MPV-GEN-T7-N90-R05,plain,0,item-086,48,0,30,4,14,20
MPV-GEN-T7-N90-R05,plain,0,item-030,87,0,7,7,21,7
MPV-GEN-T7-N90-R05,plain,0,item-083,66,97,0,34,3,6
MPV-GEN-T7-N90-R05,plain,0,item-026,66,97,6,31,2,17
MPV-GEN-T7-N90-R05,plain,0,item-001,57,48,0,9,7,9
MPV-GEN-T7-N90-R05,plain,0,item-045,0,0,99,19,14,1
MPV-GEN-T7-N90-R05,plain,0,item-084,0,58,97,7,29,2
MPV-GEN-T7-N90-R05,plain,0,item-067,0,19,95,16,4,5
MPV-GEN-T7-N90-R05,plain,0,item-082,54,68,43,4,10,9
MPV-GEN-T7-N90-R05,plain,0,item-087,20,0,75,1,15,22
MPV-GEN-T7-N90-R05,plain,0,item-004,19,64,37,1,32,8
MPV-GEN-T7-N90-R05,plain,0,item-017,95,48,0,1,30,20
MPV-GEN-T7-N90-R05,plain,0,item-041,56,79,26,29,11,21
MPV-GEN-T7-N90-R05,plain,0,item-044,50,78,47,25,12,21
MPV-GEN-T7-N90-R05,plain,0,item-020,51,23,68,22,27,6
MPV-GEN-T7-N90-R05,plain,0,item-037,7,58,97,5,24,2
MPV-GEN-T7-N90-R05,plain,0,item-038,12,58,97,6,23,1
MPV-GEN-T7-N90-R05,plain,0,item-021,0,91,94,9,2,6
MPV-GEN-T7-N90-R05,plain,0,item-023,19,50,70,26,25,3
MPV-GEN-T7-N90-R05,plain,0,item-062,18,50,73,23,19,4
MPV-GEN-T7-N90-R05,plain,0,item-074,60,68,38,33,4,7
MPV-GEN-T7-N90-R05,plain,0,item-024,58,68,45,35,1,22
MPV-GEN-T7-N90-R05,plain,0,item-031,18,69,73,28,6,5
MPV-GEN-T7-N90-R05,plain,0,item-068,46,33,74,26,12,4
MPV-GEN-T7-N90-R05,plain,0,item-036,34,14,30,18,13,4
MPV-GEN-T7-N90-R05,plain,0,item-071,18,45,77,30,24,4
MPV-GEN-T7-N90-R05,plain,0,item-072,19,91,46,33,8,7
MPV-GEN-T7-N90-R05,plain,0,item-025,0,23,98,24,32,1
MPV-GEN-T7-N90-R05,plain,0,item-049,0,23,99,32,29,1
MPV-GEN-T7-N90-R05,plain,0,item-054,18,55,81,8,6,10
MPV-GEN-T7-N90-R05,plain,0,item-060,18,61,81,9,2,14
MPV-GEN-T7-N90-R05,plain,0,item-063,75,69,47,16,31,27
MPV-GEN-T7-N90-R05,plain,0,item-075,27,52,81,25,32,6
MPV-GEN-T7-N90-R05,plain,0,item-079,27,52,87,20,22,1
MPV-GEN-T7-N90-R06,plain,0,item-074,0,0,0,35,32,34
MPV-GEN-T7-N90-R06,plain,0,item-041,0,0,34,34,29,35
MPV-GEN-T7-N90-R06,plain,0,item-014,0,0,69,34,25,15
MPV-GEN-T7-N90-R06,plain,0,item-081,0,0,84,22,23,15
MPV-GEN-T7-N90-R06,plain,0,item-052,0,0,99,19,22,1
MPV-GEN-T7-N90-R06,plain,0,item-067,22,0,84,7,17,15
MPV-GEN-T7-N90-R06,plain,0,item-064,29,0,84,5,22,14
MPV-GEN-T7-N90-R06,plain,0,item-017,0,23,84,32,2,8
MPV-GEN-T7-N90-R06,plain,0,item-000,22,17,84,2,5,3
MPV-GEN-T7-N90-R06,plain,0,item-076,0,25,69,12,3,31
MPV-GEN-T7-N90-R06,plain,0,item-012,0,28,69,30,1,30
MPV-GEN-T7-N90-R06,plain,0,item-001,12,25,69,7,3,18
MPV-GEN-T7-N90-R06,plain,0,item-034,0,32,0,32,30,17
MPV-GEN-T7-N90-R06,plain,0,item-003,0,32,17,25,30,16
MPV-GEN-T7-N90-R06,plain,0,item-050,0,32,33,24,28,33
MPV-GEN-T7-N90-R06,plain,0,item-035,0,62,0,29,31,22
MPV-GEN-T7-N90-R06,plain,0,item-027,0,62,22,21,25,35
MPV-GEN-T7-N90-R06,plain,0,item-029,29,62,0,35,27,15
MPV-GEN-T7-N90-R06,plain,0,item-059,29,62,15,35,20,33
MPV-GEN-T7-N90-R06,plain,0,item-039,35,0,0,30,35,5
MPV-GEN-T7-N90-R06,plain,0,item-055,35,0,5,24,23,30
MPV-GEN-T7-N90-R06,plain,0,item-013,35,23,5,30,11,29
MPV-GEN-T7-N90-R06,plain,0,item-058,64,35,0,19,28,27
MPV-GEN-T7-N90-R06,plain,0,item-083,64,63,0,22,34,19
MPV-GEN-T7-N90-R06,plain,0,item-032,34,23,34,27,7,24
MPV-GEN-T7-N90-R06,plain,0,item-086,21,62,22,7,16,27
MPV-GEN-T7-N90-R06,plain,0,item-046,64,63,19,17,26,28
MPV-GEN-T7-N90-R06,plain,0,item-065,32,35,0,28,20,19
MPV-GEN-T7-N90-R06,plain,0,item-073,65,0,0,31,17,18
MPV-GEN-T7-N90-R06,plain,0,item-045,65,0,18,29,17,15
MPV-GEN-T7-N90-R06,plain,0,item-005,65,0,33,28,17,11
MPV-GEN-T7-N90-R06,plain,0,item-009,81,0,44,12,8,31
MPV-GEN-T7-N90-R06,plain,0,item-016,81,63,19,3,30,29
MPV-GEN-T7-N90-R06,plain,0,item-042,21,78,22,6,14,29
MPV-GEN-T7-N90-R06,plain,0,item-087,25,32,17,6,16,26
MPV-GEN-T7-N90-R06,plain,0,item-030,29,82,15,31,6,13
MPV-GEN-T7-N90-R06,plain,0,item-078,65,17,0,32,14,6
MPV-GEN-T7-N90-R06,plain,0,item-051,65,17,6,21,13,28
MPV-GEN-T7-N90-R06,plain,0,item-018,83,31,0,14,28,6
MPV-GEN-T7-N90-R06,plain,0,item-040,84,8,44,9,7,20
MPV-GEN-T7-N90-R06,plain,0,item-028,0,29,34,24,2,33
MPV-GEN-T7-N90-R06,plain,0,item-088,0,87,22,19,5,11
MPV-GEN-T7-N90-R06,plain,0,item-024,0,87,33,9,5,23
MPV-GEN-T7-N90-R06,plain,0,item-072,25,48,17,4,12,33
MPV-GEN-T7-N90-R06,plain,0,item-025,83,30,6,13,29,4
MPV-GEN-T7-N90-R06,plain,0,item-038,0,31,34,30,1,28
MPV-GEN-T7-N90-R06,plain,0,item-061,0,29,67,24,2,16
MPV-GEN-T7-N90-R06,plain,0,item-002,83,30,10,12,29,2
MPV-GEN-T7-N90-R06,plain,0,item-007,83,30,12,11,19,25
MPV-GEN-T7-N90-R06,plain,0,item-047,64,49,27,14,12,20
MPV-GEN-T7-N90-R06,plain,0,item-033,86,59,0,13,25,31
MPV-GEN-T7-N90-R06,plain,0,item-089,29,89,0,27,10,17
MPV-GEN-T7-N90-R06,plain,0,item-008,86,84,0,14,11,17
MPV-GEN-T7-N90-R06,plain,0,item-048,86,84,17,14,10,24
MPV-GEN-T7-N90-R06,plain,0,item-060,0,31,66,12,27,14
MPV-GEN-T7-N90-R06,plain,0,item-054,34,0,35,22,21,26
MPV-GEN-T7-N90-R06,plain,0,item-026,34,0,61,20,21,13
MPV-GEN-T7-N90-R06,plain,0,item-068,34,0,74,19,15,23
MPV-GEN-T7-N90-R06,plain,0,item-057,0,93,0,23,7,14
MPV-GEN-T7-N90-R06,plain,0,item-062,0,60,57,16,23,27
MPV-GEN-T7-N90-R06,plain,0,item-053,31,34,19,17,16,29
MPV-GEN-T7-N90-R06,plain,0,item-031,16,31,66,7,32,27
MPV-GEN-T7-N90-R06,plain,0,item-071,0,63,84,16,13,14
MPV-GEN-T7-N90-R06,plain,0,item-044,61,17,34,25,10,13
MPV-GEN-T7-N90-R06,plain,0,item-075,28,60,48,24,20,12
MPV-GEN-T7-N90-R06,plain,0,item-063,23,60,60,23,14,20
MPV-GEN-T7-N90-R06,plain,0,item-079,29,88,17,29,12,7
MPV-GEN-T7-N90-R06,plain,0,item-004,0,31,80,16,22,4
MPV-GEN-T7-N90-R06,plain,0,item-082,16,63,57,4,24,14
MPV-GEN-T7-N90-R06,plain,0,item-006,32,55,0,27,5,9
MPV-GEN-T7-N90-R06,plain,0,item-010,0,22,99,13,1,1
MPV-GEN-T7-N90-R06,plain,0,item-011,34,0,97,9,3,3
MPV-GEN-T7-N90-R06,plain,0,item-056,34,15,74,8,6,20
MPV-GEN-T7-N90-R06,plain,0,item-066,16,63,71,2,21,20
MPV-GEN-T7-N90-R06,plain,0,item-084,18,63,71,2,18,21
MPV-GEN-T7-N90-R06,plain,0,item-019,54,0,61,2,11,22
MPV-GEN-T7-N90-R06,plain,0,item-015,83,49,12,8,8,5
MPV-GEN-T7-N90-R06,plain,0,item-085,30,30,48,18,26,12
MPV-GEN-T7-N90-R06,plain,0,item-023,34,21,60,7,35,21
MPV-GEN-T7-N90-R06,plain,0,item-036,34,21,81,7,32,9
MPV-GEN-T7-N90-R06,plain,0,item-037,41,21,60,6,32,17
MPV-GEN-T7-N90-R06,plain,0,item-077,20,63,80,28,13,12
MPV-GEN-T7-N90-R06,plain,0,item-020,16,63,92,31,18,2
MPV-GEN-T7-N90-R06,plain,0,item-022,34,21,90,3,25,5
MPV-GEN-T7-N90-R06,plain,0,item-049,56,97,0,34,3,2
MPV-GEN-T7-N90-R06,plain,0,item-021,97,0,0,2,35,2
MPV-GEN-T7-N90-R06,plain,0,item-043,48,34,19,11,20,1
MPV-GEN-T7-N90-R06,plain,0,item-069,61,15,47,29,25,10
MPV-GEN-T7-N90-R06,plain,0,item-070,61,15,57,15,20,1
MPV-GEN-T7-N90-R06,plain,0,item-080,48,21,58,34,13,12
MPV-GEN-T7-N90-R07,plain,0,item-018,0,0,0,29,33,35
MPV-GEN-T7-N90-R07,plain,0,item-028,0,0,35,28,28,31
MPV-GEN-T7-N90-R07,plain,0,item-070,0,0,66,20,28,32
MPV-GEN-T7-N90-R07,plain,0,item-026,20,0,66,8,16,22
MPV-GEN-T7-N90-R07,plain,0,item-060,0,0,98,14,18,1
MPV-GEN-T7-N90-R07,plain,0,item-069,20,0,88,7,8,12
MPV-GEN-T7-N90-R07,plain,0,item-000,20,8,88,7,3,11
MPV-GEN-T7-N90-R07,plain,0,item-015,0,33,0,28,34,30
MPV-GEN-T7-N90-R07,plain,0,item-027,28,33,0,30,34,26
MPV-GEN-T7-N90-R07,plain,0,item-078,0,67,0,33,28,25
MPV-GEN-T7-N90-R07,plain,0,item-085,0,67,25,33,27,28
MPV-GEN-T7-N90-R07,plain,0,item-008,29,0,0,32,23,30
MPV-GEN-T7-N90-R07,plain,0,item-066,0,33,30,26,31,27
MPV-GEN-T7-N90-R07,plain,0,item-071,28,33,26,26,24,35
MPV-GEN-T7-N90-R07,plain,0,item-051,58,23,0,23,35,25
MPV-GEN-T7-N90-R07,plain,0,item-019,58,23,25,18,32,28
MPV-GEN-T7-N90-R07,plain,0,item-011,33,67,0,34,18,30
MPV-GEN-T7-N90-R07,plain,0,item-001,67,58,0,16,35,28
MPV-GEN-T7-N90-R07,plain,0,item-023,29,0,30,22,23,28
MPV-GEN-T7-N90-R07,plain,0,item-014,61,0,0,34,22,13
MPV-GEN-T7-N90-R07,plain,0,item-017,28,57,26,27,10,32
MPV-GEN-T7-N90-R07,plain,0,item-035,0,67,53,32,17,21
MPV-GEN-T7-N90-R07,plain,0,item-024,0,84,53,31,10,35
MPV-GEN-T7-N90-R07,plain,0,item-003,33,67,30,31,13,16
MPV-GEN-T7-N90-R07,plain,0,item-012,33,67,46,26,13,15
MPV-GEN-T7-N90-R07,plain,0,item-010,61,0,13,24,15,31
MPV-GEN-T7-N90-R07,plain,0,item-061,81,22,0,19,31,21
MPV-GEN-T7-N90-R07,plain,0,item-016,83,53,0,10,32,29
MPV-GEN-T7-N90-R07,plain,0,item-080,33,85,0,34,11,23
MPV-GEN-T7-N90-R07,plain,0,item-057,0,28,35,22,4,29
MPV-GEN-T7-N90-R07,plain,0,item-083,51,0,30,9,17,31
MPV-GEN-T7-N90-R07,plain,0,item-004,33,85,23,20,11,11
MPV-GEN-T7-N90-R07,plain,0,item-009,76,0,44,5,15,31
MPV-GEN-T7-N90-R07,plain,0,item-079,83,85,0,16,13,26
MPV-GEN-T7-N90-R07,plain,0,item-053,83,85,26,13,12,32
MPV-GEN-T7-N90-R07,plain,0,item-013,29,23,0,15,10,20
MPV-GEN-T7-N90-R07,plain,0,item-020,20,16,66,4,10,32
MPV-GEN-T7-N90-R07,plain,0,item-029,85,0,13,10,19,11
MPV-GEN-T7-N90-R07,plain,0,item-047,93,53,0,6,28,15
MPV-GEN-T7-N90-R07,plain,0,item-032,93,53,15,6,23,14
MPV-GEN-T7-N90-R07,plain,0,item-072,33,80,30,21,5,13
MPV-GEN-T7-N90-R07,plain,0,item-063,33,85,34,19,10,12
MPV-GEN-T7-N90-R07,plain,0,item-086,33,80,43,11,5,21
MPV-GEN-T7-N90-R07,plain,0,item-002,0,96,0,35,1,32
MPV-GEN-T7-N90-R07,plain,0,item-048,24,16,66,3,11,23
MPV-GEN-T7-N90-R07,plain,0,item-007,32,67,53,1,24,29
MPV-GEN-T7-N90-R07,plain,0,item-030,0,28,64,19,4,6
MPV-GEN-T7-N90-R07,plain,0,item-034,33,85,46,11,9,10
MPV-GEN-T7-N90-R07,plain,0,item-046,0,28,70,12,4,6
MPV-GEN-T7-N90-R07,plain,0,item-005,33,85,56,9,7,4
MPV-GEN-T7-N90-R07,plain,0,item-075,0,32,57,22,32,17
MPV-GEN-T7-N90-R07,plain,0,item-042,0,32,74,17,23,23
MPV-GEN-T7-N90-R07,plain,0,item-045,81,0,44,3,9,28
MPV-GEN-T7-N90-R07,plain,0,item-082,85,0,24,3,16,20
MPV-GEN-T7-N90-R07,plain,0,item-088,61,19,13,32,3,7
MPV-GEN-T7-N90-R07,plain,0,item-006,28,0,58,21,15,2
MPV-GEN-T7-N90-R07,plain,0,item-038,28,0,60,18,15,21
MPV-GEN-T7-N90-R07,plain,0,item-049,67,55,28,12,34,14
MPV-GEN-T7-N90-R07,plain,0,item-021,81,19,21,8,32,22
MPV-GEN-T7-N90-R07,plain,0,item-087,89,19,21,10,30,31
MPV-GEN-T7-N90-R07,plain,0,item-022,0,55,74,17,22,23
MPV-GEN-T7-N90-R07,plain,0,item-055,28,0,81,18,18,18
MPV-GEN-T7-N90-R07,plain,0,item-025,64,55,42,15,27,6
MPV-GEN-T7-N90-R07,plain,0,item-037,0,77,74,31,6,8
MPV-GEN-T7-N90-R07,plain,0,item-054,59,17,53,12,25,18
MPV-GEN-T7-N90-R07,plain,0,item-044,33,42,61,24,9,4
MPV-GEN-T7-N90-R07,plain,0,item-074,17,28,74,3,26,15
MPV-GEN-T7-N90-R07,plain,0,item-062,89,49,29,8,26,4
MPV-GEN-T7-N90-R07,plain,0,item-031,0,28,97,20,34,1
MPV-GEN-T7-N90-R07,plain,0,item-033,59,55,48,19,28,15
MPV-GEN-T7-N90-R07,plain,0,item-036,0,18,98,7,29,1
MPV-GEN-T7-N90-R07,plain,0,item-058,33,51,61,14,22,26
MPV-GEN-T7-N90-R07,plain,0,item-050,47,51,63,33,31,15
MPV-GEN-T7-N90-R07,plain,0,item-039,22,28,61,35,14,5
MPV-GEN-T7-N90-R07,plain,0,item-040,0,83,74,22,1,21
MPV-GEN-T7-N90-R07,plain,0,item-041,0,0,99,5,34,1
MPV-GEN-T7-N90-R07,plain,0,item-043,27,16,66,28,35,11
MPV-GEN-T7-N90-R07,plain,0,item-052,55,15,71,24,34,9
MPV-GEN-T7-N90-R07,plain,0,item-056,0,62,97,13,5,3
MPV-GEN-T7-N90-R07,plain,0,item-059,47,49,78,29,35,8
MPV-GEN-T7-N90-R07,plain,0,item-081,27,18,77,15,18,19
MPV-GEN-T7-N90-R07,plain,0,item-076,42,18,77,6,27,3
MPV-GEN-T7-N90-R07,plain,0,item-073,42,18,80,4,11,8
MPV-GEN-T7-N90-R07,plain,0,item-089,22,42,57,2,17,17
MPV-GEN-T7-N90-R07,plain,0,item-064,0,47,98,22,12,1
MPV-GEN-T7-N90-R07,plain,0,item-065,46,0,80,34,35,7
MPV-GEN-T7-N90-R07,plain,0,item-084,46,0,87,31,29,4
MPV-GEN-T7-N90-R07,plain,0,item-067,46,0,91,32,19,1
MPV-GEN-T7-N90-R07,plain,0,item-068,46,0,92,1,17,8
MPV-GEN-T7-N90-R07,plain,0,item-077,7,18,98,3,5,2
MPV-GEN-T7-N90-R08,plain,0,item-011,0,0,0,35,32,21
MPV-GEN-T7-N90-R08,plain,0,item-022,0,0,21,30,30,28
MPV-GEN-T7-N90-R08,plain,0,item-019,0,0,49,21,29,35
MPV-GEN-T7-N90-R08,plain,0,item-051,0,32,0,24,33,33
MPV-GEN-T7-N90-R08,plain,0,item-072,0,65,0,27,32,27
MPV-GEN-T7-N90-R08,plain,0,item-027,0,65,27,26,21,30
MPV-GEN-T7-N90-R08,plain,0,item-080,24,32,0,35,33,12
MPV-GEN-T7-N90-R08,plain,0,item-031,24,32,12,22,25,23
MPV-GEN-T7-N90-R08,plain,0,item-038,27,65,0,30,28,13
MPV-GEN-T7-N90-R08,plain,0,item-046,35,0,0,31,18,20
MPV-GEN-T7-N90-R08,plain,0,item-076,35,0,20,22,15,34
MPV-GEN-T7-N90-R08,plain,0,item-003,57,65,0,15,32,15
MPV-GEN-T7-N90-R08,plain,0,item-087,59,18,0,15,31,35
MPV-GEN-T7-N90-R08,plain,0,item-075,72,49,0,21,20,35
MPV-GEN-T7-N90-R08,plain,0,item-029,72,69,0,19,22,31
MPV-GEN-T7-N90-R08,plain,0,item-025,74,0,0,16,24,32
MPV-GEN-T7-N90-R08,plain,0,item-000,74,0,32,13,23,18
MPV-GEN-T7-N90-R08,plain,0,item-058,21,0,49,8,27,24
MPV-GEN-T7-N90-R08,plain,0,item-044,0,57,33,24,7,31
MPV-GEN-T7-N90-R08,plain,0,item-077,0,0,84,12,19,14
MPV-GEN-T7-N90-R08,plain,0,item-006,24,30,35,14,26,31
MPV-GEN-T7-N90-R08,plain,0,item-069,12,0,84,9,25,13
MPV-GEN-T7-N90-R08,plain,0,item-052,21,0,73,7,22,18
MPV-GEN-T7-N90-R08,plain,0,item-065,38,0,54,16,14,31
MPV-GEN-T7-N90-R08,plain,0,item-008,0,86,27,26,11,7
MPV-GEN-T7-N90-R08,plain,0,item-067,74,24,0,23,20,23
MPV-GEN-T7-N90-R08,plain,0,item-012,74,24,23,21,14,34
MPV-GEN-T7-N90-R08,plain,0,item-048,0,86,34,26,11,21
MPV-GEN-T7-N90-R08,plain,0,item-068,24,57,12,29,8,27
MPV-GEN-T7-N90-R08,plain,0,item-061,27,65,13,15,26,27
MPV-GEN-T7-N90-R08,plain,0,item-033,42,65,13,14,20,21
MPV-GEN-T7-N90-R08,plain,0,item-054,0,86,55,26,5,34
MPV-GEN-T7-N90-R08,plain,0,item-017,42,65,34,11,17,20
MPV-GEN-T7-N90-R08,plain,0,item-070,35,18,0,24,12,27
MPV-GEN-T7-N90-R08,plain,0,item-009,90,0,0,9,23,18
MPV-GEN-T7-N90-R08,plain,0,item-016,93,44,0,6,33,28
MPV-GEN-T7-N90-R08,plain,0,item-040,26,27,66,13,29,23
MPV-GEN-T7-N90-R08,plain,0,item-083,0,64,57,32,13,21
MPV-GEN-T7-N90-R08,plain,0,item-081,39,0,85,9,14,10
MPV-GEN-T7-N90-R08,plain,0,item-049,0,77,57,26,8,15
MPV-GEN-T7-N90-R08,plain,0,item-060,0,77,72,17,8,24
MPV-GEN-T7-N90-R08,plain,0,item-050,57,0,20,8,10,33
MPV-GEN-T7-N90-R08,plain,0,item-084,0,91,55,26,6,11
MPV-GEN-T7-N90-R08,plain,0,item-085,0,91,66,12,6,22
MPV-GEN-T7-N90-R08,plain,0,item-013,42,85,13,13,8,12
MPV-GEN-T7-N90-R08,plain,0,item-088,0,30,33,11,23,25
MPV-GEN-T7-N90-R08,plain,0,item-089,11,30,33,13,25,18
MPV-GEN-T7-N90-R08,plain,0,item-014,24,56,39,35,6,22
MPV-GEN-T7-N90-R08,plain,0,item-018,12,91,66,10,4,30
MPV-GEN-T7-N90-R08,plain,0,item-023,56,62,15,15,33,11
MPV-GEN-T7-N90-R08,plain,0,item-024,48,0,85,5,14,13
MPV-GEN-T7-N90-R08,plain,0,item-037,24,56,61,32,2,35
MPV-GEN-T7-N90-R08,plain,0,item-043,24,58,61,34,2,32
MPV-GEN-T7-N90-R08,plain,0,item-066,59,38,35,14,7,33
MPV-GEN-T7-N90-R08,plain,0,item-079,54,0,54,2,15,32
MPV-GEN-T7-N90-R08,plain,0,item-001,56,62,26,14,31,2
MPV-GEN-T7-N90-R08,plain,0,item-005,56,62,28,14,31,10
MPV-GEN-T7-N90-R08,plain,0,item-026,0,60,78,32,12,18
MPV-GEN-T7-N90-R08,plain,0,item-047,53,62,38,20,33,9
MPV-GEN-T7-N90-R08,plain,0,item-042,53,62,47,29,10,18
MPV-GEN-T7-N90-R08,plain,0,item-028,53,72,47,31,8,18
MPV-GEN-T7-N90-R08,plain,0,item-035,70,69,31,22,25,7
MPV-GEN-T7-N90-R08,plain,0,item-071,53,80,47,12,13,22
MPV-GEN-T7-N90-R08,plain,0,item-053,73,80,38,10,9,34
MPV-GEN-T7-N90-R08,plain,0,item-086,27,93,0,14,7,28
MPV-GEN-T7-N90-R08,plain,0,item-059,30,15,27,22,14,7
MPV-GEN-T7-N90-R08,plain,0,item-045,30,15,34,25,12,7
MPV-GEN-T7-N90-R08,plain,0,item-063,73,38,35,26,28,5
MPV-GEN-T7-N90-R08,plain,0,item-074,65,0,50,28,19,7
MPV-GEN-T7-N90-R08,plain,0,item-002,56,0,57,34,19,3
MPV-GEN-T7-N90-R08,plain,0,item-004,32,58,93,23,1,7
MPV-GEN-T7-N90-R08,plain,0,item-015,0,72,78,12,3,19
MPV-GEN-T7-N90-R08,plain,0,item-032,56,0,60,31,17,3
MPV-GEN-T7-N90-R08,plain,0,item-039,56,0,63,27,15,4
MPV-GEN-T7-N90-R08,plain,0,item-007,83,0,63,2,16,20
MPV-GEN-T7-N90-R08,plain,0,item-055,29,0,49,1,26,28
MPV-GEN-T7-N90-R08,plain,0,item-056,65,80,47,7,3,34
MPV-GEN-T7-N90-R08,plain,0,item-010,82,38,40,1,28,25
MPV-GEN-T7-N90-R08,plain,0,item-020,32,59,93,13,1,5
MPV-GEN-T7-N90-R08,plain,0,item-021,26,65,27,1,30,18
MPV-GEN-T7-N90-R08,plain,0,item-034,56,0,67,12,1,25
MPV-GEN-T7-N90-R08,plain,0,item-030,73,15,63,8,1,35
MPV-GEN-T7-N90-R08,plain,0,item-036,21,22,89,31,25,6
MPV-GEN-T7-N90-R08,plain,0,item-041,83,38,40,10,17,3
MPV-GEN-T7-N90-R08,plain,0,item-057,0,91,88,10,2,8
MPV-GEN-T7-N90-R08,plain,0,item-062,53,0,85,1,7,15
MPV-GEN-T7-N90-R08,plain,0,item-073,28,0,73,1,18,11
MPV-GEN-T7-N90-R08,plain,0,item-064,17,77,72,3,1,24
MPV-GEN-T7-N90-R08,plain,0,item-078,30,15,41,33,6,8
MPV-GEN-T7-N90-R08,plain,0,item-082,93,38,40,3,30,13
MPV-GEN-T7-N90-R09,plain,0,item-020,0,0,0,33,28,35
MPV-GEN-T7-N90-R09,plain,0,item-003,0,0,35,33,15,27
MPV-GEN-T7-N90-R09,plain,0,item-046,0,28,0,26,31,33
MPV-GEN-T7-N90-R09,plain,0,item-027,0,28,33,23,30,21
MPV-GEN-T7-N90-R09,plain,0,item-057,0,59,0,32,34,23
MPV-GEN-T7-N90-R09,plain,0,item-025,0,59,23,18,34,34
MPV-GEN-T7-N90-R09,plain,0,item-048,32,28,0,27,35,20
MPV-GEN-T7-N90-R09,plain,0,item-074,0,0,62,31,13,35
MPV-GEN-T7-N90-R09,plain,0,item-089,32,28,20,23,32,18
MPV-GEN-T7-N90-R09,plain,0,item-055,32,63,0,30,33,16
MPV-GEN-T7-N90-R09,plain,0,item-034,32,63,16,26,27,18
MPV-GEN-T7-N90-R09,plain,0,item-039,59,0,0,32,29,16
MPV-GEN-T7-N90-R09,plain,0,item-014,59,0,16,23,26,20
MPV-GEN-T7-N90-R09,plain,0,item-078,59,29,0,34,20,27
MPV-GEN-T7-N90-R09,plain,0,item-023,62,49,0,30,21,18
MPV-GEN-T7-N90-R09,plain,0,item-084,62,70,0,20,29,29
MPV-GEN-T7-N90-R09,plain,0,item-052,18,59,23,12,34,26
MPV-GEN-T7-N90-R09,plain,0,item-080,33,0,0,23,19,23
MPV-GEN-T7-N90-R09,plain,0,item-000,82,70,0,18,21,26
MPV-GEN-T7-N90-R09,plain,0,item-030,18,58,49,8,34,28
MPV-GEN-T7-N90-R09,plain,0,item-005,59,49,18,30,21,15
MPV-GEN-T7-N90-R09,plain,0,item-067,82,70,26,13,22,32
MPV-GEN-T7-N90-R09,plain,0,item-024,55,0,36,27,19,25
MPV-GEN-T7-N90-R09,plain,0,item-060,33,0,23,19,22,23
MPV-GEN-T7-N90-R09,plain,0,item-016,33,0,46,13,23,28
MPV-GEN-T7-N90-R09,plain,0,item-032,0,23,54,10,33,28
MPV-GEN-T7-N90-R09,plain,0,item-041,0,56,57,16,34,16
MPV-GEN-T7-N90-R09,plain,0,item-001,0,56,73,11,28,24
MPV-GEN-T7-N90-R09,plain,0,item-058,31,0,74,15,21,23
MPV-GEN-T7-N90-R09,plain,0,item-010,10,23,54,12,30,20
MPV-GEN-T7-N90-R09,plain,0,item-013,0,15,35,33,7,26
MPV-GEN-T7-N90-R09,plain,0,item-061,82,0,16,10,20,32
MPV-GEN-T7-N90-R09,plain,0,item-002,58,70,29,22,26,10
MPV-GEN-T7-N90-R09,plain,0,item-015,0,15,61,32,6,9
MPV-GEN-T7-N90-R09,plain,0,item-070,82,0,48,6,20,23
MPV-GEN-T7-N90-R09,plain,0,item-049,88,0,48,4,16,15
MPV-GEN-T7-N90-R09,plain,0,item-053,0,84,73,6,5,25
MPV-GEN-T7-N90-R09,plain,0,item-004,88,0,63,4,13,14
MPV-GEN-T7-N90-R09,plain,0,item-085,0,0,97,27,7,3
MPV-GEN-T7-N90-R09,plain,0,item-006,0,89,73,8,1,24
MPV-GEN-T7-N90-R09,plain,0,item-026,30,60,34,20,30,15
MPV-GEN-T7-N90-R09,plain,0,item-045,46,0,61,34,16,20
MPV-GEN-T7-N90-R09,plain,0,item-056,46,0,81,35,14,17
MPV-GEN-T7-N90-R09,plain,0,item-007,55,26,27,27,21,12
MPV-GEN-T7-N90-R09,plain,0,item-018,30,47,38,25,9,24
MPV-GEN-T7-N90-R09,plain,0,item-008,10,21,74,9,23,20
MPV-GEN-T7-N90-R09,plain,0,item-022,0,22,35,32,4,11
MPV-GEN-T7-N90-R09,plain,0,item-072,46,14,81,32,2,19
MPV-GEN-T7-N90-R09,plain,0,item-042,46,0,46,5,19,12
MPV-GEN-T7-N90-R09,plain,0,item-009,23,28,33,2,30,18
MPV-GEN-T7-N90-R09,plain,0,item-011,0,44,82,2,12,13
MPV-GEN-T7-N90-R09,plain,0,item-050,26,56,49,17,25,15
MPV-GEN-T7-N90-R09,plain,0,item-029,58,47,33,29,14,15
MPV-GEN-T7-N90-R09,plain,0,item-012,52,20,39,29,26,7
MPV-GEN-T7-N90-R09,plain,0,item-017,0,13,62,6,2,32
MPV-GEN-T7-N90-R09,plain,0,item-083,26,81,49,19,8,33
MPV-GEN-T7-N90-R09,plain,0,item-019,80,70,29,2,15,29
MPV-GEN-T7-N90-R09,plain,0,item-044,32,90,16,11,6,34
MPV-GEN-T7-N90-R09,plain,0,item-066,52,0,23,3,17,28
MPV-GEN-T7-N90-R09,plain,0,item-021,91,0,0,7,27,3
MPV-GEN-T7-N90-R09,plain,0,item-031,46,19,46,35,27,9
MPV-GEN-T7-N90-R09,plain,0,item-063,46,19,55,34,24,9
MPV-GEN-T7-N90-R09,plain,0,item-064,46,16,64,20,26,11
MPV-GEN-T7-N90-R09,plain,0,item-073,55,46,48,32,12,13
MPV-GEN-T7-N90-R09,plain,0,item-028,46,16,75,35,34,4
MPV-GEN-T7-N90-R09,plain,0,item-038,46,16,79,18,30,6
MPV-GEN-T7-N90-R09,plain,0,item-079,64,16,79,12,16,16
MPV-GEN-T7-N90-R09,plain,0,item-086,26,28,0,6,31,22
MPV-GEN-T7-N90-R09,plain,0,item-065,55,50,61,34,6,19
MPV-GEN-T7-N90-R09,plain,0,item-047,64,32,79,12,14,16
MPV-GEN-T7-N90-R09,plain,0,item-059,46,16,85,16,29,5
MPV-GEN-T7-N90-R09,plain,0,item-033,26,56,64,20,23,5
MPV-GEN-T7-N90-R09,plain,0,item-037,26,56,69,22,11,14
MPV-GEN-T7-N90-R09,plain,0,item-043,46,16,90,16,17,7
MPV-GEN-T7-N90-R09,plain,0,item-068,26,67,69,23,10,12
MPV-GEN-T7-N90-R09,plain,0,item-036,50,85,39,31,10,10
MPV-GEN-T7-N90-R09,plain,0,item-035,45,85,49,25,11,6
MPV-GEN-T7-N90-R09,plain,0,item-051,25,26,38,26,20,7
MPV-GEN-T7-N90-R09,plain,0,item-054,76,16,79,4,21,14
MPV-GEN-T7-N90-R09,plain,0,item-062,45,85,55,28,10,4
MPV-GEN-T7-N90-R09,plain,0,item-075,25,26,45,19,9,5
MPV-GEN-T7-N90-R09,plain,0,item-082,92,0,3,2,22,19
MPV-GEN-T7-N90-R09,plain,0,item-087,62,16,95,19,33,5
MPV-GEN-T7-N90-R09,plain,0,item-040,66,20,64,26,23,1
MPV-GEN-T7-N90-R09,plain,0,item-077,73,58,58,22,34,4
MPV-GEN-T7-N90-R09,plain,0,item-069,0,49,97,22,31,3
MPV-GEN-T7-N90-R09,plain,0,item-076,0,15,70,16,4,6
MPV-GEN-T7-N90-R09,plain,0,item-071,0,96,0,34,1,8
MPV-GEN-T7-N90-R09,plain,0,item-081,78,0,98,2,9,2
MPV-GEN-T7-N90-R09,plain,0,item-088,62,16,85,1,9,9
MPV-GEN-T7-N90-R10,plain,0,item-081,0,0,0,31,28,28
MPV-GEN-T7-N90-R10,plain,0,item-050,0,0,28,27,27,33
MPV-GEN-T7-N90-R10,plain,0,item-012,0,0,61,24,27,26
MPV-GEN-T7-N90-R10,plain,0,item-066,0,28,0,26,28,34
MPV-GEN-T7-N90-R10,plain,0,item-015,0,56,0,16,33,33
MPV-GEN-T7-N90-R10,plain,0,item-001,16,56,0,21,24,33
MPV-GEN-T7-N90-R10,plain,0,item-016,0,56,33,21,24,27
MPV-GEN-T7-N90-R10,plain,0,item-005,31,0,0,35,33,9
MPV-GEN-T7-N90-R10,plain,0,item-030,31,0,9,32,19,22
MPV-GEN-T7-N90-R10,plain,0,item-000,37,0,31,24,18,21
MPV-GEN-T7-N90-R10,plain,0,item-052,31,19,9,30,10,35
MPV-GEN-T7-N90-R10,plain,0,item-032,0,29,34,23,27,17
MPV-GEN-T7-N90-R10,plain,0,item-078,37,33,0,34,33,10
MPV-GEN-T7-N90-R10,plain,0,item-039,37,66,0,24,30,15
MPV-GEN-T7-N90-R10,plain,0,item-043,61,66,0,22,31,16
MPV-GEN-T7-N90-R10,plain,0,item-079,66,0,0,33,18,22
MPV-GEN-T7-N90-R10,plain,0,item-067,71,18,0,16,35,19
MPV-GEN-T7-N90-R10,plain,0,item-008,37,53,10,26,11,32
MPV-GEN-T7-N90-R10,plain,0,item-048,83,53,0,15,35,18
MPV-GEN-T7-N90-R10,plain,0,item-044,87,18,0,11,27,26
MPV-GEN-T7-N90-R10,plain,0,item-045,21,56,33,9,19,34
MPV-GEN-T7-N90-R10,plain,0,item-010,0,89,0,24,8,26
MPV-GEN-T7-N90-R10,plain,0,item-027,0,0,87,19,17,13
MPV-GEN-T7-N90-R10,plain,0,item-074,0,89,26,21,6,27
MPV-GEN-T7-N90-R10,plain,0,item-071,63,53,10,8,13,30
MPV-GEN-T7-N90-R10,plain,0,item-086,71,18,19,9,33,29
MPV-GEN-T7-N90-R10,plain,0,item-002,16,80,0,21,9,16
MPV-GEN-T7-N90-R10,plain,0,item-003,80,18,19,5,22,26
MPV-GEN-T7-N90-R10,plain,0,item-046,0,17,87,22,10,12
MPV-GEN-T7-N90-R10,plain,0,item-041,0,75,60,21,5,18
MPV-GEN-T7-N90-R10,plain,0,item-009,30,64,33,6,15,17
MPV-GEN-T7-N90-R10,plain,0,item-088,0,80,33,15,6,27
MPV-GEN-T7-N90-R10,plain,0,item-004,0,80,60,7,3,22
MPV-GEN-T7-N90-R10,plain,0,item-006,24,0,61,1,12,30
MPV-GEN-T7-N90-R10,plain,0,item-057,37,64,15,20,32,14
MPV-GEN-T7-N90-R10,plain,0,item-085,37,64,29,18,21,20
MPV-GEN-T7-N90-R10,plain,0,item-026,0,27,51,9,26,23
MPV-GEN-T7-N90-R10,plain,0,item-058,0,27,74,9,26,21
MPV-GEN-T7-N90-R10,plain,0,item-059,26,33,0,9,20,16
MPV-GEN-T7-N90-R10,plain,0,item-070,9,27,51,10,27,18
MPV-GEN-T7-N90-R10,plain,0,item-062,9,27,69,9,26,15
MPV-GEN-T7-N90-R10,plain,0,item-072,63,0,9,3,29,33
MPV-GEN-T7-N90-R10,plain,0,item-018,66,0,22,29,15,19
MPV-GEN-T7-N90-R10,plain,0,item-033,66,0,41,27,15,11
MPV-GEN-T7-N90-R10,plain,0,item-031,0,54,60,14,18,19
MPV-GEN-T7-N90-R10,plain,0,item-014,30,18,44,24,10,17
MPV-GEN-T7-N90-R10,plain,0,item-029,0,53,79,15,17,12
MPV-GEN-T7-N90-R10,plain,0,item-020,9,27,84,7,19,8
MPV-GEN-T7-N90-R10,plain,0,item-064,66,15,22,24,3,34
MPV-GEN-T7-N90-R10,plain,0,item-065,80,18,45,4,20,31
MPV-GEN-T7-N90-R10,plain,0,item-021,0,97,0,35,2,34
MPV-GEN-T7-N90-R10,plain,0,item-049,54,0,52,6,13,28
MPV-GEN-T7-N90-R10,plain,0,item-022,71,53,0,10,12,16
MPV-GEN-T7-N90-R10,plain,0,item-038,80,40,19,7,8,33
MPV-GEN-T7-N90-R10,plain,0,item-036,16,80,16,20,6,15
MPV-GEN-T7-N90-R10,plain,0,item-042,16,80,31,17,6,7
MPV-GEN-T7-N90-R10,plain,0,item-068,27,0,28,4,13,31
MPV-GEN-T7-N90-R10,plain,0,item-007,0,53,91,16,13,3
MPV-GEN-T7-N90-R10,plain,0,item-011,0,27,95,3,26,4
MPV-GEN-T7-N90-R10,plain,0,item-047,57,66,16,26,19,10
MPV-GEN-T7-N90-R10,plain,0,item-056,57,66,26,29,12,13
MPV-GEN-T7-N90-R10,plain,0,item-013,55,66,39,31,5,18
MPV-GEN-T7-N90-R10,plain,0,item-017,24,12,61,2,9,20
MPV-GEN-T7-N90-R10,plain,0,item-080,57,78,26,24,6,12
MPV-GEN-T7-N90-R10,plain,0,item-035,83,53,18,15,19,4
MPV-GEN-T7-N90-R10,plain,0,item-077,60,0,52,31,13,16
MPV-GEN-T7-N90-R10,plain,0,item-060,60,0,68,22,12,11
MPV-GEN-T7-N90-R10,plain,0,item-089,55,71,39,34,5,19
MPV-GEN-T7-N90-R10,plain,0,item-037,35,29,10,23,19,6
MPV-GEN-T7-N90-R10,plain,0,item-051,24,21,61,27,6,15
MPV-GEN-T7-N90-R10,plain,0,item-075,26,29,16,18,20,11
MPV-GEN-T7-N90-R10,plain,0,item-087,60,0,79,24,11,9
MPV-GEN-T7-N90-R10,plain,0,item-019,83,48,22,17,35,1
MPV-GEN-T7-N90-R10,plain,0,item-055,24,21,76,25,6,3
MPV-GEN-T7-N90-R10,plain,0,item-023,83,48,23,11,31,1
MPV-GEN-T7-N90-R10,plain,0,item-040,3,27,95,5,16,3
MPV-GEN-T7-N90-R10,plain,0,item-063,3,43,95,6,7,2
MPV-GEN-T7-N90-R10,plain,0,item-034,19,0,87,4,7,10
MPV-GEN-T7-N90-R10,plain,0,item-073,0,53,94,6,7,4
MPV-GEN-T7-N90-R10,plain,0,item-024,23,0,87,1,23,3
MPV-GEN-T7-N90-R10,plain,0,item-025,83,48,24,7,31,2
MPV-GEN-T7-N90-R10,plain,0,item-083,9,46,84,7,4,11
MPV-GEN-T7-N90-R10,plain,0,item-028,23,28,34,3,26,3
MPV-GEN-T7-N90-R10,plain,0,item-084,19,7,87,3,6,13
MPV-GEN-T7-N90-R10,plain,0,item-053,82,11,68,3,2,27
MPV-GEN-T7-N90-R10,plain,0,item-054,24,21,79,18,1,7
MPV-GEN-T7-N90-R10,plain,0,item-061,6,53,94,18,27,3
MPV-GEN-T7-N90-R10,plain,0,item-069,8,27,95,1,13,4
MPV-GEN-T7-N90-R10,plain,0,item-076,0,60,97,32,27,2
MPV-GEN-T7-N90-R10,plain,0,item-082,16,53,69,2,1,24
MPV-GEN-T8-N30-R01,plain,0,item-013,0,0,0,88,98,56
MPV-GEN-T8-N30-R01,plain,0,item-006,0,0,56,63,89,24
MPV-GEN-T8-N30-R01,plain,0,item-004,63,0,56,22,80,44
MPV-GEN-T8-N30-R01,plain,0,item-010,88,0,0,5,87,62
MPV-GEN-T8-N30-R01,plain,0,item-015,0,89,56,59,7,39
MPV-GEN-T8-N30-R01,plain,0,item-026,0,0,80,55,30,8
MPV-GEN-T8-N30-R01,plain,0,item-000,0,98,0,92,1,85
MPV-GEN-T8-N30-R01,plain,0,item-011,0,0,88,21,17,9
MPV-GEN-T8-N30-R01,plain,0,item-021,85,0,56,3,24,31
MPV-GEN-T8-N30-R01,plain,1,item-002,0,0,0,76,75,61
MPV-GEN-T8-N30-R01,plain,1,item-005,76,0,0,22,74,89
MPV-GEN-T8-N30-R01,plain,1,item-003,0,0,61,32,94,36
MPV-GEN-T8-N30-R01,plain,1,item-014,32,0,61,40,26,29
MPV-GEN-T8-N30-R01,plain,1,item-024,0,75,0,89,20,33
MPV-GEN-T8-N30-R01,plain,1,item-019,0,75,33,89,16,19
MPV-GEN-T8-N30-R01,plain,1,item-028,32,91,33,31,4,62
MPV-GEN-T8-N30-R01,plain,1,item-023,0,95,0,38,2,88
MPV-GEN-T8-N30-R01,plain,2,item-007,0,0,0,82,52,66
MPV-GEN-T8-N30-R01,plain,2,item-008,0,0,66,69,34,21
MPV-GEN-T8-N30-R01,plain,2,item-012,0,52,0,86,45,63
MPV-GEN-T8-N30-R01,plain,2,item-025,86,0,0,14,89,97
MPV-GEN-T8-N30-R01,plain,2,item-017,0,0,87,73,95,11
MPV-GEN-T8-N30-R01,plain,3,item-029,0,0,0,90,40,69
MPV-GEN-T8-N30-R01,plain,3,item-020,0,40,0,58,44,68
MPV-GEN-T8-N30-R01,plain,3,item-016,58,40,0,25,48,69
MPV-GEN-T8-N30-R01,plain,3,item-001,83,40,0,9,43,63
MPV-GEN-T8-N30-R01,plain,3,item-009,0,0,69,49,69,22
MPV-GEN-T8-N30-R01,plain,4,item-022,0,0,0,70,30,81
MPV-GEN-T8-N30-R01,plain,4,item-018,0,30,0,52,26,82
MPV-GEN-T8-N30-R01,plain,4,item-027,0,56,0,27,26,72
MPV-GEN-T8-N30-R02,plain,0,item-003,0,0,0,89,93,40
MPV-GEN-T8-N30-R02,plain,0,item-004,0,0,40,80,93,7
MPV-GEN-T8-N30-R02,plain,0,item-008,0,0,47,43,82,43
MPV-GEN-T8-N30-R02,plain,0,item-009,43,0,47,41,44,34
MPV-GEN-T8-N30-R02,plain,0,item-013,43,44,47,49,36,41
MPV-GEN-T8-N30-R02,plain,0,item-027,0,82,47,75,13,49
MPV-GEN-T8-N30-R02,plain,0,item-000,0,0,90,63,53,7
MPV-GEN-T8-N30-R02,plain,0,item-015,0,0,97,83,66,3
MPV-GEN-T8-N30-R02,plain,0,item-012,84,0,40,16,38,37
MPV-GEN-T8-N30-R02,plain,0,item-023,0,95,0,51,4,56
MPV-GEN-T8-N30-R02,plain,0,item-025,0,95,56,70,3,10
MPV-GEN-T8-N30-R02,plain,1,item-005,0,0,0,67,88,90
MPV-GEN-T8-N30-R02,plain,1,item-029,67,0,0,26,58,86
MPV-GEN-T8-N30-R02,plain,1,item-007,0,0,90,86,86,2
MPV-GEN-T8-N30-R02,plain,1,item-026,86,0,86,14,99,14
MPV-GEN-T8-N30-R02,plain,2,item-011,0,0,0,97,83,25
MPV-GEN-T8-N30-R02,plain,2,item-006,0,0,25,81,50,23
MPV-GEN-T8-N30-R02,plain,2,item-014,0,0,48,51,50,51
MPV-GEN-T8-N30-R02,plain,2,item-016,0,50,25,68,24,63
MPV-GEN-T8-N30-R02,plain,2,item-001,68,50,25,22,49,67
MPV-GEN-T8-N30-R02,plain,2,item-024,0,74,25,63,24,16
MPV-GEN-T8-N30-R02,plain,2,item-028,0,0,99,89,89,1
MPV-GEN-T8-N30-R02,plain,3,item-019,0,0,0,77,58,84
MPV-GEN-T8-N30-R02,plain,3,item-022,0,58,0,68,38,83
MPV-GEN-T8-N30-R02,plain,3,item-002,77,0,0,18,83,15
MPV-GEN-T8-N30-R02,plain,3,item-017,77,0,15,14,57,79
MPV-GEN-T8-N30-R02,plain,4,item-021,0,0,0,83,19,95
MPV-GEN-T8-N30-R02,plain,4,item-010,0,19,0,32,43,76
MPV-GEN-T8-N30-R02,plain,4,item-018,0,62,0,43,27,97
MPV-GEN-T8-N30-R02,plain,4,item-020,32,19,0,57,40,39
MPV-GEN-T8-N30-R03,plain,0,item-003,0,0,0,97,91,45
MPV-GEN-T8-N30-R03,plain,0,item-007,0,0,45,91,69,39
MPV-GEN-T8-N30-R03,plain,0,item-021,0,0,84,64,61,12
MPV-GEN-T8-N30-R03,plain,0,item-026,0,69,45,72,19,21
MPV-GEN-T8-N30-R03,plain,0,item-000,0,91,0,81,6,30
MPV-GEN-T8-N30-R03,plain,0,item-005,0,88,45,63,3,38
MPV-GEN-T8-N30-R03,plain,0,item-006,0,69,66,100,10,21
MPV-GEN-T8-N30-R03,plain,0,item-016,0,91,30,58,1,58
MPV-GEN-T8-N30-R03,plain,0,item-017,97,0,0,2,72,48
MPV-GEN-T8-N30-R03,plain,0,item-018,64,0,84,33,27,11
MPV-GEN-T8-N30-R03,plain,1,item-009,0,0,0,86,66,99
MPV-GEN-T8-N30-R03,plain,1,item-024,0,66,0,90,29,98
MPV-GEN-T8-N30-R03,plain,1,item-023,86,0,0,11,55,73
MPV-GEN-T8-N30-R03,plain,1,item-015,90,55,0,8,24,68
MPV-GEN-T8-N30-R03,plain,1,item-002,86,0,73,13,40,22
MPV-GEN-T8-N30-R03,plain,2,item-001,0,0,0,86,56,72
MPV-GEN-T8-N30-R03,plain,2,item-020,0,56,0,55,37,61
MPV-GEN-T8-N30-R03,plain,2,item-004,0,0,72,39,57,17
MPV-GEN-T8-N30-R03,plain,2,item-025,39,0,72,27,66,22
MPV-GEN-T8-N30-R03,plain,2,item-029,55,56,0,11,25,50
MPV-GEN-T8-N30-R03,plain,3,item-008,0,0,0,66,79,66
MPV-GEN-T8-N30-R03,plain,3,item-022,0,0,66,67,95,34
MPV-GEN-T8-N30-R03,plain,3,item-019,67,0,0,18,49,100
MPV-GEN-T8-N30-R03,plain,4,item-011,0,0,0,74,98,42
MPV-GEN-T8-N30-R03,plain,4,item-012,0,0,42,99,78,12
MPV-GEN-T8-N30-R03,plain,5,item-013,0,0,0,61,75,77
MPV-GEN-T8-N30-R03,plain,5,item-028,0,75,0,48,25,87
MPV-GEN-T8-N30-R03,plain,6,item-014,0,0,0,61,75,74
MPV-GEN-T8-N30-R03,plain,7,item-010,0,0,0,58,52,91
MPV-GEN-T8-N30-R03,plain,7,item-027,0,52,0,72,47,77
MPV-GEN-T8-N30-R04,plain,0,item-008,0,0,0,88,75,88
MPV-GEN-T8-N30-R04,plain,0,item-004,0,75,0,49,22,80
MPV-GEN-T8-N30-R04,plain,0,item-010,0,0,88,85,60,5
MPV-GEN-T8-N30-R04,plain,0,item-011,49,75,0,50,12,58
MPV-GEN-T8-N30-R04,plain,0,item-005,88,0,0,8,65,39
MPV-GEN-T8-N30-R04,plain,0,item-007,0,97,0,95,3,75
MPV-GEN-T8-N30-R04,plain,0,item-013,0,75,80,22,13,14
MPV-GEN-T8-N30-R04,plain,0,item-028,88,0,39,6,62,26
MPV-GEN-T8-N30-R04,plain,0,item-016,99,0,0,1,77,100
MPV-GEN-T8-N30-R04,plain,0,item-020,88,0,65,6,33,32
MPV-GEN-T8-N30-R04,plain,1,item-001,0,0,0,99,62,28
MPV-GEN-T8-N30-R04,plain,1,item-029,0,0,28,95,43,67
MPV-GEN-T8-N30-R04,plain,1,item-000,0,43,28,52,6,52
MPV-GEN-T8-N30-R04,plain,1,item-019,0,49,28,58,39,65
MPV-GEN-T8-N30-R04,plain,1,item-015,58,62,0,32,31,32
MPV-GEN-T8-N30-R04,plain,1,item-017,0,62,0,43,34,16
MPV-GEN-T8-N30-R04,plain,1,item-025,58,43,32,31,28,35
MPV-GEN-T8-N30-R04,plain,1,item-018,58,43,67,24,28,26
MPV-GEN-T8-N30-R04,plain,1,item-021,0,96,0,92,4,28
MPV-GEN-T8-N30-R04,plain,1,item-022,0,93,16,65,3,36
MPV-GEN-T8-N30-R04,plain,2,item-003,0,0,0,54,90,49
MPV-GEN-T8-N30-R04,plain,2,item-026,54,0,0,31,88,79
MPV-GEN-T8-N30-R04,plain,2,item-009,0,0,79,78,89,11
MPV-GEN-T8-N30-R04,plain,3,item-014,0,0,0,72,51,48
MPV-GEN-T8-N30-R04,plain,3,item-002,0,0,48,55,48,28
MPV-GEN-T8-N30-R04,plain,3,item-027,0,51,0,68,34,54
MPV-GEN-T8-N30-R04,plain,3,item-006,68,51,0,18,23,72
MPV-GEN-T8-N30-R04,plain,3,item-024,0,48,54,64,33,29
MPV-GEN-T8-N30-R04,plain,4,item-012,0,0,0,29,71,86
MPV-GEN-T8-N30-R04,plain,5,item-023,0,0,0,72,57,41
MPV-GEN-T8-N30-R05,plain,0,item-014,0,0,0,82,76,71
MPV-GEN-T8-N30-R05,plain,0,item-010,0,0,71,59,69,20
MPV-GEN-T8-N30-R05,plain,0,item-000,59,0,71,22,59,23
MPV-GEN-T8-N30-R05,plain,0,item-022,0,76,0,64,12,87
MPV-GEN-T8-N30-R05,plain,0,item-004,82,0,0,8,86,90
MPV-GEN-T8-N30-R05,plain,0,item-026,0,88,0,89,8,86
MPV-GEN-T8-N30-R05,plain,0,item-003,0,0,94,62,88,6
MPV-GEN-T8-N30-R05,plain,0,item-016,0,96,0,43,2,95
MPV-GEN-T8-N30-R05,plain,0,item-020,90,0,0,4,30,54
MPV-GEN-T8-N30-R05,plain,1,item-015,0,0,0,57,89,97
MPV-GEN-T8-N30-R05,plain,1,item-013,57,0,0,34,100,98
MPV-GEN-T8-N30-R05,plain,1,item-009,0,89,0,23,11,76
MPV-GEN-T8-N30-R05,plain,1,item-023,23,89,0,32,8,58
MPV-GEN-T8-N30-R05,plain,2,item-017,0,0,0,83,97,33
MPV-GEN-T8-N30-R05,plain,2,item-001,0,0,33,63,69,33
MPV-GEN-T8-N30-R05,plain,2,item-027,0,0,66,65,68,30
MPV-GEN-T8-N30-R05,plain,2,item-008,0,69,33,63,24,11
MPV-GEN-T8-N30-R05,plain,2,item-011,0,69,44,27,27,23
MPV-GEN-T8-N30-R05,plain,2,item-018,63,68,33,14,28,40
MPV-GEN-T8-N30-R05,plain,3,item-025,0,0,0,88,91,47
MPV-GEN-T8-N30-R05,plain,3,item-005,0,0,47,52,80,39
MPV-GEN-T8-N30-R05,plain,3,item-007,0,0,86,100,86,12
MPV-GEN-T8-N30-R05,plain,3,item-029,0,80,47,80,10,31
MPV-GEN-T8-N30-R05,plain,4,item-019,0,0,0,47,82,81
MPV-GEN-T8-N30-R05,plain,4,item-006,47,0,0,37,83,70
MPV-GEN-T8-N30-R05,plain,4,item-024,0,0,81,91,38,11
MPV-GEN-T8-N30-R05,plain,4,item-028,0,38,81,65,46,12
MPV-GEN-T8-N30-R05,plain,5,item-012,0,0,0,60,63,61
MPV-GEN-T8-N30-R05,plain,5,item-002,0,0,61,50,57,35
MPV-GEN-T8-N30-R05,plain,6,item-021,0,0,0,73,46,93
MPV-GEN-T8-N30-R06,plain,0,item-014,0,0,0,93,100,93
MPV-GEN-T8-N30-R06,plain,0,item-027,0,0,93,61,55,7
MPV-GEN-T8-N30-R06,plain,0,item-018,93,0,0,5,29,55
MPV-GEN-T8-N30-R06,plain,0,item-007,93,29,0,4,20,48
MPV-GEN-T8-N30-R06,plain,0,item-017,61,0,93,24,59,1
MPV-GEN-T8-N30-R06,plain,0,item-020,93,0,55,3,26,25
MPV-GEN-T8-N30-R06,plain,0,item-021,98,0,0,1,89,9
MPV-GEN-T8-N30-R06,plain,1,item-019,0,0,0,87,72,98
MPV-GEN-T8-N30-R06,plain,1,item-010,0,72,0,86,25,86
MPV-GEN-T8-N30-R06,plain,2,item-001,0,0,0,76,75,37
MPV-GEN-T8-N30-R06,plain,2,item-011,0,0,37,51,41,39
MPV-GEN-T8-N30-R06,plain,2,item-028,76,0,0,23,83,99
MPV-GEN-T8-N30-R06,plain,2,item-002,0,83,0,92,13,41
MPV-GEN-T8-N30-R06,plain,2,item-004,51,0,37,18,51,53
MPV-GEN-T8-N30-R06,plain,2,item-000,0,83,41,93,11,45
MPV-GEN-T8-N30-R06,plain,2,item-003,0,0,90,71,87,10
MPV-GEN-T8-N30-R06,plain,2,item-022,0,51,37,62,20,37
MPV-GEN-T8-N30-R06,plain,2,item-012,0,96,0,90,4,35
MPV-GEN-T8-N30-R06,plain,2,item-023,0,41,37,45,10,26
MPV-GEN-T8-N30-R06,plain,2,item-025,0,75,0,44,5,60
MPV-GEN-T8-N30-R06,plain,3,item-005,0,0,0,49,94,88
MPV-GEN-T8-N30-R06,plain,3,item-016,49,0,0,34,78,89
MPV-GEN-T8-N30-R06,plain,3,item-009,83,0,0,15,34,40
MPV-GEN-T8-N30-R06,plain,4,item-015,0,0,0,81,48,61
MPV-GEN-T8-N30-R06,plain,4,item-024,0,48,0,65,42,94
MPV-GEN-T8-N30-R06,plain,4,item-008,0,0,61,85,20,33
MPV-GEN-T8-N30-R06,plain,5,item-006,0,0,0,55,44,69
MPV-GEN-T8-N30-R06,plain,5,item-013,0,44,0,95,38,35
MPV-GEN-T8-N30-R06,plain,6,item-029,0,0,0,64,28,96
MPV-GEN-T8-N30-R06,plain,6,item-026,0,28,0,48,29,92
MPV-GEN-T8-N30-R07,plain,0,item-016,0,0,0,76,55,84
MPV-GEN-T8-N30-R07,plain,0,item-002,0,55,0,87,22,48
MPV-GEN-T8-N30-R07,plain,0,item-004,0,77,0,77,15,63
MPV-GEN-T8-N30-R07,plain,0,item-003,0,0,84,27,33,15
MPV-GEN-T8-N30-R07,plain,0,item-017,87,0,0,12,74,70
MPV-GEN-T8-N30-R07,plain,0,item-015,76,0,0,6,54,26
MPV-GEN-T8-N30-R07,plain,0,item-006,0,92,0,26,4,67
MPV-GEN-T8-N30-R07,plain,0,item-007,0,55,48,9,3,37
MPV-GEN-T8-N30-R07,plain,0,item-010,27,0,84,12,34,1
MPV-GEN-T8-N30-R07,plain,0,item-012,39,0,84,21,96,10
MPV-GEN-T8-N30-R07,plain,0,item-013,76,0,48,7,77,19
MPV-GEN-T8-N30-R07,plain,0,item-014,83,0,0,3,25,68
MPV-GEN-T8-N30-R07,plain,0,item-025,99,0,0,1,68,72
MPV-GEN-T8-N30-R07,plain,0,item-020,77,77,0,1,23,47
MPV-GEN-T8-N30-R07,plain,0,item-029,76,0,67,1,95,12
MPV-GEN-T8-N30-R07,plain,1,item-024,0,0,0,92,47,76
MPV-GEN-T8-N30-R07,plain,1,item-018,0,47,0,43,29,69
MPV-GEN-T8-N30-R07,plain,1,item-005,0,76,0,93,9,88
MPV-GEN-T8-N30-R07,plain,1,item-000,0,85,0,63,12,68
MPV-GEN-T8-N30-R07,plain,1,item-026,93,0,0,6,97,51
MPV-GEN-T8-N30-R07,plain,1,item-023,93,0,51,5,61,43
MPV-GEN-T8-N30-R07,plain,2,item-008,0,0,0,60,69,56
MPV-GEN-T8-N30-R07,plain,2,item-001,60,0,0,40,82,42
MPV-GEN-T8-N30-R07,plain,2,item-011,60,0,42,28,56,56
MPV-GEN-T8-N30-R07,plain,2,item-027,0,0,56,58,89,35
MPV-GEN-T8-N30-R07,plain,3,item-028,0,0,0,82,67,37
MPV-GEN-T8-N30-R07,plain,3,item-009,0,0,37,60,56,53
MPV-GEN-T8-N30-R07,plain,3,item-019,60,0,37,28,63,62
MPV-GEN-T8-N30-R07,plain,3,item-021,0,67,0,82,31,26
MPV-GEN-T8-N30-R07,plain,4,item-022,0,0,0,61,77,40
MPV-GEN-T8-N30-R08,plain,0,item-005,0,0,0,90,71,37
MPV-GEN-T8-N30-R08,plain,0,item-023,0,0,37,66,63,59
MPV-GEN-T8-N30-R08,plain,0,item-002,66,0,37,29,78,54
MPV-GEN-T8-N30-R08,plain,0,item-026,0,71,0,65,18,57
MPV-GEN-T8-N30-R08,plain,0,item-004,65,71,0,35,28,26
MPV-GEN-T8-N30-R08,plain,0,item-003,0,63,57,36,32,19
MPV-GEN-T8-N30-R08,plain,0,item-011,95,0,0,4,70,72
MPV-GEN-T8-N30-R08,plain,0,item-024,66,0,91,18,51,7
MPV-GEN-T8-N30-R08,plain,0,item-019,0,95,0,16,5,79
MPV-GEN-T8-N30-R08,plain,0,item-020,0,78,79,100,19,18
MPV-GEN-T8-N30-R08,plain,0,item-028,0,89,0,40,4,24
MPV-GEN-T8-N30-R08,plain,0,item-027,36,63,57,6,24,12
MPV-GEN-T8-N30-R08,plain,1,item-008,0,0,0,82,65,78
MPV-GEN-T8-N30-R08,plain,1,item-025,0,65,0,57,30,85
MPV-GEN-T8-N30-R08,plain,1,item-018,57,65,0,34,30,84
MPV-GEN-T8-N30-R08,plain,1,item-014,82,0,0,14,49,90
MPV-GEN-T8-N30-R08,plain,1,item-010,0,0,78,39,42,15
MPV-GEN-T8-N30-R08,plain,2,item-022,0,0,0,59,85,90
MPV-GEN-T8-N30-R08,plain,2,item-000,59,0,0,34,64,90
MPV-GEN-T8-N30-R08,plain,2,item-029,0,85,0,85,13,77
MPV-GEN-T8-N30-R08,plain,2,item-015,59,64,0,30,13,90
MPV-GEN-T8-N30-R08,plain,3,item-001,0,0,0,53,88,46
MPV-GEN-T8-N30-R08,plain,3,item-006,53,0,0,44,65,66
MPV-GEN-T8-N30-R08,plain,3,item-009,0,0,46,52,79,17
MPV-GEN-T8-N30-R08,plain,3,item-016,53,65,0,19,31,78
MPV-GEN-T8-N30-R08,plain,4,item-012,0,0,0,51,37,84
MPV-GEN-T8-N30-R08,plain,4,item-017,0,37,0,53,36,38
MPV-GEN-T8-N30-R08,plain,4,item-013,0,73,0,68,15,56
MPV-GEN-T8-N30-R08,plain,4,item-021,68,0,0,10,74,90
MPV-GEN-T8-N30-R08,plain,4,item-007,51,0,0,13,37,73
MPV-GEN-T8-N30-R09,plain,0,item-011,0,0,0,81,85,89
MPV-GEN-T8-N30-R09,plain,0,item-007,0,0,89,70,20,10
MPV-GEN-T8-N30-R09,plain,0,item-001,81,0,0,17,95,3
MPV-GEN-T8-N30-R09,plain,0,item-010,81,0,3,13,51,30
MPV-GEN-T8-N30-R09,plain,0,item-000,81,0,33,4,17,61
MPV-GEN-T8-N30-R09,plain,0,item-008,0,20,89,5,62,1
MPV-GEN-T8-N30-R09,plain,0,item-016,81,51,3,9,8,73
MPV-GEN-T8-N30-R09,plain,0,item-023,0,85,0,78,14,28
MPV-GEN-T8-N30-R09,plain,0,item-009,0,99,0,45,1,82
MPV-GEN-T8-N30-R09,plain,0,item-021,5,20,89,91,16,7
MPV-GEN-T8-N30-R09,plain,0,item-027,81,59,3,3,10,88
MPV-GEN-T8-N30-R09,plain,1,item-017,0,0,0,93,99,55
MPV-GEN-T8-N30-R09,plain,1,item-005,0,0,55,34,86,37
MPV-GEN-T8-N30-R09,plain,2,item-029,0,0,0,70,80,93
MPV-GEN-T8-N30-R09,plain,2,item-002,70,0,0,24,87,61
MPV-GEN-T8-N30-R09,plain,3,item-019,0,0,0,57,96,95
MPV-GEN-T8-N30-R09,plain,3,item-018,57,0,0,24,78,98
MPV-GEN-T8-N30-R09,plain,4,item-022,0,0,0,58,94,93
MPV-GEN-T8-N30-R09,plain,4,item-026,58,0,0,23,86,64
MPV-GEN-T8-N30-R09,plain,5,item-024,0,0,0,93,56,89
MPV-GEN-T8-N30-R09,plain,5,item-003,0,56,0,92,30,24
MPV-GEN-T8-N30-R09,plain,5,item-012,0,56,24,82,29,59
MPV-GEN-T8-N30-R09,plain,5,item-014,0,56,83,72,26,13
MPV-GEN-T8-N30-R09,plain,5,item-028,0,0,89,99,40,10
MPV-GEN-T8-N30-R09,plain,6,item-013,0,0,0,80,54,92
MPV-GEN-T8-N30-R09,plain,6,item-025,0,54,0,62,45,97
MPV-GEN-T8-N30-R09,plain,7,item-004,0,0,0,46,92,88
MPV-GEN-T8-N30-R09,plain,8,item-015,0,0,0,55,71,55
MPV-GEN-T8-N30-R09,plain,8,item-006,0,71,0,63,25,64
MPV-GEN-T8-N30-R09,plain,9,item-020,0,0,0,98,16,88
MPV-GEN-T8-N30-R10,plain,0,item-005,0,0,0,79,100,38
MPV-GEN-T8-N30-R10,plain,0,item-002,0,0,38,66,95,15
MPV-GEN-T8-N30-R10,plain,0,item-010,0,0,53,40,59,44
MPV-GEN-T8-N30-R10,plain,0,item-018,40,0,53,15,79,13
MPV-GEN-T8-N30-R10,plain,0,item-023,0,59,53,39,16,44
MPV-GEN-T8-N30-R10,plain,0,item-022,0,79,53,56,2,43
MPV-GEN-T8-N30-R10,plain,0,item-025,0,81,53,18,7,10
MPV-GEN-T8-N30-R10,plain,0,item-001,0,75,53,30,1,7
MPV-GEN-T8-N30-R10,plain,0,item-024,79,0,0,19,60,72
MPV-GEN-T8-N30-R10,plain,0,item-007,0,95,38,74,2,46
MPV-GEN-T8-N30-R10,plain,0,item-012,79,60,0,12,22,81
MPV-GEN-T8-N30-R10,plain,0,item-003,91,60,0,1,29,80
MPV-GEN-T8-N30-R10,plain,0,item-021,40,0,66,19,59,23
MPV-GEN-T8-N30-R10,plain,0,item-008,0,81,63,79,10,23
MPV-GEN-T8-N30-R10,plain,0,item-020,0,81,86,97,12,11
MPV-GEN-T8-N30-R10,plain,1,item-014,0,0,0,83,50,87
MPV-GEN-T8-N30-R10,plain,1,item-027,0,50,0,99,45,65
MPV-GEN-T8-N30-R10,plain,1,item-011,0,0,87,57,99,5
MPV-GEN-T8-N30-R10,plain,1,item-026,0,50,65,82,7,22
MPV-GEN-T8-N30-R10,plain,2,item-029,0,0,0,54,98,58
MPV-GEN-T8-N30-R10,plain,2,item-013,54,0,0,41,92,77
MPV-GEN-T8-N30-R10,plain,2,item-004,95,0,0,4,57,99
MPV-GEN-T8-N30-R10,plain,2,item-017,0,0,77,82,61,23
MPV-GEN-T8-N30-R10,plain,3,item-019,0,0,0,97,38,60
MPV-GEN-T8-N30-R10,plain,3,item-009,0,38,0,89,24,94
MPV-GEN-T8-N30-R10,plain,3,item-016,0,62,0,52,32,67
MPV-GEN-T8-N30-R10,plain,4,item-015,0,0,0,79,78,19
MPV-GEN-T8-N30-R10,plain,4,item-000,0,78,0,75,17,83
MPV-GEN-T8-N30-R10,plain,4,item-006,0,0,83,81,86,15
MPV-GEN-T8-N30-R10,plain,4,item-028,0,0,19,57,25,49
MPV-GEN-T8-N60-R01,plain,0,item-035,0,0,0,93,80,79
MPV-GEN-T8-N60-R01,plain,0,item-022,0,0,79,73,69,20
MPV-GEN-T8-N60-R01,plain,0,item-044,0,80,0,60,19,86
MPV-GEN-T8-N60-R01,plain,0,item-001,73,0,79,12,86,10
MPV-GEN-T8-N60-R01,plain,0,item-051,60,80,0,20,7,67
MPV-GEN-T8-N60-R01,plain,0,item-055,0,99,0,63,1,60
MPV-GEN-T8-N60-R01,plain,0,item-053,0,0,99,73,33,1
MPV-GEN-T8-N60-R01,plain,0,item-004,60,87,0,1,3,43
MPV-GEN-T8-N60-R01,plain,1,item-003,0,0,0,63,93,83
MPV-GEN-T8-N60-R01,plain,1,item-010,63,0,0,36,78,57
MPV-GEN-T8-N60-R01,plain,1,item-005,63,0,57,29,93,32
MPV-GEN-T8-N60-R01,plain,1,item-011,0,93,0,60,4,100
MPV-GEN-T8-N60-R01,plain,1,item-019,0,97,0,84,3,90
MPV-GEN-T8-N60-R01,plain,1,item-040,0,0,89,92,54,6
MPV-GEN-T8-N60-R01,plain,1,item-036,0,0,95,80,46,3
MPV-GEN-T8-N60-R01,plain,1,item-017,0,0,98,72,34,2
MPV-GEN-T8-N60-R01,plain,2,item-012,0,0,0,57,96,94
MPV-GEN-T8-N60-R01,plain,2,item-016,57,0,0,28,79,48
MPV-GEN-T8-N60-R01,plain,2,item-008,57,0,48,16,53,48
MPV-GEN-T8-N60-R01,plain,2,item-057,85,0,0,10,47,72
MPV-GEN-T8-N60-R01,plain,2,item-046,57,79,0,41,11,41
MPV-GEN-T8-N60-R01,plain,2,item-021,0,96,0,42,3,54
MPV-GEN-T8-N60-R01,plain,2,item-027,57,53,48,34,37,31
MPV-GEN-T8-N60-R01,plain,2,item-031,0,99,0,42,1,86
MPV-GEN-T8-N60-R01,plain,2,item-048,0,0,96,90,55,3
MPV-GEN-T8-N60-R01,plain,3,item-059,0,0,0,86,63,92
MPV-GEN-T8-N60-R01,plain,3,item-026,0,63,0,62,21,71
MPV-GEN-T8-N60-R01,plain,3,item-038,0,84,0,94,10,96
MPV-GEN-T8-N60-R01,plain,3,item-014,0,63,71,99,21,24
MPV-GEN-T8-N60-R01,plain,4,item-009,0,0,0,100,52,85
MPV-GEN-T8-N60-R01,plain,4,item-042,0,52,0,94,47,39
MPV-GEN-T8-N60-R01,plain,4,item-015,0,52,39,90,42,26
MPV-GEN-T8-N60-R01,plain,4,item-047,0,52,65,87,25,33
MPV-GEN-T8-N60-R01,plain,4,item-050,0,77,65,72,12,22
MPV-GEN-T8-N60-R01,plain,5,item-037,0,0,0,76,85,68
MPV-GEN-T8-N60-R01,plain,5,item-007,0,0,68,73,55,21
MPV-GEN-T8-N60-R01,plain,5,item-023,76,0,0,21,97,59
MPV-GEN-T8-N60-R01,plain,5,item-006,0,85,0,74,8,39
MPV-GEN-T8-N60-R01,plain,5,item-025,0,55,68,97,32,20
MPV-GEN-T8-N60-R01,plain,6,item-049,0,0,0,91,83,52
MPV-GEN-T8-N60-R01,plain,6,item-002,0,0,52,79,58,48
MPV-GEN-T8-N60-R01,plain,6,item-000,0,83,0,99,8,96
MPV-GEN-T8-N60-R01,plain,7,item-013,0,0,0,83,97,27
MPV-GEN-T8-N60-R01,plain,7,item-018,0,0,27,59,85,69
MPV-GEN-T8-N60-R01,plain,7,item-052,83,0,0,16,86,82
MPV-GEN-T8-N60-R01,plain,7,item-045,59,0,27,19,68,58
MPV-GEN-T8-N60-R01,plain,7,item-034,59,68,27,24,32,53
MPV-GEN-T8-N60-R01,plain,8,item-056,0,0,0,77,67,97
MPV-GEN-T8-N60-R01,plain,9,item-032,0,0,0,63,78,88
MPV-GEN-T8-N60-R01,plain,9,item-030,63,0,0,34,69,21
MPV-GEN-T8-N60-R01,plain,9,item-039,63,0,21,34,34,77
MPV-GEN-T8-N60-R01,plain,10,item-058,0,0,0,44,81,94
MPV-GEN-T8-N60-R01,plain,10,item-024,44,0,0,56,55,96
MPV-GEN-T8-N60-R01,plain,11,item-029,0,0,0,89,67,32
MPV-GEN-T8-N60-R01,plain,11,item-043,0,0,32,72,60,47
MPV-GEN-T8-N60-R01,plain,11,item-020,0,60,32,69,39,59
MPV-GEN-T8-N60-R01,plain,12,item-054,0,0,0,53,84,62
MPV-GEN-T8-N60-R01,plain,12,item-028,0,0,62,38,75,29
MPV-GEN-T8-N60-R01,plain,13,item-033,0,0,0,83,38,69
MPV-GEN-T8-N60-R01,plain,13,item-041,0,38,0,92,55,27
MPV-GEN-T8-N60-R02,plain,0,item-009,0,0,0,92,75,97
MPV-GEN-T8-N60-R02,plain,0,item-028,0,75,0,96,12,68
MPV-GEN-T8-N60-R02,plain,0,item-035,92,0,0,5,50,67
MPV-GEN-T8-N60-R02,plain,0,item-005,0,87,0,26,7,33
MPV-GEN-T8-N60-R02,plain,0,item-011,0,75,68,84,18,16
MPV-GEN-T8-N60-R02,plain,0,item-039,0,0,97,38,52,1
MPV-GEN-T8-N60-R02,plain,0,item-056,0,75,84,68,15,16
MPV-GEN-T8-N60-R02,plain,0,item-042,97,0,0,1,92,54
MPV-GEN-T8-N60-R02,plain,0,item-015,0,94,0,14,1,90
MPV-GEN-T8-N60-R02,plain,0,item-027,68,75,84,30,24,8
MPV-GEN-T8-N60-R02,plain,0,item-031,0,52,97,91,4,3
MPV-GEN-T8-N60-R02,plain,0,item-040,0,95,0,11,2,53
MPV-GEN-T8-N60-R02,plain,0,item-043,92,0,67,5,74,11
MPV-GEN-T8-N60-R02,plain,0,item-052,0,0,98,19,34,1
MPV-GEN-T8-N60-R02,plain,1,item-003,0,0,0,72,92,87
MPV-GEN-T8-N60-R02,plain,1,item-001,72,0,0,25,92,66
MPV-GEN-T8-N60-R02,plain,1,item-019,0,0,87,72,45,7
MPV-GEN-T8-N60-R02,plain,1,item-053,0,45,87,50,40,13
MPV-GEN-T8-N60-R02,plain,1,item-054,72,0,66,12,64,25
MPV-GEN-T8-N60-R02,plain,2,item-012,0,0,0,87,89,68
MPV-GEN-T8-N60-R02,plain,2,item-049,0,0,68,80,70,25
MPV-GEN-T8-N60-R02,plain,2,item-017,87,0,0,13,96,70
MPV-GEN-T8-N60-R02,plain,3,item-007,0,0,0,77,89,57
MPV-GEN-T8-N60-R02,plain,3,item-006,0,0,57,92,69,38
MPV-GEN-T8-N60-R02,plain,3,item-046,77,0,0,12,100,40
MPV-GEN-T8-N60-R02,plain,3,item-014,89,0,0,10,45,46
MPV-GEN-T8-N60-R02,plain,3,item-036,0,69,57,99,30,38
MPV-GEN-T8-N60-R02,plain,4,item-029,0,0,0,73,85,97
MPV-GEN-T8-N60-R02,plain,4,item-034,73,0,0,22,77,75
MPV-GEN-T8-N60-R02,plain,4,item-002,0,85,0,73,14,54
MPV-GEN-T8-N60-R02,plain,5,item-010,0,0,0,63,86,71
MPV-GEN-T8-N60-R02,plain,5,item-024,63,0,0,30,59,79
MPV-GEN-T8-N60-R02,plain,5,item-030,63,59,0,33,41,40
MPV-GEN-T8-N60-R02,plain,5,item-041,63,59,40,32,38,56
MPV-GEN-T8-N60-R02,plain,5,item-044,0,0,71,55,95,13
MPV-GEN-T8-N60-R02,plain,6,item-047,0,0,0,91,72,57
MPV-GEN-T8-N60-R02,plain,6,item-058,0,0,57,90,69,32
MPV-GEN-T8-N60-R02,plain,6,item-038,0,72,0,53,26,38
MPV-GEN-T8-N60-R02,plain,7,item-008,0,0,0,90,49,70
MPV-GEN-T8-N60-R02,plain,7,item-021,0,49,0,70,46,70
MPV-GEN-T8-N60-R02,plain,7,item-032,0,0,70,41,95,30
MPV-GEN-T8-N60-R02,plain,7,item-026,70,49,0,21,42,77
MPV-GEN-T8-N60-R02,plain,8,item-018,0,0,0,50,86,84
MPV-GEN-T8-N60-R02,plain,8,item-033,50,0,0,28,57,77
MPV-GEN-T8-N60-R02,plain,8,item-013,50,57,0,44,35,64
MPV-GEN-T8-N60-R02,plain,8,item-016,78,0,0,19,55,42
MPV-GEN-T8-N60-R02,plain,9,item-045,0,0,0,64,66,67
MPV-GEN-T8-N60-R02,plain,9,item-051,0,66,0,84,33,95
MPV-GEN-T8-N60-R02,plain,9,item-059,84,0,0,14,77,81
MPV-GEN-T8-N60-R02,plain,9,item-020,0,0,67,68,35,30
MPV-GEN-T8-N60-R02,plain,10,item-000,0,0,0,70,60,66
MPV-GEN-T8-N60-R02,plain,10,item-022,0,0,66,71,77,22
MPV-GEN-T8-N60-R02,plain,11,item-023,0,0,0,82,99,27
MPV-GEN-T8-N60-R02,plain,11,item-057,0,0,27,63,70,56
MPV-GEN-T8-N60-R02,plain,12,item-004,0,0,0,59,68,54
MPV-GEN-T8-N60-R02,plain,12,item-025,0,0,54,53,94,33
MPV-GEN-T8-N60-R02,plain,13,item-055,0,0,0,88,44,52
MPV-GEN-T8-N60-R02,plain,13,item-050,0,0,52,87,44,45
MPV-GEN-T8-N60-R02,plain,13,item-037,0,44,0,52,51,53
MPV-GEN-T8-N60-R02,plain,14,item-048,0,0,0,88,75,21
MPV-GEN-T8-N60-R03,plain,0,item-001,0,0,0,89,99,71
MPV-GEN-T8-N60-R03,plain,0,item-036,0,0,71,69,67,20
MPV-GEN-T8-N60-R03,plain,0,item-024,0,0,91,57,64,9
MPV-GEN-T8-N60-R03,plain,0,item-052,0,67,71,69,31,19
MPV-GEN-T8-N60-R03,plain,0,item-004,69,0,71,18,80,16
MPV-GEN-T8-N60-R03,plain,0,item-038,89,0,0,11,95,81
MPV-GEN-T8-N60-R03,plain,0,item-035,69,0,87,18,69,4
MPV-GEN-T8-N60-R03,plain,0,item-051,87,0,71,1,60,24
MPV-GEN-T8-N60-R03,plain,1,item-010,0,0,0,89,95,86
MPV-GEN-T8-N60-R03,plain,1,item-042,89,0,0,7,88,68
MPV-GEN-T8-N60-R03,plain,1,item-017,96,0,0,1,59,39
MPV-GEN-T8-N60-R03,plain,1,item-050,96,59,0,1,29,67
MPV-GEN-T8-N60-R03,plain,2,item-007,0,0,0,82,72,94
MPV-GEN-T8-N60-R03,plain,2,item-005,0,72,0,70,22,81
MPV-GEN-T8-N60-R03,plain,2,item-057,82,0,0,15,92,41
MPV-GEN-T8-N60-R03,plain,2,item-006,82,0,41,11,29,36
MPV-GEN-T8-N60-R03,plain,2,item-012,82,29,41,18,29,43
MPV-GEN-T8-N60-R03,plain,2,item-019,82,58,41,13,36,23
MPV-GEN-T8-N60-R03,plain,2,item-033,70,72,64,24,23,34
MPV-GEN-T8-N60-R03,plain,3,item-022,0,0,0,70,86,73
MPV-GEN-T8-N60-R03,plain,3,item-003,70,0,0,28,90,44
MPV-GEN-T8-N60-R03,plain,3,item-026,0,90,0,79,10,84
MPV-GEN-T8-N60-R03,plain,3,item-032,0,0,73,20,63,25
MPV-GEN-T8-N60-R03,plain,3,item-014,0,63,73,20,22,21
MPV-GEN-T8-N60-R03,plain,3,item-027,70,0,44,27,58,36
MPV-GEN-T8-N60-R03,plain,4,item-034,0,0,0,69,73,98
MPV-GEN-T8-N60-R03,plain,4,item-040,69,0,0,29,51,51
MPV-GEN-T8-N60-R03,plain,4,item-053,69,51,0,26,46,74
MPV-GEN-T8-N60-R03,plain,4,item-000,0,73,0,40,13,89
MPV-GEN-T8-N60-R03,plain,4,item-030,0,86,0,31,14,58
MPV-GEN-T8-N60-R03,plain,4,item-002,40,73,0,16,23,61
MPV-GEN-T8-N60-R03,plain,5,item-037,0,0,0,77,70,89
MPV-GEN-T8-N60-R03,plain,5,item-058,0,70,0,85,10,71
MPV-GEN-T8-N60-R03,plain,5,item-008,77,0,0,13,46,93
MPV-GEN-T8-N60-R03,plain,5,item-039,0,80,0,91,19,26
MPV-GEN-T8-N60-R03,plain,5,item-045,90,0,0,8,65,75
MPV-GEN-T8-N60-R03,plain,5,item-049,0,80,26,68,8,45
MPV-GEN-T8-N60-R03,plain,6,item-013,0,0,0,56,74,100
MPV-GEN-T8-N60-R03,plain,6,item-009,56,0,0,37,97,62
MPV-GEN-T8-N60-R03,plain,6,item-043,56,0,62,37,37,28
MPV-GEN-T8-N60-R03,plain,6,item-044,0,74,0,49,24,39
MPV-GEN-T8-N60-R03,plain,6,item-056,93,0,0,6,64,86
MPV-GEN-T8-N60-R03,plain,7,item-046,0,0,0,82,88,38
MPV-GEN-T8-N60-R03,plain,7,item-041,0,0,38,73,68,32
MPV-GEN-T8-N60-R03,plain,7,item-020,0,68,38,66,32,52
MPV-GEN-T8-N60-R03,plain,8,item-054,0,0,0,70,93,35
MPV-GEN-T8-N60-R03,plain,8,item-021,0,0,35,51,88,35
MPV-GEN-T8-N60-R03,plain,8,item-015,51,0,35,39,59,55
MPV-GEN-T8-N60-R03,plain,9,item-025,0,0,0,58,57,93
MPV-GEN-T8-N60-R03,plain,9,item-031,58,0,0,39,54,67
MPV-GEN-T8-N60-R03,plain,9,item-055,0,57,0,60,34,93
MPV-GEN-T8-N60-R03,plain,9,item-018,60,54,0,40,34,98
MPV-GEN-T8-N60-R03,plain,10,item-047,0,0,0,96,66,34
MPV-GEN-T8-N60-R03,plain,10,item-029,0,0,34,58,52,61
MPV-GEN-T8-N60-R03,plain,10,item-011,0,66,0,61,33,33
MPV-GEN-T8-N60-R03,plain,10,item-016,0,66,33,61,32,37
MPV-GEN-T8-N60-R03,plain,10,item-023,58,0,34,42,50,44
MPV-GEN-T8-N60-R03,plain,11,item-048,0,0,0,87,44,40
MPV-GEN-T8-N60-R03,plain,11,item-028,0,44,0,55,48,54
MPV-GEN-T8-N60-R03,plain,11,item-059,55,44,0,43,44,69
MPV-GEN-T8-N60-R04,plain,0,item-040,0,0,0,100,99,98
MPV-GEN-T8-N60-R04,plain,0,item-039,0,0,98,95,37,2
MPV-GEN-T8-N60-R04,plain,1,item-055,0,0,0,85,77,85
MPV-GEN-T8-N60-R04,plain,1,item-017,0,0,85,42,73,7
MPV-GEN-T8-N60-R04,plain,1,item-034,0,77,0,67,18,68
MPV-GEN-T8-N60-R04,plain,1,item-018,42,0,85,31,35,13
MPV-GEN-T8-N60-R04,plain,1,item-000,0,77,68,59,13,11
MPV-GEN-T8-N60-R04,plain,1,item-025,0,0,92,14,71,6
MPV-GEN-T8-N60-R04,plain,1,item-002,42,35,85,10,31,15
MPV-GEN-T8-N60-R04,plain,1,item-042,85,0,0,14,85,83
MPV-GEN-T8-N60-R04,plain,1,item-057,67,85,0,20,15,77
MPV-GEN-T8-N60-R04,plain,1,item-010,0,95,0,16,3,100
MPV-GEN-T8-N60-R04,plain,1,item-016,59,77,68,4,8,31
MPV-GEN-T8-N60-R04,plain,1,item-046,99,0,0,1,77,37
MPV-GEN-T8-N60-R04,plain,1,item-001,16,95,0,2,5,75
MPV-GEN-T8-N60-R04,plain,1,item-027,73,0,85,23,93,13
MPV-GEN-T8-N60-R04,plain,2,item-022,0,0,0,68,94,75
MPV-GEN-T8-N60-R04,plain,2,item-006,68,0,0,29,90,87
MPV-GEN-T8-N60-R04,plain,2,item-015,0,0,75,63,66,19
MPV-GEN-T8-N60-R04,plain,2,item-007,0,94,0,86,6,82
MPV-GEN-T8-N60-R04,plain,2,item-020,0,66,75,65,28,23
MPV-GEN-T8-N60-R04,plain,2,item-053,97,0,0,3,53,86
MPV-GEN-T8-N60-R04,plain,2,item-059,65,0,87,23,58,10
MPV-GEN-T8-N60-R04,plain,3,item-044,0,0,0,92,52,66
MPV-GEN-T8-N60-R04,plain,3,item-035,0,52,0,78,39,92
MPV-GEN-T8-N60-R04,plain,3,item-005,78,52,0,15,36,82
MPV-GEN-T8-N60-R04,plain,3,item-009,0,0,66,29,20,26
MPV-GEN-T8-N60-R04,plain,3,item-049,92,0,0,5,47,66
MPV-GEN-T8-N60-R04,plain,3,item-023,93,47,0,3,52,60
MPV-GEN-T8-N60-R04,plain,4,item-048,0,0,0,85,64,58
MPV-GEN-T8-N60-R04,plain,4,item-019,0,64,0,53,26,88
MPV-GEN-T8-N60-R04,plain,4,item-026,0,0,58,38,31,42
MPV-GEN-T8-N60-R04,plain,4,item-030,53,64,0,30,34,77
MPV-GEN-T8-N60-R04,plain,4,item-008,53,0,77,35,94,15
MPV-GEN-T8-N60-R04,plain,4,item-052,0,31,58,20,27,38
MPV-GEN-T8-N60-R04,plain,4,item-028,20,31,58,13,33,41
MPV-GEN-T8-N60-R04,plain,4,item-041,85,0,0,13,51,61
MPV-GEN-T8-N60-R04,plain,5,item-036,0,0,0,88,51,55
MPV-GEN-T8-N60-R04,plain,5,item-004,0,51,0,28,45,79
MPV-GEN-T8-N60-R04,plain,5,item-011,28,51,0,37,47,49
MPV-GEN-T8-N60-R04,plain,5,item-014,0,0,55,31,46,43
MPV-GEN-T8-N60-R04,plain,5,item-021,28,51,49,31,31,51
MPV-GEN-T8-N60-R04,plain,5,item-033,31,0,55,21,42,42
MPV-GEN-T8-N60-R04,plain,5,item-051,65,51,0,17,38,52
MPV-GEN-T8-N60-R04,plain,5,item-050,82,51,0,16,13,90
MPV-GEN-T8-N60-R04,plain,6,item-045,0,0,0,53,63,84
MPV-GEN-T8-N60-R04,plain,6,item-003,53,0,0,37,89,48
MPV-GEN-T8-N60-R04,plain,6,item-054,53,0,48,29,73,46
MPV-GEN-T8-N60-R04,plain,6,item-012,0,63,0,48,22,65
MPV-GEN-T8-N60-R04,plain,6,item-047,0,85,0,52,13,58
MPV-GEN-T8-N60-R04,plain,7,item-029,0,0,0,42,70,78
MPV-GEN-T8-N60-R04,plain,7,item-024,42,0,0,31,68,92
MPV-GEN-T8-N60-R04,plain,7,item-013,73,0,0,17,60,85
MPV-GEN-T8-N60-R04,plain,7,item-056,0,70,0,45,12,57
MPV-GEN-T8-N60-R04,plain,8,item-031,0,0,0,36,57,84
MPV-GEN-T8-N60-R04,plain,8,item-037,36,0,0,53,88,26
MPV-GEN-T8-N60-R04,plain,8,item-058,0,0,84,79,98,9
MPV-GEN-T8-N60-R04,plain,9,item-032,0,0,0,98,80,19
MPV-GEN-T8-N60-R04,plain,9,item-038,0,0,19,18,63,75
MPV-GEN-T8-N60-R04,plain,10,item-043,0,0,0,18,51,92
MPV-GEN-T8-N60-R05,plain,0,item-026,0,0,0,96,99,49
MPV-GEN-T8-N60-R05,plain,0,item-007,0,0,49,91,89,19
MPV-GEN-T8-N60-R05,plain,0,item-002,0,0,68,53,88,22
MPV-GEN-T8-N60-R05,plain,0,item-051,53,0,68,34,65,29
MPV-GEN-T8-N60-R05,plain,0,item-018,53,65,68,21,35,27
MPV-GEN-T8-N60-R05,plain,0,item-019,0,0,90,42,69,4
MPV-GEN-T8-N60-R05,plain,0,item-055,74,65,68,9,19,26
MPV-GEN-T8-N60-R05,plain,0,item-023,74,84,68,15,3,29
MPV-GEN-T8-N60-R05,plain,0,item-030,0,89,49,28,7,47
MPV-GEN-T8-N60-R05,plain,0,item-039,0,96,49,48,4,27
MPV-GEN-T8-N60-R05,plain,1,item-044,0,0,0,86,81,92
MPV-GEN-T8-N60-R05,plain,1,item-005,86,0,0,11,99,82
MPV-GEN-T8-N60-R05,plain,1,item-034,0,81,0,66,14,91
MPV-GEN-T8-N60-R05,plain,1,item-054,0,0,92,39,54,8
MPV-GEN-T8-N60-R05,plain,2,item-048,0,0,0,84,85,77
MPV-GEN-T8-N60-R05,plain,2,item-045,0,85,0,97,10,92
MPV-GEN-T8-N60-R05,plain,2,item-011,84,0,0,14,62,66
MPV-GEN-T8-N60-R05,plain,2,item-032,0,0,77,77,48,14
MPV-GEN-T8-N60-R05,plain,2,item-038,0,48,77,76,32,18
MPV-GEN-T8-N60-R05,plain,3,item-014,0,0,0,89,71,66
MPV-GEN-T8-N60-R05,plain,3,item-022,0,0,66,67,51,26
MPV-GEN-T8-N60-R05,plain,3,item-015,0,71,0,88,24,84
MPV-GEN-T8-N60-R05,plain,3,item-000,67,0,66,29,66,34
MPV-GEN-T8-N60-R05,plain,3,item-008,89,0,0,10,91,38
MPV-GEN-T8-N60-R05,plain,3,item-037,0,66,84,78,7,10
MPV-GEN-T8-N60-R05,plain,4,item-036,0,0,0,58,88,89
MPV-GEN-T8-N60-R05,plain,4,item-010,58,0,0,42,60,67
MPV-GEN-T8-N60-R05,plain,4,item-035,0,88,0,91,10,81
MPV-GEN-T8-N60-R05,plain,4,item-052,58,60,0,22,24,56
MPV-GEN-T8-N60-R05,plain,5,item-028,0,0,0,72,69,79
MPV-GEN-T8-N60-R05,plain,5,item-027,72,0,0,20,79,89
MPV-GEN-T8-N60-R05,plain,5,item-020,0,69,0,63,25,45
MPV-GEN-T8-N60-R05,plain,5,item-013,0,0,79,29,99,21
MPV-GEN-T8-N60-R05,plain,6,item-021,0,0,0,60,73,68
MPV-GEN-T8-N60-R05,plain,6,item-050,60,0,0,30,46,60
MPV-GEN-T8-N60-R05,plain,6,item-056,0,73,0,83,13,75
MPV-GEN-T8-N60-R05,plain,6,item-001,0,86,0,66,12,80
MPV-GEN-T8-N60-R05,plain,6,item-016,0,0,68,94,33,26
MPV-GEN-T8-N60-R05,plain,6,item-017,0,33,68,82,36,24
MPV-GEN-T8-N60-R05,plain,7,item-024,0,0,0,58,73,74
MPV-GEN-T8-N60-R05,plain,7,item-004,0,73,0,87,9,89
MPV-GEN-T8-N60-R05,plain,7,item-031,0,82,0,84,7,100
MPV-GEN-T8-N60-R05,plain,7,item-042,58,0,0,20,29,97
MPV-GEN-T8-N60-R05,plain,7,item-053,0,89,0,79,7,99
MPV-GEN-T8-N60-R05,plain,7,item-025,0,29,74,71,34,18
MPV-GEN-T8-N60-R05,plain,7,item-029,58,29,0,27,37,42
MPV-GEN-T8-N60-R05,plain,7,item-040,78,0,42,18,48,44
MPV-GEN-T8-N60-R05,plain,8,item-003,0,0,0,45,87,53
MPV-GEN-T8-N60-R05,plain,8,item-059,45,0,0,52,73,98
MPV-GEN-T8-N60-R05,plain,8,item-033,0,87,0,65,8,99
MPV-GEN-T8-N60-R05,plain,9,item-047,0,0,0,57,59,83
MPV-GEN-T8-N60-R05,plain,9,item-049,0,59,0,93,33,38
MPV-GEN-T8-N60-R05,plain,9,item-041,0,59,38,54,33,37
MPV-GEN-T8-N60-R05,plain,10,item-006,0,0,0,48,50,85
MPV-GEN-T8-N60-R05,plain,10,item-043,48,0,0,50,66,57
MPV-GEN-T8-N60-R05,plain,10,item-009,0,50,57,74,42,39
MPV-GEN-T8-N60-R05,plain,11,item-012,0,0,0,79,62,40
MPV-GEN-T8-N60-R05,plain,11,item-057,0,62,0,72,37,62
MPV-GEN-T8-N60-R05,plain,11,item-046,0,0,62,71,65,35
MPV-GEN-T8-N60-R05,plain,12,item-058,0,0,0,74,39,48
MPV-GEN-T8-N60-R06,plain,0,item-014,0,0,0,100,95,40
MPV-GEN-T8-N60-R06,plain,0,item-004,0,0,40,97,74,52
MPV-GEN-T8-N60-R06,plain,0,item-033,0,0,92,62,27,7
MPV-GEN-T8-N60-R06,plain,0,item-000,0,74,40,100,18,4
MPV-GEN-T8-N60-R06,plain,0,item-001,0,74,44,79,18,36
MPV-GEN-T8-N60-R06,plain,0,item-009,0,27,92,66,17,3
MPV-GEN-T8-N60-R06,plain,0,item-016,0,74,80,37,9,20
MPV-GEN-T8-N60-R06,plain,0,item-020,37,74,80,62,21,16
MPV-GEN-T8-N60-R06,plain,0,item-023,0,95,0,76,5,45
MPV-GEN-T8-N60-R06,plain,0,item-032,66,0,92,7,65,8
MPV-GEN-T8-N60-R06,plain,0,item-034,79,74,44,12,11,13
MPV-GEN-T8-N60-R06,plain,0,item-045,0,0,99,42,8,1
MPV-GEN-T8-N60-R06,plain,1,item-011,0,0,0,90,76,82
MPV-GEN-T8-N60-R06,plain,1,item-055,0,0,82,82,62,18
MPV-GEN-T8-N60-R06,plain,1,item-052,0,76,0,73,20,75
MPV-GEN-T8-N60-R06,plain,1,item-027,73,76,0,16,14,66
MPV-GEN-T8-N60-R06,plain,1,item-003,90,0,0,2,86,57
MPV-GEN-T8-N60-R06,plain,1,item-036,0,76,75,77,24,24
MPV-GEN-T8-N60-R06,plain,2,item-007,0,0,0,95,71,55
MPV-GEN-T8-N60-R06,plain,2,item-059,0,0,55,80,87,39
MPV-GEN-T8-N60-R06,plain,2,item-037,0,71,0,54,25,47
MPV-GEN-T8-N60-R06,plain,2,item-058,80,71,0,20,27,86
MPV-GEN-T8-N60-R06,plain,2,item-005,0,87,47,56,13,31
MPV-GEN-T8-N60-R06,plain,3,item-030,0,0,0,79,79,66
MPV-GEN-T8-N60-R06,plain,3,item-002,0,0,66,47,96,28
MPV-GEN-T8-N60-R06,plain,3,item-010,79,0,0,17,68,81
MPV-GEN-T8-N60-R06,plain,3,item-025,47,0,66,27,96,31
MPV-GEN-T8-N60-R06,plain,3,item-026,0,79,0,55,20,55
MPV-GEN-T8-N60-R06,plain,3,item-028,55,79,0,30,6,66
MPV-GEN-T8-N60-R06,plain,4,item-049,0,0,0,82,72,59
MPV-GEN-T8-N60-R06,plain,4,item-021,0,0,59,40,68,32
MPV-GEN-T8-N60-R06,plain,4,item-035,0,72,0,51,28,69
MPV-GEN-T8-N60-R06,plain,4,item-046,40,0,59,42,54,34
MPV-GEN-T8-N60-R06,plain,4,item-015,82,0,0,12,83,48
MPV-GEN-T8-N60-R06,plain,4,item-042,51,72,0,27,26,12
MPV-GEN-T8-N60-R06,plain,4,item-043,0,68,69,83,28,21
MPV-GEN-T8-N60-R06,plain,5,item-019,0,0,0,82,59,69
MPV-GEN-T8-N60-R06,plain,5,item-013,0,59,0,90,37,58
MPV-GEN-T8-N60-R06,plain,5,item-012,0,0,69,61,55,14
MPV-GEN-T8-N60-R06,plain,5,item-047,82,0,0,13,54,59
MPV-GEN-T8-N60-R06,plain,5,item-041,0,0,83,94,64,14
MPV-GEN-T8-N60-R06,plain,5,item-044,0,59,58,81,9,19
MPV-GEN-T8-N60-R06,plain,5,item-054,0,64,77,98,34,19
MPV-GEN-T8-N60-R06,plain,6,item-022,0,0,0,65,59,76
MPV-GEN-T8-N60-R06,plain,6,item-038,65,0,0,35,100,60
MPV-GEN-T8-N60-R06,plain,6,item-050,0,59,0,45,30,83
MPV-GEN-T8-N60-R06,plain,6,item-018,45,59,0,12,36,94
MPV-GEN-T8-N60-R06,plain,7,item-051,0,0,0,50,91,57
MPV-GEN-T8-N60-R06,plain,7,item-017,50,0,0,23,98,92
MPV-GEN-T8-N60-R06,plain,7,item-057,73,0,0,25,60,46
MPV-GEN-T8-N60-R06,plain,8,item-056,0,0,0,74,61,46
MPV-GEN-T8-N60-R06,plain,8,item-008,0,61,0,32,39,60
MPV-GEN-T8-N60-R06,plain,8,item-006,32,61,0,66,11,84
MPV-GEN-T8-N60-R06,plain,8,item-039,0,0,46,52,22,51
MPV-GEN-T8-N60-R06,plain,8,item-053,32,72,0,56,14,59
MPV-GEN-T8-N60-R06,plain,9,item-029,0,0,0,63,55,59
MPV-GEN-T8-N60-R06,plain,9,item-024,63,0,0,32,77,57
MPV-GEN-T8-N60-R06,plain,9,item-040,0,55,0,37,44,91
MPV-GEN-T8-N60-R06,plain,10,item-031,0,0,0,33,58,65
MPV-GEN-T8-N60-R06,plain,10,item-048,33,0,0,34,53,95
MPV-GEN-T8-N60-R07,plain,0,item-027,0,0,0,65,100,94
MPV-GEN-T8-N60-R07,plain,0,item-016,65,0,0,27,86,15
MPV-GEN-T8-N60-R07,plain,0,item-019,65,0,15,23,50,85
MPV-GEN-T8-N60-R07,plain,0,item-033,92,0,0,6,93,64
MPV-GEN-T8-N60-R07,plain,0,item-009,65,50,15,11,39,68
MPV-GEN-T8-N60-R07,plain,0,item-050,0,0,94,59,63,5
MPV-GEN-T8-N60-R07,plain,0,item-014,76,50,15,10,20,63
MPV-GEN-T8-N60-R07,plain,0,item-003,88,0,64,10,84,14
MPV-GEN-T8-N60-R07,plain,0,item-013,88,0,15,2,76,42
MPV-GEN-T8-N60-R07,plain,0,item-038,0,63,94,41,17,3
MPV-GEN-T8-N60-R07,plain,0,item-018,65,50,83,2,36,8
MPV-GEN-T8-N60-R07,plain,0,item-056,76,70,15,12,10,64
MPV-GEN-T8-N60-R07,plain,0,item-026,67,50,83,13,40,14
MPV-GEN-T8-N60-R07,plain,0,item-032,0,63,97,86,33,3
MPV-GEN-T8-N60-R07,plain,0,item-058,76,80,15,15,16,25
MPV-GEN-T8-N60-R07,plain,1,item-006,0,0,0,85,71,82
MPV-GEN-T8-N60-R07,plain,1,item-005,0,71,0,52,28,31
MPV-GEN-T8-N60-R07,plain,1,item-001,0,71,31,43,25,41
MPV-GEN-T8-N60-R07,plain,1,item-053,52,71,0,32,20,72
MPV-GEN-T8-N60-R07,plain,1,item-017,85,0,0,11,61,61
MPV-GEN-T8-N60-R07,plain,1,item-000,0,71,72,70,19,27
MPV-GEN-T8-N60-R07,plain,1,item-023,0,0,82,36,56,14
MPV-GEN-T8-N60-R07,plain,1,item-034,85,0,61,11,55,36
MPV-GEN-T8-N60-R07,plain,1,item-036,52,91,0,47,9,58
MPV-GEN-T8-N60-R07,plain,1,item-045,0,56,82,38,7,9
MPV-GEN-T8-N60-R07,plain,2,item-052,0,0,0,75,69,93
MPV-GEN-T8-N60-R07,plain,2,item-057,0,69,0,77,30,83
MPV-GEN-T8-N60-R07,plain,2,item-047,77,0,0,18,100,84
MPV-GEN-T8-N60-R07,plain,2,item-028,0,0,93,41,90,4
MPV-GEN-T8-N60-R07,plain,3,item-031,0,0,0,81,60,81
MPV-GEN-T8-N60-R07,plain,3,item-004,0,60,0,56,38,62
MPV-GEN-T8-N60-R07,plain,3,item-015,0,0,81,37,89,13
MPV-GEN-T8-N60-R07,plain,3,item-040,81,0,0,7,93,37
MPV-GEN-T8-N60-R07,plain,3,item-048,37,0,81,33,74,14
MPV-GEN-T8-N60-R07,plain,3,item-055,81,0,37,6,52,59
MPV-GEN-T8-N60-R07,plain,3,item-002,0,89,62,90,5,35
MPV-GEN-T8-N60-R07,plain,3,item-025,56,60,37,32,11,43
MPV-GEN-T8-N60-R07,plain,3,item-059,88,0,0,9,54,27
MPV-GEN-T8-N60-R07,plain,4,item-051,0,0,0,67,70,86
MPV-GEN-T8-N60-R07,plain,4,item-024,0,70,0,59,30,87
MPV-GEN-T8-N60-R07,plain,4,item-042,67,0,0,33,70,26
MPV-GEN-T8-N60-R07,plain,5,item-012,0,0,0,92,47,89
MPV-GEN-T8-N60-R07,plain,5,item-030,0,47,0,77,52,84
MPV-GEN-T8-N60-R07,plain,6,item-035,0,0,0,64,99,58
MPV-GEN-T8-N60-R07,plain,6,item-039,0,0,58,57,89,28
MPV-GEN-T8-N60-R07,plain,6,item-041,64,0,0,35,46,42
MPV-GEN-T8-N60-R07,plain,7,item-022,0,0,0,64,68,79
MPV-GEN-T8-N60-R07,plain,7,item-049,0,68,0,70,10,79
MPV-GEN-T8-N60-R07,plain,7,item-007,0,78,0,100,6,92
MPV-GEN-T8-N60-R07,plain,7,item-021,0,84,0,69,10,49
MPV-GEN-T8-N60-R07,plain,8,item-010,0,0,0,43,77,96
MPV-GEN-T8-N60-R07,plain,8,item-008,43,0,0,55,36,83
MPV-GEN-T8-N60-R07,plain,8,item-054,43,36,0,56,63,29
MPV-GEN-T8-N60-R07,plain,8,item-020,0,77,29,60,18,38
MPV-GEN-T8-N60-R07,plain,8,item-029,43,36,29,48,22,23
MPV-GEN-T8-N60-R07,plain,9,item-044,0,0,0,75,86,45
MPV-GEN-T8-N60-R07,plain,9,item-043,0,0,45,63,43,38
MPV-GEN-T8-N60-R07,plain,9,item-046,0,43,45,60,42,32
MPV-GEN-T8-N60-R07,plain,10,item-037,0,0,0,79,44,83
MPV-GEN-T8-N60-R07,plain,10,item-011,0,44,0,67,43,99
MPV-GEN-T8-N60-R08,plain,0,item-038,0,0,0,100,85,45
MPV-GEN-T8-N60-R08,plain,0,item-002,0,0,45,84,61,41
MPV-GEN-T8-N60-R08,plain,0,item-031,0,85,0,78,11,98
MPV-GEN-T8-N60-R08,plain,0,item-047,0,0,86,74,47,8
MPV-GEN-T8-N60-R08,plain,0,item-004,84,0,45,14,51,25
MPV-GEN-T8-N60-R08,plain,0,item-026,0,61,45,72,9,20
MPV-GEN-T8-N60-R08,plain,0,item-044,78,85,0,18,14,72
MPV-GEN-T8-N60-R08,plain,0,item-056,0,70,45,51,10,35
MPV-GEN-T8-N60-R08,plain,0,item-030,0,0,94,76,72,3
MPV-GEN-T8-N60-R08,plain,0,item-043,0,0,97,96,57,2
MPV-GEN-T8-N60-R08,plain,0,item-007,96,0,70,4,88,28
MPV-GEN-T8-N60-R08,plain,0,item-045,0,80,45,83,5,18
MPV-GEN-T8-N60-R08,plain,0,item-008,0,47,86,29,32,5
MPV-GEN-T8-N60-R08,plain,0,item-039,51,72,45,9,7,52
MPV-GEN-T8-N60-R08,plain,0,item-019,78,0,86,11,92,2
MPV-GEN-T8-N60-R08,plain,0,item-033,89,0,70,3,12,20
MPV-GEN-T8-N60-R08,plain,1,item-025,0,0,0,88,73,56
MPV-GEN-T8-N60-R08,plain,1,item-016,0,0,56,70,62,9
MPV-GEN-T8-N60-R08,plain,1,item-003,0,0,65,67,31,18
MPV-GEN-T8-N60-R08,plain,1,item-028,0,73,0,99,27,91
MPV-GEN-T8-N60-R08,plain,1,item-005,0,31,65,97,42,32
MPV-GEN-T8-N60-R08,plain,1,item-058,88,0,0,9,56,63
MPV-GEN-T8-N60-R08,plain,1,item-009,97,0,0,3,62,80
MPV-GEN-T8-N60-R08,plain,1,item-020,0,73,91,59,14,9
MPV-GEN-T8-N60-R08,plain,2,item-035,0,0,0,76,69,94
MPV-GEN-T8-N60-R08,plain,2,item-014,76,0,0,21,96,85
MPV-GEN-T8-N60-R08,plain,2,item-001,0,69,0,56,31,45
MPV-GEN-T8-N60-R08,plain,2,item-046,0,69,45,31,31,31
MPV-GEN-T8-N60-R08,plain,2,item-053,56,69,0,9,27,84
MPV-GEN-T8-N60-R08,plain,2,item-006,97,0,0,3,32,81
MPV-GEN-T8-N60-R08,plain,3,item-032,0,0,0,64,50,97
MPV-GEN-T8-N60-R08,plain,3,item-015,0,50,0,61,48,77
MPV-GEN-T8-N60-R08,plain,3,item-055,64,0,0,31,95,51
MPV-GEN-T8-N60-R08,plain,3,item-018,0,50,77,41,37,23
MPV-GEN-T8-N60-R08,plain,3,item-048,64,0,51,31,94,32
MPV-GEN-T8-N60-R08,plain,4,item-023,0,0,0,97,58,30
MPV-GEN-T8-N60-R08,plain,4,item-057,0,0,30,82,53,67
MPV-GEN-T8-N60-R08,plain,4,item-027,0,58,0,61,35,71
MPV-GEN-T8-N60-R08,plain,4,item-024,61,58,0,33,34,70
MPV-GEN-T8-N60-R08,plain,4,item-034,82,0,30,9,52,58
MPV-GEN-T8-N60-R08,plain,4,item-041,0,53,71,75,29,19
MPV-GEN-T8-N60-R08,plain,4,item-049,91,0,30,7,49,52
MPV-GEN-T8-N60-R08,plain,5,item-037,0,0,0,55,62,68
MPV-GEN-T8-N60-R08,plain,5,item-000,55,0,0,41,71,49
MPV-GEN-T8-N60-R08,plain,5,item-042,55,0,49,40,67,41
MPV-GEN-T8-N60-R08,plain,5,item-013,0,71,0,63,14,79
MPV-GEN-T8-N60-R08,plain,5,item-010,0,0,90,70,85,10
MPV-GEN-T8-N60-R08,plain,5,item-011,0,0,68,43,57,15
MPV-GEN-T8-N60-R08,plain,6,item-021,0,0,0,49,53,65
MPV-GEN-T8-N60-R08,plain,6,item-059,49,0,0,37,68,68
MPV-GEN-T8-N60-R08,plain,6,item-022,0,0,68,62,76,29
MPV-GEN-T8-N60-R08,plain,6,item-029,0,53,0,32,40,40
MPV-GEN-T8-N60-R08,plain,7,item-012,0,0,0,22,88,63
MPV-GEN-T8-N60-R08,plain,7,item-017,22,0,0,52,75,29
MPV-GEN-T8-N60-R08,plain,7,item-036,22,0,29,66,45,41
MPV-GEN-T8-N60-R08,plain,7,item-040,74,45,0,26,41,36
MPV-GEN-T8-N60-R08,plain,7,item-050,0,0,70,74,47,28
MPV-GEN-T8-N60-R08,plain,8,item-051,0,0,0,83,96,14
MPV-GEN-T8-N60-R08,plain,8,item-052,0,0,14,26,65,64
MPV-GEN-T8-N60-R08,plain,8,item-054,83,0,0,15,43,92
MPV-GEN-T8-N60-R09,plain,0,item-040,0,0,0,96,90,82
MPV-GEN-T8-N60-R09,plain,0,item-015,0,90,0,86,6,42
MPV-GEN-T8-N60-R09,plain,0,item-016,0,0,82,12,87,4
MPV-GEN-T8-N60-R09,plain,0,item-037,12,0,82,32,29,4
MPV-GEN-T8-N60-R09,plain,0,item-054,0,0,86,25,24,2
MPV-GEN-T8-N60-R09,plain,0,item-029,0,0,88,17,7,4
MPV-GEN-T8-N60-R09,plain,0,item-045,0,90,42,27,4,26
MPV-GEN-T8-N60-R09,plain,0,item-046,96,0,0,1,19,29
MPV-GEN-T8-N60-R09,plain,0,item-058,0,24,86,4,45,2
MPV-GEN-T8-N60-R09,plain,1,item-009,0,0,0,96,84,45
MPV-GEN-T8-N60-R09,plain,1,item-056,0,0,45,89,59,53
MPV-GEN-T8-N60-R09,plain,1,item-017,0,59,45,92,38,46
MPV-GEN-T8-N60-R09,plain,1,item-004,0,84,0,25,15,35
MPV-GEN-T8-N60-R09,plain,2,item-010,0,0,0,96,94,25
MPV-GEN-T8-N60-R09,plain,2,item-059,0,0,25,66,83,56
MPV-GEN-T8-N60-R09,plain,2,item-002,66,0,25,27,70,48
MPV-GEN-T8-N60-R09,plain,2,item-043,66,70,25,28,20,67
MPV-GEN-T8-N60-R09,plain,2,item-005,0,94,0,41,5,80
MPV-GEN-T8-N60-R09,plain,2,item-026,66,0,73,30,29,27
MPV-GEN-T8-N60-R09,plain,3,item-034,0,0,0,56,96,81
MPV-GEN-T8-N60-R09,plain,3,item-035,56,0,0,37,88,83
MPV-GEN-T8-N60-R09,plain,4,item-019,0,0,0,52,83,66
MPV-GEN-T8-N60-R09,plain,4,item-008,0,0,66,52,81,28
MPV-GEN-T8-N60-R09,plain,4,item-036,52,0,0,36,82,75
MPV-GEN-T8-N60-R09,plain,4,item-032,52,82,0,43,18,92
MPV-GEN-T8-N60-R09,plain,4,item-023,88,0,0,9,61,47
MPV-GEN-T8-N60-R09,plain,4,item-031,0,83,0,26,13,62
MPV-GEN-T8-N60-R09,plain,5,item-033,0,0,0,99,78,29
MPV-GEN-T8-N60-R09,plain,5,item-013,0,0,29,75,53,63
MPV-GEN-T8-N60-R09,plain,5,item-050,0,53,29,88,32,50
MPV-GEN-T8-N60-R09,plain,5,item-020,0,85,0,57,11,79
MPV-GEN-T8-N60-R09,plain,5,item-030,0,53,79,74,45,21
MPV-GEN-T8-N60-R09,plain,6,item-021,0,0,0,78,95,30
MPV-GEN-T8-N60-R09,plain,6,item-012,0,0,30,53,80,38
MPV-GEN-T8-N60-R09,plain,6,item-006,78,0,0,22,44,79
MPV-GEN-T8-N60-R09,plain,6,item-011,0,0,68,20,72,32
MPV-GEN-T8-N60-R09,plain,6,item-039,20,0,68,14,74,29
MPV-GEN-T8-N60-R09,plain,6,item-041,53,0,30,16,59,47
MPV-GEN-T8-N60-R09,plain,6,item-044,78,44,0,12,43,98
MPV-GEN-T8-N60-R09,plain,7,item-038,0,0,0,58,54,88
MPV-GEN-T8-N60-R09,plain,7,item-049,0,54,0,95,35,72
MPV-GEN-T8-N60-R09,plain,7,item-003,0,54,72,75,29,23
MPV-GEN-T8-N60-R09,plain,7,item-018,58,0,0,31,37,37
MPV-GEN-T8-N60-R09,plain,7,item-014,58,0,37,31,21,60
MPV-GEN-T8-N60-R09,plain,7,item-028,0,89,0,58,11,77
MPV-GEN-T8-N60-R09,plain,7,item-000,89,0,0,11,24,72
MPV-GEN-T8-N60-R09,plain,8,item-042,0,0,0,46,63,55
MPV-GEN-T8-N60-R09,plain,8,item-051,0,63,0,100,23,91
MPV-GEN-T8-N60-R09,plain,8,item-052,46,0,0,28,62,82
MPV-GEN-T8-N60-R09,plain,9,item-001,0,0,0,68,38,50
MPV-GEN-T8-N60-R09,plain,9,item-053,0,38,0,85,33,45
MPV-GEN-T8-N60-R09,plain,9,item-007,0,71,0,61,23,65
MPV-GEN-T8-N60-R09,plain,9,item-022,0,0,50,61,33,32
MPV-GEN-T8-N60-R09,plain,9,item-027,0,38,45,58,21,47
MPV-GEN-T8-N60-R09,plain,9,item-047,0,59,65,79,41,33
MPV-GEN-T8-N60-R09,plain,10,item-057,0,0,0,34,75,52
MPV-GEN-T8-N60-R09,plain,10,item-024,34,0,0,60,39,52
MPV-GEN-T8-N60-R09,plain,10,item-055,34,39,0,55,37,92
MPV-GEN-T8-N60-R09,plain,11,item-025,0,0,0,45,36,68
MPV-GEN-T8-N60-R09,plain,11,item-048,0,36,0,30,63,51
MPV-GEN-T8-N60-R10,plain,0,item-011,0,0,0,96,86,96
MPV-GEN-T8-N60-R10,plain,0,item-006,0,86,0,92,5,30
MPV-GEN-T8-N60-R10,plain,0,item-007,0,86,30,65,5,53
MPV-GEN-T8-N60-R10,plain,0,item-042,0,91,0,53,8,70
MPV-GEN-T8-N60-R10,plain,0,item-009,53,91,0,40,7,57
MPV-GEN-T8-N60-R10,plain,0,item-016,96,0,0,3,63,98
MPV-GEN-T8-N60-R10,plain,0,item-052,0,0,96,79,58,1
MPV-GEN-T8-N60-R10,plain,0,item-020,0,0,97,56,7,2
MPV-GEN-T8-N60-R10,plain,0,item-025,99,0,0,1,98,81
MPV-GEN-T8-N60-R10,plain,0,item-034,0,7,97,54,93,3
MPV-GEN-T8-N60-R10,plain,0,item-046,53,91,57,20,8,28
MPV-GEN-T8-N60-R10,plain,0,item-015,54,86,85,10,13,6
MPV-GEN-T8-N60-R10,plain,0,item-029,96,63,0,1,25,21
MPV-GEN-T8-N60-R10,plain,0,item-051,0,91,70,16,1,19
MPV-GEN-T8-N60-R10,plain,1,item-026,0,0,0,89,98,85
MPV-GEN-T8-N60-R10,plain,1,item-036,0,0,85,55,66,10
MPV-GEN-T8-N60-R10,plain,1,item-012,0,66,85,83,21,12
MPV-GEN-T8-N60-R10,plain,1,item-023,0,87,85,70,11,15
MPV-GEN-T8-N60-R10,plain,1,item-043,89,0,0,9,34,83
MPV-GEN-T8-N60-R10,plain,1,item-050,89,34,0,3,64,73
MPV-GEN-T8-N60-R10,plain,1,item-045,0,98,0,72,2,35
MPV-GEN-T8-N60-R10,plain,2,item-004,0,0,0,83,80,98
MPV-GEN-T8-N60-R10,plain,2,item-030,0,80,0,73,17,92
MPV-GEN-T8-N60-R10,plain,2,item-028,83,0,0,16,48,16
MPV-GEN-T8-N60-R10,plain,2,item-040,83,0,16,15,38,29
MPV-GEN-T8-N60-R10,plain,2,item-044,83,0,45,7,71,25
MPV-GEN-T8-N60-R10,plain,3,item-019,0,0,0,92,73,83
MPV-GEN-T8-N60-R10,plain,3,item-005,0,73,0,38,19,81
MPV-GEN-T8-N60-R10,plain,3,item-002,38,73,0,21,26,54
MPV-GEN-T8-N60-R10,plain,3,item-017,0,0,83,33,100,14
MPV-GEN-T8-N60-R10,plain,3,item-047,33,0,83,35,88,9
MPV-GEN-T8-N60-R10,plain,3,item-056,0,92,54,80,7,24
MPV-GEN-T8-N60-R10,plain,4,item-057,0,0,0,87,98,36
MPV-GEN-T8-N60-R10,plain,4,item-000,0,0,36,82,76,42
MPV-GEN-T8-N60-R10,plain,4,item-038,0,76,36,65,22,30
MPV-GEN-T8-N60-R10,plain,4,item-039,82,0,36,18,92,53
MPV-GEN-T8-N60-R10,plain,5,item-049,0,0,0,84,74,93
MPV-GEN-T8-N60-R10,plain,6,item-031,0,0,0,75,64,79
MPV-GEN-T8-N60-R10,plain,6,item-003,0,64,0,84,28,27
MPV-GEN-T8-N60-R10,plain,6,item-018,75,0,0,22,38,52
MPV-GEN-T8-N60-R10,plain,7,item-033,0,0,0,44,97,85
MPV-GEN-T8-N60-R10,plain,7,item-013,44,0,0,36,91,100
MPV-GEN-T8-N60-R10,plain,8,item-054,0,0,0,84,52,65
MPV-GEN-T8-N60-R10,plain,8,item-022,0,52,0,59,41,82
MPV-GEN-T8-N60-R10,plain,8,item-001,59,52,0,33,44,54
MPV-GEN-T8-N60-R10,plain,8,item-041,0,0,65,56,42,24
MPV-GEN-T8-N60-R10,plain,8,item-024,59,52,54,34,43,35
MPV-GEN-T8-N60-R10,plain,9,item-058,0,0,0,50,85,40
MPV-GEN-T8-N60-R10,plain,9,item-059,0,0,40,46,49,45
MPV-GEN-T8-N60-R10,plain,9,item-035,50,0,0,49,58,71
MPV-GEN-T8-N60-R10,plain,9,item-021,0,58,40,58,38,46
MPV-GEN-T8-N60-R10,plain,9,item-027,46,0,71,54,56,24
MPV-GEN-T8-N60-R10,plain,9,item-032,58,58,0,21,35,86
MPV-GEN-T8-N60-R10,plain,10,item-010,0,0,0,71,50,39
MPV-GEN-T8-N60-R10,plain,10,item-037,0,0,39,56,47,41
MPV-GEN-T8-N60-R10,plain,10,item-048,71,0,0,28,83,69
MPV-GEN-T8-N60-R10,plain,10,item-014,0,50,0,42,45,82
MPV-GEN-T8-N60-R10,plain,11,item-053,0,0,0,62,40,57
MPV-GEN-T8-N60-R10,plain,11,item-055,62,0,0,28,80,84
MPV-GEN-T8-N60-R10,plain,12,item-008,0,0,0,26,77,50
MPV-GEN-T8-N90-R01,plain,0,item-028,0,0,0,97,98,96
MPV-GEN-T8-N90-R01,plain,0,item-082,0,0,96,41,76,4
MPV-GEN-T8-N90-R01,plain,0,item-038,0,98,0,81,1,79
MPV-GEN-T8-N90-R01,plain,0,item-078,0,76,96,72,14,4
MPV-GEN-T8-N90-R01,plain,0,item-088,0,99,0,69,1,59
MPV-GEN-T8-N90-R01,plain,0,item-030,97,0,0,1,28,88
MPV-GEN-T8-N90-R01,plain,0,item-059,97,28,0,1,14,71
MPV-GEN-T8-N90-R01,plain,0,item-061,97,42,0,2,7,42
MPV-GEN-T8-N90-R01,plain,0,item-048,81,98,0,5,2,10
MPV-GEN-T8-N90-R01,plain,1,item-086,0,0,0,70,89,68
MPV-GEN-T8-N90-R01,plain,1,item-007,0,0,68,64,58,28
MPV-GEN-T8-N90-R01,plain,1,item-008,0,58,68,63,20,23
MPV-GEN-T8-N90-R01,plain,1,item-013,70,0,0,26,96,50
MPV-GEN-T8-N90-R01,plain,1,item-015,70,0,50,21,77,13
MPV-GEN-T8-N90-R01,plain,1,item-036,70,0,63,15,69,26
MPV-GEN-T8-N90-R01,plain,1,item-072,0,89,0,41,11,52
MPV-GEN-T8-N90-R01,plain,1,item-052,91,0,50,7,93,41
MPV-GEN-T8-N90-R01,plain,1,item-069,0,78,68,90,12,32
MPV-GEN-T8-N90-R01,plain,1,item-014,63,58,68,6,16,19
MPV-GEN-T8-N90-R01,plain,1,item-081,41,90,0,19,10,83
MPV-GEN-T8-N90-R01,plain,1,item-065,0,58,91,93,19,1
MPV-GEN-T8-N90-R01,plain,1,item-067,0,58,92,69,3,6
MPV-GEN-T8-N90-R01,plain,2,item-005,0,0,0,88,64,75
MPV-GEN-T8-N90-R01,plain,2,item-054,0,64,0,72,31,49
MPV-GEN-T8-N90-R01,plain,2,item-032,0,0,75,78,53,19
MPV-GEN-T8-N90-R01,plain,2,item-025,72,64,0,28,23,91
MPV-GEN-T8-N90-R01,plain,2,item-033,0,64,49,54,13,40
MPV-GEN-T8-N90-R01,plain,2,item-042,0,77,49,41,18,26
MPV-GEN-T8-N90-R01,plain,2,item-026,41,77,49,17,12,34
MPV-GEN-T8-N90-R01,plain,2,item-041,88,0,0,7,58,98
MPV-GEN-T8-N90-R01,plain,2,item-040,0,95,0,67,5,65
MPV-GEN-T8-N90-R01,plain,2,item-024,0,53,89,71,38,7
MPV-GEN-T8-N90-R01,plain,3,item-017,0,0,0,71,73,93
MPV-GEN-T8-N90-R01,plain,3,item-020,71,0,0,28,86,50
MPV-GEN-T8-N90-R01,plain,3,item-043,71,0,50,27,75,50
MPV-GEN-T8-N90-R01,plain,3,item-074,0,73,0,62,23,84
MPV-GEN-T8-N90-R01,plain,3,item-055,62,86,0,30,12,59
MPV-GEN-T8-N90-R01,plain,4,item-011,0,0,0,47,91,91
MPV-GEN-T8-N90-R01,plain,4,item-001,0,0,91,15,81,9
MPV-GEN-T8-N90-R01,plain,4,item-003,47,0,0,46,92,82
MPV-GEN-T8-N90-R01,plain,4,item-076,47,0,82,44,39,17
MPV-GEN-T8-N90-R01,plain,4,item-077,93,0,0,6,94,56
MPV-GEN-T8-N90-R01,plain,4,item-060,0,91,0,39,7,67
MPV-GEN-T8-N90-R01,plain,5,item-022,0,0,0,76,60,59
MPV-GEN-T8-N90-R01,plain,5,item-031,0,60,0,81,40,61
MPV-GEN-T8-N90-R01,plain,5,item-018,81,0,0,18,92,56
MPV-GEN-T8-N90-R01,plain,5,item-047,0,0,59,98,48,36
MPV-GEN-T8-N90-R01,plain,5,item-023,0,48,61,52,44,30
MPV-GEN-T8-N90-R01,plain,6,item-027,0,0,0,89,48,90
MPV-GEN-T8-N90-R01,plain,6,item-004,0,48,0,80,26,42
MPV-GEN-T8-N90-R01,plain,6,item-010,0,48,42,19,21,52
MPV-GEN-T8-N90-R01,plain,6,item-071,19,48,42,23,17,53
MPV-GEN-T8-N90-R01,plain,6,item-053,42,48,42,16,20,56
MPV-GEN-T8-N90-R01,plain,6,item-051,58,48,42,11,22,58
MPV-GEN-T8-N90-R01,plain,6,item-000,69,48,42,6,15,55
MPV-GEN-T8-N90-R01,plain,6,item-058,0,74,0,95,12,97
MPV-GEN-T8-N90-R01,plain,6,item-039,0,86,0,97,9,84
MPV-GEN-T8-N90-R01,plain,6,item-080,89,0,0,10,70,83
MPV-GEN-T8-N90-R01,plain,7,item-009,0,0,0,51,83,48
MPV-GEN-T8-N90-R01,plain,7,item-037,0,0,48,43,80,43
MPV-GEN-T8-N90-R01,plain,7,item-056,51,0,0,48,90,36
MPV-GEN-T8-N90-R01,plain,7,item-002,51,0,36,34,89,35
MPV-GEN-T8-N90-R01,plain,7,item-016,0,90,0,79,10,79
MPV-GEN-T8-N90-R01,plain,7,item-050,85,0,36,11,75,37
MPV-GEN-T8-N90-R01,plain,7,item-057,43,0,73,53,66,23
MPV-GEN-T8-N90-R01,plain,8,item-089,0,0,0,47,75,86
MPV-GEN-T8-N90-R01,plain,8,item-083,47,0,0,52,53,97
MPV-GEN-T8-N90-R01,plain,8,item-062,47,53,0,50,41,91
MPV-GEN-T8-N90-R01,plain,8,item-046,0,75,0,36,18,100
MPV-GEN-T8-N90-R01,plain,9,item-021,0,0,0,29,82,77
MPV-GEN-T8-N90-R01,plain,9,item-029,29,0,0,36,94,43
MPV-GEN-T8-N90-R01,plain,9,item-068,29,0,43,29,71,43
MPV-GEN-T8-N90-R01,plain,9,item-012,65,0,0,28,47,73
MPV-GEN-T8-N90-R01,plain,9,item-087,65,47,0,23,52,44
MPV-GEN-T8-N90-R01,plain,9,item-006,29,71,43,33,27,54
MPV-GEN-T8-N90-R01,plain,9,item-070,88,47,0,9,44,46
MPV-GEN-T8-N90-R01,plain,9,item-045,0,82,0,14,15,65
MPV-GEN-T8-N90-R01,plain,9,item-075,0,0,86,58,52,12
MPV-GEN-T8-N90-R01,plain,9,item-085,93,0,0,7,29,80
MPV-GEN-T8-N90-R01,plain,10,item-019,0,0,0,79,90,13
MPV-GEN-T8-N90-R01,plain,10,item-034,0,0,13,59,51,20
MPV-GEN-T8-N90-R01,plain,10,item-063,0,0,33,41,48,55
MPV-GEN-T8-N90-R01,plain,10,item-066,59,0,13,15,73,84
MPV-GEN-T8-N90-R01,plain,10,item-044,0,73,13,79,10,85
MPV-GEN-T8-N90-R01,plain,10,item-049,0,51,13,30,22,87
MPV-GEN-T8-N90-R01,plain,10,item-073,0,90,0,89,9,34
MPV-GEN-T8-N90-R01,plain,11,item-064,0,0,0,40,62,51
MPV-GEN-T8-N90-R01,plain,11,item-084,0,0,51,34,61,38
MPV-GEN-T8-N90-R01,plain,11,item-035,0,62,0,96,23,22
MPV-GEN-T8-N90-R01,plain,11,item-079,0,62,22,91,31,16
MPV-GEN-T8-N90-R02,plain,0,item-082,0,0,0,96,92,54
MPV-GEN-T8-N90-R02,plain,0,item-019,0,0,54,67,80,30
MPV-GEN-T8-N90-R02,plain,0,item-001,67,0,54,28,87,13
MPV-GEN-T8-N90-R02,plain,0,item-009,0,0,84,43,58,12
MPV-GEN-T8-N90-R02,plain,0,item-020,67,0,67,27,82,21
MPV-GEN-T8-N90-R02,plain,0,item-003,96,0,0,3,91,86
MPV-GEN-T8-N90-R02,plain,0,item-029,43,0,84,20,60,8
MPV-GEN-T8-N90-R02,plain,0,item-054,0,58,84,31,11,12
MPV-GEN-T8-N90-R02,plain,0,item-072,43,0,92,12,43,6
MPV-GEN-T8-N90-R02,plain,0,item-089,55,0,92,8,38,7
MPV-GEN-T8-N90-R02,plain,0,item-073,0,69,84,66,4,7
MPV-GEN-T8-N90-R02,plain,0,item-011,0,73,84,23,5,7
MPV-GEN-T8-N90-R02,plain,0,item-042,0,80,54,48,15,41
MPV-GEN-T8-N90-R02,plain,0,item-059,66,0,88,29,80,12
MPV-GEN-T8-N90-R02,plain,0,item-050,48,92,0,26,7,60
MPV-GEN-T8-N90-R02,plain,0,item-036,0,95,0,34,5,61
MPV-GEN-T8-N90-R02,plain,0,item-046,74,92,0,7,7,99
MPV-GEN-T8-N90-R02,plain,0,item-063,34,92,0,13,6,48
MPV-GEN-T8-N90-R02,plain,1,item-027,0,0,0,85,83,67
MPV-GEN-T8-N90-R02,plain,1,item-069,0,0,67,59,54,28
MPV-GEN-T8-N90-R02,plain,1,item-071,0,83,0,87,16,50
MPV-GEN-T8-N90-R02,plain,1,item-023,87,0,0,13,94,46
MPV-GEN-T8-N90-R02,plain,1,item-060,59,0,67,22,47,22
MPV-GEN-T8-N90-R02,plain,1,item-075,87,0,46,7,90,53
MPV-GEN-T8-N90-R02,plain,1,item-074,94,0,46,4,83,46
MPV-GEN-T8-N90-R02,plain,1,item-025,0,54,67,84,37,4
MPV-GEN-T8-N90-R02,plain,1,item-044,0,54,71,74,38,12
MPV-GEN-T8-N90-R02,plain,1,item-035,0,54,83,56,41,10
MPV-GEN-T8-N90-R02,plain,1,item-049,59,0,89,19,61,8
MPV-GEN-T8-N90-R02,plain,1,item-048,84,0,67,3,70,28
MPV-GEN-T8-N90-R02,plain,1,item-057,94,0,92,6,89,7
MPV-GEN-T8-N90-R02,plain,2,item-079,0,0,0,87,98,52
MPV-GEN-T8-N90-R02,plain,2,item-018,0,0,52,57,93,23
MPV-GEN-T8-N90-R02,plain,2,item-002,57,0,52,28,97,41
MPV-GEN-T8-N90-R02,plain,2,item-039,0,0,75,49,75,8
MPV-GEN-T8-N90-R02,plain,2,item-043,87,0,0,8,89,66
MPV-GEN-T8-N90-R02,plain,2,item-040,0,0,83,38,53,12
MPV-GEN-T8-N90-R02,plain,2,item-006,95,0,0,3,88,53
MPV-GEN-T8-N90-R02,plain,2,item-034,95,0,53,5,48,42
MPV-GEN-T8-N90-R02,plain,2,item-068,38,0,83,7,64,17
MPV-GEN-T8-N90-R02,plain,2,item-083,95,48,53,5,44,42
MPV-GEN-T8-N90-R02,plain,3,item-000,0,0,0,77,67,77
MPV-GEN-T8-N90-R02,plain,3,item-010,0,67,0,94,29,66
MPV-GEN-T8-N90-R02,plain,3,item-076,0,0,77,62,47,20
MPV-GEN-T8-N90-R02,plain,3,item-067,77,0,0,10,49,63
MPV-GEN-T8-N90-R02,plain,3,item-017,87,0,0,12,35,61
MPV-GEN-T8-N90-R02,plain,3,item-021,87,35,0,9,25,93
MPV-GEN-T8-N90-R02,plain,3,item-055,96,35,0,3,55,99
MPV-GEN-T8-N90-R02,plain,3,item-085,62,0,77,23,96,9
MPV-GEN-T8-N90-R02,plain,4,item-058,0,0,0,89,100,35
MPV-GEN-T8-N90-R02,plain,4,item-052,0,0,35,58,89,60
MPV-GEN-T8-N90-R02,plain,4,item-004,58,0,35,38,91,53
MPV-GEN-T8-N90-R02,plain,4,item-061,96,0,0,3,54,91
MPV-GEN-T8-N90-R02,plain,5,item-022,0,0,0,74,68,61
MPV-GEN-T8-N90-R02,plain,5,item-037,74,0,0,19,98,80
MPV-GEN-T8-N90-R02,plain,5,item-028,0,0,61,55,35,35
MPV-GEN-T8-N90-R02,plain,5,item-064,0,68,0,66,26,74
MPV-GEN-T8-N90-R02,plain,5,item-081,55,0,61,8,61,39
MPV-GEN-T8-N90-R02,plain,5,item-088,66,68,0,8,21,57
MPV-GEN-T8-N90-R02,plain,6,item-024,0,0,0,97,42,90
MPV-GEN-T8-N90-R02,plain,6,item-070,0,42,0,95,48,76
MPV-GEN-T8-N90-R02,plain,6,item-062,0,90,0,73,10,97
MPV-GEN-T8-N90-R02,plain,7,item-086,0,0,0,48,94,63
MPV-GEN-T8-N90-R02,plain,7,item-008,48,0,0,37,68,97
MPV-GEN-T8-N90-R02,plain,7,item-033,48,68,0,51,32,48
MPV-GEN-T8-N90-R02,plain,7,item-080,48,68,48,41,27,42
MPV-GEN-T8-N90-R02,plain,7,item-084,85,0,0,9,30,57
MPV-GEN-T8-N90-R02,plain,8,item-087,0,0,0,88,58,48
MPV-GEN-T8-N90-R02,plain,8,item-056,0,58,0,87,38,55
MPV-GEN-T8-N90-R02,plain,8,item-012,0,0,48,58,40,47
MPV-GEN-T8-N90-R02,plain,8,item-026,0,40,55,76,33,40
MPV-GEN-T8-N90-R02,plain,8,item-065,58,0,48,25,33,50
MPV-GEN-T8-N90-R02,plain,9,item-007,0,0,0,68,40,64
MPV-GEN-T8-N90-R02,plain,9,item-014,68,0,0,17,92,93
MPV-GEN-T8-N90-R02,plain,9,item-041,0,40,0,47,41,75
MPV-GEN-T8-N90-R02,plain,9,item-030,0,0,93,100,100,7
MPV-GEN-T8-N90-R02,plain,9,item-045,0,81,0,59,13,74
MPV-GEN-T8-N90-R02,plain,10,item-047,0,0,0,54,43,60
MPV-GEN-T8-N90-R02,plain,10,item-016,54,0,0,22,86,73
MPV-GEN-T8-N90-R02,plain,10,item-015,0,43,0,45,36,77
MPV-GEN-T8-N90-R02,plain,10,item-038,0,0,77,88,69,21
MPV-GEN-T8-N90-R02,plain,10,item-066,0,79,0,53,14,78
MPV-GEN-T8-N90-R02,plain,11,item-078,0,0,0,90,62,22
MPV-GEN-T8-N90-R02,plain,11,item-031,0,0,22,30,43,78
MPV-GEN-T8-N90-R02,plain,11,item-032,30,0,22,56,22,61
MPV-GEN-T8-N90-R02,plain,11,item-053,30,22,22,41,27,68
MPV-GEN-T8-N90-R02,plain,11,item-013,0,62,0,39,34,87
MPV-GEN-T8-N90-R02,plain,11,item-005,39,62,0,33,26,76
MPV-GEN-T8-N90-R02,plain,12,item-077,0,0,0,30,80,48
MPV-GEN-T8-N90-R02,plain,12,item-051,30,0,0,27,48,86
MPV-GEN-T8-N90-R03,plain,0,item-073,0,0,0,94,98,27
MPV-GEN-T8-N90-R03,plain,0,item-001,0,0,27,92,94,18
MPV-GEN-T8-N90-R03,plain,0,item-009,0,0,45,88,80,25
MPV-GEN-T8-N90-R03,plain,0,item-012,0,0,70,89,80,22
MPV-GEN-T8-N90-R03,plain,0,item-063,0,80,45,86,17,40
MPV-GEN-T8-N90-R03,plain,0,item-007,0,0,92,73,75,1
MPV-GEN-T8-N90-R03,plain,0,item-082,0,0,93,50,57,5
MPV-GEN-T8-N90-R03,plain,0,item-029,94,0,0,5,79,24
MPV-GEN-T8-N90-R03,plain,0,item-034,94,0,24,4,92,65
MPV-GEN-T8-N90-R03,plain,0,item-060,88,0,45,4,88,24
MPV-GEN-T8-N90-R03,plain,0,item-040,0,98,0,56,2,58
MPV-GEN-T8-N90-R03,plain,0,item-070,0,57,93,30,1,7
MPV-GEN-T8-N90-R03,plain,1,item-064,0,0,0,93,91,96
MPV-GEN-T8-N90-R03,plain,1,item-002,0,91,0,71,6,48
MPV-GEN-T8-N90-R03,plain,1,item-036,93,0,0,4,90,95
MPV-GEN-T8-N90-R03,plain,1,item-043,0,91,48,40,4,31
MPV-GEN-T8-N90-R03,plain,2,item-046,0,0,0,77,95,97
MPV-GEN-T8-N90-R03,plain,2,item-003,77,0,0,11,89,91
MPV-GEN-T8-N90-R03,plain,2,item-016,88,0,0,12,63,68
MPV-GEN-T8-N90-R03,plain,2,item-068,0,95,0,86,4,92
MPV-GEN-T8-N90-R03,plain,2,item-019,88,63,0,8,23,94
MPV-GEN-T8-N90-R03,plain,3,item-031,0,0,0,78,93,94
MPV-GEN-T8-N90-R03,plain,3,item-089,78,0,0,20,100,27
MPV-GEN-T8-N90-R03,plain,3,item-006,78,0,27,22,48,51
MPV-GEN-T8-N90-R03,plain,3,item-028,78,0,78,14,19,21
MPV-GEN-T8-N90-R03,plain,3,item-053,78,48,27,17,33,29
MPV-GEN-T8-N90-R03,plain,4,item-015,0,0,0,70,94,42
MPV-GEN-T8-N90-R03,plain,4,item-039,0,0,42,54,94,33
MPV-GEN-T8-N90-R03,plain,4,item-020,70,0,0,25,79,43
MPV-GEN-T8-N90-R03,plain,4,item-023,0,0,75,73,97,15
MPV-GEN-T8-N90-R03,plain,4,item-021,0,0,90,38,67,10
MPV-GEN-T8-N90-R03,plain,4,item-086,38,0,90,27,50,9
MPV-GEN-T8-N90-R03,plain,4,item-071,73,0,43,4,62,46
MPV-GEN-T8-N90-R03,plain,4,item-014,70,79,0,27,17,16
MPV-GEN-T8-N90-R03,plain,5,item-065,0,0,0,58,100,98
MPV-GEN-T8-N90-R03,plain,5,item-050,58,0,0,40,92,82
MPV-GEN-T8-N90-R03,plain,5,item-025,58,0,82,41,100,16
MPV-GEN-T8-N90-R03,plain,6,item-027,0,0,0,82,69,95
MPV-GEN-T8-N90-R03,plain,6,item-013,0,69,0,99,21,71
MPV-GEN-T8-N90-R03,plain,6,item-030,0,69,71,98,21,25
MPV-GEN-T8-N90-R03,plain,7,item-059,0,0,0,58,95,100
MPV-GEN-T8-N90-R03,plain,7,item-026,58,0,0,34,53,47
MPV-GEN-T8-N90-R03,plain,7,item-055,58,53,0,27,45,92
MPV-GEN-T8-N90-R03,plain,8,item-072,0,0,0,82,76,61
MPV-GEN-T8-N90-R03,plain,8,item-044,0,0,61,68,67,38
MPV-GEN-T8-N90-R03,plain,8,item-041,0,76,0,88,23,51
MPV-GEN-T8-N90-R03,plain,8,item-000,0,76,51,47,20,48
MPV-GEN-T8-N90-R03,plain,9,item-080,0,0,0,71,83,48
MPV-GEN-T8-N90-R03,plain,9,item-018,0,0,48,47,93,37
MPV-GEN-T8-N90-R03,plain,9,item-076,71,0,0,29,56,70
MPV-GEN-T8-N90-R03,plain,9,item-004,0,0,85,97,55,15
MPV-GEN-T8-N90-R03,plain,9,item-010,71,56,0,20,38,81
MPV-GEN-T8-N90-R03,plain,9,item-035,0,83,0,69,12,47
MPV-GEN-T8-N90-R03,plain,9,item-022,0,55,85,73,25,12
MPV-GEN-T8-N90-R03,plain,10,item-047,0,0,0,59,89,85
MPV-GEN-T8-N90-R03,plain,10,item-054,59,0,0,41,92,22
MPV-GEN-T8-N90-R03,plain,10,item-024,59,0,22,24,47,72
MPV-GEN-T8-N90-R03,plain,10,item-033,0,0,94,95,98,5
MPV-GEN-T8-N90-R03,plain,10,item-042,0,89,0,54,11,55
MPV-GEN-T8-N90-R03,plain,11,item-048,0,0,0,54,91,99
MPV-GEN-T8-N90-R03,plain,11,item-038,54,0,0,46,38,64
MPV-GEN-T8-N90-R03,plain,11,item-088,54,38,0,46,42,56
MPV-GEN-T8-N90-R03,plain,11,item-037,54,80,0,44,17,64
MPV-GEN-T8-N90-R03,plain,12,item-075,0,0,0,55,77,93
MPV-GEN-T8-N90-R03,plain,12,item-011,0,77,0,100,20,24
MPV-GEN-T8-N90-R03,plain,12,item-051,55,0,0,44,27,63
MPV-GEN-T8-N90-R03,plain,12,item-057,0,77,24,58,11,44
MPV-GEN-T8-N90-R03,plain,12,item-062,55,27,0,43,30,56
MPV-GEN-T8-N90-R03,plain,12,item-078,0,88,24,61,11,41
MPV-GEN-T8-N90-R03,plain,13,item-084,0,0,0,83,46,75
MPV-GEN-T8-N90-R03,plain,13,item-058,0,46,0,84,41,74
MPV-GEN-T8-N90-R03,plain,13,item-066,0,0,75,92,54,25
MPV-GEN-T8-N90-R03,plain,13,item-081,0,87,0,96,11,96
MPV-GEN-T8-N90-R03,plain,14,item-005,0,0,0,77,41,76
MPV-GEN-T8-N90-R03,plain,14,item-032,0,41,0,87,38,56
MPV-GEN-T8-N90-R03,plain,14,item-085,0,79,0,88,14,85
MPV-GEN-T8-N90-R03,plain,14,item-008,0,0,76,60,65,20
MPV-GEN-T8-N90-R03,plain,15,item-079,0,0,0,84,64,41
MPV-GEN-T8-N90-R03,plain,15,item-087,0,0,41,52,65,53
MPV-GEN-T8-N90-R03,plain,15,item-077,0,65,0,55,15,93
MPV-GEN-T8-N90-R03,plain,15,item-045,0,80,0,55,12,82
MPV-GEN-T8-N90-R03,plain,16,item-017,0,0,0,52,98,30
MPV-GEN-T8-N90-R03,plain,16,item-067,0,0,30,50,96,19
MPV-GEN-T8-N90-R03,plain,16,item-049,0,0,49,55,47,28
MPV-GEN-T8-N90-R03,plain,16,item-069,0,47,49,75,45,25
MPV-GEN-T8-N90-R03,plain,16,item-056,0,47,74,77,39,25
MPV-GEN-T8-N90-R03,plain,17,item-061,0,0,0,55,48,91
MPV-GEN-T8-N90-R03,plain,17,item-052,0,48,0,60,38,78
MPV-GEN-T8-N90-R03,plain,17,item-074,0,0,91,95,92,9
MPV-GEN-T8-N90-R03,plain,18,item-083,0,0,0,57,34,34
MPV-GEN-T8-N90-R04,plain,0,item-046,0,0,0,96,84,96
MPV-GEN-T8-N90-R04,plain,0,item-082,0,0,96,5,73,3
MPV-GEN-T8-N90-R04,plain,0,item-006,0,73,96,40,9,2
MPV-GEN-T8-N90-R04,plain,0,item-045,0,84,0,100,10,91
MPV-GEN-T8-N90-R04,plain,0,item-027,0,94,0,78,4,72
MPV-GEN-T8-N90-R04,plain,0,item-037,5,0,96,20,35,1
MPV-GEN-T8-N90-R04,plain,0,item-015,0,84,91,94,1,6
MPV-GEN-T8-N90-R04,plain,0,item-038,0,85,91,5,6,6
MPV-GEN-T8-N90-R04,plain,0,item-049,0,0,99,44,86,1
MPV-GEN-T8-N90-R04,plain,0,item-064,0,94,72,19,3,19
MPV-GEN-T8-N90-R04,plain,1,item-031,0,0,0,75,96,59
MPV-GEN-T8-N90-R04,plain,1,item-003,75,0,0,20,88,95
MPV-GEN-T8-N90-R04,plain,1,item-055,0,0,59,52,88,32
MPV-GEN-T8-N90-R04,plain,1,item-001,95,0,0,5,100,74
MPV-GEN-T8-N90-R04,plain,1,item-083,52,0,59,10,73,27
MPV-GEN-T8-N90-R04,plain,1,item-080,0,0,91,50,40,7
MPV-GEN-T8-N90-R04,plain,1,item-004,62,0,59,7,68,26
MPV-GEN-T8-N90-R04,plain,1,item-009,0,96,0,80,3,89
MPV-GEN-T8-N90-R04,plain,1,item-050,0,40,91,55,24,5
MPV-GEN-T8-N90-R04,plain,1,item-013,55,0,86,12,59,8
MPV-GEN-T8-N90-R04,plain,1,item-047,0,64,91,63,36,9
MPV-GEN-T8-N90-R04,plain,2,item-073,0,0,0,71,93,100
MPV-GEN-T8-N90-R04,plain,2,item-056,71,0,0,16,87,96
MPV-GEN-T8-N90-R04,plain,2,item-068,87,0,0,12,97,66
MPV-GEN-T8-N90-R04,plain,2,item-032,0,93,0,65,7,50
MPV-GEN-T8-N90-R04,plain,3,item-062,0,0,0,66,99,62
MPV-GEN-T8-N90-R04,plain,3,item-057,0,0,62,63,82,28
MPV-GEN-T8-N90-R04,plain,3,item-012,66,0,0,19,73,96
MPV-GEN-T8-N90-R04,plain,3,item-039,0,0,90,58,60,9
MPV-GEN-T8-N90-R04,plain,3,item-052,85,0,0,11,34,97
MPV-GEN-T8-N90-R04,plain,3,item-000,66,73,0,18,20,70
MPV-GEN-T8-N90-R04,plain,3,item-019,0,82,62,48,13,11
MPV-GEN-T8-N90-R04,plain,3,item-034,96,0,0,2,89,87
MPV-GEN-T8-N90-R04,plain,3,item-036,63,73,70,23,26,30
MPV-GEN-T8-N90-R04,plain,3,item-086,85,34,0,5,55,56
MPV-GEN-T8-N90-R04,plain,3,item-048,0,82,73,52,11,17
MPV-GEN-T8-N90-R04,plain,4,item-044,0,0,0,63,95,65
MPV-GEN-T8-N90-R04,plain,4,item-063,0,0,65,58,75,33
MPV-GEN-T8-N90-R04,plain,4,item-074,63,0,0,37,100,19
MPV-GEN-T8-N90-R04,plain,4,item-066,63,0,19,30,95,19
MPV-GEN-T8-N90-R04,plain,4,item-020,63,0,38,24,75,14
MPV-GEN-T8-N90-R04,plain,4,item-054,0,75,65,100,20,33
MPV-GEN-T8-N90-R04,plain,4,item-071,63,0,52,20,61,43
MPV-GEN-T8-N90-R04,plain,5,item-024,0,0,0,98,51,55
MPV-GEN-T8-N90-R04,plain,5,item-023,0,0,55,86,47,31
MPV-GEN-T8-N90-R04,plain,5,item-029,0,51,0,89,45,89
MPV-GEN-T8-N90-R04,plain,5,item-022,0,0,86,71,33,14
MPV-GEN-T8-N90-R04,plain,5,item-028,0,33,89,72,56,8
MPV-GEN-T8-N90-R04,plain,6,item-035,0,0,0,81,82,35
MPV-GEN-T8-N90-R04,plain,6,item-085,0,0,35,52,81,62
MPV-GEN-T8-N90-R04,plain,6,item-010,52,0,35,47,94,47
MPV-GEN-T8-N90-R04,plain,6,item-075,0,82,0,52,15,86
MPV-GEN-T8-N90-R04,plain,7,item-081,0,0,0,85,62,52
MPV-GEN-T8-N90-R04,plain,7,item-008,0,0,52,82,61,42
MPV-GEN-T8-N90-R04,plain,7,item-011,0,62,0,76,34,40
MPV-GEN-T8-N90-R04,plain,7,item-040,0,0,94,75,50,5
MPV-GEN-T8-N90-R04,plain,7,item-065,0,62,40,38,14,47
MPV-GEN-T8-N90-R04,plain,7,item-087,38,62,40,17,23,57
MPV-GEN-T8-N90-R04,plain,7,item-021,76,62,0,18,10,74
MPV-GEN-T8-N90-R04,plain,7,item-088,0,85,40,85,14,54
MPV-GEN-T8-N90-R04,plain,8,item-089,0,0,0,81,63,48
MPV-GEN-T8-N90-R04,plain,8,item-007,0,0,48,77,57,37
MPV-GEN-T8-N90-R04,plain,8,item-058,0,63,0,78,29,60
MPV-GEN-T8-N90-R04,plain,8,item-014,0,57,60,38,41,38
MPV-GEN-T8-N90-R04,plain,8,item-026,0,0,85,93,22,5
MPV-GEN-T8-N90-R04,plain,9,item-002,0,0,0,65,62,54
MPV-GEN-T8-N90-R04,plain,9,item-070,0,0,54,64,53,37
MPV-GEN-T8-N90-R04,plain,9,item-078,65,0,0,31,59,59
MPV-GEN-T8-N90-R04,plain,9,item-033,0,62,0,92,17,61
MPV-GEN-T8-N90-R04,plain,9,item-043,0,79,0,73,18,95
MPV-GEN-T8-N90-R04,plain,10,item-025,0,0,0,97,62,29
MPV-GEN-T8-N90-R04,plain,10,item-005,0,0,29,74,55,25
MPV-GEN-T8-N90-R04,plain,10,item-030,0,0,54,49,93,44
MPV-GEN-T8-N90-R04,plain,10,item-060,0,62,0,87,28,27
MPV-GEN-T8-N90-R04,plain,10,item-067,0,55,29,91,42,24
MPV-GEN-T8-N90-R04,plain,11,item-077,0,0,0,79,49,85
MPV-GEN-T8-N90-R04,plain,11,item-053,0,49,0,94,40,41
MPV-GEN-T8-N90-R04,plain,11,item-059,0,89,0,86,9,89
MPV-GEN-T8-N90-R04,plain,12,item-069,0,0,0,44,87,69
MPV-GEN-T8-N90-R04,plain,12,item-018,44,0,0,38,94,52
MPV-GEN-T8-N90-R04,plain,12,item-017,0,87,0,41,12,98
MPV-GEN-T8-N90-R04,plain,13,item-084,0,0,0,58,63,94
MPV-GEN-T8-N90-R04,plain,13,item-041,58,0,0,28,54,80
MPV-GEN-T8-N90-R04,plain,13,item-079,0,63,0,28,31,77
MPV-GEN-T8-N90-R04,plain,14,item-042,0,0,0,61,56,70
MPV-GEN-T8-N90-R04,plain,14,item-061,0,56,0,56,43,92
MPV-GEN-T8-N90-R04,plain,15,item-051,0,0,0,60,53,91
MPV-GEN-T8-N90-R04,plain,15,item-016,0,53,0,55,39,62
MPV-GEN-T8-N90-R04,plain,16,item-072,0,0,0,53,60,67
MPV-GEN-T8-N90-R04,plain,16,item-076,53,0,0,47,64,73
MPV-GEN-T8-N90-R05,plain,0,item-007,0,0,0,82,92,74
MPV-GEN-T8-N90-R05,plain,0,item-017,0,0,74,81,75,15
MPV-GEN-T8-N90-R05,plain,0,item-085,82,0,0,17,99,90
MPV-GEN-T8-N90-R05,plain,0,item-001,0,92,0,69,7,79
MPV-GEN-T8-N90-R05,plain,0,item-029,0,0,89,26,64,5
MPV-GEN-T8-N90-R05,plain,0,item-009,0,0,94,25,25,2
MPV-GEN-T8-N90-R05,plain,0,item-016,0,25,94,97,64,5
MPV-GEN-T8-N90-R05,plain,0,item-081,0,75,74,73,12,9
MPV-GEN-T8-N90-R05,plain,0,item-035,0,89,74,42,1,24
MPV-GEN-T8-N90-R05,plain,0,item-038,0,0,96,11,23,1
MPV-GEN-T8-N90-R05,plain,0,item-040,42,0,90,45,99,3
MPV-GEN-T8-N90-R05,plain,0,item-054,0,99,0,58,1,95
MPV-GEN-T8-N90-R05,plain,0,item-057,42,87,74,15,4,13
MPV-GEN-T8-N90-R05,plain,0,item-078,69,92,0,2,8,78
MPV-GEN-T8-N90-R05,plain,1,item-033,0,0,0,88,83,70
MPV-GEN-T8-N90-R05,plain,1,item-019,0,0,70,37,56,27
MPV-GEN-T8-N90-R05,plain,1,item-059,0,56,70,67,24,29
MPV-GEN-T8-N90-R05,plain,1,item-012,0,83,0,50,13,71
MPV-GEN-T8-N90-R05,plain,1,item-002,88,0,0,8,71,61
MPV-GEN-T8-N90-R05,plain,1,item-005,67,0,70,18,70,25
MPV-GEN-T8-N90-R05,plain,1,item-045,50,83,0,44,9,51
MPV-GEN-T8-N90-R05,plain,1,item-051,37,0,70,25,32,20
MPV-GEN-T8-N90-R05,plain,1,item-010,0,96,0,73,3,62
MPV-GEN-T8-N90-R05,plain,1,item-039,88,0,61,11,79,34
MPV-GEN-T8-N90-R05,plain,1,item-060,0,80,71,69,17,29
MPV-GEN-T8-N90-R05,plain,1,item-077,96,0,0,4,84,30
MPV-GEN-T8-N90-R05,plain,1,item-075,0,97,62,100,2,26
MPV-GEN-T8-N90-R05,plain,2,item-053,0,0,0,70,94,54
MPV-GEN-T8-N90-R05,plain,2,item-013,0,0,54,72,98,44
MPV-GEN-T8-N90-R05,plain,2,item-018,72,0,0,28,94,66
MPV-GEN-T8-N90-R05,plain,2,item-072,72,0,66,23,93,22
MPV-GEN-T8-N90-R05,plain,3,item-003,0,0,0,76,86,52
MPV-GEN-T8-N90-R05,plain,3,item-025,0,0,52,54,77,41
MPV-GEN-T8-N90-R05,plain,3,item-015,76,0,0,19,59,71
MPV-GEN-T8-N90-R05,plain,3,item-020,54,0,52,22,72,36
MPV-GEN-T8-N90-R05,plain,3,item-047,76,59,0,20,30,86
MPV-GEN-T8-N90-R05,plain,3,item-050,0,86,0,69,9,75
MPV-GEN-T8-N90-R05,plain,3,item-074,69,89,0,28,9,82
MPV-GEN-T8-N90-R05,plain,3,item-055,76,0,71,24,30,25
MPV-GEN-T8-N90-R05,plain,4,item-021,0,0,0,99,52,91
MPV-GEN-T8-N90-R05,plain,4,item-068,0,52,0,91,37,89
MPV-GEN-T8-N90-R05,plain,4,item-008,0,89,0,57,10,65
MPV-GEN-T8-N90-R05,plain,4,item-034,0,52,89,49,33,10
MPV-GEN-T8-N90-R05,plain,5,item-046,0,0,0,66,72,94
MPV-GEN-T8-N90-R05,plain,5,item-028,66,0,0,31,92,46
MPV-GEN-T8-N90-R05,plain,5,item-024,66,0,46,25,56,37
MPV-GEN-T8-N90-R05,plain,5,item-032,0,72,0,44,23,45
MPV-GEN-T8-N90-R05,plain,5,item-076,44,72,0,14,25,75
MPV-GEN-T8-N90-R05,plain,5,item-049,66,56,46,32,24,21
MPV-GEN-T8-N90-R05,plain,5,item-084,66,0,83,32,79,12
MPV-GEN-T8-N90-R05,plain,5,item-089,0,72,45,41,25,16
MPV-GEN-T8-N90-R05,plain,6,item-006,0,0,0,59,69,100
MPV-GEN-T8-N90-R05,plain,6,item-000,59,0,0,36,73,93
MPV-GEN-T8-N90-R05,plain,6,item-062,0,73,0,88,19,69
MPV-GEN-T8-N90-R05,plain,6,item-044,95,0,0,5,72,91
MPV-GEN-T8-N90-R05,plain,7,item-027,0,0,0,75,90,48
MPV-GEN-T8-N90-R05,plain,7,item-043,0,0,48,53,81,12
MPV-GEN-T8-N90-R05,plain,7,item-014,0,0,60,48,66,13
MPV-GEN-T8-N90-R05,plain,7,item-079,75,0,0,25,97,66
MPV-GEN-T8-N90-R05,plain,7,item-026,0,0,73,51,42,12
MPV-GEN-T8-N90-R05,plain,7,item-048,0,66,60,51,32,36
MPV-GEN-T8-N90-R05,plain,7,item-056,0,0,85,54,36,14
MPV-GEN-T8-N90-R05,plain,8,item-036,0,0,0,93,63,64
MPV-GEN-T8-N90-R05,plain,8,item-004,0,63,0,66,32,88
MPV-GEN-T8-N90-R05,plain,8,item-058,66,63,0,25,18,99
MPV-GEN-T8-N90-R05,plain,9,item-070,0,0,0,99,58,68
MPV-GEN-T8-N90-R05,plain,9,item-022,0,58,0,70,42,65
MPV-GEN-T8-N90-R05,plain,9,item-052,70,58,0,13,31,67
MPV-GEN-T8-N90-R05,plain,9,item-069,83,58,0,12,30,66
MPV-GEN-T8-N90-R05,plain,9,item-073,0,0,68,99,87,20
MPV-GEN-T8-N90-R05,plain,10,item-042,0,0,0,67,52,84
MPV-GEN-T8-N90-R05,plain,10,item-067,67,0,0,31,89,80
MPV-GEN-T8-N90-R05,plain,10,item-061,0,52,0,56,37,92
MPV-GEN-T8-N90-R05,plain,11,item-064,0,0,0,94,68,41
MPV-GEN-T8-N90-R05,plain,11,item-071,0,0,41,85,59,39
MPV-GEN-T8-N90-R05,plain,11,item-065,0,68,0,71,29,95
MPV-GEN-T8-N90-R05,plain,12,item-082,0,0,0,59,90,54
MPV-GEN-T8-N90-R05,plain,12,item-037,0,0,54,45,54,37
MPV-GEN-T8-N90-R05,plain,12,item-063,59,0,0,31,86,77
MPV-GEN-T8-N90-R05,plain,13,item-086,0,0,0,84,59,50
MPV-GEN-T8-N90-R05,plain,13,item-023,0,0,50,46,50,48
MPV-GEN-T8-N90-R05,plain,13,item-088,0,59,0,75,35,53
MPV-GEN-T8-N90-R05,plain,13,item-083,84,0,0,14,63,71
MPV-GEN-T8-N90-R05,plain,14,item-030,0,0,0,47,66,62
MPV-GEN-T8-N90-R05,plain,14,item-011,47,0,0,53,49,57
MPV-GEN-T8-N90-R05,plain,14,item-087,0,66,0,81,30,62
MPV-GEN-T8-N90-R05,plain,14,item-080,0,0,62,80,96,13
MPV-GEN-T8-N90-R05,plain,15,item-041,0,0,0,69,36,56
MPV-GEN-T8-N90-R05,plain,15,item-066,0,36,0,69,35,66
MPV-GEN-T8-N90-R05,plain,15,item-031,69,0,0,23,46,75
MPV-GEN-T8-N90-R06,plain,0,item-050,0,0,0,84,93,98
MPV-GEN-T8-N90-R06,plain,0,item-029,84,0,0,10,82,70
MPV-GEN-T8-N90-R06,plain,0,item-008,0,93,0,79,6,87
MPV-GEN-T8-N90-R06,plain,0,item-065,94,0,0,3,95,44
MPV-GEN-T8-N90-R06,plain,0,item-002,97,0,0,2,79,67
MPV-GEN-T8-N90-R06,plain,0,item-062,84,0,70,11,88,27
MPV-GEN-T8-N90-R06,plain,0,item-089,95,0,44,2,40,37
MPV-GEN-T8-N90-R06,plain,0,item-026,84,82,0,10,11,18
MPV-GEN-T8-N90-R06,plain,0,item-071,99,0,0,1,58,84
MPV-GEN-T8-N90-R06,plain,0,item-079,0,0,98,69,12,2
MPV-GEN-T8-N90-R06,plain,0,item-053,0,99,0,47,1,14
MPV-GEN-T8-N90-R06,plain,1,item-004,0,0,0,76,97,99
MPV-GEN-T8-N90-R06,plain,1,item-032,76,0,0,22,92,39
MPV-GEN-T8-N90-R06,plain,1,item-037,76,0,39,21,72,22
MPV-GEN-T8-N90-R06,plain,1,item-020,76,0,61,21,68,7
MPV-GEN-T8-N90-R06,plain,1,item-047,76,0,68,24,77,10
MPV-GEN-T8-N90-R06,plain,1,item-023,76,0,78,7,100,16
MPV-GEN-T8-N90-R06,plain,1,item-039,83,0,78,15,45,10
MPV-GEN-T8-N90-R06,plain,1,item-054,83,0,88,17,81,6
MPV-GEN-T8-N90-R06,plain,1,item-082,76,0,94,14,54,4
MPV-GEN-T8-N90-R06,plain,2,item-043,0,0,0,86,95,76
MPV-GEN-T8-N90-R06,plain,2,item-007,0,0,76,86,74,10
MPV-GEN-T8-N90-R06,plain,2,item-035,0,0,86,54,71,12
MPV-GEN-T8-N90-R06,plain,2,item-036,86,0,0,12,47,99
MPV-GEN-T8-N90-R06,plain,2,item-061,86,47,0,9,32,41
MPV-GEN-T8-N90-R06,plain,2,item-078,0,95,0,72,4,96
MPV-GEN-T8-N90-R06,plain,2,item-021,54,0,86,27,95,7
MPV-GEN-T8-N90-R06,plain,2,item-041,86,79,0,9,19,85
MPV-GEN-T8-N90-R06,plain,2,item-077,0,74,76,28,18,22
MPV-GEN-T8-N90-R06,plain,2,item-063,95,47,0,3,44,70
MPV-GEN-T8-N90-R06,plain,2,item-069,28,74,76,29,20,10
MPV-GEN-T8-N90-R06,plain,3,item-003,0,0,0,85,85,56
MPV-GEN-T8-N90-R06,plain,3,item-049,0,0,56,69,63,42
MPV-GEN-T8-N90-R06,plain,3,item-001,0,85,0,82,13,83
MPV-GEN-T8-N90-R06,plain,3,item-074,0,63,56,70,17,44
MPV-GEN-T8-N90-R06,plain,3,item-088,85,0,0,14,55,51
MPV-GEN-T8-N90-R06,plain,3,item-000,85,55,0,7,25,63
MPV-GEN-T8-N90-R06,plain,3,item-058,70,0,63,19,58,37
MPV-GEN-T8-N90-R06,plain,3,item-084,89,0,51,7,48,31
MPV-GEN-T8-N90-R06,plain,4,item-031,0,0,0,72,97,92
MPV-GEN-T8-N90-R06,plain,4,item-042,72,0,0,26,49,99
MPV-GEN-T8-N90-R06,plain,4,item-018,72,49,0,19,43,81
MPV-GEN-T8-N90-R06,plain,5,item-067,0,0,0,72,87,85
MPV-GEN-T8-N90-R06,plain,5,item-009,72,0,0,17,48,66
MPV-GEN-T8-N90-R06,plain,5,item-017,72,48,0,22,37,83
MPV-GEN-T8-N90-R06,plain,5,item-022,0,0,85,68,50,15
MPV-GEN-T8-N90-R06,plain,5,item-010,0,87,0,48,11,76
MPV-GEN-T8-N90-R06,plain,6,item-073,0,0,0,76,82,93
MPV-GEN-T8-N90-R06,plain,6,item-086,0,82,0,62,16,97
MPV-GEN-T8-N90-R06,plain,6,item-064,76,0,0,20,32,64
MPV-GEN-T8-N90-R06,plain,7,item-024,0,0,0,99,60,68
MPV-GEN-T8-N90-R06,plain,7,item-013,0,0,68,85,36,29
MPV-GEN-T8-N90-R06,plain,7,item-016,0,60,0,88,40,99
MPV-GEN-T8-N90-R06,plain,8,item-019,0,0,0,77,46,92
MPV-GEN-T8-N90-R06,plain,8,item-056,0,46,0,93,36,85
MPV-GEN-T8-N90-R06,plain,8,item-070,0,82,0,85,10,46
MPV-GEN-T8-N90-R06,plain,8,item-012,0,82,46,80,6,45
MPV-GEN-T8-N90-R06,plain,8,item-045,0,92,0,89,7,60
MPV-GEN-T8-N90-R06,plain,8,item-066,93,0,0,7,76,60
MPV-GEN-T8-N90-R06,plain,9,item-038,0,0,0,70,91,43
MPV-GEN-T8-N90-R06,plain,9,item-014,0,0,43,59,90,35
MPV-GEN-T8-N90-R06,plain,9,item-011,70,0,0,29,63,73
MPV-GEN-T8-N90-R06,plain,9,item-033,59,0,73,33,50,26
MPV-GEN-T8-N90-R06,plain,9,item-076,59,63,43,32,33,26
MPV-GEN-T8-N90-R06,plain,10,item-048,0,0,0,49,100,54
MPV-GEN-T8-N90-R06,plain,10,item-030,0,0,54,46,86,33
MPV-GEN-T8-N90-R06,plain,10,item-055,49,0,0,49,73,65
MPV-GEN-T8-N90-R06,plain,10,item-015,49,73,0,43,18,35
MPV-GEN-T8-N90-R06,plain,10,item-034,46,0,65,47,30,32
MPV-GEN-T8-N90-R06,plain,11,item-081,0,0,0,62,63,65
MPV-GEN-T8-N90-R06,plain,11,item-006,0,63,0,77,30,99
MPV-GEN-T8-N90-R06,plain,11,item-046,62,0,0,37,61,93
MPV-GEN-T8-N90-R06,plain,12,item-028,0,0,0,89,77,33
MPV-GEN-T8-N90-R06,plain,12,item-083,0,0,33,67,54,64
MPV-GEN-T8-N90-R06,plain,12,item-057,0,54,33,68,27,49
MPV-GEN-T8-N90-R06,plain,13,item-044,0,0,0,100,100,18
MPV-GEN-T8-N90-R06,plain,13,item-059,0,0,18,95,90,18
MPV-GEN-T8-N90-R06,plain,13,item-072,0,0,36,94,77,28
MPV-GEN-T8-N90-R06,plain,13,item-005,0,0,64,63,32,26
MPV-GEN-T8-N90-R06,plain,13,item-027,0,32,64,71,25,25
MPV-GEN-T8-N90-R06,plain,14,item-080,0,0,0,59,53,72
MPV-GEN-T8-N90-R06,plain,14,item-040,0,53,0,64,47,50
MPV-GEN-T8-N90-R06,plain,14,item-085,64,0,0,33,66,67
MPV-GEN-T8-N90-R06,plain,15,item-060,0,0,0,52,57,84
MPV-GEN-T8-N90-R06,plain,15,item-025,0,57,0,58,39,54
MPV-GEN-T8-N90-R06,plain,15,item-051,58,0,0,41,58,48
MPV-GEN-T8-N90-R06,plain,16,item-052,0,0,0,64,27,86
MPV-GEN-T8-N90-R06,plain,16,item-068,0,27,0,69,30,63
MPV-GEN-T8-N90-R06,plain,16,item-075,0,57,0,49,40,67
MPV-GEN-T8-N90-R06,plain,16,item-087,49,57,0,46,36,66
MPV-GEN-T8-N90-R07,plain,0,item-006,0,0,0,96,90,97
MPV-GEN-T8-N90-R07,plain,0,item-007,0,90,0,91,9,99
MPV-GEN-T8-N90-R07,plain,0,item-056,0,0,97,83,85,3
MPV-GEN-T8-N90-R07,plain,0,item-073,96,0,0,4,76,13
MPV-GEN-T8-N90-R07,plain,0,item-032,96,0,13,1,8,34
MPV-GEN-T8-N90-R07,plain,0,item-008,96,8,13,2,3,10
MPV-GEN-T8-N90-R07,plain,1,item-040,0,0,0,82,96,96
MPV-GEN-T8-N90-R07,plain,1,item-087,82,0,0,10,95,71
MPV-GEN-T8-N90-R07,plain,1,item-046,92,0,0,7,49,91
MPV-GEN-T8-N90-R07,plain,1,item-021,92,49,0,8,37,72
MPV-GEN-T8-N90-R07,plain,1,item-071,0,96,0,66,4,80
MPV-GEN-T8-N90-R07,plain,1,item-019,82,49,72,18,37,8
MPV-GEN-T8-N90-R07,plain,1,item-035,0,0,96,67,42,1
MPV-GEN-T8-N90-R07,plain,1,item-088,0,0,97,52,28,2
MPV-GEN-T8-N90-R07,plain,1,item-025,66,96,0,15,2,66
MPV-GEN-T8-N90-R07,plain,1,item-052,0,42,96,14,24,4
MPV-GEN-T8-N90-R07,plain,1,item-027,67,0,96,20,59,1
MPV-GEN-T8-N90-R07,plain,2,item-036,0,0,0,82,84,81
MPV-GEN-T8-N90-R07,plain,2,item-049,0,0,81,57,49,14
MPV-GEN-T8-N90-R07,plain,2,item-065,0,84,0,84,10,92
MPV-GEN-T8-N90-R07,plain,2,item-009,82,0,0,10,70,31
MPV-GEN-T8-N90-R07,plain,2,item-078,57,0,81,43,53,15
MPV-GEN-T8-N90-R07,plain,2,item-012,84,0,31,11,98,20
MPV-GEN-T8-N90-R07,plain,2,item-022,0,53,81,67,7,18
MPV-GEN-T8-N90-R07,plain,2,item-061,84,53,51,9,26,41
MPV-GEN-T8-N90-R07,plain,2,item-077,0,94,0,53,5,67
MPV-GEN-T8-N90-R07,plain,2,item-059,53,94,0,24,5,58
MPV-GEN-T8-N90-R07,plain,2,item-023,0,94,67,67,3,33
MPV-GEN-T8-N90-R07,plain,2,item-066,0,60,81,46,16,7
MPV-GEN-T8-N90-R07,plain,2,item-075,0,60,92,97,27,7
MPV-GEN-T8-N90-R07,plain,3,item-000,0,0,0,77,78,86
MPV-GEN-T8-N90-R07,plain,3,item-010,0,78,0,74,20,91
MPV-GEN-T8-N90-R07,plain,3,item-031,77,0,0,20,99,56
MPV-GEN-T8-N90-R07,plain,3,item-039,77,0,56,20,64,35
MPV-GEN-T8-N90-R07,plain,3,item-067,77,64,56,12,34,41
MPV-GEN-T8-N90-R07,plain,3,item-069,0,0,91,97,63,7
MPV-GEN-T8-N90-R07,plain,3,item-089,0,98,0,62,2,57
MPV-GEN-T8-N90-R07,plain,4,item-079,0,0,0,66,78,91
MPV-GEN-T8-N90-R07,plain,4,item-060,66,0,0,34,98,86
MPV-GEN-T8-N90-R07,plain,4,item-001,0,78,0,46,20,88
MPV-GEN-T8-N90-R07,plain,4,item-042,66,0,86,32,93,13
MPV-GEN-T8-N90-R07,plain,4,item-043,46,78,0,18,10,41
MPV-GEN-T8-N90-R07,plain,4,item-072,46,88,0,16,10,83
MPV-GEN-T8-N90-R07,plain,5,item-080,0,0,0,89,61,78
MPV-GEN-T8-N90-R07,plain,5,item-002,0,0,78,45,36,22
MPV-GEN-T8-N90-R07,plain,5,item-015,0,61,0,68,24,100
MPV-GEN-T8-N90-R07,plain,5,item-081,0,85,0,50,13,74
MPV-GEN-T8-N90-R07,plain,5,item-016,68,61,0,30,17,94
MPV-GEN-T8-N90-R07,plain,5,item-028,50,85,0,48,13,71
MPV-GEN-T8-N90-R07,plain,5,item-018,89,0,0,9,43,95
MPV-GEN-T8-N90-R07,plain,5,item-053,50,85,71,23,7,27
MPV-GEN-T8-N90-R07,plain,6,item-029,0,0,0,95,49,86
MPV-GEN-T8-N90-R07,plain,6,item-005,0,49,0,59,47,74
MPV-GEN-T8-N90-R07,plain,6,item-086,59,49,0,41,20,91
MPV-GEN-T8-N90-R07,plain,6,item-050,0,69,74,98,26,20
MPV-GEN-T8-N90-R07,plain,6,item-074,59,69,0,13,26,55
MPV-GEN-T8-N90-R07,plain,6,item-054,72,69,0,27,10,68
MPV-GEN-T8-N90-R07,plain,7,item-064,0,0,0,47,97,86
MPV-GEN-T8-N90-R07,plain,7,item-037,47,0,0,46,91,58
MPV-GEN-T8-N90-R07,plain,7,item-033,47,0,58,29,68,35
MPV-GEN-T8-N90-R07,plain,8,item-011,0,0,0,54,78,90
MPV-GEN-T8-N90-R07,plain,8,item-003,54,0,0,41,83,61
MPV-GEN-T8-N90-R07,plain,8,item-048,0,78,0,48,21,73
MPV-GEN-T8-N90-R07,plain,8,item-062,54,0,61,33,56,34
MPV-GEN-T8-N90-R07,plain,9,item-017,0,0,0,62,100,52
MPV-GEN-T8-N90-R07,plain,9,item-004,62,0,0,35,61,61
MPV-GEN-T8-N90-R07,plain,9,item-051,0,0,52,58,85,25
MPV-GEN-T8-N90-R07,plain,10,item-014,0,0,0,69,67,58
MPV-GEN-T8-N90-R07,plain,10,item-026,0,67,0,68,31,77
MPV-GEN-T8-N90-R07,plain,10,item-038,69,0,0,28,60,86
MPV-GEN-T8-N90-R07,plain,10,item-076,0,0,58,51,42,28
MPV-GEN-T8-N90-R07,plain,11,item-055,0,0,0,73,63,58
MPV-GEN-T8-N90-R07,plain,11,item-057,0,0,58,72,49,34
MPV-GEN-T8-N90-R07,plain,11,item-085,0,63,0,98,32,43
MPV-GEN-T8-N90-R07,plain,11,item-044,0,63,43,94,29,44
MPV-GEN-T8-N90-R07,plain,11,item-063,73,0,0,24,55,62
MPV-GEN-T8-N90-R07,plain,12,item-082,0,0,0,68,71,55
MPV-GEN-T8-N90-R07,plain,12,item-083,68,0,0,19,92,56
MPV-GEN-T8-N90-R07,plain,12,item-068,0,0,56,96,22,38
MPV-GEN-T8-N90-R07,plain,12,item-047,0,22,56,81,23,35
MPV-GEN-T8-N90-R07,plain,13,item-084,0,0,0,81,64,49
MPV-GEN-T8-N90-R07,plain,13,item-030,0,0,49,44,59,51
MPV-GEN-T8-N90-R07,plain,13,item-020,81,0,0,19,65,77
MPV-GEN-T8-N90-R07,plain,13,item-024,44,0,49,26,65,50
MPV-GEN-T8-N90-R07,plain,14,item-013,0,0,0,45,75,65
MPV-GEN-T8-N90-R07,plain,14,item-034,45,0,0,46,74,55
MPV-GEN-T8-N90-R07,plain,15,item-041,0,0,0,50,49,61
MPV-GEN-T8-N90-R07,plain,15,item-045,50,0,0,33,54,68
MPV-GEN-T8-N90-R07,plain,15,item-058,0,49,0,14,47,76
MPV-GEN-T8-N90-R07,plain,16,item-070,0,0,0,20,63,77
MPV-GEN-T8-N90-R08,plain,0,item-054,0,0,0,86,90,79
MPV-GEN-T8-N90-R08,plain,0,item-068,0,0,79,74,63,12
MPV-GEN-T8-N90-R08,plain,0,item-006,86,0,0,14,51,96
MPV-GEN-T8-N90-R08,plain,0,item-064,0,0,91,73,61,9
MPV-GEN-T8-N90-R08,plain,0,item-010,73,0,91,1,28,5
MPV-GEN-T8-N90-R08,plain,0,item-013,0,63,79,58,13,2
MPV-GEN-T8-N90-R08,plain,0,item-058,74,0,79,8,87,14
MPV-GEN-T8-N90-R08,plain,0,item-074,82,0,79,3,34,17
MPV-GEN-T8-N90-R08,plain,0,item-036,58,63,79,1,20,16
MPV-GEN-T8-N90-R08,plain,0,item-055,0,90,0,46,6,98
MPV-GEN-T8-N90-R08,plain,0,item-071,0,96,0,82,3,77
MPV-GEN-T8-N90-R08,plain,0,item-061,86,51,0,10,21,42
MPV-GEN-T8-N90-R08,plain,0,item-050,82,90,0,13,10,43
MPV-GEN-T8-N90-R08,plain,0,item-069,0,63,81,14,5,3
MPV-GEN-T8-N90-R08,plain,0,item-078,82,90,43,13,1,33
MPV-GEN-T8-N90-R08,plain,0,item-087,0,99,0,75,1,75
MPV-GEN-T8-N90-R08,plain,1,item-015,0,0,0,92,83,64
MPV-GEN-T8-N90-R08,plain,1,item-034,0,0,64,92,71,25
MPV-GEN-T8-N90-R08,plain,1,item-063,0,83,0,96,13,55
MPV-GEN-T8-N90-R08,plain,1,item-018,0,0,89,100,44,10
MPV-GEN-T8-N90-R08,plain,1,item-005,92,0,0,4,61,75
MPV-GEN-T8-N90-R08,plain,1,item-053,0,83,55,100,14,39
MPV-GEN-T8-N90-R08,plain,1,item-023,0,0,99,80,53,1
MPV-GEN-T8-N90-R08,plain,2,item-043,0,0,0,99,72,57
MPV-GEN-T8-N90-R08,plain,2,item-004,0,72,0,93,26,72
MPV-GEN-T8-N90-R08,plain,2,item-008,0,0,57,76,51,32
MPV-GEN-T8-N90-R08,plain,2,item-000,0,0,89,48,78,8
MPV-GEN-T8-N90-R08,plain,2,item-002,48,51,72,39,44,28
MPV-GEN-T8-N90-R08,plain,2,item-027,76,0,57,16,46,30
MPV-GEN-T8-N90-R08,plain,2,item-019,93,0,57,6,79,25
MPV-GEN-T8-N90-R08,plain,3,item-029,0,0,0,79,67,51
MPV-GEN-T8-N90-R08,plain,3,item-016,79,0,0,21,93,88
MPV-GEN-T8-N90-R08,plain,3,item-001,0,67,0,59,26,92
MPV-GEN-T8-N90-R08,plain,3,item-025,0,0,51,71,64,27
MPV-GEN-T8-N90-R08,plain,3,item-017,0,0,78,51,62,20
MPV-GEN-T8-N90-R08,plain,3,item-011,59,0,88,30,92,6
MPV-GEN-T8-N90-R08,plain,3,item-065,59,67,0,16,24,41
MPV-GEN-T8-N90-R08,plain,3,item-080,59,67,41,20,18,37
MPV-GEN-T8-N90-R08,plain,3,item-083,0,0,98,72,83,1
MPV-GEN-T8-N90-R08,plain,4,item-044,0,0,0,89,57,71
MPV-GEN-T8-N90-R08,plain,4,item-033,0,57,0,74,35,91
MPV-GEN-T8-N90-R08,plain,4,item-046,74,57,0,26,38,90
MPV-GEN-T8-N90-R08,plain,4,item-079,0,0,71,62,45,27
MPV-GEN-T8-N90-R08,plain,4,item-038,62,0,71,35,28,28
MPV-GEN-T8-N90-R08,plain,5,item-088,0,0,0,91,48,100
MPV-GEN-T8-N90-R08,plain,5,item-085,0,48,0,62,51,72
MPV-GEN-T8-N90-R08,plain,5,item-045,62,48,0,30,52,77
MPV-GEN-T8-N90-R08,plain,5,item-028,92,0,0,6,98,58
MPV-GEN-T8-N90-R08,plain,6,item-067,0,0,0,53,80,98
MPV-GEN-T8-N90-R08,plain,6,item-007,53,0,0,47,91,35
MPV-GEN-T8-N90-R08,plain,6,item-049,53,0,35,46,88,35
MPV-GEN-T8-N90-R08,plain,6,item-081,53,0,70,39,64,30
MPV-GEN-T8-N90-R08,plain,6,item-059,0,80,0,52,19,47
MPV-GEN-T8-N90-R08,plain,7,item-003,0,0,0,50,82,65
MPV-GEN-T8-N90-R08,plain,7,item-075,50,0,0,46,65,100
MPV-GEN-T8-N90-R08,plain,7,item-030,50,65,0,43,31,70
MPV-GEN-T8-N90-R08,plain,7,item-032,0,0,65,31,77,28
MPV-GEN-T8-N90-R08,plain,7,item-052,31,0,65,17,72,23
MPV-GEN-T8-N90-R08,plain,8,item-014,0,0,0,80,91,32
MPV-GEN-T8-N90-R08,plain,8,item-051,0,0,32,74,63,53
MPV-GEN-T8-N90-R08,plain,8,item-020,80,0,0,18,61,100
MPV-GEN-T8-N90-R08,plain,8,item-022,0,63,32,65,15,68
MPV-GEN-T8-N90-R08,plain,8,item-047,0,78,32,85,18,59
MPV-GEN-T8-N90-R08,plain,9,item-024,0,0,0,100,69,33
MPV-GEN-T8-N90-R08,plain,9,item-066,0,0,33,84,57,53
MPV-GEN-T8-N90-R08,plain,9,item-039,0,69,0,72,30,59
MPV-GEN-T8-N90-R08,plain,9,item-072,0,57,59,87,42,37
MPV-GEN-T8-N90-R08,plain,10,item-009,0,0,0,54,93,43
MPV-GEN-T8-N90-R08,plain,10,item-021,54,0,0,36,80,88
MPV-GEN-T8-N90-R08,plain,10,item-040,0,0,43,53,44,43
MPV-GEN-T8-N90-R08,plain,10,item-082,0,44,43,23,35,53
MPV-GEN-T8-N90-R08,plain,10,item-070,23,0,88,54,67,7
MPV-GEN-T8-N90-R08,plain,11,item-062,0,0,0,56,77,40
MPV-GEN-T8-N90-R08,plain,11,item-073,0,77,0,81,23,86
MPV-GEN-T8-N90-R08,plain,11,item-012,56,0,0,41,39,94
MPV-GEN-T8-N90-R08,plain,11,item-031,81,39,0,17,50,73
MPV-GEN-T8-N90-R08,plain,11,item-035,0,0,40,27,60,37
MPV-GEN-T8-N90-R08,plain,11,item-086,27,0,40,19,77,38
MPV-GEN-T8-N90-R08,plain,11,item-056,56,39,0,22,33,74
MPV-GEN-T8-N90-R08,plain,11,item-057,0,0,77,25,72,18
MPV-GEN-T8-N90-R08,plain,12,item-077,0,0,0,77,39,59
MPV-GEN-T8-N90-R08,plain,12,item-048,0,39,0,46,41,91
MPV-GEN-T8-N90-R08,plain,12,item-089,77,0,0,23,65,78
MPV-GEN-T8-N90-R08,plain,12,item-026,46,39,0,27,52,83
MPV-GEN-T8-N90-R08,plain,13,item-037,0,0,0,22,57,95
MPV-GEN-T8-N90-R08,plain,13,item-041,0,57,0,90,32,38
MPV-GEN-T8-N90-R08,plain,13,item-042,22,0,38,39,90,28
MPV-GEN-T8-N90-R08,plain,13,item-076,61,0,0,17,50,79
MPV-GEN-T8-N90-R08,plain,13,item-060,78,0,0,17,38,89
MPV-GEN-T8-N90-R08,plain,13,item-084,22,0,79,56,81,16
MPV-GEN-T8-N90-R09,plain,0,item-051,0,0,0,91,90,82
MPV-GEN-T8-N90-R09,plain,0,item-023,0,0,82,40,56,18
MPV-GEN-T8-N90-R09,plain,0,item-029,0,56,82,64,34,15
MPV-GEN-T8-N90-R09,plain,0,item-024,64,0,82,27,74,15
MPV-GEN-T8-N90-R09,plain,0,item-012,40,0,82,24,31,17
MPV-GEN-T8-N90-R09,plain,0,item-030,0,90,0,93,4,88
MPV-GEN-T8-N90-R09,plain,0,item-036,0,94,0,71,5,50
MPV-GEN-T8-N90-R09,plain,0,item-004,91,0,0,4,38,34
MPV-GEN-T8-N90-R09,plain,0,item-071,0,99,0,99,1,73
MPV-GEN-T8-N90-R09,plain,0,item-067,0,56,97,93,27,2
MPV-GEN-T8-N90-R09,plain,0,item-002,0,94,50,82,1,35
MPV-GEN-T8-N90-R09,plain,0,item-079,40,31,82,7,11,16
MPV-GEN-T8-N90-R09,plain,0,item-011,91,38,0,7,7,23
MPV-GEN-T8-N90-R09,plain,0,item-075,0,95,50,94,4,40
MPV-GEN-T8-N90-R09,plain,0,item-048,0,90,90,97,10,10
MPV-GEN-T8-N90-R09,plain,0,item-077,98,0,0,2,74,4
MPV-GEN-T8-N90-R09,plain,1,item-005,0,0,0,100,76,75
MPV-GEN-T8-N90-R09,plain,1,item-026,0,76,0,85,20,90
MPV-GEN-T8-N90-R09,plain,1,item-018,0,0,75,90,44,24
MPV-GEN-T8-N90-R09,plain,1,item-009,0,44,75,47,15,8
MPV-GEN-T8-N90-R09,plain,1,item-022,85,76,0,12,24,71
MPV-GEN-T8-N90-R09,plain,1,item-032,90,0,75,10,93,23
MPV-GEN-T8-N90-R09,plain,1,item-082,0,44,90,77,52,4
MPV-GEN-T8-N90-R09,plain,2,item-069,0,0,0,82,96,48
MPV-GEN-T8-N90-R09,plain,2,item-040,0,0,48,71,93,41
MPV-GEN-T8-N90-R09,plain,2,item-013,82,0,0,18,52,86
MPV-GEN-T8-N90-R09,plain,2,item-015,82,52,0,17,41,29
MPV-GEN-T8-N90-R09,plain,2,item-021,82,52,29,17,22,53
MPV-GEN-T8-N90-R09,plain,2,item-027,0,0,89,13,80,6
MPV-GEN-T8-N90-R09,plain,2,item-057,13,0,89,77,94,3
MPV-GEN-T8-N90-R09,plain,2,item-061,82,74,29,10,15,42
MPV-GEN-T8-N90-R09,plain,3,item-080,0,0,0,98,74,43
MPV-GEN-T8-N90-R09,plain,3,item-034,0,0,43,91,67,48
MPV-GEN-T8-N90-R09,plain,3,item-046,0,74,0,96,26,88
MPV-GEN-T8-N90-R09,plain,4,item-088,0,0,0,81,69,99
MPV-GEN-T8-N90-R09,plain,4,item-089,0,69,0,83,27,98
MPV-GEN-T8-N90-R09,plain,4,item-000,81,0,0,18,31,31
MPV-GEN-T8-N90-R09,plain,5,item-008,0,0,0,99,48,55
MPV-GEN-T8-N90-R09,plain,5,item-045,0,48,0,74,51,85
MPV-GEN-T8-N90-R09,plain,5,item-060,0,0,55,99,27,43
MPV-GEN-T8-N90-R09,plain,5,item-070,0,27,55,41,20,38
MPV-GEN-T8-N90-R09,plain,6,item-017,0,0,0,91,77,37
MPV-GEN-T8-N90-R09,plain,6,item-052,0,0,37,67,69,41
MPV-GEN-T8-N90-R09,plain,6,item-053,0,77,0,76,20,100
MPV-GEN-T8-N90-R09,plain,6,item-066,76,0,37,23,97,48
MPV-GEN-T8-N90-R09,plain,7,item-065,0,0,0,49,91,89
MPV-GEN-T8-N90-R09,plain,7,item-019,49,0,0,47,70,89
MPV-GEN-T8-N90-R09,plain,7,item-049,49,70,0,34,26,55
MPV-GEN-T8-N90-R09,plain,7,item-087,0,91,0,39,8,80
MPV-GEN-T8-N90-R09,plain,8,item-038,0,0,0,93,45,71
MPV-GEN-T8-N90-R09,plain,8,item-033,0,45,0,70,53,100
MPV-GEN-T8-N90-R09,plain,8,item-084,70,45,0,30,49,34
MPV-GEN-T8-N90-R09,plain,8,item-010,70,0,71,27,85,20
MPV-GEN-T8-N90-R09,plain,8,item-035,0,0,71,40,31,26
MPV-GEN-T8-N90-R09,plain,9,item-020,0,0,0,68,58,70
MPV-GEN-T8-N90-R09,plain,9,item-044,68,0,0,31,86,49
MPV-GEN-T8-N90-R09,plain,9,item-056,0,58,0,60,34,92
MPV-GEN-T8-N90-R09,plain,9,item-025,68,0,49,28,79,39
MPV-GEN-T8-N90-R09,plain,9,item-006,60,86,0,33,11,94
MPV-GEN-T8-N90-R09,plain,10,item-062,0,0,0,78,45,99
MPV-GEN-T8-N90-R09,plain,10,item-031,0,45,0,65,52,89
MPV-GEN-T8-N90-R09,plain,10,item-041,65,45,0,31,14,66
MPV-GEN-T8-N90-R09,plain,10,item-081,65,59,0,27,14,87
MPV-GEN-T8-N90-R09,plain,10,item-085,65,73,0,27,17,48
MPV-GEN-T8-N90-R09,plain,11,item-037,0,0,0,47,76,79
MPV-GEN-T8-N90-R09,plain,11,item-054,47,0,0,44,71,89
MPV-GEN-T8-N90-R09,plain,11,item-063,0,76,0,69,24,99
MPV-GEN-T8-N90-R09,plain,12,item-058,0,0,0,55,76,53
MPV-GEN-T8-N90-R09,plain,12,item-050,55,0,0,27,95,65
MPV-GEN-T8-N90-R09,plain,12,item-086,0,0,53,46,81,32
MPV-GEN-T8-N90-R09,plain,12,item-014,0,81,0,38,16,55
MPV-GEN-T8-N90-R09,plain,12,item-043,46,0,65,31,87,22
MPV-GEN-T8-N90-R09,plain,13,item-078,0,0,0,84,50,52
MPV-GEN-T8-N90-R09,plain,13,item-039,0,0,52,77,49,36
MPV-GEN-T8-N90-R09,plain,13,item-055,0,50,0,70,48,91
MPV-GEN-T8-N90-R09,plain,14,item-068,0,0,0,53,55,87
MPV-GEN-T8-N90-R09,plain,14,item-001,0,55,0,71,33,49
MPV-GEN-T8-N90-R09,plain,14,item-074,53,0,0,46,43,80
MPV-GEN-T8-N90-R09,plain,14,item-028,0,55,49,65,34,44
MPV-GEN-T8-N90-R09,plain,15,item-003,0,0,0,58,80,22
MPV-GEN-T8-N90-R09,plain,15,item-007,0,0,22,52,26,72
MPV-GEN-T8-N90-R09,plain,15,item-047,58,0,0,42,64,36
MPV-GEN-T8-N90-R09,plain,15,item-016,0,80,0,63,18,83
MPV-GEN-T8-N90-R09,plain,15,item-072,0,26,22,57,27,44
MPV-GEN-T8-N90-R09,plain,15,item-064,0,26,66,100,26,31
MPV-GEN-T8-N90-R09,plain,15,item-073,0,53,22,57,17,58
MPV-GEN-T8-N90-R09,plain,16,item-059,0,0,0,81,34,35
MPV-GEN-T8-N90-R09,plain,16,item-042,0,0,35,45,34,42
MPV-GEN-T8-N90-R09,plain,16,item-076,0,34,0,36,59,81
MPV-GEN-T8-N90-R09,plain,17,item-083,0,0,0,24,73,93
MPV-GEN-T8-N90-R10,plain,0,item-055,0,0,0,95,91,83
MPV-GEN-T8-N90-R10,plain,0,item-000,0,0,83,89,83,1
MPV-GEN-T8-N90-R10,plain,0,item-019,0,0,84,87,60,6
MPV-GEN-T8-N90-R10,plain,0,item-002,0,91,0,76,9,41
MPV-GEN-T8-N90-R10,plain,0,item-017,0,0,90,32,39,5
MPV-GEN-T8-N90-R10,plain,0,item-007,0,39,90,56,8,8
MPV-GEN-T8-N90-R10,plain,0,item-038,0,60,84,52,13,13
MPV-GEN-T8-N90-R10,plain,0,item-087,95,0,0,4,66,84
MPV-GEN-T8-N90-R10,plain,0,item-024,99,0,0,1,78,98
MPV-GEN-T8-N90-R10,plain,0,item-031,0,91,41,14,3,54
MPV-GEN-T8-N90-R10,plain,0,item-080,0,0,95,29,31,2
MPV-GEN-T8-N90-R10,plain,0,item-051,32,0,90,7,16,10
MPV-GEN-T8-N90-R10,plain,0,item-043,76,91,0,12,1,86
MPV-GEN-T8-N90-R10,plain,0,item-023,76,92,0,1,6,86
MPV-GEN-T8-N90-R10,plain,0,item-053,14,73,84,53,27,12
MPV-GEN-T8-N90-R10,plain,1,item-009,0,0,0,91,90,72
MPV-GEN-T8-N90-R10,plain,1,item-032,0,0,72,88,62,17
MPV-GEN-T8-N90-R10,plain,1,item-049,0,62,72,71,13,28
MPV-GEN-T8-N90-R10,plain,1,item-003,71,62,72,15,27,26
MPV-GEN-T8-N90-R10,plain,1,item-059,91,0,0,9,100,76
MPV-GEN-T8-N90-R10,plain,1,item-077,0,90,0,26,8,96
MPV-GEN-T8-N90-R10,plain,1,item-004,26,90,0,62,3,97
MPV-GEN-T8-N90-R10,plain,1,item-030,0,0,89,92,24,7
MPV-GEN-T8-N90-R10,plain,1,item-065,26,93,0,29,5,86
MPV-GEN-T8-N90-R10,plain,1,item-022,88,24,76,10,32,21
MPV-GEN-T8-N90-R10,plain,2,item-056,0,0,0,99,82,63
MPV-GEN-T8-N90-R10,plain,2,item-048,0,0,63,95,30,28
MPV-GEN-T8-N90-R10,plain,2,item-005,0,30,63,45,38,24
MPV-GEN-T8-N90-R10,plain,2,item-034,0,82,0,89,12,70
MPV-GEN-T8-N90-R10,plain,2,item-085,45,30,63,43,36,25
MPV-GEN-T8-N90-R10,plain,2,item-062,0,0,91,49,66,5
MPV-GEN-T8-N90-R10,plain,2,item-076,95,0,63,2,67,32
MPV-GEN-T8-N90-R10,plain,3,item-010,0,0,0,54,93,86
MPV-GEN-T8-N90-R10,plain,3,item-075,54,0,0,43,90,81
MPV-GEN-T8-N90-R10,plain,3,item-089,54,0,81,44,90,19
MPV-GEN-T8-N90-R10,plain,3,item-079,97,0,0,3,78,52
MPV-GEN-T8-N90-R10,plain,4,item-070,0,0,0,75,72,68
MPV-GEN-T8-N90-R10,plain,4,item-008,75,0,0,21,96,77
MPV-GEN-T8-N90-R10,plain,4,item-033,0,72,0,67,20,56
MPV-GEN-T8-N90-R10,plain,4,item-013,0,0,68,31,90,23
MPV-GEN-T8-N90-R10,plain,4,item-037,31,0,68,23,94,16
MPV-GEN-T8-N90-R10,plain,4,item-054,96,0,0,3,51,52
MPV-GEN-T8-N90-R10,plain,4,item-081,54,72,56,16,13,43
MPV-GEN-T8-N90-R10,plain,5,item-078,0,0,0,54,98,70
MPV-GEN-T8-N90-R10,plain,5,item-063,54,0,0,41,82,92
MPV-GEN-T8-N90-R10,plain,5,item-021,54,82,0,45,17,69
MPV-GEN-T8-N90-R10,plain,6,item-083,0,0,0,77,64,86
MPV-GEN-T8-N90-R10,plain,6,item-067,0,64,0,86,25,59
MPV-GEN-T8-N90-R10,plain,6,item-011,0,64,59,83,21,39
MPV-GEN-T8-N90-R10,plain,6,item-045,77,0,0,19,49,94
MPV-GEN-T8-N90-R10,plain,7,item-012,0,0,0,54,72,91
MPV-GEN-T8-N90-R10,plain,7,item-015,54,0,0,41,48,93
MPV-GEN-T8-N90-R10,plain,7,item-026,54,48,0,44,41,48
MPV-GEN-T8-N90-R10,plain,7,item-025,54,48,48,32,41,52
MPV-GEN-T8-N90-R10,plain,7,item-050,0,72,0,42,27,88
MPV-GEN-T8-N90-R10,plain,8,item-060,0,0,0,82,67,46
MPV-GEN-T8-N90-R10,plain,8,item-061,0,0,46,63,62,43
MPV-GEN-T8-N90-R10,plain,8,item-042,0,67,0,52,31,57
MPV-GEN-T8-N90-R10,plain,8,item-074,63,0,46,36,51,42
MPV-GEN-T8-N90-R10,plain,8,item-001,63,51,46,36,39,53
MPV-GEN-T8-N90-R10,plain,8,item-057,52,67,0,30,17,39
MPV-GEN-T8-N90-R10,plain,9,item-029,0,0,0,100,52,32
MPV-GEN-T8-N90-R10,plain,9,item-036,0,52,0,90,41,85
MPV-GEN-T8-N90-R10,plain,9,item-035,0,0,32,100,49,14
MPV-GEN-T8-N90-R10,plain,9,item-041,0,0,46,71,45,43
MPV-GEN-T8-N90-R10,plain,9,item-018,71,0,46,29,45,39
MPV-GEN-T8-N90-R10,plain,10,item-040,0,0,0,90,41,88
MPV-GEN-T8-N90-R10,plain,10,item-020,0,41,0,67,54,93
MPV-GEN-T8-N90-R10,plain,10,item-072,67,41,0,28,59,98
MPV-GEN-T8-N90-R10,plain,11,item-052,0,0,0,70,65,60
MPV-GEN-T8-N90-R10,plain,11,item-028,70,0,0,23,71,83
MPV-GEN-T8-N90-R10,plain,11,item-046,0,65,0,67,15,87
MPV-GEN-T8-N90-R10,plain,11,item-073,0,80,0,86,12,79
MPV-GEN-T8-N90-R10,plain,11,item-016,93,0,0,6,94,77
MPV-GEN-T8-N90-R10,plain,12,item-068,0,0,0,79,48,61
MPV-GEN-T8-N90-R10,plain,12,item-071,0,48,0,63,48,70
MPV-GEN-T8-N90-R10,plain,12,item-086,63,48,0,24,38,79
MPV-GEN-T8-N90-R10,plain,12,item-088,79,0,0,20,41,97
MPV-GEN-T8-N90-R10,plain,13,item-006,0,0,0,51,72,45
MPV-GEN-T8-N90-R10,plain,13,item-047,51,0,0,46,59,60
MPV-GEN-T8-N90-R10,plain,13,item-014,51,59,0,49,40,77
MPV-GEN-T8-N90-R10,plain,13,item-069,0,0,45,51,38,44
MPV-GEN-T8-N90-R10,plain,13,item-058,0,72,0,49,16,91
MPV-GEN-T8-N90-R10,plain,13,item-082,0,38,45,32,16,54
MPV-GEN-T8-N90-R10,plain,14,item-084,0,0,0,53,66,53
MPV-GEN-T8-N90-R10,plain,14,item-044,53,0,0,26,62,76
MPV-GEN-T8-N90-R10,plain,14,item-027,79,0,0,9,67,83
MPV-GEN-T8-N90-R10,plain,14,item-039,0,66,0,29,15,60
MPV-GEN-T8-N90-R10,plain,15,item-064,0,0,0,74,38,54
MPV-GEN-T8-N90-R10,plain,15,item-066,0,38,0,61,38,94
MPV-GEN-T9-N30-R01,plain,0,item-003,0,0,0,56,100,56
MPV-GEN-T9-N30-R01,plain,0,item-000,56,0,0,39,82,57
MPV-GEN-T9-N30-R01,plain,0,item-004,0,0,56,56,100,29
MPV-GEN-T9-N30-R01,plain,0,item-001,56,0,57,39,82,43
MPV-GEN-T9-N30-R01,plain,0,item-005,0,0,85,56,100,15
MPV-GEN-T9-N30-R01,plain,0,item-002,56,82,0,39,18,100
MPV-GEN-T9-N30-R01,plain,0,item-007,95,0,0,4,33,100
MPV-GEN-T9-N30-R01,plain,0,item-009,95,33,0,4,33,100
MPV-GEN-T9-N30-R01,plain,0,item-006,95,66,0,3,34,100
MPV-GEN-T9-N30-R01,plain,0,item-008,99,0,0,1,67,100
MPV-GEN-T9-N30-R01,plain,1,item-023,0,0,0,33,54,100
MPV-GEN-T9-N30-R01,plain,1,item-025,33,0,0,33,54,100
MPV-GEN-T9-N30-R01,plain,1,item-022,0,54,0,67,26,100
MPV-GEN-T9-N30-R01,plain,1,item-018,67,0,0,20,67,100
MPV-GEN-T9-N30-R01,plain,1,item-012,67,67,0,27,33,100
MPV-GEN-T9-N30-R01,plain,1,item-013,87,0,0,13,67,100
MPV-GEN-T9-N30-R01,plain,1,item-026,0,80,0,67,8,100
MPV-GEN-T9-N30-R01,plain,1,item-027,0,88,0,33,8,100
MPV-GEN-T9-N30-R01,plain,2,item-024,0,0,0,67,26,100
MPV-GEN-T9-N30-R01,plain,2,item-020,0,26,0,20,67,100
MPV-GEN-T9-N30-R01,plain,2,item-017,20,26,0,40,33,100
MPV-GEN-T9-N30-R01,plain,2,item-019,20,59,0,40,33,100
MPV-GEN-T9-N30-R01,plain,2,item-021,60,26,0,34,28,100
MPV-GEN-T9-N30-R01,plain,2,item-014,60,54,0,27,33,100
MPV-GEN-T9-N30-R01,plain,2,item-028,0,93,0,100,4,100
MPV-GEN-T9-N30-R01,plain,2,item-010,94,0,0,1,67,100
MPV-GEN-T9-N30-R01,plain,3,item-015,0,0,0,13,67,100
MPV-GEN-T9-N30-R01,plain,3,item-029,0,67,0,100,8,100
MPV-GEN-T9-N30-R01,plain,3,item-016,13,0,0,20,34,100
MPV-GEN-T9-N30-R01,plain,3,item-011,33,0,0,14,34,100
MPV-GEN-T9-N30-R02,plain,0,item-000,0,0,0,100,96,13
MPV-GEN-T9-N30-R02,plain,0,item-001,0,0,13,100,96,18
MPV-GEN-T9-N30-R02,plain,0,item-002,0,0,31,100,96,6
MPV-GEN-T9-N30-R02,plain,0,item-004,0,0,37,52,96,63
MPV-GEN-T9-N30-R02,plain,0,item-003,52,0,37,42,96,63
MPV-GEN-T9-N30-R02,plain,0,item-005,94,0,37,6,96,63
MPV-GEN-T9-N30-R02,plain,0,item-008,0,96,0,33,3,100
MPV-GEN-T9-N30-R02,plain,0,item-010,33,96,0,33,3,100
MPV-GEN-T9-N30-R02,plain,0,item-006,66,96,0,34,2,100
MPV-GEN-T9-N30-R02,plain,0,item-007,0,99,0,67,1,100
MPV-GEN-T9-N30-R02,plain,1,item-027,0,0,0,86,74,69
MPV-GEN-T9-N30-R02,plain,1,item-022,0,0,69,67,33,31
MPV-GEN-T9-N30-R02,plain,1,item-024,0,33,69,67,33,31
MPV-GEN-T9-N30-R02,plain,1,item-026,0,74,0,86,26,69
MPV-GEN-T9-N30-R02,plain,1,item-021,0,66,69,34,34,31
MPV-GEN-T9-N30-R02,plain,1,item-028,86,0,0,14,100,66
MPV-GEN-T9-N30-R02,plain,1,item-023,67,0,69,33,67,31
MPV-GEN-T9-N30-R02,plain,1,item-029,86,0,66,14,100,3
MPV-GEN-T9-N30-R02,plain,2,item-017,0,0,0,67,27,100
MPV-GEN-T9-N30-R02,plain,2,item-019,0,27,0,67,27,100
MPV-GEN-T9-N30-R02,plain,2,item-018,67,0,0,33,54,100
MPV-GEN-T9-N30-R02,plain,2,item-016,0,54,0,34,27,100
MPV-GEN-T9-N30-R02,plain,2,item-013,0,81,0,33,13,100
MPV-GEN-T9-N30-R02,plain,2,item-015,33,81,0,33,13,100
MPV-GEN-T9-N30-R02,plain,2,item-012,0,94,0,67,6,100
MPV-GEN-T9-N30-R02,plain,2,item-011,34,54,0,34,7,100
MPV-GEN-T9-N30-R02,plain,3,item-020,0,0,0,33,54,100
MPV-GEN-T9-N30-R02,plain,3,item-025,33,0,0,33,67,31
MPV-GEN-T9-N30-R02,plain,3,item-014,0,67,0,67,6,100
MPV-GEN-T9-N30-R02,plain,3,item-009,0,73,0,67,1,100
MPV-GEN-T9-N30-R03,plain,0,item-005,0,0,0,91,62,100
MPV-GEN-T9-N30-R03,plain,0,item-017,0,62,0,60,33,100
MPV-GEN-T9-N30-R03,plain,0,item-016,60,62,0,30,34,100
MPV-GEN-T9-N30-R03,plain,0,item-002,91,0,0,9,40,100
MPV-GEN-T9-N30-R03,plain,0,item-012,90,62,0,7,33,100
MPV-GEN-T9-N30-R03,plain,0,item-004,0,96,0,91,2,100
MPV-GEN-T9-N30-R03,plain,0,item-000,91,40,0,9,7,100
MPV-GEN-T9-N30-R03,plain,1,item-026,0,0,0,100,52,81
MPV-GEN-T9-N30-R03,plain,1,item-027,0,52,0,100,48,81
MPV-GEN-T9-N30-R03,plain,1,item-029,0,0,81,65,100,15
MPV-GEN-T9-N30-R03,plain,1,item-023,0,0,96,33,67,4
MPV-GEN-T9-N30-R03,plain,1,item-028,65,0,81,35,100,15
MPV-GEN-T9-N30-R03,plain,1,item-022,0,67,96,67,33,4
MPV-GEN-T9-N30-R03,plain,1,item-024,33,0,96,67,33,4
MPV-GEN-T9-N30-R03,plain,1,item-025,67,33,96,33,67,4
MPV-GEN-T9-N30-R03,plain,1,item-021,33,33,96,34,34,4
MPV-GEN-T9-N30-R03,plain,2,item-018,0,0,0,30,67,100
MPV-GEN-T9-N30-R03,plain,2,item-020,30,0,0,30,67,100
MPV-GEN-T9-N30-R03,plain,2,item-019,0,67,0,60,33,100
MPV-GEN-T9-N30-R03,plain,2,item-008,60,0,0,33,20,100
MPV-GEN-T9-N30-R03,plain,2,item-010,60,20,0,33,20,100
MPV-GEN-T9-N30-R03,plain,2,item-006,60,40,0,34,10,100
MPV-GEN-T9-N30-R03,plain,2,item-014,60,50,0,7,33,100
MPV-GEN-T9-N30-R03,plain,2,item-001,67,50,0,9,23,100
MPV-GEN-T9-N30-R03,plain,2,item-013,94,0,0,3,67,100
MPV-GEN-T9-N30-R03,plain,2,item-015,97,0,0,3,67,100
MPV-GEN-T9-N30-R03,plain,2,item-011,76,50,0,4,34,100
MPV-GEN-T9-N30-R03,plain,3,item-007,0,0,0,67,10,100
MPV-GEN-T9-N30-R03,plain,3,item-009,0,10,0,67,10,100
MPV-GEN-T9-N30-R03,plain,3,item-003,0,20,0,91,6,100
MPV-GEN-T9-N30-R04,plain,0,item-029,0,0,0,100,68,68
MPV-GEN-T9-N30-R04,plain,0,item-000,0,0,68,100,1,12
MPV-GEN-T9-N30-R04,plain,0,item-007,0,68,0,67,32,100
MPV-GEN-T9-N30-R04,plain,0,item-004,0,0,80,59,1,1
MPV-GEN-T9-N30-R04,plain,0,item-023,67,68,0,33,18,100
MPV-GEN-T9-N30-R04,plain,1,item-008,0,0,0,33,66,100
MPV-GEN-T9-N30-R04,plain,1,item-010,33,0,0,33,66,100
MPV-GEN-T9-N30-R04,plain,1,item-009,0,66,0,67,32,100
MPV-GEN-T9-N30-R04,plain,1,item-013,66,0,0,33,50,100
MPV-GEN-T9-N30-R04,plain,1,item-015,67,50,0,33,50,100
MPV-GEN-T9-N30-R04,plain,1,item-003,0,98,0,59,1,99
MPV-GEN-T9-N30-R04,plain,1,item-005,0,99,0,41,1,100
MPV-GEN-T9-N30-R04,plain,2,item-012,0,0,0,67,25,100
MPV-GEN-T9-N30-R04,plain,2,item-014,0,25,0,67,25,100
MPV-GEN-T9-N30-R04,plain,2,item-006,0,50,0,34,34,100
MPV-GEN-T9-N30-R04,plain,2,item-011,34,50,0,34,25,100
MPV-GEN-T9-N30-R04,plain,2,item-025,34,75,0,33,18,100
MPV-GEN-T9-N30-R04,plain,2,item-018,67,0,0,33,17,100
MPV-GEN-T9-N30-R04,plain,2,item-020,67,17,0,33,17,100
MPV-GEN-T9-N30-R04,plain,2,item-028,0,93,0,100,6,68
MPV-GEN-T9-N30-R04,plain,2,item-016,0,84,0,34,9,100
MPV-GEN-T9-N30-R04,plain,2,item-001,0,99,0,100,1,33
MPV-GEN-T9-N30-R04,plain,2,item-002,0,99,33,100,1,55
MPV-GEN-T9-N30-R04,plain,3,item-026,0,0,0,59,74,32
MPV-GEN-T9-N30-R04,plain,3,item-027,0,0,32,41,74,32
MPV-GEN-T9-N30-R04,plain,3,item-017,0,74,0,67,8,100
MPV-GEN-T9-N30-R04,plain,3,item-019,0,82,0,67,8,100
MPV-GEN-T9-N30-R04,plain,3,item-022,0,90,0,67,8,100
MPV-GEN-T9-N30-R04,plain,3,item-021,59,0,0,34,10,100
MPV-GEN-T9-N30-R04,plain,4,item-024,0,0,0,67,8,100
MPV-GEN-T9-N30-R05,plain,0,item-007,0,0,0,67,32,100
MPV-GEN-T9-N30-R05,plain,0,item-009,0,32,0,67,32,100
MPV-GEN-T9-N30-R05,plain,0,item-008,67,0,0,33,64,100
MPV-GEN-T9-N30-R05,plain,0,item-029,0,64,0,100,18,100
MPV-GEN-T9-N30-R05,plain,0,item-017,0,82,0,67,17,100
MPV-GEN-T9-N30-R05,plain,0,item-000,0,99,0,29,1,100
MPV-GEN-T9-N30-R05,plain,0,item-001,29,99,0,29,1,100
MPV-GEN-T9-N30-R05,plain,0,item-004,58,99,0,42,1,16
MPV-GEN-T9-N30-R05,plain,0,item-027,67,82,0,3,2,100
MPV-GEN-T9-N30-R05,plain,1,item-010,0,0,0,33,64,100
MPV-GEN-T9-N30-R05,plain,1,item-022,0,64,0,67,26,100
MPV-GEN-T9-N30-R05,plain,1,item-024,33,0,0,67,26,100
MPV-GEN-T9-N30-R05,plain,1,item-023,67,26,0,33,52,100
MPV-GEN-T9-N30-R05,plain,1,item-018,33,26,0,33,36,100
MPV-GEN-T9-N30-R05,plain,1,item-028,0,90,0,100,2,100
MPV-GEN-T9-N30-R05,plain,1,item-026,0,92,0,97,2,100
MPV-GEN-T9-N30-R05,plain,1,item-002,0,94,0,58,3,100
MPV-GEN-T9-N30-R05,plain,1,item-005,58,94,0,42,4,84
MPV-GEN-T9-N30-R05,plain,1,item-003,58,94,84,42,3,16
MPV-GEN-T9-N30-R05,plain,2,item-025,0,0,0,33,52,100
MPV-GEN-T9-N30-R05,plain,2,item-020,0,52,0,33,36,100
MPV-GEN-T9-N30-R05,plain,2,item-019,33,0,0,67,17,100
MPV-GEN-T9-N30-R05,plain,2,item-006,33,17,0,34,32,100
MPV-GEN-T9-N30-R05,plain,2,item-013,33,49,0,33,32,100
MPV-GEN-T9-N30-R05,plain,2,item-015,66,49,0,33,32,100
MPV-GEN-T9-N30-R05,plain,2,item-012,33,81,0,67,15,100
MPV-GEN-T9-N30-R05,plain,3,item-014,0,0,0,67,15,100
MPV-GEN-T9-N30-R05,plain,3,item-021,0,15,0,34,26,100
MPV-GEN-T9-N30-R05,plain,3,item-016,0,41,0,34,19,100
MPV-GEN-T9-N30-R05,plain,3,item-011,0,60,0,34,17,100
MPV-GEN-T9-N30-R06,plain,0,item-002,0,0,0,100,100,3
MPV-GEN-T9-N30-R06,plain,0,item-005,0,0,3,100,77,1
MPV-GEN-T9-N30-R06,plain,0,item-026,0,0,4,68,54,93
MPV-GEN-T9-N30-R06,plain,0,item-007,0,54,4,67,33,95
MPV-GEN-T9-N30-R06,plain,0,item-028,68,0,4,16,100,93
MPV-GEN-T9-N30-R06,plain,0,item-029,84,0,4,16,100,93
MPV-GEN-T9-N30-R06,plain,0,item-000,0,0,99,59,100,1
MPV-GEN-T9-N30-R06,plain,0,item-001,59,0,99,41,100,1
MPV-GEN-T9-N30-R06,plain,0,item-004,0,0,97,81,23,1
MPV-GEN-T9-N30-R06,plain,0,item-003,0,0,98,19,23,1
MPV-GEN-T9-N30-R06,plain,1,item-027,0,0,0,68,46,93
MPV-GEN-T9-N30-R06,plain,1,item-009,0,46,0,67,33,95
MPV-GEN-T9-N30-R06,plain,1,item-022,0,0,93,67,33,7
MPV-GEN-T9-N30-R06,plain,1,item-023,67,0,93,33,67,7
MPV-GEN-T9-N30-R06,plain,2,item-008,0,0,0,33,67,95
MPV-GEN-T9-N30-R06,plain,2,item-010,33,0,0,33,67,95
MPV-GEN-T9-N30-R06,plain,2,item-017,0,67,0,67,33,82
MPV-GEN-T9-N30-R06,plain,2,item-018,66,0,0,33,67,82
MPV-GEN-T9-N30-R06,plain,2,item-012,0,67,82,67,33,18
MPV-GEN-T9-N30-R06,plain,2,item-013,66,0,82,33,67,18
MPV-GEN-T9-N30-R06,plain,3,item-019,0,0,0,67,33,82
MPV-GEN-T9-N30-R06,plain,3,item-020,0,33,0,33,67,82
MPV-GEN-T9-N30-R06,plain,3,item-006,33,33,0,34,34,95
MPV-GEN-T9-N30-R06,plain,3,item-014,0,0,82,67,33,18
MPV-GEN-T9-N30-R06,plain,3,item-015,0,33,82,33,67,18
MPV-GEN-T9-N30-R06,plain,3,item-024,33,67,0,67,33,7
MPV-GEN-T9-N30-R06,plain,3,item-025,67,0,0,33,67,7
MPV-GEN-T9-N30-R06,plain,4,item-011,0,0,0,34,34,18
MPV-GEN-T9-N30-R06,plain,4,item-016,0,0,18,34,34,82
MPV-GEN-T9-N30-R06,plain,4,item-021,0,34,0,34,34,7
MPV-GEN-T9-N30-R07,plain,0,item-002,0,0,0,100,89,4
MPV-GEN-T9-N30-R07,plain,0,item-005,0,0,4,100,69,5
MPV-GEN-T9-N30-R07,plain,0,item-007,0,0,9,67,33,91
MPV-GEN-T9-N30-R07,plain,0,item-008,67,0,9,33,67,91
MPV-GEN-T9-N30-R07,plain,0,item-009,0,33,9,67,33,91
MPV-GEN-T9-N30-R07,plain,0,item-004,0,69,4,100,16,5
MPV-GEN-T9-N30-R07,plain,0,item-003,0,67,9,100,15,5
MPV-GEN-T9-N30-R07,plain,0,item-000,0,67,14,100,11,1
MPV-GEN-T9-N30-R07,plain,0,item-001,0,67,15,100,11,3
MPV-GEN-T9-N30-R07,plain,0,item-027,0,89,0,93,11,100
MPV-GEN-T9-N30-R07,plain,0,item-028,93,67,18,7,24,1
MPV-GEN-T9-N30-R07,plain,1,item-010,0,0,0,33,67,91
MPV-GEN-T9-N30-R07,plain,1,item-012,0,67,0,67,33,99
MPV-GEN-T9-N30-R07,plain,1,item-013,33,0,0,33,67,99
MPV-GEN-T9-N30-R07,plain,1,item-015,66,0,0,33,67,99
MPV-GEN-T9-N30-R07,plain,1,item-029,67,67,0,7,24,99
MPV-GEN-T9-N30-R07,plain,1,item-017,0,0,99,67,33,1
MPV-GEN-T9-N30-R07,plain,1,item-018,0,0,91,33,67,1
MPV-GEN-T9-N30-R07,plain,1,item-019,0,33,99,67,33,1
MPV-GEN-T9-N30-R07,plain,1,item-020,0,0,92,33,67,1
MPV-GEN-T9-N30-R07,plain,1,item-016,0,66,99,34,34,1
MPV-GEN-T9-N30-R07,plain,2,item-014,0,0,0,67,33,99
MPV-GEN-T9-N30-R07,plain,2,item-023,0,33,0,33,51,100
MPV-GEN-T9-N30-R07,plain,2,item-025,33,33,0,33,51,100
MPV-GEN-T9-N30-R07,plain,2,item-026,0,84,0,93,13,100
MPV-GEN-T9-N30-R07,plain,2,item-006,66,33,0,34,34,91
MPV-GEN-T9-N30-R07,plain,3,item-022,0,0,0,67,25,100
MPV-GEN-T9-N30-R07,plain,3,item-024,0,25,0,67,25,100
MPV-GEN-T9-N30-R07,plain,3,item-011,0,50,0,34,34,99
MPV-GEN-T9-N30-R07,plain,3,item-021,34,50,0,34,26,100
MPV-GEN-T9-N30-R08,plain,0,item-028,0,0,0,99,83,75
MPV-GEN-T9-N30-R08,plain,0,item-022,0,0,75,67,33,25
MPV-GEN-T9-N30-R08,plain,0,item-024,0,33,75,67,33,25
MPV-GEN-T9-N30-R08,plain,0,item-000,67,0,75,10,82,12
MPV-GEN-T9-N30-R08,plain,0,item-001,77,0,75,10,82,20
MPV-GEN-T9-N30-R08,plain,0,item-026,0,83,0,100,17,29
MPV-GEN-T9-N30-R08,plain,0,item-027,0,83,29,100,17,46
MPV-GEN-T9-N30-R08,plain,0,item-021,0,66,75,34,34,25
MPV-GEN-T9-N30-R08,plain,0,item-029,99,0,0,1,83,75
MPV-GEN-T9-N30-R08,plain,1,item-008,0,0,0,30,67,100
MPV-GEN-T9-N30-R08,plain,1,item-010,30,0,0,30,67,100
MPV-GEN-T9-N30-R08,plain,1,item-007,0,67,0,60,33,100
MPV-GEN-T9-N30-R08,plain,1,item-013,60,0,0,26,67,100
MPV-GEN-T9-N30-R08,plain,1,item-002,86,0,0,10,82,68
MPV-GEN-T9-N30-R08,plain,1,item-017,60,67,0,15,33,100
MPV-GEN-T9-N30-R08,plain,1,item-005,75,67,0,8,18,100
MPV-GEN-T9-N30-R08,plain,1,item-003,83,67,0,2,18,52
MPV-GEN-T9-N30-R08,plain,1,item-004,83,67,52,2,18,48
MPV-GEN-T9-N30-R08,plain,2,item-009,0,0,0,60,33,100
MPV-GEN-T9-N30-R08,plain,2,item-015,0,33,0,26,67,100
MPV-GEN-T9-N30-R08,plain,2,item-012,26,33,0,52,33,100
MPV-GEN-T9-N30-R08,plain,2,item-014,26,66,0,52,33,100
MPV-GEN-T9-N30-R08,plain,2,item-019,60,0,0,15,33,100
MPV-GEN-T9-N30-R08,plain,2,item-018,78,0,0,7,67,100
MPV-GEN-T9-N30-R08,plain,2,item-020,85,0,0,7,67,100
MPV-GEN-T9-N30-R08,plain,2,item-016,92,0,0,8,34,100
MPV-GEN-T9-N30-R08,plain,3,item-006,0,0,0,30,34,100
MPV-GEN-T9-N30-R08,plain,3,item-011,0,34,0,26,34,100
MPV-GEN-T9-N30-R08,plain,3,item-023,30,0,0,33,67,25
MPV-GEN-T9-N30-R08,plain,3,item-025,30,0,25,33,67,25
MPV-GEN-T9-N30-R09,plain,0,item-007,0,0,0,59,33,100
MPV-GEN-T9-N30-R09,plain,0,item-009,0,33,0,59,33,100
MPV-GEN-T9-N30-R09,plain,0,item-008,59,0,0,29,67,100
MPV-GEN-T9-N30-R09,plain,0,item-012,0,67,0,67,26,100
MPV-GEN-T9-N30-R09,plain,0,item-002,88,0,0,11,48,100
MPV-GEN-T9-N30-R09,plain,0,item-018,67,67,0,33,14,100
MPV-GEN-T9-N30-R09,plain,0,item-020,67,81,0,33,14,100
MPV-GEN-T9-N30-R09,plain,0,item-017,0,93,0,67,6,100
MPV-GEN-T9-N30-R09,plain,0,item-001,88,48,0,11,19,100
MPV-GEN-T9-N30-R09,plain,1,item-010,0,0,0,29,67,100
MPV-GEN-T9-N30-R09,plain,1,item-013,29,0,0,33,54,100
MPV-GEN-T9-N30-R09,plain,1,item-015,62,0,0,33,54,100
MPV-GEN-T9-N30-R09,plain,1,item-014,0,67,0,67,26,100
MPV-GEN-T9-N30-R09,plain,1,item-006,67,54,0,30,34,100
MPV-GEN-T9-N30-R09,plain,1,item-019,0,93,0,67,6,100
MPV-GEN-T9-N30-R09,plain,1,item-016,29,54,0,34,8,100
MPV-GEN-T9-N30-R09,plain,1,item-003,97,0,0,1,100,28
MPV-GEN-T9-N30-R09,plain,1,item-004,97,0,28,1,100,5
MPV-GEN-T9-N30-R09,plain,1,item-005,97,0,33,1,100,67
MPV-GEN-T9-N30-R09,plain,2,item-022,0,0,0,48,33,100
MPV-GEN-T9-N30-R09,plain,2,item-024,0,33,0,48,33,100
MPV-GEN-T9-N30-R09,plain,2,item-023,48,0,0,23,67,100
MPV-GEN-T9-N30-R09,plain,2,item-025,71,0,0,23,67,100
MPV-GEN-T9-N30-R09,plain,2,item-011,0,66,0,34,28,100
MPV-GEN-T9-N30-R09,plain,2,item-000,34,66,0,11,33,100
MPV-GEN-T9-N30-R09,plain,3,item-021,0,0,0,25,34,100
MPV-GEN-T9-N30-R09,plain,3,item-026,25,0,0,16,100,46
MPV-GEN-T9-N30-R09,plain,3,item-027,25,0,46,13,100,46
MPV-GEN-T9-N30-R09,plain,3,item-029,41,0,0,29,52,54
MPV-GEN-T9-N30-R09,plain,3,item-028,41,52,0,29,48,54
MPV-GEN-T9-N30-R10,plain,0,item-027,0,0,0,58,100,59
MPV-GEN-T9-N30-R10,plain,0,item-008,58,0,0,33,57,100
MPV-GEN-T9-N30-R10,plain,0,item-028,0,0,59,42,100,36
MPV-GEN-T9-N30-R10,plain,0,item-006,58,57,0,34,29,100
MPV-GEN-T9-N30-R10,plain,0,item-011,58,86,0,34,11,100
MPV-GEN-T9-N30-R10,plain,1,item-010,0,0,0,33,57,100
MPV-GEN-T9-N30-R10,plain,1,item-007,0,57,0,67,28,100
MPV-GEN-T9-N30-R10,plain,1,item-009,33,0,0,67,28,100
MPV-GEN-T9-N30-R10,plain,1,item-017,33,28,0,67,23,100
MPV-GEN-T9-N30-R10,plain,1,item-018,67,51,0,33,46,100
MPV-GEN-T9-N30-R10,plain,1,item-012,0,85,0,67,10,100
MPV-GEN-T9-N30-R10,plain,1,item-000,0,97,0,100,1,7
MPV-GEN-T9-N30-R10,plain,2,item-029,0,0,0,42,100,39
MPV-GEN-T9-N30-R10,plain,2,item-020,42,0,0,33,46,100
MPV-GEN-T9-N30-R10,plain,2,item-016,42,46,0,34,23,100
MPV-GEN-T9-N30-R10,plain,2,item-013,42,69,0,33,21,100
MPV-GEN-T9-N30-R10,plain,2,item-023,0,0,39,33,67,25
MPV-GEN-T9-N30-R10,plain,2,item-025,0,0,64,33,67,25
MPV-GEN-T9-N30-R10,plain,2,item-003,75,0,0,11,11,69
MPV-GEN-T9-N30-R10,plain,3,item-019,0,0,0,67,23,100
MPV-GEN-T9-N30-R10,plain,3,item-022,0,23,0,67,33,25
MPV-GEN-T9-N30-R10,plain,3,item-024,0,23,25,67,33,25
MPV-GEN-T9-N30-R10,plain,3,item-002,0,56,0,100,15,24
MPV-GEN-T9-N30-R10,plain,3,item-001,0,56,24,100,14,7
MPV-GEN-T9-N30-R10,plain,3,item-004,0,56,31,89,11,69
MPV-GEN-T9-N30-R10,plain,3,item-015,0,71,0,33,21,100
MPV-GEN-T9-N30-R10,plain,3,item-014,33,71,0,67,10,100
MPV-GEN-T9-N30-R10,plain,3,item-005,0,92,0,100,4,69
MPV-GEN-T9-N30-R10,plain,4,item-026,0,0,0,58,100,16
MPV-GEN-T9-N30-R10,plain,4,item-021,0,0,16,34,34,25
MPV-GEN-T9-N60-R01,plain,0,item-005,0,0,0,78,100,40
MPV-GEN-T9-N60-R01,plain,0,item-004,0,0,40,60,100,14
MPV-GEN-T9-N60-R01,plain,0,item-000,78,0,0,22,67,54
MPV-GEN-T9-N60-R01,plain,0,item-012,0,0,54,39,33,41
MPV-GEN-T9-N60-R01,plain,0,item-014,0,33,54,39,33,41
MPV-GEN-T9-N60-R01,plain,0,item-013,39,0,54,19,67,41
MPV-GEN-T9-N60-R01,plain,0,item-017,0,66,54,28,33,41
MPV-GEN-T9-N60-R01,plain,0,item-018,60,0,40,14,67,41
MPV-GEN-T9-N60-R01,plain,0,item-019,28,67,54,28,33,41
MPV-GEN-T9-N60-R01,plain,0,item-002,78,67,0,22,30,54
MPV-GEN-T9-N60-R01,plain,0,item-006,0,0,95,34,34,5
MPV-GEN-T9-N60-R01,plain,0,item-059,60,67,40,10,15,30
MPV-GEN-T9-N60-R01,plain,0,item-001,78,97,0,22,3,54
MPV-GEN-T9-N60-R01,plain,0,item-011,74,0,54,20,34,41
MPV-GEN-T9-N60-R01,plain,0,item-007,0,34,95,67,33,5
MPV-GEN-T9-N60-R01,plain,0,item-016,74,34,54,14,34,41
MPV-GEN-T9-N60-R01,plain,0,item-008,67,0,95,33,67,5
MPV-GEN-T9-N60-R01,plain,0,item-009,0,67,95,67,33,5
MPV-GEN-T9-N60-R01,plain,0,item-023,58,0,54,2,67,9
MPV-GEN-T9-N60-R01,plain,0,item-025,58,0,63,2,67,9
MPV-GEN-T9-N60-R01,plain,0,item-021,58,0,72,2,34,9
MPV-GEN-T9-N60-R01,plain,0,item-022,58,0,81,4,33,9
MPV-GEN-T9-N60-R01,plain,0,item-024,58,0,90,4,33,9
MPV-GEN-T9-N60-R01,plain,0,item-046,56,68,70,34,29,13
MPV-GEN-T9-N60-R01,plain,1,item-032,0,0,0,55,33,91
MPV-GEN-T9-N60-R01,plain,1,item-034,0,33,0,55,33,91
MPV-GEN-T9-N60-R01,plain,1,item-033,55,0,0,27,67,91
MPV-GEN-T9-N60-R01,plain,1,item-042,0,67,0,67,28,87
MPV-GEN-T9-N60-R01,plain,1,item-003,82,0,0,18,100,14
MPV-GEN-T9-N60-R01,plain,1,item-020,82,0,14,14,67,41
MPV-GEN-T9-N60-R01,plain,1,item-027,0,0,91,63,33,9
MPV-GEN-T9-N60-R01,plain,1,item-029,0,33,91,63,33,9
MPV-GEN-T9-N60-R01,plain,1,item-037,67,67,0,12,33,91
MPV-GEN-T9-N60-R01,plain,1,item-047,0,67,87,67,28,13
MPV-GEN-T9-N60-R01,plain,1,item-052,0,95,0,47,5,100
MPV-GEN-T9-N60-R01,plain,1,item-028,63,0,91,31,67,9
MPV-GEN-T9-N60-R01,plain,1,item-057,47,95,0,20,3,100
MPV-GEN-T9-N60-R01,plain,1,item-058,79,67,14,10,15,70
MPV-GEN-T9-N60-R01,plain,2,item-010,0,0,0,33,67,5
MPV-GEN-T9-N60-R01,plain,2,item-035,0,0,5,27,67,91
MPV-GEN-T9-N60-R01,plain,2,item-043,33,0,0,33,57,87
MPV-GEN-T9-N60-R01,plain,2,item-045,66,0,0,33,57,87
MPV-GEN-T9-N60-R01,plain,2,item-038,27,0,5,6,67,91
MPV-GEN-T9-N60-R01,plain,2,item-048,33,0,87,33,57,13
MPV-GEN-T9-N60-R01,plain,2,item-050,66,0,87,33,57,13
MPV-GEN-T9-N60-R01,plain,2,item-044,0,67,0,67,28,87
MPV-GEN-T9-N60-R01,plain,2,item-049,0,67,87,67,28,13
MPV-GEN-T9-N60-R01,plain,2,item-026,67,57,0,32,34,9
MPV-GEN-T9-N60-R01,plain,2,item-031,67,57,9,28,34,91
MPV-GEN-T9-N60-R01,plain,2,item-054,0,95,0,47,5,100
MPV-GEN-T9-N60-R01,plain,2,item-053,33,57,0,23,10,100
MPV-GEN-T9-N60-R01,plain,2,item-051,47,95,0,24,5,100
MPV-GEN-T9-N60-R01,plain,3,item-015,0,0,0,19,67,41
MPV-GEN-T9-N60-R01,plain,3,item-030,19,0,0,31,67,9
MPV-GEN-T9-N60-R01,plain,3,item-040,19,0,9,6,67,91
MPV-GEN-T9-N60-R01,plain,3,item-039,25,0,9,12,33,91
MPV-GEN-T9-N60-R01,plain,3,item-036,25,33,9,6,34,91
MPV-GEN-T9-N60-R01,plain,3,item-041,0,67,0,34,29,87
MPV-GEN-T9-N60-R01,plain,3,item-056,34,67,0,20,12,100
MPV-GEN-T9-N60-R01,plain,3,item-055,34,79,0,23,10,100
MPV-GEN-T9-N60-R02,plain,0,item-047,0,0,0,67,33,87
MPV-GEN-T9-N60-R02,plain,0,item-048,0,33,0,33,67,87
MPV-GEN-T9-N60-R02,plain,0,item-049,33,33,0,67,33,87
MPV-GEN-T9-N60-R02,plain,0,item-042,0,0,87,67,33,9
MPV-GEN-T9-N60-R02,plain,0,item-037,33,66,0,67,17,100
MPV-GEN-T9-N60-R02,plain,0,item-039,33,83,0,67,17,100
MPV-GEN-T9-N60-R02,plain,0,item-017,67,0,0,18,33,100
MPV-GEN-T9-N60-R02,plain,0,item-007,85,0,0,12,33,100
MPV-GEN-T9-N60-R02,plain,0,item-043,0,33,87,33,67,9
MPV-GEN-T9-N60-R02,plain,0,item-044,33,33,87,67,33,9
MPV-GEN-T9-N60-R02,plain,0,item-052,0,0,96,67,33,3
MPV-GEN-T9-N60-R02,plain,0,item-053,0,33,96,33,67,3
MPV-GEN-T9-N60-R02,plain,0,item-054,33,33,96,67,33,3
MPV-GEN-T9-N60-R02,plain,0,item-057,0,33,99,100,11,1
MPV-GEN-T9-N60-R02,plain,0,item-056,0,44,99,100,2,1
MPV-GEN-T9-N60-R02,plain,1,item-050,0,0,0,33,67,87
MPV-GEN-T9-N60-R02,plain,1,item-000,33,0,0,40,41,91
MPV-GEN-T9-N60-R02,plain,1,item-045,0,0,87,33,67,9
MPV-GEN-T9-N60-R02,plain,1,item-002,33,41,0,42,41,9
MPV-GEN-T9-N60-R02,plain,1,item-041,33,0,91,34,34,9
MPV-GEN-T9-N60-R02,plain,1,item-046,33,41,9,34,34,87
MPV-GEN-T9-N60-R02,plain,1,item-001,67,41,9,2,41,91
MPV-GEN-T9-N60-R02,plain,1,item-036,0,82,0,34,18,100
MPV-GEN-T9-N60-R02,plain,1,item-018,75,0,0,9,67,100
MPV-GEN-T9-N60-R02,plain,1,item-020,84,0,0,9,67,100
MPV-GEN-T9-N60-R02,plain,1,item-019,75,67,0,18,33,100
MPV-GEN-T9-N60-R02,plain,1,item-023,34,82,0,33,16,100
MPV-GEN-T9-N60-R02,plain,1,item-008,93,0,0,6,67,100
MPV-GEN-T9-N60-R02,plain,1,item-033,0,67,0,33,12,100
MPV-GEN-T9-N60-R02,plain,1,item-026,34,98,0,34,2,100
MPV-GEN-T9-N60-R02,plain,1,item-055,0,0,96,33,67,3
MPV-GEN-T9-N60-R02,plain,1,item-051,33,34,96,34,34,3
MPV-GEN-T9-N60-R02,plain,1,item-058,69,0,91,5,87,1
MPV-GEN-T9-N60-R02,plain,2,item-004,0,0,0,40,35,100
MPV-GEN-T9-N60-R02,plain,2,item-038,0,35,0,33,35,100
MPV-GEN-T9-N60-R02,plain,2,item-040,33,35,0,33,35,100
MPV-GEN-T9-N60-R02,plain,2,item-003,0,70,0,40,24,100
MPV-GEN-T9-N60-R02,plain,2,item-025,40,0,0,33,16,100
MPV-GEN-T9-N60-R02,plain,2,item-010,66,16,0,6,67,100
MPV-GEN-T9-N60-R02,plain,2,item-032,0,94,0,67,6,100
MPV-GEN-T9-N60-R02,plain,2,item-009,72,16,0,12,33,100
MPV-GEN-T9-N60-R02,plain,2,item-035,67,83,0,33,12,100
MPV-GEN-T9-N60-R02,plain,2,item-016,72,49,0,9,34,100
MPV-GEN-T9-N60-R02,plain,2,item-012,81,49,0,9,33,100
MPV-GEN-T9-N60-R02,plain,2,item-014,84,0,0,9,33,100
MPV-GEN-T9-N60-R02,plain,2,item-013,93,0,0,4,67,100
MPV-GEN-T9-N60-R02,plain,2,item-028,67,95,0,33,4,100
MPV-GEN-T9-N60-R02,plain,2,item-005,97,0,0,2,59,100
MPV-GEN-T9-N60-R02,plain,3,item-022,0,0,0,67,8,100
MPV-GEN-T9-N60-R02,plain,3,item-024,0,8,0,67,8,100
MPV-GEN-T9-N60-R02,plain,3,item-034,0,16,0,67,6,100
MPV-GEN-T9-N60-R02,plain,3,item-021,0,22,0,34,8,100
MPV-GEN-T9-N60-R02,plain,3,item-015,0,30,0,4,67,100
MPV-GEN-T9-N60-R02,plain,3,item-006,4,30,0,6,34,100
MPV-GEN-T9-N60-R02,plain,3,item-031,4,64,0,34,6,100
MPV-GEN-T9-N60-R02,plain,3,item-011,10,30,0,5,34,100
MPV-GEN-T9-N60-R02,plain,3,item-027,0,97,0,67,2,100
MPV-GEN-T9-N60-R02,plain,3,item-029,4,70,0,67,2,100
MPV-GEN-T9-N60-R02,plain,3,item-030,4,72,0,33,4,100
MPV-GEN-T9-N60-R02,plain,4,item-059,0,0,0,95,87,1
MPV-GEN-T9-N60-R03,plain,0,item-005,0,0,0,28,100,100
MPV-GEN-T9-N60-R03,plain,0,item-052,28,0,0,61,33,94
MPV-GEN-T9-N60-R03,plain,0,item-054,28,33,0,61,33,94
MPV-GEN-T9-N60-R03,plain,0,item-051,28,66,0,31,34,94
MPV-GEN-T9-N60-R03,plain,0,item-003,89,0,0,6,100,100
MPV-GEN-T9-N60-R03,plain,0,item-017,59,66,0,15,33,100
MPV-GEN-T9-N60-R03,plain,0,item-019,74,66,0,15,33,100
MPV-GEN-T9-N60-R03,plain,0,item-013,95,0,0,5,67,100
MPV-GEN-T9-N60-R03,plain,0,item-058,28,0,94,51,66,6
MPV-GEN-T9-N60-R03,plain,0,item-007,95,67,0,2,33,100
MPV-GEN-T9-N60-R03,plain,0,item-009,97,67,0,2,33,100
MPV-GEN-T9-N60-R03,plain,0,item-057,28,66,94,26,34,6
MPV-GEN-T9-N60-R03,plain,1,item-053,0,0,0,30,67,94
MPV-GEN-T9-N60-R03,plain,1,item-055,30,0,0,30,67,94
MPV-GEN-T9-N60-R03,plain,1,item-002,60,0,0,16,100,100
MPV-GEN-T9-N60-R03,plain,1,item-027,0,67,0,52,17,100
MPV-GEN-T9-N60-R03,plain,1,item-004,76,0,0,6,100,100
MPV-GEN-T9-N60-R03,plain,1,item-038,0,84,0,33,16,100
MPV-GEN-T9-N60-R03,plain,1,item-018,82,0,0,7,67,100
MPV-GEN-T9-N60-R03,plain,1,item-020,89,0,0,7,67,100
MPV-GEN-T9-N60-R03,plain,1,item-012,82,67,0,11,33,100
MPV-GEN-T9-N60-R03,plain,1,item-000,96,0,0,2,100,100
MPV-GEN-T9-N60-R03,plain,1,item-042,52,67,0,6,33,80
MPV-GEN-T9-N60-R03,plain,1,item-059,0,0,94,40,66,6
MPV-GEN-T9-N60-R03,plain,1,item-001,98,0,0,1,100,100
MPV-GEN-T9-N60-R03,plain,1,item-008,99,0,0,1,67,100
MPV-GEN-T9-N60-R03,plain,1,item-047,52,67,80,6,33,20
MPV-GEN-T9-N60-R03,plain,2,item-028,0,0,0,26,35,100
MPV-GEN-T9-N60-R03,plain,2,item-030,0,35,0,26,35,100
MPV-GEN-T9-N60-R03,plain,2,item-029,0,70,0,52,17,100
MPV-GEN-T9-N60-R03,plain,2,item-033,26,0,0,33,17,100
MPV-GEN-T9-N60-R03,plain,2,item-035,26,17,0,33,17,100
MPV-GEN-T9-N60-R03,plain,2,item-032,0,87,0,67,8,100
MPV-GEN-T9-N60-R03,plain,2,item-034,26,34,0,67,8,100
MPV-GEN-T9-N60-R03,plain,2,item-040,26,42,0,33,16,100
MPV-GEN-T9-N60-R03,plain,2,item-037,26,58,0,67,7,100
MPV-GEN-T9-N60-R03,plain,2,item-026,52,65,0,26,18,100
MPV-GEN-T9-N60-R03,plain,2,item-014,59,0,0,11,33,100
MPV-GEN-T9-N60-R03,plain,2,item-015,93,0,0,5,67,100
MPV-GEN-T9-N60-R03,plain,2,item-031,59,42,0,34,9,100
MPV-GEN-T9-N60-R03,plain,2,item-016,70,0,0,8,34,100
MPV-GEN-T9-N60-R03,plain,2,item-022,67,83,0,15,17,100
MPV-GEN-T9-N60-R03,plain,2,item-024,78,0,0,15,17,100
MPV-GEN-T9-N60-R03,plain,2,item-023,82,65,0,7,35,100
MPV-GEN-T9-N60-R03,plain,2,item-044,89,67,0,6,33,80
MPV-GEN-T9-N60-R03,plain,2,item-010,98,0,0,1,67,100
MPV-GEN-T9-N60-R03,plain,2,item-049,89,67,80,6,33,20
MPV-GEN-T9-N60-R03,plain,2,item-006,99,0,0,1,34,100
MPV-GEN-T9-N60-R03,plain,3,item-039,0,0,0,67,7,100
MPV-GEN-T9-N60-R03,plain,3,item-036,0,7,0,34,9,100
MPV-GEN-T9-N60-R03,plain,3,item-025,0,16,0,7,35,100
MPV-GEN-T9-N60-R03,plain,3,item-011,0,51,0,6,34,100
MPV-GEN-T9-N60-R03,plain,3,item-043,7,16,0,3,67,80
MPV-GEN-T9-N60-R03,plain,3,item-045,10,16,0,3,67,80
MPV-GEN-T9-N60-R03,plain,3,item-021,13,16,0,8,18,100
MPV-GEN-T9-N60-R03,plain,3,item-056,13,34,0,65,34,6
MPV-GEN-T9-N60-R03,plain,3,item-041,13,34,6,3,34,80
MPV-GEN-T9-N60-R03,plain,3,item-048,7,16,80,3,67,20
MPV-GEN-T9-N60-R03,plain,3,item-050,10,16,80,3,67,20
MPV-GEN-T9-N60-R03,plain,3,item-046,16,34,6,3,34,20
MPV-GEN-T9-N60-R04,plain,0,item-001,0,0,0,65,64,15
MPV-GEN-T9-N60-R04,plain,0,item-007,0,0,15,44,33,85
MPV-GEN-T9-N60-R04,plain,0,item-002,0,33,15,65,18,15
MPV-GEN-T9-N60-R04,plain,0,item-003,0,33,30,65,13,3
MPV-GEN-T9-N60-R04,plain,0,item-004,0,33,33,65,13,12
MPV-GEN-T9-N60-R04,plain,0,item-005,0,33,45,65,3,15
MPV-GEN-T9-N60-R04,plain,0,item-000,0,33,60,65,2,15
MPV-GEN-T9-N60-R04,plain,0,item-009,0,64,0,44,33,85
MPV-GEN-T9-N60-R04,plain,0,item-008,65,0,0,21,67,85
MPV-GEN-T9-N60-R04,plain,0,item-022,44,67,0,49,26,100
MPV-GEN-T9-N60-R04,plain,0,item-018,86,0,0,11,62,100
MPV-GEN-T9-N60-R04,plain,0,item-027,44,93,0,49,6,100
MPV-GEN-T9-N60-R04,plain,0,item-037,93,62,0,5,33,100
MPV-GEN-T9-N60-R04,plain,0,item-038,98,0,0,2,67,100
MPV-GEN-T9-N60-R04,plain,0,item-042,0,99,0,67,1,100
MPV-GEN-T9-N60-R04,plain,0,item-043,0,97,0,33,2,100
MPV-GEN-T9-N60-R04,plain,0,item-011,44,64,0,13,3,100
MPV-GEN-T9-N60-R04,plain,1,item-057,0,0,0,96,43,54
MPV-GEN-T9-N60-R04,plain,1,item-058,0,0,54,94,43,46
MPV-GEN-T9-N60-R04,plain,1,item-023,0,43,0,24,54,100
MPV-GEN-T9-N60-R04,plain,1,item-025,24,43,0,24,54,100
MPV-GEN-T9-N60-R04,plain,1,item-024,48,43,0,49,26,100
MPV-GEN-T9-N60-R04,plain,1,item-053,48,69,0,33,26,100
MPV-GEN-T9-N60-R04,plain,1,item-016,81,69,0,13,31,100
MPV-GEN-T9-N60-R04,plain,1,item-040,97,0,0,2,67,100
MPV-GEN-T9-N60-R04,plain,1,item-044,0,97,0,67,1,100
MPV-GEN-T9-N60-R04,plain,1,item-045,0,98,0,33,2,100
MPV-GEN-T9-N60-R04,plain,1,item-013,67,95,0,11,5,100
MPV-GEN-T9-N60-R04,plain,1,item-012,33,98,0,24,2,100
MPV-GEN-T9-N60-R04,plain,2,item-010,0,0,0,21,67,85
MPV-GEN-T9-N60-R04,plain,2,item-052,0,67,0,67,13,100
MPV-GEN-T9-N60-R04,plain,2,item-054,0,80,0,67,13,100
MPV-GEN-T9-N60-R04,plain,2,item-055,21,0,0,33,26,100
MPV-GEN-T9-N60-R04,plain,2,item-006,21,26,0,23,34,85
MPV-GEN-T9-N60-R04,plain,2,item-017,44,26,0,24,31,100
MPV-GEN-T9-N60-R04,plain,2,item-019,67,57,0,24,31,100
MPV-GEN-T9-N60-R04,plain,2,item-021,68,0,0,25,28,100
MPV-GEN-T9-N60-R04,plain,2,item-033,91,28,0,6,67,100
MPV-GEN-T9-N60-R04,plain,2,item-047,0,93,0,67,5,100
MPV-GEN-T9-N60-R04,plain,2,item-046,21,60,0,34,5,100
MPV-GEN-T9-N60-R04,plain,2,item-036,97,0,0,3,34,100
MPV-GEN-T9-N60-R04,plain,2,item-015,54,0,0,11,5,100
MPV-GEN-T9-N60-R04,plain,2,item-014,0,98,0,24,2,100
MPV-GEN-T9-N60-R04,plain,2,item-041,21,65,0,34,1,100
MPV-GEN-T9-N60-R04,plain,3,item-020,0,0,0,11,62,100
MPV-GEN-T9-N60-R04,plain,3,item-032,0,62,0,14,33,100
MPV-GEN-T9-N60-R04,plain,3,item-034,11,0,0,14,33,100
MPV-GEN-T9-N60-R04,plain,3,item-051,11,33,0,34,13,100
MPV-GEN-T9-N60-R04,plain,3,item-035,45,0,0,6,67,100
MPV-GEN-T9-N60-R04,plain,3,item-028,11,46,0,24,14,100
MPV-GEN-T9-N60-R04,plain,3,item-030,14,60,0,24,14,100
MPV-GEN-T9-N60-R04,plain,3,item-049,0,95,0,67,5,100
MPV-GEN-T9-N60-R04,plain,3,item-048,14,74,0,33,10,100
MPV-GEN-T9-N60-R04,plain,3,item-050,14,84,0,33,10,100
MPV-GEN-T9-N60-R04,plain,3,item-029,38,67,0,49,6,100
MPV-GEN-T9-N60-R04,plain,3,item-031,51,0,0,8,34,100
MPV-GEN-T9-N60-R04,plain,3,item-026,47,73,0,25,8,100
MPV-GEN-T9-N60-R04,plain,3,item-039,25,0,0,5,33,100
MPV-GEN-T9-N60-R04,plain,3,item-059,59,0,0,6,43,46
MPV-GEN-T9-N60-R04,plain,3,item-056,59,0,46,4,43,54
MPV-GEN-T9-N60-R05,plain,0,item-056,0,0,0,100,81,28
MPV-GEN-T9-N60-R05,plain,0,item-057,0,0,28,100,81,16
MPV-GEN-T9-N60-R05,plain,0,item-058,0,0,44,100,81,14
MPV-GEN-T9-N60-R05,plain,0,item-059,0,0,58,100,81,12
MPV-GEN-T9-N60-R05,plain,0,item-042,0,0,70,67,33,21
MPV-GEN-T9-N60-R05,plain,0,item-043,67,0,70,33,67,21
MPV-GEN-T9-N60-R05,plain,0,item-044,0,33,70,67,33,21
MPV-GEN-T9-N60-R05,plain,0,item-047,0,0,91,67,33,9
MPV-GEN-T9-N60-R05,plain,0,item-048,67,0,91,33,67,9
MPV-GEN-T9-N60-R05,plain,0,item-049,0,33,91,67,33,9
MPV-GEN-T9-N60-R05,plain,0,item-053,0,81,0,33,13,70
MPV-GEN-T9-N60-R05,plain,0,item-055,33,81,0,33,13,70
MPV-GEN-T9-N60-R05,plain,0,item-052,0,94,0,67,6,70
MPV-GEN-T9-N60-R05,plain,0,item-007,0,66,70,45,33,13
MPV-GEN-T9-N60-R05,plain,0,item-009,0,66,83,45,33,13
MPV-GEN-T9-N60-R05,plain,0,item-004,66,81,0,27,8,87
MPV-GEN-T9-N60-R05,plain,0,item-037,45,66,70,14,33,7
MPV-GEN-T9-N60-R05,plain,0,item-039,45,66,77,14,33,7
MPV-GEN-T9-N60-R05,plain,0,item-003,66,89,0,27,1,87
MPV-GEN-T9-N60-R05,plain,0,item-032,45,67,87,54,33,7
MPV-GEN-T9-N60-R05,plain,1,item-001,0,0,0,40,65,86
MPV-GEN-T9-N60-R05,plain,1,item-005,40,0,0,27,91,87
MPV-GEN-T9-N60-R05,plain,1,item-000,0,65,0,40,35,86
MPV-GEN-T9-N60-R05,plain,1,item-002,0,0,86,40,100,1
MPV-GEN-T9-N60-R05,plain,1,item-050,0,0,87,33,67,9
MPV-GEN-T9-N60-R05,plain,1,item-008,33,0,87,22,67,13
MPV-GEN-T9-N60-R05,plain,1,item-045,67,0,0,33,67,21
MPV-GEN-T9-N60-R05,plain,1,item-010,67,0,21,22,67,13
MPV-GEN-T9-N60-R05,plain,1,item-022,67,67,0,26,33,93
MPV-GEN-T9-N60-R05,plain,1,item-012,93,67,0,5,33,100
MPV-GEN-T9-N60-R05,plain,1,item-006,67,0,34,23,34,13
MPV-GEN-T9-N60-R05,plain,1,item-034,0,67,87,54,33,7
MPV-GEN-T9-N60-R05,plain,1,item-031,67,0,47,28,34,7
MPV-GEN-T9-N60-R05,plain,1,item-033,67,0,54,26,67,7
MPV-GEN-T9-N60-R05,plain,1,item-035,67,0,61,26,67,7
MPV-GEN-T9-N60-R05,plain,1,item-038,55,0,87,6,67,7
MPV-GEN-T9-N60-R05,plain,1,item-040,61,0,87,6,67,7
MPV-GEN-T9-N60-R05,plain,1,item-036,67,0,68,8,34,7
MPV-GEN-T9-N60-R05,plain,2,item-027,0,0,0,42,33,93
MPV-GEN-T9-N60-R05,plain,2,item-029,0,33,0,42,33,93
MPV-GEN-T9-N60-R05,plain,2,item-028,42,0,0,20,67,93
MPV-GEN-T9-N60-R05,plain,2,item-030,62,0,0,20,67,93
MPV-GEN-T9-N60-R05,plain,2,item-024,0,66,0,26,33,93
MPV-GEN-T9-N60-R05,plain,2,item-023,82,0,0,12,67,93
MPV-GEN-T9-N60-R05,plain,2,item-017,26,67,0,18,33,100
MPV-GEN-T9-N60-R05,plain,2,item-019,44,67,0,18,33,100
MPV-GEN-T9-N60-R05,plain,2,item-051,62,67,0,34,7,70
MPV-GEN-T9-N60-R05,plain,2,item-014,94,0,0,5,33,100
MPV-GEN-T9-N60-R05,plain,2,item-013,96,33,0,2,67,100
MPV-GEN-T9-N60-R05,plain,2,item-015,98,33,0,2,67,100
MPV-GEN-T9-N60-R05,plain,3,item-025,0,0,0,12,67,93
MPV-GEN-T9-N60-R05,plain,3,item-026,12,0,0,22,34,93
MPV-GEN-T9-N60-R05,plain,3,item-018,34,0,0,8,67,100
MPV-GEN-T9-N60-R05,plain,3,item-020,42,0,0,8,67,100
MPV-GEN-T9-N60-R05,plain,3,item-021,12,34,0,14,34,93
MPV-GEN-T9-N60-R05,plain,3,item-016,50,0,0,10,34,100
MPV-GEN-T9-N60-R05,plain,3,item-041,50,34,0,34,34,21
MPV-GEN-T9-N60-R05,plain,3,item-046,50,34,21,34,34,9
MPV-GEN-T9-N60-R05,plain,3,item-054,0,68,0,67,6,70
MPV-GEN-T9-N60-R05,plain,3,item-011,26,34,0,3,34,100
MPV-GEN-T9-N60-R06,plain,0,item-002,0,0,0,35,62,100
MPV-GEN-T9-N60-R06,plain,0,item-038,35,0,0,33,51,100
MPV-GEN-T9-N60-R06,plain,0,item-037,0,62,0,67,25,100
MPV-GEN-T9-N60-R06,plain,0,item-001,68,0,0,20,62,100
MPV-GEN-T9-N60-R06,plain,0,item-008,88,0,0,12,46,100
MPV-GEN-T9-N60-R06,plain,0,item-010,88,46,0,12,46,100
MPV-GEN-T9-N60-R06,plain,0,item-017,0,87,0,67,6,100
MPV-GEN-T9-N60-R06,plain,0,item-019,0,93,0,67,6,100
MPV-GEN-T9-N60-R06,plain,0,item-056,67,62,0,19,32,59
MPV-GEN-T9-N60-R06,plain,0,item-013,35,51,0,33,8,100
MPV-GEN-T9-N60-R06,plain,0,item-023,67,94,0,33,5,100
MPV-GEN-T9-N60-R06,plain,0,item-058,35,59,0,19,3,48
MPV-GEN-T9-N60-R06,plain,0,item-059,67,62,59,19,3,11
MPV-GEN-T9-N60-R06,plain,1,item-040,0,0,0,33,51,100
MPV-GEN-T9-N60-R06,plain,1,item-039,0,51,0,67,25,100
MPV-GEN-T9-N60-R06,plain,1,item-053,67,0,0,27,67,59
MPV-GEN-T9-N60-R06,plain,1,item-036,33,0,0,34,26,100
MPV-GEN-T9-N60-R06,plain,1,item-042,0,76,0,67,21,41
MPV-GEN-T9-N60-R06,plain,1,item-044,0,76,41,67,21,41
MPV-GEN-T9-N60-R06,plain,1,item-005,0,76,82,63,6,12
MPV-GEN-T9-N60-R06,plain,1,item-007,33,26,0,25,22,100
MPV-GEN-T9-N60-R06,plain,1,item-009,67,67,0,25,22,100
MPV-GEN-T9-N60-R06,plain,1,item-015,67,89,0,33,8,100
MPV-GEN-T9-N60-R06,plain,1,item-027,0,97,0,67,3,100
MPV-GEN-T9-N60-R06,plain,1,item-021,33,48,0,34,3,100
MPV-GEN-T9-N60-R06,plain,1,item-004,58,26,0,7,6,88
MPV-GEN-T9-N60-R06,plain,1,item-043,67,0,59,33,44,41
MPV-GEN-T9-N60-R06,plain,2,item-055,0,0,0,27,67,59
MPV-GEN-T9-N60-R06,plain,2,item-052,0,67,0,54,33,59
MPV-GEN-T9-N60-R06,plain,2,item-054,27,0,0,54,33,59
MPV-GEN-T9-N60-R06,plain,2,item-045,54,33,0,33,44,41
MPV-GEN-T9-N60-R06,plain,2,item-051,54,33,41,27,34,59
MPV-GEN-T9-N60-R06,plain,2,item-000,87,0,0,8,62,100
MPV-GEN-T9-N60-R06,plain,2,item-018,54,77,0,33,14,100
MPV-GEN-T9-N60-R06,plain,2,item-048,0,0,59,33,24,41
MPV-GEN-T9-N60-R06,plain,2,item-050,33,0,59,33,24,41
MPV-GEN-T9-N60-R06,plain,2,item-006,27,33,0,13,24,100
MPV-GEN-T9-N60-R06,plain,2,item-016,54,91,0,34,8,100
MPV-GEN-T9-N60-R06,plain,2,item-041,0,57,59,34,23,41
MPV-GEN-T9-N60-R06,plain,2,item-046,0,80,59,34,13,41
MPV-GEN-T9-N60-R06,plain,3,item-057,0,0,0,19,65,59
MPV-GEN-T9-N60-R06,plain,3,item-020,0,65,0,33,14,100
MPV-GEN-T9-N60-R06,plain,3,item-047,0,79,0,67,11,41
MPV-GEN-T9-N60-R06,plain,3,item-049,0,79,41,67,11,41
MPV-GEN-T9-N60-R06,plain,3,item-003,0,90,0,56,6,88
MPV-GEN-T9-N60-R06,plain,3,item-012,0,96,0,67,4,100
MPV-GEN-T9-N60-R06,plain,3,item-014,19,0,0,67,4,100
MPV-GEN-T9-N60-R06,plain,3,item-028,19,4,0,33,7,100
MPV-GEN-T9-N60-R06,plain,3,item-030,19,11,0,33,7,100
MPV-GEN-T9-N60-R06,plain,3,item-029,19,18,0,67,3,100
MPV-GEN-T9-N60-R06,plain,3,item-025,19,21,0,33,5,100
MPV-GEN-T9-N60-R06,plain,3,item-033,19,26,0,33,5,100
MPV-GEN-T9-N60-R06,plain,3,item-035,19,31,0,33,5,100
MPV-GEN-T9-N60-R06,plain,3,item-011,19,36,0,34,4,100
MPV-GEN-T9-N60-R06,plain,3,item-026,19,40,0,34,4,100
MPV-GEN-T9-N60-R06,plain,3,item-022,19,44,0,67,2,100
MPV-GEN-T9-N60-R06,plain,3,item-024,19,46,0,67,2,100
MPV-GEN-T9-N60-R06,plain,3,item-032,19,48,0,67,2,100
MPV-GEN-T9-N60-R06,plain,3,item-034,19,50,0,67,2,100
MPV-GEN-T9-N60-R06,plain,3,item-031,19,52,0,34,3,100
MPV-GEN-T9-N60-R07,plain,0,item-057,0,0,0,32,44,100
MPV-GEN-T9-N60-R07,plain,0,item-038,0,44,0,33,40,100
MPV-GEN-T9-N60-R07,plain,0,item-040,32,0,0,33,40,100
MPV-GEN-T9-N60-R07,plain,0,item-037,33,40,0,67,19,100
MPV-GEN-T9-N60-R07,plain,0,item-039,33,59,0,67,19,100
MPV-GEN-T9-N60-R07,plain,0,item-043,65,0,0,33,30,100
MPV-GEN-T9-N60-R07,plain,0,item-042,0,84,0,67,14,100
MPV-GEN-T9-N60-R07,plain,0,item-052,67,78,0,29,15,100
MPV-GEN-T9-N60-R07,plain,0,item-012,65,30,0,35,9,100
MPV-GEN-T9-N60-R07,plain,0,item-048,33,78,0,33,6,100
MPV-GEN-T9-N60-R07,plain,0,item-050,67,93,0,33,6,100
MPV-GEN-T9-N60-R07,plain,0,item-031,0,98,0,34,2,100
MPV-GEN-T9-N60-R07,plain,1,item-056,0,0,0,25,44,100
MPV-GEN-T9-N60-R07,plain,1,item-003,25,0,0,15,72,66
MPV-GEN-T9-N60-R07,plain,1,item-007,0,72,0,43,24,100
MPV-GEN-T9-N60-R07,plain,1,item-009,40,0,0,43,24,100
MPV-GEN-T9-N60-R07,plain,1,item-008,40,24,0,21,48,100
MPV-GEN-T9-N60-R07,plain,1,item-010,61,24,0,21,48,100
MPV-GEN-T9-N60-R07,plain,1,item-036,43,72,0,34,21,100
MPV-GEN-T9-N60-R07,plain,1,item-001,82,24,0,11,49,100
MPV-GEN-T9-N60-R07,plain,1,item-006,0,44,0,22,24,100
MPV-GEN-T9-N60-R07,plain,1,item-002,77,73,0,21,23,100
MPV-GEN-T9-N60-R07,plain,1,item-004,25,0,66,15,72,1
MPV-GEN-T9-N60-R07,plain,1,item-005,25,0,67,15,72,33
MPV-GEN-T9-N60-R07,plain,1,item-013,83,0,0,17,19,100
MPV-GEN-T9-N60-R07,plain,1,item-047,0,96,0,67,3,100
MPV-GEN-T9-N60-R07,plain,1,item-046,43,93,0,34,3,100
MPV-GEN-T9-N60-R07,plain,1,item-033,67,96,0,33,3,100
MPV-GEN-T9-N60-R07,plain,1,item-058,0,68,0,23,3,100
MPV-GEN-T9-N60-R07,plain,1,item-032,0,99,0,67,1,100
MPV-GEN-T9-N60-R07,plain,2,item-045,0,0,0,33,30,100
MPV-GEN-T9-N60-R07,plain,2,item-044,0,30,0,67,14,100
MPV-GEN-T9-N60-R07,plain,2,item-041,0,44,0,34,16,100
MPV-GEN-T9-N60-R07,plain,2,item-000,34,44,0,10,49,100
MPV-GEN-T9-N60-R07,plain,2,item-023,0,60,0,18,25,100
MPV-GEN-T9-N60-R07,plain,2,item-025,33,0,0,18,25,100
MPV-GEN-T9-N60-R07,plain,2,item-053,18,60,0,14,32,100
MPV-GEN-T9-N60-R07,plain,2,item-055,44,44,0,14,32,100
MPV-GEN-T9-N60-R07,plain,2,item-054,44,76,0,29,15,100
MPV-GEN-T9-N60-R07,plain,2,item-022,51,0,0,36,12,100
MPV-GEN-T9-N60-R07,plain,2,item-024,51,12,0,36,12,100
MPV-GEN-T9-N60-R07,plain,2,item-028,58,44,0,15,25,100
MPV-GEN-T9-N60-R07,plain,2,item-030,73,24,0,15,25,100
MPV-GEN-T9-N60-R07,plain,2,item-015,73,49,0,17,19,100
MPV-GEN-T9-N60-R07,plain,2,item-014,44,91,0,35,9,100
MPV-GEN-T9-N60-R07,plain,2,item-018,73,68,0,16,19,100
MPV-GEN-T9-N60-R07,plain,2,item-021,0,85,0,18,13,100
MPV-GEN-T9-N60-R07,plain,2,item-026,79,87,0,16,13,100
MPV-GEN-T9-N60-R07,plain,2,item-059,33,25,0,34,3,100
MPV-GEN-T9-N60-R07,plain,3,item-027,0,0,0,31,12,100
MPV-GEN-T9-N60-R07,plain,3,item-029,0,12,0,31,12,100
MPV-GEN-T9-N60-R07,plain,3,item-020,0,24,0,16,19,100
MPV-GEN-T9-N60-R07,plain,3,item-017,0,43,0,32,9,100
MPV-GEN-T9-N60-R07,plain,3,item-019,0,52,0,32,9,100
MPV-GEN-T9-N60-R07,plain,3,item-051,0,61,0,15,17,100
MPV-GEN-T9-N60-R07,plain,3,item-049,0,78,0,67,3,100
MPV-GEN-T9-N60-R07,plain,3,item-011,0,81,0,18,10,100
MPV-GEN-T9-N60-R07,plain,3,item-016,15,61,0,16,10,100
MPV-GEN-T9-N60-R07,plain,3,item-035,0,91,0,33,3,100
MPV-GEN-T9-N60-R07,plain,3,item-034,0,94,0,67,1,100
MPV-GEN-T9-N60-R08,plain,0,item-000,0,0,0,100,69,1
MPV-GEN-T9-N60-R08,plain,0,item-001,0,0,1,100,69,2
MPV-GEN-T9-N60-R08,plain,0,item-002,0,0,3,100,69,9
MPV-GEN-T9-N60-R08,plain,0,item-005,0,0,12,100,31,9
MPV-GEN-T9-N60-R08,plain,0,item-003,0,0,21,78,31,3
MPV-GEN-T9-N60-R08,plain,0,item-052,0,0,24,67,12,6
MPV-GEN-T9-N60-R08,plain,0,item-054,0,0,30,67,12,6
MPV-GEN-T9-N60-R08,plain,0,item-051,0,0,36,34,12,6
MPV-GEN-T9-N60-R08,plain,0,item-004,78,0,21,22,31,3
MPV-GEN-T9-N60-R08,plain,0,item-007,0,31,12,67,33,61
MPV-GEN-T9-N60-R08,plain,0,item-008,67,31,12,33,67,61
MPV-GEN-T9-N60-R08,plain,0,item-009,0,64,12,67,33,61
MPV-GEN-T9-N60-R08,plain,0,item-013,0,0,42,33,2,27
MPV-GEN-T9-N60-R08,plain,0,item-015,0,0,69,33,2,27
MPV-GEN-T9-N60-R08,plain,0,item-011,0,2,42,34,1,27
MPV-GEN-T9-N60-R08,plain,0,item-053,67,0,24,33,24,6
MPV-GEN-T9-N60-R08,plain,0,item-055,67,0,30,33,24,6
MPV-GEN-T9-N60-R08,plain,0,item-012,0,12,24,67,1,27
MPV-GEN-T9-N60-R08,plain,0,item-014,0,13,24,67,1,27
MPV-GEN-T9-N60-R08,plain,0,item-018,0,2,73,33,65,27
MPV-GEN-T9-N60-R08,plain,0,item-017,0,67,73,67,32,27
MPV-GEN-T9-N60-R08,plain,0,item-020,33,0,73,33,65,27
MPV-GEN-T9-N60-R08,plain,0,item-016,66,0,73,34,33,27
MPV-GEN-T9-N60-R08,plain,0,item-037,66,33,73,28,33,22
MPV-GEN-T9-N60-R08,plain,0,item-039,67,66,73,28,33,22
MPV-GEN-T9-N60-R08,plain,0,item-058,67,33,95,25,36,5
MPV-GEN-T9-N60-R08,plain,1,item-057,0,0,0,93,36,89
MPV-GEN-T9-N60-R08,plain,1,item-006,0,36,0,34,34,61
MPV-GEN-T9-N60-R08,plain,1,item-027,0,70,0,39,29,100
MPV-GEN-T9-N60-R08,plain,1,item-029,34,36,0,39,29,100
MPV-GEN-T9-N60-R08,plain,1,item-028,73,36,0,19,58,100
MPV-GEN-T9-N60-R08,plain,1,item-032,39,65,0,28,33,78
MPV-GEN-T9-N60-R08,plain,1,item-059,0,0,89,75,36,5
MPV-GEN-T9-N60-R08,plain,1,item-036,0,36,61,14,34,22
MPV-GEN-T9-N60-R08,plain,1,item-056,92,36,0,7,36,89
MPV-GEN-T9-N60-R08,plain,1,item-021,67,94,0,20,5,100
MPV-GEN-T9-N60-R08,plain,2,item-010,0,0,0,33,67,61
MPV-GEN-T9-N60-R08,plain,2,item-019,0,67,0,67,32,27
MPV-GEN-T9-N60-R08,plain,2,item-030,33,0,0,19,58,100
MPV-GEN-T9-N60-R08,plain,2,item-033,52,0,0,14,67,78
MPV-GEN-T9-N60-R08,plain,2,item-035,66,0,0,14,67,78
MPV-GEN-T9-N60-R08,plain,2,item-034,67,67,0,28,33,78
MPV-GEN-T9-N60-R08,plain,2,item-026,80,0,0,20,29,100
MPV-GEN-T9-N60-R08,plain,2,item-031,80,29,0,14,34,78
MPV-GEN-T9-N60-R08,plain,2,item-038,52,0,78,14,67,22
MPV-GEN-T9-N60-R08,plain,2,item-040,66,0,78,14,67,22
MPV-GEN-T9-N60-R08,plain,2,item-023,33,58,0,19,9,100
MPV-GEN-T9-N60-R08,plain,3,item-043,0,0,0,33,27,100
MPV-GEN-T9-N60-R08,plain,3,item-045,0,27,0,33,27,100
MPV-GEN-T9-N60-R08,plain,3,item-042,0,54,0,67,13,100
MPV-GEN-T9-N60-R08,plain,3,item-044,0,67,0,67,13,100
MPV-GEN-T9-N60-R08,plain,3,item-047,0,80,0,67,8,100
MPV-GEN-T9-N60-R08,plain,3,item-049,0,88,0,67,8,100
MPV-GEN-T9-N60-R08,plain,3,item-048,33,0,0,33,16,100
MPV-GEN-T9-N60-R08,plain,3,item-050,33,16,0,33,16,100
MPV-GEN-T9-N60-R08,plain,3,item-041,33,32,0,34,14,100
MPV-GEN-T9-N60-R08,plain,3,item-046,33,46,0,34,8,100
MPV-GEN-T9-N60-R08,plain,3,item-025,66,0,0,19,9,100
MPV-GEN-T9-N60-R08,plain,3,item-022,0,96,0,39,4,100
MPV-GEN-T9-N60-R08,plain,3,item-024,39,96,0,39,4,100
MPV-GEN-T9-N60-R09,plain,0,item-000,0,0,0,70,100,36
MPV-GEN-T9-N60-R09,plain,0,item-001,0,0,36,70,100,2
MPV-GEN-T9-N60-R09,plain,0,item-007,0,0,38,67,33,37
MPV-GEN-T9-N60-R09,plain,0,item-008,0,33,38,33,67,37
MPV-GEN-T9-N60-R09,plain,0,item-010,33,33,38,33,67,37
MPV-GEN-T9-N60-R09,plain,0,item-002,70,0,0,21,100,38
MPV-GEN-T9-N60-R09,plain,0,item-032,0,0,75,67,33,17
MPV-GEN-T9-N60-R09,plain,0,item-033,0,33,75,33,67,17
MPV-GEN-T9-N60-R09,plain,0,item-035,33,33,75,33,67,17
MPV-GEN-T9-N60-R09,plain,0,item-059,66,33,38,24,67,26
MPV-GEN-T9-N60-R09,plain,0,item-013,66,33,64,17,67,25
MPV-GEN-T9-N60-R09,plain,0,item-058,67,0,38,24,33,26
MPV-GEN-T9-N60-R09,plain,0,item-004,83,0,64,6,100,31
MPV-GEN-T9-N60-R09,plain,0,item-053,91,0,0,8,67,69
MPV-GEN-T9-N60-R09,plain,0,item-003,89,0,69,3,100,31
MPV-GEN-T9-N60-R09,plain,0,item-057,0,0,92,24,100,3
MPV-GEN-T9-N60-R09,plain,0,item-038,24,0,92,33,67,3
MPV-GEN-T9-N60-R09,plain,0,item-040,0,0,95,33,67,3
MPV-GEN-T9-N60-R09,plain,0,item-005,57,0,92,9,100,7
MPV-GEN-T9-N60-R09,plain,0,item-056,0,0,98,24,100,2
MPV-GEN-T9-N60-R09,plain,1,item-009,0,0,0,67,33,37
MPV-GEN-T9-N60-R09,plain,1,item-022,0,33,0,46,33,80
MPV-GEN-T9-N60-R09,plain,1,item-024,0,66,0,46,33,80
MPV-GEN-T9-N60-R09,plain,1,item-023,46,33,0,22,67,80
MPV-GEN-T9-N60-R09,plain,1,item-034,0,0,37,67,33,17
MPV-GEN-T9-N60-R09,plain,1,item-012,0,0,54,35,33,25
MPV-GEN-T9-N60-R09,plain,1,item-025,68,0,0,22,67,80
MPV-GEN-T9-N60-R09,plain,1,item-017,35,0,54,32,33,25
MPV-GEN-T9-N60-R09,plain,1,item-019,68,67,0,32,33,25
MPV-GEN-T9-N60-R09,plain,1,item-028,90,0,0,10,67,80
MPV-GEN-T9-N60-R09,plain,1,item-052,68,67,25,16,33,69
MPV-GEN-T9-N60-R09,plain,1,item-054,84,67,25,16,33,69
MPV-GEN-T9-N60-R09,plain,1,item-031,0,0,80,34,34,17
MPV-GEN-T9-N60-R09,plain,1,item-036,0,0,97,34,34,3
MPV-GEN-T9-N60-R09,plain,1,item-037,0,34,80,67,33,3
MPV-GEN-T9-N60-R09,plain,1,item-039,0,34,83,67,33,3
MPV-GEN-T9-N60-R09,plain,2,item-006,0,0,0,34,34,37
MPV-GEN-T9-N60-R09,plain,2,item-011,0,0,37,18,34,25
MPV-GEN-T9-N60-R09,plain,2,item-014,0,34,0,35,33,25
MPV-GEN-T9-N60-R09,plain,2,item-015,35,0,0,17,67,25
MPV-GEN-T9-N60-R09,plain,2,item-016,0,0,62,16,34,25
MPV-GEN-T9-N60-R09,plain,2,item-018,52,0,0,16,67,25
MPV-GEN-T9-N60-R09,plain,2,item-020,68,0,0,16,67,25
MPV-GEN-T9-N60-R09,plain,2,item-042,0,67,0,51,17,100
MPV-GEN-T9-N60-R09,plain,2,item-048,51,67,0,25,32,100
MPV-GEN-T9-N60-R09,plain,2,item-047,0,84,0,51,15,100
MPV-GEN-T9-N60-R09,plain,2,item-027,76,67,0,22,33,80
MPV-GEN-T9-N60-R09,plain,2,item-030,84,0,0,10,67,80
MPV-GEN-T9-N60-R09,plain,2,item-055,34,0,25,8,67,69
MPV-GEN-T9-N60-R09,plain,2,item-051,42,0,25,8,34,69
MPV-GEN-T9-N60-R09,plain,3,item-043,0,0,0,25,36,100
MPV-GEN-T9-N60-R09,plain,3,item-045,0,36,0,25,36,100
MPV-GEN-T9-N60-R09,plain,3,item-044,0,72,0,51,17,100
MPV-GEN-T9-N60-R09,plain,3,item-021,25,0,0,24,34,80
MPV-GEN-T9-N60-R09,plain,3,item-050,25,34,0,25,32,100
MPV-GEN-T9-N60-R09,plain,3,item-049,49,0,0,51,15,100
MPV-GEN-T9-N60-R09,plain,3,item-029,50,15,0,22,33,80
MPV-GEN-T9-N60-R09,plain,3,item-041,50,48,0,26,19,100
MPV-GEN-T9-N60-R09,plain,3,item-046,51,67,0,26,17,100
MPV-GEN-T9-N60-R09,plain,3,item-026,76,15,0,12,34,80
MPV-GEN-T9-N60-R10,plain,0,item-004,0,0,0,50,95,64
MPV-GEN-T9-N60-R10,plain,0,item-005,50,0,0,31,95,78
MPV-GEN-T9-N60-R10,plain,0,item-000,81,0,0,10,95,78
MPV-GEN-T9-N60-R10,plain,0,item-003,0,0,64,50,95,14
MPV-GEN-T9-N60-R10,plain,0,item-001,91,0,0,6,95,78
MPV-GEN-T9-N60-R10,plain,0,item-018,0,0,78,19,67,22
MPV-GEN-T9-N60-R10,plain,0,item-020,19,0,78,19,67,22
MPV-GEN-T9-N60-R10,plain,0,item-017,38,0,78,38,33,22
MPV-GEN-T9-N60-R10,plain,0,item-019,38,33,78,38,33,22
MPV-GEN-T9-N60-R10,plain,0,item-002,97,0,0,3,95,78
MPV-GEN-T9-N60-R10,plain,0,item-013,76,0,78,14,67,22
MPV-GEN-T9-N60-R10,plain,0,item-047,0,95,0,67,3,85
MPV-GEN-T9-N60-R10,plain,0,item-008,67,95,0,33,4,78
MPV-GEN-T9-N60-R10,plain,0,item-007,0,98,0,67,1,78
MPV-GEN-T9-N60-R10,plain,0,item-009,0,99,0,67,1,78
MPV-GEN-T9-N60-R10,plain,0,item-012,67,67,78,29,33,22
MPV-GEN-T9-N60-R10,plain,0,item-043,0,67,78,33,8,15
MPV-GEN-T9-N60-R10,plain,0,item-045,0,75,78,33,8,15
MPV-GEN-T9-N60-R10,plain,0,item-042,0,83,78,67,3,15
MPV-GEN-T9-N60-R10,plain,0,item-044,0,86,78,67,3,15
MPV-GEN-T9-N60-R10,plain,0,item-041,0,89,78,34,5,15
MPV-GEN-T9-N60-R10,plain,1,item-053,0,0,0,28,60,100
MPV-GEN-T9-N60-R10,plain,1,item-055,28,0,0,28,60,100
MPV-GEN-T9-N60-R10,plain,1,item-052,0,60,0,57,29,100
MPV-GEN-T9-N60-R10,plain,1,item-057,57,0,0,15,89,35
MPV-GEN-T9-N60-R10,plain,1,item-059,57,0,35,15,89,45
MPV-GEN-T9-N60-R10,plain,1,item-015,72,0,0,14,67,22
MPV-GEN-T9-N60-R10,plain,1,item-023,86,0,0,14,42,100
MPV-GEN-T9-N60-R10,plain,1,item-025,86,42,0,14,42,100
MPV-GEN-T9-N60-R10,plain,1,item-021,72,67,0,14,22,100
MPV-GEN-T9-N60-R10,plain,1,item-048,0,89,0,33,8,85
MPV-GEN-T9-N60-R10,plain,1,item-050,33,89,0,33,8,85
MPV-GEN-T9-N60-R10,plain,1,item-049,0,97,0,67,3,85
MPV-GEN-T9-N60-R10,plain,1,item-058,57,0,80,15,89,11
MPV-GEN-T9-N60-R10,plain,1,item-046,66,89,0,34,5,85
MPV-GEN-T9-N60-R10,plain,1,item-056,57,0,91,15,89,9
MPV-GEN-T9-N60-R10,plain,1,item-010,67,94,0,33,4,78
MPV-GEN-T9-N60-R10,plain,2,item-054,0,0,0,57,29,100
MPV-GEN-T9-N60-R10,plain,2,item-014,0,29,0,29,33,22
MPV-GEN-T9-N60-R10,plain,2,item-051,0,62,0,29,31,100
MPV-GEN-T9-N60-R10,plain,2,item-028,29,29,0,19,42,100
MPV-GEN-T9-N60-R10,plain,2,item-030,48,29,0,19,42,100
MPV-GEN-T9-N60-R10,plain,2,item-027,29,71,0,39,20,100
MPV-GEN-T9-N60-R10,plain,2,item-029,57,0,0,39,20,100
MPV-GEN-T9-N60-R10,plain,2,item-033,67,20,0,33,26,55
MPV-GEN-T9-N60-R10,plain,2,item-038,67,20,55,33,26,45
MPV-GEN-T9-N60-R10,plain,2,item-016,68,46,0,19,34,22
MPV-GEN-T9-N60-R10,plain,2,item-011,68,46,22,15,34,22
MPV-GEN-T9-N60-R10,plain,2,item-022,68,80,0,28,20,100
MPV-GEN-T9-N60-R10,plain,2,item-006,0,93,0,34,3,78
MPV-GEN-T9-N60-R10,plain,3,item-024,0,0,0,28,20,100
MPV-GEN-T9-N60-R10,plain,3,item-035,0,20,0,33,26,55
MPV-GEN-T9-N60-R10,plain,3,item-032,0,46,0,67,12,55
MPV-GEN-T9-N60-R10,plain,3,item-034,0,58,0,67,12,55
MPV-GEN-T9-N60-R10,plain,3,item-026,0,70,0,20,22,100
MPV-GEN-T9-N60-R10,plain,3,item-040,0,20,55,33,26,45
MPV-GEN-T9-N60-R10,plain,3,item-037,0,46,55,67,12,45
MPV-GEN-T9-N60-R10,plain,3,item-039,0,58,55,67,12,45
MPV-GEN-T9-N60-R10,plain,3,item-031,20,70,0,34,14,55
MPV-GEN-T9-N60-R10,plain,3,item-036,20,70,55,34,14,45
MPV-GEN-T9-N90-R01,plain,0,item-071,0,0,0,34,90,86
MPV-GEN-T9-N90-R01,plain,0,item-045,34,0,0,58,45,100
MPV-GEN-T9-N90-R01,plain,0,item-078,34,45,0,41,53,55
MPV-GEN-T9-N90-R01,plain,0,item-076,75,45,0,21,46,55
MPV-GEN-T9-N90-R01,plain,0,item-052,0,0,86,33,58,12
MPV-GEN-T9-N90-R01,plain,0,item-019,34,45,55,55,29,6
MPV-GEN-T9-N90-R01,plain,0,item-018,34,45,61,45,29,6
MPV-GEN-T9-N90-R01,plain,0,item-040,34,74,55,58,15,17
MPV-GEN-T9-N90-R01,plain,0,item-008,89,45,55,6,23,43
MPV-GEN-T9-N90-R01,plain,0,item-020,0,90,0,34,6,100
MPV-GEN-T9-N90-R01,plain,0,item-026,0,98,0,100,2,85
MPV-GEN-T9-N90-R01,plain,0,item-038,92,0,0,6,31,100
MPV-GEN-T9-N90-R01,plain,0,item-060,96,31,0,4,41,100
MPV-GEN-T9-N90-R01,plain,0,item-086,75,91,0,16,7,71
MPV-GEN-T9-N90-R01,plain,0,item-001,96,72,0,3,19,100
MPV-GEN-T9-N90-R01,plain,0,item-048,0,0,98,33,56,2
MPV-GEN-T9-N90-R01,plain,0,item-028,0,58,86,23,30,5
MPV-GEN-T9-N90-R01,plain,0,item-073,34,45,67,43,4,12
MPV-GEN-T9-N90-R01,plain,0,item-074,34,45,79,43,4,12
MPV-GEN-T9-N90-R01,plain,0,item-067,34,49,67,16,6,12
MPV-GEN-T9-N90-R01,plain,0,item-003,34,55,67,17,4,16
MPV-GEN-T9-N90-R01,plain,0,item-046,34,59,67,33,2,33
MPV-GEN-T9-N90-R01,plain,0,item-004,79,45,61,2,23,34
MPV-GEN-T9-N90-R01,plain,0,item-070,0,96,0,32,2,86
MPV-GEN-T9-N90-R01,plain,0,item-005,98,0,0,2,23,66
MPV-GEN-T9-N90-R01,plain,0,item-036,99,72,0,1,22,100
MPV-GEN-T9-N90-R01,plain,0,item-056,34,89,55,27,1,43
MPV-GEN-T9-N90-R01,plain,0,item-007,91,91,0,1,4,100
MPV-GEN-T9-N90-R01,plain,0,item-011,0,68,91,80,19,1
MPV-GEN-T9-N90-R01,plain,0,item-010,0,68,92,80,4,1
MPV-GEN-T9-N90-R01,plain,0,item-039,34,68,72,58,8,17
MPV-GEN-T9-N90-R01,plain,0,item-047,0,68,93,33,2,4
MPV-GEN-T9-N90-R01,plain,0,item-066,0,72,92,16,10,2
MPV-GEN-T9-N90-R01,plain,0,item-057,34,90,55,6,1,43
MPV-GEN-T9-N90-R01,plain,1,item-016,0,0,0,81,29,94
MPV-GEN-T9-N90-R01,plain,1,item-043,0,29,0,58,32,48
MPV-GEN-T9-N90-R01,plain,1,item-044,0,29,48,58,32,52
MPV-GEN-T9-N90-R01,plain,1,item-051,58,29,0,33,58,45
MPV-GEN-T9-N90-R01,plain,1,item-012,0,61,0,54,23,56
MPV-GEN-T9-N90-R01,plain,1,item-022,0,87,0,100,12,61
MPV-GEN-T9-N90-R01,plain,1,item-049,58,29,45,33,56,35
MPV-GEN-T9-N90-R01,plain,1,item-017,81,0,0,19,29,94
MPV-GEN-T9-N90-R01,plain,1,item-031,91,29,0,8,47,64
MPV-GEN-T9-N90-R01,plain,1,item-032,91,29,64,8,47,36
MPV-GEN-T9-N90-R01,plain,1,item-015,91,76,0,8,8,56
MPV-GEN-T9-N90-R01,plain,1,item-033,99,29,0,1,28,100
MPV-GEN-T9-N90-R01,plain,1,item-079,0,84,0,41,1,55
MPV-GEN-T9-N90-R01,plain,1,item-006,54,61,0,1,19,100
MPV-GEN-T9-N90-R01,plain,1,item-023,0,85,61,100,12,39
MPV-GEN-T9-N90-R01,plain,1,item-034,55,61,0,1,19,100
MPV-GEN-T9-N90-R01,plain,1,item-050,58,0,94,33,58,5
MPV-GEN-T9-N90-R01,plain,1,item-053,58,0,99,33,58,1
MPV-GEN-T9-N90-R01,plain,1,item-054,0,85,0,21,1,57
MPV-GEN-T9-N90-R01,plain,1,item-055,0,86,0,12,1,57
MPV-GEN-T9-N90-R01,plain,2,item-080,0,0,0,24,100,45
MPV-GEN-T9-N90-R01,plain,2,item-009,24,0,0,74,23,43
MPV-GEN-T9-N90-R01,plain,2,item-041,24,23,0,58,18,83
MPV-GEN-T9-N90-R01,plain,2,item-058,24,41,0,29,27,100
MPV-GEN-T9-N90-R01,plain,2,item-077,0,0,45,20,46,55
MPV-GEN-T9-N90-R01,plain,2,item-085,82,23,0,16,62,71
MPV-GEN-T9-N90-R01,plain,2,item-059,24,68,0,29,14,100
MPV-GEN-T9-N90-R01,plain,2,item-021,24,85,0,66,6,100
MPV-GEN-T9-N90-R01,plain,2,item-000,53,41,0,14,19,100
MPV-GEN-T9-N90-R01,plain,2,item-013,24,0,43,18,23,56
MPV-GEN-T9-N90-R01,plain,2,item-014,42,0,43,8,15,56
MPV-GEN-T9-N90-R01,plain,2,item-075,24,91,0,43,8,74
MPV-GEN-T9-N90-R01,plain,2,item-089,53,60,0,16,16,100
MPV-GEN-T9-N90-R01,plain,2,item-035,69,41,0,8,22,100
MPV-GEN-T9-N90-R01,plain,2,item-088,69,63,0,9,15,100
MPV-GEN-T9-N90-R01,plain,2,item-087,90,85,0,7,15,100
MPV-GEN-T9-N90-R01,plain,2,item-037,78,41,0,3,31,100
MPV-GEN-T9-N90-R01,plain,2,item-002,53,78,0,17,4,84
MPV-GEN-T9-N90-R01,plain,2,item-063,20,0,45,1,100,9
MPV-GEN-T9-N90-R01,plain,2,item-083,20,0,54,1,69,29
MPV-GEN-T9-N90-R01,plain,2,item-069,24,82,0,11,2,86
MPV-GEN-T9-N90-R01,plain,2,item-084,82,0,71,15,69,29
MPV-GEN-T9-N90-R01,plain,3,item-024,0,0,0,100,17,85
MPV-GEN-T9-N90-R01,plain,3,item-025,0,17,0,100,6,85
MPV-GEN-T9-N90-R01,plain,3,item-027,0,23,0,100,5,85
MPV-GEN-T9-N90-R01,plain,3,item-030,0,28,0,100,30,10
MPV-GEN-T9-N90-R01,plain,3,item-029,0,28,10,77,30,5
MPV-GEN-T9-N90-R01,plain,3,item-042,0,28,15,58,5,83
MPV-GEN-T9-N90-R01,plain,3,item-068,58,0,85,16,94,12
MPV-GEN-T9-N90-R01,plain,3,item-061,58,0,97,27,100,3
MPV-GEN-T9-N90-R01,plain,3,item-064,74,0,85,26,100,9
MPV-GEN-T9-N90-R01,plain,3,item-062,0,0,98,27,100,2
MPV-GEN-T9-N90-R01,plain,3,item-065,74,0,94,16,90,2
MPV-GEN-T9-N90-R01,plain,4,item-072,0,0,0,9,90,86
MPV-GEN-T9-N90-R01,plain,4,item-082,9,0,0,9,100,45
MPV-GEN-T9-N90-R01,plain,4,item-081,9,0,45,8,100,45
MPV-GEN-T9-N90-R02,plain,0,item-000,0,0,0,100,80,11
MPV-GEN-T9-N90-R02,plain,0,item-001,0,0,11,100,80,2
MPV-GEN-T9-N90-R02,plain,0,item-027,0,0,13,81,80,11
MPV-GEN-T9-N90-R02,plain,0,item-002,0,0,24,64,80,4
MPV-GEN-T9-N90-R02,plain,0,item-077,0,0,28,46,67,12
MPV-GEN-T9-N90-R02,plain,0,item-042,0,67,28,61,11,47
MPV-GEN-T9-N90-R02,plain,0,item-075,0,80,0,98,17,11
MPV-GEN-T9-N90-R02,plain,0,item-074,0,80,11,98,10,73
MPV-GEN-T9-N90-R02,plain,0,item-073,0,90,11,98,7,73
MPV-GEN-T9-N90-R02,plain,0,item-041,0,0,40,61,43,47
MPV-GEN-T9-N90-R02,plain,0,item-045,0,43,40,61,15,47
MPV-GEN-T9-N90-R02,plain,0,item-003,0,0,87,36,80,4
MPV-GEN-T9-N90-R02,plain,0,item-081,0,80,84,54,13,16
MPV-GEN-T9-N90-R02,plain,0,item-006,0,58,40,100,9,16
MPV-GEN-T9-N90-R02,plain,0,item-089,0,58,56,100,9,16
MPV-GEN-T9-N90-R02,plain,0,item-026,0,58,72,81,7,11
MPV-GEN-T9-N90-R02,plain,0,item-039,0,78,28,61,2,47
MPV-GEN-T9-N90-R02,plain,0,item-016,0,97,0,100,1,57
MPV-GEN-T9-N90-R02,plain,0,item-021,0,65,75,100,13,11
MPV-GEN-T9-N90-R02,plain,0,item-079,0,0,91,46,73,3
MPV-GEN-T9-N90-R02,plain,0,item-033,64,0,24,33,6,49
MPV-GEN-T9-N90-R02,plain,0,item-054,0,0,94,39,41,4
MPV-GEN-T9-N90-R02,plain,0,item-004,0,41,94,100,11,5
MPV-GEN-T9-N90-R02,plain,0,item-031,0,52,94,33,17,4
MPV-GEN-T9-N90-R02,plain,0,item-009,36,73,86,54,3,7
MPV-GEN-T9-N90-R02,plain,0,item-019,64,6,24,11,5,57
MPV-GEN-T9-N90-R02,plain,0,item-046,0,97,57,39,1,39
MPV-GEN-T9-N90-R02,plain,0,item-047,39,97,57,39,1,39
MPV-GEN-T9-N90-R02,plain,0,item-058,81,6,13,3,20,80
MPV-GEN-T9-N90-R02,plain,0,item-049,0,98,0,39,2,50
MPV-GEN-T9-N90-R02,plain,0,item-055,36,0,87,39,27,4
MPV-GEN-T9-N90-R02,plain,0,item-056,64,11,24,2,68,16
MPV-GEN-T9-N90-R02,plain,0,item-076,46,58,83,46,6,12
MPV-GEN-T9-N90-R02,plain,0,item-087,0,93,84,100,3,7
MPV-GEN-T9-N90-R02,plain,0,item-088,0,93,91,100,3,9
MPV-GEN-T9-N90-R02,plain,0,item-007,0,64,86,100,9,1
MPV-GEN-T9-N90-R02,plain,0,item-008,0,73,91,6,3,7
MPV-GEN-T9-N90-R02,plain,0,item-010,46,64,87,40,2,7
MPV-GEN-T9-N90-R02,plain,0,item-048,46,66,87,39,2,11
MPV-GEN-T9-N90-R02,plain,0,item-011,46,68,87,40,1,7
MPV-GEN-T9-N90-R02,plain,0,item-012,98,0,13,1,97,6
MPV-GEN-T9-N90-R02,plain,0,item-063,61,0,28,2,10,16
MPV-GEN-T9-N90-R02,plain,0,item-064,61,0,44,2,10,27
MPV-GEN-T9-N90-R02,plain,0,item-067,61,10,28,1,8,41
MPV-GEN-T9-N90-R02,plain,0,item-068,61,18,28,1,8,41
MPV-GEN-T9-N90-R02,plain,0,item-013,98,0,19,1,97,1
MPV-GEN-T9-N90-R02,plain,0,item-084,0,78,75,100,2,8
MPV-GEN-T9-N90-R02,plain,0,item-022,0,0,98,100,13,1
MPV-GEN-T9-N90-R02,plain,0,item-078,0,0,99,46,73,1
MPV-GEN-T9-N90-R02,plain,0,item-024,54,0,99,19,87,1
MPV-GEN-T9-N90-R02,plain,0,item-061,98,0,20,2,90,3
MPV-GEN-T9-N90-R02,plain,0,item-085,0,98,50,100,2,8
MPV-GEN-T9-N90-R02,plain,1,item-014,0,0,0,85,97,7
MPV-GEN-T9-N90-R02,plain,1,item-069,0,0,7,65,83,83
MPV-GEN-T9-N90-R02,plain,1,item-040,0,83,7,61,14,47
MPV-GEN-T9-N90-R02,plain,1,item-025,65,0,7,19,87,10
MPV-GEN-T9-N90-R02,plain,1,item-029,65,0,17,7,87,65
MPV-GEN-T9-N90-R02,plain,1,item-036,85,0,0,13,100,53
MPV-GEN-T9-N90-R02,plain,1,item-035,72,0,17,11,100,53
MPV-GEN-T9-N90-R02,plain,1,item-005,0,87,70,100,11,12
MPV-GEN-T9-N90-R02,plain,1,item-032,0,0,90,33,83,4
MPV-GEN-T9-N90-R02,plain,1,item-015,83,0,53,14,97,7
MPV-GEN-T9-N90-R02,plain,1,item-062,98,0,0,2,90,40
MPV-GEN-T9-N90-R02,plain,1,item-020,0,83,82,100,13,3
MPV-GEN-T9-N90-R02,plain,1,item-023,0,83,85,100,13,4
MPV-GEN-T9-N90-R02,plain,1,item-083,0,83,89,100,13,8
MPV-GEN-T9-N90-R02,plain,1,item-065,84,0,7,1,92,41
MPV-GEN-T9-N90-R02,plain,1,item-070,0,0,94,65,83,1
MPV-GEN-T9-N90-R02,plain,2,item-030,0,0,0,51,87,65
MPV-GEN-T9-N90-R02,plain,2,item-028,51,0,0,42,87,65
MPV-GEN-T9-N90-R02,plain,2,item-057,0,0,65,37,68,16
MPV-GEN-T9-N90-R02,plain,2,item-017,0,87,0,100,7,57
MPV-GEN-T9-N90-R02,plain,2,item-082,37,0,65,54,32,16
MPV-GEN-T9-N90-R02,plain,2,item-018,0,94,0,89,5,57
MPV-GEN-T9-N90-R02,plain,2,item-080,0,0,81,54,28,16
MPV-GEN-T9-N90-R02,plain,2,item-050,93,0,0,4,30,100
MPV-GEN-T9-N90-R02,plain,2,item-051,93,30,0,4,30,100
MPV-GEN-T9-N90-R02,plain,2,item-086,0,68,65,100,13,8
MPV-GEN-T9-N90-R02,plain,3,item-034,0,0,0,33,94,49
MPV-GEN-T9-N90-R02,plain,3,item-060,33,0,0,39,48,80
MPV-GEN-T9-N90-R02,plain,3,item-071,33,48,0,33,42,84
MPV-GEN-T9-N90-R02,plain,3,item-072,66,48,0,33,41,84
MPV-GEN-T9-N90-R02,plain,3,item-052,66,89,0,31,11,100
MPV-GEN-T9-N90-R02,plain,3,item-043,0,94,0,61,4,47
MPV-GEN-T9-N90-R02,plain,3,item-037,99,0,0,1,100,53
MPV-GEN-T9-N90-R02,plain,3,item-066,99,0,53,1,92,41
MPV-GEN-T9-N90-R02,plain,4,item-059,0,0,0,36,20,80
MPV-GEN-T9-N90-R02,plain,4,item-044,0,20,0,61,11,47
MPV-GEN-T9-N90-R02,plain,4,item-053,0,31,0,31,19,100
MPV-GEN-T9-N90-R02,plain,4,item-038,61,0,0,3,100,53
MPV-GEN-T9-N90-R03,plain,0,item-026,0,0,0,81,89,57
MPV-GEN-T9-N90-R03,plain,0,item-031,0,0,57,58,52,21
MPV-GEN-T9-N90-R03,plain,0,item-004,0,52,57,81,27,26
MPV-GEN-T9-N90-R03,plain,0,item-033,0,0,78,58,52,5
MPV-GEN-T9-N90-R03,plain,0,item-034,0,0,83,58,52,1
MPV-GEN-T9-N90-R03,plain,0,item-061,0,0,84,38,44,15
MPV-GEN-T9-N90-R03,plain,0,item-070,0,79,57,77,9,36
MPV-GEN-T9-N90-R03,plain,0,item-005,58,0,57,16,27,26
MPV-GEN-T9-N90-R03,plain,0,item-016,81,0,0,14,63,74
MPV-GEN-T9-N90-R03,plain,0,item-078,0,89,0,100,7,61
MPV-GEN-T9-N90-R03,plain,0,item-017,95,0,0,5,63,74
MPV-GEN-T9-N90-R03,plain,0,item-075,81,63,0,10,25,100
MPV-GEN-T9-N90-R03,plain,0,item-027,0,96,0,81,3,57
MPV-GEN-T9-N90-R03,plain,0,item-073,91,63,0,8,25,100
MPV-GEN-T9-N90-R03,plain,0,item-079,0,99,0,100,1,61
MPV-GEN-T9-N90-R03,plain,0,item-085,58,27,57,5,17,39
MPV-GEN-T9-N90-R03,plain,0,item-023,81,96,0,17,3,52
MPV-GEN-T9-N90-R03,plain,0,item-055,0,96,57,86,3,43
MPV-GEN-T9-N90-R03,plain,0,item-054,0,88,57,86,1,43
MPV-GEN-T9-N90-R03,plain,0,item-014,0,89,61,100,5,5
MPV-GEN-T9-N90-R03,plain,0,item-015,0,89,66,100,5,20
MPV-GEN-T9-N90-R03,plain,0,item-060,58,44,57,14,4,39
MPV-GEN-T9-N90-R03,plain,0,item-081,0,44,84,17,8,16
MPV-GEN-T9-N90-R03,plain,0,item-051,58,48,57,13,4,29
MPV-GEN-T9-N90-R03,plain,0,item-052,63,27,57,12,4,36
MPV-GEN-T9-N90-R03,plain,0,item-000,38,0,84,2,68,11
MPV-GEN-T9-N90-R03,plain,0,item-001,40,0,84,2,68,15
MPV-GEN-T9-N90-R03,plain,0,item-002,99,0,74,1,68,22
MPV-GEN-T9-N90-R03,plain,0,item-003,99,0,96,1,68,4
MPV-GEN-T9-N90-R03,plain,0,item-008,0,89,86,62,5,1
MPV-GEN-T9-N90-R03,plain,0,item-009,0,0,99,38,5,1
MPV-GEN-T9-N90-R03,plain,0,item-021,81,0,74,15,3,22
MPV-GEN-T9-N90-R03,plain,0,item-058,81,3,74,8,4,23
MPV-GEN-T9-N90-R03,plain,0,item-088,0,5,99,44,31,1
MPV-GEN-T9-N90-R03,plain,0,item-010,0,89,87,100,6,1
MPV-GEN-T9-N90-R03,plain,0,item-047,0,89,88,68,4,1
MPV-GEN-T9-N90-R03,plain,0,item-050,0,89,89,13,4,7
MPV-GEN-T9-N90-R03,plain,0,item-059,81,7,74,6,4,23
MPV-GEN-T9-N90-R03,plain,0,item-020,81,11,74,4,3,22
MPV-GEN-T9-N90-R03,plain,0,item-084,72,31,57,1,14,39
MPV-GEN-T9-N90-R03,plain,0,item-022,98,96,0,2,3,52
MPV-GEN-T9-N90-R03,plain,0,item-046,0,36,99,32,4,1
MPV-GEN-T9-N90-R03,plain,0,item-048,13,89,89,54,4,1
MPV-GEN-T9-N90-R03,plain,0,item-049,13,89,90,46,4,1
MPV-GEN-T9-N90-R03,plain,0,item-056,81,14,74,3,4,19
MPV-GEN-T9-N90-R03,plain,1,item-024,0,0,0,63,92,17
MPV-GEN-T9-N90-R03,plain,1,item-032,0,0,17,58,52,73
MPV-GEN-T9-N90-R03,plain,1,item-035,63,0,0,37,39,100
MPV-GEN-T9-N90-R03,plain,1,item-067,0,52,17,55,44,59
MPV-GEN-T9-N90-R03,plain,1,item-006,0,52,76,97,41,22
MPV-GEN-T9-N90-R03,plain,1,item-019,63,39,0,19,29,74
MPV-GEN-T9-N90-R03,plain,1,item-068,0,0,90,55,44,7
MPV-GEN-T9-N90-R03,plain,1,item-029,0,96,0,74,3,74
MPV-GEN-T9-N90-R03,plain,1,item-089,74,68,0,12,31,39
MPV-GEN-T9-N90-R03,plain,1,item-080,82,39,0,17,8,45
MPV-GEN-T9-N90-R03,plain,1,item-042,58,0,17,1,96,44
MPV-GEN-T9-N90-R03,plain,1,item-045,0,0,98,42,96,2
MPV-GEN-T9-N90-R03,plain,1,item-028,59,92,0,7,3,74
MPV-GEN-T9-N90-R03,plain,1,item-041,58,0,61,1,96,13
MPV-GEN-T9-N90-R03,plain,1,item-057,0,96,74,83,4,19
MPV-GEN-T9-N90-R03,plain,2,item-043,0,0,0,42,96,27
MPV-GEN-T9-N90-R03,plain,2,item-039,0,0,27,41,96,43
MPV-GEN-T9-N90-R03,plain,2,item-040,0,0,70,41,96,14
MPV-GEN-T9-N90-R03,plain,2,item-044,42,0,0,42,96,14
MPV-GEN-T9-N90-R03,plain,2,item-025,42,0,14,18,92,17
MPV-GEN-T9-N90-R03,plain,2,item-038,84,0,0,12,44,100
MPV-GEN-T9-N90-R03,plain,2,item-037,84,44,0,9,44,100
MPV-GEN-T9-N90-R03,plain,2,item-018,60,0,14,19,5,74
MPV-GEN-T9-N90-R03,plain,2,item-053,0,96,0,75,4,36
MPV-GEN-T9-N90-R03,plain,2,item-062,0,5,84,62,44,15
MPV-GEN-T9-N90-R03,plain,2,item-074,93,44,0,5,25,100
MPV-GEN-T9-N90-R03,plain,2,item-076,41,49,31,41,15,61
MPV-GEN-T9-N90-R03,plain,2,item-086,41,5,31,39,17,39
MPV-GEN-T9-N90-R03,plain,2,item-083,41,22,31,43,14,39
MPV-GEN-T9-N90-R03,plain,3,item-007,0,0,0,97,41,4
MPV-GEN-T9-N90-R03,plain,3,item-071,0,0,4,77,25,34
MPV-GEN-T9-N90-R03,plain,3,item-072,0,0,38,77,25,30
MPV-GEN-T9-N90-R03,plain,3,item-069,0,25,4,77,16,36
MPV-GEN-T9-N90-R03,plain,3,item-012,0,41,0,100,27,8
MPV-GEN-T9-N90-R03,plain,3,item-013,0,41,8,100,27,17
MPV-GEN-T9-N90-R03,plain,3,item-011,0,41,25,100,21,1
MPV-GEN-T9-N90-R03,plain,3,item-077,0,41,26,59,15,61
MPV-GEN-T9-N90-R03,plain,3,item-030,0,56,26,81,5,74
MPV-GEN-T9-N90-R03,plain,3,item-087,0,68,0,44,31,38
MPV-GEN-T9-N90-R03,plain,3,item-036,44,68,0,37,5,100
MPV-GEN-T9-N90-R03,plain,3,item-082,0,73,38,83,8,61
MPV-GEN-T9-N90-R03,plain,4,item-063,0,0,0,55,44,19
MPV-GEN-T9-N90-R03,plain,4,item-064,0,0,19,45,44,19
MPV-GEN-T9-N90-R03,plain,4,item-065,0,0,38,45,44,34
MPV-GEN-T9-N90-R03,plain,4,item-066,0,44,0,45,44,32
MPV-GEN-T9-N90-R04,plain,0,item-026,0,0,0,43,100,34
MPV-GEN-T9-N90-R04,plain,0,item-036,0,0,34,35,92,49
MPV-GEN-T9-N90-R04,plain,0,item-040,43,0,0,48,79,50
MPV-GEN-T9-N90-R04,plain,0,item-005,0,0,83,21,78,17
MPV-GEN-T9-N90-R04,plain,0,item-015,35,0,34,8,81,41
MPV-GEN-T9-N90-R04,plain,0,item-052,43,0,50,21,53,50
MPV-GEN-T9-N90-R04,plain,0,item-053,64,0,50,20,53,50
MPV-GEN-T9-N90-R04,plain,0,item-042,43,53,50,48,13,47
MPV-GEN-T9-N90-R04,plain,0,item-071,43,79,0,42,19,100
MPV-GEN-T9-N90-R04,plain,0,item-013,35,0,75,6,81,25
MPV-GEN-T9-N90-R04,plain,0,item-012,41,0,75,2,81,25
MPV-GEN-T9-N90-R04,plain,0,item-039,43,66,50,48,8,50
MPV-GEN-T9-N90-R04,plain,0,item-034,84,0,50,6,47,50
MPV-GEN-T9-N90-R04,plain,0,item-038,0,92,34,35,8,44
MPV-GEN-T9-N90-R04,plain,0,item-054,43,74,50,32,3,37
MPV-GEN-T9-N90-R04,plain,0,item-008,35,81,34,8,19,21
MPV-GEN-T9-N90-R04,plain,0,item-009,35,81,55,8,19,38
MPV-GEN-T9-N90-R04,plain,0,item-014,91,0,0,8,81,34
MPV-GEN-T9-N90-R04,plain,0,item-045,91,0,34,7,68,50
MPV-GEN-T9-N90-R04,plain,0,item-019,99,0,0,1,100,59
MPV-GEN-T9-N90-R04,plain,0,item-043,91,68,34,7,9,50
MPV-GEN-T9-N90-R04,plain,0,item-084,85,81,0,11,7,68
MPV-GEN-T9-N90-R04,plain,0,item-001,43,98,0,21,1,100
MPV-GEN-T9-N90-R04,plain,0,item-022,98,0,59,2,100,41
MPV-GEN-T9-N90-R04,plain,0,item-041,43,53,97,48,13,3
MPV-GEN-T9-N90-R04,plain,0,item-037,0,78,83,35,8,6
MPV-GEN-T9-N90-R04,plain,0,item-020,98,0,34,1,100,14
MPV-GEN-T9-N90-R04,plain,0,item-080,43,77,50,6,2,27
MPV-GEN-T9-N90-R04,plain,0,item-081,0,78,89,6,2,5
MPV-GEN-T9-N90-R04,plain,1,item-061,0,0,0,100,23,70
MPV-GEN-T9-N90-R04,plain,1,item-050,0,23,0,59,53,38
MPV-GEN-T9-N90-R04,plain,1,item-051,0,23,38,59,53,12
MPV-GEN-T9-N90-R04,plain,1,item-066,0,23,50,54,29,21
MPV-GEN-T9-N90-R04,plain,1,item-047,0,76,0,100,18,40
MPV-GEN-T9-N90-R04,plain,1,item-060,0,76,40,100,15,36
MPV-GEN-T9-N90-R04,plain,1,item-075,59,23,0,33,50,100
MPV-GEN-T9-N90-R04,plain,1,item-058,0,0,70,100,12,14
MPV-GEN-T9-N90-R04,plain,1,item-070,92,23,0,3,50,100
MPV-GEN-T9-N90-R04,plain,1,item-003,0,94,0,21,6,100
MPV-GEN-T9-N90-R04,plain,1,item-079,0,52,50,25,16,24
MPV-GEN-T9-N90-R04,plain,1,item-033,54,23,50,4,47,50
MPV-GEN-T9-N90-R04,plain,1,item-044,25,52,50,7,23,50
MPV-GEN-T9-N90-R04,plain,1,item-055,0,91,40,68,3,37
MPV-GEN-T9-N90-R04,plain,1,item-086,21,94,0,43,4,68
MPV-GEN-T9-N90-R04,plain,1,item-017,95,23,0,3,39,59
MPV-GEN-T9-N90-R04,plain,1,item-002,59,73,0,21,3,100
MPV-GEN-T9-N90-R04,plain,1,item-067,0,12,71,46,32,20
MPV-GEN-T9-N90-R04,plain,1,item-006,32,44,71,21,28,29
MPV-GEN-T9-N90-R04,plain,1,item-059,0,0,84,100,3,14
MPV-GEN-T9-N90-R04,plain,1,item-065,0,76,76,54,3,21
MPV-GEN-T9-N90-R04,plain,1,item-069,98,23,0,1,50,100
MPV-GEN-T9-N90-R04,plain,1,item-056,0,3,84,100,3,5
MPV-GEN-T9-N90-R04,plain,1,item-057,0,3,89,100,3,8
MPV-GEN-T9-N90-R04,plain,1,item-064,0,6,91,24,32,9
MPV-GEN-T9-N90-R04,plain,2,item-024,0,0,0,22,100,61
MPV-GEN-T9-N90-R04,plain,2,item-030,22,0,0,22,100,85
MPV-GEN-T9-N90-R04,plain,2,item-025,44,0,0,21,100,61
MPV-GEN-T9-N90-R04,plain,2,item-004,65,0,0,21,78,54
MPV-GEN-T9-N90-R04,plain,2,item-007,0,0,61,21,50,29
MPV-GEN-T9-N90-R04,plain,2,item-000,65,78,0,21,12,100
MPV-GEN-T9-N90-R04,plain,2,item-031,44,0,61,10,53,32
MPV-GEN-T9-N90-R04,plain,2,item-032,54,0,61,10,53,18
MPV-GEN-T9-N90-R04,plain,2,item-074,0,0,90,21,50,9
MPV-GEN-T9-N90-R04,plain,2,item-010,65,0,54,4,19,41
MPV-GEN-T9-N90-R04,plain,2,item-011,65,19,54,4,19,41
MPV-GEN-T9-N90-R04,plain,2,item-023,86,0,0,3,100,41
MPV-GEN-T9-N90-R04,plain,2,item-018,86,0,41,2,100,59
MPV-GEN-T9-N90-R04,plain,2,item-088,65,90,0,21,9,68
MPV-GEN-T9-N90-R04,plain,2,item-016,89,0,0,3,61,59
MPV-GEN-T9-N90-R04,plain,2,item-021,21,0,61,1,100,27
MPV-GEN-T9-N90-R04,plain,2,item-027,21,0,93,43,100,5
MPV-GEN-T9-N90-R04,plain,2,item-028,22,0,85,22,100,7
MPV-GEN-T9-N90-R04,plain,2,item-035,21,0,98,35,92,1
MPV-GEN-T9-N90-R04,plain,2,item-068,0,0,99,46,32,1
MPV-GEN-T9-N90-R04,plain,3,item-049,0,0,0,100,29,7
MPV-GEN-T9-N90-R04,plain,3,item-046,0,0,7,100,11,40
MPV-GEN-T9-N90-R04,plain,3,item-062,0,11,7,100,9,70
MPV-GEN-T9-N90-R04,plain,3,item-089,0,20,7,57,9,68
MPV-GEN-T9-N90-R04,plain,3,item-087,57,20,7,36,9,68
MPV-GEN-T9-N90-R04,plain,3,item-063,0,29,0,76,32,9
MPV-GEN-T9-N90-R04,plain,3,item-072,0,61,0,42,31,100
MPV-GEN-T9-N90-R04,plain,3,item-073,76,29,0,21,50,91
MPV-GEN-T9-N90-R04,plain,3,item-078,0,29,9,75,16,24
MPV-GEN-T9-N90-R04,plain,3,item-085,0,45,9,43,7,68
MPV-GEN-T9-N90-R04,plain,3,item-029,42,0,77,22,100,8
MPV-GEN-T9-N90-R04,plain,3,item-083,0,52,9,32,7,68
MPV-GEN-T9-N90-R04,plain,3,item-048,0,0,85,100,29,3
MPV-GEN-T9-N90-R04,plain,3,item-076,0,0,88,100,16,4
MPV-GEN-T9-N90-R04,plain,3,item-077,0,0,92,100,16,4
MPV-GEN-T9-N90-R04,plain,3,item-082,0,92,0,94,2,32
MPV-GEN-T9-N90-R05,plain,0,item-027,0,0,0,100,42,51
MPV-GEN-T9-N90-R05,plain,0,item-025,0,0,51,100,22,48
MPV-GEN-T9-N90-R05,plain,0,item-057,0,42,0,100,55,14
MPV-GEN-T9-N90-R05,plain,0,item-014,0,42,14,54,51,26
MPV-GEN-T9-N90-R05,plain,0,item-015,0,42,40,54,49,26
MPV-GEN-T9-N90-R05,plain,0,item-033,0,22,51,100,11,40
MPV-GEN-T9-N90-R05,plain,0,item-080,54,42,14,31,42,68
MPV-GEN-T9-N90-R05,plain,0,item-005,85,42,14,10,47,23
MPV-GEN-T9-N90-R05,plain,0,item-007,85,42,37,10,28,31
MPV-GEN-T9-N90-R05,plain,0,item-047,0,93,14,100,3,58
MPV-GEN-T9-N90-R05,plain,0,item-050,0,97,0,63,3,58
MPV-GEN-T9-N90-R05,plain,0,item-000,0,33,66,7,56,21
MPV-GEN-T9-N90-R05,plain,0,item-011,7,33,66,29,59,29
MPV-GEN-T9-N90-R05,plain,0,item-072,36,33,66,6,53,24
MPV-GEN-T9-N90-R05,plain,0,item-071,42,33,66,6,47,24
MPV-GEN-T9-N90-R05,plain,0,item-006,85,33,68,10,25,31
MPV-GEN-T9-N90-R05,plain,0,item-028,0,22,91,100,6,9
MPV-GEN-T9-N90-R05,plain,0,item-004,36,33,90,10,47,8
MPV-GEN-T9-N90-R05,plain,0,item-061,0,33,87,6,55,4
MPV-GEN-T9-N90-R05,plain,0,item-062,0,28,91,2,55,4
MPV-GEN-T9-N90-R05,plain,0,item-064,85,58,68,8,12,13
MPV-GEN-T9-N90-R05,plain,0,item-065,85,58,81,8,11,17
MPV-GEN-T9-N90-R05,plain,0,item-039,42,80,66,3,10,10
MPV-GEN-T9-N90-R05,plain,0,item-002,45,80,66,7,4,10
MPV-GEN-T9-N90-R05,plain,0,item-051,54,89,14,37,3,58
MPV-GEN-T9-N90-R05,plain,0,item-008,0,28,95,29,68,2
MPV-GEN-T9-N90-R05,plain,0,item-079,0,28,97,28,42,2
MPV-GEN-T9-N90-R05,plain,0,item-018,0,96,14,57,1,69
MPV-GEN-T9-N90-R05,plain,0,item-016,95,42,14,4,12,69
MPV-GEN-T9-N90-R05,plain,0,item-041,57,69,82,24,13,10
MPV-GEN-T9-N90-R05,plain,0,item-066,85,70,37,8,16,17
MPV-GEN-T9-N90-R05,plain,0,item-067,85,70,54,7,18,17
MPV-GEN-T9-N90-R05,plain,0,item-009,48,33,82,29,32,2
MPV-GEN-T9-N90-R05,plain,0,item-020,52,65,66,1,24,27
MPV-GEN-T9-N90-R05,plain,0,item-021,95,54,14,1,24,42
MPV-GEN-T9-N90-R05,plain,0,item-035,63,97,0,11,1,90
MPV-GEN-T9-N90-R05,plain,0,item-044,53,69,92,43,22,8
MPV-GEN-T9-N90-R05,plain,0,item-055,0,28,99,100,32,1
MPV-GEN-T9-N90-R05,plain,0,item-068,85,70,71,1,18,17
MPV-GEN-T9-N90-R05,plain,1,item-022,0,0,0,99,24,55
MPV-GEN-T9-N90-R05,plain,1,item-029,0,24,0,100,44,9
MPV-GEN-T9-N90-R05,plain,1,item-026,0,24,9,100,42,9
MPV-GEN-T9-N90-R05,plain,1,item-058,0,24,18,100,37,17
MPV-GEN-T9-N90-R05,plain,1,item-089,0,68,0,67,32,100
MPV-GEN-T9-N90-R05,plain,1,item-049,0,24,35,100,22,37
MPV-GEN-T9-N90-R05,plain,1,item-023,0,0,55,99,24,14
MPV-GEN-T9-N90-R05,plain,1,item-034,0,46,35,100,11,50
MPV-GEN-T9-N90-R05,plain,1,item-087,67,68,0,25,32,81
MPV-GEN-T9-N90-R05,plain,1,item-024,0,0,69,100,22,12
MPV-GEN-T9-N90-R05,plain,1,item-030,0,0,81,100,14,9
MPV-GEN-T9-N90-R05,plain,1,item-042,0,0,90,76,13,10
MPV-GEN-T9-N90-R05,plain,1,item-031,0,66,9,100,1,90
MPV-GEN-T9-N90-R05,plain,1,item-036,0,67,9,89,1,90
MPV-GEN-T9-N90-R05,plain,1,item-048,0,22,72,100,22,21
MPV-GEN-T9-N90-R05,plain,1,item-088,67,68,81,25,32,19
MPV-GEN-T9-N90-R05,plain,1,item-040,0,44,85,97,10,10
MPV-GEN-T9-N90-R05,plain,1,item-046,0,57,35,100,8,58
MPV-GEN-T9-N90-R05,plain,1,item-037,0,13,93,100,17,4
MPV-GEN-T9-N90-R05,plain,1,item-045,0,13,97,100,22,2
MPV-GEN-T9-N90-R05,plain,1,item-054,0,13,99,100,23,1
MPV-GEN-T9-N90-R05,plain,2,item-085,0,0,0,79,22,100
MPV-GEN-T9-N90-R05,plain,2,item-038,0,22,0,100,17,86
MPV-GEN-T9-N90-R05,plain,2,item-032,0,39,0,100,15,90
MPV-GEN-T9-N90-R05,plain,2,item-053,0,54,0,70,19,58
MPV-GEN-T9-N90-R05,plain,2,item-060,0,73,0,100,18,23
MPV-GEN-T9-N90-R05,plain,2,item-019,0,73,23,57,11,69
MPV-GEN-T9-N90-R05,plain,2,item-010,70,54,23,29,41,29
MPV-GEN-T9-N90-R05,plain,2,item-084,0,95,0,75,4,100
MPV-GEN-T9-N90-R05,plain,2,item-086,79,0,0,13,22,100
MPV-GEN-T9-N90-R05,plain,2,item-083,0,91,0,17,4,100
MPV-GEN-T9-N90-R05,plain,2,item-001,75,54,52,7,44,21
MPV-GEN-T9-N90-R05,plain,2,item-059,0,22,90,100,37,6
MPV-GEN-T9-N90-R05,plain,2,item-056,0,22,96,100,55,4
MPV-GEN-T9-N90-R05,plain,2,item-063,82,54,52,8,43,13
MPV-GEN-T9-N90-R05,plain,3,item-012,0,0,0,30,100,5
MPV-GEN-T9-N90-R05,plain,3,item-013,0,0,5,24,100,5
MPV-GEN-T9-N90-R05,plain,3,item-075,0,0,10,7,100,59
MPV-GEN-T9-N90-R05,plain,3,item-003,0,0,69,7,96,10
MPV-GEN-T9-N90-R05,plain,3,item-078,30,0,0,28,42,98
MPV-GEN-T9-N90-R05,plain,3,item-081,30,42,0,31,42,32
MPV-GEN-T9-N90-R05,plain,3,item-082,58,0,0,27,42,100
MPV-GEN-T9-N90-R05,plain,3,item-052,61,42,0,30,19,58
MPV-GEN-T9-N90-R05,plain,3,item-017,30,84,0,39,12,69
MPV-GEN-T9-N90-R05,plain,3,item-077,85,0,0,4,42,100
MPV-GEN-T9-N90-R05,plain,3,item-043,7,61,32,57,22,8
MPV-GEN-T9-N90-R05,plain,3,item-069,7,0,10,2,100,13
MPV-GEN-T9-N90-R05,plain,3,item-070,9,0,10,2,100,11
MPV-GEN-T9-N90-R05,plain,3,item-073,24,0,5,1,100,25
MPV-GEN-T9-N90-R05,plain,3,item-074,91,0,0,1,100,34
MPV-GEN-T9-N90-R05,plain,3,item-076,89,0,0,2,42,100
MPV-GEN-T9-N90-R06,plain,0,item-089,0,0,0,39,85,93
MPV-GEN-T9-N90-R06,plain,0,item-030,39,0,0,36,79,51
MPV-GEN-T9-N90-R06,plain,0,item-004,75,0,0,22,74,82
MPV-GEN-T9-N90-R06,plain,0,item-036,39,0,51,33,37,46
MPV-GEN-T9-N90-R06,plain,0,item-000,39,79,0,27,18,100
MPV-GEN-T9-N90-R06,plain,0,item-077,66,79,0,34,16,68
MPV-GEN-T9-N90-R06,plain,0,item-029,0,85,0,36,13,51
MPV-GEN-T9-N90-R06,plain,0,item-084,0,0,93,32,85,7
MPV-GEN-T9-N90-R06,plain,0,item-032,39,37,51,10,37,21
MPV-GEN-T9-N90-R06,plain,0,item-034,39,37,72,10,37,17
MPV-GEN-T9-N90-R06,plain,0,item-069,0,98,0,100,2,51
MPV-GEN-T9-N90-R06,plain,0,item-009,66,95,0,18,3,100
MPV-GEN-T9-N90-R06,plain,0,item-070,0,98,51,100,2,28
MPV-GEN-T9-N90-R06,plain,0,item-010,75,74,0,10,5,100
MPV-GEN-T9-N90-R06,plain,0,item-045,97,0,0,1,37,97
MPV-GEN-T9-N90-R06,plain,0,item-083,32,0,93,6,85,7
MPV-GEN-T9-N90-R06,plain,0,item-013,36,97,0,29,1,100
MPV-GEN-T9-N90-R06,plain,0,item-011,85,74,0,4,5,100
MPV-GEN-T9-N90-R06,plain,0,item-073,0,98,79,89,1,21
MPV-GEN-T9-N90-R06,plain,0,item-051,72,0,51,1,62,30
MPV-GEN-T9-N90-R06,plain,0,item-001,97,37,0,1,18,100
MPV-GEN-T9-N90-R06,plain,0,item-003,89,0,82,4,18,17
MPV-GEN-T9-N90-R06,plain,0,item-016,0,99,79,68,1,14
MPV-GEN-T9-N90-R06,plain,0,item-031,39,37,89,10,37,2
MPV-GEN-T9-N90-R06,plain,0,item-075,66,79,68,11,7,21
MPV-GEN-T9-N90-R06,plain,0,item-049,73,0,51,1,63,20
MPV-GEN-T9-N90-R06,plain,0,item-050,73,0,71,1,62,21
MPV-GEN-T9-N90-R06,plain,0,item-040,36,85,0,1,12,100
MPV-GEN-T9-N90-R06,plain,0,item-041,37,85,0,1,11,100
MPV-GEN-T9-N90-R06,plain,0,item-047,49,37,51,1,35,26
MPV-GEN-T9-N90-R06,plain,0,item-042,38,85,0,1,9,100
MPV-GEN-T9-N90-R06,plain,0,item-046,50,37,51,1,28,26
MPV-GEN-T9-N90-R06,plain,0,item-039,89,74,0,1,5,100
MPV-GEN-T9-N90-R06,plain,0,item-012,84,95,0,3,1,100
MPV-GEN-T9-N90-R06,plain,0,item-044,66,0,97,1,33,3
MPV-GEN-T9-N90-R06,plain,0,item-043,66,33,97,1,4,3
MPV-GEN-T9-N90-R06,plain,0,item-048,38,0,93,1,63,3
MPV-GEN-T9-N90-R06,plain,0,item-052,0,85,51,1,1,41
MPV-GEN-T9-N90-R06,plain,0,item-053,66,79,89,1,1,10
MPV-GEN-T9-N90-R06,plain,0,item-061,0,99,93,100,1,7
MPV-GEN-T9-N90-R06,plain,0,item-080,98,0,68,2,85,32
MPV-GEN-T9-N90-R06,plain,1,item-018,0,0,0,68,74,14
MPV-GEN-T9-N90-R06,plain,1,item-022,0,0,14,43,61,35
MPV-GEN-T9-N90-R06,plain,1,item-023,0,0,49,43,39,35
MPV-GEN-T9-N90-R06,plain,1,item-005,43,0,14,22,74,18
MPV-GEN-T9-N90-R06,plain,1,item-006,43,0,32,10,74,58
MPV-GEN-T9-N90-R06,plain,1,item-007,53,0,32,10,74,42
MPV-GEN-T9-N90-R06,plain,1,item-020,68,0,0,25,100,23
MPV-GEN-T9-N90-R06,plain,1,item-027,0,39,49,19,18,51
MPV-GEN-T9-N90-R06,plain,1,item-028,0,61,14,36,8,51
MPV-GEN-T9-N90-R06,plain,1,item-017,0,74,0,68,14,14
MPV-GEN-T9-N90-R06,plain,1,item-019,0,74,14,68,11,14
MPV-GEN-T9-N90-R06,plain,1,item-021,68,0,23,25,100,12
MPV-GEN-T9-N90-R06,plain,1,item-024,93,0,0,7,100,51
MPV-GEN-T9-N90-R06,plain,1,item-058,0,88,0,34,9,100
MPV-GEN-T9-N90-R06,plain,1,item-008,0,97,0,18,2,100
MPV-GEN-T9-N90-R06,plain,1,item-014,0,99,0,32,1,100
MPV-GEN-T9-N90-R06,plain,1,item-015,18,97,0,32,1,100
MPV-GEN-T9-N90-R06,plain,1,item-087,63,0,35,27,85,53
MPV-GEN-T9-N90-R06,plain,1,item-067,18,98,0,28,1,100
MPV-GEN-T9-N90-R06,plain,1,item-079,36,61,28,7,36,68
MPV-GEN-T9-N90-R06,plain,1,item-081,90,0,51,6,85,32
MPV-GEN-T9-N90-R06,plain,1,item-085,53,0,88,28,85,4
MPV-GEN-T9-N90-R06,plain,1,item-086,50,0,92,28,85,3
MPV-GEN-T9-N90-R06,plain,2,item-037,0,0,0,55,37,62
MPV-GEN-T9-N90-R06,plain,2,item-056,0,37,0,27,63,100
MPV-GEN-T9-N90-R06,plain,2,item-088,55,0,0,27,85,40
MPV-GEN-T9-N90-R06,plain,2,item-026,55,0,40,19,82,51
MPV-GEN-T9-N90-R06,plain,2,item-038,0,0,62,55,37,38
MPV-GEN-T9-N90-R06,plain,2,item-054,27,37,0,19,63,100
MPV-GEN-T9-N90-R06,plain,2,item-055,82,0,0,11,63,100
MPV-GEN-T9-N90-R06,plain,2,item-025,93,0,0,6,100,51
MPV-GEN-T9-N90-R06,plain,2,item-057,46,37,0,8,63,100
MPV-GEN-T9-N90-R06,plain,2,item-033,82,63,0,10,37,60
MPV-GEN-T9-N90-R06,plain,3,item-082,0,0,0,26,85,32
MPV-GEN-T9-N90-R06,plain,3,item-035,26,0,0,33,37,54
MPV-GEN-T9-N90-R06,plain,3,item-060,26,37,0,34,30,100
MPV-GEN-T9-N90-R06,plain,3,item-059,26,67,0,34,24,100
MPV-GEN-T9-N90-R06,plain,3,item-076,59,0,0,34,33,68
MPV-GEN-T9-N90-R06,plain,3,item-078,60,33,0,27,36,68
MPV-GEN-T9-N90-R06,plain,3,item-072,0,91,0,100,4,79
MPV-GEN-T9-N90-R06,plain,3,item-065,0,95,0,65,4,100
MPV-GEN-T9-N90-R06,plain,3,item-066,60,69,0,35,4,100
MPV-GEN-T9-N90-R06,plain,3,item-062,0,99,0,100,1,93
MPV-GEN-T9-N90-R06,plain,3,item-002,60,73,0,4,18,83
MPV-GEN-T9-N90-R06,plain,3,item-074,0,0,68,89,6,21
MPV-GEN-T9-N90-R06,plain,4,item-063,0,0,0,100,1,100
MPV-GEN-T9-N90-R06,plain,4,item-064,0,1,0,100,1,100
MPV-GEN-T9-N90-R06,plain,4,item-071,0,2,0,100,1,79
MPV-GEN-T9-N90-R06,plain,4,item-068,0,3,0,72,1,100
MPV-GEN-T9-N90-R07,plain,0,item-028,0,0,0,47,74,83
MPV-GEN-T9-N90-R07,plain,0,item-061,47,0,0,33,100,60
MPV-GEN-T9-N90-R07,plain,0,item-038,47,0,60,19,100,33
MPV-GEN-T9-N90-R07,plain,0,item-030,80,0,0,19,74,87
MPV-GEN-T9-N90-R07,plain,0,item-056,0,74,0,42,24,100
MPV-GEN-T9-N90-R07,plain,0,item-083,66,0,60,13,95,13
MPV-GEN-T9-N90-R07,plain,0,item-084,66,0,73,13,95,15
MPV-GEN-T9-N90-R07,plain,0,item-013,80,74,0,20,7,100
MPV-GEN-T9-N90-R07,plain,0,item-029,0,0,83,47,74,4
MPV-GEN-T9-N90-R07,plain,0,item-003,79,81,60,21,17,36
MPV-GEN-T9-N90-R07,plain,0,item-086,66,0,88,13,95,9
MPV-GEN-T9-N90-R07,plain,0,item-004,0,0,87,13,65,9
MPV-GEN-T9-N90-R07,plain,0,item-006,0,0,96,13,52,1
MPV-GEN-T9-N90-R07,plain,0,item-007,0,0,97,13,13,1
MPV-GEN-T9-N90-R07,plain,0,item-074,80,81,0,16,17,44
MPV-GEN-T9-N90-R07,plain,0,item-010,42,74,0,3,25,100
MPV-GEN-T9-N90-R07,plain,0,item-026,13,0,87,15,34,13
MPV-GEN-T9-N90-R07,plain,0,item-033,45,0,93,18,100,7
MPV-GEN-T9-N90-R07,plain,0,item-040,63,0,97,32,59,3
MPV-GEN-T9-N90-R07,plain,0,item-055,99,0,0,1,28,100
MPV-GEN-T9-N90-R07,plain,0,item-054,99,28,0,1,20,100
MPV-GEN-T9-N90-R07,plain,0,item-046,0,34,97,43,13,2
MPV-GEN-T9-N90-R07,plain,0,item-048,0,52,96,43,13,3
MPV-GEN-T9-N90-R07,plain,0,item-079,0,98,0,8,1,100
MPV-GEN-T9-N90-R07,plain,1,item-075,0,0,0,29,83,44
MPV-GEN-T9-N90-R07,plain,1,item-032,0,0,44,25,74,48
MPV-GEN-T9-N90-R07,plain,1,item-045,29,0,0,32,52,83
MPV-GEN-T9-N90-R07,plain,1,item-058,29,52,0,43,30,71
MPV-GEN-T9-N90-R07,plain,1,item-085,72,0,0,13,95,63
MPV-GEN-T9-N90-R07,plain,1,item-005,85,0,0,13,65,90
MPV-GEN-T9-N90-R07,plain,1,item-060,25,52,71,43,39,29
MPV-GEN-T9-N90-R07,plain,1,item-001,61,0,63,21,48,29
MPV-GEN-T9-N90-R07,plain,1,item-059,0,83,0,43,9,71
MPV-GEN-T9-N90-R07,plain,1,item-070,43,82,0,29,15,56
MPV-GEN-T9-N90-R07,plain,1,item-018,0,92,0,29,6,100
MPV-GEN-T9-N90-R07,plain,1,item-022,85,65,0,7,18,100
MPV-GEN-T9-N90-R07,plain,1,item-073,85,83,0,13,17,44
MPV-GEN-T9-N90-R07,plain,1,item-014,29,92,0,14,6,100
MPV-GEN-T9-N90-R07,plain,1,item-009,92,65,0,4,15,100
MPV-GEN-T9-N90-R07,plain,1,item-012,43,97,0,20,3,100
MPV-GEN-T9-N90-R07,plain,1,item-023,96,65,0,3,18,100
MPV-GEN-T9-N90-R07,plain,1,item-089,72,95,0,8,5,100
MPV-GEN-T9-N90-R07,plain,1,item-039,25,0,83,32,41,3
MPV-GEN-T9-N90-R07,plain,1,item-078,61,48,0,8,3,100
MPV-GEN-T9-N90-R07,plain,1,item-088,80,95,0,3,5,100
MPV-GEN-T9-N90-R07,plain,1,item-087,83,95,0,2,5,100
MPV-GEN-T9-N90-R07,plain,1,item-024,0,91,71,66,1,13
MPV-GEN-T9-N90-R07,plain,1,item-052,0,74,71,24,13,25
MPV-GEN-T9-N90-R07,plain,2,item-017,0,0,0,56,20,67
MPV-GEN-T9-N90-R07,plain,2,item-000,0,20,0,21,48,71
MPV-GEN-T9-N90-R07,plain,2,item-044,21,20,0,32,48,45
MPV-GEN-T9-N90-R07,plain,2,item-057,0,68,0,42,24,100
MPV-GEN-T9-N90-R07,plain,2,item-011,42,68,0,27,25,100
MPV-GEN-T9-N90-R07,plain,2,item-016,0,0,67,56,20,33
MPV-GEN-T9-N90-R07,plain,2,item-043,21,20,45,32,48,38
MPV-GEN-T9-N90-R07,plain,2,item-041,69,0,0,24,100,14
MPV-GEN-T9-N90-R07,plain,2,item-062,69,0,14,8,100,60
MPV-GEN-T9-N90-R07,plain,2,item-082,93,0,0,6,100,100
MPV-GEN-T9-N90-R07,plain,2,item-019,0,92,0,27,6,100
MPV-GEN-T9-N90-R07,plain,2,item-035,69,0,74,6,100,26
MPV-GEN-T9-N90-R07,plain,2,item-036,77,0,14,6,100,19
MPV-GEN-T9-N90-R07,plain,2,item-042,83,0,14,8,100,14
MPV-GEN-T9-N90-R07,plain,2,item-053,0,20,71,19,13,25
MPV-GEN-T9-N90-R07,plain,2,item-077,83,0,28,8,96,13
MPV-GEN-T9-N90-R07,plain,2,item-015,27,92,0,14,4,100
MPV-GEN-T9-N90-R07,plain,2,item-021,53,20,0,6,8,100
MPV-GEN-T9-N90-R07,plain,2,item-080,53,28,0,3,15,100
MPV-GEN-T9-N90-R07,plain,2,item-008,53,43,0,4,10,100
MPV-GEN-T9-N90-R07,plain,2,item-020,53,53,0,4,8,100
MPV-GEN-T9-N90-R07,plain,2,item-027,0,33,83,51,34,13
MPV-GEN-T9-N90-R07,plain,2,item-064,77,0,41,11,100,9
MPV-GEN-T9-N90-R07,plain,2,item-034,77,0,50,7,100,7
MPV-GEN-T9-N90-R07,plain,3,item-065,0,0,0,41,94,14
MPV-GEN-T9-N90-R07,plain,3,item-069,0,0,14,29,35,56
MPV-GEN-T9-N90-R07,plain,3,item-071,0,35,14,29,31,56
MPV-GEN-T9-N90-R07,plain,3,item-031,0,66,14,25,26,48
MPV-GEN-T9-N90-R07,plain,3,item-067,41,0,0,41,100,10
MPV-GEN-T9-N90-R07,plain,3,item-068,41,0,10,41,100,7
MPV-GEN-T9-N90-R07,plain,3,item-076,82,0,0,8,96,87
MPV-GEN-T9-N90-R07,plain,3,item-025,0,0,70,66,39,13
MPV-GEN-T9-N90-R07,plain,3,item-063,29,0,17,30,100,9
MPV-GEN-T9-N90-R07,plain,3,item-072,29,39,26,29,19,56
MPV-GEN-T9-N90-R07,plain,3,item-002,29,58,26,21,17,64
MPV-GEN-T9-N90-R07,plain,3,item-037,59,0,17,19,100,12
MPV-GEN-T9-N90-R07,plain,3,item-047,0,0,83,43,13,11
MPV-GEN-T9-N90-R07,plain,3,item-049,0,13,83,43,13,13
MPV-GEN-T9-N90-R07,plain,3,item-081,90,0,0,3,85,100
MPV-GEN-T9-N90-R07,plain,3,item-050,0,92,26,43,3,46
MPV-GEN-T9-N90-R07,plain,3,item-051,25,75,29,43,10,46
MPV-GEN-T9-N90-R07,plain,3,item-066,0,26,83,41,6,14
MPV-GEN-T9-N90-R08,plain,0,item-030,0,0,0,69,45,71
MPV-GEN-T9-N90-R08,plain,0,item-001,0,0,71,41,21,27
MPV-GEN-T9-N90-R08,plain,0,item-000,0,21,71,41,15,27
MPV-GEN-T9-N90-R08,plain,0,item-049,0,45,0,73,29,100
MPV-GEN-T9-N90-R08,plain,0,item-018,0,74,0,100,21,8
MPV-GEN-T9-N90-R08,plain,0,item-019,0,74,8,100,21,21
MPV-GEN-T9-N90-R08,plain,0,item-025,0,74,29,89,14,71
MPV-GEN-T9-N90-R08,plain,0,item-024,0,88,29,89,4,71
MPV-GEN-T9-N90-R08,plain,0,item-028,69,0,0,30,45,71
MPV-GEN-T9-N90-R08,plain,0,item-015,41,0,71,48,37,7
MPV-GEN-T9-N90-R08,plain,0,item-046,73,45,0,18,27,100
MPV-GEN-T9-N90-R08,plain,0,item-048,0,95,0,73,4,100
MPV-GEN-T9-N90-R08,plain,0,item-065,41,0,78,45,36,7
MPV-GEN-T9-N90-R08,plain,0,item-057,91,45,0,8,21,64
MPV-GEN-T9-N90-R08,plain,0,item-061,73,95,0,24,3,100
MPV-GEN-T9-N90-R08,plain,0,item-066,41,0,85,45,18,7
MPV-GEN-T9-N90-R08,plain,0,item-075,0,99,0,55,1,100
MPV-GEN-T9-N90-R08,plain,0,item-076,0,37,71,60,6,15
MPV-GEN-T9-N90-R08,plain,0,item-010,99,0,0,1,37,100
MPV-GEN-T9-N90-R08,plain,0,item-059,0,92,29,100,1,36
MPV-GEN-T9-N90-R08,plain,0,item-063,91,66,0,9,4,100
MPV-GEN-T9-N90-R08,plain,0,item-006,55,99,0,35,1,77
MPV-GEN-T9-N90-R08,plain,0,item-039,41,0,92,26,11,7
MPV-GEN-T9-N90-R08,plain,0,item-073,0,37,86,55,3,10
MPV-GEN-T9-N90-R08,plain,0,item-007,55,99,77,35,1,23
MPV-GEN-T9-N90-R08,plain,0,item-062,73,72,0,24,1,100
MPV-GEN-T9-N90-R08,plain,0,item-037,73,73,0,21,1,100
MPV-GEN-T9-N90-R08,plain,0,item-026,89,74,29,11,14,71
MPV-GEN-T9-N90-R08,plain,0,item-027,89,88,29,11,4,71
MPV-GEN-T9-N90-R08,plain,0,item-038,73,98,0,21,1,100
MPV-GEN-T9-N90-R08,plain,0,item-050,86,0,78,1,33,16
MPV-GEN-T9-N90-R08,plain,0,item-004,90,99,0,6,1,80
MPV-GEN-T9-N90-R08,plain,0,item-020,41,18,85,1,13,13
MPV-GEN-T9-N90-R08,plain,0,item-005,90,99,80,6,1,20
MPV-GEN-T9-N90-R08,plain,0,item-021,87,0,78,1,13,16
MPV-GEN-T9-N90-R08,plain,1,item-068,0,0,0,45,54,79
MPV-GEN-T9-N90-R08,plain,1,item-081,0,54,0,82,24,89
MPV-GEN-T9-N90-R08,plain,1,item-072,45,0,0,55,32,91
MPV-GEN-T9-N90-R08,plain,1,item-055,0,78,0,60,21,55
MPV-GEN-T9-N90-R08,plain,1,item-071,45,32,0,55,22,91
MPV-GEN-T9-N90-R08,plain,1,item-034,82,54,0,17,46,82
MPV-GEN-T9-N90-R08,plain,1,item-080,0,54,89,82,24,11
MPV-GEN-T9-N90-R08,plain,1,item-033,82,54,82,17,46,18
MPV-GEN-T9-N90-R08,plain,1,item-067,0,0,79,45,54,14
MPV-GEN-T9-N90-R08,plain,1,item-069,45,0,91,46,54,9
MPV-GEN-T9-N90-R08,plain,1,item-054,0,78,55,60,21,9
MPV-GEN-T9-N90-R08,plain,1,item-023,0,78,64,15,13,29
MPV-GEN-T9-N90-R08,plain,1,item-086,60,78,0,20,12,87
MPV-GEN-T9-N90-R08,plain,1,item-047,60,90,0,18,6,100
MPV-GEN-T9-N90-R08,plain,1,item-064,60,96,0,12,4,100
MPV-GEN-T9-N90-R08,plain,1,item-070,91,0,91,9,54,9
MPV-GEN-T9-N90-R08,plain,1,item-029,99,54,0,1,45,71
MPV-GEN-T9-N90-R08,plain,1,item-042,80,78,0,2,11,100
MPV-GEN-T9-N90-R08,plain,2,item-032,0,0,0,31,46,78
MPV-GEN-T9-N90-R08,plain,2,item-003,0,46,0,36,36,73
MPV-GEN-T9-N90-R08,plain,2,item-014,31,0,0,48,37,48
MPV-GEN-T9-N90-R08,plain,2,item-013,31,0,48,38,37,45
MPV-GEN-T9-N90-R08,plain,2,item-031,0,0,78,31,46,22
MPV-GEN-T9-N90-R08,plain,2,item-043,0,46,73,31,29,24
MPV-GEN-T9-N90-R08,plain,2,item-012,69,0,48,10,37,45
MPV-GEN-T9-N90-R08,plain,2,item-060,0,82,0,100,11,36
MPV-GEN-T9-N90-R08,plain,2,item-035,36,37,0,21,44,50
MPV-GEN-T9-N90-R08,plain,2,item-036,36,37,50,21,44,50
MPV-GEN-T9-N90-R08,plain,2,item-044,57,37,0,31,29,76
MPV-GEN-T9-N90-R08,plain,2,item-058,0,82,36,100,9,36
MPV-GEN-T9-N90-R08,plain,2,item-082,79,0,0,18,24,100
MPV-GEN-T9-N90-R08,plain,2,item-085,57,66,0,40,12,87
MPV-GEN-T9-N90-R08,plain,2,item-077,0,93,0,60,6,85
MPV-GEN-T9-N90-R08,plain,2,item-045,60,93,0,31,6,100
MPV-GEN-T9-N90-R08,plain,2,item-053,88,24,0,8,33,58
MPV-GEN-T9-N90-R08,plain,2,item-078,57,78,0,40,4,100
MPV-GEN-T9-N90-R08,plain,2,item-009,96,24,0,4,37,100
MPV-GEN-T9-N90-R08,plain,2,item-052,88,24,58,8,33,42
MPV-GEN-T9-N90-R08,plain,2,item-041,79,24,0,3,11,100
MPV-GEN-T9-N90-R08,plain,3,item-016,0,0,0,100,29,28
MPV-GEN-T9-N90-R08,plain,3,item-022,0,0,28,84,13,29
MPV-GEN-T9-N90-R08,plain,3,item-056,0,29,0,32,21,64
MPV-GEN-T9-N90-R08,plain,3,item-040,0,50,0,26,11,93
MPV-GEN-T9-N90-R08,plain,3,item-083,0,13,28,40,12,48
MPV-GEN-T9-N90-R08,plain,3,item-084,0,0,57,40,12,39
MPV-GEN-T9-N90-R08,plain,3,item-002,0,61,0,5,36,73
MPV-GEN-T9-N90-R08,plain,3,item-074,0,97,0,55,3,90
MPV-GEN-T9-N90-R08,plain,3,item-011,26,50,0,4,37,100
MPV-GEN-T9-N90-R08,plain,3,item-079,5,87,0,40,2,100
MPV-GEN-T9-N90-R08,plain,3,item-008,30,50,0,2,37,100
MPV-GEN-T9-N90-R08,plain,3,item-087,0,12,76,100,12,6
MPV-GEN-T9-N90-R08,plain,3,item-088,0,12,82,100,12,6
MPV-GEN-T9-N90-R08,plain,3,item-017,0,12,88,100,29,1
MPV-GEN-T9-N90-R08,plain,3,item-051,32,29,0,1,33,84
MPV-GEN-T9-N90-R08,plain,3,item-089,0,12,89,100,12,1
MPV-GEN-T9-N90-R09,plain,0,item-023,0,0,0,68,47,64
MPV-GEN-T9-N90-R09,plain,0,item-009,0,47,0,80,24,87
MPV-GEN-T9-N90-R09,plain,0,item-022,0,0,64,68,47,36
MPV-GEN-T9-N90-R09,plain,0,item-048,68,0,0,32,43,69
MPV-GEN-T9-N90-R09,plain,0,item-010,0,71,0,62,15,100
MPV-GEN-T9-N90-R09,plain,0,item-029,62,71,0,32,22,83
MPV-GEN-T9-N90-R09,plain,0,item-008,0,47,87,80,24,13
MPV-GEN-T9-N90-R09,plain,0,item-020,0,86,0,49,11,100
MPV-GEN-T9-N90-R09,plain,0,item-049,68,0,69,32,43,31
MPV-GEN-T9-N90-R09,plain,0,item-033,80,43,0,14,21,100
MPV-GEN-T9-N90-R09,plain,0,item-036,94,43,0,6,39,100
MPV-GEN-T9-N90-R09,plain,0,item-016,0,97,0,68,3,62
MPV-GEN-T9-N90-R09,plain,0,item-071,62,71,83,32,19,10
MPV-GEN-T9-N90-R09,plain,0,item-017,0,97,62,68,3,27
MPV-GEN-T9-N90-R09,plain,0,item-035,49,86,0,6,8,100
MPV-GEN-T9-N90-R09,plain,0,item-014,94,82,0,3,15,100
MPV-GEN-T9-N90-R09,plain,0,item-028,49,94,0,32,1,83
MPV-GEN-T9-N90-R09,plain,0,item-000,49,95,0,10,2,100
MPV-GEN-T9-N90-R09,plain,0,item-019,0,97,89,42,3,11
MPV-GEN-T9-N90-R09,plain,0,item-018,42,97,89,26,3,11
MPV-GEN-T9-N90-R09,plain,0,item-052,59,95,0,10,2,100
MPV-GEN-T9-N90-R09,plain,0,item-042,55,86,0,1,3,100
MPV-GEN-T9-N90-R09,plain,0,item-006,55,89,0,1,1,100
MPV-GEN-T9-N90-R09,plain,0,item-058,69,71,93,8,29,4
MPV-GEN-T9-N90-R09,plain,1,item-050,0,0,0,48,55,100
MPV-GEN-T9-N90-R09,plain,1,item-089,48,0,0,48,100,33
MPV-GEN-T9-N90-R09,plain,1,item-046,0,55,0,37,34,100
MPV-GEN-T9-N90-R09,plain,1,item-066,48,0,33,41,66,45
MPV-GEN-T9-N90-R09,plain,1,item-001,37,55,0,10,37,100
MPV-GEN-T9-N90-R09,plain,1,item-047,0,89,0,37,9,100
MPV-GEN-T9-N90-R09,plain,1,item-024,48,0,78,29,38,14
MPV-GEN-T9-N90-R09,plain,1,item-030,48,38,78,32,23,17
MPV-GEN-T9-N90-R09,plain,1,item-045,89,0,33,2,100,67
MPV-GEN-T9-N90-R09,plain,1,item-031,96,0,0,4,32,100
MPV-GEN-T9-N90-R09,plain,1,item-002,96,32,0,2,39,100
MPV-GEN-T9-N90-R09,plain,1,item-003,98,32,0,2,39,100
MPV-GEN-T9-N90-R09,plain,1,item-025,77,0,78,3,38,14
MPV-GEN-T9-N90-R09,plain,1,item-043,91,0,33,2,100,16
MPV-GEN-T9-N90-R09,plain,1,item-044,91,0,49,2,100,17
MPV-GEN-T9-N90-R09,plain,1,item-077,91,0,66,2,100,31
MPV-GEN-T9-N90-R09,plain,1,item-087,93,0,33,2,100,33
MPV-GEN-T9-N90-R09,plain,1,item-040,93,0,66,1,100,11
MPV-GEN-T9-N90-R09,plain,1,item-088,94,0,66,1,100,33
MPV-GEN-T9-N90-R09,plain,1,item-004,95,0,33,1,39,28
MPV-GEN-T9-N90-R09,plain,1,item-015,96,71,0,3,24,100
MPV-GEN-T9-N90-R09,plain,1,item-005,47,55,0,1,39,72
MPV-GEN-T9-N90-R09,plain,1,item-012,80,0,78,1,39,6
MPV-GEN-T9-N90-R09,plain,1,item-078,48,66,33,19,26,31
MPV-GEN-T9-N90-R09,plain,1,item-054,81,0,78,8,100,7
MPV-GEN-T9-N90-R09,plain,1,item-084,80,0,85,9,100,15
MPV-GEN-T9-N90-R09,plain,1,item-059,48,0,95,8,71,4
MPV-GEN-T9-N90-R09,plain,1,item-055,48,0,99,8,100,1
MPV-GEN-T9-N90-R09,plain,1,item-060,56,0,95,8,100,4
MPV-GEN-T9-N90-R09,plain,1,item-070,48,66,64,2,19,12
MPV-GEN-T9-N90-R09,plain,1,item-082,64,0,95,16,100,2
MPV-GEN-T9-N90-R09,plain,1,item-081,64,0,97,12,100,2
MPV-GEN-T9-N90-R09,plain,2,item-065,0,0,0,59,66,45
MPV-GEN-T9-N90-R09,plain,2,item-051,59,0,0,21,55,100
MPV-GEN-T9-N90-R09,plain,2,item-067,0,0,45,50,30,45
MPV-GEN-T9-N90-R09,plain,2,item-068,0,30,45,50,30,45
MPV-GEN-T9-N90-R09,plain,2,item-073,0,66,0,100,31,22
MPV-GEN-T9-N90-R09,plain,2,item-037,80,0,0,13,47,84
MPV-GEN-T9-N90-R09,plain,2,item-011,80,47,0,18,15,100
MPV-GEN-T9-N90-R09,plain,2,item-069,0,66,22,98,19,12
MPV-GEN-T9-N90-R09,plain,2,item-021,59,55,0,19,11,100
MPV-GEN-T9-N90-R09,plain,2,item-072,0,66,34,68,19,10
MPV-GEN-T9-N90-R09,plain,2,item-053,0,97,0,59,2,100
MPV-GEN-T9-N90-R09,plain,2,item-034,93,0,0,5,21,100
MPV-GEN-T9-N90-R09,plain,2,item-038,80,0,84,13,47,16
MPV-GEN-T9-N90-R09,plain,2,item-063,0,85,22,100,4,14
MPV-GEN-T9-N90-R09,plain,2,item-064,0,85,36,100,4,25
MPV-GEN-T9-N90-R09,plain,2,item-074,0,89,22,100,3,22
MPV-GEN-T9-N90-R09,plain,2,item-007,98,0,0,1,38,100
MPV-GEN-T9-N90-R09,plain,2,item-013,99,0,0,1,39,94
MPV-GEN-T9-N90-R09,plain,2,item-061,0,92,22,100,4,1
MPV-GEN-T9-N90-R09,plain,2,item-062,0,92,23,100,4,5
MPV-GEN-T9-N90-R09,plain,3,item-075,0,0,0,100,47,22
MPV-GEN-T9-N90-R09,plain,3,item-027,0,47,0,32,20,86
MPV-GEN-T9-N90-R09,plain,3,item-026,0,67,0,32,18,86
MPV-GEN-T9-N90-R09,plain,3,item-032,32,47,0,15,32,100
MPV-GEN-T9-N90-R09,plain,3,item-056,47,0,22,8,100,67
MPV-GEN-T9-N90-R09,plain,3,item-079,55,0,22,19,74,31
MPV-GEN-T9-N90-R09,plain,3,item-076,55,0,53,13,100,31
MPV-GEN-T9-N90-R09,plain,3,item-057,68,0,53,8,100,17
MPV-GEN-T9-N90-R09,plain,3,item-080,47,0,89,6,100,2
MPV-GEN-T9-N90-R09,plain,3,item-083,68,0,70,9,100,18
MPV-GEN-T9-N90-R09,plain,3,item-085,74,0,22,6,100,17
MPV-GEN-T9-N90-R09,plain,3,item-086,55,0,84,6,100,16
MPV-GEN-T9-N90-R09,plain,4,item-039,0,0,0,1,100,89
MPV-GEN-T9-N90-R09,plain,4,item-041,1,0,0,1,97,100
MPV-GEN-T9-N90-R10,plain,0,item-060,0,0,0,47,100,90
MPV-GEN-T9-N90-R10,plain,0,item-059,47,0,0,35,100,51
MPV-GEN-T9-N90-R10,plain,0,item-058,47,0,51,35,100,39
MPV-GEN-T9-N90-R10,plain,0,item-035,82,0,0,13,61,100
MPV-GEN-T9-N90-R10,plain,0,item-045,95,0,0,3,100,82
MPV-GEN-T9-N90-R10,plain,0,item-037,82,61,0,13,18,100
MPV-GEN-T9-N90-R10,plain,0,item-038,82,79,0,13,17,100
MPV-GEN-T9-N90-R10,plain,0,item-047,0,0,90,55,88,1
MPV-GEN-T9-N90-R10,plain,0,item-046,0,0,91,28,88,1
MPV-GEN-T9-N90-R10,plain,0,item-044,55,0,90,3,100,5
MPV-GEN-T9-N90-R10,plain,0,item-011,0,88,90,46,2,9
MPV-GEN-T9-N90-R10,plain,0,item-075,98,0,0,1,89,100
MPV-GEN-T9-N90-R10,plain,0,item-042,99,0,0,1,77,100
MPV-GEN-T9-N90-R10,plain,0,item-043,95,0,82,3,100,13
MPV-GEN-T9-N90-R10,plain,0,item-034,82,96,0,7,3,100
MPV-GEN-T9-N90-R10,plain,0,item-041,99,77,0,1,15,100
MPV-GEN-T9-N90-R10,plain,0,item-036,82,99,0,13,1,100
MPV-GEN-T9-N90-R10,plain,0,item-032,89,96,0,4,2,100
MPV-GEN-T9-N90-R10,plain,0,item-040,98,89,0,1,8,89
MPV-GEN-T9-N90-R10,plain,0,item-033,93,96,0,2,3,100
MPV-GEN-T9-N90-R10,plain,0,item-069,99,92,0,1,5,100
MPV-GEN-T9-N90-R10,plain,0,item-031,89,98,0,4,1,100
MPV-GEN-T9-N90-R10,plain,0,item-055,58,0,90,1,17,10
MPV-GEN-T9-N90-R10,plain,0,item-039,98,89,89,1,8,11
MPV-GEN-T9-N90-R10,plain,1,item-065,0,0,0,97,72,51
MPV-GEN-T9-N90-R10,plain,1,item-019,0,0,51,53,63,44
MPV-GEN-T9-N90-R10,plain,1,item-018,53,0,51,47,63,44
MPV-GEN-T9-N90-R10,plain,1,item-000,0,63,51,93,29,40
MPV-GEN-T9-N90-R10,plain,1,item-030,0,72,0,100,19,33
MPV-GEN-T9-N90-R10,plain,1,item-021,0,72,33,100,16,15
MPV-GEN-T9-N90-R10,plain,1,item-015,0,91,0,100,8,27
MPV-GEN-T9-N90-R10,plain,1,item-089,0,92,27,100,4,51
MPV-GEN-T9-N90-R10,plain,1,item-026,0,96,27,100,3,60
MPV-GEN-T9-N90-R10,plain,1,item-048,0,63,91,83,22,9
MPV-GEN-T9-N90-R10,plain,1,item-007,0,85,91,100,15,7
MPV-GEN-T9-N90-R10,plain,1,item-001,93,63,51,7,29,40
MPV-GEN-T9-N90-R10,plain,1,item-012,0,92,78,100,4,13
MPV-GEN-T9-N90-R10,plain,1,item-023,0,0,95,100,48,1
MPV-GEN-T9-N90-R10,plain,1,item-024,0,99,0,100,1,60
MPV-GEN-T9-N90-R10,plain,1,item-002,97,0,0,3,32,40
MPV-GEN-T9-N90-R10,plain,1,item-014,0,99,60,100,1,27
MPV-GEN-T9-N90-R10,plain,1,item-022,0,0,96,100,27,1
MPV-GEN-T9-N90-R10,plain,1,item-051,0,85,98,83,12,2
MPV-GEN-T9-N90-R10,plain,1,item-008,0,88,33,54,2,18
MPV-GEN-T9-N90-R10,plain,1,item-050,0,0,97,83,12,1
MPV-GEN-T9-N90-R10,plain,1,item-088,0,91,27,100,1,19
MPV-GEN-T9-N90-R10,plain,1,item-072,97,32,0,1,13,47
MPV-GEN-T9-N90-R10,plain,1,item-083,0,97,98,100,2,1
MPV-GEN-T9-N90-R10,plain,1,item-085,0,12,97,100,2,2
MPV-GEN-T9-N90-R10,plain,2,item-062,0,0,0,68,85,42
MPV-GEN-T9-N90-R10,plain,2,item-003,0,0,42,97,32,40
MPV-GEN-T9-N90-R10,plain,2,item-061,68,0,0,29,85,42
MPV-GEN-T9-N90-R10,plain,2,item-068,0,32,42,97,14,58
MPV-GEN-T9-N90-R10,plain,2,item-004,0,46,42,78,13,40
MPV-GEN-T9-N90-R10,plain,2,item-017,0,59,42,78,12,44
MPV-GEN-T9-N90-R10,plain,2,item-063,0,71,42,97,3,42
MPV-GEN-T9-N90-R10,plain,2,item-006,0,85,0,100,15,33
MPV-GEN-T9-N90-R10,plain,2,item-067,0,74,42,97,3,58
MPV-GEN-T9-N90-R10,plain,2,item-005,0,85,33,22,13,40
MPV-GEN-T9-N90-R10,plain,2,item-052,0,0,82,83,8,7
MPV-GEN-T9-N90-R10,plain,2,item-009,0,77,42,54,2,22
MPV-GEN-T9-N90-R10,plain,2,item-010,0,77,64,46,2,31
MPV-GEN-T9-N90-R10,plain,2,item-016,22,85,33,22,12,44
MPV-GEN-T9-N90-R10,plain,2,item-070,97,0,0,1,71,100
MPV-GEN-T9-N90-R10,plain,2,item-013,0,79,42,100,5,13
MPV-GEN-T9-N90-R10,plain,2,item-029,0,79,55,100,3,27
MPV-GEN-T9-N90-R10,plain,2,item-025,0,98,33,100,1,60
MPV-GEN-T9-N90-R10,plain,2,item-027,0,99,33,100,1,60
MPV-GEN-T9-N90-R10,plain,2,item-053,0,0,89,83,4,7
MPV-GEN-T9-N90-R10,plain,2,item-084,0,82,55,100,2,29
MPV-GEN-T9-N90-R10,plain,2,item-064,0,84,42,97,1,42
MPV-GEN-T9-N90-R10,plain,2,item-073,98,0,0,1,63,100
MPV-GEN-T9-N90-R10,plain,2,item-074,99,0,0,1,26,100
MPV-GEN-T9-N90-R10,plain,2,item-054,99,26,0,1,17,80
MPV-GEN-T9-N90-R10,plain,2,item-071,78,46,42,1,13,53
MPV-GEN-T9-N90-R10,plain,2,item-087,0,85,77,100,3,19
MPV-GEN-T9-N90-R10,plain,3,item-020,0,0,0,100,59,15
MPV-GEN-T9-N90-R10,plain,3,item-028,0,0,15,100,16,27
MPV-GEN-T9-N90-R10,plain,3,item-049,0,16,15,83,66,9
MPV-GEN-T9-N90-R10,plain,3,item-082,0,82,0,100,2,100
MPV-GEN-T9-N90-R10,plain,3,item-066,0,0,42,97,72,7
MPV-GEN-T9-N90-R10,plain,3,item-076,0,84,0,58,3,100
MPV-GEN-T9-N90-R10,plain,3,item-081,0,87,0,94,1,100
MPV-GEN-T9-N90-R10,plain,3,item-078,0,88,0,42,2,100
MPV-GEN-T9-N90-R10,plain,3,item-079,0,90,0,42,2,100
MPV-GEN-T9-N90-R10,plain,3,item-077,0,92,0,58,1,100
MPV-GEN-T9-N90-R10,plain,3,item-086,0,93,0,100,2,28
MPV-GEN-T9-N90-R10,plain,3,item-080,0,95,0,6,1,100
MPV-GEN-T9-N90-R10,plain,4,item-056,0,0,0,1,83,12
MPV-GEN-T9-N90-R10,plain,4,item-057,0,0,12,1,83,78
