INSTANCE,ALGORITHM,BIN_INDEX,ITEM_ID,X,Y,Z,DX,DY,DZ
MPV-GEN-T1-N30-R01,laff,0,item-029,0,0,0,91,86,18
MPV-GEN-T1-N30-R01,laff,0,item-005,0,0,18,95,76,69
MPV-GEN-T1-N30-R01,laff,0,item-014,0,76,18,94,16,69
MPV-GEN-T1-N30-R01,laff,0,item-013,0,92,18,11,2,26
MPV-GEN-T1-N30-R01,laff,0,item-025,0,0,87,85,79,11
MPV-GEN-T1-N30-R01,laff,1,item-004,0,0,0,66,89,65
MPV-GEN-T1-N30-R01,laff,1,item-027,66,0,0,21,28,9
MPV-GEN-T1-N30-R01,laff,1,item-001,0,0,65,68,86,25
MPV-GEN-T1-N30-R01,laff,2,item-026,0,0,0,84,65,52
MPV-GEN-T1-N30-R01,laff,2,item-012,0,65,0,48,19,23
MPV-GEN-T1-N30-R01,laff,3,item-023,0,0,0,99,51,65
MPV-GEN-T1-N30-R01,laff,4,item-015,0,0,0,44,93,93
MPV-GEN-T1-N30-R01,laff,4,item-009,44,0,0,45,78,93
MPV-GEN-T1-N30-R01,laff,4,item-010,89,0,0,6,80,91
MPV-GEN-T1-N30-R01,laff,4,item-021,95,0,0,4,92,85
MPV-GEN-T1-N30-R01,laff,5,item-019,0,0,0,47,85,95
MPV-GEN-T1-N30-R01,laff,5,item-028,47,0,0,41,79,92
MPV-GEN-T1-N30-R01,laff,5,item-024,88,0,0,1,85,95
MPV-GEN-T1-N30-R01,laff,6,item-016,0,0,0,73,52,93
MPV-GEN-T1-N30-R01,laff,6,item-003,0,52,0,85,44,72
MPV-GEN-T1-N30-R01,laff,7,item-006,0,0,0,34,86,89
MPV-GEN-T1-N30-R01,laff,7,item-002,34,0,0,32,84,86
MPV-GEN-T1-N30-R01,laff,7,item-020,66,0,0,27,81,87
MPV-GEN-T1-N30-R01,laff,8,item-017,0,0,0,38,72,98
MPV-GEN-T1-N30-R01,laff,8,item-007,38,0,0,22,70,92
MPV-GEN-T1-N30-R01,laff,8,item-008,0,72,0,96,17,74
MPV-GEN-T1-N30-R01,laff,9,item-000,0,0,0,76,35,84
MPV-GEN-T1-N30-R01,laff,9,item-022,76,0,0,19,80,77
MPV-GEN-T1-N30-R01,laff,10,item-018,0,0,0,20,73,79
MPV-GEN-T1-N30-R01,laff,11,item-011,0,0,0,9,97,99
MPV-GEN-T1-N30-R02,laff,0,item-007,0,0,0,76,100,99
MPV-GEN-T1-N30-R02,laff,0,item-012,76,0,0,24,93,99
MPV-GEN-T1-N30-R02,laff,1,item-028,0,0,0,82,89,91
MPV-GEN-T1-N30-R02,laff,1,item-001,82,0,0,17,73,73
MPV-GEN-T1-N30-R02,laff,1,item-017,0,0,91,66,94,6
MPV-GEN-T1-N30-R02,laff,1,item-005,0,0,97,81,76,2
MPV-GEN-T1-N30-R02,laff,2,item-023,0,0,0,77,90,28
MPV-GEN-T1-N30-R02,laff,2,item-006,0,0,28,67,98,41
MPV-GEN-T1-N30-R02,laff,2,item-018,0,0,69,74,86,20
MPV-GEN-T1-N30-R02,laff,3,item-019,0,0,0,85,74,49
MPV-GEN-T1-N30-R02,laff,3,item-000,0,0,49,73,72,22
MPV-GEN-T1-N30-R02,laff,4,item-020,0,0,0,94,56,85
MPV-GEN-T1-N30-R02,laff,4,item-002,0,56,0,39,43,40
MPV-GEN-T1-N30-R02,laff,4,item-029,0,56,40,25,27,44
MPV-GEN-T1-N30-R02,laff,4,item-026,94,0,0,4,87,82
MPV-GEN-T1-N30-R02,laff,5,item-009,0,0,0,38,97,79
MPV-GEN-T1-N30-R02,laff,5,item-003,38,0,0,43,77,77
MPV-GEN-T1-N30-R02,laff,6,item-015,0,0,0,40,89,98
MPV-GEN-T1-N30-R02,laff,6,item-004,40,0,0,40,86,85
MPV-GEN-T1-N30-R02,laff,7,item-021,0,0,0,39,91,71
MPV-GEN-T1-N30-R02,laff,7,item-027,39,0,0,57,62,63
MPV-GEN-T1-N30-R02,laff,8,item-008,0,0,0,47,73,100
MPV-GEN-T1-N30-R02,laff,8,item-016,47,0,0,45,68,88
MPV-GEN-T1-N30-R02,laff,9,item-025,0,0,0,91,37,88
MPV-GEN-T1-N30-R02,laff,9,item-024,0,37,0,63,50,50
MPV-GEN-T1-N30-R02,laff,10,item-010,0,0,0,41,81,75
MPV-GEN-T1-N30-R02,laff,11,item-013,0,0,0,29,93,82
MPV-GEN-T1-N30-R02,laff,12,item-014,0,0,0,27,98,99
MPV-GEN-T1-N30-R02,laff,12,item-022,27,0,0,36,69,97
MPV-GEN-T1-N30-R02,laff,12,item-011,63,0,0,33,66,88
MPV-GEN-T1-N30-R03,laff,0,item-004,0,0,0,98,80,10
MPV-GEN-T1-N30-R03,laff,0,item-022,0,80,0,50,14,5
MPV-GEN-T1-N30-R03,laff,0,item-028,0,0,10,99,79,4
MPV-GEN-T1-N30-R03,laff,0,item-024,0,0,14,71,99,3
MPV-GEN-T1-N30-R03,laff,0,item-023,0,0,17,78,80,42
MPV-GEN-T1-N30-R03,laff,0,item-010,0,80,17,27,11,25
MPV-GEN-T1-N30-R03,laff,0,item-015,0,80,42,37,11,14
MPV-GEN-T1-N30-R03,laff,1,item-011,0,0,0,100,65,86
MPV-GEN-T1-N30-R03,laff,2,item-027,0,0,0,53,88,53
MPV-GEN-T1-N30-R03,laff,3,item-007,0,0,0,49,93,72
MPV-GEN-T1-N30-R03,laff,3,item-017,49,0,0,50,88,53
MPV-GEN-T1-N30-R03,laff,4,item-002,0,0,0,87,41,85
MPV-GEN-T1-N30-R03,laff,4,item-016,87,0,0,12,82,85
MPV-GEN-T1-N30-R03,laff,4,item-012,99,0,0,1,93,82
MPV-GEN-T1-N30-R03,laff,5,item-018,0,0,0,29,98,82
MPV-GEN-T1-N30-R03,laff,5,item-005,29,0,0,41,69,74
MPV-GEN-T1-N30-R03,laff,5,item-009,70,0,0,28,82,76
MPV-GEN-T1-N30-R03,laff,6,item-013,0,0,0,68,33,87
MPV-GEN-T1-N30-R03,laff,6,item-006,68,0,0,29,76,86
MPV-GEN-T1-N30-R03,laff,7,item-019,0,0,0,22,97,74
MPV-GEN-T1-N30-R03,laff,7,item-014,22,0,0,18,84,70
MPV-GEN-T1-N30-R03,laff,8,item-008,0,0,0,24,88,92
MPV-GEN-T1-N30-R03,laff,8,item-021,24,0,0,25,77,81
MPV-GEN-T1-N30-R03,laff,8,item-020,49,0,0,22,77,82
MPV-GEN-T1-N30-R03,laff,8,item-001,71,0,0,22,73,80
MPV-GEN-T1-N30-R03,laff,8,item-000,93,0,0,6,80,91
MPV-GEN-T1-N30-R03,laff,9,item-029,0,0,0,28,66,94
MPV-GEN-T1-N30-R03,laff,9,item-026,28,0,0,15,73,81
MPV-GEN-T1-N30-R03,laff,9,item-025,43,0,0,15,71,79
MPV-GEN-T1-N30-R03,laff,9,item-003,58,0,0,7,72,93
MPV-GEN-T1-N30-R04,laff,0,item-022,0,0,0,87,93,27
MPV-GEN-T1-N30-R04,laff,0,item-027,0,0,27,88,90,36
MPV-GEN-T1-N30-R04,laff,0,item-010,0,0,63,69,82,1
MPV-GEN-T1-N30-R04,laff,0,item-004,0,0,64,39,18,23
MPV-GEN-T1-N30-R04,laff,0,item-008,0,18,64,50,12,8
MPV-GEN-T1-N30-R04,laff,1,item-024,0,0,0,88,88,48
MPV-GEN-T1-N30-R04,laff,2,item-018,0,0,0,67,67,60
MPV-GEN-T1-N30-R04,laff,3,item-016,0,0,0,79,56,78
MPV-GEN-T1-N30-R04,laff,3,item-020,79,0,0,18,99,74
MPV-GEN-T1-N30-R04,laff,4,item-013,0,0,0,58,72,63
MPV-GEN-T1-N30-R04,laff,5,item-028,0,0,0,49,68,85
MPV-GEN-T1-N30-R04,laff,5,item-011,49,0,0,32,96,67
MPV-GEN-T1-N30-R04,laff,5,item-007,81,0,0,11,70,85
MPV-GEN-T1-N30-R04,laff,5,item-002,92,0,0,4,70,84
MPV-GEN-T1-N30-R04,laff,6,item-015,0,0,0,33,92,97
MPV-GEN-T1-N30-R04,laff,6,item-019,33,0,0,35,86,93
MPV-GEN-T1-N30-R04,laff,6,item-026,68,0,0,27,81,79
MPV-GEN-T1-N30-R04,laff,6,item-000,0,92,0,91,2,89
MPV-GEN-T1-N30-R04,laff,7,item-006,0,0,0,25,88,78
MPV-GEN-T1-N30-R04,laff,7,item-012,25,0,0,27,80,78
MPV-GEN-T1-N30-R04,laff,7,item-017,52,0,0,22,92,71
MPV-GEN-T1-N30-R04,laff,8,item-003,0,0,0,22,80,98
MPV-GEN-T1-N30-R04,laff,8,item-025,22,0,0,21,72,94
MPV-GEN-T1-N30-R04,laff,8,item-023,0,80,0,92,18,84
MPV-GEN-T1-N30-R04,laff,8,item-009,43,0,0,21,66,97
MPV-GEN-T1-N30-R04,laff,8,item-021,64,0,0,12,76,90
MPV-GEN-T1-N30-R04,laff,9,item-029,0,0,0,92,12,70
MPV-GEN-T1-N30-R04,laff,10,item-014,0,0,0,8,69,100
MPV-GEN-T1-N30-R04,laff,10,item-001,0,69,0,73,5,98
MPV-GEN-T1-N30-R04,laff,10,item-005,0,74,0,95,3,100
MPV-GEN-T1-N30-R05,laff,0,item-027,0,0,0,85,94,13
MPV-GEN-T1-N30-R05,laff,0,item-002,85,0,0,12,38,6
MPV-GEN-T1-N30-R05,laff,0,item-025,0,0,13,88,86,45
MPV-GEN-T1-N30-R05,laff,0,item-021,0,86,13,46,12,30
MPV-GEN-T1-N30-R05,laff,0,item-012,0,0,58,67,80,33
MPV-GEN-T1-N30-R05,laff,1,item-015,0,0,0,96,65,100
MPV-GEN-T1-N30-R05,laff,1,item-000,0,65,0,89,23,98
MPV-GEN-T1-N30-R05,laff,2,item-006,0,0,0,79,66,23
MPV-GEN-T1-N30-R05,laff,2,item-029,0,66,0,37,31,20
MPV-GEN-T1-N30-R05,laff,2,item-010,0,0,23,48,82,76
MPV-GEN-T1-N30-R05,laff,2,item-023,48,0,23,45,73,70
MPV-GEN-T1-N30-R05,laff,3,item-019,0,0,0,47,74,88
MPV-GEN-T1-N30-R05,laff,3,item-001,47,0,0,33,95,82
MPV-GEN-T1-N30-R05,laff,4,item-005,0,0,0,50,66,92
MPV-GEN-T1-N30-R05,laff,4,item-014,50,0,0,47,67,71
MPV-GEN-T1-N30-R05,laff,4,item-024,0,67,0,81,33,74
MPV-GEN-T1-N30-R05,laff,5,item-028,0,0,0,35,91,99
MPV-GEN-T1-N30-R05,laff,5,item-004,35,0,0,39,67,93
MPV-GEN-T1-N30-R05,laff,5,item-007,74,0,0,26,69,99
MPV-GEN-T1-N30-R05,laff,6,item-016,0,0,0,43,74,67
MPV-GEN-T1-N30-R05,laff,6,item-003,43,0,0,36,75,67
MPV-GEN-T1-N30-R05,laff,7,item-026,0,0,0,60,52,76
MPV-GEN-T1-N30-R05,laff,7,item-018,60,0,0,38,76,73
MPV-GEN-T1-N30-R05,laff,8,item-022,0,0,0,31,81,78
MPV-GEN-T1-N30-R05,laff,8,item-017,31,0,0,32,68,78
MPV-GEN-T1-N30-R05,laff,9,item-013,0,0,0,33,69,98
MPV-GEN-T1-N30-R05,laff,9,item-008,33,0,0,27,82,98
MPV-GEN-T1-N30-R05,laff,9,item-009,60,0,0,13,86,94
MPV-GEN-T1-N30-R05,laff,9,item-011,73,0,0,7,99,92
MPV-GEN-T1-N30-R05,laff,10,item-020,0,0,0,15,73,100
MPV-GEN-T1-N30-R06,laff,0,item-015,0,0,0,91,95,1
MPV-GEN-T1-N30-R06,laff,0,item-000,0,0,1,86,90,26
MPV-GEN-T1-N30-R06,laff,0,item-004,0,0,27,98,72,63
MPV-GEN-T1-N30-R06,laff,0,item-014,0,72,27,37,22,48
MPV-GEN-T1-N30-R06,laff,1,item-021,0,0,0,83,84,14
MPV-GEN-T1-N30-R06,laff,1,item-007,0,0,14,94,64,75
MPV-GEN-T1-N30-R06,laff,1,item-006,0,64,14,20,33,15
MPV-GEN-T1-N30-R06,laff,1,item-013,94,0,14,1,85,69
MPV-GEN-T1-N30-R06,laff,1,item-011,0,0,89,71,68,11
MPV-GEN-T1-N30-R06,laff,2,item-012,0,0,0,52,100,79
MPV-GEN-T1-N30-R06,laff,2,item-022,52,0,0,46,70,75
MPV-GEN-T1-N30-R06,laff,2,item-001,0,0,79,37,42,13
MPV-GEN-T1-N30-R06,laff,3,item-023,0,0,0,44,99,80
MPV-GEN-T1-N30-R06,laff,3,item-026,44,0,0,50,87,76
MPV-GEN-T1-N30-R06,laff,3,item-009,94,0,0,4,70,80
MPV-GEN-T1-N30-R06,laff,4,item-017,0,0,0,45,90,96
MPV-GEN-T1-N30-R06,laff,4,item-010,45,0,0,35,83,95
MPV-GEN-T1-N30-R06,laff,4,item-016,80,0,0,9,87,75
MPV-GEN-T1-N30-R06,laff,4,item-020,0,90,0,71,5,92
MPV-GEN-T1-N30-R06,laff,4,item-005,89,0,0,4,70,83
MPV-GEN-T1-N30-R06,laff,4,item-008,93,0,0,1,96,89
MPV-GEN-T1-N30-R06,laff,4,item-003,94,0,0,1,83,84
MPV-GEN-T1-N30-R06,laff,5,item-027,0,0,0,69,49,72
MPV-GEN-T1-N30-R06,laff,5,item-018,0,49,0,42,44,44
MPV-GEN-T1-N30-R06,laff,5,item-019,42,49,0,10,48,29
MPV-GEN-T1-N30-R06,laff,6,item-029,0,0,0,39,82,69
MPV-GEN-T1-N30-R06,laff,6,item-024,39,0,0,38,67,69
MPV-GEN-T1-N30-R06,laff,7,item-025,0,0,0,71,27,100
MPV-GEN-T1-N30-R06,laff,7,item-002,0,27,0,21,72,95
MPV-GEN-T1-N30-R06,laff,7,item-028,21,27,0,22,68,77
MPV-GEN-T1-N30-R07,laff,0,item-000,0,0,0,72,98,40
MPV-GEN-T1-N30-R07,laff,0,item-022,0,0,40,12,8,43
MPV-GEN-T1-N30-R07,laff,1,item-013,0,0,0,65,90,100
MPV-GEN-T1-N30-R07,laff,1,item-002,65,0,0,27,78,95
MPV-GEN-T1-N30-R07,laff,1,item-020,92,0,0,8,69,95
MPV-GEN-T1-N30-R07,laff,2,item-029,0,0,0,44,96,81
MPV-GEN-T1-N30-R07,laff,2,item-009,44,0,0,46,90,77
MPV-GEN-T1-N30-R07,laff,2,item-024,90,0,0,6,92,75
MPV-GEN-T1-N30-R07,laff,2,item-007,96,0,0,3,92,79
MPV-GEN-T1-N30-R07,laff,3,item-021,0,0,0,97,37,96
MPV-GEN-T1-N30-R07,laff,3,item-018,0,37,0,97,26,76
MPV-GEN-T1-N30-R07,laff,3,item-001,0,63,0,67,37,72
MPV-GEN-T1-N30-R07,laff,4,item-025,0,0,0,43,66,91
MPV-GEN-T1-N30-R07,laff,4,item-004,43,0,0,38,66,79
MPV-GEN-T1-N30-R07,laff,4,item-027,0,66,0,66,33,74
MPV-GEN-T1-N30-R07,laff,4,item-006,81,0,0,19,91,80
MPV-GEN-T1-N30-R07,laff,5,item-023,0,0,0,40,66,66
MPV-GEN-T1-N30-R07,laff,6,item-008,0,0,0,28,76,81
MPV-GEN-T1-N30-R07,laff,6,item-014,28,0,0,28,73,72
MPV-GEN-T1-N30-R07,laff,6,item-019,56,0,0,22,86,67
MPV-GEN-T1-N30-R07,laff,6,item-010,78,0,0,19,83,80
MPV-GEN-T1-N30-R07,laff,7,item-016,0,0,0,26,66,72
MPV-GEN-T1-N30-R07,laff,7,item-015,26,0,0,23,67,67
MPV-GEN-T1-N30-R07,laff,7,item-011,49,0,0,6,94,71
MPV-GEN-T1-N30-R07,laff,7,item-017,55,0,0,5,66,68
MPV-GEN-T1-N30-R07,laff,8,item-026,0,0,0,13,96,98
MPV-GEN-T1-N30-R07,laff,8,item-003,13,0,0,15,78,88
MPV-GEN-T1-N30-R07,laff,8,item-005,28,0,0,9,98,87
MPV-GEN-T1-N30-R07,laff,8,item-028,37,0,0,6,91,91
MPV-GEN-T1-N30-R07,laff,8,item-012,43,0,0,5,79,87
MPV-GEN-T1-N30-R08,laff,0,item-000,0,0,0,71,99,71
MPV-GEN-T1-N30-R08,laff,0,item-003,71,0,0,28,26,40
MPV-GEN-T1-N30-R08,laff,0,item-021,71,26,0,4,69,70
MPV-GEN-T1-N30-R08,laff,0,item-025,99,0,0,1,79,71
MPV-GEN-T1-N30-R08,laff,0,item-010,75,26,0,6,14,49
MPV-GEN-T1-N30-R08,laff,0,item-008,75,0,49,4,20,22
MPV-GEN-T1-N30-R08,laff,0,item-022,0,0,71,72,94,15
MPV-GEN-T1-N30-R08,laff,1,item-014,0,0,0,92,76,84
MPV-GEN-T1-N30-R08,laff,1,item-028,0,76,0,43,15,44
MPV-GEN-T1-N30-R08,laff,1,item-018,92,0,0,1,67,77
MPV-GEN-T1-N30-R08,laff,2,item-016,0,0,0,71,96,50
MPV-GEN-T1-N30-R08,laff,3,item-002,0,0,0,72,94,83
MPV-GEN-T1-N30-R08,laff,3,item-024,72,0,0,23,81,82
MPV-GEN-T1-N30-R08,laff,4,item-023,0,0,0,39,92,88
MPV-GEN-T1-N30-R08,laff,4,item-001,39,0,0,46,69,78
MPV-GEN-T1-N30-R08,laff,4,item-005,85,0,0,13,67,78
MPV-GEN-T1-N30-R08,laff,5,item-004,0,0,0,37,94,90
MPV-GEN-T1-N30-R08,laff,5,item-013,37,0,0,38,69,80
MPV-GEN-T1-N30-R08,laff,5,item-017,75,0,0,16,88,74
MPV-GEN-T1-N30-R08,laff,5,item-020,91,0,0,6,79,87
MPV-GEN-T1-N30-R08,laff,6,item-011,0,0,0,30,98,95
MPV-GEN-T1-N30-R08,laff,6,item-012,30,0,0,31,78,83
MPV-GEN-T1-N30-R08,laff,6,item-015,61,0,0,19,98,95
MPV-GEN-T1-N30-R08,laff,6,item-007,80,0,0,17,69,92
MPV-GEN-T1-N30-R08,laff,7,item-029,0,0,0,86,32,80
MPV-GEN-T1-N30-R08,laff,7,item-006,0,32,0,90,28,72
MPV-GEN-T1-N30-R08,laff,8,item-009,0,0,0,37,74,98
MPV-GEN-T1-N30-R08,laff,8,item-019,37,0,0,35,75,98
MPV-GEN-T1-N30-R08,laff,8,item-026,72,0,0,23,81,96
MPV-GEN-T1-N30-R08,laff,9,item-027,0,0,0,20,73,98
MPV-GEN-T1-N30-R09,laff,0,item-017,0,0,0,93,99,28
MPV-GEN-T1-N30-R09,laff,0,item-029,0,99,0,1,1,20
MPV-GEN-T1-N30-R09,laff,0,item-005,0,0,28,80,87,66
MPV-GEN-T1-N30-R09,laff,0,item-015,80,0,28,16,93,66
MPV-GEN-T1-N30-R09,laff,0,item-001,96,0,28,3,24,37
MPV-GEN-T1-N30-R09,laff,0,item-006,0,87,28,12,1,45
MPV-GEN-T1-N30-R09,laff,0,item-011,0,0,94,95,66,5
MPV-GEN-T1-N30-R09,laff,1,item-020,0,0,0,83,97,78
MPV-GEN-T1-N30-R09,laff,1,item-012,83,0,0,8,78,78
MPV-GEN-T1-N30-R09,laff,1,item-013,91,0,0,5,84,73
MPV-GEN-T1-N30-R09,laff,1,item-018,0,0,78,71,79,12
MPV-GEN-T1-N30-R09,laff,2,item-025,0,0,0,68,81,27
MPV-GEN-T1-N30-R09,laff,2,item-007,0,0,27,32,68,71
MPV-GEN-T1-N30-R09,laff,2,item-019,0,68,27,47,23,36
MPV-GEN-T1-N30-R09,laff,3,item-000,0,0,0,88,56,80
MPV-GEN-T1-N30-R09,laff,4,item-028,0,0,0,50,98,100
MPV-GEN-T1-N30-R09,laff,4,item-023,50,0,0,37,94,97
MPV-GEN-T1-N30-R09,laff,4,item-016,87,0,0,7,93,89
MPV-GEN-T1-N30-R09,laff,5,item-010,0,0,0,81,55,77
MPV-GEN-T1-N30-R09,laff,6,item-003,0,0,0,42,93,74
MPV-GEN-T1-N30-R09,laff,7,item-021,0,0,0,40,90,80
MPV-GEN-T1-N30-R09,laff,7,item-024,40,0,0,41,71,76
MPV-GEN-T1-N30-R09,laff,8,item-022,0,0,0,43,82,91
MPV-GEN-T1-N30-R09,laff,8,item-014,43,0,0,7,91,85
MPV-GEN-T1-N30-R09,laff,9,item-026,0,0,0,76,45,95
MPV-GEN-T1-N30-R09,laff,9,item-009,0,45,0,84,9,95
MPV-GEN-T1-N30-R09,laff,10,item-002,0,0,0,42,80,94
MPV-GEN-T1-N30-R09,laff,11,item-004,0,0,0,37,88,100
MPV-GEN-T1-N30-R09,laff,11,item-008,37,0,0,31,70,99
MPV-GEN-T1-N30-R09,laff,11,item-027,68,0,0,7,77,100
MPV-GEN-T1-N30-R10,laff,0,item-014,0,0,0,92,88,10
MPV-GEN-T1-N30-R10,laff,0,item-007,0,0,10,87,79,76
MPV-GEN-T1-N30-R10,laff,0,item-006,87,0,10,10,93,69
MPV-GEN-T1-N30-R10,laff,0,item-005,0,79,10,24,2,46
MPV-GEN-T1-N30-R10,laff,0,item-002,97,0,10,1,29,30
MPV-GEN-T1-N30-R10,laff,0,item-023,0,0,86,36,25,4
MPV-GEN-T1-N30-R10,laff,1,item-026,0,0,0,93,86,99
MPV-GEN-T1-N30-R10,laff,1,item-001,93,0,0,7,91,80
MPV-GEN-T1-N30-R10,laff,2,item-017,0,0,0,74,86,44
MPV-GEN-T1-N30-R10,laff,2,item-000,74,0,0,17,33,30
MPV-GEN-T1-N30-R10,laff,2,item-003,0,0,44,71,70,56
MPV-GEN-T1-N30-R10,laff,3,item-008,0,0,0,92,57,78
MPV-GEN-T1-N30-R10,laff,4,item-020,0,0,0,69,45,70
MPV-GEN-T1-N30-R10,laff,4,item-018,69,0,0,10,92,68
MPV-GEN-T1-N30-R10,laff,5,item-004,0,0,0,38,81,76
MPV-GEN-T1-N30-R10,laff,5,item-011,38,0,0,29,93,74
MPV-GEN-T1-N30-R10,laff,6,item-027,0,0,0,43,70,89
MPV-GEN-T1-N30-R10,laff,6,item-021,43,0,0,25,89,89
MPV-GEN-T1-N30-R10,laff,6,item-013,68,0,0,23,100,79
MPV-GEN-T1-N30-R10,laff,6,item-022,91,0,0,8,71,88
MPV-GEN-T1-N30-R10,laff,7,item-009,0,0,0,97,31,81
MPV-GEN-T1-N30-R10,laff,7,item-010,0,31,0,87,33,80
MPV-GEN-T1-N30-R10,laff,8,item-012,0,0,0,97,17,97
MPV-GEN-T1-N30-R10,laff,8,item-016,0,17,0,23,71,97
MPV-GEN-T1-N30-R10,laff,8,item-028,23,17,0,14,80,84
MPV-GEN-T1-N30-R10,laff,8,item-015,37,17,0,12,66,94
MPV-GEN-T1-N30-R10,laff,8,item-029,49,17,0,5,77,91
MPV-GEN-T1-N30-R10,laff,9,item-025,0,0,0,86,19,89
MPV-GEN-T1-N30-R10,laff,9,item-024,86,0,0,10,95,83
MPV-GEN-T1-N30-R10,laff,10,item-019,0,0,0,10,87,77
MPV-GEN-T1-N60-R01,laff,0,item-026,0,0,0,93,95,29
MPV-GEN-T1-N60-R01,laff,0,item-016,0,0,29,89,98,19
MPV-GEN-T1-N60-R01,laff,0,item-037,0,0,48,92,82,12
MPV-GEN-T1-N60-R01,laff,0,item-050,0,0,60,100,74,37
MPV-GEN-T1-N60-R01,laff,0,item-056,0,74,60,5,25,31
MPV-GEN-T1-N60-R01,laff,1,item-004,0,0,0,97,74,8
MPV-GEN-T1-N60-R01,laff,1,item-040,0,0,8,81,78,34
MPV-GEN-T1-N60-R01,laff,1,item-028,81,0,8,18,44,10
MPV-GEN-T1-N60-R01,laff,1,item-024,0,0,42,83,73,33
MPV-GEN-T1-N60-R01,laff,1,item-053,0,0,75,80,75,20
MPV-GEN-T1-N60-R01,laff,2,item-044,0,0,0,74,82,72
MPV-GEN-T1-N60-R01,laff,2,item-021,74,0,0,25,99,69
MPV-GEN-T1-N60-R01,laff,2,item-038,0,82,0,70,7,67
MPV-GEN-T1-N60-R01,laff,3,item-055,0,0,0,62,95,91
MPV-GEN-T1-N60-R01,laff,3,item-039,62,0,0,36,82,88
MPV-GEN-T1-N60-R01,laff,4,item-045,0,0,0,69,84,94
MPV-GEN-T1-N60-R01,laff,4,item-047,69,0,0,28,80,88
MPV-GEN-T1-N60-R01,laff,4,item-049,0,84,0,78,6,91
MPV-GEN-T1-N60-R01,laff,4,item-030,0,90,0,79,6,82
MPV-GEN-T1-N60-R01,laff,4,item-006,97,0,0,3,88,90
MPV-GEN-T1-N60-R01,laff,5,item-054,0,0,0,62,93,62
MPV-GEN-T1-N60-R01,laff,5,item-031,62,0,0,27,44,47
MPV-GEN-T1-N60-R01,laff,6,item-051,0,0,0,87,64,53
MPV-GEN-T1-N60-R01,laff,7,item-027,0,0,0,46,93,71
MPV-GEN-T1-N60-R01,laff,7,item-023,46,0,0,42,86,66
MPV-GEN-T1-N60-R01,laff,8,item-013,0,0,0,65,57,70
MPV-GEN-T1-N60-R01,laff,8,item-022,65,0,0,32,99,69
MPV-GEN-T1-N60-R01,laff,9,item-009,0,0,0,46,79,83
MPV-GEN-T1-N60-R01,laff,9,item-046,46,0,0,39,88,77
MPV-GEN-T1-N60-R01,laff,9,item-002,85,0,0,13,78,73
MPV-GEN-T1-N60-R01,laff,10,item-007,0,0,0,95,36,98
MPV-GEN-T1-N60-R01,laff,10,item-011,0,36,0,58,56,79
MPV-GEN-T1-N60-R01,laff,10,item-018,95,0,0,5,96,87
MPV-GEN-T1-N60-R01,laff,10,item-041,0,96,0,98,1,95
MPV-GEN-T1-N60-R01,laff,11,item-015,0,0,0,39,79,67
MPV-GEN-T1-N60-R01,laff,12,item-029,0,0,0,34,89,72
MPV-GEN-T1-N60-R01,laff,12,item-010,34,0,0,27,94,71
MPV-GEN-T1-N60-R01,laff,12,item-043,61,0,0,22,99,71
MPV-GEN-T1-N60-R01,laff,12,item-000,83,0,0,8,66,72
MPV-GEN-T1-N60-R01,laff,13,item-035,0,0,0,37,75,88
MPV-GEN-T1-N60-R01,laff,13,item-014,37,0,0,34,78,85
MPV-GEN-T1-N60-R01,laff,13,item-012,71,0,0,29,78,82
MPV-GEN-T1-N60-R01,laff,14,item-048,0,0,0,37,73,91
MPV-GEN-T1-N60-R01,laff,14,item-020,37,0,0,34,67,91
MPV-GEN-T1-N60-R01,laff,14,item-005,71,0,0,23,85,71
MPV-GEN-T1-N60-R01,laff,15,item-057,0,0,0,30,71,76
MPV-GEN-T1-N60-R01,laff,15,item-059,30,0,0,20,72,73
MPV-GEN-T1-N60-R01,laff,15,item-033,50,0,0,19,71,74
MPV-GEN-T1-N60-R01,laff,15,item-052,69,0,0,11,71,76
MPV-GEN-T1-N60-R01,laff,15,item-008,80,0,0,10,74,75
MPV-GEN-T1-N60-R01,laff,16,item-032,0,0,0,22,95,92
MPV-GEN-T1-N60-R01,laff,16,item-025,22,0,0,19,84,82
MPV-GEN-T1-N60-R01,laff,16,item-042,41,0,0,17,72,90
MPV-GEN-T1-N60-R01,laff,17,item-017,0,0,0,21,77,99
MPV-GEN-T1-N60-R01,laff,17,item-019,0,77,0,75,12,96
MPV-GEN-T1-N60-R01,laff,17,item-001,75,0,0,10,89,93
MPV-GEN-T1-N60-R01,laff,17,item-034,85,0,0,8,91,96
MPV-GEN-T1-N60-R01,laff,17,item-036,93,0,0,5,83,96
MPV-GEN-T1-N60-R01,laff,17,item-003,21,0,0,3,68,94
MPV-GEN-T1-N60-R01,laff,17,item-058,98,0,0,1,93,99
MPV-GEN-T1-N60-R02,laff,0,item-048,0,0,0,96,96,18
MPV-GEN-T1-N60-R02,laff,0,item-058,0,0,18,78,93,17
MPV-GEN-T1-N60-R02,laff,0,item-026,78,0,18,5,50,17
MPV-GEN-T1-N60-R02,laff,0,item-053,0,0,35,66,99,17
MPV-GEN-T1-N60-R02,laff,0,item-057,0,0,52,73,79,45
MPV-GEN-T1-N60-R02,laff,0,item-007,0,79,52,47,13,36
MPV-GEN-T1-N60-R02,laff,0,item-033,47,79,52,45,13,14
MPV-GEN-T1-N60-R02,laff,0,item-010,73,0,52,14,10,45
MPV-GEN-T1-N60-R02,laff,0,item-041,0,0,97,38,44,2
MPV-GEN-T1-N60-R02,laff,1,item-032,0,0,0,76,91,92
MPV-GEN-T1-N60-R02,laff,1,item-003,76,0,0,18,99,76
MPV-GEN-T1-N60-R02,laff,1,item-031,94,0,0,6,76,87
MPV-GEN-T1-N60-R02,laff,2,item-019,0,0,0,85,69,65
MPV-GEN-T1-N60-R02,laff,3,item-006,0,0,0,49,100,82
MPV-GEN-T1-N60-R02,laff,3,item-054,49,0,0,46,91,82
MPV-GEN-T1-N60-R02,laff,3,item-012,95,0,0,5,77,78
MPV-GEN-T1-N60-R02,laff,4,item-002,0,0,0,51,95,97
MPV-GEN-T1-N60-R02,laff,4,item-045,51,0,0,48,92,75
MPV-GEN-T1-N60-R02,laff,5,item-049,0,0,0,47,84,67
MPV-GEN-T1-N60-R02,laff,5,item-008,47,0,0,34,88,66
MPV-GEN-T1-N60-R02,laff,6,item-024,0,0,0,45,85,83
MPV-GEN-T1-N60-R02,laff,6,item-035,45,0,0,41,92,82
MPV-GEN-T1-N60-R02,laff,6,item-021,86,0,0,12,98,78
MPV-GEN-T1-N60-R02,laff,7,item-009,0,0,0,39,98,69
MPV-GEN-T1-N60-R02,laff,7,item-022,39,0,0,47,33,41
MPV-GEN-T1-N60-R02,laff,7,item-038,39,33,0,34,33,45
MPV-GEN-T1-N60-R02,laff,8,item-023,0,0,0,41,89,88
MPV-GEN-T1-N60-R02,laff,8,item-039,41,0,0,34,91,85
MPV-GEN-T1-N60-R02,laff,8,item-036,75,0,0,25,81,75
MPV-GEN-T1-N60-R02,laff,9,item-017,0,0,0,67,49,82
MPV-GEN-T1-N60-R02,laff,9,item-027,67,0,0,30,98,72
MPV-GEN-T1-N60-R02,laff,9,item-028,97,0,0,3,93,76
MPV-GEN-T1-N60-R02,laff,10,item-046,0,0,0,40,81,81
MPV-GEN-T1-N60-R02,laff,10,item-029,40,0,0,38,67,71
MPV-GEN-T1-N60-R02,laff,10,item-013,78,0,0,20,90,71
MPV-GEN-T1-N60-R02,laff,11,item-050,0,0,0,41,75,89
MPV-GEN-T1-N60-R02,laff,11,item-020,41,0,0,30,89,83
MPV-GEN-T1-N60-R02,laff,11,item-034,71,0,0,17,87,75
MPV-GEN-T1-N60-R02,laff,11,item-000,88,0,0,10,96,70
MPV-GEN-T1-N60-R02,laff,11,item-030,98,0,0,2,78,87
MPV-GEN-T1-N60-R02,laff,12,item-014,0,0,0,57,52,96
MPV-GEN-T1-N60-R02,laff,12,item-015,57,0,0,35,75,95
MPV-GEN-T1-N60-R02,laff,12,item-047,0,75,0,80,23,81
MPV-GEN-T1-N60-R02,laff,12,item-055,92,0,0,8,67,84
MPV-GEN-T1-N60-R02,laff,13,item-025,0,0,0,27,97,97
MPV-GEN-T1-N60-R02,laff,13,item-005,27,0,0,27,89,97
MPV-GEN-T1-N60-R02,laff,13,item-037,54,0,0,25,92,94
MPV-GEN-T1-N60-R02,laff,13,item-016,79,0,0,20,76,72
MPV-GEN-T1-N60-R02,laff,14,item-004,0,0,0,33,67,74
MPV-GEN-T1-N60-R02,laff,15,item-001,0,0,0,96,23,99
MPV-GEN-T1-N60-R02,laff,15,item-044,0,23,0,74,27,86
MPV-GEN-T1-N60-R02,laff,15,item-059,74,23,0,14,74,79
MPV-GEN-T1-N60-R02,laff,15,item-018,88,23,0,9,74,88
MPV-GEN-T1-N60-R02,laff,16,item-042,0,0,0,15,91,78
MPV-GEN-T1-N60-R02,laff,17,item-011,0,0,0,14,86,100
MPV-GEN-T1-N60-R02,laff,17,item-040,14,0,0,13,92,99
MPV-GEN-T1-N60-R02,laff,17,item-051,27,0,0,9,80,83
MPV-GEN-T1-N60-R02,laff,17,item-052,36,0,0,7,75,83
MPV-GEN-T1-N60-R02,laff,17,item-043,43,0,0,6,70,99
MPV-GEN-T1-N60-R02,laff,17,item-056,49,0,0,4,73,97
MPV-GEN-T1-N60-R03,laff,0,item-025,0,0,0,99,99,23
MPV-GEN-T1-N60-R03,laff,0,item-055,0,0,23,98,93,33
MPV-GEN-T1-N60-R03,laff,0,item-021,0,93,23,48,4,8
MPV-GEN-T1-N60-R03,laff,0,item-049,0,0,56,90,73,37
MPV-GEN-T1-N60-R03,laff,1,item-053,0,0,0,79,81,99
MPV-GEN-T1-N60-R03,laff,1,item-057,0,81,0,97,19,95
MPV-GEN-T1-N60-R03,laff,1,item-001,79,0,0,21,76,83
MPV-GEN-T1-N60-R03,laff,2,item-017,0,0,0,82,75,44
MPV-GEN-T1-N60-R03,laff,2,item-041,82,0,0,10,34,43
MPV-GEN-T1-N60-R03,laff,2,item-010,0,0,44,69,83,51
MPV-GEN-T1-N60-R03,laff,2,item-034,69,0,44,25,32,38
MPV-GEN-T1-N60-R03,laff,3,item-006,0,0,0,66,78,37
MPV-GEN-T1-N60-R03,laff,3,item-046,0,0,37,40,26,49
MPV-GEN-T1-N60-R03,laff,4,item-035,0,0,0,46,96,89
MPV-GEN-T1-N60-R03,laff,4,item-044,46,0,0,43,94,84
MPV-GEN-T1-N60-R03,laff,4,item-056,89,0,0,2,85,79
MPV-GEN-T1-N60-R03,laff,4,item-038,91,0,0,1,100,84
MPV-GEN-T1-N60-R03,laff,5,item-020,0,0,0,87,50,78
MPV-GEN-T1-N60-R03,laff,5,item-043,0,50,0,76,35,70
MPV-GEN-T1-N60-R03,laff,6,item-036,0,0,0,44,80,88
MPV-GEN-T1-N60-R03,laff,6,item-016,44,0,0,35,90,81
MPV-GEN-T1-N60-R03,laff,6,item-026,79,0,0,18,89,69
MPV-GEN-T1-N60-R03,laff,7,item-011,0,0,0,39,89,90
MPV-GEN-T1-N60-R03,laff,7,item-028,39,0,0,39,81,90
MPV-GEN-T1-N60-R03,laff,7,item-004,0,89,0,96,11,84
MPV-GEN-T1-N60-R03,laff,7,item-024,78,0,0,13,75,89
MPV-GEN-T1-N60-R03,laff,8,item-019,0,0,0,43,79,75
MPV-GEN-T1-N60-R03,laff,8,item-037,43,0,0,45,66,74
MPV-GEN-T1-N60-R03,laff,9,item-058,0,0,0,38,82,91
MPV-GEN-T1-N60-R03,laff,9,item-032,38,0,0,37,77,88
MPV-GEN-T1-N60-R03,laff,9,item-047,75,0,0,23,94,73
MPV-GEN-T1-N60-R03,laff,10,item-023,0,0,0,39,79,97
MPV-GEN-T1-N60-R03,laff,10,item-039,39,0,0,31,99,81
MPV-GEN-T1-N60-R03,laff,10,item-033,70,0,0,24,89,93
MPV-GEN-T1-N60-R03,laff,10,item-051,94,0,0,1,100,96
MPV-GEN-T1-N60-R03,laff,10,item-030,95,0,0,1,91,93
MPV-GEN-T1-N60-R03,laff,11,item-022,0,0,0,96,31,99
MPV-GEN-T1-N60-R03,laff,11,item-029,0,31,0,41,69,71
MPV-GEN-T1-N60-R03,laff,11,item-000,41,31,0,13,69,79
MPV-GEN-T1-N60-R03,laff,11,item-008,54,31,0,11,68,93
MPV-GEN-T1-N60-R03,laff,12,item-045,0,0,0,37,79,70
MPV-GEN-T1-N60-R03,laff,12,item-015,37,0,0,32,82,66
MPV-GEN-T1-N60-R03,laff,12,item-009,69,0,0,29,83,66
MPV-GEN-T1-N60-R03,laff,13,item-031,0,0,0,32,87,73
MPV-GEN-T1-N60-R03,laff,13,item-040,32,0,0,24,70,68
MPV-GEN-T1-N60-R03,laff,14,item-013,0,0,0,39,70,99
MPV-GEN-T1-N60-R03,laff,14,item-012,39,0,0,32,77,96
MPV-GEN-T1-N60-R03,laff,14,item-002,71,0,0,28,80,84
MPV-GEN-T1-N60-R03,laff,15,item-005,0,0,0,32,82,89
MPV-GEN-T1-N60-R03,laff,15,item-003,32,0,0,30,71,80
MPV-GEN-T1-N60-R03,laff,15,item-054,62,0,0,29,71,78
MPV-GEN-T1-N60-R03,laff,16,item-052,0,0,0,89,27,68
MPV-GEN-T1-N60-R03,laff,17,item-050,0,0,0,31,77,98
MPV-GEN-T1-N60-R03,laff,17,item-027,31,0,0,17,90,97
MPV-GEN-T1-N60-R03,laff,17,item-014,48,0,0,13,96,98
MPV-GEN-T1-N60-R03,laff,17,item-048,61,0,0,16,83,91
MPV-GEN-T1-N60-R03,laff,17,item-059,77,0,0,11,98,98
MPV-GEN-T1-N60-R03,laff,17,item-007,88,0,0,12,74,90
MPV-GEN-T1-N60-R03,laff,18,item-042,0,0,0,14,86,100
MPV-GEN-T1-N60-R03,laff,18,item-018,14,0,0,14,74,78
MPV-GEN-T1-N60-R04,laff,0,item-014,0,0,0,88,81,38
MPV-GEN-T1-N60-R04,laff,0,item-006,0,81,0,44,15,29
MPV-GEN-T1-N60-R04,laff,0,item-001,44,81,0,25,10,31
MPV-GEN-T1-N60-R04,laff,0,item-042,44,91,0,12,7,20
MPV-GEN-T1-N60-R04,laff,0,item-036,0,81,31,14,8,5
MPV-GEN-T1-N60-R04,laff,0,item-017,0,96,20,3,2,10
MPV-GEN-T1-N60-R04,laff,0,item-013,0,0,38,82,86,35
MPV-GEN-T1-N60-R04,laff,0,item-040,0,0,73,76,84,23
MPV-GEN-T1-N60-R04,laff,0,item-029,0,0,96,45,37,2
MPV-GEN-T1-N60-R04,laff,1,item-021,0,0,0,98,71,42
MPV-GEN-T1-N60-R04,laff,1,item-015,0,71,0,28,23,31
MPV-GEN-T1-N60-R04,laff,1,item-032,0,0,42,68,91,42
MPV-GEN-T1-N60-R04,laff,2,item-012,0,0,0,88,69,52
MPV-GEN-T1-N60-R04,laff,2,item-043,0,69,0,27,29,48
MPV-GEN-T1-N60-R04,laff,2,item-011,0,0,52,68,81,19
MPV-GEN-T1-N60-R04,laff,2,item-034,0,0,71,79,66,27
MPV-GEN-T1-N60-R04,laff,3,item-058,0,0,0,59,99,89
MPV-GEN-T1-N60-R04,laff,3,item-008,59,0,0,37,82,84
MPV-GEN-T1-N60-R04,laff,3,item-035,96,0,0,2,78,83
MPV-GEN-T1-N60-R04,laff,3,item-055,98,0,0,1,95,71
MPV-GEN-T1-N60-R04,laff,3,item-056,99,0,0,1,73,85
MPV-GEN-T1-N60-R04,laff,4,item-030,0,0,0,49,93,98
MPV-GEN-T1-N60-R04,laff,4,item-049,49,0,0,44,96,88
MPV-GEN-T1-N60-R04,laff,4,item-059,93,0,0,7,100,69
MPV-GEN-T1-N60-R04,laff,5,item-051,0,0,0,44,84,98
MPV-GEN-T1-N60-R04,laff,5,item-003,44,0,0,45,79,85
MPV-GEN-T1-N60-R04,laff,5,item-031,89,0,0,11,99,95
MPV-GEN-T1-N60-R04,laff,5,item-033,0,84,0,67,16,68
MPV-GEN-T1-N60-R04,laff,6,item-046,0,0,0,39,89,100
MPV-GEN-T1-N60-R04,laff,6,item-024,39,0,0,30,99,96
MPV-GEN-T1-N60-R04,laff,6,item-022,69,0,0,28,100,84
MPV-GEN-T1-N60-R04,laff,6,item-027,97,0,0,1,95,98
MPV-GEN-T1-N60-R04,laff,6,item-016,98,0,0,1,68,89
MPV-GEN-T1-N60-R04,laff,7,item-010,0,0,0,35,96,71
MPV-GEN-T1-N60-R04,laff,7,item-047,35,0,0,43,77,66
MPV-GEN-T1-N60-R04,laff,7,item-019,78,0,0,6,68,71
MPV-GEN-T1-N60-R04,laff,7,item-057,84,0,0,5,82,69
MPV-GEN-T1-N60-R04,laff,8,item-005,0,0,0,36,86,92
MPV-GEN-T1-N60-R04,laff,8,item-023,36,0,0,36,82,84
MPV-GEN-T1-N60-R04,laff,8,item-009,72,0,0,22,90,87
MPV-GEN-T1-N60-R04,laff,9,item-020,0,0,0,68,43,78
MPV-GEN-T1-N60-R04,laff,9,item-045,0,43,0,72,34,78
MPV-GEN-T1-N60-R04,laff,9,item-028,72,0,0,26,93,68
MPV-GEN-T1-N60-R04,laff,10,item-004,0,0,0,32,89,95
MPV-GEN-T1-N60-R04,laff,10,item-041,32,0,0,35,72,80
MPV-GEN-T1-N60-R04,laff,10,item-044,67,0,0,23,73,95
MPV-GEN-T1-N60-R04,laff,10,item-052,0,89,0,78,11,75
MPV-GEN-T1-N60-R04,laff,11,item-053,0,0,0,97,24,70
MPV-GEN-T1-N60-R04,laff,11,item-026,0,24,0,28,74,67
MPV-GEN-T1-N60-R04,laff,11,item-002,28,24,0,37,39,48
MPV-GEN-T1-N60-R04,laff,12,item-007,0,0,0,26,86,68
MPV-GEN-T1-N60-R04,laff,13,item-048,0,0,0,28,71,96
MPV-GEN-T1-N60-R04,laff,13,item-039,28,0,0,27,73,78
MPV-GEN-T1-N60-R04,laff,13,item-038,55,0,0,17,98,92
MPV-GEN-T1-N60-R04,laff,13,item-050,72,0,0,22,78,85
MPV-GEN-T1-N60-R04,laff,14,item-018,0,0,0,18,87,79
MPV-GEN-T1-N60-R04,laff,14,item-025,18,0,0,82,17,68
MPV-GEN-T1-N60-R04,laff,14,item-000,18,17,0,13,76,77
MPV-GEN-T1-N60-R04,laff,15,item-037,0,0,0,16,76,88
MPV-GEN-T1-N60-R04,laff,15,item-054,16,0,0,13,85,87
MPV-GEN-T1-N60-R05,laff,0,item-046,0,0,0,96,92,88
MPV-GEN-T1-N60-R05,laff,0,item-039,0,92,0,79,6,74
MPV-GEN-T1-N60-R05,laff,0,item-059,79,92,0,2,6,43
MPV-GEN-T1-N60-R05,laff,0,item-016,0,0,88,98,82,1
MPV-GEN-T1-N60-R05,laff,0,item-015,0,0,89,90,85,10
MPV-GEN-T1-N60-R05,laff,1,item-056,0,0,0,89,85,45
MPV-GEN-T1-N60-R05,laff,1,item-035,0,85,0,7,9,33
MPV-GEN-T1-N60-R05,laff,1,item-053,0,0,45,84,87,4
MPV-GEN-T1-N60-R05,laff,1,item-037,0,0,49,83,85,46
MPV-GEN-T1-N60-R05,laff,2,item-042,0,0,0,68,100,22
MPV-GEN-T1-N60-R05,laff,2,item-051,0,0,22,92,68,73
MPV-GEN-T1-N60-R05,laff,2,item-021,0,68,22,89,29,72
MPV-GEN-T1-N60-R05,laff,2,item-001,0,97,22,90,3,73
MPV-GEN-T1-N60-R05,laff,3,item-012,0,0,0,92,72,85
MPV-GEN-T1-N60-R05,laff,3,item-052,0,0,85,45,46,13
MPV-GEN-T1-N60-R05,laff,4,item-036,0,0,0,66,91,97
MPV-GEN-T1-N60-R05,laff,4,item-038,66,0,0,34,85,89
MPV-GEN-T1-N60-R05,laff,5,item-045,0,0,0,92,61,51
MPV-GEN-T1-N60-R05,laff,5,item-005,0,61,0,41,39,19
MPV-GEN-T1-N60-R05,laff,5,item-031,0,0,51,72,75,29
MPV-GEN-T1-N60-R05,laff,6,item-030,0,0,0,48,94,69
MPV-GEN-T1-N60-R05,laff,6,item-026,48,0,0,41,95,66
MPV-GEN-T1-N60-R05,laff,6,item-003,89,0,0,9,74,66
MPV-GEN-T1-N60-R05,laff,7,item-025,0,0,0,49,91,94
MPV-GEN-T1-N60-R05,laff,7,item-024,49,0,0,48,89,90
MPV-GEN-T1-N60-R05,laff,7,item-044,97,0,0,2,88,93
MPV-GEN-T1-N60-R05,laff,8,item-019,0,0,0,64,64,55
MPV-GEN-T1-N60-R05,laff,9,item-029,0,0,0,48,84,82
MPV-GEN-T1-N60-R05,laff,9,item-034,48,0,0,42,96,80
MPV-GEN-T1-N60-R05,laff,9,item-028,90,0,0,10,81,82
MPV-GEN-T1-N60-R05,laff,10,item-048,0,0,0,43,93,79
MPV-GEN-T1-N60-R05,laff,10,item-032,43,0,0,50,71,72
MPV-GEN-T1-N60-R05,laff,11,item-027,0,0,0,38,99,88
MPV-GEN-T1-N60-R05,laff,11,item-022,38,0,0,42,88,82
MPV-GEN-T1-N60-R05,laff,11,item-020,80,0,0,20,94,69
MPV-GEN-T1-N60-R05,laff,12,item-040,0,0,0,49,74,99
MPV-GEN-T1-N60-R05,laff,12,item-014,49,0,0,42,79,99
MPV-GEN-T1-N60-R05,laff,12,item-049,0,79,0,67,10,98
MPV-GEN-T1-N60-R05,laff,12,item-041,91,0,0,9,79,91
MPV-GEN-T1-N60-R05,laff,13,item-054,0,0,0,46,77,83
MPV-GEN-T1-N60-R05,laff,13,item-011,46,0,0,38,84,69
MPV-GEN-T1-N60-R05,laff,13,item-008,84,0,0,14,97,76
MPV-GEN-T1-N60-R05,laff,14,item-047,0,0,0,51,67,63
MPV-GEN-T1-N60-R05,laff,15,item-002,0,0,0,80,37,83
MPV-GEN-T1-N60-R05,laff,15,item-007,0,37,0,69,42,70
MPV-GEN-T1-N60-R05,laff,15,item-057,80,0,0,14,89,79
MPV-GEN-T1-N60-R05,laff,16,item-055,0,0,0,91,31,100
MPV-GEN-T1-N60-R05,laff,16,item-006,0,31,0,41,68,84
MPV-GEN-T1-N60-R05,laff,16,item-013,41,31,0,24,66,75
MPV-GEN-T1-N60-R05,laff,17,item-004,0,0,0,32,83,70
MPV-GEN-T1-N60-R05,laff,17,item-023,32,0,0,34,72,70
MPV-GEN-T1-N60-R05,laff,17,item-043,66,0,0,12,89,69
MPV-GEN-T1-N60-R05,laff,18,item-018,0,0,0,23,99,81
MPV-GEN-T1-N60-R05,laff,18,item-033,23,0,0,31,72,77
MPV-GEN-T1-N60-R05,laff,18,item-058,54,0,0,25,83,71
MPV-GEN-T1-N60-R05,laff,18,item-017,79,0,0,15,73,79
MPV-GEN-T1-N60-R05,laff,19,item-010,0,0,0,21,84,91
MPV-GEN-T1-N60-R05,laff,19,item-000,21,0,0,16,84,86
MPV-GEN-T1-N60-R05,laff,19,item-009,37,0,0,12,75,84
MPV-GEN-T1-N60-R05,laff,20,item-050,0,0,0,12,92,94
MPV-GEN-T1-N60-R06,laff,0,item-039,0,0,0,90,90,6
MPV-GEN-T1-N60-R06,laff,0,item-042,0,0,6,74,99,92
MPV-GEN-T1-N60-R06,laff,0,item-017,74,0,6,26,95,85
MPV-GEN-T1-N60-R06,laff,0,item-053,0,0,98,70,76,1
MPV-GEN-T1-N60-R06,laff,1,item-038,0,0,0,100,71,7
MPV-GEN-T1-N60-R06,laff,1,item-058,0,0,7,82,83,9
MPV-GEN-T1-N60-R06,laff,1,item-057,0,0,16,74,85,43
MPV-GEN-T1-N60-R06,laff,1,item-056,0,85,16,48,13,36
MPV-GEN-T1-N60-R06,laff,1,item-022,74,0,16,9,29,29
MPV-GEN-T1-N60-R06,laff,1,item-020,48,85,16,16,14,16
MPV-GEN-T1-N60-R06,laff,1,item-059,0,0,59,83,68,29
MPV-GEN-T1-N60-R06,laff,1,item-004,0,0,88,66,76,11
MPV-GEN-T1-N60-R06,laff,2,item-035,0,0,0,92,61,61
MPV-GEN-T1-N60-R06,laff,2,item-028,0,61,0,47,35,50
MPV-GEN-T1-N60-R06,laff,2,item-026,0,0,61,81,68,19
MPV-GEN-T1-N60-R06,laff,3,item-036,0,0,0,68,80,77
MPV-GEN-T1-N60-R06,laff,3,item-003,68,0,0,24,82,71
MPV-GEN-T1-N60-R06,laff,3,item-015,0,82,0,81,16,70
MPV-GEN-T1-N60-R06,laff,3,item-010,92,0,0,8,85,75
MPV-GEN-T1-N60-R06,laff,4,item-005,0,0,0,71,67,96
MPV-GEN-T1-N60-R06,laff,4,item-054,71,0,0,28,91,92
MPV-GEN-T1-N60-R06,laff,4,item-032,0,67,0,68,28,81
MPV-GEN-T1-N60-R06,laff,4,item-034,99,0,0,1,92,94
MPV-GEN-T1-N60-R06,laff,5,item-031,0,0,0,53,88,93
MPV-GEN-T1-N60-R06,laff,5,item-055,53,0,0,44,88,93
MPV-GEN-T1-N60-R06,laff,5,item-006,0,88,0,89,10,76
MPV-GEN-T1-N60-R06,laff,5,item-007,97,0,0,3,97,83
MPV-GEN-T1-N60-R06,laff,6,item-040,0,0,0,73,62,92
MPV-GEN-T1-N60-R06,laff,6,item-051,0,62,0,67,38,78
MPV-GEN-T1-N60-R06,laff,6,item-027,73,0,0,24,69,89
MPV-GEN-T1-N60-R06,laff,6,item-050,97,0,0,3,93,81
MPV-GEN-T1-N60-R06,laff,7,item-043,0,0,0,46,95,97
MPV-GEN-T1-N60-R06,laff,7,item-001,46,0,0,36,97,91
MPV-GEN-T1-N60-R06,laff,7,item-000,82,0,0,18,79,84
MPV-GEN-T1-N60-R06,laff,8,item-030,0,0,0,44,96,74
MPV-GEN-T1-N60-R06,laff,8,item-049,44,0,0,41,85,74
MPV-GEN-T1-N60-R06,laff,8,item-045,85,0,0,8,89,69
MPV-GEN-T1-N60-R06,laff,8,item-009,93,0,0,5,94,70
MPV-GEN-T1-N60-R06,laff,9,item-037,0,0,0,84,45,70
MPV-GEN-T1-N60-R06,laff,10,item-047,0,0,0,38,91,98
MPV-GEN-T1-N60-R06,laff,10,item-016,38,0,0,32,95,94
MPV-GEN-T1-N60-R06,laff,10,item-044,70,0,0,30,67,69
MPV-GEN-T1-N60-R06,laff,11,item-013,0,0,0,42,82,81
MPV-GEN-T1-N60-R06,laff,11,item-023,42,0,0,33,98,80
MPV-GEN-T1-N60-R06,laff,11,item-029,75,0,0,2,97,81
MPV-GEN-T1-N60-R06,laff,12,item-052,0,0,0,39,82,67
MPV-GEN-T1-N60-R06,laff,12,item-008,39,0,0,40,76,67
MPV-GEN-T1-N60-R06,laff,13,item-014,0,0,0,51,61,60
MPV-GEN-T1-N60-R06,laff,14,item-046,0,0,0,40,74,84
MPV-GEN-T1-N60-R06,laff,14,item-041,40,0,0,32,87,78
MPV-GEN-T1-N60-R06,laff,14,item-012,72,0,0,9,75,83
MPV-GEN-T1-N60-R06,laff,14,item-018,0,87,0,87,7,82
MPV-GEN-T1-N60-R06,laff,14,item-002,81,0,0,2,66,82
MPV-GEN-T1-N60-R06,laff,15,item-019,0,0,0,31,80,85
MPV-GEN-T1-N60-R06,laff,16,item-024,0,0,0,15,78,97
MPV-GEN-T1-N60-R06,laff,16,item-011,15,0,0,12,88,93
MPV-GEN-T1-N60-R06,laff,16,item-033,27,0,0,9,99,87
MPV-GEN-T1-N60-R06,laff,16,item-025,36,0,0,7,92,86
MPV-GEN-T1-N60-R06,laff,16,item-048,43,0,0,7,81,96
MPV-GEN-T1-N60-R06,laff,16,item-021,50,0,0,6,91,93
MPV-GEN-T1-N60-R07,laff,0,item-029,0,0,0,97,99,28
MPV-GEN-T1-N60-R07,laff,0,item-036,0,0,28,99,74,20
MPV-GEN-T1-N60-R07,laff,0,item-011,0,0,48,92,79,13
MPV-GEN-T1-N60-R07,laff,0,item-025,0,0,61,79,71,5
MPV-GEN-T1-N60-R07,laff,0,item-001,0,0,66,41,40,5
MPV-GEN-T1-N60-R07,laff,0,item-006,0,0,71,36,33,11
MPV-GEN-T1-N60-R07,laff,0,item-002,0,0,82,10,34,14
MPV-GEN-T1-N60-R07,laff,1,item-049,0,0,0,79,74,49
MPV-GEN-T1-N60-R07,laff,1,item-039,79,0,0,19,43,32
MPV-GEN-T1-N60-R07,laff,1,item-046,0,74,0,40,16,27
MPV-GEN-T1-N60-R07,laff,1,item-038,40,74,0,17,20,36
MPV-GEN-T1-N60-R07,laff,1,item-044,0,90,0,9,4,27
MPV-GEN-T1-N60-R07,laff,1,item-033,0,0,49,36,45,38
MPV-GEN-T1-N60-R07,laff,2,item-048,0,0,0,56,93,73
MPV-GEN-T1-N60-R07,laff,2,item-050,56,0,0,43,95,67
MPV-GEN-T1-N60-R07,laff,3,item-035,0,0,0,98,50,79
MPV-GEN-T1-N60-R07,laff,3,item-009,0,50,0,92,39,67
MPV-GEN-T1-N60-R07,laff,3,item-005,0,89,0,100,6,67
MPV-GEN-T1-N60-R07,laff,4,item-053,0,0,0,94,52,81
MPV-GEN-T1-N60-R07,laff,4,item-059,0,52,0,70,39,78
MPV-GEN-T1-N60-R07,laff,5,item-056,0,0,0,46,97,78
MPV-GEN-T1-N60-R07,laff,5,item-016,46,0,0,49,74,68
MPV-GEN-T1-N60-R07,laff,6,item-030,0,0,0,43,97,80
MPV-GEN-T1-N60-R07,laff,6,item-021,43,0,0,40,89,68
MPV-GEN-T1-N60-R07,laff,6,item-032,83,0,0,13,88,68
MPV-GEN-T1-N60-R07,laff,7,item-045,0,0,0,47,88,99
MPV-GEN-T1-N60-R07,laff,7,item-010,47,0,0,42,85,95
MPV-GEN-T1-N60-R07,laff,7,item-013,89,0,0,11,97,86
MPV-GEN-T1-N60-R07,laff,8,item-031,0,0,0,42,98,100
MPV-GEN-T1-N60-R07,laff,8,item-043,42,0,0,33,90,91
MPV-GEN-T1-N60-R07,laff,8,item-014,75,0,0,23,85,100
MPV-GEN-T1-N60-R07,laff,9,item-020,0,0,0,62,59,78
MPV-GEN-T1-N60-R07,laff,9,item-052,62,0,0,36,87,75
MPV-GEN-T1-N60-R07,laff,10,item-023,0,0,0,60,60,86
MPV-GEN-T1-N60-R07,laff,10,item-022,0,60,0,93,27,77
MPV-GEN-T1-N60-R07,laff,11,item-028,0,0,0,52,58,82
MPV-GEN-T1-N60-R07,laff,11,item-019,52,0,0,43,68,80
MPV-GEN-T1-N60-R07,laff,12,item-003,0,0,0,38,77,87
MPV-GEN-T1-N60-R07,laff,12,item-012,38,0,0,36,75,66
MPV-GEN-T1-N60-R07,laff,12,item-040,74,0,0,22,66,83
MPV-GEN-T1-N60-R07,laff,13,item-057,0,0,0,98,27,98
MPV-GEN-T1-N60-R07,laff,13,item-024,0,27,0,33,68,91
MPV-GEN-T1-N60-R07,laff,13,item-004,33,27,0,31,70,91
MPV-GEN-T1-N60-R07,laff,13,item-017,64,27,0,36,71,69
MPV-GEN-T1-N60-R07,laff,14,item-018,0,0,0,30,77,72
MPV-GEN-T1-N60-R07,laff,14,item-034,30,0,0,9,75,72
MPV-GEN-T1-N60-R07,laff,15,item-037,0,0,0,29,69,73
MPV-GEN-T1-N60-R07,laff,16,item-000,0,0,0,19,87,93
MPV-GEN-T1-N60-R07,laff,16,item-051,19,0,0,17,73,91
MPV-GEN-T1-N60-R07,laff,16,item-055,36,0,0,14,91,87
MPV-GEN-T1-N60-R07,laff,16,item-047,50,0,0,11,87,90
MPV-GEN-T1-N60-R07,laff,16,item-054,61,0,0,13,71,88
MPV-GEN-T1-N60-R07,laff,16,item-027,74,0,0,9,73,79
MPV-GEN-T1-N60-R07,laff,16,item-041,83,0,0,6,82,89
MPV-GEN-T1-N60-R07,laff,17,item-015,0,0,0,18,88,99
MPV-GEN-T1-N60-R07,laff,17,item-007,18,0,0,18,73,97
MPV-GEN-T1-N60-R07,laff,17,item-026,36,0,0,14,89,98
MPV-GEN-T1-N60-R07,laff,17,item-008,50,0,0,17,68,94
MPV-GEN-T1-N60-R07,laff,17,item-058,67,0,0,12,84,98
MPV-GEN-T1-N60-R07,laff,18,item-042,0,0,0,100,14,97
MPV-GEN-T1-N60-R08,laff,0,item-053,0,0,0,97,96,96
MPV-GEN-T1-N60-R08,laff,0,item-058,0,96,0,84,4,76
MPV-GEN-T1-N60-R08,laff,0,item-037,97,0,0,2,79,87
MPV-GEN-T1-N60-R08,laff,0,item-014,0,0,96,91,82,2
MPV-GEN-T1-N60-R08,laff,0,item-029,0,82,96,9,7,2
MPV-GEN-T1-N60-R08,laff,1,item-023,0,0,0,93,91,48
MPV-GEN-T1-N60-R08,laff,1,item-018,0,0,48,84,90,38
MPV-GEN-T1-N60-R08,laff,1,item-011,84,0,48,11,48,27
MPV-GEN-T1-N60-R08,laff,1,item-019,0,0,86,81,92,9
MPV-GEN-T1-N60-R08,laff,2,item-003,0,0,0,79,99,55
MPV-GEN-T1-N60-R08,laff,2,item-034,79,0,0,18,31,31
MPV-GEN-T1-N60-R08,laff,2,item-016,0,0,55,75,87,26
MPV-GEN-T1-N60-R08,laff,2,item-044,0,0,81,82,73,18
MPV-GEN-T1-N60-R08,laff,3,item-024,0,0,0,82,90,93
MPV-GEN-T1-N60-R08,laff,3,item-002,82,0,0,17,91,93
MPV-GEN-T1-N60-R08,laff,3,item-025,0,91,0,85,9,92
MPV-GEN-T1-N60-R08,laff,3,item-043,0,0,93,67,84,6
MPV-GEN-T1-N60-R08,laff,4,item-010,0,0,0,66,79,62
MPV-GEN-T1-N60-R08,laff,4,item-013,66,0,0,29,41,37
MPV-GEN-T1-N60-R08,laff,4,item-047,66,0,37,33,30,18
MPV-GEN-T1-N60-R08,laff,5,item-017,0,0,0,47,93,75
MPV-GEN-T1-N60-R08,laff,5,item-046,47,0,0,41,94,68
MPV-GEN-T1-N60-R08,laff,5,item-051,88,0,0,10,92,70
MPV-GEN-T1-N60-R08,laff,5,item-004,0,94,0,77,3,67
MPV-GEN-T1-N60-R08,laff,6,item-045,0,0,0,92,46,72
MPV-GEN-T1-N60-R08,laff,7,item-028,0,0,0,78,50,75
MPV-GEN-T1-N60-R08,laff,7,item-007,0,50,0,90,20,75
MPV-GEN-T1-N60-R08,laff,8,item-001,0,0,0,45,84,81
MPV-GEN-T1-N60-R08,laff,8,item-057,45,0,0,41,88,72
MPV-GEN-T1-N60-R08,laff,8,item-015,86,0,0,14,84,69
MPV-GEN-T1-N60-R08,laff,9,item-049,0,0,0,38,97,95
MPV-GEN-T1-N60-R08,laff,9,item-008,38,0,0,43,82,85
MPV-GEN-T1-N60-R08,laff,9,item-031,81,0,0,19,75,87
MPV-GEN-T1-N60-R08,laff,10,item-056,0,0,0,45,73,84
MPV-GEN-T1-N60-R08,laff,10,item-048,45,0,0,36,91,84
MPV-GEN-T1-N60-R08,laff,10,item-033,81,0,0,14,82,83
MPV-GEN-T1-N60-R08,laff,11,item-041,0,0,0,71,45,76
MPV-GEN-T1-N60-R08,laff,11,item-035,71,0,0,24,97,73
MPV-GEN-T1-N60-R08,laff,12,item-036,0,0,0,44,72,97
MPV-GEN-T1-N60-R08,laff,12,item-030,44,0,0,41,76,85
MPV-GEN-T1-N60-R08,laff,12,item-050,0,76,0,69,21,77
MPV-GEN-T1-N60-R08,laff,12,item-020,85,0,0,11,100,91
MPV-GEN-T1-N60-R08,laff,12,item-005,96,0,0,4,68,93
MPV-GEN-T1-N60-R08,laff,13,item-032,0,0,0,46,67,77
MPV-GEN-T1-N60-R08,laff,13,item-006,46,0,0,32,70,73
MPV-GEN-T1-N60-R08,laff,14,item-038,0,0,0,33,91,79
MPV-GEN-T1-N60-R08,laff,14,item-021,33,0,0,27,76,77
MPV-GEN-T1-N60-R08,laff,15,item-055,0,0,0,37,81,80
MPV-GEN-T1-N60-R08,laff,15,item-027,37,0,0,45,66,80
MPV-GEN-T1-N60-R08,laff,16,item-052,0,0,0,32,91,82
MPV-GEN-T1-N60-R08,laff,17,item-059,0,0,0,39,71,84
MPV-GEN-T1-N60-R08,laff,17,item-026,39,0,0,26,74,84
MPV-GEN-T1-N60-R08,laff,18,item-040,0,0,0,34,80,98
MPV-GEN-T1-N60-R08,laff,18,item-022,34,0,0,40,66,97
MPV-GEN-T1-N60-R08,laff,18,item-000,74,0,0,21,94,91
MPV-GEN-T1-N60-R08,laff,19,item-054,0,0,0,85,32,85
MPV-GEN-T1-N60-R08,laff,20,item-039,0,0,0,15,84,99
MPV-GEN-T1-N60-R08,laff,20,item-009,0,84,0,93,13,88
MPV-GEN-T1-N60-R08,laff,20,item-012,15,0,0,12,74,97
MPV-GEN-T1-N60-R08,laff,20,item-042,27,0,0,10,75,97
MPV-GEN-T1-N60-R09,laff,0,item-052,0,0,0,97,96,27
MPV-GEN-T1-N60-R09,laff,0,item-010,0,0,27,93,86,21
MPV-GEN-T1-N60-R09,laff,0,item-024,0,0,48,88,82,49
MPV-GEN-T1-N60-R09,laff,0,item-053,0,82,48,26,14,40
MPV-GEN-T1-N60-R09,laff,0,item-016,26,82,48,30,11,33
MPV-GEN-T1-N60-R09,laff,0,item-043,0,96,48,2,4,45
MPV-GEN-T1-N60-R09,laff,1,item-046,0,0,0,84,84,97
MPV-GEN-T1-N60-R09,laff,1,item-039,84,0,0,12,92,95
MPV-GEN-T1-N60-R09,laff,1,item-012,0,92,0,92,4,92
MPV-GEN-T1-N60-R09,laff,1,item-022,96,0,0,4,89,95
MPV-GEN-T1-N60-R09,laff,2,item-040,0,0,0,100,70,24
MPV-GEN-T1-N60-R09,laff,2,item-032,0,70,0,28,20,17
MPV-GEN-T1-N60-R09,laff,2,item-009,0,0,24,70,83,25
MPV-GEN-T1-N60-R09,laff,2,item-037,0,0,49,22,38,32
MPV-GEN-T1-N60-R09,laff,2,item-008,0,38,49,20,22,32
MPV-GEN-T1-N60-R09,laff,3,item-045,0,0,0,64,89,59
MPV-GEN-T1-N60-R09,laff,3,item-004,64,0,0,30,22,44
MPV-GEN-T1-N60-R09,laff,3,item-003,64,22,0,15,35,41
MPV-GEN-T1-N60-R09,laff,4,item-007,0,0,0,60,91,74
MPV-GEN-T1-N60-R09,laff,4,item-025,60,0,0,29,86,71
MPV-GEN-T1-N60-R09,laff,4,item-055,89,0,0,9,84,74
MPV-GEN-T1-N60-R09,laff,4,item-051,98,0,0,2,100,71
MPV-GEN-T1-N60-R09,laff,5,item-057,0,0,0,50,95,82
MPV-GEN-T1-N60-R09,laff,5,item-038,50,0,0,50,78,76
MPV-GEN-T1-N60-R09,laff,6,item-034,0,0,0,52,88,67
MPV-GEN-T1-N60-R09,laff,6,item-014,52,0,0,2,68,66
MPV-GEN-T1-N60-R09,laff,6,item-048,54,0,0,1,78,67
MPV-GEN-T1-N60-R09,laff,7,item-049,0,0,0,55,82,87
MPV-GEN-T1-N60-R09,laff,7,item-026,55,0,0,37,83,83
MPV-GEN-T1-N60-R09,laff,7,item-017,0,83,0,94,11,82
MPV-GEN-T1-N60-R09,laff,8,item-056,0,0,0,43,97,89
MPV-GEN-T1-N60-R09,laff,8,item-031,43,0,0,47,86,73
MPV-GEN-T1-N60-R09,laff,8,item-042,90,0,0,9,93,84
MPV-GEN-T1-N60-R09,laff,9,item-058,0,0,0,49,85,90
MPV-GEN-T1-N60-R09,laff,9,item-018,49,0,0,39,67,75
MPV-GEN-T1-N60-R09,laff,9,item-021,88,0,0,11,97,87
MPV-GEN-T1-N60-R09,laff,10,item-033,0,0,0,83,48,92
MPV-GEN-T1-N60-R09,laff,10,item-041,0,48,0,100,37,87
MPV-GEN-T1-N60-R09,laff,11,item-013,0,0,0,46,81,97
MPV-GEN-T1-N60-R09,laff,11,item-011,46,0,0,36,86,97
MPV-GEN-T1-N60-R09,laff,11,item-019,82,0,0,18,80,94
MPV-GEN-T1-N60-R09,laff,12,item-001,0,0,0,50,72,100
MPV-GEN-T1-N60-R09,laff,12,item-030,50,0,0,40,77,91
MPV-GEN-T1-N60-R09,laff,12,item-020,90,0,0,8,86,82
MPV-GEN-T1-N60-R09,laff,13,item-047,0,0,0,86,41,75
MPV-GEN-T1-N60-R09,laff,13,item-006,0,41,0,66,28,66
MPV-GEN-T1-N60-R09,laff,13,item-029,86,0,0,14,79,69
MPV-GEN-T1-N60-R09,laff,14,item-054,0,0,0,90,37,93
MPV-GEN-T1-N60-R09,laff,14,item-044,0,37,0,76,33,76
MPV-GEN-T1-N60-R09,laff,14,item-028,90,0,0,4,93,89
MPV-GEN-T1-N60-R09,laff,15,item-059,0,0,0,36,72,68
MPV-GEN-T1-N60-R09,laff,15,item-035,36,0,0,29,66,68
MPV-GEN-T1-N60-R09,laff,16,item-023,0,0,0,26,93,97
MPV-GEN-T1-N60-R09,laff,16,item-027,26,0,0,32,70,82
MPV-GEN-T1-N60-R09,laff,16,item-002,58,0,0,25,74,93
MPV-GEN-T1-N60-R09,laff,16,item-036,83,0,0,13,71,75
MPV-GEN-T1-N60-R09,laff,17,item-050,0,0,0,24,75,98
MPV-GEN-T1-N60-R09,laff,17,item-000,24,0,0,24,67,88
MPV-GEN-T1-N60-R09,laff,17,item-015,48,0,0,11,79,98
MPV-GEN-T1-N60-R09,laff,17,item-005,59,0,0,11,73,85
MPV-GEN-T1-N60-R10,laff,0,item-037,0,0,0,100,76,76
MPV-GEN-T1-N60-R10,laff,0,item-014,0,76,0,87,23,73
MPV-GEN-T1-N60-R10,laff,0,item-020,87,76,0,4,6,24
MPV-GEN-T1-N60-R10,laff,0,item-054,0,0,76,82,91,15
MPV-GEN-T1-N60-R10,laff,0,item-027,82,0,76,16,10,6
MPV-GEN-T1-N60-R10,laff,0,item-058,0,0,91,86,85,3
MPV-GEN-T1-N60-R10,laff,0,item-030,0,0,94,38,29,6
MPV-GEN-T1-N60-R10,laff,1,item-052,0,0,0,98,77,29
MPV-GEN-T1-N60-R10,laff,1,item-022,0,77,0,21,23,17
MPV-GEN-T1-N60-R10,laff,1,item-053,0,0,29,97,76,37
MPV-GEN-T1-N60-R10,laff,1,item-012,0,0,66,93,73,33
MPV-GEN-T1-N60-R10,laff,2,item-018,0,0,0,69,96,77
MPV-GEN-T1-N60-R10,laff,2,item-006,69,0,0,27,95,70
MPV-GEN-T1-N60-R10,laff,2,item-038,0,0,77,71,76,19
MPV-GEN-T1-N60-R10,laff,3,item-001,0,0,0,83,78,68
MPV-GEN-T1-N60-R10,laff,3,item-013,83,0,0,14,97,68
MPV-GEN-T1-N60-R10,laff,3,item-050,0,78,0,15,16,38
MPV-GEN-T1-N60-R10,laff,3,item-026,0,0,68,79,68,21
MPV-GEN-T1-N60-R10,laff,4,item-003,0,0,0,70,88,38
MPV-GEN-T1-N60-R10,laff,4,item-041,70,0,0,28,30,34
MPV-GEN-T1-N60-R10,laff,4,item-056,0,0,38,82,73,50
MPV-GEN-T1-N60-R10,laff,4,item-057,82,0,38,8,33,41
MPV-GEN-T1-N60-R10,laff,5,item-051,0,0,0,73,66,67
MPV-GEN-T1-N60-R10,laff,5,item-033,73,0,0,21,100,67
MPV-GEN-T1-N60-R10,laff,6,item-009,0,0,0,71,67,36
MPV-GEN-T1-N60-R10,laff,6,item-055,0,0,36,30,39,42
MPV-GEN-T1-N60-R10,laff,7,item-021,0,0,0,48,96,96
MPV-GEN-T1-N60-R10,laff,7,item-010,48,0,0,50,87,95
MPV-GEN-T1-N60-R10,laff,7,item-031,0,96,0,69,3,83
MPV-GEN-T1-N60-R10,laff,8,item-000,0,0,0,91,42,98
MPV-GEN-T1-N60-R10,laff,8,item-002,0,42,0,61,53,93
MPV-GEN-T1-N60-R10,laff,8,item-007,91,0,0,7,96,90
MPV-GEN-T1-N60-R10,laff,9,item-016,0,0,0,46,79,81
MPV-GEN-T1-N60-R10,laff,9,item-044,46,0,0,46,79,75
MPV-GEN-T1-N60-R10,laff,9,item-034,0,79,0,90,20,78
MPV-GEN-T1-N60-R10,laff,9,item-042,92,0,0,7,89,72
MPV-GEN-T1-N60-R10,laff,10,item-008,0,0,0,46,76,91
MPV-GEN-T1-N60-R10,laff,10,item-046,46,0,0,40,79,75
MPV-GEN-T1-N60-R10,laff,10,item-023,0,79,0,85,14,84
MPV-GEN-T1-N60-R10,laff,10,item-048,86,0,0,13,66,84
MPV-GEN-T1-N60-R10,laff,11,item-025,0,0,0,35,99,98
MPV-GEN-T1-N60-R10,laff,11,item-043,35,0,0,36,85,95
MPV-GEN-T1-N60-R10,laff,11,item-047,71,0,0,26,84,80
MPV-GEN-T1-N60-R10,laff,12,item-004,0,0,0,31,97,100
MPV-GEN-T1-N60-R10,laff,12,item-024,31,0,0,35,71,99
MPV-GEN-T1-N60-R10,laff,12,item-049,66,0,0,33,74,93
MPV-GEN-T1-N60-R10,laff,13,item-035,0,0,0,35,83,74
MPV-GEN-T1-N60-R10,laff,13,item-028,35,0,0,41,70,67
MPV-GEN-T1-N60-R10,laff,13,item-029,76,0,0,18,92,68
MPV-GEN-T1-N60-R10,laff,14,item-036,0,0,0,33,69,89
MPV-GEN-T1-N60-R10,laff,14,item-019,33,0,0,31,69,78
MPV-GEN-T1-N60-R10,laff,14,item-059,64,0,0,30,74,74
MPV-GEN-T1-N60-R10,laff,14,item-011,0,74,0,80,13,86
MPV-GEN-T1-N60-R10,laff,15,item-045,0,0,0,18,98,98
MPV-GEN-T1-N60-R10,laff,15,item-005,18,0,0,15,100,88
MPV-GEN-T1-N60-R10,laff,15,item-032,33,0,0,9,84,73
MPV-GEN-T1-N60-R10,laff,15,item-039,42,0,0,8,66,92
MPV-GEN-T1-N60-R10,laff,15,item-040,50,0,0,7,84,82
MPV-GEN-T1-N60-R10,laff,15,item-015,57,0,0,7,87,68
MPV-GEN-T1-N60-R10,laff,16,item-017,0,0,0,75,11,100
MPV-GEN-T1-N90-R01,laff,0,item-059,0,0,0,97,97,80
MPV-GEN-T1-N90-R01,laff,0,item-024,97,0,0,3,84,69
MPV-GEN-T1-N90-R01,laff,0,item-036,97,84,0,2,10,30
MPV-GEN-T1-N90-R01,laff,0,item-087,0,0,80,93,97,9
MPV-GEN-T1-N90-R01,laff,0,item-006,0,0,89,100,78,1
MPV-GEN-T1-N90-R01,laff,0,item-025,0,0,90,75,89,1
MPV-GEN-T1-N90-R01,laff,1,item-056,0,0,0,99,92,79
MPV-GEN-T1-N90-R01,laff,1,item-049,99,0,0,1,90,68
MPV-GEN-T1-N90-R01,laff,1,item-007,0,0,79,88,79,21
MPV-GEN-T1-N90-R01,laff,2,item-069,0,0,0,96,89,90
MPV-GEN-T1-N90-R01,laff,2,item-037,0,89,0,87,11,80
MPV-GEN-T1-N90-R01,laff,2,item-073,96,0,0,4,93,67
MPV-GEN-T1-N90-R01,laff,3,item-062,0,0,0,86,98,90
MPV-GEN-T1-N90-R01,laff,3,item-048,86,0,0,12,71,88
MPV-GEN-T1-N90-R01,laff,3,item-044,98,0,0,1,94,81
MPV-GEN-T1-N90-R01,laff,4,item-005,0,0,0,98,83,83
MPV-GEN-T1-N90-R01,laff,4,item-082,0,83,0,72,17,68
MPV-GEN-T1-N90-R01,laff,4,item-019,0,0,83,91,72,12
MPV-GEN-T1-N90-R01,laff,5,item-086,0,0,0,99,68,35
MPV-GEN-T1-N90-R01,laff,5,item-088,0,0,35,90,74,23
MPV-GEN-T1-N90-R01,laff,5,item-013,0,0,58,73,83,42
MPV-GEN-T1-N90-R01,laff,5,item-034,73,0,58,15,36,18
MPV-GEN-T1-N90-R01,laff,6,item-076,0,0,0,69,85,60
MPV-GEN-T1-N90-R01,laff,6,item-027,69,0,0,19,26,43
MPV-GEN-T1-N90-R01,laff,6,item-074,0,0,60,76,75,33
MPV-GEN-T1-N90-R01,laff,7,item-063,0,0,0,82,71,51
MPV-GEN-T1-N90-R01,laff,7,item-002,0,0,51,46,42,32
MPV-GEN-T1-N90-R01,laff,7,item-067,0,42,51,36,49,18
MPV-GEN-T1-N90-R01,laff,8,item-004,0,0,0,86,67,90
MPV-GEN-T1-N90-R01,laff,8,item-068,0,67,0,88,29,81
MPV-GEN-T1-N90-R01,laff,8,item-054,88,0,0,11,72,89
MPV-GEN-T1-N90-R01,laff,9,item-010,0,0,0,50,96,86
MPV-GEN-T1-N90-R01,laff,9,item-046,50,0,0,42,95,81
MPV-GEN-T1-N90-R01,laff,9,item-030,92,0,0,5,100,72
MPV-GEN-T1-N90-R01,laff,10,item-084,0,0,0,74,63,57
MPV-GEN-T1-N90-R01,laff,11,item-058,0,0,0,66,69,74
MPV-GEN-T1-N90-R01,laff,11,item-064,66,0,0,30,90,74
MPV-GEN-T1-N90-R01,laff,12,item-035,0,0,0,48,88,66
MPV-GEN-T1-N90-R01,laff,12,item-023,48,0,0,31,85,66
MPV-GEN-T1-N90-R01,laff,13,item-057,0,0,0,79,53,64
MPV-GEN-T1-N90-R01,laff,14,item-020,0,0,0,66,63,53
MPV-GEN-T1-N90-R01,laff,15,item-071,0,0,0,44,94,75
MPV-GEN-T1-N90-R01,laff,15,item-026,44,0,0,46,88,72
MPV-GEN-T1-N90-R01,laff,15,item-033,90,0,0,10,85,69
MPV-GEN-T1-N90-R01,laff,16,item-042,0,0,0,40,96,68
MPV-GEN-T1-N90-R01,laff,16,item-043,40,0,0,23,100,67
MPV-GEN-T1-N90-R01,laff,17,item-022,0,0,0,58,66,80
MPV-GEN-T1-N90-R01,laff,17,item-047,58,0,0,41,68,75
MPV-GEN-T1-N90-R01,laff,17,item-077,0,68,0,94,19,78
MPV-GEN-T1-N90-R01,laff,18,item-089,0,0,0,47,81,100
MPV-GEN-T1-N90-R01,laff,18,item-015,47,0,0,36,100,99
MPV-GEN-T1-N90-R01,laff,18,item-000,83,0,0,15,90,95
MPV-GEN-T1-N90-R01,laff,18,item-017,98,0,0,2,94,100
MPV-GEN-T1-N90-R01,laff,19,item-050,0,0,0,69,51,99
MPV-GEN-T1-N90-R01,laff,19,item-072,0,51,0,75,45,79
MPV-GEN-T1-N90-R01,laff,19,item-053,75,0,0,23,77,88
MPV-GEN-T1-N90-R01,laff,19,item-066,98,0,0,1,89,97
MPV-GEN-T1-N90-R01,laff,20,item-039,0,0,0,43,81,76
MPV-GEN-T1-N90-R01,laff,20,item-021,43,0,0,48,71,76
MPV-GEN-T1-N90-R01,laff,21,item-031,0,0,0,48,71,88
MPV-GEN-T1-N90-R01,laff,21,item-029,48,0,0,47,69,84
MPV-GEN-T1-N90-R01,laff,22,item-079,0,0,0,34,96,89
MPV-GEN-T1-N90-R01,laff,22,item-085,34,0,0,45,72,81
MPV-GEN-T1-N90-R01,laff,22,item-060,79,0,0,20,88,84
MPV-GEN-T1-N90-R01,laff,23,item-009,0,0,0,47,68,96
MPV-GEN-T1-N90-R01,laff,23,item-075,47,0,0,50,58,94
MPV-GEN-T1-N90-R01,laff,23,item-016,0,68,0,97,26,95
MPV-GEN-T1-N90-R01,laff,24,item-028,0,0,0,43,71,81
MPV-GEN-T1-N90-R01,laff,24,item-014,43,0,0,29,90,78
MPV-GEN-T1-N90-R01,laff,24,item-065,72,0,0,23,97,69
MPV-GEN-T1-N90-R01,laff,25,item-041,0,0,0,30,97,89
MPV-GEN-T1-N90-R01,laff,25,item-078,30,0,0,34,85,86
MPV-GEN-T1-N90-R01,laff,25,item-055,64,0,0,34,77,83
MPV-GEN-T1-N90-R01,laff,26,item-081,0,0,0,39,72,95
MPV-GEN-T1-N90-R01,laff,26,item-018,39,0,0,38,72,83
MPV-GEN-T1-N90-R01,laff,26,item-080,0,72,0,67,27,95
MPV-GEN-T1-N90-R01,laff,26,item-051,77,0,0,21,73,85
MPV-GEN-T1-N90-R01,laff,27,item-008,0,0,0,67,41,76
MPV-GEN-T1-N90-R01,laff,28,item-070,0,0,0,39,68,70
MPV-GEN-T1-N90-R01,laff,29,item-032,0,0,0,27,95,100
MPV-GEN-T1-N90-R01,laff,29,item-061,27,0,0,33,71,86
MPV-GEN-T1-N90-R01,laff,29,item-003,60,0,0,26,67,93
MPV-GEN-T1-N90-R01,laff,29,item-038,86,0,0,11,87,98
MPV-GEN-T1-N90-R01,laff,30,item-083,0,0,0,20,71,91
MPV-GEN-T1-N90-R01,laff,30,item-011,20,0,0,21,67,88
MPV-GEN-T1-N90-R01,laff,30,item-001,41,0,0,9,69,84
MPV-GEN-T1-N90-R01,laff,30,item-045,50,0,0,7,82,87
MPV-GEN-T1-N90-R01,laff,30,item-040,57,0,0,6,77,91
MPV-GEN-T1-N90-R01,laff,31,item-052,0,0,0,92,9,94
MPV-GEN-T1-N90-R01,laff,32,item-012,0,0,0,10,74,96
MPV-GEN-T1-N90-R02,laff,0,item-046,0,0,0,98,91,74
MPV-GEN-T1-N90-R02,laff,0,item-013,0,91,0,11,7,43
MPV-GEN-T1-N90-R02,laff,0,item-005,0,0,74,83,90,14
MPV-GEN-T1-N90-R02,laff,0,item-034,0,0,88,84,77,7
MPV-GEN-T1-N90-R02,laff,1,item-065,0,0,0,88,98,48
MPV-GEN-T1-N90-R02,laff,1,item-049,0,0,48,95,78,14
MPV-GEN-T1-N90-R02,laff,1,item-011,0,0,62,100,71,27
MPV-GEN-T1-N90-R02,laff,1,item-016,0,71,62,43,24,18
MPV-GEN-T1-N90-R02,laff,1,item-081,0,0,89,77,80,8
MPV-GEN-T1-N90-R02,laff,2,item-036,0,0,0,85,83,19
MPV-GEN-T1-N90-R02,laff,2,item-014,0,0,19,87,75,30
MPV-GEN-T1-N90-R02,laff,2,item-069,0,0,49,73,69,27
MPV-GEN-T1-N90-R02,laff,2,item-044,0,69,49,29,30,12
MPV-GEN-T1-N90-R02,laff,2,item-021,0,0,76,35,35,20
MPV-GEN-T1-N90-R02,laff,3,item-072,0,0,0,73,88,76
MPV-GEN-T1-N90-R02,laff,3,item-048,73,0,0,26,94,70
MPV-GEN-T1-N90-R02,laff,4,item-033,0,0,0,92,62,88
MPV-GEN-T1-N90-R02,laff,4,item-082,0,62,0,98,27,81
MPV-GEN-T1-N90-R02,laff,4,item-054,0,89,0,83,6,86
MPV-GEN-T1-N90-R02,laff,4,item-025,0,95,0,93,5,83
MPV-GEN-T1-N90-R02,laff,5,item-062,0,0,0,78,71,81
MPV-GEN-T1-N90-R02,laff,5,item-024,78,0,0,22,96,76
MPV-GEN-T1-N90-R02,laff,5,item-076,0,71,0,37,27,49
MPV-GEN-T1-N90-R02,laff,6,item-055,0,0,0,68,77,54
MPV-GEN-T1-N90-R02,laff,7,item-027,0,0,0,99,51,80
MPV-GEN-T1-N90-R02,laff,7,item-026,0,51,0,96,41,70
MPV-GEN-T1-N90-R02,laff,8,item-078,0,0,0,49,97,95
MPV-GEN-T1-N90-R02,laff,8,item-058,49,0,0,48,95,72
MPV-GEN-T1-N90-R02,laff,8,item-002,97,0,0,3,91,71
MPV-GEN-T1-N90-R02,laff,9,item-010,0,0,0,54,82,87
MPV-GEN-T1-N90-R02,laff,9,item-018,54,0,0,42,85,84
MPV-GEN-T1-N90-R02,laff,9,item-030,96,0,0,3,67,77
MPV-GEN-T1-N90-R02,laff,10,item-052,0,0,0,77,57,93
MPV-GEN-T1-N90-R02,laff,10,item-000,77,0,0,17,97,93
MPV-GEN-T1-N90-R02,laff,10,item-012,0,57,0,66,23,92
MPV-GEN-T1-N90-R02,laff,10,item-057,0,80,0,67,20,90
MPV-GEN-T1-N90-R02,laff,10,item-019,94,0,0,4,96,93
MPV-GEN-T1-N90-R02,laff,11,item-084,0,0,0,47,91,98
MPV-GEN-T1-N90-R02,laff,11,item-003,47,0,0,41,98,98
MPV-GEN-T1-N90-R02,laff,11,item-007,88,0,0,12,79,94
MPV-GEN-T1-N90-R02,laff,12,item-089,0,0,0,49,83,73
MPV-GEN-T1-N90-R02,laff,12,item-085,49,0,0,48,73,68
MPV-GEN-T1-N90-R02,laff,13,item-039,0,0,0,39,90,96
MPV-GEN-T1-N90-R02,laff,13,item-009,39,0,0,40,87,94
MPV-GEN-T1-N90-R02,laff,13,item-040,79,0,0,18,91,71
MPV-GEN-T1-N90-R02,laff,14,item-020,0,0,0,35,98,87
MPV-GEN-T1-N90-R02,laff,14,item-029,35,0,0,49,70,83
MPV-GEN-T1-N90-R02,laff,14,item-068,84,0,0,14,90,69
MPV-GEN-T1-N90-R02,laff,15,item-083,0,0,0,66,50,98
MPV-GEN-T1-N90-R02,laff,15,item-059,0,50,0,67,48,92
MPV-GEN-T1-N90-R02,laff,15,item-028,67,0,0,30,83,94
MPV-GEN-T1-N90-R02,laff,16,item-075,0,0,0,36,87,86
MPV-GEN-T1-N90-R02,laff,16,item-080,36,0,0,34,92,73
MPV-GEN-T1-N90-R02,laff,16,item-063,70,0,0,30,82,83
MPV-GEN-T1-N90-R02,laff,17,item-015,0,0,0,32,96,69
MPV-GEN-T1-N90-R02,laff,17,item-073,32,0,0,32,88,67
MPV-GEN-T1-N90-R02,laff,17,item-008,64,0,0,23,80,67
MPV-GEN-T1-N90-R02,laff,17,item-047,87,0,0,13,86,68
MPV-GEN-T1-N90-R02,laff,18,item-042,0,0,0,38,80,91
MPV-GEN-T1-N90-R02,laff,18,item-023,38,0,0,30,88,88
MPV-GEN-T1-N90-R02,laff,18,item-074,68,0,0,32,92,71
MPV-GEN-T1-N90-R02,laff,19,item-070,0,0,0,37,79,97
MPV-GEN-T1-N90-R02,laff,19,item-061,37,0,0,39,71,77
MPV-GEN-T1-N90-R02,laff,19,item-071,0,79,0,94,18,96
MPV-GEN-T1-N90-R02,laff,19,item-066,76,0,0,21,72,73
MPV-GEN-T1-N90-R02,laff,20,item-087,0,0,0,52,52,72
MPV-GEN-T1-N90-R02,laff,20,item-038,52,0,0,27,73,71
MPV-GEN-T1-N90-R02,laff,20,item-017,79,0,0,13,69,71
MPV-GEN-T1-N90-R02,laff,20,item-022,92,0,0,8,95,70
MPV-GEN-T1-N90-R02,laff,21,item-053,0,0,0,37,66,75
MPV-GEN-T1-N90-R02,laff,21,item-031,37,0,0,25,83,75
MPV-GEN-T1-N90-R02,laff,21,item-077,62,0,0,14,82,74
MPV-GEN-T1-N90-R02,laff,21,item-001,76,0,0,13,68,67
MPV-GEN-T1-N90-R02,laff,22,item-079,0,0,0,33,73,85
MPV-GEN-T1-N90-R02,laff,22,item-060,33,0,0,27,77,78
MPV-GEN-T1-N90-R02,laff,22,item-045,0,77,0,72,22,83
MPV-GEN-T1-N90-R02,laff,22,item-006,60,0,0,18,67,83
MPV-GEN-T1-N90-R02,laff,22,item-037,78,0,0,8,86,82
MPV-GEN-T1-N90-R02,laff,22,item-056,86,0,0,7,85,78
MPV-GEN-T1-N90-R02,laff,23,item-004,0,0,0,26,83,98
MPV-GEN-T1-N90-R02,laff,23,item-086,26,0,0,25,74,88
MPV-GEN-T1-N90-R02,laff,23,item-088,51,0,0,14,76,95
MPV-GEN-T1-N90-R02,laff,23,item-050,65,0,0,10,99,88
MPV-GEN-T1-N90-R02,laff,23,item-043,75,0,0,7,94,95
MPV-GEN-T1-N90-R02,laff,23,item-032,82,0,0,8,74,86
MPV-GEN-T1-N90-R02,laff,23,item-067,90,0,0,7,73,98
MPV-GEN-T1-N90-R02,laff,24,item-051,0,0,0,14,92,99
MPV-GEN-T1-N90-R02,laff,24,item-064,14,0,0,9,93,99
MPV-GEN-T1-N90-R02,laff,24,item-041,0,93,0,88,5,99
MPV-GEN-T1-N90-R02,laff,24,item-035,23,0,0,4,93,95
MPV-GEN-T1-N90-R03,laff,0,item-073,0,0,0,95,87,93
MPV-GEN-T1-N90-R03,laff,0,item-056,95,0,0,5,97,83
MPV-GEN-T1-N90-R03,laff,0,item-026,0,87,0,19,12,47
MPV-GEN-T1-N90-R03,laff,0,item-070,0,87,47,36,4,46
MPV-GEN-T1-N90-R03,laff,0,item-072,19,87,0,38,12,12
MPV-GEN-T1-N90-R03,laff,0,item-058,19,87,12,43,11,11
MPV-GEN-T1-N90-R03,laff,0,item-032,0,91,47,40,4,31
MPV-GEN-T1-N90-R03,laff,0,item-076,19,95,23,7,4,49
MPV-GEN-T1-N90-R03,laff,0,item-071,0,95,47,11,1,33
MPV-GEN-T1-N90-R03,laff,0,item-052,0,0,93,25,30,1
MPV-GEN-T1-N90-R03,laff,1,item-040,0,0,0,99,81,42
MPV-GEN-T1-N90-R03,laff,1,item-048,0,0,42,96,81,8
MPV-GEN-T1-N90-R03,laff,1,item-063,0,0,50,71,100,38
MPV-GEN-T1-N90-R03,laff,1,item-015,71,0,50,29,43,38
MPV-GEN-T1-N90-R03,laff,1,item-062,71,43,50,7,34,34
MPV-GEN-T1-N90-R03,laff,1,item-031,0,0,88,71,94,11
MPV-GEN-T1-N90-R03,laff,2,item-086,0,0,0,82,93,95
MPV-GEN-T1-N90-R03,laff,2,item-019,82,0,0,16,84,88
MPV-GEN-T1-N90-R03,laff,2,item-065,98,0,0,2,100,78
MPV-GEN-T1-N90-R03,laff,3,item-027,0,0,0,95,77,70
MPV-GEN-T1-N90-R03,laff,3,item-003,95,0,0,5,70,67
MPV-GEN-T1-N90-R03,laff,3,item-079,0,0,70,81,74,17
MPV-GEN-T1-N90-R03,laff,4,item-018,0,0,0,91,64,61
MPV-GEN-T1-N90-R03,laff,4,item-075,0,0,61,68,81,18
MPV-GEN-T1-N90-R03,laff,4,item-050,0,0,79,50,46,19
MPV-GEN-T1-N90-R03,laff,5,item-078,0,0,0,56,96,92
MPV-GEN-T1-N90-R03,laff,5,item-039,56,0,0,38,98,92
MPV-GEN-T1-N90-R03,laff,5,item-030,94,0,0,2,68,83
MPV-GEN-T1-N90-R03,laff,6,item-001,0,0,0,64,83,86
MPV-GEN-T1-N90-R03,laff,6,item-069,64,0,0,33,83,86
MPV-GEN-T1-N90-R03,laff,7,item-045,0,0,0,100,52,55
MPV-GEN-T1-N90-R03,laff,7,item-023,0,52,0,28,43,44
MPV-GEN-T1-N90-R03,laff,8,item-089,0,0,0,79,64,88
MPV-GEN-T1-N90-R03,laff,8,item-034,0,64,0,97,27,85
MPV-GEN-T1-N90-R03,laff,9,item-029,0,0,0,61,81,51
MPV-GEN-T1-N90-R03,laff,10,item-087,0,0,0,73,67,77
MPV-GEN-T1-N90-R03,laff,10,item-038,0,67,0,94,27,68
MPV-GEN-T1-N90-R03,laff,11,item-008,0,0,0,50,95,94
MPV-GEN-T1-N90-R03,laff,11,item-085,50,0,0,50,85,91
MPV-GEN-T1-N90-R03,laff,12,item-044,0,0,0,50,83,59
MPV-GEN-T1-N90-R03,laff,13,item-043,0,0,0,44,89,66
MPV-GEN-T1-N90-R03,laff,14,item-017,0,0,0,83,47,90
MPV-GEN-T1-N90-R03,laff,14,item-041,0,47,0,82,45,87
MPV-GEN-T1-N90-R03,laff,14,item-006,83,0,0,15,80,88
MPV-GEN-T1-N90-R03,laff,15,item-021,0,0,0,53,73,94
MPV-GEN-T1-N90-R03,laff,15,item-061,53,0,0,46,70,92
MPV-GEN-T1-N90-R03,laff,15,item-012,0,73,0,68,18,87
MPV-GEN-T1-N90-R03,laff,16,item-066,0,0,0,42,91,95
MPV-GEN-T1-N90-R03,laff,16,item-049,42,0,0,48,67,89
MPV-GEN-T1-N90-R03,laff,16,item-084,90,0,0,10,69,88
MPV-GEN-T1-N90-R03,laff,17,item-064,0,0,0,72,51,63
MPV-GEN-T1-N90-R03,laff,18,item-083,0,0,0,47,78,72
MPV-GEN-T1-N90-R03,laff,18,item-077,47,0,0,46,76,71
MPV-GEN-T1-N90-R03,laff,19,item-024,0,0,0,38,86,70
MPV-GEN-T1-N90-R03,laff,19,item-067,38,0,0,27,93,67
MPV-GEN-T1-N90-R03,laff,19,item-074,65,0,0,22,98,68
MPV-GEN-T1-N90-R03,laff,20,item-047,0,0,0,36,82,95
MPV-GEN-T1-N90-R03,laff,20,item-020,36,0,0,32,84,90
MPV-GEN-T1-N90-R03,laff,20,item-082,68,0,0,28,90,83
MPV-GEN-T1-N90-R03,laff,21,item-042,0,0,0,39,75,78
MPV-GEN-T1-N90-R03,laff,21,item-059,39,0,0,34,84,76
MPV-GEN-T1-N90-R03,laff,21,item-007,73,0,0,25,90,73
MPV-GEN-T1-N90-R03,laff,22,item-060,0,0,0,33,88,71
MPV-GEN-T1-N90-R03,laff,22,item-010,33,0,0,21,97,67
MPV-GEN-T1-N90-R03,laff,22,item-000,54,0,0,20,93,67
MPV-GEN-T1-N90-R03,laff,22,item-011,74,0,0,20,74,67
MPV-GEN-T1-N90-R03,laff,23,item-046,0,0,0,41,68,100
MPV-GEN-T1-N90-R03,laff,23,item-037,41,0,0,28,95,97
MPV-GEN-T1-N90-R03,laff,23,item-022,69,0,0,24,83,91
MPV-GEN-T1-N90-R03,laff,23,item-057,93,0,0,6,85,100
MPV-GEN-T1-N90-R03,laff,24,item-036,0,0,0,50,51,88
MPV-GEN-T1-N90-R03,laff,24,item-081,50,0,0,26,87,80
MPV-GEN-T1-N90-R03,laff,24,item-005,76,0,0,23,95,81
MPV-GEN-T1-N90-R03,laff,25,item-009,0,0,0,30,72,79
MPV-GEN-T1-N90-R03,laff,25,item-004,30,0,0,26,77,73
MPV-GEN-T1-N90-R03,laff,25,item-088,56,0,0,21,79,78
MPV-GEN-T1-N90-R03,laff,25,item-028,77,0,0,14,71,73
MPV-GEN-T1-N90-R03,laff,25,item-014,91,0,0,8,73,79
MPV-GEN-T1-N90-R03,laff,26,item-013,0,0,0,30,67,88
MPV-GEN-T1-N90-R03,laff,26,item-055,30,0,0,27,70,82
MPV-GEN-T1-N90-R03,laff,26,item-080,57,0,0,18,73,85
MPV-GEN-T1-N90-R03,laff,26,item-002,75,0,0,11,74,71
MPV-GEN-T1-N90-R03,laff,27,item-068,0,0,0,14,92,91
MPV-GEN-T1-N90-R03,laff,27,item-035,14,0,0,9,74,90
MPV-GEN-T1-N90-R03,laff,28,item-033,0,0,0,17,68,100
MPV-GEN-T1-N90-R03,laff,28,item-016,17,0,0,10,98,100
MPV-GEN-T1-N90-R03,laff,28,item-025,27,0,0,5,69,97
MPV-GEN-T1-N90-R03,laff,28,item-051,32,0,0,4,77,100
MPV-GEN-T1-N90-R03,laff,28,item-053,36,0,0,4,77,96
MPV-GEN-T1-N90-R03,laff,29,item-054,0,0,0,76,11,94
MPV-GEN-T1-N90-R04,laff,0,item-033,0,0,0,90,95,50
MPV-GEN-T1-N90-R04,laff,0,item-024,90,0,0,7,50,42
MPV-GEN-T1-N90-R04,laff,0,item-030,0,95,0,50,5,28
MPV-GEN-T1-N90-R04,laff,0,item-080,90,50,0,3,33,38
MPV-GEN-T1-N90-R04,laff,0,item-020,0,95,28,28,4,22
MPV-GEN-T1-N90-R04,laff,0,item-066,50,95,0,14,4,31
MPV-GEN-T1-N90-R04,laff,0,item-038,64,95,0,10,3,41
MPV-GEN-T1-N90-R04,laff,0,item-072,93,50,0,4,22,13
MPV-GEN-T1-N90-R04,laff,0,item-085,90,0,42,3,16,8
MPV-GEN-T1-N90-R04,laff,0,item-028,90,16,42,1,5,6
MPV-GEN-T1-N90-R04,laff,0,item-027,0,0,50,81,100,20
MPV-GEN-T1-N90-R04,laff,0,item-054,0,0,70,80,92,21
MPV-GEN-T1-N90-R04,laff,0,item-083,0,0,91,77,82,4
MPV-GEN-T1-N90-R04,laff,1,item-015,0,0,0,87,92,67
MPV-GEN-T1-N90-R04,laff,1,item-056,87,0,0,2,85,66
MPV-GEN-T1-N90-R04,laff,1,item-062,0,0,67,100,73,27
MPV-GEN-T1-N90-R04,laff,2,item-046,0,0,0,82,96,49
MPV-GEN-T1-N90-R04,laff,2,item-074,0,0,49,98,80,39
MPV-GEN-T1-N90-R04,laff,2,item-004,0,0,88,25,40,9
MPV-GEN-T1-N90-R04,laff,3,item-067,0,0,0,93,77,32
MPV-GEN-T1-N90-R04,laff,3,item-055,0,0,32,90,72,50
MPV-GEN-T1-N90-R04,laff,3,item-087,0,72,32,47,11,50
MPV-GEN-T1-N90-R04,laff,3,item-012,0,83,32,39,12,41
MPV-GEN-T1-N90-R04,laff,4,item-076,0,0,0,99,62,54
MPV-GEN-T1-N90-R04,laff,4,item-041,0,0,54,77,73,32
MPV-GEN-T1-N90-R04,laff,5,item-089,0,0,0,74,69,69
MPV-GEN-T1-N90-R04,laff,5,item-021,0,69,0,96,8,69
MPV-GEN-T1-N90-R04,laff,6,item-049,0,0,0,80,63,85
MPV-GEN-T1-N90-R04,laff,6,item-075,80,0,0,19,99,84
MPV-GEN-T1-N90-R04,laff,7,item-017,0,0,0,53,95,71
MPV-GEN-T1-N90-R04,laff,7,item-081,53,0,0,46,95,66
MPV-GEN-T1-N90-R04,laff,8,item-007,0,0,0,74,67,44
MPV-GEN-T1-N90-R04,laff,8,item-002,0,0,44,91,54,56
MPV-GEN-T1-N90-R04,laff,9,item-082,0,0,0,49,100,84
MPV-GEN-T1-N90-R04,laff,9,item-031,49,0,0,50,90,80
MPV-GEN-T1-N90-R04,laff,10,item-019,0,0,0,99,43,72
MPV-GEN-T1-N90-R04,laff,10,item-022,0,43,0,39,49,43
MPV-GEN-T1-N90-R04,laff,10,item-005,0,92,0,97,7,72
MPV-GEN-T1-N90-R04,laff,11,item-071,0,0,0,44,90,79
MPV-GEN-T1-N90-R04,laff,11,item-070,44,0,0,34,100,68
MPV-GEN-T1-N90-R04,laff,11,item-084,78,0,0,22,93,77
MPV-GEN-T1-N90-R04,laff,12,item-040,0,0,0,41,95,90
MPV-GEN-T1-N90-R04,laff,12,item-044,41,0,0,36,79,89
MPV-GEN-T1-N90-R04,laff,12,item-009,77,0,0,23,91,77
MPV-GEN-T1-N90-R04,laff,12,item-061,0,95,0,97,5,83
MPV-GEN-T1-N90-R04,laff,13,item-034,0,0,0,41,91,99
MPV-GEN-T1-N90-R04,laff,13,item-058,41,0,0,35,96,99
MPV-GEN-T1-N90-R04,laff,13,item-001,76,0,0,24,90,92
MPV-GEN-T1-N90-R04,laff,14,item-006,0,0,0,76,42,80
MPV-GEN-T1-N90-R04,laff,14,item-016,76,0,0,24,76,73
MPV-GEN-T1-N90-R04,laff,14,item-051,0,76,0,87,16,79
MPV-GEN-T1-N90-R04,laff,15,item-023,0,0,0,51,61,64
MPV-GEN-T1-N90-R04,laff,16,item-060,0,0,0,40,77,100
MPV-GEN-T1-N90-R04,laff,16,item-011,40,0,0,44,66,91
MPV-GEN-T1-N90-R04,laff,16,item-036,0,77,0,86,17,84
MPV-GEN-T1-N90-R04,laff,16,item-064,86,0,0,12,100,90
MPV-GEN-T1-N90-R04,laff,16,item-037,84,0,0,1,70,99
MPV-GEN-T1-N90-R04,laff,16,item-018,85,0,0,1,75,87
MPV-GEN-T1-N90-R04,laff,17,item-073,0,0,0,41,68,91
MPV-GEN-T1-N90-R04,laff,17,item-078,41,0,0,28,99,90
MPV-GEN-T1-N90-R04,laff,17,item-045,69,0,0,28,92,86
MPV-GEN-T1-N90-R04,laff,18,item-013,0,0,0,73,38,94
MPV-GEN-T1-N90-R04,laff,18,item-043,0,38,0,73,28,94
MPV-GEN-T1-N90-R04,laff,18,item-088,73,0,0,25,81,83
MPV-GEN-T1-N90-R04,laff,18,item-047,0,66,0,73,25,88
MPV-GEN-T1-N90-R04,laff,19,item-050,0,0,0,41,67,84
MPV-GEN-T1-N90-R04,laff,19,item-042,41,0,0,37,71,78
MPV-GEN-T1-N90-R04,laff,19,item-068,78,0,0,17,83,79
MPV-GEN-T1-N90-R04,laff,20,item-079,0,0,0,30,86,78
MPV-GEN-T1-N90-R04,laff,20,item-077,30,0,0,31,69,67
MPV-GEN-T1-N90-R04,laff,20,item-032,61,0,0,23,68,70
MPV-GEN-T1-N90-R04,laff,20,item-057,84,0,0,14,93,74
MPV-GEN-T1-N90-R04,laff,21,item-039,0,0,0,34,72,89
MPV-GEN-T1-N90-R04,laff,21,item-059,34,0,0,28,86,82
MPV-GEN-T1-N90-R04,laff,21,item-008,62,0,0,26,74,85
MPV-GEN-T1-N90-R04,laff,21,item-014,0,86,0,83,13,86
MPV-GEN-T1-N90-R04,laff,21,item-025,88,0,0,11,82,89
MPV-GEN-T1-N90-R04,laff,22,item-026,0,0,0,31,67,90
MPV-GEN-T1-N90-R04,laff,22,item-053,31,0,0,20,66,83
MPV-GEN-T1-N90-R04,laff,22,item-065,51,0,0,17,78,82
MPV-GEN-T1-N90-R04,laff,22,item-003,68,0,0,18,66,84
MPV-GEN-T1-N90-R04,laff,22,item-035,86,0,0,13,91,84
MPV-GEN-T1-N90-R04,laff,23,item-000,0,0,0,20,100,100
MPV-GEN-T1-N90-R04,laff,23,item-052,20,0,0,19,94,93
MPV-GEN-T1-N90-R04,laff,23,item-086,39,0,0,18,74,97
MPV-GEN-T1-N90-R04,laff,23,item-063,57,0,0,13,84,77
MPV-GEN-T1-N90-R04,laff,23,item-010,70,0,0,8,98,86
MPV-GEN-T1-N90-R04,laff,23,item-029,78,0,0,8,85,94
MPV-GEN-T1-N90-R04,laff,23,item-069,86,0,0,7,73,86
MPV-GEN-T1-N90-R04,laff,23,item-048,93,0,0,3,69,93
MPV-GEN-T1-N90-R05,laff,0,item-035,0,0,0,95,84,100
MPV-GEN-T1-N90-R05,laff,0,item-063,0,84,0,94,12,92
MPV-GEN-T1-N90-R05,laff,0,item-085,95,0,0,5,86,66
MPV-GEN-T1-N90-R05,laff,0,item-056,0,96,0,90,2,71
MPV-GEN-T1-N90-R05,laff,0,item-030,0,96,71,49,3,19
MPV-GEN-T1-N90-R05,laff,0,item-007,95,0,66,2,23,3
MPV-GEN-T1-N90-R05,laff,1,item-025,0,0,0,90,84,33
MPV-GEN-T1-N90-R05,laff,1,item-089,90,0,0,7,42,13
MPV-GEN-T1-N90-R05,laff,1,item-018,90,0,13,6,37,4
MPV-GEN-T1-N90-R05,laff,1,item-032,0,0,33,98,76,63
MPV-GEN-T1-N90-R05,laff,1,item-087,0,76,33,40,19,15
MPV-GEN-T1-N90-R05,laff,1,item-066,0,76,48,35,3,41
MPV-GEN-T1-N90-R05,laff,2,item-039,0,0,0,76,92,20
MPV-GEN-T1-N90-R05,laff,2,item-086,76,0,0,15,34,11
MPV-GEN-T1-N90-R05,laff,2,item-081,0,0,20,75,90,18
MPV-GEN-T1-N90-R05,laff,2,item-057,0,0,38,86,77,52
MPV-GEN-T1-N90-R05,laff,3,item-058,0,0,0,84,79,77
MPV-GEN-T1-N90-R05,laff,3,item-071,0,79,0,88,18,76
MPV-GEN-T1-N90-R05,laff,3,item-013,84,0,0,15,28,44
MPV-GEN-T1-N90-R05,laff,3,item-067,84,28,0,16,27,34
MPV-GEN-T1-N90-R05,laff,3,item-011,0,0,77,89,69,21
MPV-GEN-T1-N90-R05,laff,4,item-076,0,0,0,91,72,68
MPV-GEN-T1-N90-R05,laff,4,item-038,0,0,68,25,32,20
MPV-GEN-T1-N90-R05,laff,5,item-075,0,0,0,79,81,55
MPV-GEN-T1-N90-R05,laff,5,item-027,0,0,55,78,69,45
MPV-GEN-T1-N90-R05,laff,5,item-033,78,0,55,22,41,44
MPV-GEN-T1-N90-R05,laff,5,item-041,0,69,55,24,30,25
MPV-GEN-T1-N90-R05,laff,6,item-080,0,0,0,92,68,95
MPV-GEN-T1-N90-R05,laff,6,item-016,0,68,0,71,20,82
MPV-GEN-T1-N90-R05,laff,6,item-061,0,88,0,89,9,75
MPV-GEN-T1-N90-R05,laff,6,item-031,92,0,0,6,82,92
MPV-GEN-T1-N90-R05,laff,6,item-034,98,0,0,1,86,77
MPV-GEN-T1-N90-R05,laff,7,item-042,0,0,0,98,63,95
MPV-GEN-T1-N90-R05,laff,7,item-015,0,63,0,92,36,74
MPV-GEN-T1-N90-R05,laff,8,item-040,0,0,0,95,62,97
MPV-GEN-T1-N90-R05,laff,8,item-074,95,0,0,3,98,86
MPV-GEN-T1-N90-R05,laff,9,item-054,0,0,0,73,72,49
MPV-GEN-T1-N90-R05,laff,9,item-017,0,0,49,46,50,48
MPV-GEN-T1-N90-R05,laff,10,item-022,0,0,0,87,59,73
MPV-GEN-T1-N90-R05,laff,10,item-020,0,59,0,90,40,73
MPV-GEN-T1-N90-R05,laff,11,item-062,0,0,0,77,65,53
MPV-GEN-T1-N90-R05,laff,12,item-043,0,0,0,98,51,64
MPV-GEN-T1-N90-R05,laff,13,item-010,0,0,0,44,98,71
MPV-GEN-T1-N90-R05,laff,13,item-019,44,0,0,41,96,67
MPV-GEN-T1-N90-R05,laff,13,item-012,85,0,0,14,95,66
MPV-GEN-T1-N90-R05,laff,14,item-023,0,0,0,93,46,70
MPV-GEN-T1-N90-R05,laff,15,item-060,0,0,0,46,88,93
MPV-GEN-T1-N90-R05,laff,15,item-046,46,0,0,42,88,84
MPV-GEN-T1-N90-R05,laff,15,item-006,88,0,0,10,70,85
MPV-GEN-T1-N90-R05,laff,16,item-048,0,0,0,66,58,54
MPV-GEN-T1-N90-R05,laff,17,item-028,0,0,0,54,69,64
MPV-GEN-T1-N90-R05,laff,18,item-024,0,0,0,64,57,99
MPV-GEN-T1-N90-R05,laff,18,item-005,64,0,0,32,92,99
MPV-GEN-T1-N90-R05,laff,19,item-008,0,0,0,73,49,77
MPV-GEN-T1-N90-R05,laff,19,item-059,73,0,0,25,87,66
MPV-GEN-T1-N90-R05,laff,20,item-049,0,0,0,45,79,75
MPV-GEN-T1-N90-R05,laff,20,item-053,45,0,0,35,89,69
MPV-GEN-T1-N90-R05,laff,20,item-055,80,0,0,20,98,69
MPV-GEN-T1-N90-R05,laff,21,item-037,0,0,0,64,54,90
MPV-GEN-T1-N90-R05,laff,21,item-065,64,0,0,31,80,87
MPV-GEN-T1-N90-R05,laff,22,item-014,0,0,0,37,91,92
MPV-GEN-T1-N90-R05,laff,22,item-021,37,0,0,42,76,91
MPV-GEN-T1-N90-R05,laff,22,item-073,79,0,0,20,99,80
MPV-GEN-T1-N90-R05,laff,23,item-078,0,0,0,42,77,88
MPV-GEN-T1-N90-R05,laff,23,item-064,42,0,0,40,69,79
MPV-GEN-T1-N90-R05,laff,23,item-052,82,0,0,16,99,78
MPV-GEN-T1-N90-R05,laff,24,item-026,0,0,0,42,76,89
MPV-GEN-T1-N90-R05,laff,24,item-003,42,0,0,32,73,88
MPV-GEN-T1-N90-R05,laff,24,item-002,74,0,0,26,76,82
MPV-GEN-T1-N90-R05,laff,25,item-070,0,0,0,35,87,94
MPV-GEN-T1-N90-R05,laff,25,item-047,35,0,0,31,96,92
MPV-GEN-T1-N90-R05,laff,25,item-004,66,0,0,25,99,94
MPV-GEN-T1-N90-R05,laff,26,item-036,0,0,0,32,91,97
MPV-GEN-T1-N90-R05,laff,26,item-069,32,0,0,32,87,97
MPV-GEN-T1-N90-R05,laff,26,item-084,64,0,0,35,83,67
MPV-GEN-T1-N90-R05,laff,27,item-051,0,0,0,37,69,92
MPV-GEN-T1-N90-R05,laff,27,item-001,37,0,0,29,78,76
MPV-GEN-T1-N90-R05,laff,27,item-088,66,0,0,30,84,66
MPV-GEN-T1-N90-R05,laff,28,item-079,0,0,0,28,87,98
MPV-GEN-T1-N90-R05,laff,28,item-050,28,0,0,31,69,70
MPV-GEN-T1-N90-R05,laff,28,item-072,59,0,0,21,91,75
MPV-GEN-T1-N90-R05,laff,28,item-082,80,0,0,19,76,98
MPV-GEN-T1-N90-R05,laff,29,item-083,0,0,0,26,85,100
MPV-GEN-T1-N90-R05,laff,29,item-044,26,0,0,17,94,99
MPV-GEN-T1-N90-R05,laff,29,item-068,43,0,0,17,85,89
MPV-GEN-T1-N90-R05,laff,29,item-000,60,0,0,23,73,74
MPV-GEN-T1-N90-R05,laff,29,item-077,83,0,0,13,98,87
MPV-GEN-T1-N90-R05,laff,30,item-045,0,0,0,17,79,81
MPV-GEN-T1-N90-R05,laff,31,item-029,0,0,0,11,99,94
MPV-GEN-T1-N90-R05,laff,32,item-009,0,0,0,13,76,97
MPV-GEN-T1-N90-R06,laff,0,item-029,0,0,0,95,100,10
MPV-GEN-T1-N90-R06,laff,0,item-023,0,0,10,72,97,42
MPV-GEN-T1-N90-R06,laff,0,item-078,72,0,10,9,24,30
MPV-GEN-T1-N90-R06,laff,0,item-089,72,24,10,9,39,16
MPV-GEN-T1-N90-R06,laff,0,item-017,72,24,26,7,50,16
MPV-GEN-T1-N90-R06,laff,0,item-069,79,24,26,6,45,17
MPV-GEN-T1-N90-R06,laff,0,item-001,0,0,52,83,77,29
MPV-GEN-T1-N90-R06,laff,0,item-049,0,77,52,44,7,26
MPV-GEN-T1-N90-R06,laff,0,item-035,0,0,81,79,77,10
MPV-GEN-T1-N90-R06,laff,0,item-061,0,0,91,80,69,4
MPV-GEN-T1-N90-R06,laff,1,item-056,0,0,0,89,71,78
MPV-GEN-T1-N90-R06,laff,1,item-004,0,71,0,76,27,70
MPV-GEN-T1-N90-R06,laff,1,item-018,89,0,0,10,88,78
MPV-GEN-T1-N90-R06,laff,1,item-016,76,71,0,7,18,50
MPV-GEN-T1-N90-R06,laff,1,item-042,0,0,78,71,85,18
MPV-GEN-T1-N90-R06,laff,2,item-062,0,0,0,69,89,70
MPV-GEN-T1-N90-R06,laff,2,item-008,69,0,0,29,68,68
MPV-GEN-T1-N90-R06,laff,2,item-077,0,0,70,78,68,23
MPV-GEN-T1-N90-R06,laff,3,item-066,0,0,0,82,74,96
MPV-GEN-T1-N90-R06,laff,3,item-026,0,74,0,94,21,87
MPV-GEN-T1-N90-R06,laff,3,item-064,82,0,0,17,72,81
MPV-GEN-T1-N90-R06,laff,3,item-080,0,95,0,79,4,88
MPV-GEN-T1-N90-R06,laff,3,item-053,99,0,0,1,78,79
MPV-GEN-T1-N90-R06,laff,4,item-037,0,0,0,67,89,43
MPV-GEN-T1-N90-R06,laff,4,item-054,0,0,43,100,57,55
MPV-GEN-T1-N90-R06,laff,4,item-088,0,57,43,36,38,33
MPV-GEN-T1-N90-R06,laff,4,item-076,36,57,43,21,33,49
MPV-GEN-T1-N90-R06,laff,4,item-011,57,57,43,43,18,35
MPV-GEN-T1-N90-R06,laff,5,item-068,0,0,0,74,79,78
MPV-GEN-T1-N90-R06,laff,5,item-000,74,0,0,25,68,72
MPV-GEN-T1-N90-R06,laff,5,item-028,0,79,0,82,20,66
MPV-GEN-T1-N90-R06,laff,6,item-039,0,0,0,80,71,98
MPV-GEN-T1-N90-R06,laff,6,item-057,0,71,0,68,26,93
MPV-GEN-T1-N90-R06,laff,6,item-059,80,0,0,19,77,72
MPV-GEN-T1-N90-R06,laff,7,item-071,0,0,0,62,87,62
MPV-GEN-T1-N90-R06,laff,8,item-074,0,0,0,51,94,62
MPV-GEN-T1-N90-R06,laff,9,item-027,0,0,0,97,49,71
MPV-GEN-T1-N90-R06,laff,9,item-022,0,49,0,80,46,71
MPV-GEN-T1-N90-R06,laff,10,item-036,0,0,0,50,89,99
MPV-GEN-T1-N90-R06,laff,10,item-041,50,0,0,49,88,95
MPV-GEN-T1-N90-R06,laff,10,item-046,0,89,0,81,11,88
MPV-GEN-T1-N90-R06,laff,11,item-063,0,0,0,48,86,83
MPV-GEN-T1-N90-R06,laff,11,item-073,48,0,0,48,71,80
MPV-GEN-T1-N90-R06,laff,11,item-075,96,0,0,2,88,82
MPV-GEN-T1-N90-R06,laff,12,item-043,0,0,0,49,84,93
MPV-GEN-T1-N90-R06,laff,12,item-065,49,0,0,46,81,91
MPV-GEN-T1-N90-R06,laff,12,item-019,95,0,0,4,85,86
MPV-GEN-T1-N90-R06,laff,13,item-030,0,0,0,72,56,59
MPV-GEN-T1-N90-R06,laff,14,item-033,0,0,0,50,78,94
MPV-GEN-T1-N90-R06,laff,14,item-084,50,0,0,47,72,91
MPV-GEN-T1-N90-R06,laff,14,item-047,97,0,0,3,79,85
MPV-GEN-T1-N90-R06,laff,15,item-044,0,0,0,45,85,98
MPV-GEN-T1-N90-R06,laff,15,item-012,45,0,0,40,94,97
MPV-GEN-T1-N90-R06,laff,15,item-040,85,0,0,14,87,86
MPV-GEN-T1-N90-R06,laff,16,item-067,0,0,0,37,93,69
MPV-GEN-T1-N90-R06,laff,16,item-032,37,0,0,36,85,66
MPV-GEN-T1-N90-R06,laff,16,item-007,73,0,0,16,78,66
MPV-GEN-T1-N90-R06,laff,17,item-082,0,0,0,40,86,99
MPV-GEN-T1-N90-R06,laff,17,item-003,40,0,0,47,69,93
MPV-GEN-T1-N90-R06,laff,17,item-034,87,0,0,10,82,91
MPV-GEN-T1-N90-R06,laff,17,item-060,97,0,0,3,77,87
MPV-GEN-T1-N90-R06,laff,18,item-002,0,0,0,35,95,81
MPV-GEN-T1-N90-R06,laff,18,item-070,35,0,0,33,98,74
MPV-GEN-T1-N90-R06,laff,18,item-087,68,0,0,32,88,79
MPV-GEN-T1-N90-R06,laff,19,item-081,0,0,0,33,98,86
MPV-GEN-T1-N90-R06,laff,19,item-083,33,0,0,53,53,86
MPV-GEN-T1-N90-R06,laff,19,item-052,86,0,0,10,80,85
MPV-GEN-T1-N90-R06,laff,20,item-038,0,0,0,41,78,93
MPV-GEN-T1-N90-R06,laff,20,item-005,41,0,0,36,84,90
MPV-GEN-T1-N90-R06,laff,20,item-058,77,0,0,22,97,79
MPV-GEN-T1-N90-R06,laff,21,item-045,0,0,0,92,34,89
MPV-GEN-T1-N90-R06,laff,21,item-024,0,34,0,72,39,78
MPV-GEN-T1-N90-R06,laff,21,item-085,92,0,0,6,87,76
MPV-GEN-T1-N90-R06,laff,22,item-010,0,0,0,29,99,90
MPV-GEN-T1-N90-R06,laff,22,item-072,29,0,0,37,69,86
MPV-GEN-T1-N90-R06,laff,22,item-014,66,0,0,27,76,87
MPV-GEN-T1-N90-R06,laff,22,item-006,93,0,0,6,82,77
MPV-GEN-T1-N90-R06,laff,23,item-086,0,0,0,76,37,94
MPV-GEN-T1-N90-R06,laff,23,item-050,76,0,0,22,82,80
MPV-GEN-T1-N90-R06,laff,24,item-079,0,0,0,27,99,94
MPV-GEN-T1-N90-R06,laff,24,item-051,27,0,0,30,88,94
MPV-GEN-T1-N90-R06,laff,24,item-013,57,0,0,33,79,93
MPV-GEN-T1-N90-R06,laff,25,item-021,0,0,0,27,98,100
MPV-GEN-T1-N90-R06,laff,25,item-025,27,0,0,26,97,95
MPV-GEN-T1-N90-R06,laff,25,item-048,53,0,0,32,79,93
MPV-GEN-T1-N90-R06,laff,25,item-009,85,0,0,6,95,95
MPV-GEN-T1-N90-R06,laff,26,item-031,0,0,0,35,71,79
MPV-GEN-T1-N90-R06,laff,26,item-015,35,0,0,18,67,67
MPV-GEN-T1-N90-R06,laff,27,item-020,0,0,0,21,90,100
MPV-GEN-T1-N90-R06,laff,28,item-055,0,0,0,83,20,97
MPV-GEN-T1-N90-R07,laff,0,item-084,0,0,0,100,97,31
MPV-GEN-T1-N90-R07,laff,0,item-032,0,0,31,93,100,41
MPV-GEN-T1-N90-R07,laff,0,item-075,0,0,72,99,82,22
MPV-GEN-T1-N90-R07,laff,0,item-003,0,82,72,11,11,9
MPV-GEN-T1-N90-R07,laff,0,item-069,0,0,94,71,91,1
MPV-GEN-T1-N90-R07,laff,0,item-026,71,0,94,17,42,1
MPV-GEN-T1-N90-R07,laff,0,item-058,0,0,95,17,43,3
MPV-GEN-T1-N90-R07,laff,1,item-039,0,0,0,90,100,77
MPV-GEN-T1-N90-R07,laff,1,item-082,90,0,0,10,97,66
MPV-GEN-T1-N90-R07,laff,1,item-052,0,0,77,77,85,13
MPV-GEN-T1-N90-R07,laff,1,item-014,77,0,77,18,37,8
MPV-GEN-T1-N90-R07,laff,1,item-062,77,37,77,19,42,6
MPV-GEN-T1-N90-R07,laff,1,item-056,0,0,90,47,27,7
MPV-GEN-T1-N90-R07,laff,2,item-047,0,0,0,100,87,81
MPV-GEN-T1-N90-R07,laff,2,item-006,0,87,0,88,10,70
MPV-GEN-T1-N90-R07,laff,2,item-066,0,97,0,68,2,67
MPV-GEN-T1-N90-R07,laff,2,item-010,0,0,81,15,19,17
MPV-GEN-T1-N90-R07,laff,3,item-033,0,0,0,93,83,67
MPV-GEN-T1-N90-R07,laff,3,item-061,0,0,67,84,68,21
MPV-GEN-T1-N90-R07,laff,4,item-088,0,0,0,78,90,88
MPV-GEN-T1-N90-R07,laff,4,item-016,78,0,0,22,82,87
MPV-GEN-T1-N90-R07,laff,5,item-079,0,0,0,78,77,41
MPV-GEN-T1-N90-R07,laff,5,item-059,78,0,0,16,28,41
MPV-GEN-T1-N90-R07,laff,5,item-068,0,0,41,73,78,39
MPV-GEN-T1-N90-R07,laff,6,item-045,0,0,0,72,80,63
MPV-GEN-T1-N90-R07,laff,6,item-042,0,0,63,70,68,22
MPV-GEN-T1-N90-R07,laff,7,item-076,0,0,0,66,75,47
MPV-GEN-T1-N90-R07,laff,7,item-070,66,0,0,32,28,40
MPV-GEN-T1-N90-R07,laff,8,item-073,0,0,0,66,74,54
MPV-GEN-T1-N90-R07,laff,9,item-085,0,0,0,98,47,99
MPV-GEN-T1-N90-R07,laff,9,item-081,0,47,0,68,53,88
MPV-GEN-T1-N90-R07,laff,9,item-013,98,0,0,2,94,98
MPV-GEN-T1-N90-R07,laff,10,item-009,0,0,0,48,80,80
MPV-GEN-T1-N90-R07,laff,10,item-001,48,0,0,38,100,66
MPV-GEN-T1-N90-R07,laff,10,item-021,86,0,0,13,96,75
MPV-GEN-T1-N90-R07,laff,11,item-049,0,0,0,42,91,96
MPV-GEN-T1-N90-R07,laff,11,item-005,42,0,0,41,89,94
MPV-GEN-T1-N90-R07,laff,11,item-012,83,0,0,17,94,92
MPV-GEN-T1-N90-R07,laff,12,item-064,0,0,0,93,41,70
MPV-GEN-T1-N90-R07,laff,12,item-030,0,41,0,66,46,70
MPV-GEN-T1-N90-R07,laff,13,item-034,0,0,0,70,54,90
MPV-GEN-T1-N90-R07,laff,13,item-002,0,54,0,96,33,81
MPV-GEN-T1-N90-R07,laff,14,item-071,0,0,0,45,75,94
MPV-GEN-T1-N90-R07,laff,14,item-046,45,0,0,41,73,91
MPV-GEN-T1-N90-R07,laff,14,item-067,0,75,0,82,18,73
MPV-GEN-T1-N90-R07,laff,14,item-055,86,0,0,13,68,91
MPV-GEN-T1-N90-R07,laff,15,item-074,0,0,0,32,98,69
MPV-GEN-T1-N90-R07,laff,15,item-022,32,0,0,36,84,69
MPV-GEN-T1-N90-R07,laff,15,item-023,68,0,0,20,99,66
MPV-GEN-T1-N90-R07,laff,15,item-050,88,0,0,12,84,66
MPV-GEN-T1-N90-R07,laff,16,item-048,0,0,0,47,66,99
MPV-GEN-T1-N90-R07,laff,16,item-027,0,66,0,94,31,96
MPV-GEN-T1-N90-R07,laff,16,item-072,94,0,0,4,95,96
MPV-GEN-T1-N90-R07,laff,17,item-077,0,0,0,30,97,80
MPV-GEN-T1-N90-R07,laff,17,item-035,30,0,0,31,93,80
MPV-GEN-T1-N90-R07,laff,17,item-007,61,0,0,31,89,80
MPV-GEN-T1-N90-R07,laff,17,item-028,92,0,0,8,83,80
MPV-GEN-T1-N90-R07,laff,18,item-057,0,0,0,42,68,68
MPV-GEN-T1-N90-R07,laff,19,item-043,0,0,0,34,79,87
MPV-GEN-T1-N90-R07,laff,19,item-025,34,0,0,35,76,74
MPV-GEN-T1-N90-R07,laff,19,item-044,69,0,0,24,100,73
MPV-GEN-T1-N90-R07,laff,19,item-083,93,0,0,5,69,81
MPV-GEN-T1-N90-R07,laff,20,item-087,0,0,0,27,81,72
MPV-GEN-T1-N90-R07,laff,20,item-051,27,0,0,22,73,72
MPV-GEN-T1-N90-R07,laff,20,item-029,49,0,0,20,79,70
MPV-GEN-T1-N90-R07,laff,20,item-054,69,0,0,10,78,69
MPV-GEN-T1-N90-R07,laff,20,item-086,79,0,0,8,79,70
MPV-GEN-T1-N90-R07,laff,21,item-000,0,0,0,28,76,81
MPV-GEN-T1-N90-R07,laff,21,item-004,28,0,0,24,86,80
MPV-GEN-T1-N90-R07,laff,21,item-036,52,0,0,21,88,77
MPV-GEN-T1-N90-R07,laff,21,item-018,73,0,0,15,100,80
MPV-GEN-T1-N90-R07,laff,21,item-060,88,0,0,11,88,80
MPV-GEN-T1-N90-R07,laff,22,item-040,0,0,0,27,77,90
MPV-GEN-T1-N90-R07,laff,22,item-041,27,0,0,23,83,83
MPV-GEN-T1-N90-R07,laff,22,item-078,50,0,0,23,67,83
MPV-GEN-T1-N90-R07,laff,22,item-015,73,0,0,15,97,73
MPV-GEN-T1-N90-R07,laff,22,item-031,88,0,0,11,82,88
MPV-GEN-T1-N90-R07,laff,23,item-020,0,0,0,20,99,91
MPV-GEN-T1-N90-R07,laff,23,item-019,20,0,0,71,18,81
MPV-GEN-T1-N90-R07,laff,23,item-038,91,0,0,8,100,90
MPV-GEN-T1-N90-R07,laff,23,item-024,20,18,0,8,79,84
MPV-GEN-T1-N90-R07,laff,24,item-011,0,0,0,18,99,95
MPV-GEN-T1-N90-R07,laff,24,item-017,18,0,0,17,88,93
MPV-GEN-T1-N90-R07,laff,24,item-008,35,0,0,4,83,95
MPV-GEN-T1-N90-R07,laff,25,item-053,0,0,0,16,89,100
MPV-GEN-T1-N90-R07,laff,25,item-037,16,0,0,14,98,96
MPV-GEN-T1-N90-R07,laff,25,item-089,30,0,0,12,90,98
MPV-GEN-T1-N90-R07,laff,25,item-063,42,0,0,14,69,98
MPV-GEN-T1-N90-R07,laff,25,item-065,56,0,0,10,95,96
MPV-GEN-T1-N90-R07,laff,25,item-080,66,0,0,8,68,100
MPV-GEN-T1-N90-R08,laff,0,item-038,0,0,0,89,98,3
MPV-GEN-T1-N90-R08,laff,0,item-030,0,0,3,94,88,40
MPV-GEN-T1-N90-R08,laff,0,item-026,0,88,3,27,10,37
MPV-GEN-T1-N90-R08,laff,0,item-052,27,88,3,3,4,17
MPV-GEN-T1-N90-R08,laff,0,item-020,0,0,43,91,86,30
MPV-GEN-T1-N90-R08,laff,0,item-062,0,0,73,97,78,1
MPV-GEN-T1-N90-R08,laff,0,item-083,0,0,74,88,73,16
MPV-GEN-T1-N90-R08,laff,0,item-003,0,0,90,66,72,4
MPV-GEN-T1-N90-R08,laff,0,item-008,0,0,94,30,42,6
MPV-GEN-T1-N90-R08,laff,1,item-010,0,0,0,77,100,41
MPV-GEN-T1-N90-R08,laff,1,item-050,0,0,41,88,85,48
MPV-GEN-T1-N90-R08,laff,1,item-067,0,85,41,28,12,48
MPV-GEN-T1-N90-R08,laff,2,item-040,0,0,0,95,80,97
MPV-GEN-T1-N90-R08,laff,2,item-077,0,80,0,90,20,76
MPV-GEN-T1-N90-R08,laff,2,item-006,95,0,0,1,72,74
MPV-GEN-T1-N90-R08,laff,2,item-022,96,0,0,1,73,66
MPV-GEN-T1-N90-R08,laff,3,item-055,0,0,0,76,93,34
MPV-GEN-T1-N90-R08,laff,3,item-086,0,0,34,74,85,18
MPV-GEN-T1-N90-R08,laff,3,item-048,0,0,52,66,89,16
MPV-GEN-T1-N90-R08,laff,3,item-007,0,0,68,83,66,28
MPV-GEN-T1-N90-R08,laff,4,item-044,0,0,0,56,98,79
MPV-GEN-T1-N90-R08,laff,4,item-012,56,0,0,43,93,76
MPV-GEN-T1-N90-R08,laff,4,item-025,0,0,79,41,42,21
MPV-GEN-T1-N90-R08,laff,5,item-059,0,0,0,67,80,27
MPV-GEN-T1-N90-R08,laff,5,item-049,0,0,27,92,54,50
MPV-GEN-T1-N90-R08,laff,6,item-076,0,0,0,70,74,87
MPV-GEN-T1-N90-R08,laff,6,item-017,70,0,0,30,98,76
MPV-GEN-T1-N90-R08,laff,6,item-042,0,74,0,68,24,75
MPV-GEN-T1-N90-R08,laff,7,item-057,0,0,0,50,99,77
MPV-GEN-T1-N90-R08,laff,7,item-047,50,0,0,46,93,70
MPV-GEN-T1-N90-R08,laff,8,item-002,0,0,0,50,97,80
MPV-GEN-T1-N90-R08,laff,8,item-066,50,0,0,48,90,78
MPV-GEN-T1-N90-R08,laff,9,item-084,0,0,0,81,53,95
MPV-GEN-T1-N90-R08,laff,9,item-088,0,53,0,75,43,83
MPV-GEN-T1-N90-R08,laff,9,item-087,81,0,0,19,98,76
MPV-GEN-T1-N90-R08,laff,10,item-028,0,0,0,45,95,93
MPV-GEN-T1-N90-R08,laff,10,item-041,45,0,0,46,91,93
MPV-GEN-T1-N90-R08,laff,10,item-058,91,0,0,9,98,71
MPV-GEN-T1-N90-R08,laff,11,item-013,0,0,0,85,50,69
MPV-GEN-T1-N90-R08,laff,11,item-015,85,0,0,11,70,66
MPV-GEN-T1-N90-R08,laff,12,item-019,0,0,0,64,66,99
MPV-GEN-T1-N90-R08,laff,12,item-035,64,0,0,35,98,74
MPV-GEN-T1-N90-R08,laff,13,item-001,0,0,0,42,99,84
MPV-GEN-T1-N90-R08,laff,13,item-021,42,0,0,48,83,84
MPV-GEN-T1-N90-R08,laff,13,item-073,90,0,0,7,74,69
MPV-GEN-T1-N90-R08,laff,14,item-056,0,0,0,46,85,100
MPV-GEN-T1-N90-R08,laff,14,item-016,46,0,0,38,95,95
MPV-GEN-T1-N90-R08,laff,14,item-089,84,0,0,14,92,71
MPV-GEN-T1-N90-R08,laff,15,item-054,0,0,0,42,92,66
MPV-GEN-T1-N90-R08,laff,16,item-009,0,0,0,39,99,78
MPV-GEN-T1-N90-R08,laff,16,item-080,39,0,0,43,85,78
MPV-GEN-T1-N90-R08,laff,16,item-060,82,0,0,18,77,74
MPV-GEN-T1-N90-R08,laff,17,item-005,0,0,0,47,81,85
MPV-GEN-T1-N90-R08,laff,17,item-045,47,0,0,38,89,80
MPV-GEN-T1-N90-R08,laff,18,item-051,0,0,0,55,67,82
MPV-GEN-T1-N90-R08,laff,18,item-046,55,0,0,42,66,72
MPV-GEN-T1-N90-R08,laff,18,item-078,0,67,0,83,21,80
MPV-GEN-T1-N90-R08,laff,19,item-061,0,0,0,61,59,96
MPV-GEN-T1-N90-R08,laff,19,item-070,61,0,0,30,84,92
MPV-GEN-T1-N90-R08,laff,19,item-033,91,0,0,7,96,90
MPV-GEN-T1-N90-R08,laff,19,item-043,0,84,0,73,8,92
MPV-GEN-T1-N90-R08,laff,20,item-036,0,0,0,41,86,91
MPV-GEN-T1-N90-R08,laff,20,item-053,41,0,0,32,78,87
MPV-GEN-T1-N90-R08,laff,20,item-004,73,0,0,25,79,91
MPV-GEN-T1-N90-R08,laff,21,item-032,0,0,0,49,67,97
MPV-GEN-T1-N90-R08,laff,21,item-011,0,67,0,77,33,84
MPV-GEN-T1-N90-R08,laff,21,item-079,77,0,0,22,77,87
MPV-GEN-T1-N90-R08,laff,22,item-075,0,0,0,35,77,68
MPV-GEN-T1-N90-R08,laff,23,item-031,0,0,0,68,39,75
MPV-GEN-T1-N90-R08,laff,23,item-039,68,0,0,22,83,75
MPV-GEN-T1-N90-R08,laff,24,item-037,0,0,0,35,73,75
MPV-GEN-T1-N90-R08,laff,24,item-064,35,0,0,22,79,72
MPV-GEN-T1-N90-R08,laff,24,item-029,57,0,0,22,80,69
MPV-GEN-T1-N90-R08,laff,24,item-072,79,0,0,20,73,72
MPV-GEN-T1-N90-R08,laff,25,item-071,0,0,0,28,89,80
MPV-GEN-T1-N90-R08,laff,25,item-000,28,0,0,28,83,79
MPV-GEN-T1-N90-R08,laff,25,item-063,56,0,0,31,76,77
MPV-GEN-T1-N90-R08,laff,26,item-065,0,0,0,25,96,100
MPV-GEN-T1-N90-R08,laff,26,item-069,25,0,0,70,34,96
MPV-GEN-T1-N90-R08,laff,26,item-034,25,34,0,72,26,83
MPV-GEN-T1-N90-R08,laff,27,item-082,0,0,0,31,72,79
MPV-GEN-T1-N90-R08,laff,27,item-024,31,0,0,27,68,79
MPV-GEN-T1-N90-R08,laff,28,item-074,0,0,0,23,68,90
MPV-GEN-T1-N90-R08,laff,28,item-023,23,0,0,17,90,88
MPV-GEN-T1-N90-R08,laff,28,item-068,40,0,0,21,69,87
MPV-GEN-T1-N90-R08,laff,28,item-018,61,0,0,19,78,81
MPV-GEN-T1-N90-R08,laff,28,item-085,80,0,0,11,88,86
MPV-GEN-T1-N90-R08,laff,29,item-081,0,0,0,20,78,94
MPV-GEN-T1-N90-R08,laff,30,item-027,0,0,0,20,71,97
MPV-GEN-T1-N90-R08,laff,31,item-014,0,0,0,6,94,100
MPV-GEN-T1-N90-R09,laff,0,item-043,0,0,0,94,95,85
MPV-GEN-T1-N90-R09,laff,0,item-071,0,95,0,77,2,77
MPV-GEN-T1-N90-R09,laff,0,item-078,94,0,0,2,69,78
MPV-GEN-T1-N90-R09,laff,0,item-088,96,0,0,2,71,66
MPV-GEN-T1-N90-R09,laff,0,item-082,98,0,0,1,83,81
MPV-GEN-T1-N90-R09,laff,0,item-086,99,0,0,1,67,67
MPV-GEN-T1-N90-R09,laff,0,item-001,0,0,85,89,87,1
MPV-GEN-T1-N90-R09,laff,0,item-021,0,0,86,34,44,14
MPV-GEN-T1-N90-R09,laff,1,item-061,0,0,0,91,91,94
MPV-GEN-T1-N90-R09,laff,1,item-055,91,0,0,8,96,78
MPV-GEN-T1-N90-R09,laff,1,item-065,0,91,0,84,8,70
MPV-GEN-T1-N90-R09,laff,1,item-081,0,91,70,39,8,18
MPV-GEN-T1-N90-R09,laff,2,item-012,0,0,0,88,93,41
MPV-GEN-T1-N90-R09,laff,2,item-007,88,0,0,8,27,35
MPV-GEN-T1-N90-R09,laff,2,item-002,88,27,0,8,30,22
MPV-GEN-T1-N90-R09,laff,2,item-085,0,0,41,93,88,19
MPV-GEN-T1-N90-R09,laff,2,item-044,0,0,60,81,94,35
MPV-GEN-T1-N90-R09,laff,2,item-011,81,0,60,17,41,29
MPV-GEN-T1-N90-R09,laff,3,item-062,0,0,0,94,83,93
MPV-GEN-T1-N90-R09,laff,3,item-059,0,83,0,77,11,81
MPV-GEN-T1-N90-R09,laff,3,item-037,94,0,0,5,82,90
MPV-GEN-T1-N90-R09,laff,4,item-005,0,0,0,83,94,80
MPV-GEN-T1-N90-R09,laff,4,item-089,83,0,0,17,93,78
MPV-GEN-T1-N90-R09,laff,4,item-025,0,0,80,70,91,17
MPV-GEN-T1-N90-R09,laff,5,item-031,0,0,0,80,94,69
MPV-GEN-T1-N90-R09,laff,5,item-036,80,0,0,10,85,69
MPV-GEN-T1-N90-R09,laff,6,item-076,0,0,0,88,84,76
MPV-GEN-T1-N90-R09,laff,6,item-015,88,0,0,8,100,72
MPV-GEN-T1-N90-R09,laff,6,item-016,0,84,0,68,12,69
MPV-GEN-T1-N90-R09,laff,7,item-003,0,0,0,67,100,89
MPV-GEN-T1-N90-R09,laff,7,item-000,67,0,0,31,91,76
MPV-GEN-T1-N90-R09,laff,8,item-051,0,0,0,75,77,32
MPV-GEN-T1-N90-R09,laff,8,item-022,0,0,32,91,52,66
MPV-GEN-T1-N90-R09,laff,8,item-046,0,52,32,42,28,45
MPV-GEN-T1-N90-R09,laff,8,item-038,42,52,32,41,40,32
MPV-GEN-T1-N90-R09,laff,9,item-014,0,0,0,99,51,79
MPV-GEN-T1-N90-R09,laff,9,item-032,0,51,0,81,37,72
MPV-GEN-T1-N90-R09,laff,10,item-009,0,0,0,87,55,69
MPV-GEN-T1-N90-R09,laff,11,item-063,0,0,0,49,94,92
MPV-GEN-T1-N90-R09,laff,11,item-024,49,0,0,43,93,85
MPV-GEN-T1-N90-R09,laff,11,item-008,92,0,0,7,77,78
MPV-GEN-T1-N90-R09,laff,12,item-006,0,0,0,48,85,67
MPV-GEN-T1-N90-R09,laff,12,item-058,48,0,0,51,63,55
MPV-GEN-T1-N90-R09,laff,13,item-077,0,0,0,47,84,73
MPV-GEN-T1-N90-R09,laff,13,item-053,47,0,0,49,66,73
MPV-GEN-T1-N90-R09,laff,14,item-067,0,0,0,48,82,82
MPV-GEN-T1-N90-R09,laff,14,item-035,48,0,0,42,79,81
MPV-GEN-T1-N90-R09,laff,15,item-050,0,0,0,43,87,97
MPV-GEN-T1-N90-R09,laff,15,item-084,43,0,0,35,99,95
MPV-GEN-T1-N90-R09,laff,15,item-041,78,0,0,20,98,81
MPV-GEN-T1-N90-R09,laff,16,item-033,0,0,0,36,99,99
MPV-GEN-T1-N90-R09,laff,16,item-064,36,0,0,48,71,96
MPV-GEN-T1-N90-R09,laff,16,item-020,84,0,0,13,95,86
MPV-GEN-T1-N90-R09,laff,17,item-010,0,0,0,91,38,91
MPV-GEN-T1-N90-R09,laff,17,item-057,91,0,0,9,71,87
MPV-GEN-T1-N90-R09,laff,18,item-040,0,0,0,50,69,86
MPV-GEN-T1-N90-R09,laff,18,item-052,50,0,0,48,71,85
MPV-GEN-T1-N90-R09,laff,19,item-017,0,0,0,40,86,83
MPV-GEN-T1-N90-R09,laff,19,item-013,40,0,0,37,90,74
MPV-GEN-T1-N90-R09,laff,19,item-079,77,0,0,20,90,72
MPV-GEN-T1-N90-R09,laff,20,item-019,0,0,0,39,85,95
MPV-GEN-T1-N90-R09,laff,20,item-075,39,0,0,57,53,92
MPV-GEN-T1-N90-R09,laff,21,item-056,0,0,0,44,74,70
MPV-GEN-T1-N90-R09,laff,21,item-073,44,0,0,36,70,70
MPV-GEN-T1-N90-R09,laff,22,item-034,0,0,0,35,91,96
MPV-GEN-T1-N90-R09,laff,22,item-069,35,0,0,30,83,95
MPV-GEN-T1-N90-R09,laff,22,item-080,65,0,0,29,89,90
MPV-GEN-T1-N90-R09,laff,22,item-027,94,0,0,5,75,87
MPV-GEN-T1-N90-R09,laff,23,item-026,0,0,0,40,76,71
MPV-GEN-T1-N90-R09,laff,23,item-070,40,0,0,31,94,71
MPV-GEN-T1-N90-R09,laff,23,item-060,71,0,0,24,88,67
MPV-GEN-T1-N90-R09,laff,24,item-030,0,0,0,43,66,81
MPV-GEN-T1-N90-R09,laff,24,item-029,43,0,0,27,94,81
MPV-GEN-T1-N90-R09,laff,24,item-045,70,0,0,27,88,75
MPV-GEN-T1-N90-R09,laff,25,item-042,0,0,0,34,82,97
MPV-GEN-T1-N90-R09,laff,25,item-083,34,0,0,32,76,97
MPV-GEN-T1-N90-R09,laff,25,item-028,66,0,0,29,83,95
MPV-GEN-T1-N90-R09,laff,25,item-072,0,83,0,72,17,94
MPV-GEN-T1-N90-R09,laff,26,item-049,0,0,0,39,68,82
MPV-GEN-T1-N90-R09,laff,26,item-047,39,0,0,19,89,74
MPV-GEN-T1-N90-R09,laff,26,item-039,58,0,0,19,91,71
MPV-GEN-T1-N90-R09,laff,26,item-068,77,0,0,21,71,74
MPV-GEN-T1-N90-R09,laff,27,item-054,0,0,0,27,84,97
MPV-GEN-T1-N90-R09,laff,27,item-018,27,0,0,24,90,83
MPV-GEN-T1-N90-R09,laff,27,item-066,51,0,0,19,74,88
MPV-GEN-T1-N90-R09,laff,27,item-004,70,0,0,25,73,66
MPV-GEN-T1-N90-R09,laff,28,item-048,0,0,0,26,76,99
MPV-GEN-T1-N90-R09,laff,28,item-023,26,0,0,15,92,74
MPV-GEN-T1-N90-R09,laff,28,item-074,41,0,0,13,86,87
MPV-GEN-T1-N90-R09,laff,28,item-087,54,0,0,12,91,81
MPV-GEN-T1-N90-R10,laff,0,item-050,0,0,0,90,96,83
MPV-GEN-T1-N90-R10,laff,0,item-054,90,0,0,9,98,71
MPV-GEN-T1-N90-R10,laff,0,item-017,99,0,0,1,96,66
MPV-GEN-T1-N90-R10,laff,0,item-031,0,96,0,43,2,31
MPV-GEN-T1-N90-R10,laff,0,item-005,90,0,71,6,8,8
MPV-GEN-T1-N90-R10,laff,0,item-029,0,0,83,89,95,10
MPV-GEN-T1-N90-R10,laff,1,item-037,0,0,0,93,92,27
MPV-GEN-T1-N90-R10,laff,1,item-076,0,0,27,100,71,47
MPV-GEN-T1-N90-R10,laff,1,item-036,0,71,27,30,28,21
MPV-GEN-T1-N90-R10,laff,1,item-049,30,71,27,36,11,38
MPV-GEN-T1-N90-R10,laff,1,item-061,0,0,74,93,67,16
MPV-GEN-T1-N90-R10,laff,2,item-009,0,0,0,78,98,98
MPV-GEN-T1-N90-R10,laff,2,item-068,78,0,0,22,97,85
MPV-GEN-T1-N90-R10,laff,3,item-028,0,0,0,76,83,73
MPV-GEN-T1-N90-R10,laff,3,item-007,76,0,0,22,89,73
MPV-GEN-T1-N90-R10,laff,4,item-021,0,0,0,91,68,50
MPV-GEN-T1-N90-R10,laff,4,item-047,0,68,0,41,32,42
MPV-GEN-T1-N90-R10,laff,4,item-063,0,0,50,71,78,43
MPV-GEN-T1-N90-R10,laff,5,item-086,0,0,0,100,58,71
MPV-GEN-T1-N90-R10,laff,5,item-041,0,58,0,90,41,68
MPV-GEN-T1-N90-R10,laff,6,item-083,0,0,0,65,82,100
MPV-GEN-T1-N90-R10,laff,6,item-000,65,0,0,33,86,86
MPV-GEN-T1-N90-R10,laff,6,item-019,98,0,0,2,74,91
MPV-GEN-T1-N90-R10,laff,7,item-048,0,0,0,81,64,84
MPV-GEN-T1-N90-R10,laff,7,item-055,0,64,0,69,36,71
MPV-GEN-T1-N90-R10,laff,7,item-079,81,0,0,19,90,68
MPV-GEN-T1-N90-R10,laff,8,item-062,0,0,0,86,56,59
MPV-GEN-T1-N90-R10,laff,9,item-080,0,0,0,77,62,88
MPV-GEN-T1-N90-R10,laff,9,item-072,0,62,0,93,27,70
MPV-GEN-T1-N90-R10,laff,9,item-081,93,0,0,7,81,79
MPV-GEN-T1-N90-R10,laff,10,item-051,0,0,0,48,96,66
MPV-GEN-T1-N90-R10,laff,10,item-014,48,0,0,37,100,66
MPV-GEN-T1-N90-R10,laff,10,item-040,85,0,0,12,83,66
MPV-GEN-T1-N90-R10,laff,11,item-058,0,0,0,46,99,98
MPV-GEN-T1-N90-R10,laff,11,item-011,46,0,0,41,98,98
MPV-GEN-T1-N90-R10,laff,11,item-053,87,0,0,13,78,95
MPV-GEN-T1-N90-R10,laff,12,item-006,0,0,0,46,97,71
MPV-GEN-T1-N90-R10,laff,12,item-026,46,0,0,50,84,69
MPV-GEN-T1-N90-R10,laff,13,item-084,0,0,0,47,88,84
MPV-GEN-T1-N90-R10,laff,13,item-035,47,0,0,46,84,75
MPV-GEN-T1-N90-R10,laff,13,item-038,93,0,0,7,71,80
MPV-GEN-T1-N90-R10,laff,14,item-012,0,0,0,44,92,67
MPV-GEN-T1-N90-R10,laff,14,item-075,44,0,0,18,89,66
MPV-GEN-T1-N90-R10,laff,15,item-034,0,0,0,44,87,75
MPV-GEN-T1-N90-R10,laff,15,item-008,44,0,0,33,91,69
MPV-GEN-T1-N90-R10,laff,15,item-010,77,0,0,23,89,75
MPV-GEN-T1-N90-R10,laff,16,item-066,0,0,0,41,92,99
MPV-GEN-T1-N90-R10,laff,16,item-071,41,0,0,45,71,98
MPV-GEN-T1-N90-R10,laff,16,item-073,86,0,0,14,77,93
MPV-GEN-T1-N90-R10,laff,17,item-045,0,0,0,77,46,83
MPV-GEN-T1-N90-R10,laff,17,item-056,0,46,0,83,40,76
MPV-GEN-T1-N90-R10,laff,17,item-078,83,0,0,17,81,75
MPV-GEN-T1-N90-R10,laff,18,item-046,0,0,0,68,49,91
MPV-GEN-T1-N90-R10,laff,18,item-022,0,49,0,77,42,84
MPV-GEN-T1-N90-R10,laff,18,item-082,77,0,0,22,93,82
MPV-GEN-T1-N90-R10,laff,19,item-052,0,0,0,44,75,92
MPV-GEN-T1-N90-R10,laff,19,item-027,44,0,0,41,80,88
MPV-GEN-T1-N90-R10,laff,19,item-002,85,0,0,15,87,91
MPV-GEN-T1-N90-R10,laff,20,item-003,0,0,0,68,47,100
MPV-GEN-T1-N90-R10,laff,20,item-057,0,47,0,92,32,96
MPV-GEN-T1-N90-R10,laff,20,item-087,92,0,0,6,85,85
MPV-GEN-T1-N90-R10,laff,21,item-043,0,0,0,39,74,91
MPV-GEN-T1-N90-R10,laff,21,item-030,39,0,0,41,68,86
MPV-GEN-T1-N90-R10,laff,21,item-089,80,0,0,19,83,86
MPV-GEN-T1-N90-R10,laff,22,item-042,0,0,0,32,78,85
MPV-GEN-T1-N90-R10,laff,22,item-077,32,0,0,32,77,69
MPV-GEN-T1-N90-R10,laff,22,item-018,64,0,0,28,68,72
MPV-GEN-T1-N90-R10,laff,22,item-013,92,0,0,5,94,80
MPV-GEN-T1-N90-R10,laff,22,item-001,97,0,0,3,86,74
MPV-GEN-T1-N90-R10,laff,23,item-060,0,0,0,31,77,96
MPV-GEN-T1-N90-R10,laff,23,item-004,31,0,0,24,66,77
MPV-GEN-T1-N90-R10,laff,23,item-016,55,0,0,19,75,77
MPV-GEN-T1-N90-R10,laff,23,item-039,74,0,0,15,100,68
MPV-GEN-T1-N90-R10,laff,23,item-044,89,0,0,9,85,81
MPV-GEN-T1-N90-R10,laff,24,item-070,0,0,0,29,70,98
MPV-GEN-T1-N90-R10,laff,24,item-064,29,0,0,25,74,98
MPV-GEN-T1-N90-R10,laff,24,item-023,54,0,0,14,83,84
MPV-GEN-T1-N90-R10,laff,24,item-067,68,0,0,19,66,75
MPV-GEN-T1-N90-R10,laff,24,item-032,87,0,0,12,96,81
MPV-GEN-T1-N90-R10,laff,25,item-033,0,0,0,12,91,74
MPV-GEN-T1-N90-R10,laff,25,item-025,12,0,0,6,69,72
MPV-GEN-T1-N90-R10,laff,25,item-065,18,0,0,4,76,74
MPV-GEN-T1-N90-R10,laff,25,item-074,22,0,0,4,68,73
MPV-GEN-T1-N90-R10,laff,26,item-024,0,0,0,12,82,92
MPV-GEN-T1-N90-R10,laff,26,item-085,12,0,0,14,66,84
MPV-GEN-T1-N90-R10,laff,26,item-020,26,0,0,9,82,78
MPV-GEN-T1-N90-R10,laff,26,item-088,35,0,0,6,73,83
MPV-GEN-T1-N90-R10,laff,26,item-059,41,0,0,3,83,87
MPV-GEN-T1-N90-R10,laff,27,item-015,0,0,0,4,73,100
MPV-GEN-T1-N90-R10,laff,27,item-069,4,0,0,4,73,95
MPV-GEN-T6-N30-R01,laff,0,item-029,0,0,0,10,10,9
MPV-GEN-T6-N30-R01,laff,0,item-015,0,10,0,9,7,9
MPV-GEN-T6-N30-R01,laff,0,item-014,0,17,0,10,6,9
MPV-GEN-T6-N30-R01,laff,0,item-019,0,23,0,9,6,9
MPV-GEN-T6-N30-R01,laff,0,item-026,0,29,0,5,10,8
MPV-GEN-T6-N30-R01,laff,0,item-013,0,39,0,8,8,6
MPV-GEN-T6-N30-R01,laff,0,item-016,0,47,0,5,8,9
MPV-GEN-T6-N30-R01,laff,0,item-024,5,29,6,9,10,3
MPV-GEN-T6-N30-R01,laff,0,item-020,0,55,0,8,4,8
MPV-GEN-T6-N30-R01,laff,0,item-025,0,59,0,4,9,7
MPV-GEN-T6-N30-R01,laff,0,item-009,0,59,7,9,9,2
MPV-GEN-T6-N30-R01,laff,0,item-023,0,68,0,8,2,8
MPV-GEN-T6-N30-R01,laff,0,item-006,0,70,0,3,9,4
MPV-GEN-T6-N30-R01,laff,0,item-022,0,68,8,10,10,1
MPV-GEN-T6-N30-R01,laff,0,item-012,0,39,6,6,5,3
MPV-GEN-T6-N30-R01,laff,0,item-027,5,44,6,7,6,2
MPV-GEN-T6-N30-R01,laff,0,item-001,6,39,6,9,3,3
MPV-GEN-T6-N30-R01,laff,0,item-004,0,70,4,2,10,4
MPV-GEN-T6-N30-R01,laff,0,item-005,0,80,0,2,4,9
MPV-GEN-T6-N30-R01,laff,0,item-010,2,70,4,5,7,2
MPV-GEN-T6-N30-R01,laff,0,item-011,0,84,0,1,7,9
MPV-GEN-T6-N30-R01,laff,0,item-003,0,91,0,2,4,6
MPV-GEN-T6-N30-R01,laff,0,item-008,0,55,8,9,4,1
MPV-GEN-T6-N30-R01,laff,0,item-002,5,44,8,6,5,1
MPV-GEN-T6-N30-R01,laff,0,item-007,0,95,0,2,2,6
MPV-GEN-T6-N30-R01,laff,0,item-018,0,91,6,2,6,2
MPV-GEN-T6-N30-R01,laff,0,item-017,0,29,8,3,5,1
MPV-GEN-T6-N30-R01,laff,0,item-021,0,34,8,3,4,1
MPV-GEN-T6-N30-R01,laff,0,item-000,2,78,4,2,1,5
MPV-GEN-T6-N30-R01,laff,0,item-028,1,84,6,1,4,2
MPV-GEN-T6-N30-R02,laff,0,item-028,0,0,0,9,9,1
MPV-GEN-T6-N30-R02,laff,0,item-013,0,9,0,9,6,1
MPV-GEN-T6-N30-R02,laff,0,item-014,0,15,0,1,10,1
MPV-GEN-T6-N30-R02,laff,0,item-020,0,0,1,7,10,9
MPV-GEN-T6-N30-R02,laff,0,item-012,0,10,1,6,8,7
MPV-GEN-T6-N30-R02,laff,0,item-029,0,18,1,6,8,6
MPV-GEN-T6-N30-R02,laff,0,item-017,0,26,1,4,7,9
MPV-GEN-T6-N30-R02,laff,0,item-019,0,33,1,7,8,4
MPV-GEN-T6-N30-R02,laff,0,item-004,0,41,1,10,3,7
MPV-GEN-T6-N30-R02,laff,0,item-022,0,18,7,8,8,3
MPV-GEN-T6-N30-R02,laff,0,item-018,0,44,1,3,7,7
MPV-GEN-T6-N30-R02,laff,0,item-026,4,26,5,4,9,4
MPV-GEN-T6-N30-R02,laff,0,item-021,0,51,1,3,9,5
MPV-GEN-T6-N30-R02,laff,0,item-027,0,60,1,5,3,9
MPV-GEN-T6-N30-R02,laff,0,item-001,0,63,1,2,9,7
MPV-GEN-T6-N30-R02,laff,0,item-002,0,35,5,8,3,5
MPV-GEN-T6-N30-R02,laff,0,item-011,0,38,5,7,3,5
MPV-GEN-T6-N30-R02,laff,0,item-016,0,51,6,8,4,3
MPV-GEN-T6-N30-R02,laff,0,item-007,0,10,8,6,6,2
MPV-GEN-T6-N30-R02,laff,0,item-024,0,72,1,3,4,6
MPV-GEN-T6-N30-R02,laff,0,item-000,0,76,1,3,3,7
MPV-GEN-T6-N30-R02,laff,0,item-015,2,63,7,3,6,3
MPV-GEN-T6-N30-R02,laff,0,item-010,0,79,1,2,3,6
MPV-GEN-T6-N30-R02,laff,0,item-006,0,79,7,1,10,3
MPV-GEN-T6-N30-R02,laff,0,item-023,0,82,1,1,4,6
MPV-GEN-T6-N30-R02,laff,0,item-008,0,72,7,3,2,3
MPV-GEN-T6-N30-R02,laff,0,item-009,0,55,6,1,4,4
MPV-GEN-T6-N30-R02,laff,0,item-005,0,0,10,7,8,10
MPV-GEN-T6-N30-R02,laff,0,item-025,0,8,10,10,3,10
MPV-GEN-T6-N30-R02,laff,0,item-003,0,11,10,9,3,10
MPV-GEN-T6-N30-R03,laff,0,item-006,0,0,0,10,10,1
MPV-GEN-T6-N30-R03,laff,0,item-020,0,10,0,5,7,1
MPV-GEN-T6-N30-R03,laff,0,item-018,0,17,0,3,7,1
MPV-GEN-T6-N30-R03,laff,0,item-026,0,24,0,2,9,1
MPV-GEN-T6-N30-R03,laff,0,item-010,0,33,0,8,2,1
MPV-GEN-T6-N30-R03,laff,0,item-024,0,0,1,10,9,8
MPV-GEN-T6-N30-R03,laff,0,item-004,0,9,1,9,7,7
MPV-GEN-T6-N30-R03,laff,0,item-008,0,16,1,6,9,6
MPV-GEN-T6-N30-R03,laff,0,item-028,0,25,1,8,5,7
MPV-GEN-T6-N30-R03,laff,0,item-015,0,30,1,8,4,8
MPV-GEN-T6-N30-R03,laff,0,item-012,0,16,7,9,8,2
MPV-GEN-T6-N30-R03,laff,0,item-022,0,34,1,7,5,4
MPV-GEN-T6-N30-R03,laff,0,item-027,0,39,1,2,7,7
MPV-GEN-T6-N30-R03,laff,0,item-025,2,34,5,7,6,2
MPV-GEN-T6-N30-R03,laff,0,item-001,2,34,7,6,6,2
MPV-GEN-T6-N30-R03,laff,0,item-005,0,46,1,3,3,8
MPV-GEN-T6-N30-R03,laff,0,item-011,8,24,7,4,8,2
MPV-GEN-T6-N30-R03,laff,0,item-016,0,49,1,8,1,8
MPV-GEN-T6-N30-R03,laff,0,item-002,8,32,7,3,10,2
MPV-GEN-T6-N30-R03,laff,0,item-003,0,50,1,7,1,5
MPV-GEN-T6-N30-R03,laff,0,item-013,0,51,1,1,5,7
MPV-GEN-T6-N30-R03,laff,0,item-017,0,56,1,2,2,8
MPV-GEN-T6-N30-R03,laff,0,item-014,0,34,5,1,5,4
MPV-GEN-T6-N30-R03,laff,0,item-023,1,50,6,1,5,3
MPV-GEN-T6-N30-R03,laff,0,item-021,0,24,7,4,1,2
MPV-GEN-T6-N30-R03,laff,0,item-019,0,0,9,8,9,10
MPV-GEN-T6-N30-R03,laff,0,item-009,0,9,9,6,6,9
MPV-GEN-T6-N30-R03,laff,0,item-007,0,15,9,1,9,9
MPV-GEN-T6-N30-R03,laff,0,item-000,0,24,9,1,6,10
MPV-GEN-T6-N30-R03,laff,0,item-029,0,30,9,1,5,10
MPV-GEN-T6-N30-R04,laff,0,item-019,0,0,0,8,9,5
MPV-GEN-T6-N30-R04,laff,0,item-010,0,9,0,5,10,5
MPV-GEN-T6-N30-R04,laff,0,item-027,0,19,0,8,4,4
MPV-GEN-T6-N30-R04,laff,0,item-007,0,23,0,5,3,5
MPV-GEN-T6-N30-R04,laff,0,item-009,5,9,4,8,9,1
MPV-GEN-T6-N30-R04,laff,0,item-006,0,26,0,8,3,2
MPV-GEN-T6-N30-R04,laff,0,item-025,0,29,0,1,8,5
MPV-GEN-T6-N30-R04,laff,0,item-020,0,26,2,6,3,2
MPV-GEN-T6-N30-R04,laff,0,item-000,6,23,2,2,6,2
MPV-GEN-T6-N30-R04,laff,0,item-013,0,37,0,2,3,4
MPV-GEN-T6-N30-R04,laff,0,item-023,0,37,4,2,7,1
MPV-GEN-T6-N30-R04,laff,0,item-015,0,40,0,2,1,2
MPV-GEN-T6-N30-R04,laff,0,item-003,0,0,5,4,10,9
MPV-GEN-T6-N30-R04,laff,0,item-005,0,10,5,8,5,9
MPV-GEN-T6-N30-R04,laff,0,item-002,0,15,5,5,8,8
MPV-GEN-T6-N30-R04,laff,0,item-008,0,23,5,8,5,8
MPV-GEN-T6-N30-R04,laff,0,item-018,0,28,5,4,8,6
MPV-GEN-T6-N30-R04,laff,0,item-011,0,36,5,10,2,8
MPV-GEN-T6-N30-R04,laff,0,item-001,0,38,5,9,2,8
MPV-GEN-T6-N30-R04,laff,0,item-024,0,40,5,4,3,9
MPV-GEN-T6-N30-R04,laff,0,item-029,0,43,5,5,3,7
MPV-GEN-T6-N30-R04,laff,0,item-022,0,46,5,5,3,6
MPV-GEN-T6-N30-R04,laff,0,item-017,0,49,5,3,4,6
MPV-GEN-T6-N30-R04,laff,0,item-026,0,53,5,1,8,9
MPV-GEN-T6-N30-R04,laff,0,item-028,0,61,5,6,2,6
MPV-GEN-T6-N30-R04,laff,0,item-021,0,63,5,2,4,8
MPV-GEN-T6-N30-R04,laff,0,item-012,0,67,5,9,1,6
MPV-GEN-T6-N30-R04,laff,0,item-014,0,68,5,2,1,8
MPV-GEN-T6-N30-R04,laff,0,item-004,0,0,14,9,2,10
MPV-GEN-T6-N30-R04,laff,0,item-016,0,2,14,1,7,10
MPV-GEN-T6-N30-R05,laff,0,item-029,0,0,0,10,10,1
MPV-GEN-T6-N30-R05,laff,0,item-012,0,10,0,10,3,1
MPV-GEN-T6-N30-R05,laff,0,item-019,0,13,0,7,2,1
MPV-GEN-T6-N30-R05,laff,0,item-008,0,15,0,3,4,1
MPV-GEN-T6-N30-R05,laff,0,item-014,0,19,0,2,6,1
MPV-GEN-T6-N30-R05,laff,0,item-024,0,25,0,1,8,1
MPV-GEN-T6-N30-R05,laff,0,item-010,0,0,1,9,9,10
MPV-GEN-T6-N30-R05,laff,0,item-004,0,9,1,8,6,10
MPV-GEN-T6-N30-R05,laff,0,item-015,0,15,1,7,9,7
MPV-GEN-T6-N30-R05,laff,0,item-026,0,24,1,9,8,6
MPV-GEN-T6-N30-R05,laff,0,item-027,0,32,1,5,8,10
MPV-GEN-T6-N30-R05,laff,0,item-002,0,40,1,10,7,5
MPV-GEN-T6-N30-R05,laff,0,item-013,0,47,1,4,10,8
MPV-GEN-T6-N30-R05,laff,0,item-018,0,57,1,4,8,10
MPV-GEN-T6-N30-R05,laff,0,item-006,0,65,1,7,3,10
MPV-GEN-T6-N30-R05,laff,0,item-005,0,68,1,2,10,9
MPV-GEN-T6-N30-R05,laff,0,item-020,5,24,7,4,10,4
MPV-GEN-T6-N30-R05,laff,0,item-011,0,15,8,7,7,3
MPV-GEN-T6-N30-R05,laff,0,item-023,0,78,1,2,8,8
MPV-GEN-T6-N30-R05,laff,0,item-007,0,40,9,10,6,2
MPV-GEN-T6-N30-R05,laff,0,item-003,0,86,1,2,8,6
MPV-GEN-T6-N30-R05,laff,0,item-001,0,22,8,3,9,3
MPV-GEN-T6-N30-R05,laff,0,item-017,0,86,7,3,7,3
MPV-GEN-T6-N30-R05,laff,0,item-028,0,46,9,5,6,2
MPV-GEN-T6-N30-R05,laff,0,item-022,0,94,1,4,2,7
MPV-GEN-T6-N30-R05,laff,0,item-025,0,96,1,8,1,7
MPV-GEN-T6-N30-R05,laff,0,item-000,3,22,8,2,9,3
MPV-GEN-T6-N30-R05,laff,0,item-021,0,93,8,3,6,3
MPV-GEN-T6-N30-R05,laff,0,item-016,5,46,6,3,2,5
MPV-GEN-T6-N30-R05,laff,0,item-009,0,97,1,3,1,6
MPV-GEN-T6-N30-R06,laff,0,item-026,0,0,0,8,9,2
MPV-GEN-T6-N30-R06,laff,0,item-017,0,9,0,4,9,1
MPV-GEN-T6-N30-R06,laff,0,item-015,0,9,1,1,8,1
MPV-GEN-T6-N30-R06,laff,0,item-002,0,17,1,2,3,1
MPV-GEN-T6-N30-R06,laff,0,item-023,0,0,2,5,10,6
MPV-GEN-T6-N30-R06,laff,0,item-018,0,10,2,5,9,5
MPV-GEN-T6-N30-R06,laff,0,item-012,0,19,2,10,4,5
MPV-GEN-T6-N30-R06,laff,0,item-013,0,23,2,5,8,5
MPV-GEN-T6-N30-R06,laff,0,item-029,0,31,2,4,8,6
MPV-GEN-T6-N30-R06,laff,0,item-010,0,39,2,6,5,6
MPV-GEN-T6-N30-R06,laff,0,item-008,0,44,2,5,10,3
MPV-GEN-T6-N30-R06,laff,0,item-014,0,44,5,3,10,3
MPV-GEN-T6-N30-R06,laff,0,item-020,0,54,2,3,6,5
MPV-GEN-T6-N30-R06,laff,0,item-024,0,60,2,5,2,4
MPV-GEN-T6-N30-R06,laff,0,item-004,3,44,5,8,1,3
MPV-GEN-T6-N30-R06,laff,0,item-000,0,62,2,3,1,5
MPV-GEN-T6-N30-R06,laff,0,item-007,0,0,8,4,10,8
MPV-GEN-T6-N30-R06,laff,0,item-005,0,10,8,9,4,8
MPV-GEN-T6-N30-R06,laff,0,item-001,0,14,8,6,5,7
MPV-GEN-T6-N30-R06,laff,0,item-022,0,19,8,2,10,7
MPV-GEN-T6-N30-R06,laff,0,item-019,0,29,8,7,2,8
MPV-GEN-T6-N30-R06,laff,0,item-027,0,31,8,1,5,7
MPV-GEN-T6-N30-R06,laff,0,item-016,0,0,16,4,8,9
MPV-GEN-T6-N30-R06,laff,0,item-006,0,8,16,5,4,9
MPV-GEN-T6-N30-R06,laff,0,item-021,0,12,16,1,9,9
MPV-GEN-T6-N30-R06,laff,0,item-028,0,21,16,3,3,9
MPV-GEN-T6-N30-R06,laff,0,item-011,0,24,16,1,1,9
MPV-GEN-T6-N30-R06,laff,0,item-009,0,0,25,5,4,10
MPV-GEN-T6-N30-R06,laff,0,item-025,0,4,25,4,5,10
MPV-GEN-T6-N30-R06,laff,0,item-003,0,9,25,1,7,10
MPV-GEN-T6-N30-R07,laff,0,item-008,0,0,0,10,9,6
MPV-GEN-T6-N30-R07,laff,0,item-027,0,9,0,8,9,5
MPV-GEN-T6-N30-R07,laff,0,item-011,0,18,0,8,6,6
MPV-GEN-T6-N30-R07,laff,0,item-009,0,24,0,10,6,3
MPV-GEN-T6-N30-R07,laff,0,item-015,0,30,0,6,4,6
MPV-GEN-T6-N30-R07,laff,0,item-016,0,34,0,6,5,4
MPV-GEN-T6-N30-R07,laff,0,item-003,0,39,0,7,3,5
MPV-GEN-T6-N30-R07,laff,0,item-004,0,24,3,7,5,3
MPV-GEN-T6-N30-R07,laff,0,item-024,0,42,0,2,7,6
MPV-GEN-T6-N30-R07,laff,0,item-019,0,34,4,8,3,2
MPV-GEN-T6-N30-R07,laff,0,item-026,0,9,5,6,7,1
MPV-GEN-T6-N30-R07,laff,0,item-001,0,37,4,10,2,2
MPV-GEN-T6-N30-R07,laff,0,item-025,7,24,3,1,8,2
MPV-GEN-T6-N30-R07,laff,0,item-023,0,29,3,5,1,3
MPV-GEN-T6-N30-R07,laff,0,item-021,0,49,0,2,1,6
MPV-GEN-T6-N30-R07,laff,0,item-029,6,29,3,1,5,2
MPV-GEN-T6-N30-R07,laff,0,item-010,2,39,5,2,4,1
MPV-GEN-T6-N30-R07,laff,0,item-013,0,0,6,7,7,9
MPV-GEN-T6-N30-R07,laff,0,item-018,0,7,6,3,9,9
MPV-GEN-T6-N30-R07,laff,0,item-005,0,16,6,3,9,8
MPV-GEN-T6-N30-R07,laff,0,item-007,0,25,6,9,3,7
MPV-GEN-T6-N30-R07,laff,0,item-006,0,28,6,6,4,7
MPV-GEN-T6-N30-R07,laff,0,item-014,0,32,6,3,5,8
MPV-GEN-T6-N30-R07,laff,0,item-002,0,37,6,7,2,8
MPV-GEN-T6-N30-R07,laff,0,item-028,0,39,6,2,7,7
MPV-GEN-T6-N30-R07,laff,0,item-000,0,46,6,3,2,8
MPV-GEN-T6-N30-R07,laff,0,item-020,0,48,6,1,3,7
MPV-GEN-T6-N30-R07,laff,0,item-017,0,0,15,2,4,10
MPV-GEN-T6-N30-R07,laff,0,item-022,0,4,15,1,7,10
MPV-GEN-T6-N30-R07,laff,0,item-012,0,11,15,1,6,10
MPV-GEN-T6-N30-R08,laff,0,item-020,0,0,0,10,9,8
MPV-GEN-T6-N30-R08,laff,0,item-025,0,9,0,7,10,5
MPV-GEN-T6-N30-R08,laff,0,item-002,0,19,0,9,8,4
MPV-GEN-T6-N30-R08,laff,0,item-026,0,27,0,5,8,7
MPV-GEN-T6-N30-R08,laff,0,item-004,0,35,0,5,8,6
MPV-GEN-T6-N30-R08,laff,0,item-013,0,43,0,8,5,6
MPV-GEN-T6-N30-R08,laff,0,item-018,5,19,4,4,10,4
MPV-GEN-T6-N30-R08,laff,0,item-028,7,9,4,10,4,4
MPV-GEN-T6-N30-R08,laff,0,item-001,0,48,0,3,8,6
MPV-GEN-T6-N30-R08,laff,0,item-017,0,56,0,3,6,8
MPV-GEN-T6-N30-R08,laff,0,item-009,0,62,0,2,9,7
MPV-GEN-T6-N30-R08,laff,0,item-006,0,71,0,4,5,6
MPV-GEN-T6-N30-R08,laff,0,item-029,0,76,0,5,3,7
MPV-GEN-T6-N30-R08,laff,0,item-010,0,79,0,9,2,5
MPV-GEN-T6-N30-R08,laff,0,item-008,0,81,0,2,5,8
MPV-GEN-T6-N30-R08,laff,0,item-011,0,35,6,4,10,2
MPV-GEN-T6-N30-R08,laff,0,item-016,0,86,0,9,1,8
MPV-GEN-T6-N30-R08,laff,0,item-005,0,87,0,10,1,7
MPV-GEN-T6-N30-R08,laff,0,item-007,0,9,5,3,7,3
MPV-GEN-T6-N30-R08,laff,0,item-024,0,88,0,8,1,7
MPV-GEN-T6-N30-R08,laff,0,item-027,0,45,6,6,4,2
MPV-GEN-T6-N30-R08,laff,0,item-012,0,19,4,1,7,4
MPV-GEN-T6-N30-R08,laff,0,item-022,0,0,8,9,5,10
MPV-GEN-T6-N30-R08,laff,0,item-021,0,5,8,10,4,10
MPV-GEN-T6-N30-R08,laff,0,item-014,0,9,8,4,9,10
MPV-GEN-T6-N30-R08,laff,0,item-015,0,18,8,10,3,10
MPV-GEN-T6-N30-R08,laff,0,item-019,0,21,8,6,5,9
MPV-GEN-T6-N30-R08,laff,0,item-023,0,26,8,6,3,9
MPV-GEN-T6-N30-R08,laff,0,item-000,0,29,8,4,4,10
MPV-GEN-T6-N30-R08,laff,0,item-003,0,33,8,6,2,9
MPV-GEN-T6-N30-R09,laff,0,item-007,0,0,0,10,10,10
MPV-GEN-T6-N30-R09,laff,0,item-028,0,10,0,9,10,10
MPV-GEN-T6-N30-R09,laff,0,item-020,0,20,0,8,6,8
MPV-GEN-T6-N30-R09,laff,0,item-029,0,26,0,10,10,3
MPV-GEN-T6-N30-R09,laff,0,item-018,0,36,0,4,8,8
MPV-GEN-T6-N30-R09,laff,0,item-023,0,44,0,8,4,8
MPV-GEN-T6-N30-R09,laff,0,item-027,0,48,0,3,10,8
MPV-GEN-T6-N30-R09,laff,0,item-016,0,26,3,9,8,3
MPV-GEN-T6-N30-R09,laff,0,item-019,4,34,3,7,6,5
MPV-GEN-T6-N30-R09,laff,0,item-005,9,10,3,4,6,7
MPV-GEN-T6-N30-R09,laff,0,item-012,0,58,0,2,9,9
MPV-GEN-T6-N30-R09,laff,0,item-024,0,67,0,3,6,9
MPV-GEN-T6-N30-R09,laff,0,item-017,9,16,3,3,9,5
MPV-GEN-T6-N30-R09,laff,0,item-001,0,26,6,7,5,3
MPV-GEN-T6-N30-R09,laff,0,item-004,0,73,0,6,2,8
MPV-GEN-T6-N30-R09,laff,0,item-022,7,26,6,8,4,3
MPV-GEN-T6-N30-R09,laff,0,item-003,0,75,0,2,10,4
MPV-GEN-T6-N30-R09,laff,0,item-013,0,20,8,10,4,2
MPV-GEN-T6-N30-R09,laff,0,item-026,0,75,4,3,6,4
MPV-GEN-T6-N30-R09,laff,0,item-025,0,85,0,2,5,7
MPV-GEN-T6-N30-R09,laff,0,item-006,0,31,6,3,5,4
MPV-GEN-T6-N30-R09,laff,0,item-011,0,90,0,1,5,9
MPV-GEN-T6-N30-R09,laff,0,item-021,1,90,0,1,6,7
MPV-GEN-T6-N30-R09,laff,0,item-014,0,81,7,2,6,3
MPV-GEN-T6-N30-R09,laff,0,item-010,0,96,0,3,1,10
MPV-GEN-T6-N30-R09,laff,0,item-000,0,24,9,4,7,1
MPV-GEN-T6-N30-R09,laff,0,item-002,0,36,9,4,7,1
MPV-GEN-T6-N30-R09,laff,0,item-015,9,30,3,5,1,5
MPV-GEN-T6-N30-R09,laff,0,item-008,0,43,9,5,2,1
MPV-GEN-T6-N30-R09,laff,0,item-009,0,45,8,5,1,2
MPV-GEN-T6-N30-R10,laff,0,item-005,0,0,0,9,10,8
MPV-GEN-T6-N30-R10,laff,0,item-010,0,10,0,10,9,4
MPV-GEN-T6-N30-R10,laff,0,item-011,0,19,0,7,9,5
MPV-GEN-T6-N30-R10,laff,0,item-008,0,10,5,9,10,3
MPV-GEN-T6-N30-R10,laff,0,item-029,0,28,0,4,8,8
MPV-GEN-T6-N30-R10,laff,0,item-021,4,20,5,9,9,3
MPV-GEN-T6-N30-R10,laff,0,item-027,0,36,0,9,5,5
MPV-GEN-T6-N30-R10,laff,0,item-023,9,0,4,9,6,4
MPV-GEN-T6-N30-R10,laff,0,item-014,0,41,0,3,10,7
MPV-GEN-T6-N30-R10,laff,0,item-024,3,36,5,9,10,2
MPV-GEN-T6-N30-R10,laff,0,item-002,0,51,0,6,5,5
MPV-GEN-T6-N30-R10,laff,0,item-009,9,6,4,9,4,4
MPV-GEN-T6-N30-R10,laff,0,item-018,0,51,5,5,9,3
MPV-GEN-T6-N30-R10,laff,0,item-000,4,29,5,5,7,3
MPV-GEN-T6-N30-R10,laff,0,item-001,0,60,0,10,1,7
MPV-GEN-T6-N30-R10,laff,0,item-007,0,61,0,4,2,6
MPV-GEN-T6-N30-R10,laff,0,item-022,3,46,5,6,2,3
MPV-GEN-T6-N30-R10,laff,0,item-006,0,63,0,1,6,5
MPV-GEN-T6-N30-R10,laff,0,item-016,0,69,0,2,2,7
MPV-GEN-T6-N30-R10,laff,0,item-026,0,61,6,2,7,2
MPV-GEN-T6-N30-R10,laff,0,item-013,0,71,0,1,2,7
MPV-GEN-T6-N30-R10,laff,0,item-020,0,36,7,7,2,1
MPV-GEN-T6-N30-R10,laff,0,item-017,0,20,5,2,1,3
MPV-GEN-T6-N30-R10,laff,0,item-012,0,38,7,2,2,1
MPV-GEN-T6-N30-R10,laff,0,item-015,0,0,8,9,8,9
MPV-GEN-T6-N30-R10,laff,0,item-028,0,8,8,7,5,9
MPV-GEN-T6-N30-R10,laff,0,item-004,0,13,8,4,7,9
MPV-GEN-T6-N30-R10,laff,0,item-019,0,0,17,7,8,10
MPV-GEN-T6-N30-R10,laff,0,item-025,0,8,17,8,7,10
MPV-GEN-T6-N30-R10,laff,0,item-003,0,15,17,1,9,10
MPV-GEN-T6-N60-R01,laff,0,item-044,0,0,0,10,9,6
MPV-GEN-T6-N60-R01,laff,0,item-000,0,9,0,9,8,6
MPV-GEN-T6-N60-R01,laff,0,item-038,0,17,0,4,10,6
MPV-GEN-T6-N60-R01,laff,0,item-024,0,27,0,6,5,6
MPV-GEN-T6-N60-R01,laff,0,item-036,0,32,0,10,6,3
MPV-GEN-T6-N60-R01,laff,0,item-012,0,38,0,7,6,4
MPV-GEN-T6-N60-R01,laff,0,item-048,0,32,3,10,5,3
MPV-GEN-T6-N60-R01,laff,0,item-057,0,37,4,10,7,2
MPV-GEN-T6-N60-R01,laff,0,item-029,0,44,0,9,7,2
MPV-GEN-T6-N60-R01,laff,0,item-015,0,51,0,10,2,6
MPV-GEN-T6-N60-R01,laff,0,item-047,0,44,2,7,5,3
MPV-GEN-T6-N60-R01,laff,0,item-009,0,53,0,10,2,5
MPV-GEN-T6-N60-R01,laff,0,item-052,7,38,2,6,6,2
MPV-GEN-T6-N60-R01,laff,0,item-005,10,0,4,9,3,2
MPV-GEN-T6-N60-R01,laff,0,item-040,0,55,0,2,4,6
MPV-GEN-T6-N60-R01,laff,0,item-014,0,49,2,9,1,4
MPV-GEN-T6-N60-R01,laff,0,item-030,2,53,5,4,9,1
MPV-GEN-T6-N60-R01,laff,0,item-059,10,3,4,6,3,2
MPV-GEN-T6-N60-R01,laff,0,item-027,6,53,5,4,7,1
MPV-GEN-T6-N60-R01,laff,0,item-003,7,44,2,3,3,3
MPV-GEN-T6-N60-R01,laff,0,item-021,0,59,0,2,3,4
MPV-GEN-T6-N60-R01,laff,0,item-034,7,47,2,4,2,3
MPV-GEN-T6-N60-R01,laff,0,item-054,10,6,4,3,4,2
MPV-GEN-T6-N60-R01,laff,0,item-017,0,59,4,2,4,2
MPV-GEN-T6-N60-R01,laff,0,item-058,0,50,2,4,1,4
MPV-GEN-T6-N60-R01,laff,0,item-007,0,44,5,3,5,1
MPV-GEN-T6-N60-R01,laff,0,item-031,0,63,0,2,1,6
MPV-GEN-T6-N60-R01,laff,0,item-004,0,64,0,1,3,3
MPV-GEN-T6-N60-R01,laff,0,item-053,3,44,5,3,3,1
MPV-GEN-T6-N60-R01,laff,0,item-050,10,10,4,2,2,2
MPV-GEN-T6-N60-R01,laff,0,item-049,10,12,4,1,3,2
MPV-GEN-T6-N60-R01,laff,0,item-026,0,53,5,2,1,1
MPV-GEN-T6-N60-R01,laff,0,item-046,0,54,5,1,1,1
MPV-GEN-T6-N60-R01,laff,0,item-020,0,0,6,9,9,9
MPV-GEN-T6-N60-R01,laff,0,item-002,0,9,6,9,8,8
MPV-GEN-T6-N60-R01,laff,0,item-016,0,17,6,8,9,8
MPV-GEN-T6-N60-R01,laff,0,item-045,0,26,6,9,8,8
MPV-GEN-T6-N60-R01,laff,0,item-051,0,34,6,10,7,7
MPV-GEN-T6-N60-R01,laff,0,item-018,0,41,6,9,5,9
MPV-GEN-T6-N60-R01,laff,0,item-028,0,46,6,8,5,9
MPV-GEN-T6-N60-R01,laff,0,item-056,0,51,6,7,7,7
MPV-GEN-T6-N60-R01,laff,0,item-010,0,58,6,6,8,7
MPV-GEN-T6-N60-R01,laff,0,item-006,0,66,6,4,8,9
MPV-GEN-T6-N60-R01,laff,0,item-035,0,74,6,3,10,9
MPV-GEN-T6-N60-R01,laff,0,item-042,0,84,6,4,7,9
MPV-GEN-T6-N60-R01,laff,0,item-037,0,91,6,6,5,8
MPV-GEN-T6-N60-R01,laff,0,item-033,3,74,6,3,8,9
MPV-GEN-T6-N60-R01,laff,0,item-032,4,66,6,3,8,8
MPV-GEN-T6-N60-R01,laff,0,item-013,4,82,6,3,7,7
MPV-GEN-T6-N60-R01,laff,0,item-008,0,96,6,6,3,8
MPV-GEN-T6-N60-R01,laff,0,item-043,6,89,6,2,10,7
MPV-GEN-T6-N60-R01,laff,0,item-039,6,58,6,4,4,7
MPV-GEN-T6-N60-R01,laff,0,item-041,6,74,6,2,5,7
MPV-GEN-T6-N60-R01,laff,0,item-023,7,51,6,1,7,9
MPV-GEN-T6-N60-R01,laff,0,item-011,0,0,15,10,4,10
MPV-GEN-T6-N60-R01,laff,0,item-022,0,4,15,3,9,10
MPV-GEN-T6-N60-R01,laff,0,item-025,0,13,15,7,2,10
MPV-GEN-T6-N60-R01,laff,0,item-001,0,15,15,2,6,10
MPV-GEN-T6-N60-R01,laff,0,item-019,0,21,15,4,3,10
MPV-GEN-T6-N60-R01,laff,0,item-055,0,24,15,3,1,10
MPV-GEN-T6-N60-R02,laff,0,item-000,0,0,0,10,10,6
MPV-GEN-T6-N60-R02,laff,0,item-049,0,10,0,10,10,5
MPV-GEN-T6-N60-R02,laff,0,item-014,0,20,0,10,5,6
MPV-GEN-T6-N60-R02,laff,0,item-053,0,25,0,10,10,3
MPV-GEN-T6-N60-R02,laff,0,item-004,0,35,0,9,8,4
MPV-GEN-T6-N60-R02,laff,0,item-018,0,43,0,10,6,4
MPV-GEN-T6-N60-R02,laff,0,item-056,0,49,0,8,5,6
MPV-GEN-T6-N60-R02,laff,0,item-011,0,54,0,4,8,6
MPV-GEN-T6-N60-R02,laff,0,item-057,0,62,0,3,10,6
MPV-GEN-T6-N60-R02,laff,0,item-058,0,25,4,10,9,2
MPV-GEN-T6-N60-R02,laff,0,item-050,0,72,0,7,4,5
MPV-GEN-T6-N60-R02,laff,0,item-005,9,34,3,6,7,3
MPV-GEN-T6-N60-R02,laff,0,item-041,0,76,0,2,8,6
MPV-GEN-T6-N60-R02,laff,0,item-016,0,34,4,9,5,2
MPV-GEN-T6-N60-R02,laff,0,item-013,0,84,0,4,5,4
MPV-GEN-T6-N60-R02,laff,0,item-044,0,89,0,5,5,3
MPV-GEN-T6-N60-R02,laff,0,item-034,2,76,0,2,7,5
MPV-GEN-T6-N60-R02,laff,0,item-055,0,39,4,8,4,2
MPV-GEN-T6-N60-R02,laff,0,item-001,0,94,0,5,2,6
MPV-GEN-T6-N60-R02,laff,0,item-051,0,96,0,4,3,5
MPV-GEN-T6-N60-R02,laff,0,item-002,3,62,0,3,4,4
MPV-GEN-T6-N60-R02,laff,0,item-048,0,10,5,8,5,1
MPV-GEN-T6-N60-R02,laff,0,item-054,3,66,0,2,4,5
MPV-GEN-T6-N60-R02,laff,0,item-025,0,89,3,3,4,3
MPV-GEN-T6-N60-R02,laff,0,item-052,0,15,5,9,4,1
MPV-GEN-T6-N60-R02,laff,0,item-059,2,72,5,4,7,1
MPV-GEN-T6-N60-R02,laff,0,item-043,0,96,5,5,4,1
MPV-GEN-T6-N60-R02,laff,0,item-010,2,79,5,3,6,1
MPV-GEN-T6-N60-R02,laff,0,item-039,3,62,5,8,2,1
MPV-GEN-T6-N60-R02,laff,0,item-022,3,85,4,1,7,2
MPV-GEN-T6-N60-R02,laff,0,item-031,4,85,3,1,4,3
MPV-GEN-T6-N60-R02,laff,0,item-042,3,70,0,1,2,4
MPV-GEN-T6-N60-R02,laff,0,item-037,0,93,3,2,1,3
MPV-GEN-T6-N60-R02,laff,0,item-040,3,92,3,1,2,3
MPV-GEN-T6-N60-R02,laff,0,item-008,0,0,6,10,9,10
MPV-GEN-T6-N60-R02,laff,0,item-024,0,9,6,10,9,9
MPV-GEN-T6-N60-R02,laff,0,item-036,0,18,6,9,10,8
MPV-GEN-T6-N60-R02,laff,0,item-021,0,28,6,10,6,10
MPV-GEN-T6-N60-R02,laff,0,item-012,0,34,6,7,9,8
MPV-GEN-T6-N60-R02,laff,0,item-007,0,43,6,7,9,7
MPV-GEN-T6-N60-R02,laff,0,item-020,0,52,6,8,5,10
MPV-GEN-T6-N60-R02,laff,0,item-033,0,57,6,8,7,7
MPV-GEN-T6-N60-R02,laff,0,item-035,0,64,6,5,10,7
MPV-GEN-T6-N60-R02,laff,0,item-027,0,74,6,10,4,8
MPV-GEN-T6-N60-R02,laff,0,item-046,0,78,6,2,10,10
MPV-GEN-T6-N60-R02,laff,0,item-017,0,88,6,3,6,10
MPV-GEN-T6-N60-R02,laff,0,item-045,0,94,6,4,6,7
MPV-GEN-T6-N60-R02,laff,0,item-006,2,78,6,2,9,8
MPV-GEN-T6-N60-R02,laff,0,item-038,3,87,6,3,6,8
MPV-GEN-T6-N60-R02,laff,0,item-023,4,78,6,2,9,7
MPV-GEN-T6-N60-R02,laff,0,item-029,4,93,6,3,5,7
MPV-GEN-T6-N60-R02,laff,0,item-028,4,98,6,6,2,8
MPV-GEN-T6-N60-R02,laff,0,item-009,5,64,6,2,5,7
MPV-GEN-T6-N60-R02,laff,0,item-019,5,69,6,2,5,7
MPV-GEN-T6-N60-R02,laff,0,item-032,6,78,6,1,5,10
MPV-GEN-T6-N60-R02,laff,0,item-015,6,83,6,4,1,10
MPV-GEN-T6-N60-R02,laff,0,item-030,6,84,6,3,1,10
MPV-GEN-T6-N60-R02,laff,0,item-003,6,85,6,2,2,7
MPV-GEN-T6-N60-R02,laff,0,item-026,6,87,6,1,2,7
MPV-GEN-T6-N60-R02,laff,0,item-047,6,89,6,1,2,7
MPV-GEN-T6-N60-R03,laff,0,item-026,0,0,0,9,10,4
MPV-GEN-T6-N60-R03,laff,0,item-003,0,10,0,8,10,4
MPV-GEN-T6-N60-R03,laff,0,item-035,0,20,0,8,9,4
MPV-GEN-T6-N60-R03,laff,0,item-012,0,29,0,8,9,3
MPV-GEN-T6-N60-R03,laff,0,item-022,0,38,0,10,6,3
MPV-GEN-T6-N60-R03,laff,0,item-025,0,44,0,8,7,3
MPV-GEN-T6-N60-R03,laff,0,item-028,0,51,0,5,8,4
MPV-GEN-T6-N60-R03,laff,0,item-047,0,59,0,6,6,4
MPV-GEN-T6-N60-R03,laff,0,item-053,0,65,0,6,6,4
MPV-GEN-T6-N60-R03,laff,0,item-055,0,71,0,10,4,3
MPV-GEN-T6-N60-R03,laff,0,item-009,0,75,0,7,7,2
MPV-GEN-T6-N60-R03,laff,0,item-001,0,29,3,9,9,1
MPV-GEN-T6-N60-R03,laff,0,item-023,0,82,0,2,10,4
MPV-GEN-T6-N60-R03,laff,0,item-008,0,92,0,3,6,3
MPV-GEN-T6-N60-R03,laff,0,item-019,2,82,0,3,6,3
MPV-GEN-T6-N60-R03,laff,0,item-058,0,38,3,5,10,1
MPV-GEN-T6-N60-R03,laff,0,item-033,2,88,0,4,3,4
MPV-GEN-T6-N60-R03,laff,0,item-041,5,75,2,3,8,2
MPV-GEN-T6-N60-R03,laff,0,item-051,6,51,0,1,10,4
MPV-GEN-T6-N60-R03,laff,0,item-020,0,98,0,6,2,2
MPV-GEN-T6-N60-R03,laff,0,item-005,0,48,3,10,2,1
MPV-GEN-T6-N60-R03,laff,0,item-014,0,71,3,10,2,1
MPV-GEN-T6-N60-R03,laff,0,item-002,0,92,3,6,3,1
MPV-GEN-T6-N60-R03,laff,0,item-007,3,95,0,2,2,4
MPV-GEN-T6-N60-R03,laff,0,item-029,0,73,3,8,2,1
MPV-GEN-T6-N60-R03,laff,0,item-057,0,97,3,5,2,1
MPV-GEN-T6-N60-R03,laff,0,item-011,3,91,0,1,3,3
MPV-GEN-T6-N60-R03,laff,0,item-040,0,50,3,9,1,1
MPV-GEN-T6-N60-R03,laff,0,item-038,2,75,3,1,5,1
MPV-GEN-T6-N60-R03,laff,0,item-015,0,0,4,9,9,5
MPV-GEN-T6-N60-R03,laff,0,item-049,0,9,4,8,8,5
MPV-GEN-T6-N60-R03,laff,0,item-045,0,17,4,8,5,5
MPV-GEN-T6-N60-R03,laff,0,item-032,0,22,4,10,3,5
MPV-GEN-T6-N60-R03,laff,0,item-054,0,25,4,10,3,5
MPV-GEN-T6-N60-R03,laff,0,item-021,0,28,4,1,8,5
MPV-GEN-T6-N60-R03,laff,0,item-004,0,0,9,8,10,6
MPV-GEN-T6-N60-R03,laff,0,item-027,0,10,9,7,8,6
MPV-GEN-T6-N60-R03,laff,0,item-010,0,18,9,9,5,6
MPV-GEN-T6-N60-R03,laff,0,item-056,0,23,9,6,4,6
MPV-GEN-T6-N60-R03,laff,0,item-006,0,27,9,1,9,6
MPV-GEN-T6-N60-R03,laff,0,item-039,0,36,9,1,9,6
MPV-GEN-T6-N60-R03,laff,0,item-037,0,0,15,7,10,9
MPV-GEN-T6-N60-R03,laff,0,item-042,0,10,15,7,8,8
MPV-GEN-T6-N60-R03,laff,0,item-043,0,18,15,7,7,8
MPV-GEN-T6-N60-R03,laff,0,item-044,0,25,15,9,4,9
MPV-GEN-T6-N60-R03,laff,0,item-018,0,29,15,10,4,8
MPV-GEN-T6-N60-R03,laff,0,item-000,0,33,15,10,3,9
MPV-GEN-T6-N60-R03,laff,0,item-024,0,36,15,7,4,9
MPV-GEN-T6-N60-R03,laff,0,item-031,0,40,15,9,4,7
MPV-GEN-T6-N60-R03,laff,0,item-034,0,44,15,9,3,8
MPV-GEN-T6-N60-R03,laff,0,item-046,0,47,15,2,8,8
MPV-GEN-T6-N60-R03,laff,0,item-059,0,55,15,3,4,9
MPV-GEN-T6-N60-R03,laff,0,item-017,0,59,15,1,9,9
MPV-GEN-T6-N60-R03,laff,0,item-052,0,68,15,9,1,9
MPV-GEN-T6-N60-R03,laff,0,item-050,0,69,15,1,9,7
MPV-GEN-T6-N60-R03,laff,0,item-030,0,78,15,1,4,8
MPV-GEN-T6-N60-R03,laff,0,item-016,0,82,15,1,2,7
MPV-GEN-T6-N60-R03,laff,0,item-036,0,0,24,9,7,10
MPV-GEN-T6-N60-R03,laff,0,item-048,0,7,24,7,4,10
MPV-GEN-T6-N60-R03,laff,0,item-013,0,11,24,6,4,10
MPV-GEN-T6-N60-R04,laff,0,item-040,0,0,0,10,9,8
MPV-GEN-T6-N60-R04,laff,0,item-006,0,9,0,9,10,7
MPV-GEN-T6-N60-R04,laff,0,item-052,0,19,0,10,7,8
MPV-GEN-T6-N60-R04,laff,0,item-009,0,26,0,9,10,6
MPV-GEN-T6-N60-R04,laff,0,item-003,0,36,0,7,9,8
MPV-GEN-T6-N60-R04,laff,0,item-034,0,45,0,7,8,8
MPV-GEN-T6-N60-R04,laff,0,item-013,0,53,0,7,10,5
MPV-GEN-T6-N60-R04,laff,0,item-057,0,63,0,10,5,7
MPV-GEN-T6-N60-R04,laff,0,item-030,0,68,0,10,4,7
MPV-GEN-T6-N60-R04,laff,0,item-049,0,72,0,5,7,6
MPV-GEN-T6-N60-R04,laff,0,item-055,0,79,0,5,7,5
MPV-GEN-T6-N60-R04,laff,0,item-031,0,86,0,6,7,4
MPV-GEN-T6-N60-R04,laff,0,item-054,0,93,0,9,3,6
MPV-GEN-T6-N60-R04,laff,0,item-022,0,96,0,8,4,5
MPV-GEN-T6-N60-R04,laff,0,item-029,5,72,0,2,10,8
MPV-GEN-T6-N60-R04,laff,0,item-048,5,82,0,5,4,8
MPV-GEN-T6-N60-R04,laff,0,item-019,6,86,0,3,6,8
MPV-GEN-T6-N60-R04,laff,0,item-035,0,26,6,8,9,2
MPV-GEN-T6-N60-R04,laff,0,item-037,7,36,0,3,8,6
MPV-GEN-T6-N60-R04,laff,0,item-020,0,53,5,5,8,3
MPV-GEN-T6-N60-R04,laff,0,item-038,7,44,0,8,3,5
MPV-GEN-T6-N60-R04,laff,0,item-051,0,92,6,7,8,2
MPV-GEN-T6-N60-R04,laff,0,item-008,7,47,0,5,4,5
MPV-GEN-T6-N60-R04,laff,0,item-012,7,51,0,8,2,5
MPV-GEN-T6-N60-R04,laff,0,item-007,7,35,6,6,6,2
MPV-GEN-T6-N60-R04,laff,0,item-039,0,72,6,5,7,2
MPV-GEN-T6-N60-R04,laff,0,item-056,7,53,0,5,2,7
MPV-GEN-T6-N60-R04,laff,0,item-005,7,41,6,5,6,2
MPV-GEN-T6-N60-R04,laff,0,item-042,0,79,5,4,5,3
MPV-GEN-T6-N60-R04,laff,0,item-053,7,55,0,3,3,6
MPV-GEN-T6-N60-R04,laff,0,item-001,7,58,0,2,5,5
MPV-GEN-T6-N60-R04,laff,0,item-002,6,92,0,10,1,5
MPV-GEN-T6-N60-R04,laff,0,item-046,7,72,0,1,7,7
MPV-GEN-T6-N60-R04,laff,0,item-047,7,79,0,2,3,8
MPV-GEN-T6-N60-R04,laff,0,item-017,8,72,0,2,3,7
MPV-GEN-T6-N60-R04,laff,0,item-036,8,75,0,8,1,5
MPV-GEN-T6-N60-R04,laff,0,item-045,0,86,4,3,3,4
MPV-GEN-T6-N60-R04,laff,0,item-016,0,9,7,4,8,1
MPV-GEN-T6-N60-R04,laff,0,item-000,0,61,7,9,3,1
MPV-GEN-T6-N60-R04,laff,0,item-027,5,58,5,3,3,3
MPV-GEN-T6-N60-R04,laff,0,item-025,8,76,0,4,1,6
MPV-GEN-T6-N60-R04,laff,0,item-044,8,77,0,2,2,6
MPV-GEN-T6-N60-R04,laff,0,item-014,3,84,5,1,6,3
MPV-GEN-T6-N60-R04,laff,0,item-024,7,92,6,1,8,2
MPV-GEN-T6-N60-R04,laff,0,item-026,5,55,6,8,1,2
MPV-GEN-T6-N60-R04,laff,0,item-043,5,56,6,8,1,2
MPV-GEN-T6-N60-R04,laff,0,item-018,4,79,5,1,5,3
MPV-GEN-T6-N60-R04,laff,0,item-028,0,64,7,3,3,1
MPV-GEN-T6-N60-R04,laff,0,item-033,8,26,6,1,2,2
MPV-GEN-T6-N60-R04,laff,0,item-041,0,17,7,3,1,1
MPV-GEN-T6-N60-R04,laff,0,item-021,0,18,7,1,1,1
MPV-GEN-T6-N60-R04,laff,0,item-032,0,0,8,8,10,9
MPV-GEN-T6-N60-R04,laff,0,item-058,0,10,8,9,8,9
MPV-GEN-T6-N60-R04,laff,0,item-011,0,18,8,7,7,9
MPV-GEN-T6-N60-R04,laff,0,item-004,0,25,8,8,5,9
MPV-GEN-T6-N60-R04,laff,0,item-015,0,30,8,3,6,9
MPV-GEN-T6-N60-R04,laff,0,item-059,0,0,17,3,8,10
MPV-GEN-T6-N60-R04,laff,0,item-010,0,8,17,6,3,10
MPV-GEN-T6-N60-R04,laff,0,item-050,0,11,17,6,3,10
MPV-GEN-T6-N60-R04,laff,0,item-023,0,14,17,3,2,10
MPV-GEN-T6-N60-R05,laff,0,item-027,0,0,0,10,9,9
MPV-GEN-T6-N60-R05,laff,0,item-042,0,9,0,10,9,7
MPV-GEN-T6-N60-R05,laff,0,item-036,0,18,0,8,8,9
MPV-GEN-T6-N60-R05,laff,0,item-004,0,26,0,7,9,9
MPV-GEN-T6-N60-R05,laff,0,item-053,0,35,0,9,7,9
MPV-GEN-T6-N60-R05,laff,0,item-026,0,42,0,6,9,9
MPV-GEN-T6-N60-R05,laff,0,item-055,0,51,0,9,9,6
MPV-GEN-T6-N60-R05,laff,0,item-043,0,60,0,10,6,7
MPV-GEN-T6-N60-R05,laff,0,item-006,0,66,0,8,10,5
MPV-GEN-T6-N60-R05,laff,0,item-030,0,76,0,8,7,7
MPV-GEN-T6-N60-R05,laff,0,item-033,0,83,0,5,8,9
MPV-GEN-T6-N60-R05,laff,0,item-054,0,91,0,9,4,8
MPV-GEN-T6-N60-R05,laff,0,item-058,6,42,0,4,9,8
MPV-GEN-T6-N60-R05,laff,0,item-040,0,66,5,8,8,4
MPV-GEN-T6-N60-R05,laff,0,item-021,0,95,0,10,3,8
MPV-GEN-T6-N60-R05,laff,0,item-032,5,83,0,7,8,4
MPV-GEN-T6-N60-R05,laff,0,item-039,7,26,0,8,4,7
MPV-GEN-T6-N60-R05,laff,0,item-000,5,83,4,9,6,4
MPV-GEN-T6-N60-R05,laff,0,item-047,0,51,6,7,9,3
MPV-GEN-T6-N60-R05,laff,0,item-051,7,30,0,4,5,9
MPV-GEN-T6-N60-R05,laff,0,item-028,8,66,0,2,9,9
MPV-GEN-T6-N60-R05,laff,0,item-010,10,0,0,2,10,7
MPV-GEN-T6-N60-R05,laff,0,item-045,7,51,7,7,10,2
MPV-GEN-T6-N60-R05,laff,0,item-048,8,18,0,4,5,7
MPV-GEN-T6-N60-R05,laff,0,item-023,8,23,0,5,3,9
MPV-GEN-T6-N60-R05,laff,0,item-015,9,89,4,8,4,4
MPV-GEN-T6-N60-R05,laff,0,item-003,8,75,0,5,7,3
MPV-GEN-T6-N60-R05,laff,0,item-029,0,9,7,7,7,2
MPV-GEN-T6-N60-R05,laff,0,item-024,8,75,3,8,3,4
MPV-GEN-T6-N60-R05,laff,0,item-038,0,98,0,6,2,8
MPV-GEN-T6-N60-R05,laff,0,item-041,9,35,0,4,3,7
MPV-GEN-T6-N60-R05,laff,0,item-007,10,38,0,1,9,9
MPV-GEN-T6-N60-R05,laff,0,item-013,0,91,8,9,9,1
MPV-GEN-T6-N60-R05,laff,0,item-008,6,98,0,10,1,8
MPV-GEN-T6-N60-R05,laff,0,item-020,8,78,3,3,5,5
MPV-GEN-T6-N60-R05,laff,0,item-009,9,93,0,4,2,9
MPV-GEN-T6-N60-R05,laff,0,item-016,10,61,3,4,3,6
MPV-GEN-T6-N60-R05,laff,0,item-019,9,51,0,2,9,4
MPV-GEN-T6-N60-R05,laff,0,item-049,10,10,0,3,3,8
MPV-GEN-T6-N60-R05,laff,0,item-014,11,78,3,9,1,6
MPV-GEN-T6-N60-R05,laff,0,item-002,0,74,7,3,8,2
MPV-GEN-T6-N60-R05,laff,0,item-011,11,79,3,4,2,6
MPV-GEN-T6-N60-R05,laff,0,item-017,10,64,0,2,6,4
MPV-GEN-T6-N60-R05,laff,0,item-052,10,13,0,2,4,6
MPV-GEN-T6-N60-R05,laff,0,item-059,10,47,0,2,3,8
MPV-GEN-T6-N60-R05,laff,0,item-056,10,64,4,3,3,5
MPV-GEN-T6-N60-R05,laff,0,item-022,11,81,3,7,1,6
MPV-GEN-T6-N60-R05,laff,0,item-018,10,70,0,1,5,7
MPV-GEN-T6-N60-R05,laff,0,item-025,9,38,0,1,4,8
MPV-GEN-T6-N60-R05,laff,0,item-057,3,74,7,2,7,2
MPV-GEN-T6-N60-R05,laff,0,item-046,11,67,4,1,5,5
MPV-GEN-T6-N60-R05,laff,0,item-034,5,75,8,6,4,1
MPV-GEN-T6-N60-R05,laff,0,item-005,7,9,7,1,9,2
MPV-GEN-T6-N60-R05,laff,0,item-044,0,16,7,6,1,2
MPV-GEN-T6-N60-R05,laff,0,item-035,5,79,8,1,10,1
MPV-GEN-T6-N60-R05,laff,0,item-050,0,0,9,10,6,10
MPV-GEN-T6-N60-R05,laff,0,item-037,0,6,9,8,7,10
MPV-GEN-T6-N60-R05,laff,0,item-031,0,13,9,4,7,10
MPV-GEN-T6-N60-R05,laff,0,item-012,0,20,9,9,2,10
MPV-GEN-T6-N60-R05,laff,0,item-001,0,22,9,6,2,10
MPV-GEN-T6-N60-R06,laff,0,item-030,0,0,0,9,9,6
MPV-GEN-T6-N60-R06,laff,0,item-001,0,9,0,9,8,6
MPV-GEN-T6-N60-R06,laff,0,item-058,0,17,0,10,7,6
MPV-GEN-T6-N60-R06,laff,0,item-028,0,24,0,10,6,6
MPV-GEN-T6-N60-R06,laff,0,item-000,0,30,0,10,8,4
MPV-GEN-T6-N60-R06,laff,0,item-057,0,38,0,5,10,6
MPV-GEN-T6-N60-R06,laff,0,item-022,0,48,0,5,9,6
MPV-GEN-T6-N60-R06,laff,0,item-026,0,57,0,5,10,5
MPV-GEN-T6-N60-R06,laff,0,item-021,0,30,4,10,8,2
MPV-GEN-T6-N60-R06,laff,0,item-023,0,67,0,6,5,5
MPV-GEN-T6-N60-R06,laff,0,item-050,0,72,0,5,10,3
MPV-GEN-T6-N60-R06,laff,0,item-052,0,82,0,3,10,5
MPV-GEN-T6-N60-R06,laff,0,item-027,0,92,0,6,4,6
MPV-GEN-T6-N60-R06,laff,0,item-009,0,72,3,6,7,3
MPV-GEN-T6-N60-R06,laff,0,item-011,3,79,3,10,6,2
MPV-GEN-T6-N60-R06,laff,0,item-031,5,38,0,3,8,5
MPV-GEN-T6-N60-R06,laff,0,item-036,0,96,0,7,4,4
MPV-GEN-T6-N60-R06,laff,0,item-042,6,85,4,7,6,2
MPV-GEN-T6-N60-R06,laff,0,item-041,3,85,0,4,4,4
MPV-GEN-T6-N60-R06,laff,0,item-048,5,46,0,4,3,5
MPV-GEN-T6-N60-R06,laff,0,item-004,0,96,4,7,4,2
MPV-GEN-T6-N60-R06,laff,0,item-010,0,57,5,7,8,1
MPV-GEN-T6-N60-R06,laff,0,item-017,5,49,0,3,8,2
MPV-GEN-T6-N60-R06,laff,0,item-018,5,49,2,2,6,4
MPV-GEN-T6-N60-R06,laff,0,item-025,0,65,5,7,6,1
MPV-GEN-T6-N60-R06,laff,0,item-046,7,49,2,2,4,4
MPV-GEN-T6-N60-R06,laff,0,item-040,0,79,5,7,4,1
MPV-GEN-T6-N60-R06,laff,0,item-007,3,91,0,5,1,5
MPV-GEN-T6-N60-R06,laff,0,item-006,5,55,2,6,1,4
MPV-GEN-T6-N60-R06,laff,0,item-043,0,83,5,3,8,1
MPV-GEN-T6-N60-R06,laff,0,item-056,6,71,0,4,1,6
MPV-GEN-T6-N60-R06,laff,0,item-012,7,56,2,1,5,4
MPV-GEN-T6-N60-R06,laff,0,item-005,5,38,5,6,3,1
MPV-GEN-T6-N60-R06,laff,0,item-045,3,83,5,2,8,1
MPV-GEN-T6-N60-R06,laff,0,item-020,6,72,0,2,1,6
MPV-GEN-T6-N60-R06,laff,0,item-034,5,56,2,2,1,3
MPV-GEN-T6-N60-R06,laff,0,item-039,5,41,5,2,2,1
MPV-GEN-T6-N60-R06,laff,0,item-059,0,0,6,10,7,9
MPV-GEN-T6-N60-R06,laff,0,item-013,0,7,6,10,7,8
MPV-GEN-T6-N60-R06,laff,0,item-002,0,14,6,7,6,8
MPV-GEN-T6-N60-R06,laff,0,item-054,0,20,6,8,4,9
MPV-GEN-T6-N60-R06,laff,0,item-032,0,24,6,7,5,8
MPV-GEN-T6-N60-R06,laff,0,item-053,0,29,6,6,4,9
MPV-GEN-T6-N60-R06,laff,0,item-019,0,33,6,2,9,9
MPV-GEN-T6-N60-R06,laff,0,item-037,0,42,6,4,5,7
MPV-GEN-T6-N60-R06,laff,0,item-029,0,47,6,3,5,9
MPV-GEN-T6-N60-R06,laff,0,item-047,0,52,6,3,4,9
MPV-GEN-T6-N60-R06,laff,0,item-024,0,56,6,2,7,7
MPV-GEN-T6-N60-R06,laff,0,item-033,0,63,6,2,7,7
MPV-GEN-T6-N60-R06,laff,0,item-003,0,70,6,2,6,7
MPV-GEN-T6-N60-R06,laff,0,item-044,0,76,6,1,9,9
MPV-GEN-T6-N60-R06,laff,0,item-035,0,85,6,1,8,9
MPV-GEN-T6-N60-R06,laff,0,item-051,0,93,6,10,1,7
MPV-GEN-T6-N60-R06,laff,0,item-015,0,94,6,2,3,8
MPV-GEN-T6-N60-R06,laff,0,item-049,0,97,6,2,2,9
MPV-GEN-T6-N60-R06,laff,0,item-055,1,76,6,2,2,8
MPV-GEN-T6-N60-R06,laff,0,item-016,0,0,15,7,9,10
MPV-GEN-T6-N60-R06,laff,0,item-014,0,9,15,10,5,10
MPV-GEN-T6-N60-R06,laff,0,item-038,0,14,15,5,10,10
MPV-GEN-T6-N60-R06,laff,0,item-008,0,24,15,2,9,10
MPV-GEN-T6-N60-R07,laff,0,item-049,0,0,0,10,10,9
MPV-GEN-T6-N60-R07,laff,0,item-021,0,10,0,9,10,9
MPV-GEN-T6-N60-R07,laff,0,item-020,0,20,0,10,8,8
MPV-GEN-T6-N60-R07,laff,0,item-000,0,28,0,10,9,7
MPV-GEN-T6-N60-R07,laff,0,item-024,0,37,0,9,10,7
MPV-GEN-T6-N60-R07,laff,0,item-036,0,47,0,7,9,8
MPV-GEN-T6-N60-R07,laff,0,item-039,0,56,0,7,9,8
MPV-GEN-T6-N60-R07,laff,0,item-045,0,65,0,8,7,9
MPV-GEN-T6-N60-R07,laff,0,item-051,0,72,0,7,10,6
MPV-GEN-T6-N60-R07,laff,0,item-047,0,82,0,8,10,4
MPV-GEN-T6-N60-R07,laff,0,item-014,0,72,6,10,10,3
MPV-GEN-T6-N60-R07,laff,0,item-022,0,92,0,4,8,9
MPV-GEN-T6-N60-R07,laff,0,item-035,7,47,0,4,9,8
MPV-GEN-T6-N60-R07,laff,0,item-059,4,92,0,9,4,7
MPV-GEN-T6-N60-R07,laff,0,item-002,0,82,4,10,5,5
MPV-GEN-T6-N60-R07,laff,0,item-016,7,56,0,7,6,5
MPV-GEN-T6-N60-R07,laff,0,item-057,8,56,5,7,10,3
MPV-GEN-T6-N60-R07,laff,0,item-027,11,0,5,5,10,4
MPV-GEN-T6-N60-R07,laff,0,item-011,4,96,0,7,3,9
MPV-GEN-T6-N60-R07,laff,0,item-015,7,72,0,7,9,3
MPV-GEN-T6-N60-R07,laff,0,item-042,10,66,3,3,10,6
MPV-GEN-T6-N60-R07,laff,0,item-054,8,87,0,6,3,9
MPV-GEN-T6-N60-R07,laff,0,item-003,10,76,3,10,4,4
MPV-GEN-T6-N60-R07,laff,0,item-019,13,66,3,3,10,5
MPV-GEN-T6-N60-R07,laff,0,item-044,10,80,3,5,6,5
MPV-GEN-T6-N60-R07,laff,0,item-058,9,10,0,5,6,5
MPV-GEN-T6-N60-R07,laff,0,item-040,9,16,0,7,3,7
MPV-GEN-T6-N60-R07,laff,0,item-023,9,10,5,6,6,4
MPV-GEN-T6-N60-R07,laff,0,item-050,7,62,0,9,3,5
MPV-GEN-T6-N60-R07,laff,0,item-052,15,19,5,5,9,3
MPV-GEN-T6-N60-R07,laff,0,item-010,9,37,0,3,7,6
MPV-GEN-T6-N60-R07,laff,0,item-012,10,19,0,2,7,9
MPV-GEN-T6-N60-R07,laff,0,item-007,0,28,7,10,6,2
MPV-GEN-T6-N60-R07,laff,0,item-026,15,28,5,3,10,4
MPV-GEN-T6-N60-R07,laff,0,item-037,9,38,6,9,4,3
MPV-GEN-T6-N60-R07,laff,0,item-055,8,90,0,6,2,9
MPV-GEN-T6-N60-R07,laff,0,item-004,0,34,7,6,8,2
MPV-GEN-T6-N60-R07,laff,0,item-018,8,66,0,2,6,8
MPV-GEN-T6-N60-R07,laff,0,item-008,10,26,6,5,6,3
MPV-GEN-T6-N60-R07,laff,0,item-056,15,42,5,2,10,4
MPV-GEN-T6-N60-R07,laff,0,item-009,10,0,0,1,9,8
MPV-GEN-T6-N60-R07,laff,0,item-033,15,52,5,6,3,4
MPV-GEN-T6-N60-R07,laff,0,item-043,9,44,0,3,3,8
MPV-GEN-T6-N60-R07,laff,0,item-041,11,92,7,5,6,2
MPV-GEN-T6-N60-R07,laff,0,item-030,15,55,5,7,2,4
MPV-GEN-T6-N60-R07,laff,0,item-032,15,57,5,6,3,3
MPV-GEN-T6-N60-R07,laff,0,item-029,15,60,5,8,2,3
MPV-GEN-T6-N60-R07,laff,0,item-048,15,62,5,3,4,4
MPV-GEN-T6-N60-R07,laff,0,item-028,10,26,0,1,10,4
MPV-GEN-T6-N60-R07,laff,0,item-046,0,42,7,10,2,2
MPV-GEN-T6-N60-R07,laff,0,item-053,12,16,7,2,10,2
MPV-GEN-T6-N60-R07,laff,0,item-034,11,26,0,1,5,6
MPV-GEN-T6-N60-R07,laff,0,item-013,4,87,7,2,6,2
MPV-GEN-T6-N60-R07,laff,0,item-038,7,56,5,1,7,3
MPV-GEN-T6-N60-R07,laff,0,item-005,0,20,8,2,8,1
MPV-GEN-T6-N60-R07,laff,0,item-001,0,44,8,3,5,1
MPV-GEN-T6-N60-R07,laff,0,item-006,3,44,7,5,1,2
MPV-GEN-T6-N60-R07,laff,0,item-031,0,49,8,1,10,1
MPV-GEN-T6-N60-R07,laff,0,item-025,9,37,6,2,1,3
MPV-GEN-T6-N60-R07,laff,0,item-017,0,59,8,1,1,1
MPV-GEN-T6-N60-R08,laff,0,item-042,0,0,0,10,7,1
MPV-GEN-T6-N60-R08,laff,0,item-028,0,7,0,9,7,1
MPV-GEN-T6-N60-R08,laff,0,item-036,0,14,0,6,5,1
MPV-GEN-T6-N60-R08,laff,0,item-006,0,19,0,3,2,1
MPV-GEN-T6-N60-R08,laff,0,item-027,0,21,0,1,5,1
MPV-GEN-T6-N60-R08,laff,0,item-055,0,26,0,1,5,1
MPV-GEN-T6-N60-R08,laff,0,item-002,0,31,0,4,1,1
MPV-GEN-T6-N60-R08,laff,0,item-046,0,32,0,1,1,1
MPV-GEN-T6-N60-R08,laff,0,item-053,0,0,1,9,7,4
MPV-GEN-T6-N60-R08,laff,0,item-035,0,7,1,6,9,4
MPV-GEN-T6-N60-R08,laff,0,item-058,0,16,1,9,6,3
MPV-GEN-T6-N60-R08,laff,0,item-039,0,22,1,9,7,2
MPV-GEN-T6-N60-R08,laff,0,item-049,0,22,3,7,9,2
MPV-GEN-T6-N60-R08,laff,0,item-052,0,31,1,6,5,4
MPV-GEN-T6-N60-R08,laff,0,item-043,7,22,3,6,7,2
MPV-GEN-T6-N60-R08,laff,0,item-051,0,36,1,3,6,4
MPV-GEN-T6-N60-R08,laff,0,item-044,0,42,1,8,4,2
MPV-GEN-T6-N60-R08,laff,0,item-012,0,46,1,2,8,3
MPV-GEN-T6-N60-R08,laff,0,item-030,0,54,1,6,2,3
MPV-GEN-T6-N60-R08,laff,0,item-054,0,42,3,5,3,2
MPV-GEN-T6-N60-R08,laff,0,item-005,2,45,3,7,2,2
MPV-GEN-T6-N60-R08,laff,0,item-018,0,56,1,1,7,3
MPV-GEN-T6-N60-R08,laff,0,item-048,5,36,3,1,4,2
MPV-GEN-T6-N60-R08,laff,0,item-019,5,40,3,1,2,2
MPV-GEN-T6-N60-R08,laff,0,item-023,0,0,5,7,8,10
MPV-GEN-T6-N60-R08,laff,0,item-010,0,8,5,10,5,10
MPV-GEN-T6-N60-R08,laff,0,item-059,0,13,5,7,8,8
MPV-GEN-T6-N60-R08,laff,0,item-041,0,21,5,5,9,9
MPV-GEN-T6-N60-R08,laff,0,item-020,0,30,5,9,4,9
MPV-GEN-T6-N60-R08,laff,0,item-032,0,34,5,4,10,7
MPV-GEN-T6-N60-R08,laff,0,item-007,0,44,5,4,8,8
MPV-GEN-T6-N60-R08,laff,0,item-038,0,52,5,10,5,5
MPV-GEN-T6-N60-R08,laff,0,item-047,0,57,5,4,7,8
MPV-GEN-T6-N60-R08,laff,0,item-050,0,64,5,4,7,8
MPV-GEN-T6-N60-R08,laff,0,item-029,0,71,5,2,10,10
MPV-GEN-T6-N60-R08,laff,0,item-016,0,81,5,10,2,9
MPV-GEN-T6-N60-R08,laff,0,item-026,0,83,5,2,9,10
MPV-GEN-T6-N60-R08,laff,0,item-025,0,92,5,8,3,6
MPV-GEN-T6-N60-R08,laff,0,item-034,0,95,5,9,2,8
MPV-GEN-T6-N60-R08,laff,0,item-021,0,52,10,9,3,5
MPV-GEN-T6-N60-R08,laff,0,item-024,2,71,5,3,4,10
MPV-GEN-T6-N60-R08,laff,0,item-045,2,75,5,3,5,8
MPV-GEN-T6-N60-R08,laff,0,item-013,2,83,5,3,4,9
MPV-GEN-T6-N60-R08,laff,0,item-022,4,34,5,2,6,9
MPV-GEN-T6-N60-R08,laff,0,item-011,4,55,10,3,7,5
MPV-GEN-T6-N60-R08,laff,0,item-008,7,55,10,9,2,5
MPV-GEN-T6-N60-R08,laff,0,item-017,2,87,5,2,5,9
MPV-GEN-T6-N60-R08,laff,0,item-037,0,97,5,5,2,8
MPV-GEN-T6-N60-R08,laff,0,item-031,0,99,5,8,1,8
MPV-GEN-T6-N60-R08,laff,0,item-009,4,40,5,3,2,10
MPV-GEN-T6-N60-R08,laff,0,item-033,4,42,5,3,2,10
MPV-GEN-T6-N60-R08,laff,0,item-003,2,80,5,7,1,8
MPV-GEN-T6-N60-R08,laff,0,item-015,4,44,5,1,8,7
MPV-GEN-T6-N60-R08,laff,0,item-056,9,13,10,1,10,5
MPV-GEN-T6-N60-R08,laff,0,item-057,4,62,5,2,3,7
MPV-GEN-T6-N60-R08,laff,0,item-040,4,65,5,6,1,6
MPV-GEN-T6-N60-R08,laff,0,item-001,9,23,10,6,1,5
MPV-GEN-T6-N60-R08,laff,0,item-014,9,24,10,1,6,5
MPV-GEN-T6-N60-R08,laff,0,item-004,0,55,10,4,1,5
MPV-GEN-T6-N60-R08,laff,0,item-000,4,66,5,1,1,9
MPV-GEN-T6-N60-R09,laff,0,item-026,0,0,0,10,9,7
MPV-GEN-T6-N60-R09,laff,0,item-043,0,9,0,8,10,7
MPV-GEN-T6-N60-R09,laff,0,item-041,0,19,0,6,9,7
MPV-GEN-T6-N60-R09,laff,0,item-056,0,28,0,9,9,3
MPV-GEN-T6-N60-R09,laff,0,item-029,0,28,3,7,7,4
MPV-GEN-T6-N60-R09,laff,0,item-024,0,35,3,10,9,2
MPV-GEN-T6-N60-R09,laff,0,item-035,7,19,3,7,8,3
MPV-GEN-T6-N60-R09,laff,0,item-045,0,44,0,7,4,6
MPV-GEN-T6-N60-R09,laff,0,item-003,0,48,0,5,9,3
MPV-GEN-T6-N60-R09,laff,0,item-004,0,57,0,5,5,5
MPV-GEN-T6-N60-R09,laff,0,item-009,0,62,0,6,4,5
MPV-GEN-T6-N60-R09,laff,0,item-010,0,66,0,6,4,5
MPV-GEN-T6-N60-R09,laff,0,item-040,0,48,5,6,10,2
MPV-GEN-T6-N60-R09,laff,0,item-059,0,70,0,6,3,6
MPV-GEN-T6-N60-R09,laff,0,item-017,0,73,0,2,8,6
MPV-GEN-T6-N60-R09,laff,0,item-042,0,81,0,6,3,5
MPV-GEN-T6-N60-R09,laff,0,item-053,0,84,0,5,3,5
MPV-GEN-T6-N60-R09,laff,0,item-015,0,35,5,6,6,2
MPV-GEN-T6-N60-R09,laff,0,item-037,0,87,0,2,9,4
MPV-GEN-T6-N60-R09,laff,0,item-055,0,58,5,5,7,2
MPV-GEN-T6-N60-R09,laff,0,item-023,0,96,0,9,1,7
MPV-GEN-T6-N60-R09,laff,0,item-036,0,97,0,6,2,5
MPV-GEN-T6-N60-R09,laff,0,item-016,7,27,3,2,7,4
MPV-GEN-T6-N60-R09,laff,0,item-027,0,99,0,8,1,7
MPV-GEN-T6-N60-R09,laff,0,item-028,2,73,0,8,1,7
MPV-GEN-T6-N60-R09,laff,0,item-049,0,65,5,5,5,2
MPV-GEN-T6-N60-R09,laff,0,item-018,2,74,0,1,7,7
MPV-GEN-T6-N60-R09,laff,0,item-032,0,81,5,3,8,2
MPV-GEN-T6-N60-R09,laff,0,item-013,0,89,4,5,3,3
MPV-GEN-T6-N60-R09,laff,0,item-011,0,41,5,10,2,2
MPV-GEN-T6-N60-R09,laff,0,item-054,3,74,5,5,4,2
MPV-GEN-T6-N60-R09,laff,0,item-057,3,78,5,4,5,2
MPV-GEN-T6-N60-R09,laff,0,item-058,3,83,5,4,5,2
MPV-GEN-T6-N60-R09,laff,0,item-019,2,92,0,2,3,6
MPV-GEN-T6-N60-R09,laff,0,item-031,5,58,5,6,3,2
MPV-GEN-T6-N60-R09,laff,0,item-034,5,61,6,6,6,1
MPV-GEN-T6-N60-R09,laff,0,item-052,0,97,5,8,2,2
MPV-GEN-T6-N60-R09,laff,0,item-048,0,43,6,10,3,1
MPV-GEN-T6-N60-R09,laff,0,item-051,0,70,6,10,3,1
MPV-GEN-T6-N60-R09,laff,0,item-047,0,95,4,9,1,3
MPV-GEN-T6-N60-R09,laff,0,item-030,6,19,6,4,5,1
MPV-GEN-T6-N60-R09,laff,0,item-007,3,74,0,1,3,5
MPV-GEN-T6-N60-R09,laff,0,item-000,6,35,5,1,4,2
MPV-GEN-T6-N60-R09,laff,0,item-022,5,67,5,1,3,2
MPV-GEN-T6-N60-R09,laff,0,item-033,0,0,7,9,8,9
MPV-GEN-T6-N60-R09,laff,0,item-002,0,8,7,7,10,8
MPV-GEN-T6-N60-R09,laff,0,item-038,0,18,7,8,4,8
MPV-GEN-T6-N60-R09,laff,0,item-012,0,22,7,3,10,8
MPV-GEN-T6-N60-R09,laff,0,item-025,0,32,7,5,6,8
MPV-GEN-T6-N60-R09,laff,0,item-039,0,38,7,4,4,9
MPV-GEN-T6-N60-R09,laff,0,item-046,0,42,7,1,9,9
MPV-GEN-T6-N60-R09,laff,0,item-006,0,51,7,2,4,9
MPV-GEN-T6-N60-R09,laff,0,item-020,0,55,7,7,1,9
MPV-GEN-T6-N60-R09,laff,0,item-044,0,56,7,2,3,8
MPV-GEN-T6-N60-R09,laff,0,item-008,0,59,7,2,1,8
MPV-GEN-T6-N60-R09,laff,0,item-001,0,0,16,8,8,10
MPV-GEN-T6-N60-R09,laff,0,item-021,0,8,16,8,5,10
MPV-GEN-T6-N60-R09,laff,0,item-050,0,13,16,8,2,10
MPV-GEN-T6-N60-R09,laff,0,item-005,0,15,16,1,5,10
MPV-GEN-T6-N60-R09,laff,0,item-014,0,20,16,1,1,10
MPV-GEN-T6-N60-R10,laff,0,item-046,0,0,0,10,8,8
MPV-GEN-T6-N60-R10,laff,0,item-009,0,8,0,10,7,7
MPV-GEN-T6-N60-R10,laff,0,item-021,0,15,0,8,8,6
MPV-GEN-T6-N60-R10,laff,0,item-026,0,23,0,9,8,5
MPV-GEN-T6-N60-R10,laff,0,item-057,0,31,0,7,8,6
MPV-GEN-T6-N60-R10,laff,0,item-055,0,39,0,8,10,4
MPV-GEN-T6-N60-R10,laff,0,item-028,0,49,0,6,8,6
MPV-GEN-T6-N60-R10,laff,0,item-056,0,39,4,10,7,4
MPV-GEN-T6-N60-R10,laff,0,item-059,0,57,0,6,9,5
MPV-GEN-T6-N60-R10,laff,0,item-004,0,66,0,3,10,8
MPV-GEN-T6-N60-R10,laff,0,item-003,0,76,0,4,8,7
MPV-GEN-T6-N60-R10,laff,0,item-011,0,84,0,6,6,6
MPV-GEN-T6-N60-R10,laff,0,item-015,0,90,0,10,3,6
MPV-GEN-T6-N60-R10,laff,0,item-033,0,93,0,4,7,5
MPV-GEN-T6-N60-R10,laff,0,item-053,3,66,0,2,10,7
MPV-GEN-T6-N60-R10,laff,0,item-017,6,46,4,3,10,4
MPV-GEN-T6-N60-R10,laff,0,item-043,0,23,5,9,4,3
MPV-GEN-T6-N60-R10,laff,0,item-027,7,31,4,4,6,4
MPV-GEN-T6-N60-R10,laff,0,item-020,0,15,6,6,7,2
MPV-GEN-T6-N60-R10,laff,0,item-007,0,57,5,5,5,3
MPV-GEN-T6-N60-R10,laff,0,item-005,0,76,7,8,9,1
MPV-GEN-T6-N60-R10,laff,0,item-016,4,93,0,3,3,8
MPV-GEN-T6-N60-R10,laff,0,item-035,3,62,7,9,8,1
MPV-GEN-T6-N60-R10,laff,0,item-052,6,8,7,9,8,1
MPV-GEN-T6-N60-R10,laff,0,item-024,4,76,0,4,3,5
MPV-GEN-T6-N60-R10,laff,0,item-023,4,79,0,10,1,5
MPV-GEN-T6-N60-R10,laff,0,item-001,4,80,0,3,4,4
MPV-GEN-T6-N60-R10,laff,0,item-039,0,27,5,8,2,3
MPV-GEN-T6-N60-R10,laff,0,item-041,0,46,4,6,2,4
MPV-GEN-T6-N60-R10,laff,0,item-049,0,93,5,4,4,3
MPV-GEN-T6-N60-R10,laff,0,item-030,0,29,6,3,7,2
MPV-GEN-T6-N60-R10,laff,0,item-037,0,8,7,6,7,1
MPV-GEN-T6-N60-R10,laff,0,item-054,4,96,0,4,2,5
MPV-GEN-T6-N60-R10,laff,0,item-034,0,97,5,4,3,3
MPV-GEN-T6-N60-R10,laff,0,item-050,0,62,5,3,4,3
MPV-GEN-T6-N60-R10,laff,0,item-044,4,98,0,7,1,5
MPV-GEN-T6-N60-R10,laff,0,item-018,0,48,6,2,8,2
MPV-GEN-T6-N60-R10,laff,0,item-032,5,66,0,1,5,6
MPV-GEN-T6-N60-R10,laff,0,item-000,0,85,6,2,6,2
MPV-GEN-T6-N60-R10,laff,0,item-002,6,49,0,1,6,4
MPV-GEN-T6-N60-R10,laff,0,item-014,2,48,6,2,5,2
MPV-GEN-T6-N60-R10,laff,0,item-045,5,71,0,2,2,5
MPV-GEN-T6-N60-R10,laff,0,item-019,4,96,5,2,3,3
MPV-GEN-T6-N60-R10,laff,0,item-022,0,22,6,9,1,2
MPV-GEN-T6-N60-R10,laff,0,item-025,2,84,6,1,8,1
MPV-GEN-T6-N60-R10,laff,0,item-012,0,36,6,3,1,2
MPV-GEN-T6-N60-R10,laff,0,item-029,2,85,7,1,5,1
MPV-GEN-T6-N60-R10,laff,0,item-058,0,0,8,10,5,10
MPV-GEN-T6-N60-R10,laff,0,item-008,0,5,8,6,7,10
MPV-GEN-T6-N60-R10,laff,0,item-040,0,12,8,5,8,9
MPV-GEN-T6-N60-R10,laff,0,item-047,0,20,8,5,8,9
MPV-GEN-T6-N60-R10,laff,0,item-036,0,28,8,5,6,10
MPV-GEN-T6-N60-R10,laff,0,item-042,0,34,8,3,8,10
MPV-GEN-T6-N60-R10,laff,0,item-048,0,42,8,8,3,9
MPV-GEN-T6-N60-R10,laff,0,item-031,0,45,8,5,4,9
MPV-GEN-T6-N60-R10,laff,0,item-006,0,49,8,2,5,10
MPV-GEN-T6-N60-R10,laff,0,item-038,0,54,8,5,2,10
MPV-GEN-T6-N60-R10,laff,0,item-010,0,56,8,1,10,9
MPV-GEN-T6-N60-R10,laff,0,item-013,0,66,8,6,1,10
MPV-GEN-T6-N60-R10,laff,0,item-051,0,67,8,6,1,9
MPV-GEN-T6-N90-R01,laff,0,item-080,0,0,0,10,10,3
MPV-GEN-T6-N90-R01,laff,0,item-019,0,10,0,9,10,3
MPV-GEN-T6-N90-R01,laff,0,item-081,0,20,0,9,10,3
MPV-GEN-T6-N90-R01,laff,0,item-012,0,30,0,8,7,3
MPV-GEN-T6-N90-R01,laff,0,item-004,0,37,0,10,6,2
MPV-GEN-T6-N90-R01,laff,0,item-008,0,43,0,3,10,3
MPV-GEN-T6-N90-R01,laff,0,item-037,0,53,0,3,10,3
MPV-GEN-T6-N90-R01,laff,0,item-029,0,63,0,6,4,3
MPV-GEN-T6-N90-R01,laff,0,item-071,0,67,0,3,7,3
MPV-GEN-T6-N90-R01,laff,0,item-057,0,74,0,3,6,3
MPV-GEN-T6-N90-R01,laff,0,item-069,0,80,0,10,2,2
MPV-GEN-T6-N90-R01,laff,0,item-035,0,82,0,6,3,2
MPV-GEN-T6-N90-R01,laff,0,item-075,0,85,0,8,2,2
MPV-GEN-T6-N90-R01,laff,0,item-061,0,87,0,2,7,2
MPV-GEN-T6-N90-R01,laff,0,item-065,0,80,2,3,9,1
MPV-GEN-T6-N90-R01,laff,0,item-068,0,94,0,9,1,3
MPV-GEN-T6-N90-R01,laff,0,item-003,0,95,0,6,2,2
MPV-GEN-T6-N90-R01,laff,0,item-025,0,37,2,8,3,1
MPV-GEN-T6-N90-R01,laff,0,item-015,3,43,0,1,7,3
MPV-GEN-T6-N90-R01,laff,0,item-052,0,40,2,7,3,1
MPV-GEN-T6-N90-R01,laff,0,item-064,0,89,2,10,2,1
MPV-GEN-T6-N90-R01,laff,0,item-010,0,97,0,9,1,2
MPV-GEN-T6-N90-R01,laff,0,item-031,3,67,2,1,10,1
MPV-GEN-T6-N90-R01,laff,0,item-062,0,91,2,10,1,1
MPV-GEN-T6-N90-R01,laff,0,item-017,3,50,0,1,3,3
MPV-GEN-T6-N90-R01,laff,0,item-011,0,92,2,7,1,1
MPV-GEN-T6-N90-R01,laff,0,item-059,0,95,2,1,4,1
MPV-GEN-T6-N90-R01,laff,0,item-072,0,98,0,1,1,2
MPV-GEN-T6-N90-R01,laff,0,item-016,0,0,3,9,10,9
MPV-GEN-T6-N90-R01,laff,0,item-086,0,10,3,10,9,8
MPV-GEN-T6-N90-R01,laff,0,item-022,0,19,3,6,10,9
MPV-GEN-T6-N90-R01,laff,0,item-056,0,29,3,8,10,6
MPV-GEN-T6-N90-R01,laff,0,item-044,0,39,3,9,10,5
MPV-GEN-T6-N90-R01,laff,0,item-041,0,49,3,7,8,8
MPV-GEN-T6-N90-R01,laff,0,item-060,0,57,3,9,7,7
MPV-GEN-T6-N90-R01,laff,0,item-047,0,64,3,8,8,6
MPV-GEN-T6-N90-R01,laff,0,item-053,0,72,3,6,10,6
MPV-GEN-T6-N90-R01,laff,0,item-028,0,82,3,7,8,6
MPV-GEN-T6-N90-R01,laff,0,item-014,0,90,3,6,6,9
MPV-GEN-T6-N90-R01,laff,0,item-073,0,39,8,9,9,4
MPV-GEN-T6-N90-R01,laff,0,item-036,6,19,3,5,9,6
MPV-GEN-T6-N90-R01,laff,0,item-007,6,72,3,4,8,8
MPV-GEN-T6-N90-R01,laff,0,item-039,7,48,8,7,9,4
MPV-GEN-T6-N90-R01,laff,0,item-076,6,90,3,4,9,7
MPV-GEN-T6-N90-R01,laff,0,item-032,7,80,3,8,3,9
MPV-GEN-T6-N90-R01,laff,0,item-070,7,83,3,9,4,6
MPV-GEN-T6-N90-R01,laff,0,item-089,8,28,3,7,5,6
MPV-GEN-T6-N90-R01,laff,0,item-002,9,0,3,4,9,5
MPV-GEN-T6-N90-R01,laff,0,item-055,7,87,3,10,2,9
MPV-GEN-T6-N90-R01,laff,0,item-040,7,49,3,7,5,5
MPV-GEN-T6-N90-R01,laff,0,item-067,8,33,3,9,3,6
MPV-GEN-T6-N90-R01,laff,0,item-005,8,64,3,8,4,5
MPV-GEN-T6-N90-R01,laff,0,item-000,9,36,3,6,5,5
MPV-GEN-T6-N90-R01,laff,0,item-077,0,96,3,6,4,6
MPV-GEN-T6-N90-R01,laff,0,item-049,8,68,3,10,2,7
MPV-GEN-T6-N90-R01,laff,0,item-021,8,70,3,9,2,7
MPV-GEN-T6-N90-R01,laff,0,item-045,9,41,3,4,5,5
MPV-GEN-T6-N90-R01,laff,0,item-018,9,46,3,8,2,6
MPV-GEN-T6-N90-R01,laff,0,item-006,9,0,8,3,7,4
MPV-GEN-T6-N90-R01,laff,0,item-088,6,99,3,9,1,9
MPV-GEN-T6-N90-R01,laff,0,item-058,9,57,3,5,2,7
MPV-GEN-T6-N90-R01,laff,0,item-030,10,9,3,1,8,8
MPV-GEN-T6-N90-R01,laff,0,item-066,8,36,8,5,3,4
MPV-GEN-T6-N90-R01,laff,0,item-024,10,72,3,1,8,7
MPV-GEN-T6-N90-R01,laff,0,item-026,8,64,8,7,2,4
MPV-GEN-T6-N90-R01,laff,0,item-042,10,89,3,1,8,6
MPV-GEN-T6-N90-R01,laff,0,item-001,9,59,3,5,1,9
MPV-GEN-T6-N90-R01,laff,0,item-083,9,60,3,2,3,7
MPV-GEN-T6-N90-R01,laff,0,item-063,11,9,3,1,8,5
MPV-GEN-T6-N90-R01,laff,0,item-050,11,17,3,1,5,7
MPV-GEN-T6-N90-R01,laff,0,item-078,9,39,8,2,4,4
MPV-GEN-T6-N90-R01,laff,0,item-084,9,63,3,4,1,8
MPV-GEN-T6-N90-R01,laff,0,item-009,11,22,3,1,3,8
MPV-GEN-T6-N90-R01,laff,0,item-074,9,43,8,2,3,4
MPV-GEN-T6-N90-R01,laff,0,item-082,11,7,8,1,6,4
MPV-GEN-T6-N90-R01,laff,0,item-087,8,66,8,3,2,4
MPV-GEN-T6-N90-R01,laff,0,item-054,6,28,3,2,1,9
MPV-GEN-T6-N90-R01,laff,0,item-051,6,80,3,1,2,8
MPV-GEN-T6-N90-R01,laff,0,item-038,7,89,3,1,1,9
MPV-GEN-T6-N90-R01,laff,0,item-079,8,89,3,1,1,6
MPV-GEN-T6-N90-R01,laff,0,item-027,0,0,12,9,8,10
MPV-GEN-T6-N90-R01,laff,0,item-085,0,8,12,7,9,10
MPV-GEN-T6-N90-R01,laff,0,item-020,0,17,12,8,6,10
MPV-GEN-T6-N90-R01,laff,0,item-046,0,23,12,6,8,10
MPV-GEN-T6-N90-R01,laff,0,item-013,0,31,12,6,6,10
MPV-GEN-T6-N90-R01,laff,0,item-043,0,37,12,7,5,10
MPV-GEN-T6-N90-R01,laff,0,item-033,0,42,12,4,3,10
MPV-GEN-T6-N90-R01,laff,0,item-048,0,45,12,5,2,10
MPV-GEN-T6-N90-R01,laff,0,item-034,0,47,12,9,1,10
MPV-GEN-T6-N90-R01,laff,0,item-023,0,48,12,2,4,10
MPV-GEN-T6-N90-R02,laff,0,item-029,0,0,0,10,10,8
MPV-GEN-T6-N90-R02,laff,0,item-077,0,10,0,10,10,8
MPV-GEN-T6-N90-R02,laff,0,item-030,0,20,0,10,10,7
MPV-GEN-T6-N90-R02,laff,0,item-084,0,30,0,9,10,7
MPV-GEN-T6-N90-R02,laff,0,item-012,0,40,0,8,10,7
MPV-GEN-T6-N90-R02,laff,0,item-087,0,50,0,8,8,8
MPV-GEN-T6-N90-R02,laff,0,item-058,0,58,0,9,10,5
MPV-GEN-T6-N90-R02,laff,0,item-089,0,68,0,8,8,7
MPV-GEN-T6-N90-R02,laff,0,item-043,0,76,0,8,9,6
MPV-GEN-T6-N90-R02,laff,0,item-008,0,85,0,7,8,7
MPV-GEN-T6-N90-R02,laff,0,item-057,7,85,0,6,9,7
MPV-GEN-T6-N90-R02,laff,0,item-039,0,94,0,9,5,8
MPV-GEN-T6-N90-R02,laff,0,item-000,8,40,0,7,7,7
MPV-GEN-T6-N90-R02,laff,0,item-051,8,47,0,7,8,6
MPV-GEN-T6-N90-R02,laff,0,item-007,8,68,0,8,10,4
MPV-GEN-T6-N90-R02,laff,0,item-069,8,78,0,9,4,8
MPV-GEN-T6-N90-R02,laff,0,item-056,9,30,0,7,8,5
MPV-GEN-T6-N90-R02,laff,0,item-067,0,58,5,10,9,3
MPV-GEN-T6-N90-R02,laff,0,item-013,9,94,0,9,4,7
MPV-GEN-T6-N90-R02,laff,0,item-031,8,55,0,10,3,8
MPV-GEN-T6-N90-R02,laff,0,item-048,10,0,0,3,10,8
MPV-GEN-T6-N90-R02,laff,0,item-070,10,10,0,5,8,6
MPV-GEN-T6-N90-R02,laff,0,item-010,10,18,0,4,9,6
MPV-GEN-T6-N90-R02,laff,0,item-015,10,58,0,5,6,7
MPV-GEN-T6-N90-R02,laff,0,item-062,13,0,0,3,10,7
MPV-GEN-T6-N90-R02,laff,0,item-075,8,67,5,7,10,3
MPV-GEN-T6-N90-R02,laff,0,item-068,13,82,0,7,4,7
MPV-GEN-T6-N90-R02,laff,0,item-059,10,10,6,9,10,2
MPV-GEN-T6-N90-R02,laff,0,item-001,9,30,5,8,7,3
MPV-GEN-T6-N90-R02,laff,0,item-073,13,86,0,6,4,7
MPV-GEN-T6-N90-R02,laff,0,item-063,14,20,0,3,6,8
MPV-GEN-T6-N90-R02,laff,0,item-064,15,38,4,6,6,4
MPV-GEN-T6-N90-R02,laff,0,item-021,15,58,4,9,5,3
MPV-GEN-T6-N90-R02,laff,0,item-028,15,10,0,5,5,5
MPV-GEN-T6-N90-R02,laff,0,item-025,15,63,4,4,7,4
MPV-GEN-T6-N90-R02,laff,0,item-079,0,76,6,7,8,2
MPV-GEN-T6-N90-R02,laff,0,item-005,15,44,0,3,6,6
MPV-GEN-T6-N90-R02,laff,0,item-045,15,70,4,9,3,4
MPV-GEN-T6-N90-R02,laff,0,item-011,15,50,0,3,5,7
MPV-GEN-T6-N90-R02,laff,0,item-027,8,82,0,5,3,7
MPV-GEN-T6-N90-R02,laff,0,item-066,13,90,0,3,4,8
MPV-GEN-T6-N90-R02,laff,0,item-086,19,0,5,8,4,3
MPV-GEN-T6-N90-R02,laff,0,item-034,8,47,6,5,8,2
MPV-GEN-T6-N90-R02,laff,0,item-006,19,4,5,3,8,3
MPV-GEN-T6-N90-R02,laff,0,item-023,14,26,0,3,4,6
MPV-GEN-T6-N90-R02,laff,0,item-038,0,20,7,8,9,1
MPV-GEN-T6-N90-R02,laff,0,item-049,0,99,0,9,1,8
MPV-GEN-T6-N90-R02,laff,0,item-074,10,27,0,4,3,6
MPV-GEN-T6-N90-R02,laff,0,item-044,10,20,6,4,8,2
MPV-GEN-T6-N90-R02,laff,0,item-018,19,12,5,7,3,3
MPV-GEN-T6-N90-R02,laff,0,item-002,0,29,7,8,7,1
MPV-GEN-T6-N90-R02,laff,0,item-053,16,0,0,1,7,8
MPV-GEN-T6-N90-R02,laff,0,item-088,9,98,0,8,1,7
MPV-GEN-T6-N90-R02,laff,0,item-009,15,58,0,3,8,2
MPV-GEN-T6-N90-R02,laff,0,item-040,13,47,6,8,3,2
MPV-GEN-T6-N90-R02,laff,0,item-082,15,73,4,6,2,4
MPV-GEN-T6-N90-R02,laff,0,item-014,15,75,4,7,2,3
MPV-GEN-T6-N90-R02,laff,0,item-042,0,36,7,8,5,1
MPV-GEN-T6-N90-R02,laff,0,item-078,10,28,6,10,2,2
MPV-GEN-T6-N90-R02,laff,0,item-083,9,64,2,5,4,2
MPV-GEN-T6-N90-R02,laff,0,item-016,15,38,0,2,6,3
MPV-GEN-T6-N90-R02,laff,0,item-072,15,15,0,2,3,6
MPV-GEN-T6-N90-R02,laff,0,item-041,0,93,0,7,1,5
MPV-GEN-T6-N90-R02,laff,0,item-022,0,41,7,4,8,1
MPV-GEN-T6-N90-R02,laff,0,item-060,15,58,2,2,7,2
MPV-GEN-T6-N90-R02,laff,0,item-004,0,67,5,8,1,3
MPV-GEN-T6-N90-R02,laff,0,item-036,0,68,7,4,5,1
MPV-GEN-T6-N90-R02,laff,0,item-003,9,38,0,3,1,6
MPV-GEN-T6-N90-R02,laff,0,item-033,12,38,0,1,2,8
MPV-GEN-T6-N90-R02,laff,0,item-020,0,73,7,7,2,1
MPV-GEN-T6-N90-R02,laff,0,item-080,7,76,6,1,7,2
MPV-GEN-T6-N90-R02,laff,0,item-032,0,84,7,6,2,1
MPV-GEN-T6-N90-R02,laff,0,item-061,0,86,7,3,4,1
MPV-GEN-T6-N90-R02,laff,0,item-017,3,86,7,2,5,1
MPV-GEN-T6-N90-R02,laff,0,item-054,6,84,6,1,1,2
MPV-GEN-T6-N90-R02,laff,0,item-037,0,0,8,9,8,10
MPV-GEN-T6-N90-R02,laff,0,item-052,0,8,8,8,9,10
MPV-GEN-T6-N90-R02,laff,0,item-019,0,17,8,7,10,10
MPV-GEN-T6-N90-R02,laff,0,item-046,0,27,8,7,7,9
MPV-GEN-T6-N90-R02,laff,0,item-050,0,34,8,6,7,10
MPV-GEN-T6-N90-R02,laff,0,item-071,0,41,8,7,6,10
MPV-GEN-T6-N90-R02,laff,0,item-026,0,47,8,6,3,10
MPV-GEN-T6-N90-R02,laff,0,item-085,0,50,8,3,6,9
MPV-GEN-T6-N90-R02,laff,0,item-065,0,56,8,5,3,10
MPV-GEN-T6-N90-R02,laff,0,item-024,0,59,8,7,2,10
MPV-GEN-T6-N90-R02,laff,0,item-076,0,61,8,2,7,10
MPV-GEN-T6-N90-R02,laff,0,item-055,0,68,8,3,5,9
MPV-GEN-T6-N90-R02,laff,0,item-047,0,73,8,4,3,10
MPV-GEN-T6-N90-R02,laff,0,item-081,0,76,8,8,1,9
MPV-GEN-T6-N90-R02,laff,0,item-035,0,77,8,6,1,10
MPV-GEN-T6-N90-R03,laff,0,item-089,0,0,0,10,10,7
MPV-GEN-T6-N90-R03,laff,0,item-047,0,10,0,9,9,5
MPV-GEN-T6-N90-R03,laff,0,item-009,0,19,0,8,10,5
MPV-GEN-T6-N90-R03,laff,0,item-011,0,29,0,10,10,4
MPV-GEN-T6-N90-R03,laff,0,item-082,0,39,0,10,7,5
MPV-GEN-T6-N90-R03,laff,0,item-032,0,46,0,7,8,6
MPV-GEN-T6-N90-R03,laff,0,item-056,0,54,0,7,9,5
MPV-GEN-T6-N90-R03,laff,0,item-014,0,63,0,7,7,6
MPV-GEN-T6-N90-R03,laff,0,item-046,0,70,0,7,5,7
MPV-GEN-T6-N90-R03,laff,0,item-073,0,75,0,4,8,7
MPV-GEN-T6-N90-R03,laff,0,item-033,0,83,0,5,8,5
MPV-GEN-T6-N90-R03,laff,0,item-036,5,75,0,4,10,5
MPV-GEN-T6-N90-R03,laff,0,item-038,0,91,0,6,8,4
MPV-GEN-T6-N90-R03,laff,0,item-012,0,10,5,9,10,2
MPV-GEN-T6-N90-R03,laff,0,item-029,6,85,0,5,9,4
MPV-GEN-T6-N90-R03,laff,0,item-062,7,46,0,3,10,6
MPV-GEN-T6-N90-R03,laff,0,item-004,6,94,0,7,5,5
MPV-GEN-T6-N90-R03,laff,0,item-085,7,56,0,8,4,5
MPV-GEN-T6-N90-R03,laff,0,item-018,7,60,0,7,3,7
MPV-GEN-T6-N90-R03,laff,0,item-020,0,29,4,5,9,3
MPV-GEN-T6-N90-R03,laff,0,item-060,7,63,0,4,8,4
MPV-GEN-T6-N90-R03,laff,0,item-035,7,71,0,9,2,7
MPV-GEN-T6-N90-R03,laff,0,item-069,8,19,0,5,5,5
MPV-GEN-T6-N90-R03,laff,0,item-037,9,10,0,4,7,4
MPV-GEN-T6-N90-R03,laff,0,item-083,8,24,0,7,4,4
MPV-GEN-T6-N90-R03,laff,0,item-023,9,73,0,3,7,5
MPV-GEN-T6-N90-R03,laff,0,item-075,0,91,4,5,7,3
MPV-GEN-T6-N90-R03,laff,0,item-019,9,80,0,8,3,4
MPV-GEN-T6-N90-R03,laff,0,item-031,10,0,0,8,3,4
MPV-GEN-T6-N90-R03,laff,0,item-027,10,28,0,2,9,5
MPV-GEN-T6-N90-R03,laff,0,item-084,10,3,0,3,6,5
MPV-GEN-T6-N90-R03,laff,0,item-026,10,37,0,4,3,7
MPV-GEN-T6-N90-R03,laff,0,item-051,5,29,4,4,7,3
MPV-GEN-T6-N90-R03,laff,0,item-010,0,38,6,10,8,1
MPV-GEN-T6-N90-R03,laff,0,item-015,0,20,5,10,4,2
MPV-GEN-T6-N90-R03,laff,0,item-077,5,85,4,5,5,3
MPV-GEN-T6-N90-R03,laff,0,item-088,9,17,0,6,2,6
MPV-GEN-T6-N90-R03,laff,0,item-055,0,24,5,7,5,2
MPV-GEN-T6-N90-R03,laff,0,item-070,0,99,0,10,1,7
MPV-GEN-T6-N90-R03,laff,0,item-025,10,40,0,1,10,6
MPV-GEN-T6-N90-R03,laff,0,item-024,0,54,5,4,7,2
MPV-GEN-T6-N90-R03,laff,0,item-039,5,90,4,4,4,3
MPV-GEN-T6-N90-R03,laff,0,item-068,4,56,5,6,4,2
MPV-GEN-T6-N90-R03,laff,0,item-071,9,83,0,4,2,6
MPV-GEN-T6-N90-R03,laff,0,item-005,10,9,0,7,1,6
MPV-GEN-T6-N90-R03,laff,0,item-030,10,50,0,8,1,5
MPV-GEN-T6-N90-R03,laff,0,item-034,10,51,0,4,2,5
MPV-GEN-T6-N90-R03,laff,0,item-043,0,46,6,10,4,1
MPV-GEN-T6-N90-R03,laff,0,item-050,4,75,5,10,2,2
MPV-GEN-T6-N90-R03,laff,0,item-061,0,61,6,5,8,1
MPV-GEN-T6-N90-R03,laff,0,item-066,11,40,0,2,4,5
MPV-GEN-T6-N90-R03,laff,0,item-028,9,10,6,4,9,1
MPV-GEN-T6-N90-R03,laff,0,item-081,10,53,0,6,1,6
MPV-GEN-T6-N90-R03,laff,0,item-057,10,54,0,8,1,4
MPV-GEN-T6-N90-R03,laff,0,item-022,0,83,5,3,5,2
MPV-GEN-T6-N90-R03,laff,0,item-087,7,63,4,2,5,3
MPV-GEN-T6-N90-R03,laff,0,item-041,0,50,6,8,3,1
MPV-GEN-T6-N90-R03,laff,0,item-042,10,55,0,4,1,5
MPV-GEN-T6-N90-R03,laff,0,item-045,0,88,5,5,2,2
MPV-GEN-T6-N90-R03,laff,0,item-064,10,99,0,3,1,6
MPV-GEN-T6-N90-R03,laff,0,item-006,4,77,6,2,8,1
MPV-GEN-T6-N90-R03,laff,0,item-058,11,44,0,4,1,4
MPV-GEN-T6-N90-R03,laff,0,item-079,6,77,6,4,4,1
MPV-GEN-T6-N90-R03,laff,0,item-007,8,50,6,3,5,1
MPV-GEN-T6-N90-R03,laff,0,item-072,5,60,6,2,6,1
MPV-GEN-T6-N90-R03,laff,0,item-003,10,0,6,1,9,1
MPV-GEN-T6-N90-R03,laff,0,item-013,0,69,6,9,1,1
MPV-GEN-T6-N90-R03,laff,0,item-054,3,83,5,1,2,2
MPV-GEN-T6-N90-R03,laff,0,item-078,0,53,6,1,1,1
MPV-GEN-T6-N90-R03,laff,0,item-052,0,0,7,10,8,8
MPV-GEN-T6-N90-R03,laff,0,item-065,0,8,7,8,10,8
MPV-GEN-T6-N90-R03,laff,0,item-000,0,18,7,7,10,8
MPV-GEN-T6-N90-R03,laff,0,item-044,0,28,7,8,7,8
MPV-GEN-T6-N90-R03,laff,0,item-049,0,35,7,5,7,8
MPV-GEN-T6-N90-R03,laff,0,item-040,0,42,7,6,2,8
MPV-GEN-T6-N90-R03,laff,0,item-001,0,44,7,2,4,8
MPV-GEN-T6-N90-R03,laff,0,item-002,0,48,7,1,6,8
MPV-GEN-T6-N90-R03,laff,0,item-016,0,54,7,2,3,8
MPV-GEN-T6-N90-R03,laff,0,item-080,0,57,7,1,3,8
MPV-GEN-T6-N90-R03,laff,0,item-086,0,0,15,7,10,9
MPV-GEN-T6-N90-R03,laff,0,item-067,0,10,15,10,6,9
MPV-GEN-T6-N90-R03,laff,0,item-053,0,16,15,7,3,9
MPV-GEN-T6-N90-R03,laff,0,item-074,0,19,15,5,2,9
MPV-GEN-T6-N90-R03,laff,0,item-048,0,21,15,4,1,9
MPV-GEN-T6-N90-R03,laff,0,item-021,0,0,24,8,7,10
MPV-GEN-T6-N90-R03,laff,0,item-076,0,7,24,9,6,10
MPV-GEN-T6-N90-R03,laff,0,item-008,0,13,24,10,5,10
MPV-GEN-T6-N90-R03,laff,0,item-063,0,18,24,6,7,10
MPV-GEN-T6-N90-R03,laff,0,item-059,0,25,24,8,5,10
MPV-GEN-T6-N90-R03,laff,0,item-017,0,30,24,2,8,10
MPV-GEN-T6-N90-R04,laff,0,item-080,0,0,0,10,10,7
MPV-GEN-T6-N90-R04,laff,0,item-077,0,10,0,9,9,5
MPV-GEN-T6-N90-R04,laff,0,item-003,0,19,0,10,8,5
MPV-GEN-T6-N90-R04,laff,0,item-060,0,27,0,7,8,7
MPV-GEN-T6-N90-R04,laff,0,item-007,0,35,0,7,7,7
MPV-GEN-T6-N90-R04,laff,0,item-004,0,42,0,7,8,6
MPV-GEN-T6-N90-R04,laff,0,item-021,0,50,0,8,10,4
MPV-GEN-T6-N90-R04,laff,0,item-054,0,50,4,10,10,3
MPV-GEN-T6-N90-R04,laff,0,item-056,0,60,0,6,7,6
MPV-GEN-T6-N90-R04,laff,0,item-040,0,67,0,5,10,5
MPV-GEN-T6-N90-R04,laff,0,item-065,0,77,0,8,4,7
MPV-GEN-T6-N90-R04,laff,0,item-072,0,81,0,3,10,7
MPV-GEN-T6-N90-R04,laff,0,item-083,0,91,0,10,3,7
MPV-GEN-T6-N90-R04,laff,0,item-001,3,81,0,5,10,4
MPV-GEN-T6-N90-R04,laff,0,item-010,0,94,0,7,4,7
MPV-GEN-T6-N90-R04,laff,0,item-006,0,10,5,10,9,2
MPV-GEN-T6-N90-R04,laff,0,item-038,5,67,0,5,6,6
MPV-GEN-T6-N90-R04,laff,0,item-012,5,73,0,9,3,6
MPV-GEN-T6-N90-R04,laff,0,item-086,6,60,0,5,5,6
MPV-GEN-T6-N90-R04,laff,0,item-087,7,27,0,7,3,7
MPV-GEN-T6-N90-R04,laff,0,item-046,7,30,0,6,4,6
MPV-GEN-T6-N90-R04,laff,0,item-034,7,34,0,2,9,7
MPV-GEN-T6-N90-R04,laff,0,item-043,8,76,0,3,8,5
MPV-GEN-T6-N90-R04,laff,0,item-063,3,84,4,8,5,3
MPV-GEN-T6-N90-R04,laff,0,item-030,7,43,0,9,3,4
MPV-GEN-T6-N90-R04,laff,0,item-062,9,34,4,6,9,2
MPV-GEN-T6-N90-R04,laff,0,item-005,7,94,0,4,5,5
MPV-GEN-T6-N90-R04,laff,0,item-045,0,60,6,10,10,1
MPV-GEN-T6-N90-R04,laff,0,item-050,7,46,0,5,4,5
MPV-GEN-T6-N90-R04,laff,0,item-084,8,50,0,8,3,4
MPV-GEN-T6-N90-R04,laff,0,item-016,10,43,5,5,9,2
MPV-GEN-T6-N90-R04,laff,0,item-068,10,0,0,2,7,6
MPV-GEN-T6-N90-R04,laff,0,item-070,10,7,0,4,3,7
MPV-GEN-T6-N90-R04,laff,0,item-076,10,52,4,7,4,3
MPV-GEN-T6-N90-R04,laff,0,item-020,8,53,0,4,5,4
MPV-GEN-T6-N90-R04,laff,0,item-088,8,84,0,5,4,4
MPV-GEN-T6-N90-R04,laff,0,item-044,9,10,0,3,5,5
MPV-GEN-T6-N90-R04,laff,0,item-018,0,19,5,8,4,2
MPV-GEN-T6-N90-R04,laff,0,item-027,0,23,5,8,4,2
MPV-GEN-T6-N90-R04,laff,0,item-075,10,15,0,2,5,6
MPV-GEN-T6-N90-R04,laff,0,item-079,0,99,0,8,1,7
MPV-GEN-T6-N90-R04,laff,0,item-037,0,43,6,10,5,1
MPV-GEN-T6-N90-R04,laff,0,item-082,3,81,4,5,3,3
MPV-GEN-T6-N90-R04,laff,0,item-023,0,70,6,6,7,1
MPV-GEN-T6-N90-R04,laff,0,item-002,6,65,0,5,2,4
MPV-GEN-T6-N90-R04,laff,0,item-024,8,89,0,8,1,5
MPV-GEN-T6-N90-R04,laff,0,item-053,8,70,6,4,10,1
MPV-GEN-T6-N90-R04,laff,0,item-061,7,94,5,6,3,2
MPV-GEN-T6-N90-R04,laff,0,item-055,8,19,5,2,8,2
MPV-GEN-T6-N90-R04,laff,0,item-026,10,20,0,3,2,5
MPV-GEN-T6-N90-R04,laff,0,item-051,7,30,6,10,3,1
MPV-GEN-T6-N90-R04,laff,0,item-071,3,90,4,10,1,3
MPV-GEN-T6-N90-R04,laff,0,item-052,10,22,0,1,4,7
MPV-GEN-T6-N90-R04,laff,0,item-015,0,98,0,4,1,6
MPV-GEN-T6-N90-R04,laff,0,item-019,9,33,6,8,3,1
MPV-GEN-T6-N90-R04,laff,0,item-049,9,36,6,4,6,1
MPV-GEN-T6-N90-R04,laff,0,item-081,7,97,5,5,2,2
MPV-GEN-T6-N90-R04,laff,0,item-033,6,70,6,2,7,1
MPV-GEN-T6-N90-R04,laff,0,item-048,4,98,0,2,1,7
MPV-GEN-T6-N90-R04,laff,0,item-022,9,15,0,1,3,4
MPV-GEN-T6-N90-R04,laff,0,item-035,10,58,0,1,2,5
MPV-GEN-T6-N90-R04,laff,0,item-067,8,58,0,1,2,4
MPV-GEN-T6-N90-R04,laff,0,item-008,3,89,5,2,1,2
MPV-GEN-T6-N90-R04,laff,0,item-085,5,89,5,2,1,2
MPV-GEN-T6-N90-R04,laff,0,item-000,0,0,7,8,10,10
MPV-GEN-T6-N90-R04,laff,0,item-039,0,10,7,8,10,9
MPV-GEN-T6-N90-R04,laff,0,item-058,0,20,7,8,9,10
MPV-GEN-T6-N90-R04,laff,0,item-074,0,29,7,7,10,9
MPV-GEN-T6-N90-R04,laff,0,item-059,0,39,7,6,9,9
MPV-GEN-T6-N90-R04,laff,0,item-066,0,48,7,10,5,9
MPV-GEN-T6-N90-R04,laff,0,item-029,0,53,7,9,5,9
MPV-GEN-T6-N90-R04,laff,0,item-032,0,58,7,5,7,10
MPV-GEN-T6-N90-R04,laff,0,item-041,0,65,7,8,4,10
MPV-GEN-T6-N90-R04,laff,0,item-009,0,69,7,10,3,9
MPV-GEN-T6-N90-R04,laff,0,item-031,0,72,7,5,6,9
MPV-GEN-T6-N90-R04,laff,0,item-069,0,78,7,4,7,9
MPV-GEN-T6-N90-R04,laff,0,item-064,0,85,7,9,3,9
MPV-GEN-T6-N90-R04,laff,0,item-011,0,88,7,6,4,10
MPV-GEN-T6-N90-R04,laff,0,item-036,0,92,7,3,6,10
MPV-GEN-T6-N90-R04,laff,0,item-047,3,92,7,3,6,9
MPV-GEN-T6-N90-R04,laff,0,item-013,5,72,7,2,9,8
MPV-GEN-T6-N90-R04,laff,0,item-025,0,98,7,7,2,9
MPV-GEN-T6-N90-R04,laff,0,item-028,5,58,7,2,6,8
MPV-GEN-T6-N90-R04,laff,0,item-078,6,39,7,1,9,9
MPV-GEN-T6-N90-R04,laff,0,item-014,4,81,7,8,1,8
MPV-GEN-T6-N90-R04,laff,0,item-042,6,88,7,1,6,10
MPV-GEN-T6-N90-R04,laff,0,item-057,4,82,7,3,2,8
MPV-GEN-T6-N90-R04,laff,0,item-073,4,78,7,1,3,10
MPV-GEN-T6-N90-R04,laff,0,item-089,6,94,7,1,3,8
MPV-GEN-T6-N90-R04,laff,0,item-017,7,29,7,1,2,8
MPV-GEN-T6-N90-R05,laff,0,item-047,0,0,0,10,10,6
MPV-GEN-T6-N90-R05,laff,0,item-050,0,10,0,9,9,5
MPV-GEN-T6-N90-R05,laff,0,item-005,0,19,0,8,10,5
MPV-GEN-T6-N90-R05,laff,0,item-082,0,29,0,9,10,4
MPV-GEN-T6-N90-R05,laff,0,item-008,0,39,0,7,10,5
MPV-GEN-T6-N90-R05,laff,0,item-041,0,49,0,9,6,6
MPV-GEN-T6-N90-R05,laff,0,item-066,0,55,0,9,5,6
MPV-GEN-T6-N90-R05,laff,0,item-079,0,60,0,5,7,6
MPV-GEN-T6-N90-R05,laff,0,item-055,0,67,0,4,10,5
MPV-GEN-T6-N90-R05,laff,0,item-018,0,77,0,8,4,6
MPV-GEN-T6-N90-R05,laff,0,item-080,0,81,0,10,6,3
MPV-GEN-T6-N90-R05,laff,0,item-053,0,87,0,10,4,4
MPV-GEN-T6-N90-R05,laff,0,item-014,0,81,3,8,6,3
MPV-GEN-T6-N90-R05,laff,0,item-074,0,29,4,8,9,2
MPV-GEN-T6-N90-R05,laff,0,item-016,0,91,0,7,4,5
MPV-GEN-T6-N90-R05,laff,0,item-040,8,60,3,5,9,3
MPV-GEN-T6-N90-R05,laff,0,item-029,0,95,0,6,4,5
MPV-GEN-T6-N90-R05,laff,0,item-069,4,67,0,2,10,6
MPV-GEN-T6-N90-R05,laff,0,item-075,6,69,0,10,2,6
MPV-GEN-T6-N90-R05,laff,0,item-022,6,71,0,10,2,5
MPV-GEN-T6-N90-R05,laff,0,item-076,6,95,0,4,5,5
MPV-GEN-T6-N90-R05,laff,0,item-056,7,39,0,4,6,4
MPV-GEN-T6-N90-R05,laff,0,item-031,5,60,0,3,6,5
MPV-GEN-T6-N90-R05,laff,0,item-030,7,38,4,7,6,2
MPV-GEN-T6-N90-R05,laff,0,item-061,7,87,4,6,7,2
MPV-GEN-T6-N90-R05,laff,0,item-015,0,10,5,9,9,1
MPV-GEN-T6-N90-R05,laff,0,item-088,8,73,3,5,5,3
MPV-GEN-T6-N90-R05,laff,0,item-003,8,19,4,6,6,2
MPV-GEN-T6-N90-R05,laff,0,item-013,8,19,0,2,8,4
MPV-GEN-T6-N90-R05,laff,0,item-032,7,45,0,4,3,5
MPV-GEN-T6-N90-R05,laff,0,item-057,8,78,3,5,4,3
MPV-GEN-T6-N90-R05,laff,0,item-042,7,91,0,7,2,4
MPV-GEN-T6-N90-R05,laff,0,item-000,8,82,3,6,3,3
MPV-GEN-T6-N90-R05,laff,0,item-009,8,25,4,5,5,2
MPV-GEN-T6-N90-R05,laff,0,item-046,7,93,0,6,2,4
MPV-GEN-T6-N90-R05,laff,0,item-065,9,10,0,1,9,5
MPV-GEN-T6-N90-R05,laff,0,item-054,7,48,0,8,1,5
MPV-GEN-T6-N90-R05,laff,0,item-036,9,27,0,3,3,4
MPV-GEN-T6-N90-R05,laff,0,item-039,9,30,0,1,9,4
MPV-GEN-T6-N90-R05,laff,0,item-045,0,19,5,4,9,1
MPV-GEN-T6-N90-R05,laff,0,item-084,13,85,4,2,9,2
MPV-GEN-T6-N90-R05,laff,0,item-064,0,38,5,4,8,1
MPV-GEN-T6-N90-R05,laff,0,item-012,0,46,5,10,3,1
MPV-GEN-T6-N90-R05,laff,0,item-089,9,49,0,1,5,6
MPV-GEN-T6-N90-R05,laff,0,item-025,0,67,5,4,7,1
MPV-GEN-T6-N90-R05,laff,0,item-017,9,54,0,1,5,5
MPV-GEN-T6-N90-R05,laff,0,item-020,6,66,0,2,2,6
MPV-GEN-T6-N90-R05,laff,0,item-087,9,59,0,1,10,2
MPV-GEN-T6-N90-R05,laff,0,item-010,0,87,4,3,3,2
MPV-GEN-T6-N90-R05,laff,0,item-021,0,94,5,9,2,1
MPV-GEN-T6-N90-R05,laff,0,item-072,3,87,4,3,3,2
MPV-GEN-T6-N90-R05,laff,0,item-007,6,73,0,2,2,4
MPV-GEN-T6-N90-R05,laff,0,item-028,6,75,0,1,2,6
MPV-GEN-T6-N90-R05,laff,0,item-048,7,75,0,1,2,6
MPV-GEN-T6-N90-R05,laff,0,item-083,0,74,5,4,3,1
MPV-GEN-T6-N90-R05,laff,0,item-044,0,90,5,5,2,1
MPV-GEN-T6-N90-R05,laff,0,item-002,0,28,5,8,1,1
MPV-GEN-T6-N90-R05,laff,0,item-035,9,59,2,2,1,4
MPV-GEN-T6-N90-R05,laff,0,item-049,0,96,5,2,4,1
MPV-GEN-T6-N90-R05,laff,0,item-043,4,38,4,3,1,2
MPV-GEN-T6-N90-R05,laff,0,item-026,6,73,4,1,2,2
MPV-GEN-T6-N90-R05,laff,0,item-038,2,96,5,1,3,1
MPV-GEN-T6-N90-R05,laff,0,item-006,0,0,6,9,9,10
MPV-GEN-T6-N90-R05,laff,0,item-062,0,9,6,8,9,9
MPV-GEN-T6-N90-R05,laff,0,item-073,0,18,6,9,7,10
MPV-GEN-T6-N90-R05,laff,0,item-085,0,25,6,7,9,10
MPV-GEN-T6-N90-R05,laff,0,item-070,0,34,6,9,8,8
MPV-GEN-T6-N90-R05,laff,0,item-001,0,42,6,9,7,9
MPV-GEN-T6-N90-R05,laff,0,item-060,0,49,6,9,7,9
MPV-GEN-T6-N90-R05,laff,0,item-023,0,56,6,6,10,8
MPV-GEN-T6-N90-R05,laff,0,item-071,0,66,6,5,9,9
MPV-GEN-T6-N90-R05,laff,0,item-027,0,75,6,5,10,8
MPV-GEN-T6-N90-R05,laff,0,item-058,0,85,6,5,8,9
MPV-GEN-T6-N90-R05,laff,0,item-086,5,66,6,4,9,10
MPV-GEN-T6-N90-R05,laff,0,item-019,0,93,6,7,6,7
MPV-GEN-T6-N90-R05,laff,0,item-034,5,75,6,9,3,10
MPV-GEN-T6-N90-R05,laff,0,item-059,5,78,6,7,4,9
MPV-GEN-T6-N90-R05,laff,0,item-033,5,82,6,8,3,10
MPV-GEN-T6-N90-R05,laff,0,item-024,5,85,6,5,6,7
MPV-GEN-T6-N90-R05,laff,0,item-011,6,56,6,3,9,7
MPV-GEN-T6-N90-R05,laff,0,item-077,7,25,6,4,4,10
MPV-GEN-T6-N90-R05,laff,0,item-037,7,29,6,5,4,7
MPV-GEN-T6-N90-R05,laff,0,item-078,7,91,6,2,8,8
MPV-GEN-T6-N90-R05,laff,0,item-051,8,9,6,5,2,10
MPV-GEN-T6-N90-R05,laff,0,item-004,8,11,6,6,2,8
MPV-GEN-T6-N90-R05,laff,0,item-067,9,0,6,1,9,10
MPV-GEN-T6-N90-R05,laff,0,item-068,9,13,6,1,7,9
MPV-GEN-T6-N90-R05,laff,0,item-081,9,20,6,3,2,9
MPV-GEN-T6-N90-R05,laff,0,item-063,9,33,6,1,6,7
MPV-GEN-T6-N90-R05,laff,0,item-052,0,99,6,3,1,7
MPV-GEN-T6-N90-R06,laff,0,item-044,0,0,0,10,10,8
MPV-GEN-T6-N90-R06,laff,0,item-024,0,10,0,9,10,8
MPV-GEN-T6-N90-R06,laff,0,item-075,0,20,0,9,10,7
MPV-GEN-T6-N90-R06,laff,0,item-058,0,30,0,9,8,7
MPV-GEN-T6-N90-R06,laff,0,item-014,0,38,0,9,10,5
MPV-GEN-T6-N90-R06,laff,0,item-023,0,48,0,7,10,6
MPV-GEN-T6-N90-R06,laff,0,item-041,0,58,0,9,9,5
MPV-GEN-T6-N90-R06,laff,0,item-022,0,67,0,8,10,5
MPV-GEN-T6-N90-R06,laff,0,item-059,0,77,0,5,10,8
MPV-GEN-T6-N90-R06,laff,0,item-008,0,87,0,9,6,7
MPV-GEN-T6-N90-R06,laff,0,item-048,5,77,0,9,10,4
MPV-GEN-T6-N90-R06,laff,0,item-009,7,48,0,7,8,6
MPV-GEN-T6-N90-R06,laff,0,item-012,0,93,0,10,6,5
MPV-GEN-T6-N90-R06,laff,0,item-070,8,67,0,5,10,6
MPV-GEN-T6-N90-R06,laff,0,item-025,5,77,4,8,9,4
MPV-GEN-T6-N90-R06,laff,0,item-074,9,56,4,10,7,4
MPV-GEN-T6-N90-R06,laff,0,item-068,0,38,5,9,10,3
MPV-GEN-T6-N90-R06,laff,0,item-021,9,10,0,7,5,7
MPV-GEN-T6-N90-R06,laff,0,item-072,9,15,0,4,7,8
MPV-GEN-T6-N90-R06,laff,0,item-087,9,22,0,6,6,6
MPV-GEN-T6-N90-R06,laff,0,item-028,0,58,5,9,7,3
MPV-GEN-T6-N90-R06,laff,0,item-033,9,28,0,3,10,6
MPV-GEN-T6-N90-R06,laff,0,item-043,9,38,0,6,5,6
MPV-GEN-T6-N90-R06,laff,0,item-052,10,0,0,4,7,6
MPV-GEN-T6-N90-R06,laff,0,item-003,9,43,0,5,5,6
MPV-GEN-T6-N90-R06,laff,0,item-034,0,48,6,7,10,2
MPV-GEN-T6-N90-R06,laff,0,item-089,10,87,0,2,10,7
MPV-GEN-T6-N90-R06,laff,0,item-055,9,63,0,9,3,5
MPV-GEN-T6-N90-R06,laff,0,item-077,0,65,6,8,8,2
MPV-GEN-T6-N90-R06,laff,0,item-002,12,28,0,2,9,7
MPV-GEN-T6-N90-R06,laff,0,item-085,12,87,0,3,6,7
MPV-GEN-T6-N90-R06,laff,0,item-015,13,66,0,3,8,5
MPV-GEN-T6-N90-R06,laff,0,item-083,13,74,4,7,4,4
MPV-GEN-T6-N90-R06,laff,0,item-030,0,93,5,6,6,3
MPV-GEN-T6-N90-R06,laff,0,item-000,13,63,5,7,5,3
MPV-GEN-T6-N90-R06,laff,0,item-050,10,7,0,4,3,8
MPV-GEN-T6-N90-R06,laff,0,item-056,12,93,0,3,6,5
MPV-GEN-T6-N90-R06,laff,0,item-019,7,48,6,7,6,2
MPV-GEN-T6-N90-R06,laff,0,item-086,13,15,0,2,6,7
MPV-GEN-T6-N90-R06,laff,0,item-011,6,97,5,9,3,3
MPV-GEN-T6-N90-R06,laff,0,item-026,12,37,0,10,1,8
MPV-GEN-T6-N90-R06,laff,0,item-064,13,78,4,10,2,4
MPV-GEN-T6-N90-R06,laff,0,item-067,14,0,0,2,7,5
MPV-GEN-T6-N90-R06,laff,0,item-051,14,28,0,1,8,8
MPV-GEN-T6-N90-R06,laff,0,item-082,13,80,4,4,4,4
MPV-GEN-T6-N90-R06,laff,0,item-065,9,56,0,3,5,4
MPV-GEN-T6-N90-R06,laff,0,item-020,14,43,0,1,8,7
MPV-GEN-T6-N90-R06,laff,0,item-060,12,56,0,2,7,4
MPV-GEN-T6-N90-R06,laff,0,item-062,15,15,0,1,8,7
MPV-GEN-T6-N90-R06,laff,0,item-084,0,20,7,7,8,1
MPV-GEN-T6-N90-R06,laff,0,item-049,0,73,6,9,3,2
MPV-GEN-T6-N90-R06,laff,0,item-080,8,68,6,9,3,2
MPV-GEN-T6-N90-R06,laff,0,item-010,14,7,0,8,1,6
MPV-GEN-T6-N90-R06,laff,0,item-078,14,51,0,2,4,6
MPV-GEN-T6-N90-R06,laff,0,item-017,14,0,5,2,7,3
MPV-GEN-T6-N90-R06,laff,0,item-054,14,8,0,7,1,6
MPV-GEN-T6-N90-R06,laff,0,item-005,14,84,0,3,2,6
MPV-GEN-T6-N90-R06,laff,0,item-073,12,93,5,6,2,3
MPV-GEN-T6-N90-R06,laff,0,item-076,15,23,0,2,3,6
MPV-GEN-T6-N90-R06,laff,0,item-079,7,54,6,9,2,2
MPV-GEN-T6-N90-R06,laff,0,item-071,14,55,0,1,8,4
MPV-GEN-T6-N90-R06,laff,0,item-038,12,95,5,10,1,3
MPV-GEN-T6-N90-R06,laff,0,item-081,10,97,0,2,3,5
MPV-GEN-T6-N90-R06,laff,0,item-031,9,22,6,2,7,2
MPV-GEN-T6-N90-R06,laff,0,item-053,5,86,4,7,1,4
MPV-GEN-T6-N90-R06,laff,0,item-018,0,28,7,9,3,1
MPV-GEN-T6-N90-R06,laff,0,item-027,9,87,0,1,5,5
MPV-GEN-T6-N90-R06,laff,0,item-046,0,76,5,7,1,3
MPV-GEN-T6-N90-R06,laff,0,item-088,0,31,7,4,5,1
MPV-GEN-T6-N90-R06,laff,0,item-001,6,93,5,2,3,3
MPV-GEN-T6-N90-R06,laff,0,item-061,0,36,7,9,2,1
MPV-GEN-T6-N90-R06,laff,0,item-035,7,76,6,4,1,2
MPV-GEN-T6-N90-R06,laff,0,item-037,8,65,6,1,2,2
MPV-GEN-T6-N90-R06,laff,0,item-069,0,0,8,9,10,10
MPV-GEN-T6-N90-R06,laff,0,item-016,0,10,8,8,10,9
MPV-GEN-T6-N90-R06,laff,0,item-006,0,20,8,7,10,9
MPV-GEN-T6-N90-R06,laff,0,item-045,0,30,8,9,7,10
MPV-GEN-T6-N90-R06,laff,0,item-057,0,37,8,8,7,9
MPV-GEN-T6-N90-R06,laff,0,item-042,0,44,8,6,9,9
MPV-GEN-T6-N90-R06,laff,0,item-066,0,53,8,7,6,10
MPV-GEN-T6-N90-R06,laff,0,item-004,0,59,8,6,7,9
MPV-GEN-T6-N90-R06,laff,0,item-040,0,66,8,4,7,10
MPV-GEN-T6-N90-R06,laff,0,item-047,0,73,8,4,7,10
MPV-GEN-T6-N90-R06,laff,0,item-013,0,80,8,5,6,9
MPV-GEN-T6-N90-R06,laff,0,item-039,0,86,8,5,5,10
MPV-GEN-T6-N90-R06,laff,0,item-007,0,91,8,6,4,10
MPV-GEN-T6-N90-R06,laff,0,item-029,0,95,8,10,2,10
MPV-GEN-T6-N90-R06,laff,0,item-036,4,66,8,2,7,9
MPV-GEN-T6-N90-R06,laff,0,item-063,4,73,8,3,4,10
MPV-GEN-T6-N90-R06,laff,0,item-032,0,97,8,2,2,9
MPV-GEN-T6-N90-R07,laff,0,item-009,0,0,0,10,10,1
MPV-GEN-T6-N90-R07,laff,0,item-027,0,10,0,10,9,1
MPV-GEN-T6-N90-R07,laff,0,item-041,0,19,0,10,9,1
MPV-GEN-T6-N90-R07,laff,0,item-043,0,28,0,8,10,1
MPV-GEN-T6-N90-R07,laff,0,item-046,0,38,0,7,9,1
MPV-GEN-T6-N90-R07,laff,0,item-061,0,47,0,9,6,1
MPV-GEN-T6-N90-R07,laff,0,item-087,0,53,0,10,5,1
MPV-GEN-T6-N90-R07,laff,0,item-079,0,58,0,6,8,1
MPV-GEN-T6-N90-R07,laff,0,item-010,0,66,0,4,10,1
MPV-GEN-T6-N90-R07,laff,0,item-030,0,76,0,4,9,1
MPV-GEN-T6-N90-R07,laff,0,item-028,0,85,0,8,3,1
MPV-GEN-T6-N90-R07,laff,0,item-035,0,88,0,7,2,1
MPV-GEN-T6-N90-R07,laff,0,item-086,0,90,0,1,10,1
MPV-GEN-T6-N90-R07,laff,0,item-036,1,90,0,2,4,1
MPV-GEN-T6-N90-R07,laff,0,item-067,1,94,0,2,4,1
MPV-GEN-T6-N90-R07,laff,0,item-004,1,98,0,5,1,1
MPV-GEN-T6-N90-R07,laff,0,item-003,3,90,0,1,3,1
MPV-GEN-T6-N90-R07,laff,0,item-031,0,0,1,10,9,6
MPV-GEN-T6-N90-R07,laff,0,item-038,0,9,1,8,10,6
MPV-GEN-T6-N90-R07,laff,0,item-033,0,19,1,9,8,5
MPV-GEN-T6-N90-R07,laff,0,item-000,0,27,1,7,8,6
MPV-GEN-T6-N90-R07,laff,0,item-064,0,35,1,7,7,6
MPV-GEN-T6-N90-R07,laff,0,item-016,0,42,1,10,7,4
MPV-GEN-T6-N90-R07,laff,0,item-029,0,49,1,5,9,6
MPV-GEN-T6-N90-R07,laff,0,item-005,0,58,1,9,7,4
MPV-GEN-T6-N90-R07,laff,0,item-049,0,65,1,7,9,4
MPV-GEN-T6-N90-R07,laff,0,item-039,0,74,1,10,4,5
MPV-GEN-T6-N90-R07,laff,0,item-051,0,78,1,8,5,5
MPV-GEN-T6-N90-R07,laff,0,item-060,0,83,1,4,8,6
MPV-GEN-T6-N90-R07,laff,0,item-072,4,83,1,6,10,3
MPV-GEN-T6-N90-R07,laff,0,item-058,0,91,1,4,7,6
MPV-GEN-T6-N90-R07,laff,0,item-044,5,49,1,4,9,4
MPV-GEN-T6-N90-R07,laff,0,item-018,4,93,1,9,3,5
MPV-GEN-T6-N90-R07,laff,0,item-013,7,27,1,5,5,5
MPV-GEN-T6-N90-R07,laff,0,item-034,4,96,1,6,4,5
MPV-GEN-T6-N90-R07,laff,0,item-081,7,32,1,10,3,4
MPV-GEN-T6-N90-R07,laff,0,item-021,0,42,5,8,7,2
MPV-GEN-T6-N90-R07,laff,0,item-083,7,35,1,9,2,6
MPV-GEN-T6-N90-R07,laff,0,item-074,7,65,1,3,6,5
MPV-GEN-T6-N90-R07,laff,0,item-065,0,58,5,4,10,2
MPV-GEN-T6-N90-R07,laff,0,item-040,8,9,1,2,6,6
MPV-GEN-T6-N90-R07,laff,0,item-057,9,15,1,2,9,4
MPV-GEN-T6-N90-R07,laff,0,item-062,9,49,1,3,6,4
MPV-GEN-T6-N90-R07,laff,0,item-073,4,83,4,4,6,3
MPV-GEN-T6-N90-R07,laff,0,item-052,7,37,1,4,4,4
MPV-GEN-T6-N90-R07,laff,0,item-023,4,89,4,7,3,3
MPV-GEN-T6-N90-R07,laff,0,item-002,0,68,5,5,6,2
MPV-GEN-T6-N90-R07,laff,0,item-025,7,71,1,5,2,6
MPV-GEN-T6-N90-R07,laff,0,item-085,8,78,4,8,2,3
MPV-GEN-T6-N90-R07,laff,0,item-056,8,80,4,3,5,3
MPV-GEN-T6-N90-R07,laff,0,item-078,9,24,1,3,3,5
MPV-GEN-T6-N90-R07,laff,0,item-017,4,58,5,2,10,2
MPV-GEN-T6-N90-R07,laff,0,item-063,5,49,5,4,5,2
MPV-GEN-T6-N90-R07,laff,0,item-082,7,41,1,8,1,5
MPV-GEN-T6-N90-R07,laff,0,item-032,9,55,1,1,8,4
MPV-GEN-T6-N90-R07,laff,0,item-088,6,54,5,2,8,2
MPV-GEN-T6-N90-R07,laff,0,item-048,4,92,4,8,1,3
MPV-GEN-T6-N90-R07,laff,0,item-042,8,85,4,2,3,3
MPV-GEN-T6-N90-R07,laff,0,item-047,8,15,1,1,3,5
MPV-GEN-T6-N90-R07,laff,0,item-054,0,0,7,7,10,8
MPV-GEN-T6-N90-R07,laff,0,item-014,0,10,7,9,7,8
MPV-GEN-T6-N90-R07,laff,0,item-001,0,17,7,6,10,8
MPV-GEN-T6-N90-R07,laff,0,item-019,0,27,7,8,7,8
MPV-GEN-T6-N90-R07,laff,0,item-006,0,34,7,6,10,7
MPV-GEN-T6-N90-R07,laff,0,item-022,0,44,7,7,7,8
MPV-GEN-T6-N90-R07,laff,0,item-075,0,51,7,7,7,7
MPV-GEN-T6-N90-R07,laff,0,item-020,0,58,7,9,5,7
MPV-GEN-T6-N90-R07,laff,0,item-066,0,63,7,6,6,7
MPV-GEN-T6-N90-R07,laff,0,item-070,0,69,7,10,3,7
MPV-GEN-T6-N90-R07,laff,0,item-059,0,72,7,4,5,8
MPV-GEN-T6-N90-R07,laff,0,item-053,0,77,7,3,7,7
MPV-GEN-T6-N90-R07,laff,0,item-069,0,84,7,7,3,7
MPV-GEN-T6-N90-R07,laff,0,item-077,0,87,7,3,5,7
MPV-GEN-T6-N90-R07,laff,0,item-045,0,92,7,3,4,8
MPV-GEN-T6-N90-R07,laff,0,item-068,0,96,7,6,2,8
MPV-GEN-T6-N90-R07,laff,0,item-055,3,77,7,3,3,8
MPV-GEN-T6-N90-R07,laff,0,item-080,0,98,7,9,1,8
MPV-GEN-T6-N90-R07,laff,0,item-026,0,99,7,8,1,7
MPV-GEN-T6-N90-R07,laff,0,item-037,3,80,7,6,1,8
MPV-GEN-T6-N90-R07,laff,0,item-089,3,81,7,2,2,7
MPV-GEN-T6-N90-R07,laff,0,item-076,3,87,7,1,2,8
MPV-GEN-T6-N90-R07,laff,0,item-050,0,0,15,8,6,10
MPV-GEN-T6-N90-R07,laff,0,item-011,0,6,15,4,8,10
MPV-GEN-T6-N90-R07,laff,0,item-015,0,14,15,8,4,10
MPV-GEN-T6-N90-R07,laff,0,item-024,0,18,15,6,5,10
MPV-GEN-T6-N90-R07,laff,0,item-071,0,23,15,6,4,10
MPV-GEN-T6-N90-R07,laff,0,item-007,0,27,15,1,9,9
MPV-GEN-T6-N90-R07,laff,0,item-012,0,36,15,1,8,10
MPV-GEN-T6-N90-R07,laff,0,item-008,0,44,15,2,3,10
MPV-GEN-T6-N90-R07,laff,0,item-084,0,47,15,1,4,9
MPV-GEN-T6-N90-R08,laff,0,item-042,0,0,0,9,10,8
MPV-GEN-T6-N90-R08,laff,0,item-080,0,10,0,10,8,7
MPV-GEN-T6-N90-R08,laff,0,item-000,0,18,0,8,8,8
MPV-GEN-T6-N90-R08,laff,0,item-086,0,26,0,9,7,8
MPV-GEN-T6-N90-R08,laff,0,item-035,0,33,0,7,10,7
MPV-GEN-T6-N90-R08,laff,0,item-021,0,43,0,6,10,8
MPV-GEN-T6-N90-R08,laff,0,item-028,0,53,0,6,8,8
MPV-GEN-T6-N90-R08,laff,0,item-038,0,61,0,5,8,8
MPV-GEN-T6-N90-R08,laff,0,item-002,0,69,0,9,4,8
MPV-GEN-T6-N90-R08,laff,0,item-055,0,73,0,6,6,8
MPV-GEN-T6-N90-R08,laff,0,item-019,0,79,0,6,9,5
MPV-GEN-T6-N90-R08,laff,0,item-024,0,79,5,10,9,3
MPV-GEN-T6-N90-R08,laff,0,item-049,0,88,0,6,8,5
MPV-GEN-T6-N90-R08,laff,0,item-067,6,43,0,3,10,8
MPV-GEN-T6-N90-R08,laff,0,item-058,5,61,0,8,7,4
MPV-GEN-T6-N90-R08,laff,0,item-031,0,88,5,7,10,3
MPV-GEN-T6-N90-R08,laff,0,item-022,6,53,0,5,5,8
MPV-GEN-T6-N90-R08,laff,0,item-070,7,33,0,4,7,7
MPV-GEN-T6-N90-R08,laff,0,item-041,0,98,0,10,2,8
MPV-GEN-T6-N90-R08,laff,0,item-045,6,58,0,10,2,7
MPV-GEN-T6-N90-R08,laff,0,item-043,6,73,0,9,2,7
MPV-GEN-T6-N90-R08,laff,0,item-059,7,88,0,2,9,7
MPV-GEN-T6-N90-R08,laff,0,item-011,6,75,0,10,2,6
MPV-GEN-T6-N90-R08,laff,0,item-089,8,18,0,3,5,8
MPV-GEN-T6-N90-R08,laff,0,item-001,10,75,6,9,6,2
MPV-GEN-T6-N90-R08,laff,0,item-003,6,77,0,10,2,5
MPV-GEN-T6-N90-R08,laff,0,item-072,7,40,0,7,2,7
MPV-GEN-T6-N90-R08,laff,0,item-050,9,60,4,3,10,3
MPV-GEN-T6-N90-R08,laff,0,item-063,6,79,0,6,3,5
MPV-GEN-T6-N90-R08,laff,0,item-066,10,81,5,4,7,3
MPV-GEN-T6-N90-R08,laff,0,item-074,9,0,0,3,4,7
MPV-GEN-T6-N90-R08,laff,0,item-057,8,23,0,5,2,8
MPV-GEN-T6-N90-R08,laff,0,item-037,9,25,0,2,7,5
MPV-GEN-T6-N90-R08,laff,0,item-079,9,4,0,2,5,7
MPV-GEN-T6-N90-R08,laff,0,item-029,0,10,7,9,7,1
MPV-GEN-T6-N90-R08,laff,0,item-044,0,33,7,9,7,1
MPV-GEN-T6-N90-R08,laff,0,item-036,9,42,0,1,10,6
MPV-GEN-T6-N90-R08,laff,0,item-069,9,25,5,4,5,3
MPV-GEN-T6-N90-R08,laff,0,item-032,9,88,0,1,7,8
MPV-GEN-T6-N90-R08,laff,0,item-013,9,42,6,8,3,2
MPV-GEN-T6-N90-R08,laff,0,item-082,5,61,4,3,5,3
MPV-GEN-T6-N90-R08,laff,0,item-026,9,30,5,7,2,3
MPV-GEN-T6-N90-R08,laff,0,item-052,12,60,4,7,2,3
MPV-GEN-T6-N90-R08,laff,0,item-071,9,70,0,2,3,7
MPV-GEN-T6-N90-R08,laff,0,item-010,6,82,0,1,8,5
MPV-GEN-T6-N90-R08,laff,0,item-004,9,45,6,3,6,2
MPV-GEN-T6-N90-R08,laff,0,item-009,5,66,4,4,3,3
MPV-GEN-T6-N90-R08,laff,0,item-012,12,62,4,1,9,4
MPV-GEN-T6-N90-R08,laff,0,item-040,7,82,0,3,4,3
MPV-GEN-T6-N90-R08,laff,0,item-051,9,95,0,4,3,3
MPV-GEN-T6-N90-R08,laff,0,item-084,9,9,0,6,1,6
MPV-GEN-T6-N90-R08,laff,0,item-007,7,97,3,7,1,5
MPV-GEN-T6-N90-R08,laff,0,item-023,6,58,7,10,3,1
MPV-GEN-T6-N90-R08,laff,0,item-025,10,10,0,1,4,7
MPV-GEN-T6-N90-R08,laff,0,item-087,9,95,3,5,1,5
MPV-GEN-T6-N90-R08,laff,0,item-006,9,32,0,4,1,6
MPV-GEN-T6-N90-R08,laff,0,item-015,10,14,0,2,3,4
MPV-GEN-T6-N90-R08,laff,0,item-016,10,88,0,1,3,8
MPV-GEN-T6-N90-R08,laff,0,item-056,10,14,4,2,3,4
MPV-GEN-T6-N90-R08,laff,0,item-065,5,61,7,6,4,1
MPV-GEN-T6-N90-R08,laff,0,item-068,6,75,6,4,3,2
MPV-GEN-T6-N90-R08,laff,0,item-005,9,96,3,4,1,5
MPV-GEN-T6-N90-R08,laff,0,item-014,9,9,6,10,1,2
MPV-GEN-T6-N90-R08,laff,0,item-033,9,0,7,4,5,1
MPV-GEN-T6-N90-R08,laff,0,item-061,9,32,6,10,1,2
MPV-GEN-T6-N90-R08,laff,0,item-073,10,42,0,1,3,6
MPV-GEN-T6-N90-R08,laff,0,item-008,9,51,6,6,1,2
MPV-GEN-T6-N90-R08,laff,0,item-034,0,96,0,2,1,5
MPV-GEN-T6-N90-R08,laff,0,item-078,6,78,5,3,1,3
MPV-GEN-T6-N90-R08,laff,0,item-048,0,17,7,6,1,1
MPV-GEN-T6-N90-R08,laff,0,item-083,0,40,7,2,3,1
MPV-GEN-T6-N90-R08,laff,0,item-085,7,42,6,2,1,2
MPV-GEN-T6-N90-R08,laff,0,item-076,0,0,8,7,10,9
MPV-GEN-T6-N90-R08,laff,0,item-077,0,10,8,7,9,9
MPV-GEN-T6-N90-R08,laff,0,item-054,0,19,8,6,10,9
MPV-GEN-T6-N90-R08,laff,0,item-060,0,29,8,7,8,9
MPV-GEN-T6-N90-R08,laff,0,item-047,0,37,8,5,8,9
MPV-GEN-T6-N90-R08,laff,0,item-053,0,45,8,10,4,9
MPV-GEN-T6-N90-R08,laff,0,item-039,0,49,8,2,10,9
MPV-GEN-T6-N90-R08,laff,0,item-064,0,59,8,3,1,9
MPV-GEN-T6-N90-R08,laff,0,item-046,0,0,17,6,8,10
MPV-GEN-T6-N90-R08,laff,0,item-062,0,8,17,6,7,10
MPV-GEN-T6-N90-R08,laff,0,item-018,0,15,17,10,4,10
MPV-GEN-T6-N90-R08,laff,0,item-027,0,19,17,6,6,10
MPV-GEN-T6-N90-R08,laff,0,item-081,0,25,17,9,4,10
MPV-GEN-T6-N90-R08,laff,0,item-075,0,29,17,6,5,10
MPV-GEN-T6-N90-R08,laff,0,item-020,0,34,17,8,1,10
MPV-GEN-T6-N90-R08,laff,0,item-088,0,35,17,1,8,10
MPV-GEN-T6-N90-R08,laff,0,item-030,0,43,17,3,1,10
MPV-GEN-T6-N90-R08,laff,0,item-017,0,44,17,1,2,10
MPV-GEN-T6-N90-R09,laff,0,item-084,0,0,0,10,9,4
MPV-GEN-T6-N90-R09,laff,0,item-072,0,9,0,7,7,4
MPV-GEN-T6-N90-R09,laff,0,item-060,0,16,0,9,7,3
MPV-GEN-T6-N90-R09,laff,0,item-003,0,23,0,8,10,2
MPV-GEN-T6-N90-R09,laff,0,item-018,0,33,0,10,4,4
MPV-GEN-T6-N90-R09,laff,0,item-011,0,37,0,7,7,3
MPV-GEN-T6-N90-R09,laff,0,item-004,0,44,0,4,8,4
MPV-GEN-T6-N90-R09,laff,0,item-061,0,23,2,10,5,2
MPV-GEN-T6-N90-R09,laff,0,item-080,0,52,0,8,4,3
MPV-GEN-T6-N90-R09,laff,0,item-032,0,56,0,10,3,3
MPV-GEN-T6-N90-R09,laff,0,item-058,0,59,0,5,6,3
MPV-GEN-T6-N90-R09,laff,0,item-057,0,65,0,7,4,3
MPV-GEN-T6-N90-R09,laff,0,item-028,0,69,0,5,4,4
MPV-GEN-T6-N90-R09,laff,0,item-055,0,52,3,10,8,1
MPV-GEN-T6-N90-R09,laff,0,item-056,0,28,2,10,4,2
MPV-GEN-T6-N90-R09,laff,0,item-078,0,73,0,4,10,2
MPV-GEN-T6-N90-R09,laff,0,item-016,0,83,0,3,8,3
MPV-GEN-T6-N90-R09,laff,0,item-052,0,60,3,7,9,1
MPV-GEN-T6-N90-R09,laff,0,item-064,0,16,3,10,6,1
MPV-GEN-T6-N90-R09,laff,0,item-082,0,91,0,7,2,4
MPV-GEN-T6-N90-R09,laff,0,item-076,0,73,3,6,9,1
MPV-GEN-T6-N90-R09,laff,0,item-021,0,93,0,7,2,3
MPV-GEN-T6-N90-R09,laff,0,item-067,3,82,2,3,7,2
MPV-GEN-T6-N90-R09,laff,0,item-042,0,95,0,5,4,2
MPV-GEN-T6-N90-R09,laff,0,item-083,4,44,0,4,3,3
MPV-GEN-T6-N90-R09,laff,0,item-077,4,47,0,2,4,4
MPV-GEN-T6-N90-R09,laff,0,item-071,0,99,0,9,1,3
MPV-GEN-T6-N90-R09,laff,0,item-007,3,83,0,2,6,2
MPV-GEN-T6-N90-R09,laff,0,item-051,4,73,0,1,10,2
MPV-GEN-T6-N90-R09,laff,0,item-038,0,37,3,3,5,1
MPV-GEN-T6-N90-R09,laff,0,item-043,5,69,0,1,7,2
MPV-GEN-T6-N90-R09,laff,0,item-006,3,89,0,3,1,4
MPV-GEN-T6-N90-R09,laff,0,item-086,0,32,2,6,1,2
MPV-GEN-T6-N90-R09,laff,0,item-000,0,22,3,8,1,1
MPV-GEN-T6-N90-R09,laff,0,item-022,0,82,3,2,4,1
MPV-GEN-T6-N90-R09,laff,0,item-040,0,86,3,1,3,1
MPV-GEN-T6-N90-R09,laff,0,item-087,0,0,4,9,8,10
MPV-GEN-T6-N90-R09,laff,0,item-048,0,8,4,7,10,10
MPV-GEN-T6-N90-R09,laff,0,item-025,0,18,4,8,9,9
MPV-GEN-T6-N90-R09,laff,0,item-020,0,27,4,8,8,10
MPV-GEN-T6-N90-R09,laff,0,item-019,0,35,4,7,10,9
MPV-GEN-T6-N90-R09,laff,0,item-053,0,45,4,6,10,10
MPV-GEN-T6-N90-R09,laff,0,item-026,0,55,4,5,10,10
MPV-GEN-T6-N90-R09,laff,0,item-023,0,65,4,10,6,8
MPV-GEN-T6-N90-R09,laff,0,item-073,0,71,4,7,7,8
MPV-GEN-T6-N90-R09,laff,0,item-085,0,78,4,7,7,8
MPV-GEN-T6-N90-R09,laff,0,item-037,0,85,4,7,6,9
MPV-GEN-T6-N90-R09,laff,0,item-039,0,91,4,7,9,6
MPV-GEN-T6-N90-R09,laff,0,item-008,5,55,4,9,8,5
MPV-GEN-T6-N90-R09,laff,0,item-062,6,45,4,8,5,9
MPV-GEN-T6-N90-R09,laff,0,item-010,6,50,4,7,5,10
MPV-GEN-T6-N90-R09,laff,0,item-063,7,8,4,9,4,9
MPV-GEN-T6-N90-R09,laff,0,item-005,5,55,9,10,6,5
MPV-GEN-T6-N90-R09,laff,0,item-033,7,12,4,10,3,10
MPV-GEN-T6-N90-R09,laff,0,item-046,7,35,4,6,6,8
MPV-GEN-T6-N90-R09,laff,0,item-009,7,71,4,7,5,8
MPV-GEN-T6-N90-R09,laff,0,item-014,9,0,9,8,6,5
MPV-GEN-T6-N90-R09,laff,0,item-081,7,41,4,7,4,7
MPV-GEN-T6-N90-R09,laff,0,item-027,7,76,4,3,10,6
MPV-GEN-T6-N90-R09,laff,0,item-074,7,15,4,6,3,10
MPV-GEN-T6-N90-R09,laff,0,item-050,10,61,9,7,5,5
MPV-GEN-T6-N90-R09,laff,0,item-066,7,86,4,3,7,8
MPV-GEN-T6-N90-R09,laff,0,item-089,7,93,4,3,7,8
MPV-GEN-T6-N90-R09,laff,0,item-075,8,18,4,4,4,10
MPV-GEN-T6-N90-R09,laff,0,item-024,13,50,9,7,4,5
MPV-GEN-T6-N90-R09,laff,0,item-049,8,22,4,4,6,5
MPV-GEN-T6-N90-R09,laff,0,item-068,8,28,4,3,5,7
MPV-GEN-T6-N90-R09,laff,0,item-013,8,33,4,8,2,6
MPV-GEN-T6-N90-R09,laff,0,item-030,10,66,4,3,4,8
MPV-GEN-T6-N90-R09,laff,0,item-069,10,76,4,2,6,8
MPV-GEN-T6-N90-R09,laff,0,item-031,5,63,4,5,2,9
MPV-GEN-T6-N90-R09,laff,0,item-065,9,6,4,9,1,9
MPV-GEN-T6-N90-R09,laff,0,item-088,10,82,4,1,9,9
MPV-GEN-T6-N90-R09,laff,0,item-029,8,22,9,4,4,5
MPV-GEN-T6-N90-R09,laff,0,item-070,11,82,4,1,10,8
MPV-GEN-T6-N90-R09,laff,0,item-015,9,7,4,7,1,9
MPV-GEN-T6-N90-R09,laff,0,item-035,10,70,4,10,1,6
MPV-GEN-T6-N90-R09,laff,0,item-034,10,91,4,1,7,8
MPV-GEN-T6-N90-R09,laff,0,item-044,11,92,4,1,6,9
MPV-GEN-T6-N90-R09,laff,0,item-036,11,28,4,1,5,10
MPV-GEN-T6-N90-R09,laff,0,item-017,12,18,4,1,7,7
MPV-GEN-T6-N90-R09,laff,0,item-047,12,25,4,2,4,6
MPV-GEN-T6-N90-R09,laff,0,item-079,10,98,4,7,1,6
MPV-GEN-T6-N90-R09,laff,0,item-054,10,99,4,4,1,9
MPV-GEN-T6-N90-R09,laff,0,item-012,12,29,4,4,1,7
MPV-GEN-T6-N90-R09,laff,0,item-001,12,30,4,1,3,9
MPV-GEN-T6-N90-R09,laff,0,item-041,12,76,4,1,4,6
MPV-GEN-T6-N90-R09,laff,0,item-045,5,61,9,4,1,5
MPV-GEN-T6-N90-R09,laff,0,item-059,9,0,4,1,4,5
MPV-GEN-T6-N90-R09,laff,0,item-002,5,62,9,2,1,5
MPV-GEN-T6-N90-R10,laff,0,item-014,0,0,0,9,10,7
MPV-GEN-T6-N90-R10,laff,0,item-059,0,10,0,9,10,6
MPV-GEN-T6-N90-R10,laff,0,item-019,0,20,0,7,10,6
MPV-GEN-T6-N90-R10,laff,0,item-033,0,30,0,7,10,6
MPV-GEN-T6-N90-R10,laff,0,item-035,0,40,0,10,9,4
MPV-GEN-T6-N90-R10,laff,0,item-045,0,49,0,9,9,4
MPV-GEN-T6-N90-R10,laff,0,item-077,0,58,0,6,8,6
MPV-GEN-T6-N90-R10,laff,0,item-062,0,66,0,9,6,5
MPV-GEN-T6-N90-R10,laff,0,item-065,0,72,0,9,5,6
MPV-GEN-T6-N90-R10,laff,0,item-046,0,77,0,7,5,7
MPV-GEN-T6-N90-R10,laff,0,item-003,0,82,0,5,7,6
MPV-GEN-T6-N90-R10,laff,0,item-027,0,40,4,9,7,3
MPV-GEN-T6-N90-R10,laff,0,item-016,0,89,0,6,4,7
MPV-GEN-T6-N90-R10,laff,0,item-083,0,93,0,7,4,6
MPV-GEN-T6-N90-R10,laff,0,item-001,0,47,4,6,9,3
MPV-GEN-T6-N90-R10,laff,0,item-005,6,58,0,5,8,4
MPV-GEN-T6-N90-R10,laff,0,item-064,6,82,0,4,8,4
MPV-GEN-T6-N90-R10,laff,0,item-032,0,97,0,8,2,7
MPV-GEN-T6-N90-R10,laff,0,item-087,7,20,0,4,6,4
MPV-GEN-T6-N90-R10,laff,0,item-017,7,26,0,2,9,5
MPV-GEN-T6-N90-R10,laff,0,item-085,7,90,0,3,6,5
MPV-GEN-T6-N90-R10,laff,0,item-020,5,82,4,7,4,3
MPV-GEN-T6-N90-R10,laff,0,item-060,9,0,0,2,7,6
MPV-GEN-T6-N90-R10,laff,0,item-010,7,35,0,4,3,6
MPV-GEN-T6-N90-R10,laff,0,item-037,7,77,0,3,4,6
MPV-GEN-T6-N90-R10,laff,0,item-044,7,38,0,6,2,6
MPV-GEN-T6-N90-R10,laff,0,item-068,0,10,6,9,8,1
MPV-GEN-T6-N90-R10,laff,0,item-088,0,99,0,10,1,7
MPV-GEN-T6-N90-R10,laff,0,item-030,9,7,0,2,4,7
MPV-GEN-T6-N90-R10,laff,0,item-002,0,18,6,6,9,1
MPV-GEN-T6-N90-R10,laff,0,item-056,0,56,4,9,2,3
MPV-GEN-T6-N90-R10,laff,0,item-058,0,27,6,9,6,1
MPV-GEN-T6-N90-R10,laff,0,item-081,5,86,4,6,3,3
MPV-GEN-T6-N90-R10,laff,0,item-084,6,47,4,3,6,3
MPV-GEN-T6-N90-R10,laff,0,item-036,7,81,0,10,1,5
MPV-GEN-T6-N90-R10,laff,0,item-031,8,96,0,4,3,4
MPV-GEN-T6-N90-R10,laff,0,item-079,6,58,5,3,8,2
MPV-GEN-T6-N90-R10,laff,0,item-082,9,11,0,2,6,4
MPV-GEN-T6-N90-R10,laff,0,item-004,9,17,0,2,3,7
MPV-GEN-T6-N90-R10,laff,0,item-008,9,26,0,1,6,7
MPV-GEN-T6-N90-R10,laff,0,item-053,7,89,5,3,7,2
MPV-GEN-T6-N90-R10,laff,0,item-029,0,66,5,10,2,2
MPV-GEN-T6-N90-R10,laff,0,item-023,9,49,0,1,6,6
MPV-GEN-T6-N90-R10,laff,0,item-066,9,66,0,1,8,4
MPV-GEN-T6-N90-R10,laff,0,item-069,10,26,0,1,8,4
MPV-GEN-T6-N90-R10,laff,0,item-013,9,55,4,1,10,3
MPV-GEN-T6-N90-R10,laff,0,item-075,7,68,6,3,10,1
MPV-GEN-T6-N90-R10,laff,0,item-076,7,20,5,2,7,2
MPV-GEN-T6-N90-R10,laff,0,item-000,0,33,6,9,3,1
MPV-GEN-T6-N90-R10,laff,0,item-015,9,40,4,1,8,3
MPV-GEN-T6-N90-R10,laff,0,item-009,10,40,5,1,10,2
MPV-GEN-T6-N90-R10,laff,0,item-022,0,36,6,10,2,1
MPV-GEN-T6-N90-R10,laff,0,item-038,6,53,4,2,3,3
MPV-GEN-T6-N90-R10,laff,0,item-061,8,96,4,3,2,3
MPV-GEN-T6-N90-R10,laff,0,item-080,7,81,5,9,1,2
MPV-GEN-T6-N90-R10,laff,0,item-041,9,11,4,1,5,3
MPV-GEN-T6-N90-R10,laff,0,item-055,8,98,4,5,1,3
MPV-GEN-T6-N90-R10,laff,0,item-042,9,34,0,2,1,7
MPV-GEN-T6-N90-R10,laff,0,item-043,9,74,0,2,1,6
MPV-GEN-T6-N90-R10,laff,0,item-074,0,68,5,6,1,2
MPV-GEN-T6-N90-R10,laff,0,item-006,6,90,0,1,2,5
MPV-GEN-T6-N90-R10,laff,0,item-028,9,16,4,3,1,3
MPV-GEN-T6-N90-R10,laff,0,item-012,0,38,6,4,2,1
MPV-GEN-T6-N90-R10,laff,0,item-054,0,69,5,3,1,2
MPV-GEN-T6-N90-R10,laff,0,item-025,0,70,5,2,1,2
MPV-GEN-T6-N90-R10,laff,0,item-063,2,70,5,1,2,2
MPV-GEN-T6-N90-R10,laff,0,item-072,0,0,7,8,9,8
MPV-GEN-T6-N90-R10,laff,0,item-048,0,9,7,5,10,8
MPV-GEN-T6-N90-R10,laff,0,item-007,0,19,7,6,8,8
MPV-GEN-T6-N90-R10,laff,0,item-050,0,27,7,2,7,8
MPV-GEN-T6-N90-R10,laff,0,item-040,0,34,7,10,1,8
MPV-GEN-T6-N90-R10,laff,0,item-070,0,35,7,5,2,8
MPV-GEN-T6-N90-R10,laff,0,item-024,0,37,7,1,8,8
MPV-GEN-T6-N90-R10,laff,0,item-026,0,45,7,4,1,8
MPV-GEN-T6-N90-R10,laff,0,item-049,0,46,7,1,3,8
MPV-GEN-T6-N90-R10,laff,0,item-057,0,0,15,10,7,9
MPV-GEN-T6-N90-R10,laff,0,item-018,0,7,15,9,5,9
MPV-GEN-T6-N90-R10,laff,0,item-089,0,12,15,4,10,9
MPV-GEN-T6-N90-R10,laff,0,item-021,0,22,15,5,7,9
MPV-GEN-T6-N90-R10,laff,0,item-086,0,29,15,4,8,9
MPV-GEN-T6-N90-R10,laff,0,item-067,0,37,15,6,5,9
MPV-GEN-T6-N90-R10,laff,0,item-073,0,42,15,6,2,9
MPV-GEN-T6-N90-R10,laff,0,item-011,0,44,15,3,1,9
MPV-GEN-T6-N90-R10,laff,0,item-047,0,0,24,6,9,10
MPV-GEN-T6-N90-R10,laff,0,item-052,0,9,24,10,5,10
MPV-GEN-T6-N90-R10,laff,0,item-039,0,14,24,9,5,10
MPV-GEN-T6-N90-R10,laff,0,item-051,0,19,24,7,6,10
MPV-GEN-T6-N90-R10,laff,0,item-078,0,25,24,4,8,10
MPV-GEN-T6-N90-R10,laff,0,item-071,0,33,24,3,8,10
MPV-GEN-T6-N90-R10,laff,0,item-034,0,41,24,9,2,10
MPV-GEN-T7-N30-R01,laff,0,item-001,0,0,0,19,33,3
MPV-GEN-T7-N30-R01,laff,0,item-009,0,33,0,24,19,2
MPV-GEN-T7-N30-R01,laff,0,item-022,0,33,2,25,15,1
MPV-GEN-T7-N30-R01,laff,0,item-003,0,0,3,32,19,21
MPV-GEN-T7-N30-R01,laff,0,item-025,0,19,3,14,34,17
MPV-GEN-T7-N30-R01,laff,0,item-026,0,53,3,20,30,13
MPV-GEN-T7-N30-R01,laff,0,item-014,14,19,3,15,26,19
MPV-GEN-T7-N30-R01,laff,0,item-008,0,83,3,24,14,21
MPV-GEN-T7-N30-R01,laff,0,item-006,20,45,3,28,9,19
MPV-GEN-T7-N30-R01,laff,0,item-011,20,54,3,31,17,9
MPV-GEN-T7-N30-R01,laff,0,item-021,20,71,3,28,9,16
MPV-GEN-T7-N30-R01,laff,0,item-029,48,0,12,20,20,9
MPV-GEN-T7-N30-R01,laff,0,item-013,48,20,12,28,18,6
MPV-GEN-T7-N30-R01,laff,0,item-010,32,0,3,5,27,17
MPV-GEN-T7-N30-R01,laff,0,item-012,37,0,3,6,25,13
MPV-GEN-T7-N30-R01,laff,0,item-018,20,54,12,12,11,12
MPV-GEN-T7-N30-R01,laff,0,item-024,0,65,16,34,5,8
MPV-GEN-T7-N30-R01,laff,0,item-004,0,19,20,2,20,4
MPV-GEN-T7-N30-R01,laff,0,item-019,29,20,20,29,1,4
MPV-GEN-T7-N30-R01,laff,0,item-002,0,0,24,21,25,26
MPV-GEN-T7-N30-R01,laff,0,item-007,0,25,24,27,7,26
MPV-GEN-T7-N30-R01,laff,0,item-027,0,32,24,12,16,22
MPV-GEN-T7-N30-R01,laff,0,item-017,0,48,24,3,35,26
MPV-GEN-T7-N30-R01,laff,0,item-015,0,0,50,14,32,34
MPV-GEN-T7-N30-R01,laff,0,item-020,0,32,50,13,34,28
MPV-GEN-T7-N30-R01,laff,0,item-005,0,66,50,7,29,34
MPV-GEN-T7-N30-R01,laff,0,item-016,7,66,50,25,8,29
MPV-GEN-T7-N30-R01,laff,0,item-028,7,74,50,6,14,27
MPV-GEN-T7-N30-R01,laff,0,item-023,7,88,50,8,7,33
MPV-GEN-T7-N30-R01,laff,1,item-000,0,0,0,32,11,35
MPV-GEN-T7-N30-R02,laff,0,item-019,0,0,0,32,33,34
MPV-GEN-T7-N30-R02,laff,0,item-020,0,33,0,22,25,24
MPV-GEN-T7-N30-R02,laff,0,item-016,0,58,0,33,9,28
MPV-GEN-T7-N30-R02,laff,0,item-028,0,67,0,9,29,26
MPV-GEN-T7-N30-R02,laff,0,item-001,9,67,0,17,29,12
MPV-GEN-T7-N30-R02,laff,0,item-006,9,67,12,21,20,13
MPV-GEN-T7-N30-R02,laff,0,item-010,26,67,0,17,28,11
MPV-GEN-T7-N30-R02,laff,0,item-013,30,67,11,14,16,21
MPV-GEN-T7-N30-R02,laff,0,item-017,9,87,12,34,7,14
MPV-GEN-T7-N30-R02,laff,0,item-018,0,67,26,28,17,7
MPV-GEN-T7-N30-R02,laff,0,item-007,33,0,11,16,11,17
MPV-GEN-T7-N30-R02,laff,0,item-014,22,33,0,16,10,16
MPV-GEN-T7-N30-R02,laff,0,item-025,22,43,0,15,8,20
MPV-GEN-T7-N30-R02,laff,0,item-004,32,11,20,5,33,12
MPV-GEN-T7-N30-R02,laff,0,item-009,0,96,0,16,4,24
MPV-GEN-T7-N30-R02,laff,0,item-024,33,51,0,8,9,21
MPV-GEN-T7-N30-R02,laff,0,item-002,32,11,0,8,8,20
MPV-GEN-T7-N30-R02,laff,0,item-022,37,19,16,3,23,18
MPV-GEN-T7-N30-R02,laff,0,item-008,16,96,0,18,2,33
MPV-GEN-T7-N30-R02,laff,0,item-026,0,33,24,9,14,9
MPV-GEN-T7-N30-R02,laff,0,item-005,0,47,28,12,18,5
MPV-GEN-T7-N30-R02,laff,0,item-027,22,44,20,20,3,14
MPV-GEN-T7-N30-R02,laff,0,item-029,12,33,28,6,23,6
MPV-GEN-T7-N30-R02,laff,0,item-015,26,94,11,33,1,23
MPV-GEN-T7-N30-R02,laff,0,item-023,38,19,0,1,29,16
MPV-GEN-T7-N30-R02,laff,0,item-003,30,83,11,4,3,20
MPV-GEN-T7-N30-R02,laff,0,item-000,0,84,26,3,8,7
MPV-GEN-T7-N30-R02,laff,0,item-012,22,51,0,1,3,32
MPV-GEN-T7-N30-R02,laff,0,item-021,0,0,34,33,19,35
MPV-GEN-T7-N30-R02,laff,0,item-011,0,19,34,32,8,35
MPV-GEN-T7-N30-R03,laff,0,item-011,0,0,0,34,23,27
MPV-GEN-T7-N30-R03,laff,0,item-001,0,23,0,26,26,22
MPV-GEN-T7-N30-R03,laff,0,item-003,0,49,0,22,21,20
MPV-GEN-T7-N30-R03,laff,0,item-022,0,70,0,17,20,24
MPV-GEN-T7-N30-R03,laff,0,item-014,17,70,0,16,30,14
MPV-GEN-T7-N30-R03,laff,0,item-029,22,49,0,16,15,25
MPV-GEN-T7-N30-R03,laff,0,item-009,26,23,0,21,11,24
MPV-GEN-T7-N30-R03,laff,0,item-027,26,34,0,17,12,17
MPV-GEN-T7-N30-R03,laff,0,item-002,33,64,0,8,15,27
MPV-GEN-T7-N30-R03,laff,0,item-028,17,70,14,13,20,12
MPV-GEN-T7-N30-R03,laff,0,item-000,33,79,0,31,6,15
MPV-GEN-T7-N30-R03,laff,0,item-006,38,34,17,15,30,6
MPV-GEN-T7-N30-R03,laff,0,item-025,0,90,0,17,6,22
MPV-GEN-T7-N30-R03,laff,0,item-013,30,79,15,11,15,12
MPV-GEN-T7-N30-R03,laff,0,item-023,33,94,0,16,5,23
MPV-GEN-T7-N30-R03,laff,0,item-026,41,64,15,32,9,6
MPV-GEN-T7-N30-R03,laff,0,item-004,49,73,15,9,22,7
MPV-GEN-T7-N30-R03,laff,0,item-017,0,23,24,17,27,3
MPV-GEN-T7-N30-R03,laff,0,item-019,41,64,22,13,19,5
MPV-GEN-T7-N30-R03,laff,0,item-010,54,0,21,28,7,6
MPV-GEN-T7-N30-R03,laff,0,item-015,0,96,14,18,4,13
MPV-GEN-T7-N30-R03,laff,0,item-012,22,64,0,9,3,17
MPV-GEN-T7-N30-R03,laff,0,item-007,22,64,17,6,4,9
MPV-GEN-T7-N30-R03,laff,0,item-018,0,50,26,8,22,1
MPV-GEN-T7-N30-R03,laff,0,item-008,58,73,15,1,14,11
MPV-GEN-T7-N30-R03,laff,0,item-020,0,0,27,30,17,31
MPV-GEN-T7-N30-R03,laff,0,item-016,0,17,27,28,11,28
MPV-GEN-T7-N30-R03,laff,0,item-024,0,0,58,30,14,33
MPV-GEN-T7-N30-R03,laff,0,item-005,0,14,58,28,8,33
MPV-GEN-T7-N30-R03,laff,0,item-021,0,22,58,4,16,32
MPV-GEN-T7-N30-R04,laff,0,item-002,0,0,0,30,33,33
MPV-GEN-T7-N30-R04,laff,0,item-018,0,33,0,24,28,31
MPV-GEN-T7-N30-R04,laff,0,item-021,0,61,0,32,14,28
MPV-GEN-T7-N30-R04,laff,0,item-017,30,0,0,13,34,26
MPV-GEN-T7-N30-R04,laff,0,item-008,0,75,0,18,25,23
MPV-GEN-T7-N30-R04,laff,0,item-014,24,34,0,17,26,23
MPV-GEN-T7-N30-R04,laff,0,item-029,18,75,0,25,18,22
MPV-GEN-T7-N30-R04,laff,0,item-026,41,34,0,21,28,14
MPV-GEN-T7-N30-R04,laff,0,item-023,24,33,26,32,27,6
MPV-GEN-T7-N30-R04,laff,0,item-022,30,0,26,30,28,6
MPV-GEN-T7-N30-R04,laff,0,item-004,32,60,14,24,12,15
MPV-GEN-T7-N30-R04,laff,0,item-001,0,75,23,24,22,8
MPV-GEN-T7-N30-R04,laff,0,item-027,43,0,14,13,34,9
MPV-GEN-T7-N30-R04,laff,0,item-020,43,72,0,16,8,27
MPV-GEN-T7-N30-R04,laff,0,item-003,56,28,14,29,5,19
MPV-GEN-T7-N30-R04,laff,0,item-009,24,75,22,13,19,11
MPV-GEN-T7-N30-R04,laff,0,item-005,37,60,29,33,20,4
MPV-GEN-T7-N30-R04,laff,0,item-028,37,80,22,16,12,11
MPV-GEN-T7-N30-R04,laff,0,item-006,41,34,14,8,18,12
MPV-GEN-T7-N30-R04,laff,0,item-013,0,61,29,32,13,4
MPV-GEN-T7-N30-R04,laff,0,item-011,56,33,14,35,2,18
MPV-GEN-T7-N30-R04,laff,0,item-000,56,0,0,2,26,22
MPV-GEN-T7-N30-R04,laff,0,item-025,18,97,0,6,3,25
MPV-GEN-T7-N30-R04,laff,0,item-016,56,35,14,1,12,15
MPV-GEN-T7-N30-R04,laff,0,item-015,56,47,27,2,31,2
MPV-GEN-T7-N30-R04,laff,0,item-012,0,33,32,4,16,1
MPV-GEN-T7-N30-R04,laff,0,item-007,0,0,33,30,8,35
MPV-GEN-T7-N30-R04,laff,0,item-019,0,8,33,28,4,35
MPV-GEN-T7-N30-R04,laff,0,item-010,0,12,33,5,20,35
MPV-GEN-T7-N30-R04,laff,0,item-024,0,32,33,4,18,34
MPV-GEN-T7-N30-R05,laff,0,item-013,0,0,0,29,35,18
MPV-GEN-T7-N30-R05,laff,0,item-001,0,35,0,33,19,18
MPV-GEN-T7-N30-R05,laff,0,item-024,0,54,0,26,23,11
MPV-GEN-T7-N30-R05,laff,0,item-009,26,54,0,18,26,11
MPV-GEN-T7-N30-R05,laff,0,item-000,29,0,0,7,24,18
MPV-GEN-T7-N30-R05,laff,0,item-002,0,54,11,30,17,5
MPV-GEN-T7-N30-R05,laff,0,item-026,0,77,0,9,23,11
MPV-GEN-T7-N30-R05,laff,0,item-029,0,71,11,35,10,6
MPV-GEN-T7-N30-R05,laff,0,item-023,9,81,0,12,3,13
MPV-GEN-T7-N30-R05,laff,0,item-021,9,84,0,3,11,13
MPV-GEN-T7-N30-R05,laff,0,item-019,0,95,11,32,2,6
MPV-GEN-T7-N30-R05,laff,0,item-004,9,80,0,28,1,10
MPV-GEN-T7-N30-R05,laff,0,item-006,33,24,11,2,28,5
MPV-GEN-T7-N30-R05,laff,0,item-016,9,97,0,8,2,15
MPV-GEN-T7-N30-R05,laff,0,item-022,12,84,0,9,2,12
MPV-GEN-T7-N30-R05,laff,0,item-008,0,54,17,13,14,1
MPV-GEN-T7-N30-R05,laff,0,item-005,12,86,0,2,10,9
MPV-GEN-T7-N30-R05,laff,0,item-017,0,81,13,8,7,3
MPV-GEN-T7-N30-R05,laff,0,item-012,0,0,18,35,28,21
MPV-GEN-T7-N30-R05,laff,0,item-014,0,28,18,17,11,21
MPV-GEN-T7-N30-R05,laff,0,item-020,0,0,39,24,35,34
MPV-GEN-T7-N30-R05,laff,0,item-015,0,35,39,22,34,27
MPV-GEN-T7-N30-R05,laff,0,item-028,0,69,39,20,26,32
MPV-GEN-T7-N30-R05,laff,0,item-003,20,69,39,12,23,31
MPV-GEN-T7-N30-R05,laff,0,item-010,22,35,39,4,34,30
MPV-GEN-T7-N30-R05,laff,0,item-018,24,0,39,4,33,25
MPV-GEN-T7-N30-R05,laff,0,item-011,26,33,39,2,17,33
MPV-GEN-T7-N30-R05,laff,0,item-007,0,95,39,20,1,27
MPV-GEN-T7-N30-R05,laff,0,item-025,0,96,39,8,1,27
MPV-GEN-T7-N30-R05,laff,1,item-027,0,0,0,10,8,35
MPV-GEN-T7-N30-R06,laff,0,item-024,0,0,0,35,27,24
MPV-GEN-T7-N30-R06,laff,0,item-011,0,27,0,26,31,24
MPV-GEN-T7-N30-R06,laff,0,item-008,0,58,0,30,25,13
MPV-GEN-T7-N30-R06,laff,0,item-014,26,27,0,18,30,18
MPV-GEN-T7-N30-R06,laff,0,item-028,30,57,0,23,18,19
MPV-GEN-T7-N30-R06,laff,0,item-013,0,58,13,15,33,10
MPV-GEN-T7-N30-R06,laff,0,item-026,15,75,13,33,19,7
MPV-GEN-T7-N30-R06,laff,0,item-012,26,27,19,30,29,5
MPV-GEN-T7-N30-R06,laff,0,item-002,30,75,0,17,23,11
MPV-GEN-T7-N30-R06,laff,0,item-004,35,0,0,8,26,18
MPV-GEN-T7-N30-R06,laff,0,item-022,43,0,0,22,10,17
MPV-GEN-T7-N30-R06,laff,0,item-019,44,10,0,12,22,13
MPV-GEN-T7-N30-R06,laff,0,item-009,53,32,0,10,34,10
MPV-GEN-T7-N30-R06,laff,0,item-021,43,10,13,31,9,9
MPV-GEN-T7-N30-R06,laff,0,item-005,15,58,20,19,34,3
MPV-GEN-T7-N30-R06,laff,0,item-018,0,94,0,20,4,20
MPV-GEN-T7-N30-R06,laff,0,item-007,20,94,0,9,5,18
MPV-GEN-T7-N30-R06,laff,0,item-010,0,58,23,16,35,1
MPV-GEN-T7-N30-R06,laff,0,item-015,0,91,0,6,3,16
MPV-GEN-T7-N30-R06,laff,0,item-016,53,56,10,4,3,14
MPV-GEN-T7-N30-R06,laff,0,item-020,0,0,24,33,26,30
MPV-GEN-T7-N30-R06,laff,0,item-001,0,26,24,31,15,27
MPV-GEN-T7-N30-R06,laff,0,item-000,0,41,24,13,21,25
MPV-GEN-T7-N30-R06,laff,0,item-003,0,62,24,31,7,30
MPV-GEN-T7-N30-R06,laff,0,item-027,0,69,24,6,30,27
MPV-GEN-T7-N30-R06,laff,0,item-029,6,69,24,9,13,26
MPV-GEN-T7-N30-R06,laff,0,item-025,6,82,24,9,10,30
MPV-GEN-T7-N30-R06,laff,0,item-017,13,41,24,4,14,26
MPV-GEN-T7-N30-R06,laff,0,item-023,0,0,54,5,25,31
MPV-GEN-T7-N30-R06,laff,1,item-006,0,0,0,30,4,34
MPV-GEN-T7-N30-R07,laff,0,item-007,0,0,0,34,33,22
MPV-GEN-T7-N30-R07,laff,0,item-028,0,33,0,27,32,17
MPV-GEN-T7-N30-R07,laff,0,item-017,0,65,0,22,34,15
MPV-GEN-T7-N30-R07,laff,0,item-011,22,65,0,28,11,16
MPV-GEN-T7-N30-R07,laff,0,item-015,0,65,16,26,29,6
MPV-GEN-T7-N30-R07,laff,0,item-005,22,76,0,23,24,8
MPV-GEN-T7-N30-R07,laff,0,item-029,27,33,0,31,5,22
MPV-GEN-T7-N30-R07,laff,0,item-018,26,76,8,23,9,14
MPV-GEN-T7-N30-R07,laff,0,item-004,26,85,8,12,15,13
MPV-GEN-T7-N30-R07,laff,0,item-002,27,38,0,17,7,18
MPV-GEN-T7-N30-R07,laff,0,item-019,38,85,8,28,8,7
MPV-GEN-T7-N30-R07,laff,0,item-016,38,93,8,11,5,14
MPV-GEN-T7-N30-R07,laff,0,item-024,26,38,18,22,32,1
MPV-GEN-T7-N30-R07,laff,0,item-026,27,45,0,21,2,16
MPV-GEN-T7-N30-R07,laff,0,item-020,0,33,19,6,18,2
MPV-GEN-T7-N30-R07,laff,0,item-001,0,51,19,5,12,2
MPV-GEN-T7-N30-R07,laff,0,item-021,26,70,16,2,6,6
MPV-GEN-T7-N30-R07,laff,0,item-023,0,63,19,20,1,3
MPV-GEN-T7-N30-R07,laff,0,item-013,0,0,22,12,32,24
MPV-GEN-T7-N30-R07,laff,0,item-010,0,0,46,27,14,31
MPV-GEN-T7-N30-R07,laff,0,item-008,0,14,46,25,14,26
MPV-GEN-T7-N30-R07,laff,0,item-014,0,28,46,18,15,28
MPV-GEN-T7-N30-R07,laff,0,item-012,0,43,46,26,6,25
MPV-GEN-T7-N30-R07,laff,0,item-003,0,49,46,2,13,30
MPV-GEN-T7-N30-R07,laff,0,item-006,0,62,46,1,14,27
MPV-GEN-T7-N30-R07,laff,0,item-027,0,76,46,3,4,30
MPV-GEN-T7-N30-R07,laff,1,item-000,0,0,0,18,7,33
MPV-GEN-T7-N30-R07,laff,1,item-009,0,7,0,15,6,33
MPV-GEN-T7-N30-R07,laff,1,item-025,0,13,0,11,8,32
MPV-GEN-T7-N30-R07,laff,1,item-022,0,0,33,1,7,35
MPV-GEN-T7-N30-R08,laff,0,item-013,0,0,0,33,30,16
MPV-GEN-T7-N30-R08,laff,0,item-011,0,30,0,29,25,7
MPV-GEN-T7-N30-R08,laff,0,item-026,0,55,0,10,33,12
MPV-GEN-T7-N30-R08,laff,0,item-028,0,30,12,30,24,4
MPV-GEN-T7-N30-R08,laff,0,item-019,0,88,0,31,5,14
MPV-GEN-T7-N30-R08,laff,0,item-016,0,93,0,19,6,13
MPV-GEN-T7-N30-R08,laff,0,item-012,10,54,7,21,7,9
MPV-GEN-T7-N30-R08,laff,0,item-022,0,30,7,14,15,5
MPV-GEN-T7-N30-R08,laff,0,item-007,10,61,0,23,2,13
MPV-GEN-T7-N30-R08,laff,0,item-018,10,63,0,4,15,9
MPV-GEN-T7-N30-R08,laff,0,item-008,0,61,13,7,25,3
MPV-GEN-T7-N30-R08,laff,0,item-000,10,63,9,24,4,5
MPV-GEN-T7-N30-R08,laff,0,item-017,0,93,13,18,6,3
MPV-GEN-T7-N30-R08,laff,0,item-029,10,67,9,5,8,7
MPV-GEN-T7-N30-R08,laff,0,item-001,10,78,0,3,8,11
MPV-GEN-T7-N30-R08,laff,0,item-023,14,63,0,1,23,9
MPV-GEN-T7-N30-R08,laff,0,item-024,0,86,14,8,1,2
MPV-GEN-T7-N30-R08,laff,0,item-005,0,87,14,5,1,2
MPV-GEN-T7-N30-R08,laff,0,item-006,0,0,16,29,25,21
MPV-GEN-T7-N30-R08,laff,0,item-004,0,25,16,15,28,21
MPV-GEN-T7-N30-R08,laff,0,item-003,0,0,37,21,32,29
MPV-GEN-T7-N30-R08,laff,0,item-014,0,32,37,19,34,25
MPV-GEN-T7-N30-R08,laff,0,item-027,0,66,37,11,14,22
MPV-GEN-T7-N30-R08,laff,0,item-021,0,80,37,30,4,25
MPV-GEN-T7-N30-R08,laff,0,item-010,19,32,37,4,27,25
MPV-GEN-T7-N30-R08,laff,0,item-002,0,84,37,4,13,24
MPV-GEN-T7-N30-R08,laff,0,item-015,0,0,66,10,33,30
MPV-GEN-T7-N30-R08,laff,1,item-020,0,0,0,15,9,33
MPV-GEN-T7-N30-R08,laff,1,item-009,0,9,0,7,14,32
MPV-GEN-T7-N30-R08,laff,1,item-025,0,0,33,12,5,35
MPV-GEN-T7-N30-R09,laff,0,item-023,0,0,0,28,34,28
MPV-GEN-T7-N30-R09,laff,0,item-022,0,34,0,28,24,23
MPV-GEN-T7-N30-R09,laff,0,item-004,0,58,0,31,17,28
MPV-GEN-T7-N30-R09,laff,0,item-028,0,75,0,34,15,25
MPV-GEN-T7-N30-R09,laff,0,item-006,28,0,0,23,35,14
MPV-GEN-T7-N30-R09,laff,0,item-019,31,35,0,12,26,20
MPV-GEN-T7-N30-R09,laff,0,item-013,28,0,20,30,29,7
MPV-GEN-T7-N30-R09,laff,0,item-014,34,61,0,7,31,23
MPV-GEN-T7-N30-R09,laff,0,item-026,43,29,14,33,16,9
MPV-GEN-T7-N30-R09,laff,0,item-007,31,29,23,25,30,5
MPV-GEN-T7-N30-R09,laff,0,item-027,41,61,0,8,35,13
MPV-GEN-T7-N30-R09,laff,0,item-017,41,61,13,13,14,15
MPV-GEN-T7-N30-R09,laff,0,item-005,43,35,0,9,26,7
MPV-GEN-T7-N30-R09,laff,0,item-029,56,29,23,15,35,3
MPV-GEN-T7-N30-R09,laff,0,item-024,0,92,13,18,6,14
MPV-GEN-T7-N30-R09,laff,0,item-016,18,92,13,14,8,13
MPV-GEN-T7-N30-R09,laff,0,item-008,43,45,7,25,2,16
MPV-GEN-T7-N30-R09,laff,0,item-020,0,90,0,23,1,28
MPV-GEN-T7-N30-R09,laff,0,item-015,0,91,0,30,1,20
MPV-GEN-T7-N30-R09,laff,0,item-018,0,75,25,19,8,3
MPV-GEN-T7-N30-R09,laff,0,item-010,28,35,0,3,6,20
MPV-GEN-T7-N30-R09,laff,0,item-025,23,75,26,2,15,2
MPV-GEN-T7-N30-R09,laff,0,item-000,0,91,27,29,2,1
MPV-GEN-T7-N30-R09,laff,0,item-021,0,98,0,1,1,22
MPV-GEN-T7-N30-R09,laff,0,item-009,0,0,28,35,21,32
MPV-GEN-T7-N30-R09,laff,0,item-003,0,21,28,27,15,29
MPV-GEN-T7-N30-R09,laff,0,item-012,0,36,28,17,19,29
MPV-GEN-T7-N30-R09,laff,0,item-002,0,55,28,4,32,31
MPV-GEN-T7-N30-R09,laff,0,item-011,0,0,60,31,5,34
MPV-GEN-T7-N30-R09,laff,0,item-001,0,5,60,12,5,33
MPV-GEN-T7-N30-R10,laff,0,item-021,0,0,0,29,34,18
MPV-GEN-T7-N30-R10,laff,0,item-019,0,34,0,27,23,15
MPV-GEN-T7-N30-R10,laff,0,item-016,0,57,0,22,32,12
MPV-GEN-T7-N30-R10,laff,0,item-000,22,57,0,35,22,8
MPV-GEN-T7-N30-R10,laff,0,item-026,22,79,0,22,12,17
MPV-GEN-T7-N30-R10,laff,0,item-010,27,34,0,15,19,14
MPV-GEN-T7-N30-R10,laff,0,item-015,42,0,8,14,28,9
MPV-GEN-T7-N30-R10,laff,0,item-005,42,28,0,14,15,13
MPV-GEN-T7-N30-R10,laff,0,item-017,0,34,15,32,21,3
MPV-GEN-T7-N30-R10,laff,0,item-003,42,28,13,11,34,5
MPV-GEN-T7-N30-R10,laff,0,item-020,0,55,17,32,27,1
MPV-GEN-T7-N30-R10,laff,0,item-012,32,62,17,12,32,1
MPV-GEN-T7-N30-R10,laff,0,item-027,53,28,13,4,10,5
MPV-GEN-T7-N30-R10,laff,0,item-025,53,38,13,3,12,5
MPV-GEN-T7-N30-R10,laff,0,item-001,22,57,8,10,1,7
MPV-GEN-T7-N30-R10,laff,0,item-011,0,0,18,32,19,25
MPV-GEN-T7-N30-R10,laff,0,item-002,0,19,18,26,15,25
MPV-GEN-T7-N30-R10,laff,0,item-013,0,34,18,16,27,22
MPV-GEN-T7-N30-R10,laff,0,item-004,0,61,18,34,7,24
MPV-GEN-T7-N30-R10,laff,0,item-006,0,68,18,16,11,20
MPV-GEN-T7-N30-R10,laff,0,item-009,16,68,18,4,29,19
MPV-GEN-T7-N30-R10,laff,0,item-029,0,97,18,24,3,23
MPV-GEN-T7-N30-R10,laff,0,item-028,24,68,18,2,30,24
MPV-GEN-T7-N30-R10,laff,0,item-018,0,0,43,35,14,33
MPV-GEN-T7-N30-R10,laff,0,item-008,0,14,43,19,25,28
MPV-GEN-T7-N30-R10,laff,0,item-007,0,39,43,14,22,31
MPV-GEN-T7-N30-R10,laff,0,item-022,0,61,43,6,32,28
MPV-GEN-T7-N30-R10,laff,0,item-014,6,61,43,8,15,32
MPV-GEN-T7-N30-R10,laff,0,item-024,6,76,43,4,10,27
MPV-GEN-T7-N30-R10,laff,1,item-023,0,0,0,9,21,34
MPV-GEN-T7-N60-R01,laff,0,item-022,0,0,0,33,34,30
MPV-GEN-T7-N60-R01,laff,0,item-055,0,34,0,33,31,30
MPV-GEN-T7-N60-R01,laff,0,item-036,0,65,0,30,31,28
MPV-GEN-T7-N60-R01,laff,0,item-043,30,65,0,32,30,27
MPV-GEN-T7-N60-R01,laff,0,item-049,33,0,0,31,23,27
MPV-GEN-T7-N60-R01,laff,0,item-046,33,23,0,26,31,21
MPV-GEN-T7-N60-R01,laff,0,item-035,59,23,0,28,30,19
MPV-GEN-T7-N60-R01,laff,0,item-052,62,53,0,31,26,17
MPV-GEN-T7-N60-R01,laff,0,item-048,62,79,0,30,20,18
MPV-GEN-T7-N60-R01,laff,0,item-009,64,0,0,25,12,30
MPV-GEN-T7-N60-R01,laff,0,item-006,87,12,0,9,33,24
MPV-GEN-T7-N60-R01,laff,0,item-025,59,23,19,22,32,10
MPV-GEN-T7-N60-R01,laff,0,item-047,33,55,0,27,10,23
MPV-GEN-T7-N60-R01,laff,0,item-056,33,23,23,22,32,7
MPV-GEN-T7-N60-R01,laff,0,item-039,62,55,18,29,24,7
MPV-GEN-T7-N60-R01,laff,0,item-013,64,12,0,18,7,27
MPV-GEN-T7-N60-R01,laff,0,item-040,62,79,18,22,14,11
MPV-GEN-T7-N60-R01,laff,0,item-029,93,45,0,4,27,27
MPV-GEN-T7-N60-R01,laff,0,item-015,84,79,18,15,17,11
MPV-GEN-T7-N60-R01,laff,0,item-030,0,96,0,34,4,16
MPV-GEN-T7-N60-R01,laff,0,item-001,92,79,0,7,21,10
MPV-GEN-T7-N60-R01,laff,0,item-021,96,0,0,2,28,24
MPV-GEN-T7-N60-R01,laff,0,item-032,92,79,10,8,18,8
MPV-GEN-T7-N60-R01,laff,0,item-044,81,19,24,10,19,6
MPV-GEN-T7-N60-R01,laff,0,item-026,97,28,0,2,31,16
MPV-GEN-T7-N60-R01,laff,0,item-057,34,95,0,25,2,17
MPV-GEN-T7-N60-R01,laff,0,item-038,82,12,0,4,10,21
MPV-GEN-T7-N60-R01,laff,0,item-027,34,97,0,14,2,26
MPV-GEN-T7-N60-R01,laff,0,item-016,48,95,17,13,4,13
MPV-GEN-T7-N60-R01,laff,0,item-031,0,65,29,27,21,1
MPV-GEN-T7-N60-R01,laff,0,item-011,81,38,19,5,9,10
MPV-GEN-T7-N60-R01,laff,0,item-004,30,65,27,6,18,3
MPV-GEN-T7-N60-R01,laff,0,item-051,36,55,27,5,27,2
MPV-GEN-T7-N60-R01,laff,0,item-037,30,83,27,6,5,3
MPV-GEN-T7-N60-R01,laff,0,item-000,0,88,29,9,3,1
MPV-GEN-T7-N60-R01,laff,0,item-024,0,0,30,21,35,31
MPV-GEN-T7-N60-R01,laff,0,item-010,0,35,30,21,33,17
MPV-GEN-T7-N60-R01,laff,0,item-053,0,68,30,23,23,16
MPV-GEN-T7-N60-R01,laff,0,item-017,21,0,30,17,29,17
MPV-GEN-T7-N60-R01,laff,0,item-059,21,29,30,16,23,22
MPV-GEN-T7-N60-R01,laff,0,item-020,0,52,47,24,24,14
MPV-GEN-T7-N60-R01,laff,0,item-050,23,52,30,17,27,17
MPV-GEN-T7-N60-R01,laff,0,item-054,23,79,30,13,19,27
MPV-GEN-T7-N60-R01,laff,0,item-019,36,79,30,24,13,20
MPV-GEN-T7-N60-R01,laff,0,item-014,36,92,30,29,6,29
MPV-GEN-T7-N60-R01,laff,0,item-008,37,29,30,16,13,23
MPV-GEN-T7-N60-R01,laff,0,item-034,0,35,47,19,17,13
MPV-GEN-T7-N60-R01,laff,0,item-007,21,0,53,28,20,6
MPV-GEN-T7-N60-R01,laff,0,item-041,24,52,47,17,15,12
MPV-GEN-T7-N60-R01,laff,0,item-033,36,67,50,23,13,9
MPV-GEN-T7-N60-R01,laff,0,item-003,19,35,53,23,13,8
MPV-GEN-T7-N60-R01,laff,0,item-012,24,67,47,12,11,14
MPV-GEN-T7-N60-R01,laff,0,item-045,21,20,53,9,13,8
MPV-GEN-T7-N60-R01,laff,0,item-002,0,0,61,24,28,33
MPV-GEN-T7-N60-R01,laff,0,item-005,0,28,61,29,3,32
MPV-GEN-T7-N60-R01,laff,1,item-028,0,0,0,18,35,34
MPV-GEN-T7-N60-R01,laff,1,item-042,0,35,0,34,12,34
MPV-GEN-T7-N60-R01,laff,1,item-018,0,47,0,9,35,34
MPV-GEN-T7-N60-R01,laff,1,item-023,0,82,0,21,12,34
MPV-GEN-T7-N60-R01,laff,1,item-058,0,94,0,34,6,34
MPV-GEN-T7-N60-R02,laff,0,item-034,0,0,0,32,32,5
MPV-GEN-T7-N60-R02,laff,0,item-002,0,32,0,23,34,4
MPV-GEN-T7-N60-R02,laff,0,item-049,0,66,0,10,20,5
MPV-GEN-T7-N60-R02,laff,0,item-005,10,66,0,11,27,3
MPV-GEN-T7-N60-R02,laff,0,item-011,0,32,4,29,23,1
MPV-GEN-T7-N60-R02,laff,0,item-043,0,55,4,15,9,1
MPV-GEN-T7-N60-R02,laff,0,item-017,0,93,0,13,1,5
MPV-GEN-T7-N60-R02,laff,0,item-054,0,0,5,27,34,20
MPV-GEN-T7-N60-R02,laff,0,item-021,0,34,5,30,26,20
MPV-GEN-T7-N60-R02,laff,0,item-032,0,60,5,21,35,20
MPV-GEN-T7-N60-R02,laff,0,item-025,21,60,5,23,29,13
MPV-GEN-T7-N60-R02,laff,0,item-026,27,0,5,26,27,12
MPV-GEN-T7-N60-R02,laff,0,item-035,30,27,5,30,15,17
MPV-GEN-T7-N60-R02,laff,0,item-053,44,42,5,20,20,18
MPV-GEN-T7-N60-R02,laff,0,item-009,44,62,5,17,20,17
MPV-GEN-T7-N60-R02,laff,0,item-048,53,0,5,18,20,16
MPV-GEN-T7-N60-R02,laff,0,item-020,44,82,5,33,15,10
MPV-GEN-T7-N60-R02,laff,0,item-029,64,20,5,13,30,12
MPV-GEN-T7-N60-R02,laff,0,item-027,64,50,5,10,24,18
MPV-GEN-T7-N60-R02,laff,0,item-038,71,0,5,28,11,13
MPV-GEN-T7-N60-R02,laff,0,item-051,44,82,15,29,13,10
MPV-GEN-T7-N60-R02,laff,0,item-047,74,50,5,6,27,17
MPV-GEN-T7-N60-R02,laff,0,item-055,0,95,5,28,4,17
MPV-GEN-T7-N60-R02,laff,0,item-003,21,60,18,7,32,7
MPV-GEN-T7-N60-R02,laff,0,item-023,77,11,5,2,34,17
MPV-GEN-T7-N60-R02,laff,0,item-024,28,95,15,30,4,9
MPV-GEN-T7-N60-R02,laff,0,item-022,30,42,5,11,7,12
MPV-GEN-T7-N60-R02,laff,0,item-016,21,89,5,9,5,12
MPV-GEN-T7-N60-R02,laff,0,item-039,27,20,17,33,2,6
MPV-GEN-T7-N60-R02,laff,0,item-013,30,49,5,4,5,19
MPV-GEN-T7-N60-R02,laff,0,item-006,34,49,5,2,9,18
MPV-GEN-T7-N60-R02,laff,0,item-030,58,95,15,23,1,10
MPV-GEN-T7-N60-R02,laff,0,item-037,0,99,5,7,1,18
MPV-GEN-T7-N60-R02,laff,0,item-040,27,27,5,1,7,13
MPV-GEN-T7-N60-R02,laff,0,item-056,0,0,25,28,30,26
MPV-GEN-T7-N60-R02,laff,0,item-014,0,30,25,30,25,26
MPV-GEN-T7-N60-R02,laff,0,item-041,0,55,25,22,33,26
MPV-GEN-T7-N60-R02,laff,0,item-045,22,55,25,19,16,22
MPV-GEN-T7-N60-R02,laff,0,item-052,22,71,25,14,14,26
MPV-GEN-T7-N60-R02,laff,0,item-010,0,88,25,33,11,11
MPV-GEN-T7-N60-R02,laff,0,item-031,28,0,25,6,24,23
MPV-GEN-T7-N60-R02,laff,0,item-059,22,85,25,9,2,21
MPV-GEN-T7-N60-R02,laff,0,item-050,0,0,51,27,29,35
MPV-GEN-T7-N60-R02,laff,0,item-015,0,29,51,34,21,35
MPV-GEN-T7-N60-R02,laff,0,item-028,0,50,51,21,27,33
MPV-GEN-T7-N60-R02,laff,0,item-000,21,50,51,15,35,31
MPV-GEN-T7-N60-R02,laff,0,item-057,34,0,51,13,35,31
MPV-GEN-T7-N60-R02,laff,0,item-007,36,35,51,17,24,32
MPV-GEN-T7-N60-R02,laff,0,item-036,0,77,51,19,15,33
MPV-GEN-T7-N60-R02,laff,0,item-008,36,59,51,10,24,35
MPV-GEN-T7-N60-R02,laff,0,item-033,36,83,51,18,17,27
MPV-GEN-T7-N60-R02,laff,0,item-046,46,59,51,22,10,35
MPV-GEN-T7-N60-R02,laff,0,item-019,46,69,51,27,10,27
MPV-GEN-T7-N60-R02,laff,0,item-042,47,0,51,11,22,29
MPV-GEN-T7-N60-R02,laff,0,item-012,27,0,51,7,24,33
MPV-GEN-T7-N60-R02,laff,0,item-058,53,22,51,5,34,32
MPV-GEN-T7-N60-R02,laff,0,item-018,0,92,51,25,6,29
MPV-GEN-T7-N60-R02,laff,0,item-001,54,79,51,5,17,31
MPV-GEN-T7-N60-R02,laff,0,item-004,25,85,51,9,8,34
MPV-GEN-T7-N60-R02,laff,0,item-044,25,93,51,10,5,33
MPV-GEN-T7-N60-R03,laff,0,item-057,0,0,0,35,32,11
MPV-GEN-T7-N60-R03,laff,0,item-032,0,32,0,35,28,10
MPV-GEN-T7-N60-R03,laff,0,item-006,0,60,0,31,19,11
MPV-GEN-T7-N60-R03,laff,0,item-049,31,60,0,23,28,5
MPV-GEN-T7-N60-R03,laff,0,item-035,31,60,5,33,24,4
MPV-GEN-T7-N60-R03,laff,0,item-037,0,88,0,32,10,9
MPV-GEN-T7-N60-R03,laff,0,item-000,35,0,5,20,33,4
MPV-GEN-T7-N60-R03,laff,0,item-038,35,33,0,16,25,6
MPV-GEN-T7-N60-R03,laff,0,item-053,51,33,0,16,16,9
MPV-GEN-T7-N60-R03,laff,0,item-002,55,0,0,11,18,11
MPV-GEN-T7-N60-R03,laff,0,item-004,64,49,0,13,20,6
MPV-GEN-T7-N60-R03,laff,0,item-024,0,79,0,17,9,9
MPV-GEN-T7-N60-R03,laff,0,item-010,64,69,0,9,25,6
MPV-GEN-T7-N60-R03,laff,0,item-026,32,88,0,14,10,9
MPV-GEN-T7-N60-R03,laff,0,item-001,46,84,5,14,14,6
MPV-GEN-T7-N60-R03,laff,0,item-030,64,49,6,11,34,3
MPV-GEN-T7-N60-R03,laff,0,item-025,35,33,6,13,27,3
MPV-GEN-T7-N60-R03,laff,0,item-014,0,32,10,30,22,1
MPV-GEN-T7-N60-R03,laff,0,item-039,17,84,5,26,4,6
MPV-GEN-T7-N60-R03,laff,0,item-021,48,33,6,1,23,5
MPV-GEN-T7-N60-R03,laff,0,item-013,17,79,0,1,4,10
MPV-GEN-T7-N60-R03,laff,0,item-051,0,0,11,31,35,19
MPV-GEN-T7-N60-R03,laff,0,item-009,0,35,11,22,27,17
MPV-GEN-T7-N60-R03,laff,0,item-028,0,62,11,25,18,19
MPV-GEN-T7-N60-R03,laff,0,item-022,0,80,11,25,16,18
MPV-GEN-T7-N60-R03,laff,0,item-046,22,35,11,17,23,13
MPV-GEN-T7-N60-R03,laff,0,item-003,25,58,11,13,15,19
MPV-GEN-T7-N60-R03,laff,0,item-059,31,0,11,3,29,19
MPV-GEN-T7-N60-R03,laff,0,item-016,25,73,11,16,7,12
MPV-GEN-T7-N60-R03,laff,0,item-012,34,0,11,3,24,18
MPV-GEN-T7-N60-R03,laff,0,item-048,25,80,11,7,9,15
MPV-GEN-T7-N60-R03,laff,0,item-020,25,89,11,6,7,17
MPV-GEN-T7-N60-R03,laff,0,item-008,0,96,11,28,1,13
MPV-GEN-T7-N60-R03,laff,0,item-050,31,89,11,1,9,17
MPV-GEN-T7-N60-R03,laff,0,item-034,0,0,30,34,23,33
MPV-GEN-T7-N60-R03,laff,0,item-029,0,23,30,23,22,31
MPV-GEN-T7-N60-R03,laff,0,item-047,0,45,30,21,31,24
MPV-GEN-T7-N60-R03,laff,0,item-056,21,45,30,21,29,21
MPV-GEN-T7-N60-R03,laff,0,item-015,0,76,30,19,24,25
MPV-GEN-T7-N60-R03,laff,0,item-055,34,0,30,10,34,28
MPV-GEN-T7-N60-R03,laff,0,item-043,19,76,30,32,12,23
MPV-GEN-T7-N60-R03,laff,0,item-031,42,34,30,19,14,32
MPV-GEN-T7-N60-R03,laff,0,item-019,44,0,30,8,31,33
MPV-GEN-T7-N60-R03,laff,0,item-017,19,88,30,31,9,29
MPV-GEN-T7-N60-R03,laff,0,item-005,42,48,30,15,17,31
MPV-GEN-T7-N60-R03,laff,0,item-036,50,88,30,19,12,25
MPV-GEN-T7-N60-R03,laff,0,item-058,42,65,30,35,5,31
MPV-GEN-T7-N60-R03,laff,0,item-027,52,0,30,7,33,21
MPV-GEN-T7-N60-R03,laff,0,item-023,23,34,30,17,10,24
MPV-GEN-T7-N60-R03,laff,0,item-042,51,70,30,22,8,23
MPV-GEN-T7-N60-R03,laff,0,item-018,59,0,30,5,34,23
MPV-GEN-T7-N60-R03,laff,0,item-007,57,48,30,7,17,24
MPV-GEN-T7-N60-R03,laff,0,item-011,19,97,30,31,3,28
MPV-GEN-T7-N60-R03,laff,0,item-041,51,78,30,28,3,27
MPV-GEN-T7-N60-R03,laff,0,item-044,23,23,30,9,4,24
MPV-GEN-T7-N60-R03,laff,0,item-040,21,74,30,14,1,26
MPV-GEN-T7-N60-R03,laff,0,item-045,0,0,63,28,20,35
MPV-GEN-T7-N60-R03,laff,0,item-052,0,20,63,19,26,34
MPV-GEN-T7-N60-R03,laff,0,item-033,0,46,63,24,8,34
MPV-GEN-T7-N60-R03,laff,0,item-054,0,54,63,5,3,35
MPV-GEN-T7-N60-R04,laff,0,item-003,0,0,0,32,34,18
MPV-GEN-T7-N60-R04,laff,0,item-042,0,34,0,34,30,18
MPV-GEN-T7-N60-R04,laff,0,item-017,0,64,0,27,28,17
MPV-GEN-T7-N60-R04,laff,0,item-006,27,64,0,24,30,17
MPV-GEN-T7-N60-R04,laff,0,item-039,32,0,0,30,17,17
MPV-GEN-T7-N60-R04,laff,0,item-009,34,17,0,14,35,16
MPV-GEN-T7-N60-R04,laff,0,item-056,48,17,0,15,27,17
MPV-GEN-T7-N60-R04,laff,0,item-020,51,44,0,15,33,13
MPV-GEN-T7-N60-R04,laff,0,item-033,51,77,0,31,12,17
MPV-GEN-T7-N60-R04,laff,0,item-028,63,0,0,28,33,6
MPV-GEN-T7-N60-R04,laff,0,item-054,66,33,0,19,18,16
MPV-GEN-T7-N60-R04,laff,0,item-041,63,0,6,33,21,6
MPV-GEN-T7-N60-R04,laff,0,item-004,51,89,0,28,10,14
MPV-GEN-T7-N60-R04,laff,0,item-048,66,51,0,30,9,13
MPV-GEN-T7-N60-R04,laff,0,item-047,66,60,0,12,13,18
MPV-GEN-T7-N60-R04,laff,0,item-000,85,21,6,14,18,11
MPV-GEN-T7-N60-R04,laff,0,item-016,0,92,0,24,8,11
MPV-GEN-T7-N60-R04,laff,0,item-018,24,94,0,21,5,18
MPV-GEN-T7-N60-R04,laff,0,item-053,78,60,0,13,13,11
MPV-GEN-T7-N60-R04,laff,0,item-001,34,52,0,12,10,15
MPV-GEN-T7-N60-R04,laff,0,item-044,66,73,0,32,2,16
MPV-GEN-T7-N60-R04,laff,0,item-045,82,75,0,3,23,14
MPV-GEN-T7-N60-R04,laff,0,item-015,48,44,0,3,16,14
MPV-GEN-T7-N60-R04,laff,0,item-037,0,64,17,33,18,1
MPV-GEN-T7-N60-R04,laff,0,item-055,85,39,0,5,7,15
MPV-GEN-T7-N60-R04,laff,0,item-034,85,46,0,12,3,13
MPV-GEN-T7-N60-R04,laff,0,item-035,34,44,16,23,9,2
MPV-GEN-T7-N60-R04,laff,0,item-027,63,33,0,3,8,13
MPV-GEN-T7-N60-R04,laff,0,item-026,45,94,0,3,6,17
MPV-GEN-T7-N60-R04,laff,0,item-049,62,0,12,25,2,6
MPV-GEN-T7-N60-R04,laff,0,item-005,57,44,16,20,6,2
MPV-GEN-T7-N60-R04,laff,0,item-021,32,0,17,6,21,1
MPV-GEN-T7-N60-R04,laff,0,item-025,62,2,12,14,1,6
MPV-GEN-T7-N60-R04,laff,0,item-002,34,62,13,10,1,5
MPV-GEN-T7-N60-R04,laff,0,item-023,0,0,18,33,32,30
MPV-GEN-T7-N60-R04,laff,0,item-051,0,32,18,32,33,27
MPV-GEN-T7-N60-R04,laff,0,item-058,0,65,18,29,33,29
MPV-GEN-T7-N60-R04,laff,0,item-029,29,65,18,32,25,28
MPV-GEN-T7-N60-R04,laff,0,item-007,32,32,18,31,21,27
MPV-GEN-T7-N60-R04,laff,0,item-013,33,0,18,22,25,25
MPV-GEN-T7-N60-R04,laff,0,item-011,55,0,18,32,17,19
MPV-GEN-T7-N60-R04,laff,0,item-019,61,53,18,23,16,28
MPV-GEN-T7-N60-R04,laff,0,item-036,61,69,18,8,31,30
MPV-GEN-T7-N60-R04,laff,0,item-024,55,17,18,26,13,22
MPV-GEN-T7-N60-R04,laff,0,item-031,63,30,18,21,17,19
MPV-GEN-T7-N60-R04,laff,0,item-008,69,69,18,10,24,25
MPV-GEN-T7-N60-R04,laff,0,item-040,79,69,18,5,29,28
MPV-GEN-T7-N60-R04,laff,0,item-057,0,32,46,35,30,2
MPV-GEN-T7-N60-R04,laff,0,item-059,29,90,18,8,8,30
MPV-GEN-T7-N60-R04,laff,0,item-012,0,98,18,33,2,25
MPV-GEN-T7-N60-R04,laff,0,item-038,55,0,37,28,3,10
MPV-GEN-T7-N60-R04,laff,0,item-052,33,25,40,25,2,8
MPV-GEN-T7-N60-R04,laff,0,item-046,32,53,18,1,2,27
MPV-GEN-T7-N60-R04,laff,0,item-030,0,0,48,35,19,32
MPV-GEN-T7-N60-R04,laff,0,item-043,0,19,48,3,26,32
MPV-GEN-T7-N60-R04,laff,1,item-050,0,0,0,11,23,35
MPV-GEN-T7-N60-R04,laff,1,item-014,0,23,0,31,6,33
MPV-GEN-T7-N60-R04,laff,1,item-032,0,29,0,13,10,34
MPV-GEN-T7-N60-R04,laff,1,item-022,0,39,0,3,24,35
MPV-GEN-T7-N60-R04,laff,1,item-010,0,63,0,21,3,35
MPV-GEN-T7-N60-R05,laff,0,item-011,0,0,0,34,32,11
MPV-GEN-T7-N60-R05,laff,0,item-004,0,32,0,32,34,9
MPV-GEN-T7-N60-R05,laff,0,item-016,0,66,0,19,33,11
MPV-GEN-T7-N60-R05,laff,0,item-034,19,66,0,26,29,6
MPV-GEN-T7-N60-R05,laff,0,item-025,32,32,0,16,34,8
MPV-GEN-T7-N60-R05,laff,0,item-027,19,66,6,35,29,4
MPV-GEN-T7-N60-R05,laff,0,item-028,34,0,0,32,24,4
MPV-GEN-T7-N60-R05,laff,0,item-050,34,0,4,20,26,5
MPV-GEN-T7-N60-R05,laff,0,item-054,48,26,0,9,34,8
MPV-GEN-T7-N60-R05,laff,0,item-046,54,0,4,31,15,5
MPV-GEN-T7-N60-R05,laff,0,item-022,57,15,4,17,21,6
MPV-GEN-T7-N60-R05,laff,0,item-015,45,66,0,23,19,4
MPV-GEN-T7-N60-R05,laff,0,item-031,54,60,4,34,7,5
MPV-GEN-T7-N60-R05,laff,0,item-010,54,67,4,32,5,7
MPV-GEN-T7-N60-R05,laff,0,item-006,19,95,0,18,5,10
MPV-GEN-T7-N60-R05,laff,0,item-043,54,72,4,20,6,7
MPV-GEN-T7-N60-R05,laff,0,item-038,32,32,8,16,17,3
MPV-GEN-T7-N60-R05,laff,0,item-030,0,32,9,23,17,2
MPV-GEN-T7-N60-R05,laff,0,item-035,19,49,10,26,30,1
MPV-GEN-T7-N60-R05,laff,0,item-012,37,95,0,29,2,10
MPV-GEN-T7-N60-R05,laff,0,item-009,54,78,4,19,7,4
MPV-GEN-T7-N60-R05,laff,0,item-044,37,97,0,31,1,7
MPV-GEN-T7-N60-R05,laff,0,item-005,57,36,0,1,19,7
MPV-GEN-T7-N60-R05,laff,0,item-041,34,26,0,4,3,7
MPV-GEN-T7-N60-R05,laff,0,item-008,34,26,8,5,1,3
MPV-GEN-T7-N60-R05,laff,0,item-047,0,0,11,27,29,13
MPV-GEN-T7-N60-R05,laff,0,item-002,0,29,11,33,8,12
MPV-GEN-T7-N60-R05,laff,0,item-048,0,37,11,19,10,12
MPV-GEN-T7-N60-R05,laff,0,item-029,0,47,11,7,17,12
MPV-GEN-T7-N60-R05,laff,0,item-042,0,64,11,10,4,12
MPV-GEN-T7-N60-R05,laff,0,item-018,0,68,11,1,10,12
MPV-GEN-T7-N60-R05,laff,0,item-051,0,0,24,34,20,24
MPV-GEN-T7-N60-R05,laff,0,item-020,0,20,24,23,25,20
MPV-GEN-T7-N60-R05,laff,0,item-057,0,45,24,22,27,17
MPV-GEN-T7-N60-R05,laff,0,item-037,0,72,24,23,27,15
MPV-GEN-T7-N60-R05,laff,0,item-026,22,45,24,26,24,14
MPV-GEN-T7-N60-R05,laff,0,item-039,23,20,24,23,19,17
MPV-GEN-T7-N60-R05,laff,0,item-013,23,69,24,19,24,16
MPV-GEN-T7-N60-R05,laff,0,item-000,34,0,24,19,16,19
MPV-GEN-T7-N60-R05,laff,0,item-007,42,69,24,21,14,19
MPV-GEN-T7-N60-R05,laff,0,item-003,42,83,24,15,17,18
MPV-GEN-T7-N60-R05,laff,0,item-053,48,16,24,9,32,14
MPV-GEN-T7-N60-R05,laff,0,item-023,48,48,24,25,8,14
MPV-GEN-T7-N60-R05,laff,0,item-032,48,56,24,27,3,24
MPV-GEN-T7-N60-R05,laff,0,item-033,23,39,24,25,3,24
MPV-GEN-T7-N60-R05,laff,0,item-049,57,0,24,3,33,18
MPV-GEN-T7-N60-R05,laff,0,item-052,57,33,24,7,14,16
MPV-GEN-T7-N60-R05,laff,0,item-021,0,0,48,35,18,33
MPV-GEN-T7-N60-R05,laff,0,item-014,0,18,48,19,26,31
MPV-GEN-T7-N60-R05,laff,0,item-055,0,44,48,34,14,26
MPV-GEN-T7-N60-R05,laff,0,item-040,0,58,48,18,23,29
MPV-GEN-T7-N60-R05,laff,0,item-045,0,81,48,12,15,27
MPV-GEN-T7-N60-R05,laff,0,item-001,12,81,48,21,7,25
MPV-GEN-T7-N60-R05,laff,0,item-058,0,96,48,24,4,28
MPV-GEN-T7-N60-R05,laff,0,item-059,18,58,48,2,23,28
MPV-GEN-T7-N60-R05,laff,0,item-017,12,88,48,22,1,29
MPV-GEN-T7-N60-R05,laff,1,item-019,0,0,0,27,14,34
MPV-GEN-T7-N60-R05,laff,1,item-024,0,14,0,13,18,34
MPV-GEN-T7-N60-R05,laff,1,item-036,0,32,0,8,28,34
MPV-GEN-T7-N60-R05,laff,1,item-056,0,0,34,8,3,35
MPV-GEN-T7-N60-R06,laff,0,item-044,0,0,0,31,34,34
MPV-GEN-T7-N60-R06,laff,0,item-058,0,34,0,30,32,26
MPV-GEN-T7-N60-R06,laff,0,item-034,0,66,0,27,21,33
MPV-GEN-T7-N60-R06,laff,0,item-002,27,66,0,32,26,18
MPV-GEN-T7-N60-R06,laff,0,item-046,30,34,0,27,29,19
MPV-GEN-T7-N60-R06,laff,0,item-028,31,0,0,35,16,26
MPV-GEN-T7-N60-R06,laff,0,item-039,27,66,18,27,32,16
MPV-GEN-T7-N60-R06,laff,0,item-047,57,16,0,18,34,19
MPV-GEN-T7-N60-R06,laff,0,item-030,31,16,0,24,14,31
MPV-GEN-T7-N60-R06,laff,0,item-022,30,34,19,30,29,11
MPV-GEN-T7-N60-R06,laff,0,item-016,60,16,19,27,34,10
MPV-GEN-T7-N60-R06,laff,0,item-020,54,63,18,32,16,16
MPV-GEN-T7-N60-R06,laff,0,item-052,86,50,0,13,25,25
MPV-GEN-T7-N60-R06,laff,0,item-008,59,50,0,22,24,15
MPV-GEN-T7-N60-R06,laff,0,item-057,86,75,0,10,25,31
MPV-GEN-T7-N60-R06,laff,0,item-054,59,79,0,23,14,24
MPV-GEN-T7-N60-R06,laff,0,item-019,87,0,0,7,34,29
MPV-GEN-T7-N60-R06,laff,0,item-018,66,0,0,17,16,19
MPV-GEN-T7-N60-R06,laff,0,item-029,54,79,24,28,20,9
MPV-GEN-T7-N60-R06,laff,0,item-004,75,16,0,12,24,17
MPV-GEN-T7-N60-R06,laff,0,item-000,0,87,18,25,13,14
MPV-GEN-T7-N60-R06,laff,0,item-038,94,0,0,5,30,30
MPV-GEN-T7-N60-R06,laff,0,item-042,0,34,26,22,26,7
MPV-GEN-T7-N60-R06,laff,0,item-050,54,93,0,30,5,23
MPV-GEN-T7-N60-R06,laff,0,item-036,22,34,30,32,24,4
MPV-GEN-T7-N60-R06,laff,0,item-017,60,50,15,18,8,17
MPV-GEN-T7-N60-R06,laff,0,item-021,81,40,0,5,28,17
MPV-GEN-T7-N60-R06,laff,0,item-035,30,63,0,16,3,34
MPV-GEN-T7-N60-R06,laff,0,item-033,31,0,26,32,7,7
MPV-GEN-T7-N60-R06,laff,0,item-014,55,7,29,20,10,5
MPV-GEN-T7-N60-R06,laff,0,item-009,31,7,31,11,27,3
MPV-GEN-T7-N60-R06,laff,0,item-013,86,50,25,5,22,8
MPV-GEN-T7-N60-R06,laff,0,item-011,42,17,31,35,11,2
MPV-GEN-T7-N60-R06,laff,0,item-041,87,34,25,9,9,9
MPV-GEN-T7-N60-R06,laff,0,item-006,54,30,30,11,16,4
MPV-GEN-T7-N60-R06,laff,0,item-053,77,0,30,6,29,4
MPV-GEN-T7-N60-R06,laff,0,item-001,31,30,19,19,3,11
MPV-GEN-T7-N60-R06,laff,0,item-007,66,0,19,10,6,10
MPV-GEN-T7-N60-R06,laff,0,item-010,54,79,33,32,18,1
MPV-GEN-T7-N60-R06,laff,0,item-012,55,16,0,1,15,29
MPV-GEN-T7-N60-R06,laff,0,item-056,25,98,0,14,1,31
MPV-GEN-T7-N60-R06,laff,0,item-043,78,50,17,3,8,16
MPV-GEN-T7-N60-R06,laff,0,item-003,60,58,17,22,1,17
MPV-GEN-T7-N60-R06,laff,0,item-059,0,60,30,30,2,4
MPV-GEN-T7-N60-R06,laff,0,item-005,0,34,33,6,8,1
MPV-GEN-T7-N60-R06,laff,0,item-037,0,0,34,24,35,7
MPV-GEN-T7-N60-R06,laff,0,item-045,0,35,34,22,18,6
MPV-GEN-T7-N60-R06,laff,0,item-048,0,0,41,19,33,10
MPV-GEN-T7-N60-R06,laff,0,item-026,0,33,41,15,20,10
MPV-GEN-T7-N60-R06,laff,0,item-025,0,0,51,17,31,11
MPV-GEN-T7-N60-R06,laff,0,item-024,0,0,62,22,22,12
MPV-GEN-T7-N60-R06,laff,0,item-031,0,0,74,13,33,15
MPV-GEN-T7-N60-R06,laff,0,item-055,0,33,74,17,22,13
MPV-GEN-T7-N60-R06,laff,0,item-032,0,55,74,17,20,13
MPV-GEN-T7-N60-R06,laff,1,item-051,0,0,0,35,6,32
MPV-GEN-T7-N60-R06,laff,1,item-015,0,6,0,7,23,28
MPV-GEN-T7-N60-R06,laff,1,item-040,0,29,0,32,4,31
MPV-GEN-T7-N60-R06,laff,1,item-027,0,33,0,31,4,31
MPV-GEN-T7-N60-R06,laff,1,item-023,0,37,0,6,30,20
MPV-GEN-T7-N60-R06,laff,1,item-049,0,67,0,17,7,19
MPV-GEN-T7-N60-R07,laff,0,item-042,0,0,0,33,35,1
MPV-GEN-T7-N60-R07,laff,0,item-031,0,35,0,26,35,1
MPV-GEN-T7-N60-R07,laff,0,item-039,0,0,1,32,34,28
MPV-GEN-T7-N60-R07,laff,0,item-000,0,34,1,30,34,22
MPV-GEN-T7-N60-R07,laff,0,item-001,30,34,1,28,35,21
MPV-GEN-T7-N60-R07,laff,0,item-058,0,68,1,25,26,25
MPV-GEN-T7-N60-R07,laff,0,item-044,25,69,1,30,21,25
MPV-GEN-T7-N60-R07,laff,0,item-012,32,0,1,32,27,14
MPV-GEN-T7-N60-R07,laff,0,item-033,32,0,15,26,33,14
MPV-GEN-T7-N60-R07,laff,0,item-021,58,0,15,34,25,14
MPV-GEN-T7-N60-R07,laff,0,item-038,58,27,1,16,32,23
MPV-GEN-T7-N60-R07,laff,0,item-028,55,69,1,16,30,24
MPV-GEN-T7-N60-R07,laff,0,item-018,64,0,1,32,21,13
MPV-GEN-T7-N60-R07,laff,0,item-041,71,59,1,15,26,22
MPV-GEN-T7-N60-R07,laff,0,item-015,71,85,1,27,14,18
MPV-GEN-T7-N60-R07,laff,0,item-034,86,25,1,6,35,26
MPV-GEN-T7-N60-R07,laff,0,item-002,25,90,1,20,10,25
MPV-GEN-T7-N60-R07,laff,0,item-055,74,25,1,11,17,24
MPV-GEN-T7-N60-R07,laff,0,item-005,0,34,23,22,33,6
MPV-GEN-T7-N60-R07,laff,0,item-030,74,42,1,12,12,24
MPV-GEN-T7-N60-R07,laff,0,item-056,92,0,14,7,35,14
MPV-GEN-T7-N60-R07,laff,0,item-045,86,60,1,8,22,19
MPV-GEN-T7-N60-R07,laff,0,item-048,86,60,20,8,34,9
MPV-GEN-T7-N60-R07,laff,0,item-014,0,67,26,20,30,3
MPV-GEN-T7-N60-R07,laff,0,item-009,22,34,26,16,34,3
MPV-GEN-T7-N60-R07,laff,0,item-059,58,25,27,24,29,2
MPV-GEN-T7-N60-R07,laff,0,item-032,20,68,26,31,13,3
MPV-GEN-T7-N60-R07,laff,0,item-029,92,35,1,3,12,28
MPV-GEN-T7-N60-R07,laff,0,item-013,94,47,1,2,21,22
MPV-GEN-T7-N60-R07,laff,0,item-020,45,90,1,5,8,23
MPV-GEN-T7-N60-R07,laff,0,item-026,94,68,1,3,15,19
MPV-GEN-T7-N60-R07,laff,0,item-007,20,81,26,35,11,2
MPV-GEN-T7-N60-R07,laff,0,item-043,51,54,26,8,23,3
MPV-GEN-T7-N60-R07,laff,0,item-025,0,94,1,7,6,13
MPV-GEN-T7-N60-R07,laff,0,item-023,45,92,25,21,6,4
MPV-GEN-T7-N60-R07,laff,0,item-053,38,33,22,2,25,7
MPV-GEN-T7-N60-R07,laff,0,item-016,71,94,19,22,1,10
MPV-GEN-T7-N60-R07,laff,0,item-050,59,54,24,4,8,5
MPV-GEN-T7-N60-R07,laff,0,item-008,7,97,1,5,1,28
MPV-GEN-T7-N60-R07,laff,0,item-017,71,59,23,1,16,6
MPV-GEN-T7-N60-R07,laff,0,item-054,59,62,25,1,18,4
MPV-GEN-T7-N60-R07,laff,0,item-051,63,59,23,2,5,6
MPV-GEN-T7-N60-R07,laff,0,item-040,0,0,29,22,33,32
MPV-GEN-T7-N60-R07,laff,0,item-049,0,33,29,30,15,19
MPV-GEN-T7-N60-R07,laff,0,item-010,0,48,29,8,32,31
MPV-GEN-T7-N60-R07,laff,0,item-057,0,80,29,32,10,23
MPV-GEN-T7-N60-R07,laff,0,item-047,8,48,29,33,15,14
MPV-GEN-T7-N60-R07,laff,0,item-006,22,0,29,5,26,32
MPV-GEN-T7-N60-R07,laff,0,item-003,27,0,29,5,19,29
MPV-GEN-T7-N60-R07,laff,0,item-004,0,33,48,16,13,12
MPV-GEN-T7-N60-R07,laff,0,item-036,0,80,52,32,9,8
MPV-GEN-T7-N60-R07,laff,0,item-046,0,90,29,10,7,32
MPV-GEN-T7-N60-R07,laff,0,item-024,8,46,48,9,15,12
MPV-GEN-T7-N60-R07,laff,0,item-022,0,97,29,9,3,29
MPV-GEN-T7-N60-R07,laff,0,item-011,8,63,29,2,3,29
MPV-GEN-T7-N60-R07,laff,0,item-019,0,0,61,23,20,35
MPV-GEN-T7-N60-R07,laff,0,item-035,0,20,61,19,24,33
MPV-GEN-T7-N60-R07,laff,0,item-052,0,44,61,30,14,33
MPV-GEN-T7-N60-R07,laff,0,item-027,0,58,61,5,25,34
MPV-GEN-T7-N60-R07,laff,0,item-037,0,83,61,14,9,33
MPV-GEN-T7-N60-R08,laff,0,item-017,0,0,0,32,35,29
MPV-GEN-T7-N60-R08,laff,0,item-031,0,35,0,28,26,23
MPV-GEN-T7-N60-R08,laff,0,item-026,0,61,0,27,34,15
MPV-GEN-T7-N60-R08,laff,0,item-058,27,61,0,19,31,23
MPV-GEN-T7-N60-R08,laff,0,item-004,28,35,0,19,26,20
MPV-GEN-T7-N60-R08,laff,0,item-034,32,0,0,19,27,18
MPV-GEN-T7-N60-R08,laff,0,item-020,46,61,0,14,34,19
MPV-GEN-T7-N60-R08,laff,0,item-003,47,27,0,12,26,28
MPV-GEN-T7-N60-R08,laff,0,item-024,51,0,0,18,19,25
MPV-GEN-T7-N60-R08,laff,0,item-039,59,19,0,24,12,27
MPV-GEN-T7-N60-R08,laff,0,item-048,46,53,20,31,34,7
MPV-GEN-T7-N60-R08,laff,0,item-032,77,31,0,9,30,27
MPV-GEN-T7-N60-R08,laff,0,item-005,0,61,15,27,22,12
MPV-GEN-T7-N60-R08,laff,0,item-050,59,31,0,14,22,23
MPV-GEN-T7-N60-R08,laff,0,item-053,60,61,0,34,22,9
MPV-GEN-T7-N60-R08,laff,0,item-047,60,61,9,24,32,8
MPV-GEN-T7-N60-R08,laff,0,item-013,69,0,0,23,19,14
MPV-GEN-T7-N60-R08,laff,0,item-028,32,0,18,19,22,11
MPV-GEN-T7-N60-R08,laff,0,item-029,84,83,0,12,15,25
MPV-GEN-T7-N60-R08,laff,0,item-037,0,83,15,15,17,13
MPV-GEN-T7-N60-R08,laff,0,item-019,69,0,14,26,17,7
MPV-GEN-T7-N60-R08,laff,0,item-008,0,35,23,34,12,5
MPV-GEN-T7-N60-R08,laff,0,item-007,15,95,0,24,3,28
MPV-GEN-T7-N60-R08,laff,0,item-059,83,17,14,17,8,13
MPV-GEN-T7-N60-R08,laff,0,item-006,15,98,0,33,2,26
MPV-GEN-T7-N60-R08,laff,0,item-055,77,61,17,6,25,11
MPV-GEN-T7-N60-R08,laff,0,item-009,32,27,0,8,7,25
MPV-GEN-T7-N60-R08,laff,0,item-015,69,0,21,11,18,7
MPV-GEN-T7-N60-R08,laff,0,item-046,83,61,17,6,21,11
MPV-GEN-T7-N60-R08,laff,0,item-033,39,95,0,33,2,20
MPV-GEN-T7-N60-R08,laff,0,item-051,89,25,9,3,26,14
MPV-GEN-T7-N60-R08,laff,0,item-011,89,51,9,3,17,20
MPV-GEN-T7-N60-R08,laff,0,item-021,92,25,9,4,23,10
MPV-GEN-T7-N60-R08,laff,0,item-027,86,25,0,1,35,26
MPV-GEN-T7-N60-R08,laff,0,item-000,87,25,0,1,31,29
MPV-GEN-T7-N60-R08,laff,0,item-038,89,68,9,5,10,15
MPV-GEN-T7-N60-R08,laff,0,item-043,15,92,15,26,2,12
MPV-GEN-T7-N60-R08,laff,0,item-030,88,25,0,1,32,18
MPV-GEN-T7-N60-R08,laff,0,item-023,92,25,19,2,28,10
MPV-GEN-T7-N60-R08,laff,0,item-016,39,94,20,30,2,9
MPV-GEN-T7-N60-R08,laff,0,item-057,0,47,27,32,8,2
MPV-GEN-T7-N60-R08,laff,0,item-052,73,31,0,1,25,19
MPV-GEN-T7-N60-R08,laff,0,item-025,89,78,9,8,3,16
MPV-GEN-T7-N60-R08,laff,0,item-040,88,25,18,1,26,11
MPV-GEN-T7-N60-R08,laff,0,item-018,34,34,20,1,27,8
MPV-GEN-T7-N60-R08,laff,0,item-036,0,35,28,21,5,1
MPV-GEN-T7-N60-R08,laff,0,item-056,73,31,19,1,10,10
MPV-GEN-T7-N60-R08,laff,0,item-001,0,0,29,26,31,30
MPV-GEN-T7-N60-R08,laff,0,item-044,0,31,29,18,19,17
MPV-GEN-T7-N60-R08,laff,0,item-010,0,50,29,20,10,25
MPV-GEN-T7-N60-R08,laff,0,item-041,0,60,29,20,9,24
MPV-GEN-T7-N60-R08,laff,0,item-035,0,69,29,21,9,19
MPV-GEN-T7-N60-R08,laff,0,item-049,0,0,59,32,24,32
MPV-GEN-T7-N60-R08,laff,0,item-054,0,24,59,15,33,32
MPV-GEN-T7-N60-R08,laff,0,item-002,0,57,59,19,16,31
MPV-GEN-T7-N60-R08,laff,0,item-042,0,73,59,10,22,31
MPV-GEN-T7-N60-R08,laff,1,item-012,0,0,0,27,28,33
MPV-GEN-T7-N60-R08,laff,1,item-045,0,28,0,18,25,33
MPV-GEN-T7-N60-R08,laff,1,item-014,0,0,33,21,26,35
MPV-GEN-T7-N60-R08,laff,1,item-022,0,26,33,22,11,34
MPV-GEN-T7-N60-R09,laff,0,item-055,0,0,0,35,32,22
MPV-GEN-T7-N60-R09,laff,0,item-010,0,32,0,31,24,20
MPV-GEN-T7-N60-R09,laff,0,item-006,0,56,0,27,24,19
MPV-GEN-T7-N60-R09,laff,0,item-027,27,56,0,33,21,17
MPV-GEN-T7-N60-R09,laff,0,item-032,27,77,0,23,23,17
MPV-GEN-T7-N60-R09,laff,0,item-045,35,0,0,27,29,11
MPV-GEN-T7-N60-R09,laff,0,item-020,35,29,0,22,26,14
MPV-GEN-T7-N60-R09,laff,0,item-030,57,0,11,24,30,11
MPV-GEN-T7-N60-R09,laff,0,item-023,50,77,0,29,16,17
MPV-GEN-T7-N60-R09,laff,0,item-004,57,30,0,35,15,15
MPV-GEN-T7-N60-R09,laff,0,item-058,60,45,0,14,25,22
MPV-GEN-T7-N60-R09,laff,0,item-040,0,80,0,26,20,12
MPV-GEN-T7-N60-R09,laff,0,item-005,27,56,17,31,35,5
MPV-GEN-T7-N60-R09,laff,0,item-038,62,0,0,28,24,8
MPV-GEN-T7-N60-R09,laff,0,item-026,81,0,8,15,29,12
MPV-GEN-T7-N60-R09,laff,0,item-007,74,45,0,26,8,20
MPV-GEN-T7-N60-R09,laff,0,item-035,74,53,0,12,18,18
MPV-GEN-T7-N60-R09,laff,0,item-001,58,71,17,23,28,5
MPV-GEN-T7-N60-R09,laff,0,item-059,35,0,11,11,23,11
MPV-GEN-T7-N60-R09,laff,0,item-048,31,32,15,20,23,6
MPV-GEN-T7-N60-R09,laff,0,item-044,0,80,12,17,18,8
MPV-GEN-T7-N60-R09,laff,0,item-014,79,71,0,21,11,10
MPV-GEN-T7-N60-R09,laff,0,item-011,86,53,10,5,32,12
MPV-GEN-T7-N60-R09,laff,0,item-039,51,30,15,29,14,4
MPV-GEN-T7-N60-R09,laff,0,item-057,50,93,0,19,5,17
MPV-GEN-T7-N60-R09,laff,0,item-029,69,93,0,22,7,9
MPV-GEN-T7-N60-R09,laff,0,item-034,35,23,11,21,6,11
MPV-GEN-T7-N60-R09,laff,0,item-018,0,32,20,16,32,2
MPV-GEN-T7-N60-R09,laff,0,item-037,80,30,15,17,14,4
MPV-GEN-T7-N60-R09,laff,0,item-043,81,85,0,8,5,22
MPV-GEN-T7-N60-R09,laff,0,item-054,81,71,10,5,14,12
MPV-GEN-T7-N60-R09,laff,0,item-002,17,56,19,7,35,3
MPV-GEN-T7-N60-R09,laff,0,item-041,74,30,20,26,14,2
MPV-GEN-T7-N60-R09,laff,0,item-051,46,0,11,5,13,11
MPV-GEN-T7-N60-R09,laff,0,item-016,91,53,10,2,27,9
MPV-GEN-T7-N60-R09,laff,0,item-033,93,53,10,4,28,4
MPV-GEN-T7-N60-R09,laff,0,item-000,0,64,20,6,29,2
MPV-GEN-T7-N60-R09,laff,0,item-008,31,55,0,17,1,18
MPV-GEN-T7-N60-R09,laff,0,item-024,6,64,20,5,24,2
MPV-GEN-T7-N60-R09,laff,0,item-050,0,98,17,23,2,5
MPV-GEN-T7-N60-R09,laff,0,item-036,17,91,17,21,2,5
MPV-GEN-T7-N60-R09,laff,0,item-025,48,55,0,10,1,18
MPV-GEN-T7-N60-R09,laff,0,item-022,26,80,0,1,8,17
MPV-GEN-T7-N60-R09,laff,0,item-019,16,32,21,7,3,1
MPV-GEN-T7-N60-R09,laff,0,item-047,11,64,19,4,1,3
MPV-GEN-T7-N60-R09,laff,0,item-021,0,0,22,33,20,30
MPV-GEN-T7-N60-R09,laff,0,item-013,0,20,22,20,18,28
MPV-GEN-T7-N60-R09,laff,0,item-003,0,38,22,30,9,28
MPV-GEN-T7-N60-R09,laff,0,item-056,0,47,22,29,9,28
MPV-GEN-T7-N60-R09,laff,0,item-042,0,56,22,21,8,25
MPV-GEN-T7-N60-R09,laff,0,item-012,0,64,22,23,5,18
MPV-GEN-T7-N60-R09,laff,0,item-017,0,64,40,27,8,6
MPV-GEN-T7-N60-R09,laff,0,item-052,0,72,22,18,2,27
MPV-GEN-T7-N60-R09,laff,0,item-046,27,56,22,1,34,24
MPV-GEN-T7-N60-R09,laff,0,item-009,0,74,22,1,14,25
MPV-GEN-T7-N60-R09,laff,0,item-015,0,0,52,31,21,32
MPV-GEN-T7-N60-R09,laff,0,item-049,0,21,52,10,20,32
MPV-GEN-T7-N60-R09,laff,0,item-031,0,41,52,6,28,32
MPV-GEN-T7-N60-R09,laff,0,item-028,0,69,52,23,1,32
MPV-GEN-T7-N60-R09,laff,1,item-053,0,0,0,30,18,35
MPV-GEN-T7-N60-R10,laff,0,item-034,0,0,0,34,33,3
MPV-GEN-T7-N60-R10,laff,0,item-039,0,33,0,33,27,3
MPV-GEN-T7-N60-R10,laff,0,item-053,0,60,0,27,15,2
MPV-GEN-T7-N60-R10,laff,0,item-046,0,75,0,20,13,3
MPV-GEN-T7-N60-R10,laff,0,item-052,0,60,2,24,13,1
MPV-GEN-T7-N60-R10,laff,0,item-012,0,88,0,18,6,2
MPV-GEN-T7-N60-R10,laff,0,item-006,0,0,3,32,35,25
MPV-GEN-T7-N60-R10,laff,0,item-007,0,35,3,15,35,23
MPV-GEN-T7-N60-R10,laff,0,item-058,0,70,3,20,30,20
MPV-GEN-T7-N60-R10,laff,0,item-042,15,35,3,33,18,20
MPV-GEN-T7-N60-R10,laff,0,item-020,15,53,3,31,17,22
MPV-GEN-T7-N60-R10,laff,0,item-001,20,70,3,33,24,14
MPV-GEN-T7-N60-R10,laff,0,item-033,46,53,17,34,32,10
MPV-GEN-T7-N60-R10,laff,0,item-010,32,0,3,31,25,14
MPV-GEN-T7-N60-R10,laff,0,item-027,32,0,17,29,31,9
MPV-GEN-T7-N60-R10,laff,0,item-025,63,0,3,11,33,21
MPV-GEN-T7-N60-R10,laff,0,item-016,48,33,3,33,28,8
MPV-GEN-T7-N60-R10,laff,0,item-031,74,0,3,20,19,19
MPV-GEN-T7-N60-R10,laff,0,item-030,74,19,11,13,27,17
MPV-GEN-T7-N60-R10,laff,0,item-024,80,46,11,14,28,15
MPV-GEN-T7-N60-R10,laff,0,item-056,53,85,3,35,7,24
MPV-GEN-T7-N60-R10,laff,0,item-014,20,70,17,22,30,7
MPV-GEN-T7-N60-R10,laff,0,item-019,53,61,3,22,23,8
MPV-GEN-T7-N60-R10,laff,0,item-005,87,19,3,13,24,11
MPV-GEN-T7-N60-R10,laff,0,item-050,42,94,3,33,4,23
MPV-GEN-T7-N60-R10,laff,0,item-059,48,33,11,16,14,10
MPV-GEN-T7-N60-R10,laff,0,item-043,75,61,3,14,19,8
MPV-GEN-T7-N60-R10,laff,0,item-036,87,19,14,10,21,10
MPV-GEN-T7-N60-R10,laff,0,item-013,88,80,3,6,16,20
MPV-GEN-T7-N60-R10,laff,0,item-029,46,53,11,31,10,6
MPV-GEN-T7-N60-R10,laff,0,item-054,0,70,23,19,17,5
MPV-GEN-T7-N60-R10,laff,0,item-045,94,43,3,2,32,25
MPV-GEN-T7-N60-R10,laff,0,item-009,94,75,3,5,22,12
MPV-GEN-T7-N60-R10,laff,0,item-051,94,0,3,6,11,19
MPV-GEN-T7-N60-R10,laff,0,item-026,96,43,3,4,13,20
MPV-GEN-T7-N60-R10,laff,0,item-040,64,33,11,5,13,14
MPV-GEN-T7-N60-R10,laff,0,item-055,80,75,15,18,5,9
MPV-GEN-T7-N60-R10,laff,0,item-048,19,70,24,8,23,4
MPV-GEN-T7-N60-R10,laff,0,item-035,48,47,11,14,3,16
MPV-GEN-T7-N60-R10,laff,0,item-004,75,92,3,3,5,23
MPV-GEN-T7-N60-R10,laff,0,item-002,42,85,17,6,6,9
MPV-GEN-T7-N60-R10,laff,0,item-032,74,0,22,1,5,6
MPV-GEN-T7-N60-R10,laff,0,item-041,0,0,28,31,32,4
MPV-GEN-T7-N60-R10,laff,0,item-028,0,0,32,26,28,31
MPV-GEN-T7-N60-R10,laff,0,item-003,0,28,32,14,28,27
MPV-GEN-T7-N60-R10,laff,0,item-017,0,56,32,23,15,29
MPV-GEN-T7-N60-R10,laff,0,item-022,0,71,32,14,16,22
MPV-GEN-T7-N60-R10,laff,0,item-047,0,71,54,30,18,9
MPV-GEN-T7-N60-R10,laff,0,item-015,0,87,32,15,13,21
MPV-GEN-T7-N60-R10,laff,0,item-037,14,28,32,6,22,31
MPV-GEN-T7-N60-R10,laff,0,item-008,20,28,32,11,12,30
MPV-GEN-T7-N60-R10,laff,0,item-011,15,89,32,6,11,26
MPV-GEN-T7-N60-R10,laff,0,item-021,23,40,32,3,18,26
MPV-GEN-T7-N60-R10,laff,0,item-057,14,50,32,7,3,31
MPV-GEN-T7-N60-R10,laff,0,item-049,0,0,63,24,29,33
MPV-GEN-T7-N60-R10,laff,0,item-000,0,29,63,12,26,32
MPV-GEN-T7-N60-R10,laff,0,item-018,0,55,63,32,3,32
MPV-GEN-T7-N60-R10,laff,1,item-044,0,0,0,17,16,35
MPV-GEN-T7-N60-R10,laff,1,item-023,0,16,0,10,26,35
MPV-GEN-T7-N60-R10,laff,1,item-038,0,42,0,5,2,35
MPV-GEN-T7-N90-R01,laff,0,item-013,0,0,0,31,31,25
MPV-GEN-T7-N90-R01,laff,0,item-009,0,31,0,26,28,23
MPV-GEN-T7-N90-R01,laff,0,item-048,0,59,0,25,32,20
MPV-GEN-T7-N90-R01,laff,0,item-000,25,59,0,21,30,25
MPV-GEN-T7-N90-R01,laff,0,item-034,26,31,0,24,26,20
MPV-GEN-T7-N90-R01,laff,0,item-060,31,0,0,34,17,17
MPV-GEN-T7-N90-R01,laff,0,item-059,46,57,0,21,29,16
MPV-GEN-T7-N90-R01,laff,0,item-032,50,17,0,18,28,19
MPV-GEN-T7-N90-R01,laff,0,item-076,46,86,0,34,14,17
MPV-GEN-T7-N90-R01,laff,0,item-085,67,45,0,27,29,10
MPV-GEN-T7-N90-R01,laff,0,item-062,65,0,0,30,16,16
MPV-GEN-T7-N90-R01,laff,0,item-016,50,45,16,24,35,9
MPV-GEN-T7-N90-R01,laff,0,item-037,74,16,10,23,25,13
MPV-GEN-T7-N90-R01,laff,0,item-019,74,41,10,19,25,13
MPV-GEN-T7-N90-R01,laff,0,item-068,68,16,0,29,26,8
MPV-GEN-T7-N90-R01,laff,0,item-079,80,74,0,16,16,21
MPV-GEN-T7-N90-R01,laff,0,item-080,25,89,0,20,10,23
MPV-GEN-T7-N90-R01,laff,0,item-018,31,17,0,18,12,21
MPV-GEN-T7-N90-R01,laff,0,item-081,80,90,0,19,10,23
MPV-GEN-T7-N90-R01,laff,0,item-022,94,42,0,6,30,24
MPV-GEN-T7-N90-R01,laff,0,item-086,0,91,0,25,9,18
MPV-GEN-T7-N90-R01,laff,0,item-065,49,0,19,23,29,6
MPV-GEN-T7-N90-R01,laff,0,item-024,46,80,17,31,18,7
MPV-GEN-T7-N90-R01,laff,0,item-087,31,0,21,18,32,4
MPV-GEN-T7-N90-R01,laff,0,item-057,97,0,0,3,31,23
MPV-GEN-T7-N90-R01,laff,0,item-012,0,59,20,18,32,3
MPV-GEN-T7-N90-R01,laff,0,item-028,67,45,10,7,33,6
MPV-GEN-T7-N90-R01,laff,0,item-035,68,16,8,6,23,7
MPV-GEN-T7-N90-R01,laff,0,item-071,77,74,0,3,12,23
MPV-GEN-T7-N90-R01,laff,0,item-015,26,57,0,16,2,23
MPV-GEN-T7-N90-R01,laff,0,item-045,18,59,20,4,35,5
MPV-GEN-T7-N90-R01,laff,0,item-053,50,29,19,11,10,6
MPV-GEN-T7-N90-R01,laff,0,item-063,68,42,0,21,3,10
MPV-GEN-T7-N90-R01,laff,0,item-067,72,0,24,19,33,1
MPV-GEN-T7-N90-R01,laff,0,item-047,74,33,24,23,23,1
MPV-GEN-T7-N90-R01,laff,0,item-041,80,66,21,7,23,3
MPV-GEN-T7-N90-R01,laff,0,item-031,46,80,24,21,20,1
MPV-GEN-T7-N90-R01,laff,0,item-002,26,31,20,4,19,5
MPV-GEN-T7-N90-R01,laff,0,item-004,0,31,23,10,16,2
MPV-GEN-T7-N90-R01,laff,0,item-033,68,29,15,4,8,10
MPV-GEN-T7-N90-R01,laff,0,item-083,0,47,23,2,33,2
MPV-GEN-T7-N90-R01,laff,0,item-070,46,32,24,4,29,1
MPV-GEN-T7-N90-R01,laff,0,item-011,68,39,10,2,1,11
MPV-GEN-T7-N90-R01,laff,0,item-089,0,0,25,32,30,26
MPV-GEN-T7-N90-R01,laff,0,item-025,0,30,25,18,18,26
MPV-GEN-T7-N90-R01,laff,0,item-088,0,48,25,9,31,24
MPV-GEN-T7-N90-R01,laff,0,item-017,9,48,25,31,23,8
MPV-GEN-T7-N90-R01,laff,0,item-061,9,48,33,22,17,12
MPV-GEN-T7-N90-R01,laff,0,item-026,32,0,25,7,32,19
MPV-GEN-T7-N90-R01,laff,0,item-078,9,71,25,7,29,19
MPV-GEN-T7-N90-R01,laff,0,item-049,16,71,25,25,7,22
MPV-GEN-T7-N90-R01,laff,0,item-055,39,0,25,5,32,24
MPV-GEN-T7-N90-R01,laff,0,item-010,31,32,33,14,16,17
MPV-GEN-T7-N90-R01,laff,0,item-008,41,48,25,8,35,13
MPV-GEN-T7-N90-R01,laff,0,item-074,16,78,25,12,18,14
MPV-GEN-T7-N90-R01,laff,0,item-042,44,0,25,6,23,21
MPV-GEN-T7-N90-R01,laff,0,item-014,9,48,47,31,21,4
MPV-GEN-T7-N90-R01,laff,0,item-039,16,96,25,32,4,19
MPV-GEN-T7-N90-R01,laff,0,item-044,49,23,25,4,30,20
MPV-GEN-T7-N90-R01,laff,0,item-072,41,53,44,11,26,7
MPV-GEN-T7-N90-R01,laff,0,item-038,0,79,25,6,16,19
MPV-GEN-T7-N90-R01,laff,0,item-066,28,83,25,25,3,24
MPV-GEN-T7-N90-R01,laff,0,item-075,53,0,25,8,32,7
MPV-GEN-T7-N90-R01,laff,0,item-003,0,79,44,26,7,7
MPV-GEN-T7-N90-R01,laff,0,item-058,16,86,39,35,2,12
MPV-GEN-T7-N90-R01,laff,0,item-052,50,0,32,2,23,16
MPV-GEN-T7-N90-R01,laff,0,item-064,45,23,45,5,17,6
MPV-GEN-T7-N90-R01,laff,0,item-036,0,95,25,5,4,21
MPV-GEN-T7-N90-R01,laff,0,item-007,0,0,51,29,33,33
MPV-GEN-T7-N90-R01,laff,0,item-056,0,33,51,28,25,31
MPV-GEN-T7-N90-R01,laff,0,item-005,0,58,51,28,24,30
MPV-GEN-T7-N90-R01,laff,0,item-051,28,33,51,26,22,33
MPV-GEN-T7-N90-R01,laff,0,item-001,28,55,51,30,21,29
MPV-GEN-T7-N90-R01,laff,0,item-069,29,0,51,20,32,27
MPV-GEN-T7-N90-R01,laff,0,item-077,54,0,51,16,34,31
MPV-GEN-T7-N90-R01,laff,0,item-046,58,34,51,16,28,30
MPV-GEN-T7-N90-R01,laff,0,item-021,0,82,51,34,12,32
MPV-GEN-T7-N90-R01,laff,0,item-029,58,62,51,11,34,33
MPV-GEN-T7-N90-R01,laff,0,item-054,69,62,51,12,26,29
MPV-GEN-T7-N90-R01,laff,0,item-006,34,76,51,13,22,29
MPV-GEN-T7-N90-R01,laff,0,item-073,69,88,51,24,9,29
MPV-GEN-T7-N90-R01,laff,0,item-084,0,94,51,29,6,33
MPV-GEN-T7-N90-R01,laff,0,item-050,47,76,51,11,15,27
MPV-GEN-T7-N90-R01,laff,0,item-027,49,0,51,4,23,30
MPV-GEN-T7-N90-R01,laff,0,item-030,47,91,51,6,8,33
MPV-GEN-T7-N90-R01,laff,1,item-023,0,0,0,22,29,35
MPV-GEN-T7-N90-R01,laff,1,item-020,0,29,0,23,26,35
MPV-GEN-T7-N90-R01,laff,1,item-043,0,55,0,17,30,35
MPV-GEN-T7-N90-R01,laff,1,item-082,17,55,0,6,21,34
MPV-GEN-T7-N90-R01,laff,1,item-040,0,85,0,22,5,35
MPV-GEN-T7-N90-R02,laff,0,item-027,0,0,0,35,33,22
MPV-GEN-T7-N90-R02,laff,0,item-013,0,33,0,29,29,17
MPV-GEN-T7-N90-R02,laff,0,item-026,0,62,0,31,28,15
MPV-GEN-T7-N90-R02,laff,0,item-086,31,33,0,28,34,13
MPV-GEN-T7-N90-R02,laff,0,item-084,31,67,0,24,30,17
MPV-GEN-T7-N90-R02,laff,0,item-029,35,0,0,20,25,18
MPV-GEN-T7-N90-R02,laff,0,item-058,55,0,0,29,30,10
MPV-GEN-T7-N90-R02,laff,0,item-080,55,0,10,21,32,12
MPV-GEN-T7-N90-R02,laff,0,item-056,55,67,0,22,23,15
MPV-GEN-T7-N90-R02,laff,0,item-024,59,32,0,17,22,20
MPV-GEN-T7-N90-R02,laff,0,item-072,76,30,0,17,18,21
MPV-GEN-T7-N90-R02,laff,0,item-087,31,33,13,23,33,8
MPV-GEN-T7-N90-R02,laff,0,item-038,76,0,10,18,29,11
MPV-GEN-T7-N90-R02,laff,0,item-003,55,54,15,33,26,6
MPV-GEN-T7-N90-R02,laff,0,item-009,77,80,0,18,13,22
MPV-GEN-T7-N90-R02,laff,0,item-035,0,33,17,31,31,5
MPV-GEN-T7-N90-R02,laff,0,item-010,77,48,0,14,29,11
MPV-GEN-T7-N90-R02,laff,0,item-019,0,90,0,22,10,20
MPV-GEN-T7-N90-R02,laff,0,item-037,22,66,17,24,33,5
MPV-GEN-T7-N90-R02,laff,0,item-054,55,93,0,26,6,22
MPV-GEN-T7-N90-R02,laff,0,item-061,0,64,15,18,24,6
MPV-GEN-T7-N90-R02,laff,0,item-085,35,0,18,18,31,4
MPV-GEN-T7-N90-R02,laff,0,item-074,84,0,0,14,23,6
MPV-GEN-T7-N90-R02,laff,0,item-075,91,48,0,7,20,13
MPV-GEN-T7-N90-R02,laff,0,item-044,94,0,6,4,28,12
MPV-GEN-T7-N90-R02,laff,0,item-028,88,48,13,10,25,5
MPV-GEN-T7-N90-R02,laff,0,item-081,35,25,0,13,6,14
MPV-GEN-T7-N90-R02,laff,0,item-045,55,90,0,14,3,19
MPV-GEN-T7-N90-R02,laff,0,item-046,88,73,11,12,7,9
MPV-GEN-T7-N90-R02,laff,0,item-078,46,80,19,30,7,2
MPV-GEN-T7-N90-R02,laff,0,item-041,76,48,11,12,6,5
MPV-GEN-T7-N90-R02,laff,0,item-022,55,87,15,19,3,6
MPV-GEN-T7-N90-R02,laff,0,item-082,88,48,18,6,12,4
MPV-GEN-T7-N90-R02,laff,0,item-016,22,97,0,32,1,8
MPV-GEN-T7-N90-R02,laff,0,item-060,22,90,0,2,7,17
MPV-GEN-T7-N90-R02,laff,0,item-071,76,29,10,12,1,10
MPV-GEN-T7-N90-R02,laff,0,item-008,18,64,20,2,23,2
MPV-GEN-T7-N90-R02,laff,0,item-011,54,32,20,3,15,2
MPV-GEN-T7-N90-R02,laff,0,item-023,76,48,16,3,4,6
MPV-GEN-T7-N90-R02,laff,0,item-002,46,97,8,3,2,11
MPV-GEN-T7-N90-R02,laff,0,item-005,20,64,21,33,1,1
MPV-GEN-T7-N90-R02,laff,0,item-036,0,0,22,29,35,26
MPV-GEN-T7-N90-R02,laff,0,item-031,0,35,22,35,23,23
MPV-GEN-T7-N90-R02,laff,0,item-006,0,58,22,18,33,23
MPV-GEN-T7-N90-R02,laff,0,item-007,18,58,22,18,25,24
MPV-GEN-T7-N90-R02,laff,0,item-067,29,0,22,10,34,23
MPV-GEN-T7-N90-R02,laff,0,item-014,18,83,22,32,17,13
MPV-GEN-T7-N90-R02,laff,0,item-052,36,34,22,8,34,25
MPV-GEN-T7-N90-R02,laff,0,item-034,36,68,35,25,18,12
MPV-GEN-T7-N90-R02,laff,0,item-077,39,0,35,25,25,8
MPV-GEN-T7-N90-R02,laff,0,item-048,44,25,22,13,20,18
MPV-GEN-T7-N90-R02,laff,0,item-043,44,45,22,23,9,21
MPV-GEN-T7-N90-R02,laff,0,item-050,39,0,22,21,17,10
MPV-GEN-T7-N90-R02,laff,0,item-066,44,54,22,13,14,18
MPV-GEN-T7-N90-R02,laff,0,item-042,50,86,22,18,10,16
MPV-GEN-T7-N90-R02,laff,0,item-012,57,25,22,13,10,22
MPV-GEN-T7-N90-R02,laff,0,item-088,61,54,38,23,16,7
MPV-GEN-T7-N90-R02,laff,0,item-015,0,91,35,35,6,12
MPV-GEN-T7-N90-R02,laff,0,item-039,57,35,22,24,5,18
MPV-GEN-T7-N90-R02,laff,0,item-063,0,35,45,28,21,3
MPV-GEN-T7-N90-R02,laff,0,item-053,44,35,40,31,7,8
MPV-GEN-T7-N90-R02,laff,0,item-057,0,56,46,26,29,2
MPV-GEN-T7-N90-R02,laff,0,item-049,61,70,22,4,16,23
MPV-GEN-T7-N90-R02,laff,0,item-001,29,0,45,28,17,3
MPV-GEN-T7-N90-R02,laff,0,item-076,50,96,22,27,2,25
MPV-GEN-T7-N90-R02,laff,0,item-051,35,86,38,27,8,6
MPV-GEN-T7-N90-R02,laff,0,item-040,61,42,45,13,33,2
MPV-GEN-T7-N90-R02,laff,0,item-017,0,0,48,27,30,31
MPV-GEN-T7-N90-R02,laff,0,item-032,0,30,48,31,22,31
MPV-GEN-T7-N90-R02,laff,0,item-083,0,52,48,25,29,27
MPV-GEN-T7-N90-R02,laff,0,item-068,25,52,48,22,29,27
MPV-GEN-T7-N90-R02,laff,0,item-020,0,81,48,32,17,31
MPV-GEN-T7-N90-R02,laff,0,item-025,27,0,48,19,27,29
MPV-GEN-T7-N90-R02,laff,0,item-069,31,27,48,34,14,28
MPV-GEN-T7-N90-R02,laff,0,item-062,46,0,48,23,20,27
MPV-GEN-T7-N90-R02,laff,0,item-047,47,41,48,14,28,30
MPV-GEN-T7-N90-R02,laff,0,item-018,32,81,48,22,18,28
MPV-GEN-T7-N90-R02,laff,0,item-070,54,69,48,20,13,31
MPV-GEN-T7-N90-R02,laff,0,item-059,61,41,48,14,20,27
MPV-GEN-T7-N90-R02,laff,0,item-030,46,20,48,30,5,27
MPV-GEN-T7-N90-R02,laff,0,item-033,54,82,48,11,12,28
MPV-GEN-T7-N90-R02,laff,0,item-064,54,94,48,21,6,29
MPV-GEN-T7-N90-R02,laff,0,item-065,31,41,48,5,8,30
MPV-GEN-T7-N90-R02,laff,0,item-021,36,41,48,4,10,28
MPV-GEN-T7-N90-R02,laff,0,item-079,69,0,48,2,18,27
MPV-GEN-T7-N90-R02,laff,0,item-089,61,61,48,8,3,27
MPV-GEN-T7-N90-R02,laff,1,item-000,0,0,0,27,27,32
MPV-GEN-T7-N90-R02,laff,1,item-073,0,27,0,21,4,32
MPV-GEN-T7-N90-R02,laff,1,item-055,0,0,32,23,5,34
MPV-GEN-T7-N90-R02,laff,1,item-004,0,5,32,13,6,33
MPV-GEN-T7-N90-R03,laff,0,item-022,0,0,0,33,35,12
MPV-GEN-T7-N90-R03,laff,0,item-056,0,35,0,27,34,10
MPV-GEN-T7-N90-R03,laff,0,item-042,0,69,0,29,31,10
MPV-GEN-T7-N90-R03,laff,0,item-026,27,35,0,19,23,12
MPV-GEN-T7-N90-R03,laff,0,item-079,29,58,0,24,19,11
MPV-GEN-T7-N90-R03,laff,0,item-061,29,77,0,25,18,11
MPV-GEN-T7-N90-R03,laff,0,item-009,33,0,0,23,20,10
MPV-GEN-T7-N90-R03,laff,0,item-068,46,20,0,16,19,12
MPV-GEN-T7-N90-R03,laff,0,item-004,53,39,0,17,30,5
MPV-GEN-T7-N90-R03,laff,0,item-041,53,39,5,18,23,6
MPV-GEN-T7-N90-R03,laff,0,item-040,54,62,5,26,27,3
MPV-GEN-T7-N90-R03,laff,0,item-031,33,20,0,13,13,9
MPV-GEN-T7-N90-R03,laff,0,item-082,62,0,0,5,27,10
MPV-GEN-T7-N90-R03,laff,0,item-010,54,89,0,25,8,6
MPV-GEN-T7-N90-R03,laff,0,item-083,54,62,8,12,24,4
MPV-GEN-T7-N90-R03,laff,0,item-003,54,89,6,16,9,6
MPV-GEN-T7-N90-R03,laff,0,item-014,29,98,0,32,2,11
MPV-GEN-T7-N90-R03,laff,0,item-054,0,35,10,16,22,2
MPV-GEN-T7-N90-R03,laff,0,item-016,62,27,0,27,3,8
MPV-GEN-T7-N90-R03,laff,0,item-034,70,30,0,4,32,5
MPV-GEN-T7-N90-R03,laff,0,item-012,71,30,5,9,10,7
MPV-GEN-T7-N90-R03,laff,0,item-051,66,62,8,29,7,3
MPV-GEN-T7-N90-R03,laff,0,item-060,67,0,8,4,33,4
MPV-GEN-T7-N90-R03,laff,0,item-015,0,57,10,20,9,2
MPV-GEN-T7-N90-R03,laff,0,item-067,61,98,0,35,1,9
MPV-GEN-T7-N90-R03,laff,0,item-005,67,0,0,2,26,6
MPV-GEN-T7-N90-R03,laff,0,item-044,70,69,9,3,27,3
MPV-GEN-T7-N90-R03,laff,0,item-072,0,66,11,22,11,1
MPV-GEN-T7-N90-R03,laff,0,item-058,29,95,0,24,1,9
MPV-GEN-T7-N90-R03,laff,0,item-038,71,0,8,6,8,4
MPV-GEN-T7-N90-R03,laff,0,item-020,33,20,9,5,9,3
MPV-GEN-T7-N90-R03,laff,0,item-081,70,96,6,6,1,6
MPV-GEN-T7-N90-R03,laff,0,item-086,0,0,12,32,35,19
MPV-GEN-T7-N90-R03,laff,0,item-065,0,35,12,23,35,18
MPV-GEN-T7-N90-R03,laff,0,item-087,23,35,12,27,35,13
MPV-GEN-T7-N90-R03,laff,0,item-029,0,70,12,30,29,14
MPV-GEN-T7-N90-R03,laff,0,item-008,32,0,12,20,35,15
MPV-GEN-T7-N90-R03,laff,0,item-039,30,70,12,29,19,18
MPV-GEN-T7-N90-R03,laff,0,item-002,50,35,12,26,21,18
MPV-GEN-T7-N90-R03,laff,0,item-007,52,0,12,8,30,16
MPV-GEN-T7-N90-R03,laff,0,item-075,59,56,12,5,32,18
MPV-GEN-T7-N90-R03,laff,0,item-037,30,89,12,14,7,19
MPV-GEN-T7-N90-R03,laff,0,item-062,60,0,12,3,35,16
MPV-GEN-T7-N90-R03,laff,0,item-006,44,89,12,12,8,16
MPV-GEN-T7-N90-R03,laff,0,item-064,63,0,12,3,31,16
MPV-GEN-T7-N90-R03,laff,0,item-001,50,56,12,2,14,13
MPV-GEN-T7-N90-R03,laff,0,item-019,52,56,12,3,8,14
MPV-GEN-T7-N90-R03,laff,0,item-050,0,0,31,30,32,27
MPV-GEN-T7-N90-R03,laff,0,item-073,0,32,31,29,33,22
MPV-GEN-T7-N90-R03,laff,0,item-035,0,65,31,34,17,27
MPV-GEN-T7-N90-R03,laff,0,item-027,29,32,31,32,19,25
MPV-GEN-T7-N90-R03,laff,0,item-070,30,0,31,25,21,27
MPV-GEN-T7-N90-R03,laff,0,item-078,34,51,31,31,21,21
MPV-GEN-T7-N90-R03,laff,0,item-055,61,0,31,17,35,22
MPV-GEN-T7-N90-R03,laff,0,item-023,34,72,31,18,27,25
MPV-GEN-T7-N90-R03,laff,0,item-030,52,72,31,18,26,20
MPV-GEN-T7-N90-R03,laff,0,item-080,0,82,31,21,18,23
MPV-GEN-T7-N90-R03,laff,0,item-089,30,21,31,30,10,27
MPV-GEN-T7-N90-R03,laff,0,item-059,65,35,31,8,35,25
MPV-GEN-T7-N90-R03,laff,0,item-047,70,70,31,29,9,25
MPV-GEN-T7-N90-R03,laff,0,item-076,73,35,31,9,26,20
MPV-GEN-T7-N90-R03,laff,0,item-046,70,79,31,7,20,22
MPV-GEN-T7-N90-R03,laff,0,item-028,73,61,31,14,4,26
MPV-GEN-T7-N90-R03,laff,0,item-032,73,65,31,22,3,21
MPV-GEN-T7-N90-R03,laff,0,item-049,21,82,31,5,12,23
MPV-GEN-T7-N90-R03,laff,0,item-017,77,79,31,22,3,20
MPV-GEN-T7-N90-R03,laff,0,item-066,78,0,31,2,24,25
MPV-GEN-T7-N90-R03,laff,0,item-018,80,0,31,2,23,22
MPV-GEN-T7-N90-R03,laff,0,item-088,21,94,31,1,2,26
MPV-GEN-T7-N90-R03,laff,0,item-000,0,0,58,32,25,28
MPV-GEN-T7-N90-R03,laff,0,item-085,0,25,58,33,9,20
MPV-GEN-T7-N90-R03,laff,0,item-021,0,34,58,33,7,25
MPV-GEN-T7-N90-R03,laff,1,item-069,0,0,0,35,20,30
MPV-GEN-T7-N90-R03,laff,1,item-036,0,20,0,29,20,30
MPV-GEN-T7-N90-R03,laff,1,item-057,0,40,0,13,26,29
MPV-GEN-T7-N90-R03,laff,1,item-048,0,66,0,14,21,29
MPV-GEN-T7-N90-R03,laff,1,item-011,14,40,0,5,30,29
MPV-GEN-T7-N90-R03,laff,1,item-063,13,40,0,1,17,30
MPV-GEN-T7-N90-R03,laff,1,item-052,0,0,30,25,23,33
MPV-GEN-T7-N90-R03,laff,1,item-025,0,23,30,21,25,31
MPV-GEN-T7-N90-R03,laff,1,item-071,0,48,30,34,12,31
MPV-GEN-T7-N90-R03,laff,1,item-045,0,60,30,35,7,32
MPV-GEN-T7-N90-R03,laff,1,item-013,0,67,30,14,16,31
MPV-GEN-T7-N90-R03,laff,1,item-077,0,83,30,35,5,33
MPV-GEN-T7-N90-R03,laff,1,item-043,21,23,30,5,24,31
MPV-GEN-T7-N90-R03,laff,1,item-024,26,0,30,4,27,32
MPV-GEN-T7-N90-R03,laff,1,item-084,0,0,63,18,6,35
MPV-GEN-T7-N90-R03,laff,1,item-074,0,6,63,5,17,34
MPV-GEN-T7-N90-R03,laff,1,item-053,0,23,63,27,3,34
MPV-GEN-T7-N90-R03,laff,1,item-033,0,26,63,5,3,35
MPV-GEN-T7-N90-R04,laff,0,item-081,0,0,0,35,32,32
MPV-GEN-T7-N90-R04,laff,0,item-086,0,32,0,35,25,26
MPV-GEN-T7-N90-R04,laff,0,item-068,0,57,0,32,22,31
MPV-GEN-T7-N90-R04,laff,0,item-038,0,79,0,30,21,31
MPV-GEN-T7-N90-R04,laff,0,item-039,30,79,0,33,20,29
MPV-GEN-T7-N90-R04,laff,0,item-073,35,0,0,26,28,25
MPV-GEN-T7-N90-R04,laff,0,item-070,35,28,0,29,28,22
MPV-GEN-T7-N90-R04,laff,0,item-066,63,56,0,25,35,19
MPV-GEN-T7-N90-R04,laff,0,item-002,61,0,0,25,27,24
MPV-GEN-T7-N90-R04,laff,0,item-058,64,27,0,18,29,30
MPV-GEN-T7-N90-R04,laff,0,item-034,82,27,0,17,24,32
MPV-GEN-T7-N90-R04,laff,0,item-072,32,57,0,28,15,27
MPV-GEN-T7-N90-R04,laff,0,item-032,63,56,19,35,32,10
MPV-GEN-T7-N90-R04,laff,0,item-014,61,0,24,33,21,8
MPV-GEN-T7-N90-R04,laff,0,item-083,63,91,0,35,8,17
MPV-GEN-T7-N90-R04,laff,0,item-084,86,0,0,13,18,19
MPV-GEN-T7-N90-R04,laff,0,item-078,32,32,27,31,34,4
MPV-GEN-T7-N90-R04,laff,0,item-056,35,0,25,21,32,6
MPV-GEN-T7-N90-R04,laff,0,item-047,88,51,0,8,26,19
MPV-GEN-T7-N90-R04,laff,0,item-062,32,72,0,31,4,27
MPV-GEN-T7-N90-R04,laff,0,item-057,63,88,19,13,12,8
MPV-GEN-T7-N90-R04,laff,0,item-048,98,51,0,2,21,27
MPV-GEN-T7-N90-R04,laff,0,item-026,86,18,0,8,7,20
MPV-GEN-T7-N90-R04,laff,0,item-045,76,88,19,10,10,11
MPV-GEN-T7-N90-R04,laff,0,item-011,94,18,0,6,9,20
MPV-GEN-T7-N90-R04,laff,0,item-017,94,0,20,6,22,8
MPV-GEN-T7-N90-R04,laff,0,item-067,32,76,0,26,2,19
MPV-GEN-T7-N90-R04,laff,0,item-016,56,21,25,35,4,7
MPV-GEN-T7-N90-R04,laff,0,item-074,88,88,17,7,10,14
MPV-GEN-T7-N90-R04,laff,0,item-046,0,32,31,26,34,1
MPV-GEN-T7-N90-R04,laff,0,item-053,26,32,31,24,35,1
MPV-GEN-T7-N90-R04,laff,0,item-076,98,72,0,2,14,28
MPV-GEN-T7-N90-R04,laff,0,item-064,32,66,27,19,8,4
MPV-GEN-T7-N90-R04,laff,0,item-080,82,51,19,10,5,12
MPV-GEN-T7-N90-R04,laff,0,item-008,60,56,0,2,11,27
MPV-GEN-T7-N90-R04,laff,0,item-075,0,67,31,27,20,1
MPV-GEN-T7-N90-R04,laff,0,item-040,0,32,26,5,20,5
MPV-GEN-T7-N90-R04,laff,0,item-049,27,67,31,19,21,1
MPV-GEN-T7-N90-R04,laff,0,item-071,30,99,0,20,1,18
MPV-GEN-T7-N90-R04,laff,0,item-043,0,52,26,23,3,5
MPV-GEN-T7-N90-R04,laff,0,item-059,62,56,0,1,14,24
MPV-GEN-T7-N90-R04,laff,0,item-082,46,74,29,5,18,3
MPV-GEN-T7-N90-R04,laff,0,item-085,30,88,30,12,11,2
MPV-GEN-T7-N90-R04,laff,0,item-004,42,92,31,32,8,1
MPV-GEN-T7-N90-R04,laff,0,item-010,86,88,19,2,9,12
MPV-GEN-T7-N90-R04,laff,0,item-042,51,66,27,6,6,5
MPV-GEN-T7-N90-R04,laff,0,item-021,61,27,22,3,5,9
MPV-GEN-T7-N90-R04,laff,0,item-015,32,78,0,4,1,26
MPV-GEN-T7-N90-R04,laff,0,item-035,58,76,0,1,2,25
MPV-GEN-T7-N90-R04,laff,0,item-052,0,0,32,31,34,7
MPV-GEN-T7-N90-R04,laff,0,item-007,0,34,32,32,22,7
MPV-GEN-T7-N90-R04,laff,0,item-003,0,56,32,35,28,5
MPV-GEN-T7-N90-R04,laff,0,item-065,0,84,32,28,14,7
MPV-GEN-T7-N90-R04,laff,0,item-033,28,84,32,12,7,6
MPV-GEN-T7-N90-R04,laff,0,item-051,0,0,39,30,28,11
MPV-GEN-T7-N90-R04,laff,0,item-088,0,28,39,15,34,9
MPV-GEN-T7-N90-R04,laff,0,item-024,0,62,39,13,31,10
MPV-GEN-T7-N90-R04,laff,0,item-009,13,62,39,15,28,9
MPV-GEN-T7-N90-R04,laff,0,item-037,15,28,39,15,15,11
MPV-GEN-T7-N90-R04,laff,0,item-077,15,43,39,9,19,10
MPV-GEN-T7-N90-R04,laff,0,item-050,28,43,39,5,34,10
MPV-GEN-T7-N90-R04,laff,0,item-027,0,0,50,28,29,17
MPV-GEN-T7-N90-R04,laff,0,item-079,0,29,50,33,21,17
MPV-GEN-T7-N90-R04,laff,0,item-018,0,50,50,18,29,17
MPV-GEN-T7-N90-R04,laff,0,item-087,0,79,50,32,13,17
MPV-GEN-T7-N90-R04,laff,0,item-028,32,50,50,17,31,13
MPV-GEN-T7-N90-R04,laff,0,item-030,28,0,50,19,23,14
MPV-GEN-T7-N90-R04,laff,0,item-061,32,81,50,21,13,17
MPV-GEN-T7-N90-R04,laff,0,item-054,0,0,67,30,25,18
MPV-GEN-T7-N90-R04,laff,1,item-041,0,0,0,23,29,20
MPV-GEN-T7-N90-R04,laff,1,item-031,0,29,0,15,16,19
MPV-GEN-T7-N90-R04,laff,1,item-069,0,45,0,14,2,19
MPV-GEN-T7-N90-R04,laff,1,item-019,0,0,20,18,28,21
MPV-GEN-T7-N90-R04,laff,1,item-020,0,0,41,14,35,34
MPV-GEN-T7-N90-R04,laff,1,item-025,0,35,41,22,22,34
MPV-GEN-T7-N90-R04,laff,1,item-001,0,57,41,35,10,34
MPV-GEN-T7-N90-R04,laff,1,item-063,14,0,41,8,35,23
MPV-GEN-T7-N90-R04,laff,1,item-060,0,67,41,7,23,27
MPV-GEN-T7-N90-R04,laff,1,item-013,7,67,41,12,14,23
MPV-GEN-T7-N90-R04,laff,1,item-055,0,90,41,12,8,32
MPV-GEN-T7-N90-R04,laff,1,item-089,12,81,41,6,18,28
MPV-GEN-T7-N90-R04,laff,1,item-029,19,67,41,4,20,34
MPV-GEN-T7-N90-R04,laff,1,item-022,18,87,41,11,8,29
MPV-GEN-T7-N90-R04,laff,1,item-012,22,0,41,4,23,26
MPV-GEN-T7-N90-R04,laff,1,item-044,22,23,41,3,25,30
MPV-GEN-T7-N90-R04,laff,1,item-006,23,67,41,5,19,22
MPV-GEN-T7-N90-R04,laff,1,item-023,0,98,41,11,2,31
MPV-GEN-T7-N90-R04,laff,2,item-036,0,0,0,18,16,35
MPV-GEN-T7-N90-R04,laff,2,item-005,0,16,0,19,15,35
MPV-GEN-T7-N90-R04,laff,2,item-000,0,31,0,3,10,35
MPV-GEN-T7-N90-R05,laff,0,item-018,0,0,0,33,34,11
MPV-GEN-T7-N90-R05,laff,0,item-012,0,34,0,35,23,11
MPV-GEN-T7-N90-R05,laff,0,item-008,0,57,0,32,35,5
MPV-GEN-T7-N90-R05,laff,0,item-028,32,57,0,21,22,11
MPV-GEN-T7-N90-R05,laff,0,item-075,0,57,5,25,32,6
MPV-GEN-T7-N90-R05,laff,0,item-020,33,0,0,22,27,6
MPV-GEN-T7-N90-R05,laff,0,item-027,32,79,0,25,15,8
MPV-GEN-T7-N90-R05,laff,0,item-071,33,0,6,30,24,4
MPV-GEN-T7-N90-R05,laff,0,item-010,35,27,0,13,23,7
MPV-GEN-T7-N90-R05,laff,0,item-000,0,92,0,31,8,8
MPV-GEN-T7-N90-R05,laff,0,item-023,53,24,8,26,25,3
MPV-GEN-T7-N90-R05,laff,0,item-072,48,27,0,33,8,7
MPV-GEN-T7-N90-R05,laff,0,item-062,48,35,0,23,19,4
MPV-GEN-T7-N90-R05,laff,0,item-053,79,0,7,20,19,4
MPV-GEN-T7-N90-R05,laff,0,item-068,48,35,4,26,12,4
MPV-GEN-T7-N90-R05,laff,0,item-030,53,49,4,7,21,7
MPV-GEN-T7-N90-R05,laff,0,item-036,79,19,7,18,13,4
MPV-GEN-T7-N90-R05,laff,0,item-049,53,70,8,32,29,1
MPV-GEN-T7-N90-R05,laff,0,item-074,60,49,4,33,4,7
MPV-GEN-T7-N90-R05,laff,0,item-031,60,53,4,28,6,5
MPV-GEN-T7-N90-R05,laff,0,item-025,60,53,9,24,32,1
MPV-GEN-T7-N90-R05,laff,0,item-083,31,94,0,34,3,6
MPV-GEN-T7-N90-R05,laff,0,item-005,53,70,0,23,5,5
MPV-GEN-T7-N90-R05,laff,0,item-001,35,50,0,9,7,9
MPV-GEN-T7-N90-R05,laff,0,item-054,63,0,0,8,6,10
MPV-GEN-T7-N90-R05,laff,0,item-079,33,0,10,20,22,1
MPV-GEN-T7-N90-R05,laff,0,item-084,35,24,9,7,29,2
MPV-GEN-T7-N90-R05,laff,0,item-082,60,59,0,4,10,9
MPV-GEN-T7-N90-R05,laff,0,item-067,31,94,6,16,4,5
MPV-GEN-T7-N90-R05,laff,0,item-045,25,79,10,19,14,1
MPV-GEN-T7-N90-R05,laff,0,item-004,76,59,0,1,32,8
MPV-GEN-T7-N90-R05,laff,0,item-037,42,24,9,5,24,2
MPV-GEN-T7-N90-R05,laff,0,item-038,47,22,10,6,23,1
MPV-GEN-T7-N90-R05,laff,0,item-021,0,89,5,9,2,6
MPV-GEN-T7-N90-R05,laff,0,item-047,0,0,11,35,30,26
MPV-GEN-T7-N90-R05,laff,0,item-064,0,30,11,24,33,26
MPV-GEN-T7-N90-R05,laff,0,item-081,0,63,11,28,27,24
MPV-GEN-T7-N90-R05,laff,0,item-048,24,30,11,26,22,26
MPV-GEN-T7-N90-R05,laff,0,item-033,28,52,11,18,33,25
MPV-GEN-T7-N90-R05,laff,0,item-006,35,0,11,34,29,15
MPV-GEN-T7-N90-R05,laff,0,item-069,46,52,11,27,20,21
MPV-GEN-T7-N90-R05,laff,0,item-073,46,72,11,34,22,15
MPV-GEN-T7-N90-R05,laff,0,item-051,69,0,11,20,27,20
MPV-GEN-T7-N90-R05,laff,0,item-056,73,27,11,14,31,24
MPV-GEN-T7-N90-R05,laff,0,item-057,0,90,11,35,9,23
MPV-GEN-T7-N90-R05,laff,0,item-035,73,58,11,27,11,24
MPV-GEN-T7-N90-R05,laff,0,item-089,80,69,11,16,25,16
MPV-GEN-T7-N90-R05,laff,0,item-080,87,27,11,10,26,23
MPV-GEN-T7-N90-R05,laff,0,item-066,50,29,11,14,10,26
MPV-GEN-T7-N90-R05,laff,0,item-014,35,94,11,33,6,18
MPV-GEN-T7-N90-R05,laff,0,item-046,50,39,11,21,12,14
MPV-GEN-T7-N90-R05,laff,0,item-011,89,0,11,8,24,12
MPV-GEN-T7-N90-R05,laff,0,item-015,68,94,11,24,4,16
MPV-GEN-T7-N90-R05,laff,0,item-086,96,69,11,4,14,20
MPV-GEN-T7-N90-R05,laff,0,item-026,68,98,11,31,2,17
MPV-GEN-T7-N90-R05,laff,0,item-024,0,99,11,35,1,22
MPV-GEN-T7-N90-R05,laff,0,item-017,97,0,11,1,30,20
MPV-GEN-T7-N90-R05,laff,0,item-087,71,27,11,1,15,22
MPV-GEN-T7-N90-R05,laff,0,item-060,28,85,11,9,2,14
MPV-GEN-T7-N90-R05,laff,0,item-039,0,0,37,26,34,29
MPV-GEN-T7-N90-R05,laff,0,item-058,0,34,37,25,23,29
MPV-GEN-T7-N90-R05,laff,0,item-019,0,57,37,22,26,27
MPV-GEN-T7-N90-R05,laff,0,item-063,22,57,37,16,31,27
MPV-GEN-T7-N90-R05,laff,0,item-078,25,34,37,32,13,23
MPV-GEN-T7-N90-R05,laff,0,item-055,26,0,37,29,15,20
MPV-GEN-T7-N90-R05,laff,0,item-070,26,15,37,34,13,18
MPV-GEN-T7-N90-R05,laff,0,item-040,38,47,37,30,14,18
MPV-GEN-T7-N90-R05,laff,0,item-041,0,88,37,29,11,21
MPV-GEN-T7-N90-R05,laff,0,item-044,29,88,37,25,12,21
MPV-GEN-T7-N90-R05,laff,0,item-013,38,61,37,32,13,14
MPV-GEN-T7-N90-R05,laff,0,item-043,26,28,37,28,6,27
MPV-GEN-T7-N90-R05,laff,0,item-052,38,74,37,13,11,27
MPV-GEN-T7-N90-R05,laff,0,item-050,51,61,51,14,14,15
MPV-GEN-T7-N90-R05,laff,0,item-088,54,75,37,5,20,28
MPV-GEN-T7-N90-R05,laff,0,item-061,55,0,37,16,7,22
MPV-GEN-T7-N90-R05,laff,0,item-034,0,83,37,19,3,25
MPV-GEN-T7-N90-R05,laff,0,item-003,57,28,37,6,11,17
MPV-GEN-T7-N90-R05,laff,0,item-009,0,0,66,20,35,32
MPV-GEN-T7-N90-R05,laff,0,item-085,0,35,66,27,24,30
MPV-GEN-T7-N90-R05,laff,0,item-029,0,59,66,26,24,30
MPV-GEN-T7-N90-R05,laff,0,item-065,20,0,66,11,29,30
MPV-GEN-T7-N90-R05,laff,0,item-016,26,59,66,7,29,30
MPV-GEN-T7-N90-R05,laff,0,item-002,0,83,66,13,11,31
MPV-GEN-T7-N90-R05,laff,1,item-077,0,0,0,19,34,35
MPV-GEN-T7-N90-R05,laff,1,item-007,0,34,0,22,27,34
MPV-GEN-T7-N90-R05,laff,1,item-042,0,61,0,17,27,34
MPV-GEN-T7-N90-R05,laff,1,item-022,17,61,0,25,17,35
MPV-GEN-T7-N90-R05,laff,1,item-076,17,78,0,19,15,35
MPV-GEN-T7-N90-R05,laff,1,item-059,19,0,0,7,29,34
MPV-GEN-T7-N90-R05,laff,1,item-032,22,29,0,14,13,35
MPV-GEN-T7-N90-R06,laff,0,item-074,0,0,0,35,32,34
MPV-GEN-T7-N90-R06,laff,0,item-059,0,32,0,35,20,33
MPV-GEN-T7-N90-R06,laff,0,item-050,0,52,0,24,28,33
MPV-GEN-T7-N90-R06,laff,0,item-035,24,52,0,29,31,22
MPV-GEN-T7-N90-R06,laff,0,item-055,35,0,0,24,23,30
MPV-GEN-T7-N90-R06,laff,0,item-034,53,23,0,32,30,17
MPV-GEN-T7-N90-R06,laff,0,item-058,53,53,0,19,28,27
MPV-GEN-T7-N90-R06,laff,0,item-083,72,53,0,22,34,19
MPV-GEN-T7-N90-R06,laff,0,item-029,35,23,17,35,27,15
MPV-GEN-T7-N90-R06,laff,0,item-054,59,0,0,22,21,26
MPV-GEN-T7-N90-R06,laff,0,item-003,70,21,17,25,30,16
MPV-GEN-T7-N90-R06,laff,0,item-013,0,83,0,30,11,29
MPV-GEN-T7-N90-R06,laff,0,item-073,30,83,0,31,17,18
MPV-GEN-T7-N90-R06,laff,0,item-053,81,0,0,17,16,29
MPV-GEN-T7-N90-R06,laff,0,item-051,61,87,0,21,13,28
MPV-GEN-T7-N90-R06,laff,0,item-081,72,51,19,22,23,15
MPV-GEN-T7-N90-R06,laff,0,item-045,30,83,18,29,17,15
MPV-GEN-T7-N90-R06,laff,0,item-069,24,52,22,29,25,10
MPV-GEN-T7-N90-R06,laff,0,item-085,82,74,19,18,26,12
MPV-GEN-T7-N90-R06,laff,0,item-060,35,23,0,12,27,14
MPV-GEN-T7-N90-R06,laff,0,item-037,85,16,0,6,32,17
MPV-GEN-T7-N90-R06,laff,0,item-071,82,87,0,16,13,14
MPV-GEN-T7-N90-R06,laff,0,item-016,95,16,0,3,30,29
MPV-GEN-T7-N90-R06,laff,0,item-087,94,51,0,6,16,26
MPV-GEN-T7-N90-R06,laff,0,item-018,53,50,27,14,28,6
MPV-GEN-T7-N90-R06,laff,0,item-028,0,80,0,24,2,33
MPV-GEN-T7-N90-R06,laff,0,item-064,47,23,0,5,22,14
MPV-GEN-T7-N90-R06,laff,0,item-004,35,0,30,16,22,4
MPV-GEN-T7-N90-R06,laff,0,item-082,91,16,0,4,24,14
MPV-GEN-T7-N90-R06,laff,0,item-006,24,77,22,27,5,9
MPV-GEN-T7-N90-R06,laff,0,item-020,35,22,32,31,18,2
MPV-GEN-T7-N90-R06,laff,0,item-076,0,94,0,12,3,31
MPV-GEN-T7-N90-R06,laff,0,item-088,59,81,19,19,5,11
MPV-GEN-T7-N90-R06,laff,0,item-024,12,94,0,9,5,23
MPV-GEN-T7-N90-R06,laff,0,item-056,21,94,0,8,6,20
MPV-GEN-T7-N90-R06,laff,0,item-066,98,0,0,2,21,20
MPV-GEN-T7-N90-R06,laff,0,item-061,59,21,0,24,2,16
MPV-GEN-T7-N90-R06,laff,0,item-084,98,21,0,2,18,21
MPV-GEN-T7-N90-R06,laff,0,item-002,24,52,32,12,29,2
MPV-GEN-T7-N90-R06,laff,0,item-017,59,16,26,32,2,8
MPV-GEN-T7-N90-R06,laff,0,item-019,98,39,0,2,11,22
MPV-GEN-T7-N90-R06,laff,0,item-052,0,32,33,19,22,1
MPV-GEN-T7-N90-R06,laff,0,item-001,0,97,0,7,3,18
MPV-GEN-T7-N90-R06,laff,0,item-022,95,0,29,3,25,5
MPV-GEN-T7-N90-R06,laff,0,item-015,0,82,29,8,8,5
MPV-GEN-T7-N90-R06,laff,0,item-070,0,54,33,15,20,1
MPV-GEN-T7-N90-R06,laff,0,item-043,8,74,33,11,20,1
MPV-GEN-T7-N90-R06,laff,0,item-049,35,40,32,34,3,2
MPV-GEN-T7-N90-R06,laff,0,item-021,36,43,32,2,35,2
MPV-GEN-T7-N90-R06,laff,0,item-011,0,94,31,9,3,3
MPV-GEN-T7-N90-R06,laff,0,item-000,9,94,31,2,5,3
MPV-GEN-T7-N90-R06,laff,0,item-010,0,99,33,13,1,1
MPV-GEN-T7-N90-R06,laff,0,item-039,0,0,34,30,35,5
MPV-GEN-T7-N90-R06,laff,0,item-025,0,35,34,13,29,4
MPV-GEN-T7-N90-R06,laff,0,item-041,0,0,39,34,29,35
MPV-GEN-T7-N90-R06,laff,0,item-027,0,29,39,21,25,35
MPV-GEN-T7-N90-R06,laff,0,item-014,0,54,39,34,25,15
MPV-GEN-T7-N90-R06,laff,0,item-046,34,0,39,17,26,28
MPV-GEN-T7-N90-R06,laff,0,item-065,0,54,54,28,20,19
MPV-GEN-T7-N90-R06,laff,0,item-033,21,29,39,13,25,31
MPV-GEN-T7-N90-R06,laff,0,item-062,34,26,39,16,23,27
MPV-GEN-T7-N90-R06,laff,0,item-068,0,79,39,19,15,23
MPV-GEN-T7-N90-R06,laff,0,item-063,19,74,54,23,14,20
MPV-GEN-T7-N90-R06,laff,0,item-031,42,49,39,7,32,27
MPV-GEN-T7-N90-R06,laff,0,item-075,49,49,39,24,20,12
MPV-GEN-T7-N90-R06,laff,0,item-026,49,49,51,20,21,13
MPV-GEN-T7-N90-R06,laff,0,item-080,50,26,51,34,13,12
MPV-GEN-T7-N90-R06,laff,0,item-005,50,26,63,28,17,11
MPV-GEN-T7-N90-R06,laff,0,item-007,42,81,39,11,19,25
MPV-GEN-T7-N90-R06,laff,0,item-023,69,43,51,7,35,21
MPV-GEN-T7-N90-R06,laff,0,item-089,51,0,39,27,10,17
MPV-GEN-T7-N90-R06,laff,0,item-032,51,10,39,27,7,24
MPV-GEN-T7-N90-R06,laff,0,item-077,50,26,39,28,13,12
MPV-GEN-T7-N90-R06,laff,0,item-047,28,54,54,14,12,20
MPV-GEN-T7-N90-R06,laff,0,item-048,19,88,39,14,10,24
MPV-GEN-T7-N90-R06,laff,0,item-044,51,0,56,25,10,13
MPV-GEN-T7-N90-R06,laff,0,item-086,53,70,39,7,16,27
MPV-GEN-T7-N90-R06,laff,0,item-009,51,17,39,12,8,31
MPV-GEN-T7-N90-R06,laff,0,item-078,42,78,66,32,14,6
MPV-GEN-T7-N90-R06,laff,0,item-008,53,86,39,14,11,17
MPV-GEN-T7-N90-R06,laff,0,item-042,74,78,39,6,14,29
MPV-GEN-T7-N90-R06,laff,0,item-079,0,88,63,29,12,7
MPV-GEN-T7-N90-R06,laff,0,item-030,53,92,56,31,6,13
MPV-GEN-T7-N90-R06,laff,0,item-057,76,0,56,23,7,14
MPV-GEN-T7-N90-R06,laff,0,item-036,60,43,64,7,32,9
MPV-GEN-T7-N90-R06,laff,0,item-067,33,79,39,7,17,15
MPV-GEN-T7-N90-R06,laff,0,item-072,76,43,39,4,12,33
MPV-GEN-T7-N90-R06,laff,0,item-040,28,66,54,9,7,20
MPV-GEN-T7-N90-R06,laff,0,item-012,51,25,39,30,1,30
MPV-GEN-T7-N90-R06,laff,0,item-038,53,98,39,30,1,28
MPV-GEN-T7-N90-R07,laff,0,item-065,0,0,0,34,35,7
MPV-GEN-T7-N90-R07,laff,0,item-084,0,35,0,31,29,4
MPV-GEN-T7-N90-R07,laff,0,item-039,0,64,0,35,14,5
MPV-GEN-T7-N90-R07,laff,0,item-025,31,35,0,15,27,6
MPV-GEN-T7-N90-R07,laff,0,item-044,0,78,0,24,9,4
MPV-GEN-T7-N90-R07,laff,0,item-062,34,0,0,8,26,4
MPV-GEN-T7-N90-R07,laff,0,item-031,0,35,6,20,34,1
MPV-GEN-T7-N90-R07,laff,0,item-088,0,87,0,32,3,7
MPV-GEN-T7-N90-R07,laff,0,item-006,0,69,5,21,15,2
MPV-GEN-T7-N90-R07,laff,0,item-067,20,35,6,32,19,1
MPV-GEN-T7-N90-R07,laff,0,item-076,34,0,4,6,27,3
MPV-GEN-T7-N90-R07,laff,0,item-030,0,90,0,19,4,6
MPV-GEN-T7-N90-R07,laff,0,item-046,0,94,0,12,4,6
MPV-GEN-T7-N90-R07,laff,0,item-064,20,54,6,22,12,1
MPV-GEN-T7-N90-R07,laff,0,item-005,19,90,0,9,7,4
MPV-GEN-T7-N90-R07,laff,0,item-060,42,54,6,14,18,1
MPV-GEN-T7-N90-R07,laff,0,item-036,0,35,5,7,29,1
MPV-GEN-T7-N90-R07,laff,0,item-056,12,94,4,13,5,3
MPV-GEN-T7-N90-R07,laff,0,item-041,7,35,5,5,34,1
MPV-GEN-T7-N90-R07,laff,0,item-077,21,66,5,3,5,2
MPV-GEN-T7-N90-R07,laff,0,item-050,0,0,7,33,31,15
MPV-GEN-T7-N90-R07,laff,0,item-043,0,31,7,28,35,11
MPV-GEN-T7-N90-R07,laff,0,item-014,0,66,7,34,22,13
MPV-GEN-T7-N90-R07,laff,0,item-059,28,31,7,29,35,8
MPV-GEN-T7-N90-R07,laff,0,item-033,33,0,7,19,28,15
MPV-GEN-T7-N90-R07,laff,0,item-052,34,66,7,24,34,9
MPV-GEN-T7-N90-R07,laff,0,item-049,57,0,7,12,34,14
MPV-GEN-T7-N90-R07,laff,0,item-012,57,34,7,26,13,15
MPV-GEN-T7-N90-R07,laff,0,item-047,58,47,7,6,28,15
MPV-GEN-T7-N90-R07,laff,0,item-004,0,88,7,20,11,11
MPV-GEN-T7-N90-R07,laff,0,item-063,58,75,7,19,10,12
MPV-GEN-T7-N90-R07,laff,0,item-029,64,47,7,10,19,11
MPV-GEN-T7-N90-R07,laff,0,item-032,69,0,7,6,23,14
MPV-GEN-T7-N90-R07,laff,0,item-037,58,85,7,31,6,8
MPV-GEN-T7-N90-R07,laff,0,item-072,58,91,7,21,5,13
MPV-GEN-T7-N90-R07,laff,0,item-074,52,0,7,3,26,15
MPV-GEN-T7-N90-R07,laff,0,item-034,20,88,7,11,9,10
MPV-GEN-T7-N90-R07,laff,0,item-069,64,66,7,7,8,12
MPV-GEN-T7-N90-R07,laff,0,item-073,69,23,7,4,11,8
MPV-GEN-T7-N90-R07,laff,0,item-000,20,97,7,7,3,11
MPV-GEN-T7-N90-R07,laff,0,item-068,55,0,7,1,17,8
MPV-GEN-T7-N90-R07,laff,0,item-027,0,0,22,30,34,26
MPV-GEN-T7-N90-R07,laff,0,item-078,0,34,22,33,28,25
MPV-GEN-T7-N90-R07,laff,0,item-051,0,62,22,23,35,25
MPV-GEN-T7-N90-R07,laff,0,item-061,23,62,22,19,31,21
MPV-GEN-T7-N90-R07,laff,0,item-075,30,0,22,22,32,17
MPV-GEN-T7-N90-R07,laff,0,item-035,33,32,22,32,17,21
MPV-GEN-T7-N90-R07,laff,0,item-042,42,49,22,17,23,23
MPV-GEN-T7-N90-R07,laff,0,item-022,42,72,22,17,22,23
MPV-GEN-T7-N90-R07,laff,0,item-080,52,0,22,34,11,23
MPV-GEN-T7-N90-R07,laff,0,item-058,59,49,22,14,22,26
MPV-GEN-T7-N90-R07,laff,0,item-003,52,11,22,31,13,16
MPV-GEN-T7-N90-R07,laff,0,item-055,59,71,22,18,18,18
MPV-GEN-T7-N90-R07,laff,0,item-038,65,24,22,18,15,21
MPV-GEN-T7-N90-R07,laff,0,item-021,73,39,22,8,32,22
MPV-GEN-T7-N90-R07,laff,0,item-079,77,71,22,16,13,26
MPV-GEN-T7-N90-R07,laff,0,item-054,81,39,22,12,25,18
MPV-GEN-T7-N90-R07,laff,0,item-081,83,11,22,15,18,19
MPV-GEN-T7-N90-R07,laff,0,item-013,59,89,22,15,10,20
MPV-GEN-T7-N90-R07,laff,0,item-026,77,84,22,8,16,22
MPV-GEN-T7-N90-R07,laff,0,item-086,23,93,22,11,5,21
MPV-GEN-T7-N90-R07,laff,0,item-082,85,84,22,3,16,20
MPV-GEN-T7-N90-R07,laff,0,item-048,33,49,22,3,11,23
MPV-GEN-T7-N90-R07,laff,0,item-089,93,29,22,2,17,17
MPV-GEN-T7-N90-R07,laff,0,item-040,0,97,22,22,1,21
MPV-GEN-T7-N90-R07,laff,0,item-018,0,0,48,29,33,35
MPV-GEN-T7-N90-R07,laff,0,item-015,0,33,48,28,34,30
MPV-GEN-T7-N90-R07,laff,0,item-085,0,67,48,33,27,28
MPV-GEN-T7-N90-R07,laff,0,item-028,28,33,48,28,28,31
MPV-GEN-T7-N90-R07,laff,0,item-008,29,0,48,32,23,30
MPV-GEN-T7-N90-R07,laff,0,item-071,33,61,48,26,24,35
MPV-GEN-T7-N90-R07,laff,0,item-066,56,23,48,26,31,27
MPV-GEN-T7-N90-R07,laff,0,item-011,59,54,48,34,18,30
MPV-GEN-T7-N90-R07,laff,0,item-070,59,72,48,20,28,32
MPV-GEN-T7-N90-R07,laff,0,item-019,82,0,48,18,32,28
MPV-GEN-T7-N90-R07,laff,0,item-010,33,85,48,24,15,31
MPV-GEN-T7-N90-R07,laff,0,item-017,29,23,48,27,10,32
MPV-GEN-T7-N90-R07,laff,0,item-053,61,0,48,13,12,32
MPV-GEN-T7-N90-R07,laff,0,item-083,79,72,48,9,17,31
MPV-GEN-T7-N90-R07,laff,0,item-057,0,94,48,22,4,29
MPV-GEN-T7-N90-R07,laff,0,item-009,74,0,48,5,15,31
MPV-GEN-T7-N90-R07,laff,0,item-020,61,12,48,4,10,32
MPV-GEN-T7-N90-R07,laff,0,item-045,65,12,48,3,9,28
MPV-GEN-T7-N90-R07,laff,0,item-007,88,72,48,1,24,29
MPV-GEN-T7-N90-R07,laff,1,item-001,0,0,0,16,35,28
MPV-GEN-T7-N90-R07,laff,1,item-023,0,35,0,22,23,28
MPV-GEN-T7-N90-R07,laff,1,item-016,0,0,28,10,32,29
MPV-GEN-T7-N90-R07,laff,1,item-024,0,0,57,31,10,35
MPV-GEN-T7-N90-R07,laff,1,item-087,0,10,57,10,30,31
MPV-GEN-T7-N90-R07,laff,1,item-002,0,40,57,35,1,32
MPV-GEN-T7-N90-R08,laff,0,item-080,0,0,0,35,33,12
MPV-GEN-T7-N90-R08,laff,0,item-047,0,33,0,20,33,9
MPV-GEN-T7-N90-R08,laff,0,item-023,0,66,0,15,33,11
MPV-GEN-T7-N90-R08,laff,0,item-036,15,66,0,31,25,6
MPV-GEN-T7-N90-R08,laff,0,item-005,20,33,0,14,31,10
MPV-GEN-T7-N90-R08,laff,0,item-035,34,33,0,22,25,7
MPV-GEN-T7-N90-R08,laff,0,item-074,35,0,0,28,19,7
MPV-GEN-T7-N90-R08,laff,0,item-063,34,33,7,26,28,5
MPV-GEN-T7-N90-R08,laff,0,item-059,35,19,0,22,14,7
MPV-GEN-T7-N90-R08,laff,0,item-045,46,58,0,25,12,7
MPV-GEN-T7-N90-R08,laff,0,item-008,46,70,0,26,11,7
MPV-GEN-T7-N90-R08,laff,0,item-002,15,64,9,34,19,3
MPV-GEN-T7-N90-R08,laff,0,item-084,15,91,0,26,6,11
MPV-GEN-T7-N90-R08,laff,0,item-039,35,0,7,27,15,4
MPV-GEN-T7-N90-R08,laff,0,item-078,41,91,0,33,6,8
MPV-GEN-T7-N90-R08,laff,0,item-032,41,83,8,31,17,3
MPV-GEN-T7-N90-R08,laff,0,item-081,57,19,0,9,14,10
MPV-GEN-T7-N90-R08,laff,0,item-013,60,33,0,13,8,12
MPV-GEN-T7-N90-R08,laff,0,item-001,0,33,10,14,31,2
MPV-GEN-T7-N90-R08,laff,0,item-041,72,41,8,10,17,3
MPV-GEN-T7-N90-R08,laff,0,item-073,63,0,0,1,18,11
MPV-GEN-T7-N90-R08,laff,0,item-004,0,99,0,23,1,7
MPV-GEN-T7-N90-R08,laff,0,item-057,15,97,0,10,2,8
MPV-GEN-T7-N90-R08,laff,0,item-020,0,99,7,13,1,5
MPV-GEN-T7-N90-R08,laff,0,item-011,0,0,12,35,32,21
MPV-GEN-T7-N90-R08,laff,0,item-046,0,32,12,31,18,20
MPV-GEN-T7-N90-R08,laff,0,item-038,0,50,12,30,28,13
MPV-GEN-T7-N90-R08,laff,0,item-083,0,78,12,32,13,21
MPV-GEN-T7-N90-R08,laff,0,item-003,31,32,12,15,32,15
MPV-GEN-T7-N90-R08,laff,0,item-026,30,64,12,32,12,18
MPV-GEN-T7-N90-R08,laff,0,item-048,32,76,12,26,11,21
MPV-GEN-T7-N90-R08,laff,0,item-033,35,0,12,14,20,21
MPV-GEN-T7-N90-R08,laff,0,item-089,46,20,12,13,25,18
MPV-GEN-T7-N90-R08,laff,0,item-000,58,76,12,13,23,18
MPV-GEN-T7-N90-R08,laff,0,item-042,46,45,12,29,10,18
MPV-GEN-T7-N90-R08,laff,0,item-028,0,91,12,31,8,18
MPV-GEN-T7-N90-R08,laff,0,item-017,49,0,12,11,17,20
MPV-GEN-T7-N90-R08,laff,0,item-009,59,17,12,9,23,18
MPV-GEN-T7-N90-R08,laff,0,item-077,62,55,12,12,19,14
MPV-GEN-T7-N90-R08,laff,0,item-049,31,91,12,26,8,15
MPV-GEN-T7-N90-R08,laff,0,item-069,68,0,12,9,25,13
MPV-GEN-T7-N90-R08,laff,0,item-052,71,74,12,7,22,18
MPV-GEN-T7-N90-R08,laff,0,item-082,75,25,12,3,30,13
MPV-GEN-T7-N90-R08,laff,0,item-024,60,0,12,5,14,13
MPV-GEN-T7-N90-R08,laff,0,item-015,32,87,12,12,3,19
MPV-GEN-T7-N90-R08,laff,0,item-007,65,0,12,2,16,20
MPV-GEN-T7-N90-R08,laff,0,item-021,78,0,12,1,30,18
MPV-GEN-T7-N90-R08,laff,0,item-062,30,50,12,1,7,15
MPV-GEN-T7-N90-R08,laff,0,item-022,0,0,33,30,30,28
MPV-GEN-T7-N90-R08,laff,0,item-072,0,30,33,27,32,27
MPV-GEN-T7-N90-R08,laff,0,item-031,0,62,33,22,25,23
MPV-GEN-T7-N90-R08,laff,0,item-067,22,62,33,23,20,23
MPV-GEN-T7-N90-R08,laff,0,item-061,27,30,33,15,26,27
MPV-GEN-T7-N90-R08,laff,0,item-040,30,0,33,13,29,23
MPV-GEN-T7-N90-R08,laff,0,item-070,0,87,33,24,12,27
MPV-GEN-T7-N90-R08,laff,0,item-088,42,29,33,11,23,25
MPV-GEN-T7-N90-R08,laff,0,item-068,24,82,33,29,8,27
MPV-GEN-T7-N90-R08,laff,0,item-016,53,0,33,6,33,28
MPV-GEN-T7-N90-R08,laff,0,item-058,43,0,33,8,27,24
MPV-GEN-T7-N90-R08,laff,0,item-014,24,90,33,35,6,22
MPV-GEN-T7-N90-R08,laff,0,item-071,45,52,33,12,13,22
MPV-GEN-T7-N90-R08,laff,0,item-060,45,65,33,17,8,24
MPV-GEN-T7-N90-R08,laff,0,item-086,45,73,33,14,7,28
MPV-GEN-T7-N90-R08,laff,0,item-085,27,56,33,12,6,22
MPV-GEN-T7-N90-R08,laff,0,item-055,51,0,33,1,26,28
MPV-GEN-T7-N90-R08,laff,0,item-010,52,0,33,1,28,25
MPV-GEN-T7-N90-R08,laff,0,item-034,0,99,33,12,1,25
MPV-GEN-T7-N90-R08,laff,0,item-064,12,99,33,3,1,24
MPV-GEN-T7-N90-R08,laff,0,item-051,0,0,61,24,33,33
MPV-GEN-T7-N90-R08,laff,0,item-027,0,33,61,26,21,30
MPV-GEN-T7-N90-R08,laff,0,item-029,0,54,61,19,22,31
MPV-GEN-T7-N90-R08,laff,0,item-025,0,76,61,16,24,32
MPV-GEN-T7-N90-R08,laff,0,item-006,19,54,61,14,26,31
MPV-GEN-T7-N90-R08,laff,0,item-065,16,80,61,16,14,31
MPV-GEN-T7-N90-R08,laff,0,item-044,24,0,61,24,7,31
MPV-GEN-T7-N90-R08,laff,0,item-066,24,7,61,14,7,33
MPV-GEN-T7-N90-R08,laff,0,item-050,24,14,61,8,10,33
MPV-GEN-T7-N90-R08,laff,0,item-043,16,94,61,34,2,32
MPV-GEN-T7-N90-R08,laff,0,item-018,16,96,61,10,4,30
MPV-GEN-T7-N90-R08,laff,0,item-079,26,24,61,2,15,32
MPV-GEN-T7-N90-R08,laff,1,item-019,0,0,0,21,29,35
MPV-GEN-T7-N90-R08,laff,1,item-087,0,29,0,15,31,35
MPV-GEN-T7-N90-R08,laff,1,item-075,0,60,0,21,20,35
MPV-GEN-T7-N90-R08,laff,1,item-076,0,80,0,22,15,34
MPV-GEN-T7-N90-R08,laff,1,item-012,15,29,0,21,14,34
MPV-GEN-T7-N90-R08,laff,1,item-054,0,95,0,26,5,34
MPV-GEN-T7-N90-R08,laff,1,item-053,15,43,0,10,9,34
MPV-GEN-T7-N90-R08,laff,1,item-037,15,52,0,32,2,35
MPV-GEN-T7-N90-R08,laff,1,item-056,15,54,0,7,3,34
MPV-GEN-T7-N90-R08,laff,1,item-030,15,57,0,8,1,35
MPV-GEN-T7-N90-R09,laff,0,item-028,0,0,0,35,34,4
MPV-GEN-T7-N90-R09,laff,0,item-077,0,34,0,22,34,4
MPV-GEN-T7-N90-R09,laff,0,item-069,0,68,0,22,31,3
MPV-GEN-T7-N90-R09,laff,0,item-062,22,34,0,28,10,4
MPV-GEN-T7-N90-R09,laff,0,item-040,0,68,3,26,23,1
MPV-GEN-T7-N90-R09,laff,0,item-021,22,44,0,7,27,3
MPV-GEN-T7-N90-R09,laff,0,item-085,22,71,0,27,7,3
MPV-GEN-T7-N90-R09,laff,0,item-081,22,78,0,2,9,2
MPV-GEN-T7-N90-R09,laff,0,item-057,0,0,4,32,34,23
MPV-GEN-T7-N90-R09,laff,0,item-048,0,34,4,27,35,20
MPV-GEN-T7-N90-R09,laff,0,item-055,27,34,4,30,33,16
MPV-GEN-T7-N90-R09,laff,0,item-039,0,69,4,32,29,16
MPV-GEN-T7-N90-R09,laff,0,item-027,32,0,4,23,30,21
MPV-GEN-T7-N90-R09,laff,0,item-089,32,67,4,23,32,18
MPV-GEN-T7-N90-R09,laff,0,item-034,55,0,4,26,27,18
MPV-GEN-T7-N90-R09,laff,0,item-014,55,67,4,23,26,20
MPV-GEN-T7-N90-R09,laff,0,item-023,57,27,4,30,21,18
MPV-GEN-T7-N90-R09,laff,0,item-045,57,48,4,34,16,20
MPV-GEN-T7-N90-R09,laff,0,item-060,78,64,4,19,22,23
MPV-GEN-T7-N90-R09,laff,0,item-058,81,0,4,15,21,23
MPV-GEN-T7-N90-R09,laff,0,item-012,0,69,20,29,26,7
MPV-GEN-T7-N90-R09,laff,0,item-008,87,21,4,9,23,20
MPV-GEN-T7-N90-R09,laff,0,item-065,55,93,4,34,6,19
MPV-GEN-T7-N90-R09,laff,0,item-051,27,34,20,26,20,7
MPV-GEN-T7-N90-R09,laff,0,item-087,29,54,22,19,33,5
MPV-GEN-T7-N90-R09,laff,0,item-070,91,44,4,6,20,23
MPV-GEN-T7-N90-R09,laff,0,item-059,55,0,22,16,29,5
MPV-GEN-T7-N90-R09,laff,0,item-072,0,98,4,32,2,19
MPV-GEN-T7-N90-R09,laff,0,item-054,96,0,4,4,21,14
MPV-GEN-T7-N90-R09,laff,0,item-009,97,21,4,2,30,18
MPV-GEN-T7-N90-R09,laff,0,item-075,29,87,22,19,9,5
MPV-GEN-T7-N90-R09,laff,0,item-082,97,51,4,2,22,19
MPV-GEN-T7-N90-R09,laff,0,item-004,89,86,4,4,13,14
MPV-GEN-T7-N90-R09,laff,0,item-076,32,30,20,16,4,6
MPV-GEN-T7-N90-R09,laff,0,item-011,93,86,4,2,12,13
MPV-GEN-T7-N90-R09,laff,0,item-071,32,99,4,34,1,8
MPV-GEN-T7-N90-R09,laff,0,item-088,89,86,18,1,9,9
MPV-GEN-T7-N90-R09,laff,0,item-031,0,0,27,35,27,9
MPV-GEN-T7-N90-R09,laff,0,item-063,0,27,27,34,24,9
MPV-GEN-T7-N90-R09,laff,0,item-038,0,51,27,18,30,6
MPV-GEN-T7-N90-R09,laff,0,item-033,18,51,27,20,23,5
MPV-GEN-T7-N90-R09,laff,0,item-043,0,81,27,16,17,7
MPV-GEN-T7-N90-R09,laff,0,item-015,16,81,27,32,6,9
MPV-GEN-T7-N90-R09,laff,0,item-035,16,87,27,25,11,6
MPV-GEN-T7-N90-R09,laff,0,item-020,0,0,36,33,28,35
MPV-GEN-T7-N90-R09,laff,0,item-046,0,28,36,26,31,33
MPV-GEN-T7-N90-R09,laff,0,item-025,0,59,36,18,34,34
MPV-GEN-T7-N90-R09,laff,0,item-078,18,59,36,34,20,27
MPV-GEN-T7-N90-R09,laff,0,item-084,26,28,36,20,29,29
MPV-GEN-T7-N90-R09,laff,0,item-074,18,79,36,31,13,35
MPV-GEN-T7-N90-R09,laff,0,item-003,33,0,36,33,15,27
MPV-GEN-T7-N90-R09,laff,0,item-024,46,15,36,27,19,25
MPV-GEN-T7-N90-R09,laff,0,item-052,52,34,36,12,34,26
MPV-GEN-T7-N90-R09,laff,0,item-080,49,79,36,23,19,23
MPV-GEN-T7-N90-R09,laff,0,item-000,64,34,36,18,21,26
MPV-GEN-T7-N90-R09,laff,0,item-005,64,55,36,30,21,15
MPV-GEN-T7-N90-R09,laff,0,item-032,73,0,36,10,33,28
MPV-GEN-T7-N90-R09,laff,0,item-067,72,76,36,13,22,32
MPV-GEN-T7-N90-R09,laff,0,item-041,82,33,51,16,34,16
MPV-GEN-T7-N90-R09,laff,0,item-016,83,0,36,13,23,28
MPV-GEN-T7-N90-R09,laff,0,item-010,85,67,51,12,30,20
MPV-GEN-T7-N90-R09,laff,0,item-050,83,23,36,17,25,15
MPV-GEN-T7-N90-R09,laff,0,item-013,0,93,36,33,7,26
MPV-GEN-T7-N90-R09,laff,0,item-064,52,68,59,20,26,11
MPV-GEN-T7-N90-R09,laff,0,item-036,33,15,61,31,10,10
MPV-GEN-T7-N90-R09,laff,0,item-044,33,92,36,11,6,34
MPV-GEN-T7-N90-R09,laff,0,item-066,46,34,36,3,17,28
MPV-GEN-T7-N90-R09,laff,0,item-042,72,55,51,5,19,12
MPV-GEN-T7-N90-R09,laff,0,item-049,77,55,51,4,16,15
MPV-GEN-T7-N90-R09,laff,0,item-019,49,34,36,2,15,29
MPV-GEN-T7-N90-R09,laff,0,item-053,33,15,36,6,5,25
MPV-GEN-T7-N90-R09,laff,0,item-017,26,57,36,6,2,32
MPV-GEN-T7-N90-R09,laff,0,item-006,18,92,36,8,1,24
MPV-GEN-T7-N90-R09,laff,0,item-026,0,0,71,20,30,15
MPV-GEN-T7-N90-R09,laff,0,item-007,0,30,71,27,21,12
MPV-GEN-T7-N90-R09,laff,0,item-029,0,51,71,29,14,15
MPV-GEN-T7-N90-R09,laff,0,item-002,0,65,71,22,26,10
MPV-GEN-T7-N90-R09,laff,0,item-073,20,0,71,32,12,13
MPV-GEN-T7-N90-R09,laff,0,item-037,20,12,71,22,11,14
MPV-GEN-T7-N90-R09,laff,0,item-068,22,65,71,23,10,12
MPV-GEN-T7-N90-R09,laff,0,item-022,0,91,71,32,4,11
MPV-GEN-T7-N90-R09,laff,1,item-056,0,0,0,35,14,17
MPV-GEN-T7-N90-R09,laff,1,item-079,0,14,0,12,16,16
MPV-GEN-T7-N90-R09,laff,1,item-047,0,30,0,12,14,16
MPV-GEN-T7-N90-R09,laff,1,item-001,0,0,17,11,28,24
MPV-GEN-T7-N90-R09,laff,1,item-018,0,28,17,25,9,24
MPV-GEN-T7-N90-R09,laff,1,item-086,0,37,17,6,31,22
MPV-GEN-T7-N90-R09,laff,1,item-030,0,0,41,8,34,28
MPV-GEN-T7-N90-R09,laff,2,item-061,0,0,0,10,20,32
MPV-GEN-T7-N90-R09,laff,2,item-083,0,0,32,19,8,33
MPV-GEN-T7-N90-R10,laff,0,item-005,0,0,0,35,33,9
MPV-GEN-T7-N90-R10,laff,0,item-037,0,33,0,23,19,6
MPV-GEN-T7-N90-R10,laff,0,item-087,0,52,0,24,11,9
MPV-GEN-T7-N90-R10,laff,0,item-076,0,63,0,32,27,2
MPV-GEN-T7-N90-R10,laff,0,item-061,0,63,2,18,27,3
MPV-GEN-T7-N90-R10,laff,0,item-035,0,63,5,15,19,4
MPV-GEN-T7-N90-R10,laff,0,item-020,23,33,0,7,19,8
MPV-GEN-T7-N90-R10,laff,0,item-042,18,63,2,17,6,7
MPV-GEN-T7-N90-R10,laff,0,item-007,0,33,6,16,13,3
MPV-GEN-T7-N90-R10,laff,0,item-019,32,33,0,17,35,1
MPV-GEN-T7-N90-R10,laff,0,item-055,0,82,5,25,6,3
MPV-GEN-T7-N90-R10,laff,0,item-025,18,69,2,7,31,2
MPV-GEN-T7-N90-R10,laff,0,item-023,15,69,8,11,31,1
MPV-GEN-T7-N90-R10,laff,0,item-011,25,69,2,3,26,4
MPV-GEN-T7-N90-R10,laff,0,item-040,16,33,6,5,16,3
MPV-GEN-T7-N90-R10,laff,0,item-028,26,69,6,3,26,3
MPV-GEN-T7-N90-R10,laff,0,item-073,0,88,5,6,7,4
MPV-GEN-T7-N90-R10,laff,0,item-054,24,52,2,18,1,7
MPV-GEN-T7-N90-R10,laff,0,item-063,6,88,6,6,7,2
MPV-GEN-T7-N90-R10,laff,0,item-024,28,69,2,1,23,3
MPV-GEN-T7-N90-R10,laff,0,item-069,18,69,4,1,13,4
MPV-GEN-T7-N90-R10,laff,0,item-078,0,0,9,34,33,10
MPV-GEN-T7-N90-R10,laff,0,item-047,0,33,9,26,19,10
MPV-GEN-T7-N90-R10,laff,0,item-034,0,52,9,4,7,10
MPV-GEN-T7-N90-R10,laff,0,item-081,0,0,19,31,28,28
MPV-GEN-T7-N90-R10,laff,0,item-012,0,28,19,24,27,26
MPV-GEN-T7-N90-R10,laff,0,item-016,0,55,19,21,24,27
MPV-GEN-T7-N90-R10,laff,0,item-030,0,79,19,32,19,22
MPV-GEN-T7-N90-R10,laff,0,item-079,21,55,19,33,18,22
MPV-GEN-T7-N90-R10,laff,0,item-043,31,0,19,22,31,16
MPV-GEN-T7-N90-R10,laff,0,item-039,53,0,19,24,30,15
MPV-GEN-T7-N90-R10,laff,0,item-067,54,30,19,16,35,19
MPV-GEN-T7-N90-R10,laff,0,item-032,32,73,19,23,27,17
MPV-GEN-T7-N90-R10,laff,0,item-048,55,65,19,15,35,18
MPV-GEN-T7-N90-R10,laff,0,item-000,24,31,19,24,18,21
MPV-GEN-T7-N90-R10,laff,0,item-057,70,30,19,20,32,14
MPV-GEN-T7-N90-R10,laff,0,item-018,70,62,19,29,15,19
MPV-GEN-T7-N90-R10,laff,0,item-044,77,0,19,11,27,26
MPV-GEN-T7-N90-R10,laff,0,item-085,70,77,19,18,21,20
MPV-GEN-T7-N90-R10,laff,0,item-026,88,0,19,9,26,23
MPV-GEN-T7-N90-R10,laff,0,item-058,90,26,19,9,26,21
MPV-GEN-T7-N90-R10,laff,0,item-033,31,0,35,27,15,11
MPV-GEN-T7-N90-R10,laff,0,item-027,58,0,34,19,17,13
MPV-GEN-T7-N90-R10,laff,0,item-075,32,73,36,18,20,11
MPV-GEN-T7-N90-R10,laff,0,item-074,24,49,19,21,6,27
MPV-GEN-T7-N90-R10,laff,0,item-029,70,27,34,15,17,12
MPV-GEN-T7-N90-R10,laff,0,item-060,31,15,35,22,12,11
MPV-GEN-T7-N90-R10,laff,0,item-059,88,77,19,9,20,16
MPV-GEN-T7-N90-R10,laff,0,item-003,48,31,19,5,22,26
MPV-GEN-T7-N90-R10,laff,0,item-046,53,17,34,22,10,12
MPV-GEN-T7-N90-R10,laff,0,item-080,70,52,33,24,6,12
MPV-GEN-T7-N90-R10,laff,0,item-004,21,73,19,7,3,22
MPV-GEN-T7-N90-R10,laff,0,item-017,94,52,19,2,9,20
MPV-GEN-T7-N90-R10,laff,0,item-083,32,93,36,7,4,11
MPV-GEN-T7-N90-R10,laff,0,item-084,70,44,33,3,6,13
MPV-GEN-T7-N90-R10,laff,0,item-053,0,98,19,3,2,27
MPV-GEN-T7-N90-R10,laff,0,item-082,3,98,19,2,1,24
MPV-GEN-T7-N90-R10,laff,0,item-050,0,0,47,27,27,33
MPV-GEN-T7-N90-R10,laff,0,item-015,0,27,47,16,33,33
MPV-GEN-T7-N90-R10,laff,0,item-001,0,60,47,21,24,33
MPV-GEN-T7-N90-R10,laff,0,item-008,0,84,47,26,11,32
MPV-GEN-T7-N90-R10,laff,0,item-086,16,27,47,9,33,29
MPV-GEN-T7-N90-R10,laff,0,item-077,21,60,47,31,13,16
MPV-GEN-T7-N90-R10,laff,0,item-010,21,73,47,24,8,26
MPV-GEN-T7-N90-R10,laff,0,item-070,25,27,47,10,27,18
MPV-GEN-T7-N90-R10,laff,0,item-031,26,81,47,14,18,19
MPV-GEN-T7-N90-R10,laff,0,item-056,26,81,66,29,12,13
MPV-GEN-T7-N90-R10,laff,0,item-014,21,60,63,24,10,17
MPV-GEN-T7-N90-R10,laff,0,item-062,25,27,65,9,26,15
MPV-GEN-T7-N90-R10,laff,0,item-089,25,54,47,34,5,19
MPV-GEN-T7-N90-R10,laff,0,item-071,27,0,47,8,13,30
MPV-GEN-T7-N90-R10,laff,0,item-002,35,0,63,21,9,16
MPV-GEN-T7-N90-R10,laff,0,item-072,35,9,47,3,29,33
MPV-GEN-T7-N90-R10,laff,0,item-013,35,38,47,31,5,18
MPV-GEN-T7-N90-R10,laff,0,item-065,38,9,47,4,20,31
MPV-GEN-T7-N90-R10,laff,0,item-051,34,38,65,27,6,15
MPV-GEN-T7-N90-R10,laff,0,item-088,35,44,47,15,6,27
MPV-GEN-T7-N90-R10,laff,0,item-049,27,13,47,6,13,28
MPV-GEN-T7-N90-R10,laff,0,item-022,45,59,63,10,12,16
MPV-GEN-T7-N90-R10,laff,0,item-041,0,95,47,21,5,18
MPV-GEN-T7-N90-R10,laff,0,item-038,38,29,47,7,8,33
MPV-GEN-T7-N90-R10,laff,0,item-036,42,9,65,20,6,15
MPV-GEN-T7-N90-R10,laff,0,item-068,42,15,47,4,13,31
MPV-GEN-T7-N90-R10,laff,0,item-009,40,81,47,6,15,17
MPV-GEN-T7-N90-R10,laff,0,item-006,33,13,47,1,12,30
MPV-GEN-T7-N90-R10,laff,1,item-066,0,0,0,26,28,34
MPV-GEN-T7-N90-R10,laff,1,item-045,0,28,0,9,19,34
MPV-GEN-T7-N90-R10,laff,1,item-064,0,47,0,24,3,34
MPV-GEN-T7-N90-R10,laff,1,item-021,0,50,0,35,2,34
MPV-GEN-T7-N90-R10,laff,1,item-052,0,0,34,30,10,35
MPV-GEN-T8-N30-R01,laff,0,item-013,0,0,0,88,98,56
MPV-GEN-T8-N30-R01,laff,0,item-021,88,0,0,3,24,31
MPV-GEN-T8-N30-R01,laff,0,item-017,0,0,56,73,95,11
MPV-GEN-T8-N30-R01,laff,0,item-011,73,0,56,21,17,9
MPV-GEN-T8-N30-R01,laff,0,item-006,0,0,67,63,89,24
MPV-GEN-T8-N30-R01,laff,0,item-026,0,0,91,55,30,8
MPV-GEN-T8-N30-R01,laff,1,item-002,0,0,0,76,75,61
MPV-GEN-T8-N30-R01,laff,1,item-004,76,0,0,22,80,44
MPV-GEN-T8-N30-R01,laff,1,item-024,0,80,0,89,20,33
MPV-GEN-T8-N30-R01,laff,1,item-019,0,80,33,89,16,19
MPV-GEN-T8-N30-R01,laff,1,item-009,0,0,61,49,69,22
MPV-GEN-T8-N30-R01,laff,2,item-007,0,0,0,82,52,66
MPV-GEN-T8-N30-R01,laff,2,item-012,0,52,0,86,45,63
MPV-GEN-T8-N30-R01,laff,2,item-010,86,0,0,5,87,62
MPV-GEN-T8-N30-R01,laff,2,item-001,91,0,0,9,43,63
MPV-GEN-T8-N30-R01,laff,2,item-008,0,0,66,69,34,21
MPV-GEN-T8-N30-R01,laff,3,item-029,0,0,0,90,40,69
MPV-GEN-T8-N30-R01,laff,3,item-020,0,40,0,58,44,68
MPV-GEN-T8-N30-R01,laff,3,item-016,58,40,0,25,48,69
MPV-GEN-T8-N30-R01,laff,3,item-015,0,88,0,59,7,39
MPV-GEN-T8-N30-R01,laff,3,item-028,0,84,0,31,4,62
MPV-GEN-T8-N30-R01,laff,3,item-014,0,0,69,40,26,29
MPV-GEN-T8-N30-R01,laff,4,item-003,0,0,0,32,94,36
MPV-GEN-T8-N30-R01,laff,5,item-022,0,0,0,70,30,81
MPV-GEN-T8-N30-R01,laff,5,item-027,0,30,0,27,26,72
MPV-GEN-T8-N30-R01,laff,6,item-005,0,0,0,22,74,89
MPV-GEN-T8-N30-R01,laff,6,item-018,0,74,0,52,26,82
MPV-GEN-T8-N30-R01,laff,6,item-023,22,0,0,38,2,88
MPV-GEN-T8-N30-R01,laff,7,item-025,0,0,0,14,89,97
MPV-GEN-T8-N30-R01,laff,7,item-000,0,89,0,92,1,85
MPV-GEN-T8-N30-R02,laff,0,item-003,0,0,0,89,93,40
MPV-GEN-T8-N30-R02,laff,0,item-025,0,93,0,70,3,10
MPV-GEN-T8-N30-R02,laff,0,item-011,0,0,40,97,83,25
MPV-GEN-T8-N30-R02,laff,0,item-028,0,0,65,89,89,1
MPV-GEN-T8-N30-R02,laff,0,item-004,0,0,66,80,93,7
MPV-GEN-T8-N30-R02,laff,0,item-007,0,0,73,86,86,2
MPV-GEN-T8-N30-R02,laff,0,item-015,0,0,75,83,66,3
MPV-GEN-T8-N30-R02,laff,0,item-000,0,0,78,63,53,7
MPV-GEN-T8-N30-R02,laff,0,item-002,0,0,85,18,83,15
MPV-GEN-T8-N30-R02,laff,0,item-026,18,0,85,14,99,14
MPV-GEN-T8-N30-R02,laff,1,item-005,0,0,0,67,88,90
MPV-GEN-T8-N30-R02,laff,1,item-029,67,0,0,26,58,86
MPV-GEN-T8-N30-R02,laff,1,item-012,67,58,0,16,38,37
MPV-GEN-T8-N30-R02,laff,1,item-023,0,88,0,51,4,56
MPV-GEN-T8-N30-R02,laff,2,item-019,0,0,0,77,58,84
MPV-GEN-T8-N30-R02,laff,2,item-022,0,58,0,68,38,83
MPV-GEN-T8-N30-R02,laff,2,item-001,77,0,0,22,49,67
MPV-GEN-T8-N30-R02,laff,2,item-024,0,0,84,63,24,16
MPV-GEN-T8-N30-R02,laff,3,item-006,0,0,0,81,50,23
MPV-GEN-T8-N30-R02,laff,3,item-008,0,0,23,43,82,43
MPV-GEN-T8-N30-R02,laff,3,item-020,43,0,23,57,40,39
MPV-GEN-T8-N30-R02,laff,3,item-013,43,40,23,49,36,41
MPV-GEN-T8-N30-R02,laff,3,item-009,0,0,66,41,44,34
MPV-GEN-T8-N30-R02,laff,4,item-014,0,0,0,51,50,51
MPV-GEN-T8-N30-R02,laff,4,item-027,0,50,0,75,13,49
MPV-GEN-T8-N30-R02,laff,5,item-016,0,0,0,68,24,63
MPV-GEN-T8-N30-R02,laff,6,item-021,0,0,0,83,19,95
MPV-GEN-T8-N30-R02,laff,6,item-010,0,19,0,32,43,76
MPV-GEN-T8-N30-R02,laff,6,item-017,32,19,0,14,57,79
MPV-GEN-T8-N30-R02,laff,7,item-018,0,0,0,43,27,97
MPV-GEN-T8-N30-R03,laff,0,item-003,0,0,0,97,91,45
MPV-GEN-T8-N30-R03,laff,0,item-000,0,91,0,81,6,30
MPV-GEN-T8-N30-R03,laff,0,item-005,0,97,0,63,3,38
MPV-GEN-T8-N30-R03,laff,0,item-012,0,0,45,99,78,12
MPV-GEN-T8-N30-R03,laff,0,item-011,0,0,57,74,98,42
MPV-GEN-T8-N30-R03,laff,0,item-002,74,0,57,13,40,22
MPV-GEN-T8-N30-R03,laff,1,item-022,0,0,0,67,95,34
MPV-GEN-T8-N30-R03,laff,1,item-025,67,0,0,27,66,22
MPV-GEN-T8-N30-R03,laff,1,item-018,67,0,22,33,27,11
MPV-GEN-T8-N30-R03,laff,1,item-007,0,0,34,91,69,39
MPV-GEN-T8-N30-R03,laff,1,item-026,0,69,34,72,19,21
MPV-GEN-T8-N30-R03,laff,1,item-006,0,88,34,100,10,21
MPV-GEN-T8-N30-R03,laff,1,item-021,0,0,73,64,61,12
MPV-GEN-T8-N30-R03,laff,2,item-009,0,0,0,86,66,99
MPV-GEN-T8-N30-R03,laff,2,item-024,0,66,0,90,29,98
MPV-GEN-T8-N30-R03,laff,2,item-023,86,0,0,11,55,73
MPV-GEN-T8-N30-R03,laff,2,item-015,90,55,0,8,24,68
MPV-GEN-T8-N30-R03,laff,2,item-017,98,0,0,2,72,48
MPV-GEN-T8-N30-R03,laff,2,item-016,0,95,0,58,1,58
MPV-GEN-T8-N30-R03,laff,3,item-008,0,0,0,66,79,66
MPV-GEN-T8-N30-R03,laff,3,item-029,66,0,0,11,25,50
MPV-GEN-T8-N30-R03,laff,3,item-004,0,0,66,39,57,17
MPV-GEN-T8-N30-R03,laff,4,item-001,0,0,0,86,56,72
MPV-GEN-T8-N30-R03,laff,4,item-020,0,56,0,55,37,61
MPV-GEN-T8-N30-R03,laff,5,item-013,0,0,0,61,75,77
MPV-GEN-T8-N30-R03,laff,6,item-014,0,0,0,61,75,74
MPV-GEN-T8-N30-R03,laff,7,item-027,0,0,0,72,47,77
MPV-GEN-T8-N30-R03,laff,8,item-010,0,0,0,58,52,91
MPV-GEN-T8-N30-R03,laff,8,item-028,0,52,0,48,25,87
MPV-GEN-T8-N30-R03,laff,9,item-019,0,0,0,18,49,100
MPV-GEN-T8-N30-R04,laff,0,item-009,0,0,0,78,89,11
MPV-GEN-T8-N30-R04,laff,0,item-008,0,0,11,88,75,88
MPV-GEN-T8-N30-R04,laff,0,item-004,0,75,11,49,22,80
MPV-GEN-T8-N30-R04,laff,0,item-011,49,75,11,50,12,58
MPV-GEN-T8-N30-R04,laff,0,item-007,0,97,11,95,3,75
MPV-GEN-T8-N30-R04,laff,0,item-005,88,0,11,8,65,39
MPV-GEN-T8-N30-R04,laff,0,item-028,88,0,69,6,62,26
MPV-GEN-T8-N30-R04,laff,0,item-020,94,0,50,6,33,32
MPV-GEN-T8-N30-R04,laff,0,item-013,49,75,69,22,13,14
MPV-GEN-T8-N30-R04,laff,1,item-001,0,0,0,99,62,28
MPV-GEN-T8-N30-R04,laff,1,item-017,0,62,0,43,34,16
MPV-GEN-T8-N30-R04,laff,1,item-018,43,62,0,24,28,26
MPV-GEN-T8-N30-R04,laff,1,item-021,0,96,0,92,4,28
MPV-GEN-T8-N30-R04,laff,1,item-010,0,0,28,85,60,5
MPV-GEN-T8-N30-R04,laff,1,item-003,0,0,33,54,90,49
MPV-GEN-T8-N30-R04,laff,1,item-015,54,0,33,32,31,32
MPV-GEN-T8-N30-R04,laff,1,item-025,54,31,33,31,28,35
MPV-GEN-T8-N30-R04,laff,1,item-022,0,90,33,65,3,36
MPV-GEN-T8-N30-R04,laff,2,item-023,0,0,0,72,57,41
MPV-GEN-T8-N30-R04,laff,2,item-024,0,57,0,64,33,29
MPV-GEN-T8-N30-R04,laff,2,item-014,0,0,41,72,51,48
MPV-GEN-T8-N30-R04,laff,2,item-002,0,51,41,55,48,28
MPV-GEN-T8-N30-R04,laff,3,item-029,0,0,0,95,43,67
MPV-GEN-T8-N30-R04,laff,3,item-019,0,43,0,58,39,65
MPV-GEN-T8-N30-R04,laff,3,item-000,0,82,0,52,6,52
MPV-GEN-T8-N30-R04,laff,4,item-026,0,0,0,31,88,79
MPV-GEN-T8-N30-R04,laff,4,item-027,31,0,0,68,34,54
MPV-GEN-T8-N30-R04,laff,4,item-006,31,34,0,18,23,72
MPV-GEN-T8-N30-R04,laff,5,item-012,0,0,0,29,71,86
MPV-GEN-T8-N30-R04,laff,6,item-016,0,0,0,1,77,100
MPV-GEN-T8-N30-R05,laff,0,item-007,0,0,0,100,86,12
MPV-GEN-T8-N30-R05,laff,0,item-017,0,0,12,83,97,33
MPV-GEN-T8-N30-R05,laff,0,item-025,0,0,45,88,91,47
MPV-GEN-T8-N30-R05,laff,0,item-003,0,0,92,62,88,6
MPV-GEN-T8-N30-R05,laff,1,item-014,0,0,0,82,76,71
MPV-GEN-T8-N30-R05,laff,1,item-029,0,76,0,80,10,31
MPV-GEN-T8-N30-R05,laff,1,item-008,0,76,31,63,24,11
MPV-GEN-T8-N30-R05,laff,1,item-018,82,0,0,14,28,40
MPV-GEN-T8-N30-R05,laff,1,item-023,63,86,0,32,8,58
MPV-GEN-T8-N30-R05,laff,1,item-020,82,28,0,4,30,54
MPV-GEN-T8-N30-R05,laff,1,item-010,0,0,71,59,69,20
MPV-GEN-T8-N30-R05,laff,2,item-015,0,0,0,57,89,97
MPV-GEN-T8-N30-R05,laff,2,item-006,57,0,0,37,83,70
MPV-GEN-T8-N30-R05,laff,2,item-026,0,89,0,89,8,86
MPV-GEN-T8-N30-R05,laff,2,item-000,57,0,70,22,59,23
MPV-GEN-T8-N30-R05,laff,2,item-011,57,59,70,27,27,23
MPV-GEN-T8-N30-R05,laff,2,item-016,0,97,0,43,2,95
MPV-GEN-T8-N30-R05,laff,3,item-027,0,0,0,65,68,30
MPV-GEN-T8-N30-R05,laff,3,item-001,0,0,30,63,69,33
MPV-GEN-T8-N30-R05,laff,3,item-024,0,0,63,91,38,11
MPV-GEN-T8-N30-R05,laff,3,item-028,0,0,74,65,46,12
MPV-GEN-T8-N30-R05,laff,4,item-005,0,0,0,52,80,39
MPV-GEN-T8-N30-R05,laff,4,item-012,0,0,39,60,63,61
MPV-GEN-T8-N30-R05,laff,5,item-019,0,0,0,47,82,81
MPV-GEN-T8-N30-R05,laff,5,item-002,47,0,0,50,57,35
MPV-GEN-T8-N30-R05,laff,5,item-009,0,82,0,23,11,76
MPV-GEN-T8-N30-R05,laff,6,item-013,0,0,0,34,100,98
MPV-GEN-T8-N30-R05,laff,6,item-022,34,0,0,64,12,87
MPV-GEN-T8-N30-R05,laff,6,item-004,34,12,0,8,86,90
MPV-GEN-T8-N30-R05,laff,7,item-021,0,0,0,73,46,93
MPV-GEN-T8-N30-R06,laff,0,item-014,0,0,0,93,100,93
MPV-GEN-T8-N30-R06,laff,0,item-018,93,0,0,5,29,55
MPV-GEN-T8-N30-R06,laff,0,item-007,93,29,0,4,20,48
MPV-GEN-T8-N30-R06,laff,0,item-020,93,0,55,3,26,25
MPV-GEN-T8-N30-R06,laff,0,item-021,93,0,80,1,89,9
MPV-GEN-T8-N30-R06,laff,0,item-027,0,0,93,61,55,7
MPV-GEN-T8-N30-R06,laff,0,item-017,61,0,93,24,59,1
MPV-GEN-T8-N30-R06,laff,1,item-019,0,0,0,87,72,98
MPV-GEN-T8-N30-R06,laff,1,item-010,0,72,0,86,25,86
MPV-GEN-T8-N30-R06,laff,2,item-003,0,0,0,71,87,10
MPV-GEN-T8-N30-R06,laff,2,item-001,0,0,10,76,75,37
MPV-GEN-T8-N30-R06,laff,2,item-008,0,75,10,85,20,33
MPV-GEN-T8-N30-R06,laff,2,item-012,0,95,10,90,4,35
MPV-GEN-T8-N30-R06,laff,2,item-013,0,0,47,95,38,35
MPV-GEN-T8-N30-R06,laff,2,item-023,0,38,47,45,10,26
MPV-GEN-T8-N30-R06,laff,3,item-005,0,0,0,49,94,88
MPV-GEN-T8-N30-R06,laff,3,item-011,49,0,0,51,41,39
MPV-GEN-T8-N30-R06,laff,3,item-004,49,41,0,18,51,53
MPV-GEN-T8-N30-R06,laff,3,item-009,49,0,39,15,34,40
MPV-GEN-T8-N30-R06,laff,3,item-025,0,94,0,44,5,60
MPV-GEN-T8-N30-R06,laff,4,item-015,0,0,0,81,48,61
MPV-GEN-T8-N30-R06,laff,4,item-002,0,48,0,92,13,41
MPV-GEN-T8-N30-R06,laff,4,item-000,0,61,0,93,11,45
MPV-GEN-T8-N30-R06,laff,4,item-022,0,72,0,62,20,37
MPV-GEN-T8-N30-R06,laff,5,item-024,0,0,0,65,42,94
MPV-GEN-T8-N30-R06,laff,5,item-016,65,0,0,34,78,89
MPV-GEN-T8-N30-R06,laff,5,item-006,0,42,0,55,44,69
MPV-GEN-T8-N30-R06,laff,6,item-028,0,0,0,23,83,99
MPV-GEN-T8-N30-R06,laff,6,item-029,23,0,0,64,28,96
MPV-GEN-T8-N30-R06,laff,6,item-026,23,28,0,48,29,92
MPV-GEN-T8-N30-R07,laff,0,item-028,0,0,0,82,67,37
MPV-GEN-T8-N30-R07,laff,0,item-021,0,67,0,82,31,26
MPV-GEN-T8-N30-R07,laff,0,item-013,82,0,0,7,77,19
MPV-GEN-T8-N30-R07,laff,0,item-015,89,0,0,6,54,26
MPV-GEN-T8-N30-R07,laff,0,item-029,82,0,19,1,95,12
MPV-GEN-T8-N30-R07,laff,0,item-007,82,95,0,9,3,37
MPV-GEN-T8-N30-R07,laff,0,item-010,82,0,31,12,34,1
MPV-GEN-T8-N30-R07,laff,0,item-027,0,0,37,58,89,35
MPV-GEN-T8-N30-R07,laff,0,item-012,58,0,37,21,96,10
MPV-GEN-T8-N30-R07,laff,0,item-003,58,0,47,27,33,15
MPV-GEN-T8-N30-R07,laff,1,item-022,0,0,0,61,77,40
MPV-GEN-T8-N30-R07,laff,1,item-008,0,0,40,60,69,56
MPV-GEN-T8-N30-R07,laff,1,item-001,60,0,40,40,82,42
MPV-GEN-T8-N30-R07,laff,1,item-020,0,69,40,1,23,47
MPV-GEN-T8-N30-R07,laff,2,item-024,0,0,0,92,47,76
MPV-GEN-T8-N30-R07,laff,2,item-002,0,47,0,87,22,48
MPV-GEN-T8-N30-R07,laff,2,item-018,0,69,0,43,29,69
MPV-GEN-T8-N30-R07,laff,2,item-026,92,0,0,6,97,51
MPV-GEN-T8-N30-R07,laff,2,item-006,43,69,0,26,4,67
MPV-GEN-T8-N30-R07,laff,2,item-014,43,73,0,3,25,68
MPV-GEN-T8-N30-R07,laff,2,item-025,98,0,0,1,68,72
MPV-GEN-T8-N30-R07,laff,3,item-016,0,0,0,76,55,84
MPV-GEN-T8-N30-R07,laff,3,item-004,0,55,0,77,15,63
MPV-GEN-T8-N30-R07,laff,3,item-017,77,0,0,12,74,70
MPV-GEN-T8-N30-R07,laff,3,item-000,0,70,0,63,12,68
MPV-GEN-T8-N30-R07,laff,3,item-023,89,0,0,5,61,43
MPV-GEN-T8-N30-R07,laff,4,item-009,0,0,0,60,56,53
MPV-GEN-T8-N30-R07,laff,5,item-019,0,0,0,28,63,62
MPV-GEN-T8-N30-R07,laff,5,item-011,28,0,0,28,56,56
MPV-GEN-T8-N30-R07,laff,6,item-005,0,0,0,93,9,88
MPV-GEN-T8-N30-R08,laff,0,item-005,0,0,0,90,71,37
MPV-GEN-T8-N30-R08,laff,0,item-020,0,71,0,100,19,18
MPV-GEN-T8-N30-R08,laff,0,item-028,0,90,0,40,4,24
MPV-GEN-T8-N30-R08,laff,0,item-027,0,71,24,6,24,12
MPV-GEN-T8-N30-R08,laff,0,item-001,0,0,37,53,88,46
MPV-GEN-T8-N30-R08,laff,0,item-004,53,0,37,35,28,26
MPV-GEN-T8-N30-R08,laff,0,item-010,53,0,63,39,42,15
MPV-GEN-T8-N30-R08,laff,0,item-003,53,28,37,36,32,19
MPV-GEN-T8-N30-R08,laff,0,item-024,53,28,56,18,51,7
MPV-GEN-T8-N30-R08,laff,0,item-009,0,0,83,52,79,17
MPV-GEN-T8-N30-R08,laff,1,item-008,0,0,0,82,65,78
MPV-GEN-T8-N30-R08,laff,1,item-029,0,65,0,85,13,77
MPV-GEN-T8-N30-R08,laff,1,item-026,0,78,0,65,18,57
MPV-GEN-T8-N30-R08,laff,1,item-007,82,0,0,13,37,73
MPV-GEN-T8-N30-R08,laff,1,item-011,95,0,0,4,70,72
MPV-GEN-T8-N30-R08,laff,2,item-022,0,0,0,59,85,90
MPV-GEN-T8-N30-R08,laff,2,item-000,59,0,0,34,64,90
MPV-GEN-T8-N30-R08,laff,2,item-018,59,64,0,34,30,84
MPV-GEN-T8-N30-R08,laff,2,item-015,0,85,0,30,13,90
MPV-GEN-T8-N30-R08,laff,2,item-019,30,85,0,16,5,79
MPV-GEN-T8-N30-R08,laff,3,item-023,0,0,0,66,63,59
MPV-GEN-T8-N30-R08,laff,3,item-002,66,0,0,29,78,54
MPV-GEN-T8-N30-R08,laff,3,item-017,0,63,0,53,36,38
MPV-GEN-T8-N30-R08,laff,4,item-006,0,0,0,44,65,66
MPV-GEN-T8-N30-R08,laff,4,item-013,0,65,0,68,15,56
MPV-GEN-T8-N30-R08,laff,5,item-012,0,0,0,51,37,84
MPV-GEN-T8-N30-R08,laff,5,item-016,0,37,0,19,31,78
MPV-GEN-T8-N30-R08,laff,6,item-025,0,0,0,57,30,85
MPV-GEN-T8-N30-R08,laff,7,item-021,0,0,0,10,74,90
MPV-GEN-T8-N30-R08,laff,7,item-014,10,0,0,14,49,90
MPV-GEN-T8-N30-R09,laff,0,item-017,0,0,0,93,99,55
MPV-GEN-T8-N30-R09,laff,0,item-008,93,0,0,5,62,1
MPV-GEN-T8-N30-R09,laff,0,item-028,0,0,55,99,40,10
MPV-GEN-T8-N30-R09,laff,0,item-007,0,40,55,70,20,10
MPV-GEN-T8-N30-R09,laff,0,item-021,0,60,55,91,16,7
MPV-GEN-T8-N30-R09,laff,0,item-003,0,0,65,92,30,24
MPV-GEN-T8-N30-R09,laff,0,item-014,0,30,65,72,26,13
MPV-GEN-T8-N30-R09,laff,0,item-001,0,0,89,17,95,3
MPV-GEN-T8-N30-R09,laff,1,item-011,0,0,0,81,85,89
MPV-GEN-T8-N30-R09,laff,1,item-023,0,85,0,78,14,28
MPV-GEN-T8-N30-R09,laff,1,item-010,81,0,0,13,51,30
MPV-GEN-T8-N30-R09,laff,1,item-016,78,85,0,9,8,73
MPV-GEN-T8-N30-R09,laff,1,item-000,81,51,0,4,17,61
MPV-GEN-T8-N30-R09,laff,1,item-009,0,99,0,45,1,82
MPV-GEN-T8-N30-R09,laff,1,item-027,81,68,0,3,10,88
MPV-GEN-T8-N30-R09,laff,2,item-029,0,0,0,70,80,93
MPV-GEN-T8-N30-R09,laff,2,item-020,0,80,0,98,16,88
MPV-GEN-T8-N30-R09,laff,3,item-019,0,0,0,57,96,95
MPV-GEN-T8-N30-R09,laff,3,item-002,57,0,0,24,87,61
MPV-GEN-T8-N30-R09,laff,4,item-022,0,0,0,58,94,93
MPV-GEN-T8-N30-R09,laff,4,item-026,58,0,0,23,86,64
MPV-GEN-T8-N30-R09,laff,5,item-024,0,0,0,93,56,89
MPV-GEN-T8-N30-R09,laff,5,item-012,0,56,0,82,29,59
MPV-GEN-T8-N30-R09,laff,6,item-013,0,0,0,80,54,92
MPV-GEN-T8-N30-R09,laff,6,item-006,0,54,0,63,25,64
MPV-GEN-T8-N30-R09,laff,7,item-004,0,0,0,46,92,88
MPV-GEN-T8-N30-R09,laff,7,item-005,46,0,0,34,86,37
MPV-GEN-T8-N30-R09,laff,8,item-015,0,0,0,55,71,55
MPV-GEN-T8-N30-R09,laff,9,item-025,0,0,0,62,45,97
MPV-GEN-T8-N30-R09,laff,10,item-018,0,0,0,24,78,98
MPV-GEN-T8-N30-R10,laff,0,item-005,0,0,0,79,100,38
MPV-GEN-T8-N30-R10,laff,0,item-021,79,0,0,19,59,23
MPV-GEN-T8-N30-R10,laff,0,item-018,79,0,23,15,79,13
MPV-GEN-T8-N30-R10,laff,0,item-025,79,59,0,18,7,10
MPV-GEN-T8-N30-R10,laff,0,item-006,0,0,38,81,86,15
MPV-GEN-T8-N30-R10,laff,0,item-020,0,86,38,97,12,11
MPV-GEN-T8-N30-R10,laff,0,item-001,0,98,38,30,1,7
MPV-GEN-T8-N30-R10,laff,0,item-002,0,0,53,66,95,15
MPV-GEN-T8-N30-R10,laff,0,item-015,0,0,68,79,78,19
MPV-GEN-T8-N30-R10,laff,0,item-011,0,0,87,57,99,5
MPV-GEN-T8-N30-R10,laff,1,item-029,0,0,0,54,98,58
MPV-GEN-T8-N30-R10,laff,1,item-010,54,0,0,40,59,44
MPV-GEN-T8-N30-R10,laff,1,item-023,54,59,0,39,16,44
MPV-GEN-T8-N30-R10,laff,1,item-007,0,98,0,74,2,46
MPV-GEN-T8-N30-R10,laff,1,item-017,0,0,58,82,61,23
MPV-GEN-T8-N30-R10,laff,1,item-008,0,61,58,79,10,23
MPV-GEN-T8-N30-R10,laff,1,item-026,0,71,58,82,7,22
MPV-GEN-T8-N30-R10,laff,2,item-027,0,0,0,99,45,65
MPV-GEN-T8-N30-R10,laff,2,item-019,0,45,0,97,38,60
MPV-GEN-T8-N30-R10,laff,2,item-022,0,83,0,56,2,43
MPV-GEN-T8-N30-R10,laff,3,item-014,0,0,0,83,50,87
MPV-GEN-T8-N30-R10,laff,3,item-016,0,50,0,52,32,67
MPV-GEN-T8-N30-R10,laff,3,item-000,0,82,0,75,17,83
MPV-GEN-T8-N30-R10,laff,3,item-012,52,50,0,12,22,81
MPV-GEN-T8-N30-R10,laff,3,item-003,64,50,0,1,29,80
MPV-GEN-T8-N30-R10,laff,4,item-013,0,0,0,41,92,77
MPV-GEN-T8-N30-R10,laff,4,item-024,41,0,0,19,60,72
MPV-GEN-T8-N30-R10,laff,4,item-028,41,60,0,57,25,49
MPV-GEN-T8-N30-R10,laff,5,item-009,0,0,0,89,24,94
MPV-GEN-T8-N30-R10,laff,6,item-004,0,0,0,4,57,99
MPV-GEN-T8-N60-R01,laff,0,item-013,0,0,0,83,97,27
MPV-GEN-T8-N60-R01,laff,0,item-001,83,0,0,12,86,10
MPV-GEN-T8-N60-R01,laff,0,item-049,0,0,27,91,83,52
MPV-GEN-T8-N60-R01,laff,0,item-006,0,83,27,74,8,39
MPV-GEN-T8-N60-R01,laff,0,item-004,0,91,27,1,3,43
MPV-GEN-T8-N60-R01,laff,0,item-022,0,0,79,73,69,20
MPV-GEN-T8-N60-R01,laff,0,item-053,0,0,99,73,33,1
MPV-GEN-T8-N60-R01,laff,1,item-035,0,0,0,93,80,79
MPV-GEN-T8-N60-R01,laff,1,item-050,0,80,0,72,12,22
MPV-GEN-T8-N60-R01,laff,1,item-046,0,80,22,41,11,41
MPV-GEN-T8-N60-R01,laff,1,item-051,0,92,0,20,7,67
MPV-GEN-T8-N60-R01,laff,1,item-021,20,91,22,42,3,54
MPV-GEN-T8-N60-R01,laff,1,item-055,0,99,0,63,1,60
MPV-GEN-T8-N60-R01,laff,1,item-040,0,0,79,92,54,6
MPV-GEN-T8-N60-R01,laff,1,item-036,0,54,79,80,46,3
MPV-GEN-T8-N60-R01,laff,1,item-017,0,54,82,72,34,2
MPV-GEN-T8-N60-R01,laff,1,item-048,0,0,85,90,55,3
MPV-GEN-T8-N60-R01,laff,2,item-037,0,0,0,76,85,68
MPV-GEN-T8-N60-R01,laff,2,item-023,76,0,0,21,97,59
MPV-GEN-T8-N60-R01,laff,2,item-029,0,0,68,89,67,32
MPV-GEN-T8-N60-R01,laff,2,item-025,0,67,68,97,32,20
MPV-GEN-T8-N60-R01,laff,3,item-003,0,0,0,63,93,83
MPV-GEN-T8-N60-R01,laff,3,item-010,63,0,0,36,78,57
MPV-GEN-T8-N60-R01,laff,3,item-030,63,0,57,34,69,21
MPV-GEN-T8-N60-R01,laff,4,item-012,0,0,0,57,96,94
MPV-GEN-T8-N60-R01,laff,4,item-052,57,0,0,16,86,82
MPV-GEN-T8-N60-R01,laff,4,item-045,73,0,0,19,68,58
MPV-GEN-T8-N60-R01,laff,4,item-034,73,68,0,24,32,53
MPV-GEN-T8-N60-R01,laff,4,item-031,0,96,0,42,1,86
MPV-GEN-T8-N60-R01,laff,5,item-059,0,0,0,86,63,92
MPV-GEN-T8-N60-R01,laff,5,item-044,0,63,0,60,19,86
MPV-GEN-T8-N60-R01,laff,5,item-039,60,63,0,34,34,77
MPV-GEN-T8-N60-R01,laff,5,item-057,86,0,0,10,47,72
MPV-GEN-T8-N60-R01,laff,5,item-019,0,97,0,84,3,90
MPV-GEN-T8-N60-R01,laff,6,item-009,0,0,0,100,52,85
MPV-GEN-T8-N60-R01,laff,6,item-033,0,52,0,83,38,69
MPV-GEN-T8-N60-R01,laff,7,item-056,0,0,0,77,67,97
MPV-GEN-T8-N60-R01,laff,7,item-026,0,67,0,62,21,71
MPV-GEN-T8-N60-R01,laff,7,item-038,0,88,0,94,10,96
MPV-GEN-T8-N60-R01,laff,7,item-014,0,67,71,99,21,24
MPV-GEN-T8-N60-R01,laff,7,item-008,77,0,0,16,53,48
MPV-GEN-T8-N60-R01,laff,8,item-041,0,0,0,92,55,27
MPV-GEN-T8-N60-R01,laff,8,item-015,0,55,0,90,42,26
MPV-GEN-T8-N60-R01,laff,8,item-018,0,0,27,59,85,69
MPV-GEN-T8-N60-R01,laff,8,item-016,59,0,27,28,79,48
MPV-GEN-T8-N60-R01,laff,9,item-032,0,0,0,63,78,88
MPV-GEN-T8-N60-R01,laff,9,item-005,63,0,0,29,93,32
MPV-GEN-T8-N60-R01,laff,9,item-027,63,0,32,34,37,31
MPV-GEN-T8-N60-R01,laff,10,item-002,0,0,0,79,58,48
MPV-GEN-T8-N60-R01,laff,10,item-047,0,58,0,87,25,33
MPV-GEN-T8-N60-R01,laff,10,item-042,0,0,48,94,47,39
MPV-GEN-T8-N60-R01,laff,11,item-054,0,0,0,53,84,62
MPV-GEN-T8-N60-R01,laff,11,item-028,53,0,0,38,75,29
MPV-GEN-T8-N60-R01,laff,11,item-007,0,0,62,73,55,21
MPV-GEN-T8-N60-R01,laff,12,item-043,0,0,0,72,60,47
MPV-GEN-T8-N60-R01,laff,13,item-058,0,0,0,44,81,94
MPV-GEN-T8-N60-R01,laff,14,item-024,0,0,0,56,55,96
MPV-GEN-T8-N60-R01,laff,14,item-020,0,55,0,69,39,59
MPV-GEN-T8-N60-R01,laff,15,item-000,0,0,0,99,8,96
MPV-GEN-T8-N60-R01,laff,16,item-011,0,0,0,60,4,100
MPV-GEN-T8-N60-R02,laff,0,item-023,0,0,0,82,99,27
MPV-GEN-T8-N60-R02,laff,0,item-054,82,0,0,12,64,25
MPV-GEN-T8-N60-R02,laff,0,item-043,94,0,0,5,74,11
MPV-GEN-T8-N60-R02,laff,0,item-012,0,0,27,87,89,68
MPV-GEN-T8-N60-R02,laff,0,item-046,87,0,27,12,100,40
MPV-GEN-T8-N60-R02,laff,0,item-005,0,89,27,26,7,33
MPV-GEN-T8-N60-R02,laff,0,item-042,99,0,27,1,92,54
MPV-GEN-T8-N60-R02,laff,0,item-040,0,96,27,11,2,53
MPV-GEN-T8-N60-R02,laff,0,item-031,0,89,81,91,4,3
MPV-GEN-T8-N60-R02,laff,0,item-039,0,0,95,38,52,1
MPV-GEN-T8-N60-R02,laff,0,item-052,0,52,95,19,34,1
MPV-GEN-T8-N60-R02,laff,1,item-009,0,0,0,92,75,97
MPV-GEN-T8-N60-R02,laff,1,item-028,0,75,0,96,12,68
MPV-GEN-T8-N60-R02,laff,1,item-011,0,75,68,84,18,16
MPV-GEN-T8-N60-R02,laff,1,item-035,92,0,0,5,50,67
MPV-GEN-T8-N60-R02,laff,1,item-027,0,75,84,30,24,8
MPV-GEN-T8-N60-R02,laff,1,item-015,0,99,0,14,1,90
MPV-GEN-T8-N60-R02,laff,2,item-007,0,0,0,77,89,57
MPV-GEN-T8-N60-R02,laff,2,item-016,77,0,0,19,55,42
MPV-GEN-T8-N60-R02,laff,2,item-014,77,55,0,10,45,46
MPV-GEN-T8-N60-R02,laff,2,item-048,0,0,57,88,75,21
MPV-GEN-T8-N60-R02,laff,2,item-056,0,75,57,68,15,16
MPV-GEN-T8-N60-R02,laff,2,item-022,0,0,78,71,77,22
MPV-GEN-T8-N60-R02,laff,3,item-003,0,0,0,72,92,87
MPV-GEN-T8-N60-R02,laff,3,item-001,72,0,0,25,92,66
MPV-GEN-T8-N60-R02,laff,3,item-044,0,0,87,55,95,13
MPV-GEN-T8-N60-R02,laff,4,item-047,0,0,0,91,72,57
MPV-GEN-T8-N60-R02,laff,4,item-002,0,72,0,73,14,54
MPV-GEN-T8-N60-R02,laff,4,item-006,0,0,57,92,69,38
MPV-GEN-T8-N60-R02,laff,4,item-036,0,69,57,99,30,38
MPV-GEN-T8-N60-R02,laff,5,item-058,0,0,0,90,69,32
MPV-GEN-T8-N60-R02,laff,5,item-049,0,0,32,80,70,25
MPV-GEN-T8-N60-R02,laff,5,item-025,0,0,57,53,94,33
MPV-GEN-T8-N60-R02,laff,5,item-032,53,0,57,41,95,30
MPV-GEN-T8-N60-R02,laff,5,item-019,0,0,90,72,45,7
MPV-GEN-T8-N60-R02,laff,6,item-029,0,0,0,73,85,97
MPV-GEN-T8-N60-R02,laff,6,item-034,73,0,0,22,77,75
MPV-GEN-T8-N60-R02,laff,7,item-010,0,0,0,63,86,71
MPV-GEN-T8-N60-R02,laff,7,item-017,63,0,0,13,96,70
MPV-GEN-T8-N60-R02,laff,7,item-053,0,0,71,50,40,13
MPV-GEN-T8-N60-R02,laff,8,item-008,0,0,0,90,49,70
MPV-GEN-T8-N60-R02,laff,8,item-021,0,49,0,70,46,70
MPV-GEN-T8-N60-R02,laff,8,item-020,0,0,70,68,35,30
MPV-GEN-T8-N60-R02,laff,9,item-057,0,0,0,63,70,56
MPV-GEN-T8-N60-R02,laff,9,item-041,63,0,0,32,38,56
MPV-GEN-T8-N60-R02,laff,9,item-030,63,38,0,33,41,40
MPV-GEN-T8-N60-R02,laff,9,item-038,0,70,0,53,26,38
MPV-GEN-T8-N60-R02,laff,10,item-018,0,0,0,50,86,84
MPV-GEN-T8-N60-R02,laff,10,item-024,50,0,0,30,59,79
MPV-GEN-T8-N60-R02,laff,10,item-013,50,59,0,44,35,64
MPV-GEN-T8-N60-R02,laff,11,item-045,0,0,0,64,66,67
MPV-GEN-T8-N60-R02,laff,12,item-000,0,0,0,70,60,66
MPV-GEN-T8-N60-R02,laff,13,item-004,0,0,0,59,68,54
MPV-GEN-T8-N60-R02,laff,13,item-050,0,0,54,87,44,45
MPV-GEN-T8-N60-R02,laff,14,item-055,0,0,0,88,44,52
MPV-GEN-T8-N60-R02,laff,15,item-051,0,0,0,84,33,95
MPV-GEN-T8-N60-R02,laff,15,item-037,0,33,0,52,51,53
MPV-GEN-T8-N60-R02,laff,15,item-033,52,33,0,28,57,77
MPV-GEN-T8-N60-R02,laff,15,item-059,84,0,0,14,77,81
MPV-GEN-T8-N60-R02,laff,16,item-026,0,0,0,21,42,77
MPV-GEN-T8-N60-R03,laff,0,item-001,0,0,0,89,99,71
MPV-GEN-T8-N60-R03,laff,0,item-042,89,0,0,7,88,68
MPV-GEN-T8-N60-R03,laff,0,item-017,96,0,0,1,59,39
MPV-GEN-T8-N60-R03,laff,0,item-050,96,59,0,1,29,67
MPV-GEN-T8-N60-R03,laff,0,item-051,97,0,0,1,60,24
MPV-GEN-T8-N60-R03,laff,0,item-036,0,0,71,69,67,20
MPV-GEN-T8-N60-R03,laff,0,item-052,0,67,71,69,31,19
MPV-GEN-T8-N60-R03,laff,0,item-004,69,0,71,18,80,16
MPV-GEN-T8-N60-R03,laff,0,item-035,69,0,87,18,69,4
MPV-GEN-T8-N60-R03,laff,0,item-024,0,0,91,57,64,9
MPV-GEN-T8-N60-R03,laff,1,item-010,0,0,0,89,95,86
MPV-GEN-T8-N60-R03,laff,1,item-038,89,0,0,11,95,81
MPV-GEN-T8-N60-R03,laff,2,item-046,0,0,0,82,88,38
MPV-GEN-T8-N60-R03,laff,2,item-006,82,0,0,11,29,36
MPV-GEN-T8-N60-R03,laff,2,item-019,82,29,0,13,36,23
MPV-GEN-T8-N60-R03,laff,2,item-054,0,0,38,70,93,35
MPV-GEN-T8-N60-R03,laff,2,item-032,70,0,38,20,63,25
MPV-GEN-T8-N60-R03,laff,2,item-033,70,63,38,24,23,34
MPV-GEN-T8-N60-R03,laff,2,item-039,0,0,73,91,19,26
MPV-GEN-T8-N60-R03,laff,2,item-014,0,19,73,20,22,21
MPV-GEN-T8-N60-R03,laff,3,item-047,0,0,0,96,66,34
MPV-GEN-T8-N60-R03,laff,3,item-011,0,66,0,61,33,33
MPV-GEN-T8-N60-R03,laff,3,item-041,0,0,34,73,68,32
MPV-GEN-T8-N60-R03,laff,3,item-043,0,0,66,37,37,28
MPV-GEN-T8-N60-R03,laff,4,item-022,0,0,0,70,86,73
MPV-GEN-T8-N60-R03,laff,4,item-003,70,0,0,28,90,44
MPV-GEN-T8-N60-R03,laff,4,item-058,0,90,0,85,10,71
MPV-GEN-T8-N60-R03,laff,5,item-007,0,0,0,82,72,94
MPV-GEN-T8-N60-R03,laff,5,item-005,0,72,0,70,22,81
MPV-GEN-T8-N60-R03,laff,5,item-057,82,0,0,15,92,41
MPV-GEN-T8-N60-R03,laff,5,item-012,82,0,41,18,29,43
MPV-GEN-T8-N60-R03,laff,6,item-037,0,0,0,77,70,89
MPV-GEN-T8-N60-R03,laff,6,item-026,0,70,0,79,10,84
MPV-GEN-T8-N60-R03,laff,6,item-000,0,80,0,40,13,89
MPV-GEN-T8-N60-R03,laff,6,item-045,77,0,0,8,65,75
MPV-GEN-T8-N60-R03,laff,6,item-056,85,0,0,6,64,86
MPV-GEN-T8-N60-R03,laff,6,item-030,40,80,0,31,14,58
MPV-GEN-T8-N60-R03,laff,6,item-002,79,65,0,16,23,61
MPV-GEN-T8-N60-R03,laff,7,item-034,0,0,0,69,73,98
MPV-GEN-T8-N60-R03,laff,7,item-053,69,0,0,26,46,74
MPV-GEN-T8-N60-R03,laff,7,item-040,69,46,0,29,51,51
MPV-GEN-T8-N60-R03,laff,7,item-044,0,73,51,49,24,39
MPV-GEN-T8-N60-R03,laff,7,item-049,0,73,0,68,8,45
MPV-GEN-T8-N60-R03,laff,8,item-021,0,0,0,51,88,35
MPV-GEN-T8-N60-R03,laff,8,item-048,0,0,35,87,44,40
MPV-GEN-T8-N60-R03,laff,8,item-016,0,44,35,61,32,37
MPV-GEN-T8-N60-R03,laff,9,item-013,0,0,0,56,74,100
MPV-GEN-T8-N60-R03,laff,9,item-009,56,0,0,37,97,62
MPV-GEN-T8-N60-R03,laff,9,item-027,56,0,62,27,58,36
MPV-GEN-T8-N60-R03,laff,10,item-025,0,0,0,58,57,93
MPV-GEN-T8-N60-R03,laff,10,item-055,0,57,0,60,34,93
MPV-GEN-T8-N60-R03,laff,10,item-031,58,0,0,39,54,67
MPV-GEN-T8-N60-R03,laff,10,item-008,60,54,0,13,46,93
MPV-GEN-T8-N60-R03,laff,11,item-029,0,0,0,58,52,61
MPV-GEN-T8-N60-R03,laff,11,item-028,0,52,0,55,48,54
MPV-GEN-T8-N60-R03,laff,11,item-015,58,0,0,39,59,55
MPV-GEN-T8-N60-R03,laff,12,item-020,0,0,0,66,32,52
MPV-GEN-T8-N60-R03,laff,12,item-023,0,32,0,42,50,44
MPV-GEN-T8-N60-R03,laff,13,item-059,0,0,0,43,44,69
MPV-GEN-T8-N60-R03,laff,14,item-018,0,0,0,40,34,98
MPV-GEN-T8-N60-R04,laff,0,item-040,0,0,0,100,99,98
MPV-GEN-T8-N60-R04,laff,0,item-039,0,0,98,95,37,2
MPV-GEN-T8-N60-R04,laff,1,item-032,0,0,0,98,80,19
MPV-GEN-T8-N60-R04,laff,1,item-000,0,80,0,59,13,11
MPV-GEN-T8-N60-R04,laff,1,item-058,0,0,19,79,98,9
MPV-GEN-T8-N60-R04,laff,1,item-025,79,0,19,14,71,6
MPV-GEN-T8-N60-R04,laff,1,item-048,0,0,28,85,64,58
MPV-GEN-T8-N60-R04,laff,1,item-026,0,64,28,38,31,42
MPV-GEN-T8-N60-R04,laff,1,item-021,38,64,28,31,31,51
MPV-GEN-T8-N60-R04,laff,1,item-052,69,64,28,20,27,38
MPV-GEN-T8-N60-R04,laff,1,item-028,85,0,28,13,33,41
MPV-GEN-T8-N60-R04,laff,1,item-018,0,64,70,31,35,13
MPV-GEN-T8-N60-R04,laff,1,item-002,85,0,69,10,31,15
MPV-GEN-T8-N60-R04,laff,1,item-046,98,0,28,1,77,37
MPV-GEN-T8-N60-R04,laff,1,item-016,69,91,28,4,8,31
MPV-GEN-T8-N60-R04,laff,1,item-017,0,0,86,42,73,7
MPV-GEN-T8-N60-R04,laff,2,item-055,0,0,0,85,77,85
MPV-GEN-T8-N60-R04,laff,2,item-042,85,0,0,14,85,83
MPV-GEN-T8-N60-R04,laff,2,item-034,0,77,0,67,18,68
MPV-GEN-T8-N60-R04,laff,2,item-057,67,85,0,20,15,77
MPV-GEN-T8-N60-R04,laff,2,item-001,0,95,0,2,5,75
MPV-GEN-T8-N60-R04,laff,2,item-008,0,0,85,35,94,15
MPV-GEN-T8-N60-R04,laff,2,item-027,35,0,85,23,93,13
MPV-GEN-T8-N60-R04,laff,2,item-059,58,0,85,23,58,10
MPV-GEN-T8-N60-R04,laff,3,item-022,0,0,0,68,94,75
MPV-GEN-T8-N60-R04,laff,3,item-054,68,0,0,29,73,46
MPV-GEN-T8-N60-R04,laff,3,item-009,68,0,46,29,20,26
MPV-GEN-T8-N60-R04,laff,3,item-023,97,0,0,3,52,60
MPV-GEN-T8-N60-R04,laff,3,item-015,0,0,75,63,66,19
MPV-GEN-T8-N60-R04,laff,4,item-044,0,0,0,92,52,66
MPV-GEN-T8-N60-R04,laff,4,item-011,0,52,0,37,47,49
MPV-GEN-T8-N60-R04,laff,4,item-012,37,52,0,48,22,65
MPV-GEN-T8-N60-R04,laff,4,item-047,37,74,0,52,13,58
MPV-GEN-T8-N60-R04,laff,4,item-056,37,87,0,45,12,57
MPV-GEN-T8-N60-R04,laff,4,item-049,89,52,0,5,47,66
MPV-GEN-T8-N60-R04,laff,4,item-037,0,0,66,53,88,26
MPV-GEN-T8-N60-R04,laff,5,item-036,0,0,0,88,51,55
MPV-GEN-T8-N60-R04,laff,5,item-014,0,51,0,31,46,43
MPV-GEN-T8-N60-R04,laff,5,item-020,31,51,0,65,28,23
MPV-GEN-T8-N60-R04,laff,5,item-033,0,0,55,21,42,42
MPV-GEN-T8-N60-R04,laff,6,item-045,0,0,0,53,63,84
MPV-GEN-T8-N60-R04,laff,6,item-029,53,0,0,42,70,78
MPV-GEN-T8-N60-R04,laff,6,item-030,0,63,0,30,34,77
MPV-GEN-T8-N60-R04,laff,6,item-005,30,63,0,15,36,82
MPV-GEN-T8-N60-R04,laff,7,item-003,0,0,0,37,89,48
MPV-GEN-T8-N60-R04,laff,7,item-051,0,0,48,17,38,52
MPV-GEN-T8-N60-R04,laff,8,item-035,0,0,0,78,39,92
MPV-GEN-T8-N60-R04,laff,8,item-031,0,39,0,36,57,84
MPV-GEN-T8-N60-R04,laff,8,item-019,36,39,0,53,26,88
MPV-GEN-T8-N60-R04,laff,8,item-050,36,65,0,16,13,90
MPV-GEN-T8-N60-R04,laff,8,item-053,89,0,0,3,53,86
MPV-GEN-T8-N60-R04,laff,9,item-006,0,0,0,29,90,87
MPV-GEN-T8-N60-R04,laff,9,item-004,29,0,0,28,45,79
MPV-GEN-T8-N60-R04,laff,9,item-013,57,0,0,17,60,85
MPV-GEN-T8-N60-R04,laff,9,item-038,74,0,0,18,63,75
MPV-GEN-T8-N60-R04,laff,9,item-007,0,90,0,86,6,82
MPV-GEN-T8-N60-R04,laff,10,item-024,0,0,0,31,68,92
MPV-GEN-T8-N60-R04,laff,10,item-043,31,0,0,18,51,92
MPV-GEN-T8-N60-R04,laff,10,item-041,49,0,0,13,51,61
MPV-GEN-T8-N60-R04,laff,11,item-010,0,0,0,16,3,100
MPV-GEN-T8-N60-R05,laff,0,item-026,0,0,0,96,99,49
MPV-GEN-T8-N60-R05,laff,0,item-007,0,0,49,91,89,19
MPV-GEN-T8-N60-R05,laff,0,item-037,0,89,49,78,7,10
MPV-GEN-T8-N60-R05,laff,0,item-002,0,0,68,53,88,22
MPV-GEN-T8-N60-R05,laff,0,item-013,53,0,68,29,99,21
MPV-GEN-T8-N60-R05,laff,0,item-019,0,0,90,42,69,4
MPV-GEN-T8-N60-R05,laff,1,item-048,0,0,0,84,85,77
MPV-GEN-T8-N60-R05,laff,1,item-056,0,85,0,83,13,75
MPV-GEN-T8-N60-R05,laff,1,item-011,84,0,0,14,62,66
MPV-GEN-T8-N60-R05,laff,1,item-055,84,62,0,9,19,26
MPV-GEN-T8-N60-R05,laff,1,item-023,84,62,26,15,3,29
MPV-GEN-T8-N60-R05,laff,1,item-032,0,0,77,77,48,14
MPV-GEN-T8-N60-R05,laff,1,item-054,0,0,91,39,54,8
MPV-GEN-T8-N60-R05,laff,2,item-044,0,0,0,86,81,92
MPV-GEN-T8-N60-R05,laff,2,item-005,86,0,0,11,99,82
MPV-GEN-T8-N60-R05,laff,2,item-034,0,81,0,66,14,91
MPV-GEN-T8-N60-R05,laff,2,item-039,0,95,0,48,4,27
MPV-GEN-T8-N60-R05,laff,3,item-014,0,0,0,89,71,66
MPV-GEN-T8-N60-R05,laff,3,item-020,0,71,0,63,25,45
MPV-GEN-T8-N60-R05,laff,3,item-008,89,0,0,10,91,38
MPV-GEN-T8-N60-R05,laff,3,item-052,63,71,0,22,24,56
MPV-GEN-T8-N60-R05,laff,3,item-022,0,0,66,67,51,26
MPV-GEN-T8-N60-R05,laff,3,item-016,0,51,66,94,33,26
MPV-GEN-T8-N60-R05,laff,4,item-036,0,0,0,58,88,89
MPV-GEN-T8-N60-R05,laff,4,item-010,58,0,0,42,60,67
MPV-GEN-T8-N60-R05,laff,4,item-035,0,88,0,91,10,81
MPV-GEN-T8-N60-R05,laff,4,item-030,58,60,0,28,7,47
MPV-GEN-T8-N60-R05,laff,5,item-028,0,0,0,72,69,79
MPV-GEN-T8-N60-R05,laff,5,item-029,72,0,0,27,37,42
MPV-GEN-T8-N60-R05,laff,5,item-040,72,37,0,18,48,44
MPV-GEN-T8-N60-R05,laff,5,item-018,72,0,44,21,35,27
MPV-GEN-T8-N60-R05,laff,5,item-038,0,0,79,76,32,18
MPV-GEN-T8-N60-R05,laff,5,item-025,0,32,79,71,34,18
MPV-GEN-T8-N60-R05,laff,6,item-012,0,0,0,79,62,40
MPV-GEN-T8-N60-R05,laff,6,item-049,0,62,0,93,33,38
MPV-GEN-T8-N60-R05,laff,6,item-046,0,0,40,71,65,35
MPV-GEN-T8-N60-R05,laff,6,item-000,71,0,40,29,66,34
MPV-GEN-T8-N60-R05,laff,6,item-017,0,0,75,82,36,24
MPV-GEN-T8-N60-R05,laff,7,item-021,0,0,0,60,73,68
MPV-GEN-T8-N60-R05,laff,7,item-050,60,0,0,30,46,60
MPV-GEN-T8-N60-R05,laff,7,item-051,0,0,68,34,65,29
MPV-GEN-T8-N60-R05,laff,8,item-024,0,0,0,58,73,74
MPV-GEN-T8-N60-R05,laff,9,item-003,0,0,0,45,87,53
MPV-GEN-T8-N60-R05,laff,9,item-041,45,0,0,54,33,37
MPV-GEN-T8-N60-R05,laff,9,item-009,0,0,53,74,42,39
MPV-GEN-T8-N60-R05,laff,10,item-059,0,0,0,52,73,98
MPV-GEN-T8-N60-R05,laff,10,item-006,52,0,0,48,50,85
MPV-GEN-T8-N60-R05,laff,10,item-015,0,73,0,88,24,84
MPV-GEN-T8-N60-R05,laff,11,item-047,0,0,0,57,59,83
MPV-GEN-T8-N60-R05,laff,11,item-057,0,59,0,72,37,62
MPV-GEN-T8-N60-R05,laff,12,item-043,0,0,0,50,66,57
MPV-GEN-T8-N60-R05,laff,13,item-058,0,0,0,74,39,48
MPV-GEN-T8-N60-R05,laff,14,item-027,0,0,0,20,79,89
MPV-GEN-T8-N60-R05,laff,14,item-004,0,79,0,87,9,89
MPV-GEN-T8-N60-R05,laff,14,item-001,0,88,0,66,12,80
MPV-GEN-T8-N60-R05,laff,15,item-045,0,0,0,97,10,92
MPV-GEN-T8-N60-R05,laff,16,item-031,0,0,0,84,7,100
MPV-GEN-T8-N60-R05,laff,16,item-042,0,7,0,20,29,97
MPV-GEN-T8-N60-R05,laff,16,item-053,0,36,0,79,7,99
MPV-GEN-T8-N60-R05,laff,16,item-033,0,43,0,65,8,99
MPV-GEN-T8-N60-R06,laff,0,item-014,0,0,0,100,95,40
MPV-GEN-T8-N60-R06,laff,0,item-004,0,0,40,97,74,52
MPV-GEN-T8-N60-R06,laff,0,item-037,0,74,40,54,25,47
MPV-GEN-T8-N60-R06,laff,0,item-042,54,74,40,27,26,12
MPV-GEN-T8-N60-R06,laff,0,item-000,0,74,87,100,18,4
MPV-GEN-T8-N60-R06,laff,0,item-016,54,74,52,37,9,20
MPV-GEN-T8-N60-R06,laff,0,item-034,54,74,72,12,11,13
MPV-GEN-T8-N60-R06,laff,0,item-045,0,74,91,42,8,1
MPV-GEN-T8-N60-R06,laff,0,item-033,0,0,92,62,27,7
MPV-GEN-T8-N60-R06,laff,0,item-009,0,27,92,66,17,3
MPV-GEN-T8-N60-R06,laff,1,item-059,0,0,0,80,87,39
MPV-GEN-T8-N60-R06,laff,1,item-005,0,87,0,56,13,31
MPV-GEN-T8-N60-R06,laff,1,item-032,80,0,0,7,65,8
MPV-GEN-T8-N60-R06,laff,1,item-007,0,0,39,95,71,55
MPV-GEN-T8-N60-R06,laff,1,item-026,0,71,39,55,20,55
MPV-GEN-T8-N60-R06,laff,1,item-023,0,91,39,76,5,45
MPV-GEN-T8-N60-R06,laff,2,item-011,0,0,0,90,76,82
MPV-GEN-T8-N60-R06,laff,2,item-052,0,76,0,73,20,75
MPV-GEN-T8-N60-R06,laff,2,item-027,73,76,0,16,14,66
MPV-GEN-T8-N60-R06,laff,2,item-003,90,0,0,2,86,57
MPV-GEN-T8-N60-R06,laff,2,item-041,0,0,82,94,64,14
MPV-GEN-T8-N60-R06,laff,3,item-030,0,0,0,79,79,66
MPV-GEN-T8-N60-R06,laff,3,item-001,0,79,0,79,18,36
MPV-GEN-T8-N60-R06,laff,3,item-015,79,0,0,12,83,48
MPV-GEN-T8-N60-R06,laff,3,item-020,0,79,48,62,21,16
MPV-GEN-T8-N60-R06,laff,3,item-055,0,0,66,82,62,18
MPV-GEN-T8-N60-R06,laff,3,item-012,0,0,84,61,55,14
MPV-GEN-T8-N60-R06,laff,4,item-049,0,0,0,82,72,59
MPV-GEN-T8-N60-R06,laff,4,item-039,0,72,0,52,22,51
MPV-GEN-T8-N60-R06,laff,4,item-047,82,0,0,13,54,59
MPV-GEN-T8-N60-R06,laff,4,item-002,0,0,59,47,96,28
MPV-GEN-T8-N60-R06,laff,5,item-019,0,0,0,82,59,69
MPV-GEN-T8-N60-R06,laff,5,item-013,0,59,0,90,37,58
MPV-GEN-T8-N60-R06,laff,5,item-054,0,0,69,98,34,19
MPV-GEN-T8-N60-R06,laff,5,item-044,0,34,69,81,9,19
MPV-GEN-T8-N60-R06,laff,6,item-051,0,0,0,50,91,57
MPV-GEN-T8-N60-R06,laff,6,item-024,50,0,0,32,77,57
MPV-GEN-T8-N60-R06,laff,6,item-021,0,0,57,40,68,32
MPV-GEN-T8-N60-R06,laff,6,item-025,40,0,57,27,96,31
MPV-GEN-T8-N60-R06,laff,7,item-056,0,0,0,74,61,46
MPV-GEN-T8-N60-R06,laff,7,item-057,74,0,0,25,60,46
MPV-GEN-T8-N60-R06,laff,7,item-043,0,61,0,83,28,21
MPV-GEN-T8-N60-R06,laff,7,item-036,0,61,21,77,24,24
MPV-GEN-T8-N60-R06,laff,7,item-046,0,0,46,42,54,34
MPV-GEN-T8-N60-R06,laff,8,item-022,0,0,0,65,59,76
MPV-GEN-T8-N60-R06,laff,8,item-038,65,0,0,35,100,60
MPV-GEN-T8-N60-R06,laff,8,item-035,0,59,0,51,28,69
MPV-GEN-T8-N60-R06,laff,8,item-028,0,87,0,30,6,66
MPV-GEN-T8-N60-R06,laff,9,item-029,0,0,0,63,55,59
MPV-GEN-T8-N60-R06,laff,9,item-053,0,55,0,56,14,59
MPV-GEN-T8-N60-R06,laff,10,item-017,0,0,0,23,98,92
MPV-GEN-T8-N60-R06,laff,10,item-040,23,0,0,37,44,91
MPV-GEN-T8-N60-R06,laff,10,item-031,60,0,0,33,58,65
MPV-GEN-T8-N60-R06,laff,10,item-050,23,58,0,45,30,83
MPV-GEN-T8-N60-R06,laff,10,item-008,68,58,0,32,39,60
MPV-GEN-T8-N60-R06,laff,11,item-048,0,0,0,34,53,95
MPV-GEN-T8-N60-R06,laff,11,item-010,34,0,0,17,68,81
MPV-GEN-T8-N60-R06,laff,11,item-006,0,68,0,66,11,84
MPV-GEN-T8-N60-R06,laff,11,item-058,51,0,0,20,27,86
MPV-GEN-T8-N60-R06,laff,11,item-018,51,27,0,12,36,94
MPV-GEN-T8-N60-R07,laff,0,item-027,0,0,0,65,100,94
MPV-GEN-T8-N60-R07,laff,0,item-047,65,0,0,18,100,84
MPV-GEN-T8-N60-R07,laff,0,item-017,83,0,0,11,61,61
MPV-GEN-T8-N60-R07,laff,0,item-033,94,0,0,6,93,64
MPV-GEN-T8-N60-R07,laff,0,item-009,83,61,0,11,39,68
MPV-GEN-T8-N60-R07,laff,0,item-059,83,0,64,9,54,27
MPV-GEN-T8-N60-R07,laff,0,item-026,83,54,68,13,40,14
MPV-GEN-T8-N60-R07,laff,0,item-018,65,0,84,2,36,8
MPV-GEN-T8-N60-R07,laff,0,item-050,0,0,94,59,63,5
MPV-GEN-T8-N60-R07,laff,0,item-028,59,0,94,41,90,4
MPV-GEN-T8-N60-R07,laff,0,item-038,0,63,94,41,17,3
MPV-GEN-T8-N60-R07,laff,1,item-044,0,0,0,75,86,45
MPV-GEN-T8-N60-R07,laff,1,item-040,75,0,0,7,93,37
MPV-GEN-T8-N60-R07,laff,1,item-034,82,0,0,11,55,36
MPV-GEN-T8-N60-R07,laff,1,item-002,0,93,0,90,5,35
MPV-GEN-T8-N60-R07,laff,1,item-013,93,0,0,2,76,42
MPV-GEN-T8-N60-R07,laff,1,item-058,82,76,0,15,16,25
MPV-GEN-T8-N60-R07,laff,1,item-045,0,86,35,38,7,9
MPV-GEN-T8-N60-R07,laff,1,item-039,0,0,45,57,89,28
MPV-GEN-T8-N60-R07,laff,1,item-042,57,0,45,33,70,26
MPV-GEN-T8-N60-R07,laff,1,item-003,90,0,45,10,84,14
MPV-GEN-T8-N60-R07,laff,1,item-015,0,0,73,37,89,13
MPV-GEN-T8-N60-R07,laff,1,item-032,0,0,86,86,33,3
MPV-GEN-T8-N60-R07,laff,2,item-035,0,0,0,64,99,58
MPV-GEN-T8-N60-R07,laff,2,item-041,64,0,0,35,46,42
MPV-GEN-T8-N60-R07,laff,2,item-016,64,0,42,27,86,15
MPV-GEN-T8-N60-R07,laff,2,item-025,64,86,0,32,11,43
MPV-GEN-T8-N60-R07,laff,2,item-054,0,0,58,56,63,29
MPV-GEN-T8-N60-R07,laff,2,item-000,0,63,58,70,19,27
MPV-GEN-T8-N60-R07,laff,2,item-023,56,0,58,36,56,14
MPV-GEN-T8-N60-R07,laff,3,item-006,0,0,0,85,71,82
MPV-GEN-T8-N60-R07,laff,3,item-049,0,71,0,70,10,79
MPV-GEN-T8-N60-R07,laff,3,item-020,0,81,0,60,18,38
MPV-GEN-T8-N60-R07,laff,3,item-055,85,0,0,6,52,59
MPV-GEN-T8-N60-R07,laff,3,item-014,70,71,0,10,20,63
MPV-GEN-T8-N60-R07,laff,3,item-056,80,71,0,12,10,64
MPV-GEN-T8-N60-R07,laff,3,item-048,0,0,82,33,74,14
MPV-GEN-T8-N60-R07,laff,4,item-052,0,0,0,75,69,93
MPV-GEN-T8-N60-R07,laff,4,item-057,0,69,0,77,30,83
MPV-GEN-T8-N60-R07,laff,4,item-019,75,0,0,23,50,85
MPV-GEN-T8-N60-R07,laff,5,item-031,0,0,0,81,60,81
MPV-GEN-T8-N60-R07,laff,5,item-004,0,60,0,56,38,62
MPV-GEN-T8-N60-R07,laff,5,item-053,56,60,0,32,20,72
MPV-GEN-T8-N60-R07,laff,6,item-051,0,0,0,67,70,86
MPV-GEN-T8-N60-R07,laff,6,item-005,0,70,0,52,28,31
MPV-GEN-T8-N60-R07,laff,6,item-001,0,70,31,43,25,41
MPV-GEN-T8-N60-R07,laff,6,item-036,52,70,0,47,9,58
MPV-GEN-T8-N60-R07,laff,6,item-029,43,70,58,48,22,23
MPV-GEN-T8-N60-R07,laff,7,item-022,0,0,0,64,68,79
MPV-GEN-T8-N60-R07,laff,7,item-021,0,68,0,69,10,49
MPV-GEN-T8-N60-R07,laff,8,item-012,0,0,0,92,47,89
MPV-GEN-T8-N60-R07,laff,8,item-030,0,47,0,77,52,84
MPV-GEN-T8-N60-R07,laff,9,item-037,0,0,0,79,44,83
MPV-GEN-T8-N60-R07,laff,9,item-008,0,44,0,55,36,83
MPV-GEN-T8-N60-R07,laff,10,item-010,0,0,0,43,77,96
MPV-GEN-T8-N60-R07,laff,10,item-007,0,77,0,100,6,92
MPV-GEN-T8-N60-R07,laff,11,item-011,0,0,0,67,43,99
MPV-GEN-T8-N60-R07,laff,11,item-024,0,43,0,59,30,87
MPV-GEN-T8-N60-R07,laff,12,item-043,0,0,0,63,43,38
MPV-GEN-T8-N60-R07,laff,12,item-046,0,43,0,60,42,32
MPV-GEN-T8-N60-R08,laff,0,item-038,0,0,0,100,85,45
MPV-GEN-T8-N60-R08,laff,0,item-056,0,85,0,51,10,35
MPV-GEN-T8-N60-R08,laff,0,item-045,0,95,0,83,5,18
MPV-GEN-T8-N60-R08,laff,0,item-020,0,85,35,59,14,9
MPV-GEN-T8-N60-R08,laff,0,item-033,59,85,18,3,12,20
MPV-GEN-T8-N60-R08,laff,0,item-051,0,0,45,83,96,14
MPV-GEN-T8-N60-R08,laff,0,item-019,83,0,45,11,92,2
MPV-GEN-T8-N60-R08,laff,0,item-010,0,0,59,70,85,10
MPV-GEN-T8-N60-R08,laff,0,item-008,70,0,59,29,32,5
MPV-GEN-T8-N60-R08,laff,0,item-023,0,0,69,97,58,30
MPV-GEN-T8-N60-R08,laff,0,item-041,0,58,69,75,29,19
MPV-GEN-T8-N60-R08,laff,0,item-026,0,87,69,72,9,20
MPV-GEN-T8-N60-R08,laff,1,item-025,0,0,0,88,73,56
MPV-GEN-T8-N60-R08,laff,1,item-049,88,0,0,7,49,52
MPV-GEN-T8-N60-R08,laff,1,item-007,95,0,0,4,88,28
MPV-GEN-T8-N60-R08,laff,1,item-039,0,73,0,9,7,52
MPV-GEN-T8-N60-R08,laff,1,item-030,0,0,56,76,72,3
MPV-GEN-T8-N60-R08,laff,1,item-043,0,0,59,96,57,2
MPV-GEN-T8-N60-R08,laff,1,item-022,0,0,61,62,76,29
MPV-GEN-T8-N60-R08,laff,1,item-004,62,0,61,14,51,25
MPV-GEN-T8-N60-R08,laff,1,item-016,0,0,90,70,62,9
MPV-GEN-T8-N60-R08,laff,2,item-035,0,0,0,76,69,94
MPV-GEN-T8-N60-R08,laff,2,item-028,0,69,0,99,27,91
MPV-GEN-T8-N60-R08,laff,2,item-054,76,0,0,15,43,92
MPV-GEN-T8-N60-R08,laff,2,item-058,91,0,0,9,56,63
MPV-GEN-T8-N60-R08,laff,3,item-002,0,0,0,84,61,41
MPV-GEN-T8-N60-R08,laff,3,item-003,0,61,0,67,31,18
MPV-GEN-T8-N60-R08,laff,3,item-018,0,61,18,41,37,23
MPV-GEN-T8-N60-R08,laff,3,item-046,67,61,0,31,31,31
MPV-GEN-T8-N60-R08,laff,3,item-005,0,0,41,97,42,32
MPV-GEN-T8-N60-R08,laff,3,item-050,0,42,41,74,47,28
MPV-GEN-T8-N60-R08,laff,3,item-047,0,0,73,74,47,8
MPV-GEN-T8-N60-R08,laff,3,item-011,0,0,81,43,57,15
MPV-GEN-T8-N60-R08,laff,4,item-057,0,0,0,82,53,67
MPV-GEN-T8-N60-R08,laff,4,item-036,0,53,0,66,45,41
MPV-GEN-T8-N60-R08,laff,4,item-029,66,53,0,32,40,40
MPV-GEN-T8-N60-R08,laff,4,item-034,82,0,0,9,52,58
MPV-GEN-T8-N60-R08,laff,4,item-017,0,0,67,52,75,29
MPV-GEN-T8-N60-R08,laff,5,item-037,0,0,0,55,62,68
MPV-GEN-T8-N60-R08,laff,5,item-059,55,0,0,37,68,68
MPV-GEN-T8-N60-R08,laff,5,item-001,0,68,0,56,31,45
MPV-GEN-T8-N60-R08,laff,5,item-048,0,0,68,31,94,32
MPV-GEN-T8-N60-R08,laff,6,item-032,0,0,0,64,50,97
MPV-GEN-T8-N60-R08,laff,6,item-015,0,50,0,61,48,77
MPV-GEN-T8-N60-R08,laff,6,item-014,64,0,0,21,96,85
MPV-GEN-T8-N60-R08,laff,6,item-053,85,0,0,9,27,84
MPV-GEN-T8-N60-R08,laff,6,item-009,85,27,0,3,62,80
MPV-GEN-T8-N60-R08,laff,6,item-006,61,50,0,3,32,81
MPV-GEN-T8-N60-R08,laff,7,item-055,0,0,0,31,95,51
MPV-GEN-T8-N60-R08,laff,7,item-000,31,0,0,41,71,49
MPV-GEN-T8-N60-R08,laff,7,item-040,72,0,0,26,41,36
MPV-GEN-T8-N60-R08,laff,7,item-042,0,0,51,40,67,41
MPV-GEN-T8-N60-R08,laff,8,item-021,0,0,0,49,53,65
MPV-GEN-T8-N60-R08,laff,8,item-012,49,0,0,22,88,63
MPV-GEN-T8-N60-R08,laff,8,item-052,71,0,0,26,65,64
MPV-GEN-T8-N60-R08,laff,9,item-027,0,0,0,61,35,71
MPV-GEN-T8-N60-R08,laff,9,item-024,0,35,0,33,34,70
MPV-GEN-T8-N60-R08,laff,10,item-013,0,0,0,63,14,79
MPV-GEN-T8-N60-R08,laff,10,item-044,0,14,0,18,14,72
MPV-GEN-T8-N60-R08,laff,11,item-031,0,0,0,78,11,98
MPV-GEN-T8-N60-R09,laff,0,item-010,0,0,0,96,94,25
MPV-GEN-T8-N60-R09,laff,0,item-058,96,0,0,4,45,2
MPV-GEN-T8-N60-R09,laff,0,item-009,0,0,25,96,84,45
MPV-GEN-T8-N60-R09,laff,0,item-015,0,84,25,86,6,42
MPV-GEN-T8-N60-R09,laff,0,item-045,0,90,25,27,4,26
MPV-GEN-T8-N60-R09,laff,0,item-046,96,0,25,1,19,29
MPV-GEN-T8-N60-R09,laff,0,item-029,0,90,51,17,7,4
MPV-GEN-T8-N60-R09,laff,0,item-033,0,0,70,99,78,29
MPV-GEN-T8-N60-R09,laff,1,item-040,0,0,0,96,90,82
MPV-GEN-T8-N60-R09,laff,1,item-005,0,90,0,41,5,80
MPV-GEN-T8-N60-R09,laff,1,item-016,0,0,82,12,87,4
MPV-GEN-T8-N60-R09,laff,1,item-037,12,0,82,32,29,4
MPV-GEN-T8-N60-R09,laff,1,item-054,12,29,82,25,24,2
MPV-GEN-T8-N60-R09,laff,2,item-021,0,0,0,78,95,30
MPV-GEN-T8-N60-R09,laff,2,item-039,78,0,0,14,74,29
MPV-GEN-T8-N60-R09,laff,2,item-059,0,0,30,66,83,56
MPV-GEN-T8-N60-R09,laff,2,item-057,66,0,30,34,75,52
MPV-GEN-T8-N60-R09,laff,2,item-004,0,83,30,25,15,35
MPV-GEN-T8-N60-R09,laff,3,item-034,0,0,0,56,96,81
MPV-GEN-T8-N60-R09,laff,3,item-036,56,0,0,36,82,75
MPV-GEN-T8-N60-R09,laff,3,item-031,56,82,0,26,13,62
MPV-GEN-T8-N60-R09,laff,4,item-056,0,0,0,89,59,53
MPV-GEN-T8-N60-R09,laff,4,item-017,0,59,0,92,38,46
MPV-GEN-T8-N60-R09,laff,4,item-012,0,0,53,53,80,38
MPV-GEN-T8-N60-R09,laff,4,item-011,53,0,53,20,72,32
MPV-GEN-T8-N60-R09,laff,5,item-019,0,0,0,52,83,66
MPV-GEN-T8-N60-R09,laff,5,item-042,52,0,0,46,63,55
MPV-GEN-T8-N60-R09,laff,5,item-018,52,63,0,31,37,37
MPV-GEN-T8-N60-R09,laff,5,item-026,52,63,37,30,29,27
MPV-GEN-T8-N60-R09,laff,5,item-008,0,0,66,52,81,28
MPV-GEN-T8-N60-R09,laff,6,item-013,0,0,0,75,53,63
MPV-GEN-T8-N60-R09,laff,6,item-050,0,53,0,88,32,50
MPV-GEN-T8-N60-R09,laff,6,item-023,88,0,0,9,61,47
MPV-GEN-T8-N60-R09,laff,6,item-030,0,0,63,74,45,21
MPV-GEN-T8-N60-R09,laff,7,item-049,0,0,0,95,35,72
MPV-GEN-T8-N60-R09,laff,7,item-001,0,35,0,68,38,50
MPV-GEN-T8-N60-R09,laff,7,item-048,68,35,0,30,63,51
MPV-GEN-T8-N60-R09,laff,7,item-007,0,73,0,61,23,65
MPV-GEN-T8-N60-R09,laff,7,item-003,0,0,72,75,29,23
MPV-GEN-T8-N60-R09,laff,8,item-035,0,0,0,37,88,83
MPV-GEN-T8-N60-R09,laff,8,item-052,37,0,0,28,62,82
MPV-GEN-T8-N60-R09,laff,8,item-025,37,62,0,45,36,68
MPV-GEN-T8-N60-R09,laff,8,item-006,65,0,0,22,44,79
MPV-GEN-T8-N60-R09,laff,8,item-000,82,44,0,11,24,72
MPV-GEN-T8-N60-R09,laff,9,item-047,0,0,0,79,41,33
MPV-GEN-T8-N60-R09,laff,9,item-022,0,41,0,61,33,32
MPV-GEN-T8-N60-R09,laff,9,item-053,0,0,33,85,33,45
MPV-GEN-T8-N60-R09,laff,10,item-038,0,0,0,58,54,88
MPV-GEN-T8-N60-R09,laff,10,item-024,0,54,0,60,39,52
MPV-GEN-T8-N60-R09,laff,10,item-002,60,0,0,27,70,48
MPV-GEN-T8-N60-R09,laff,10,item-014,60,70,0,31,21,60
MPV-GEN-T8-N60-R09,laff,11,item-051,0,0,0,100,23,91
MPV-GEN-T8-N60-R09,laff,11,item-027,0,23,0,58,21,47
MPV-GEN-T8-N60-R09,laff,11,item-020,0,44,0,57,11,79
MPV-GEN-T8-N60-R09,laff,11,item-028,0,55,0,58,11,77
MPV-GEN-T8-N60-R09,laff,11,item-041,58,23,0,16,59,47
MPV-GEN-T8-N60-R09,laff,11,item-043,0,66,0,28,20,67
MPV-GEN-T8-N60-R09,laff,12,item-055,0,0,0,55,37,92
MPV-GEN-T8-N60-R09,laff,12,item-032,0,37,0,43,18,92
MPV-GEN-T8-N60-R09,laff,13,item-044,0,0,0,12,43,98
MPV-GEN-T8-N60-R10,laff,0,item-026,0,0,0,89,98,85
MPV-GEN-T8-N60-R10,laff,0,item-043,89,0,0,9,34,83
MPV-GEN-T8-N60-R10,laff,0,item-050,89,34,0,3,64,73
MPV-GEN-T8-N60-R10,laff,0,item-025,98,0,0,1,98,81
MPV-GEN-T8-N60-R10,laff,0,item-045,0,98,0,72,2,35
MPV-GEN-T8-N60-R10,laff,0,item-029,92,34,0,1,25,21
MPV-GEN-T8-N60-R10,laff,0,item-051,0,98,35,16,1,19
MPV-GEN-T8-N60-R10,laff,0,item-034,0,0,85,54,93,3
MPV-GEN-T8-N60-R10,laff,0,item-020,0,93,85,56,7,2
MPV-GEN-T8-N60-R10,laff,0,item-052,0,0,88,79,58,1
MPV-GEN-T8-N60-R10,laff,0,item-036,0,0,89,55,66,10
MPV-GEN-T8-N60-R10,laff,0,item-047,55,0,89,35,88,9
MPV-GEN-T8-N60-R10,laff,0,item-015,0,66,89,10,13,6
MPV-GEN-T8-N60-R10,laff,1,item-057,0,0,0,87,98,36
MPV-GEN-T8-N60-R10,laff,1,item-044,87,0,0,7,71,25
MPV-GEN-T8-N60-R10,laff,1,item-000,0,0,36,82,76,42
MPV-GEN-T8-N60-R10,laff,1,item-038,0,76,36,65,22,30
MPV-GEN-T8-N60-R10,laff,1,item-012,0,76,66,83,21,12
MPV-GEN-T8-N60-R10,laff,1,item-040,82,0,36,15,38,29
MPV-GEN-T8-N60-R10,laff,1,item-028,82,38,36,16,48,16
MPV-GEN-T8-N60-R10,laff,1,item-046,65,86,36,20,8,28
MPV-GEN-T8-N60-R10,laff,1,item-017,0,0,78,33,100,14
MPV-GEN-T8-N60-R10,laff,2,item-011,0,0,0,96,86,96
MPV-GEN-T8-N60-R10,laff,2,item-042,0,86,0,53,8,70
MPV-GEN-T8-N60-R10,laff,2,item-007,0,94,0,65,5,53
MPV-GEN-T8-N60-R10,laff,2,item-009,53,86,0,40,7,57
MPV-GEN-T8-N60-R10,laff,2,item-006,0,94,53,92,5,30
MPV-GEN-T8-N60-R10,laff,2,item-056,0,86,70,80,7,24
MPV-GEN-T8-N60-R10,laff,3,item-019,0,0,0,92,73,83
MPV-GEN-T8-N60-R10,laff,3,item-005,0,73,0,38,19,81
MPV-GEN-T8-N60-R10,laff,3,item-002,38,73,0,21,26,54
MPV-GEN-T8-N60-R10,laff,3,item-023,0,0,83,70,11,15
MPV-GEN-T8-N60-R10,laff,4,item-004,0,0,0,83,80,98
MPV-GEN-T8-N60-R10,laff,4,item-030,0,80,0,73,17,92
MPV-GEN-T8-N60-R10,laff,4,item-016,83,0,0,3,63,98
MPV-GEN-T8-N60-R10,laff,5,item-049,0,0,0,84,74,93
MPV-GEN-T8-N60-R10,laff,6,item-031,0,0,0,75,64,79
MPV-GEN-T8-N60-R10,laff,6,item-039,75,0,0,18,92,53
MPV-GEN-T8-N60-R10,laff,7,item-054,0,0,0,84,52,65
MPV-GEN-T8-N60-R10,laff,7,item-053,0,52,0,62,40,57
MPV-GEN-T8-N60-R10,laff,7,item-001,62,52,0,33,44,54
MPV-GEN-T8-N60-R10,laff,7,item-027,0,0,65,54,56,24
MPV-GEN-T8-N60-R10,laff,7,item-041,0,56,65,56,42,24
MPV-GEN-T8-N60-R10,laff,8,item-033,0,0,0,44,97,85
MPV-GEN-T8-N60-R10,laff,8,item-035,44,0,0,49,58,71
MPV-GEN-T8-N60-R10,laff,8,item-018,44,58,0,22,38,52
MPV-GEN-T8-N60-R10,laff,9,item-058,0,0,0,50,85,40
MPV-GEN-T8-N60-R10,laff,9,item-024,50,0,0,34,43,35
MPV-GEN-T8-N60-R10,laff,9,item-010,0,0,40,71,50,39
MPV-GEN-T8-N60-R10,laff,9,item-003,0,50,40,84,28,27
MPV-GEN-T8-N60-R10,laff,10,item-013,0,0,0,36,91,100
MPV-GEN-T8-N60-R10,laff,10,item-022,36,0,0,59,41,82
MPV-GEN-T8-N60-R10,laff,10,item-014,36,41,0,42,45,82
MPV-GEN-T8-N60-R10,laff,10,item-032,78,41,0,21,35,86
MPV-GEN-T8-N60-R10,laff,11,item-037,0,0,0,56,47,41
MPV-GEN-T8-N60-R10,laff,11,item-059,0,0,41,46,49,45
MPV-GEN-T8-N60-R10,laff,12,item-048,0,0,0,28,83,69
MPV-GEN-T8-N60-R10,laff,12,item-021,28,0,0,58,38,46
MPV-GEN-T8-N60-R10,laff,13,item-055,0,0,0,28,80,84
MPV-GEN-T8-N60-R10,laff,13,item-008,28,0,0,26,77,50
MPV-GEN-T8-N90-R01,laff,0,item-028,0,0,0,97,98,96
MPV-GEN-T8-N90-R01,laff,0,item-038,0,98,0,81,1,79
MPV-GEN-T8-N90-R01,laff,0,item-088,0,99,0,69,1,59
MPV-GEN-T8-N90-R01,laff,0,item-030,97,0,0,1,28,88
MPV-GEN-T8-N90-R01,laff,0,item-059,97,28,0,1,14,71
MPV-GEN-T8-N90-R01,laff,0,item-061,97,42,0,2,7,42
MPV-GEN-T8-N90-R01,laff,0,item-048,0,98,79,5,2,10
MPV-GEN-T8-N90-R01,laff,0,item-082,0,0,96,41,76,4
MPV-GEN-T8-N90-R01,laff,0,item-078,0,76,96,72,14,4
MPV-GEN-T8-N90-R01,laff,1,item-019,0,0,0,79,90,13
MPV-GEN-T8-N90-R01,laff,1,item-015,79,0,0,21,77,13
MPV-GEN-T8-N90-R01,laff,1,item-067,0,90,0,69,3,6
MPV-GEN-T8-N90-R01,laff,1,item-086,0,0,13,70,89,68
MPV-GEN-T8-N90-R01,laff,1,item-013,70,0,13,26,96,50
MPV-GEN-T8-N90-R01,laff,1,item-072,0,89,13,41,11,52
MPV-GEN-T8-N90-R01,laff,1,item-001,70,0,63,15,81,9
MPV-GEN-T8-N90-R01,laff,1,item-032,0,0,81,78,53,19
MPV-GEN-T8-N90-R01,laff,1,item-079,0,53,81,91,31,16
MPV-GEN-T8-N90-R01,laff,1,item-014,0,84,81,6,16,19
MPV-GEN-T8-N90-R01,laff,1,item-065,0,53,97,93,19,1
MPV-GEN-T8-N90-R01,laff,2,item-005,0,0,0,88,64,75
MPV-GEN-T8-N90-R01,laff,2,item-054,0,64,0,72,31,49
MPV-GEN-T8-N90-R01,laff,2,item-035,0,64,49,96,23,22
MPV-GEN-T8-N90-R01,laff,2,item-050,88,0,0,11,75,37
MPV-GEN-T8-N90-R01,laff,2,item-040,0,95,0,67,5,65
MPV-GEN-T8-N90-R01,laff,2,item-026,72,75,0,17,12,34
MPV-GEN-T8-N90-R01,laff,2,item-057,0,0,75,53,66,23
MPV-GEN-T8-N90-R01,laff,2,item-076,53,0,75,44,39,17
MPV-GEN-T8-N90-R01,laff,2,item-008,0,66,75,63,20,23
MPV-GEN-T8-N90-R01,laff,3,item-017,0,0,0,71,73,93
MPV-GEN-T8-N90-R01,laff,3,item-021,71,0,0,29,82,77
MPV-GEN-T8-N90-R01,laff,3,item-074,0,73,0,62,23,84
MPV-GEN-T8-N90-R01,laff,3,item-055,62,82,0,30,12,59
MPV-GEN-T8-N90-R01,laff,3,item-000,92,82,0,6,15,55
MPV-GEN-T8-N90-R01,laff,3,item-024,0,0,93,71,38,7
MPV-GEN-T8-N90-R01,laff,4,item-047,0,0,0,98,48,36
MPV-GEN-T8-N90-R01,laff,4,item-023,0,48,0,52,44,30
MPV-GEN-T8-N90-R01,laff,4,item-042,52,48,0,41,18,26
MPV-GEN-T8-N90-R01,laff,4,item-022,0,0,36,76,60,59
MPV-GEN-T8-N90-R01,laff,4,item-018,76,0,36,18,92,56
MPV-GEN-T8-N90-R01,laff,4,item-006,0,60,36,33,27,54
MPV-GEN-T8-N90-R01,laff,4,item-077,94,0,36,6,94,56
MPV-GEN-T8-N90-R01,laff,4,item-033,0,87,36,54,13,40
MPV-GEN-T8-N90-R01,laff,4,item-010,33,60,36,19,21,52
MPV-GEN-T8-N90-R01,laff,4,item-071,52,60,36,23,17,53
MPV-GEN-T8-N90-R01,laff,4,item-053,54,77,36,16,20,56
MPV-GEN-T8-N90-R01,laff,5,item-056,0,0,0,48,90,36
MPV-GEN-T8-N90-R01,laff,5,item-002,48,0,0,34,89,35
MPV-GEN-T8-N90-R01,laff,5,item-073,0,90,0,89,9,34
MPV-GEN-T8-N90-R01,laff,5,item-036,82,0,0,15,69,26
MPV-GEN-T8-N90-R01,laff,5,item-009,0,0,36,51,83,48
MPV-GEN-T8-N90-R01,laff,5,item-037,51,0,36,43,80,43
MPV-GEN-T8-N90-R01,laff,5,item-069,0,83,36,90,12,32
MPV-GEN-T8-N90-R01,laff,5,item-075,0,0,84,58,52,12
MPV-GEN-T8-N90-R01,laff,6,item-011,0,0,0,47,91,91
MPV-GEN-T8-N90-R01,laff,6,item-003,47,0,0,46,92,82
MPV-GEN-T8-N90-R01,laff,6,item-052,93,0,0,7,93,41
MPV-GEN-T8-N90-R01,laff,6,item-060,0,91,0,39,7,67
MPV-GEN-T8-N90-R01,laff,7,item-027,0,0,0,89,48,90
MPV-GEN-T8-N90-R01,laff,7,item-031,0,48,0,81,40,61
MPV-GEN-T8-N90-R01,laff,7,item-039,0,88,0,97,9,84
MPV-GEN-T8-N90-R01,laff,7,item-080,89,0,0,10,70,83
MPV-GEN-T8-N90-R01,laff,7,item-085,81,48,0,7,29,80
MPV-GEN-T8-N90-R01,laff,7,item-081,81,77,0,19,10,83
MPV-GEN-T8-N90-R01,laff,8,item-007,0,0,0,64,58,28
MPV-GEN-T8-N90-R01,laff,8,item-029,0,0,28,36,94,43
MPV-GEN-T8-N90-R01,laff,8,item-068,36,0,28,29,71,43
MPV-GEN-T8-N90-R01,laff,8,item-084,65,0,28,34,61,38
MPV-GEN-T8-N90-R01,laff,8,item-034,0,0,71,59,51,20
MPV-GEN-T8-N90-R01,laff,9,item-089,0,0,0,47,75,86
MPV-GEN-T8-N90-R01,laff,9,item-064,47,0,0,40,62,51
MPV-GEN-T8-N90-R01,laff,9,item-044,0,75,0,79,10,85
MPV-GEN-T8-N90-R01,laff,9,item-016,0,85,0,79,10,79
MPV-GEN-T8-N90-R01,laff,9,item-070,87,0,0,9,44,46
MPV-GEN-T8-N90-R01,laff,9,item-051,79,62,0,11,22,58
MPV-GEN-T8-N90-R01,laff,9,item-045,79,84,0,14,15,65
MPV-GEN-T8-N90-R01,laff,10,item-083,0,0,0,52,53,97
MPV-GEN-T8-N90-R01,laff,10,item-062,0,53,0,50,41,91
MPV-GEN-T8-N90-R01,laff,10,item-020,52,0,0,28,86,50
MPV-GEN-T8-N90-R01,laff,10,item-066,80,0,0,15,73,84
MPV-GEN-T8-N90-R01,laff,10,item-087,52,0,50,23,52,44
MPV-GEN-T8-N90-R01,laff,11,item-004,0,0,0,80,26,42
MPV-GEN-T8-N90-R01,laff,11,item-043,0,0,42,27,75,50
MPV-GEN-T8-N90-R01,laff,12,item-063,0,0,0,41,48,55
MPV-GEN-T8-N90-R01,laff,13,item-012,0,0,0,28,47,73
MPV-GEN-T8-N90-R01,laff,14,item-058,0,0,0,95,12,97
MPV-GEN-T8-N90-R01,laff,14,item-025,0,12,0,28,23,91
MPV-GEN-T8-N90-R01,laff,14,item-049,0,35,0,30,22,87
MPV-GEN-T8-N90-R01,laff,15,item-046,0,0,0,36,18,100
MPV-GEN-T8-N90-R01,laff,15,item-041,0,18,0,7,58,98
MPV-GEN-T8-N90-R02,laff,0,item-030,0,0,0,100,100,7
MPV-GEN-T8-N90-R02,laff,0,item-058,0,0,7,89,100,35
MPV-GEN-T8-N90-R02,laff,0,item-068,89,0,7,7,64,17
MPV-GEN-T8-N90-R02,laff,0,item-048,96,0,7,3,70,28
MPV-GEN-T8-N90-R02,laff,0,item-057,89,0,35,6,89,7
MPV-GEN-T8-N90-R02,laff,0,item-082,0,0,42,96,92,54
MPV-GEN-T8-N90-R02,laff,0,item-074,96,0,42,4,83,46
MPV-GEN-T8-N90-R02,laff,0,item-063,0,92,42,13,6,48
MPV-GEN-T8-N90-R02,laff,0,item-073,13,92,42,66,4,7
MPV-GEN-T8-N90-R02,laff,0,item-011,13,92,49,23,5,7
MPV-GEN-T8-N90-R02,laff,0,item-025,0,0,96,84,37,4
MPV-GEN-T8-N90-R02,laff,1,item-079,0,0,0,87,98,52
MPV-GEN-T8-N90-R02,laff,1,item-023,87,0,0,13,94,46
MPV-GEN-T8-N90-R02,laff,1,item-072,87,0,46,12,43,6
MPV-GEN-T8-N90-R02,laff,1,item-038,0,0,52,88,69,21
MPV-GEN-T8-N90-R02,laff,1,item-054,0,69,52,31,11,12
MPV-GEN-T8-N90-R02,laff,1,item-089,88,0,52,8,38,7
MPV-GEN-T8-N90-R02,laff,1,item-078,0,0,73,90,62,22
MPV-GEN-T8-N90-R02,laff,1,item-044,0,62,73,74,38,12
MPV-GEN-T8-N90-R02,laff,2,item-027,0,0,0,85,83,67
MPV-GEN-T8-N90-R02,laff,2,item-071,0,83,0,87,16,50
MPV-GEN-T8-N90-R02,laff,2,item-043,87,0,0,8,89,66
MPV-GEN-T8-N90-R02,laff,2,item-006,95,0,0,3,88,53
MPV-GEN-T8-N90-R02,laff,2,item-019,0,0,67,67,80,30
MPV-GEN-T8-N90-R02,laff,2,item-020,67,0,67,27,82,21
MPV-GEN-T8-N90-R02,laff,2,item-085,67,0,88,23,96,9
MPV-GEN-T8-N90-R02,laff,3,item-018,0,0,0,57,93,23
MPV-GEN-T8-N90-R02,laff,3,item-001,57,0,0,28,87,13
MPV-GEN-T8-N90-R02,laff,3,item-029,57,0,13,20,60,8
MPV-GEN-T8-N90-R02,laff,3,item-049,77,0,13,19,61,8
MPV-GEN-T8-N90-R02,laff,3,item-052,0,0,23,58,89,60
MPV-GEN-T8-N90-R02,laff,3,item-004,58,0,23,38,91,53
MPV-GEN-T8-N90-R02,laff,3,item-050,0,89,23,26,7,60
MPV-GEN-T8-N90-R02,laff,3,item-039,0,0,83,49,75,8
MPV-GEN-T8-N90-R02,laff,4,item-000,0,0,0,77,67,77
MPV-GEN-T8-N90-R02,laff,4,item-010,0,67,0,94,29,66
MPV-GEN-T8-N90-R02,laff,4,item-067,77,0,0,10,49,63
MPV-GEN-T8-N90-R02,laff,4,item-017,87,0,0,12,35,61
MPV-GEN-T8-N90-R02,laff,4,item-084,87,35,0,9,30,57
MPV-GEN-T8-N90-R02,laff,4,item-076,0,0,77,62,47,20
MPV-GEN-T8-N90-R02,laff,4,item-059,62,0,77,29,80,12
MPV-GEN-T8-N90-R02,laff,4,item-040,0,47,77,38,53,12
MPV-GEN-T8-N90-R02,laff,5,item-087,0,0,0,88,58,48
MPV-GEN-T8-N90-R02,laff,5,item-012,0,58,0,58,40,47
MPV-GEN-T8-N90-R02,laff,5,item-080,58,58,0,41,27,42
MPV-GEN-T8-N90-R02,laff,5,item-034,88,0,0,5,48,42
MPV-GEN-T8-N90-R02,laff,5,item-083,93,0,0,5,44,42
MPV-GEN-T8-N90-R02,laff,5,item-069,0,0,48,59,54,28
MPV-GEN-T8-N90-R02,laff,5,item-035,0,54,48,56,41,10
MPV-GEN-T8-N90-R02,laff,5,item-060,59,0,48,22,47,22
MPV-GEN-T8-N90-R02,laff,5,item-009,0,0,76,43,58,12
MPV-GEN-T8-N90-R02,laff,6,item-022,0,0,0,74,68,61
MPV-GEN-T8-N90-R02,laff,6,item-033,0,68,0,51,32,48
MPV-GEN-T8-N90-R02,laff,6,item-065,74,0,0,25,33,50
MPV-GEN-T8-N90-R02,laff,6,item-042,51,68,0,48,15,41
MPV-GEN-T8-N90-R02,laff,6,item-036,51,83,0,34,5,61
MPV-GEN-T8-N90-R02,laff,6,item-088,74,33,0,8,21,57
MPV-GEN-T8-N90-R02,laff,6,item-028,0,0,61,55,35,35
MPV-GEN-T8-N90-R02,laff,7,item-070,0,0,0,95,48,76
MPV-GEN-T8-N90-R02,laff,7,item-056,0,48,0,87,38,55
MPV-GEN-T8-N90-R02,laff,7,item-045,0,86,0,59,13,74
MPV-GEN-T8-N90-R02,laff,8,item-086,0,0,0,48,94,63
MPV-GEN-T8-N90-R02,laff,8,item-077,48,0,0,30,80,48
MPV-GEN-T8-N90-R02,laff,8,item-075,78,0,0,7,90,53
MPV-GEN-T8-N90-R02,laff,8,item-081,85,0,0,8,61,39
MPV-GEN-T8-N90-R02,laff,9,item-024,0,0,0,97,42,90
MPV-GEN-T8-N90-R02,laff,9,item-007,0,42,0,68,40,64
MPV-GEN-T8-N90-R02,laff,9,item-051,68,42,0,27,48,86
MPV-GEN-T8-N90-R02,laff,9,item-066,0,82,0,53,14,78
MPV-GEN-T8-N90-R02,laff,9,item-003,97,0,0,3,91,86
MPV-GEN-T8-N90-R02,laff,10,item-002,0,0,0,28,97,41
MPV-GEN-T8-N90-R02,laff,10,item-026,0,0,41,76,33,40
MPV-GEN-T8-N90-R02,laff,11,item-008,0,0,0,37,68,97
MPV-GEN-T8-N90-R02,laff,11,item-037,37,0,0,19,98,80
MPV-GEN-T8-N90-R02,laff,11,item-014,56,0,0,17,92,93
MPV-GEN-T8-N90-R02,laff,11,item-016,73,0,0,22,86,73
MPV-GEN-T8-N90-R02,laff,11,item-005,0,68,0,33,26,76
MPV-GEN-T8-N90-R02,laff,11,item-061,95,0,0,3,54,91
MPV-GEN-T8-N90-R02,laff,12,item-047,0,0,0,54,43,60
MPV-GEN-T8-N90-R02,laff,13,item-041,0,0,0,47,41,75
MPV-GEN-T8-N90-R02,laff,13,item-064,0,41,0,66,26,74
MPV-GEN-T8-N90-R02,laff,13,item-053,0,67,0,41,27,68
MPV-GEN-T8-N90-R02,laff,13,item-032,41,67,0,56,22,61
MPV-GEN-T8-N90-R02,laff,14,item-015,0,0,0,45,36,77
MPV-GEN-T8-N90-R02,laff,15,item-013,0,0,0,39,34,87
MPV-GEN-T8-N90-R02,laff,15,item-031,0,34,0,30,43,78
MPV-GEN-T8-N90-R02,laff,16,item-062,0,0,0,73,10,97
MPV-GEN-T8-N90-R02,laff,16,item-021,0,10,0,9,25,93
MPV-GEN-T8-N90-R02,laff,17,item-055,0,0,0,3,55,99
MPV-GEN-T8-N90-R02,laff,17,item-046,0,55,0,7,7,99
MPV-GEN-T8-N90-R03,laff,0,item-033,0,0,0,95,98,5
MPV-GEN-T8-N90-R03,laff,0,item-073,0,0,5,94,98,27
MPV-GEN-T8-N90-R03,laff,0,item-029,94,0,5,5,79,24
MPV-GEN-T8-N90-R03,laff,0,item-070,0,98,5,30,1,7
MPV-GEN-T8-N90-R03,laff,0,item-074,0,0,32,95,92,9
MPV-GEN-T8-N90-R03,laff,0,item-001,0,0,41,92,94,18
MPV-GEN-T8-N90-R03,laff,0,item-012,0,0,59,89,80,22
MPV-GEN-T8-N90-R03,laff,0,item-014,0,80,59,27,17,16
MPV-GEN-T8-N90-R03,laff,0,item-028,27,80,59,14,19,21
MPV-GEN-T8-N90-R03,laff,0,item-023,0,0,81,73,97,15
MPV-GEN-T8-N90-R03,laff,0,item-086,73,0,81,27,50,9
MPV-GEN-T8-N90-R03,laff,0,item-007,0,0,96,73,75,1
MPV-GEN-T8-N90-R03,laff,1,item-064,0,0,0,93,91,96
MPV-GEN-T8-N90-R03,laff,1,item-036,93,0,0,4,90,95
MPV-GEN-T8-N90-R03,laff,1,item-068,0,91,0,86,4,92
MPV-GEN-T8-N90-R03,laff,1,item-040,0,95,0,56,2,58
MPV-GEN-T8-N90-R03,laff,1,item-043,0,95,58,40,4,31
MPV-GEN-T8-N90-R03,laff,2,item-046,0,0,0,77,95,97
MPV-GEN-T8-N90-R03,laff,2,item-003,77,0,0,11,89,91
MPV-GEN-T8-N90-R03,laff,2,item-016,88,0,0,12,63,68
MPV-GEN-T8-N90-R03,laff,2,item-019,88,63,0,8,23,94
MPV-GEN-T8-N90-R03,laff,2,item-060,96,0,68,4,88,24
MPV-GEN-T8-N90-R03,laff,3,item-031,0,0,0,78,93,94
MPV-GEN-T8-N90-R03,laff,3,item-010,78,0,0,20,38,81
MPV-GEN-T8-N90-R03,laff,3,item-006,78,38,0,22,48,51
MPV-GEN-T8-N90-R03,laff,3,item-002,0,93,0,71,6,48
MPV-GEN-T8-N90-R03,laff,3,item-053,78,38,51,17,33,29
MPV-GEN-T8-N90-R03,laff,3,item-082,0,0,94,50,57,5
MPV-GEN-T8-N90-R03,laff,4,item-009,0,0,0,88,80,25
MPV-GEN-T8-N90-R03,laff,4,item-011,0,80,0,100,20,24
MPV-GEN-T8-N90-R03,laff,4,item-015,0,0,25,70,94,42
MPV-GEN-T8-N90-R03,laff,4,item-089,70,0,25,20,100,27
MPV-GEN-T8-N90-R03,laff,4,item-004,0,0,67,97,55,15
MPV-GEN-T8-N90-R03,laff,4,item-022,0,55,67,73,25,12
MPV-GEN-T8-N90-R03,laff,4,item-025,0,0,82,41,100,16
MPV-GEN-T8-N90-R03,laff,4,item-021,41,0,82,38,67,10
MPV-GEN-T8-N90-R03,laff,5,item-072,0,0,0,82,76,61
MPV-GEN-T8-N90-R03,laff,5,item-041,0,76,0,88,23,51
MPV-GEN-T8-N90-R03,laff,5,item-071,82,0,0,4,62,46
MPV-GEN-T8-N90-R03,laff,5,item-017,0,0,61,52,98,30
MPV-GEN-T8-N90-R03,laff,5,item-054,52,0,61,41,92,22
MPV-GEN-T8-N90-R03,laff,6,item-080,0,0,0,71,83,48
MPV-GEN-T8-N90-R03,laff,6,item-020,71,0,0,25,79,43
MPV-GEN-T8-N90-R03,laff,6,item-063,0,83,0,86,17,40
MPV-GEN-T8-N90-R03,laff,6,item-079,0,0,48,84,64,41
MPV-GEN-T8-N90-R03,laff,6,item-083,0,64,48,57,34,34
MPV-GEN-T8-N90-R03,laff,7,item-065,0,0,0,58,100,98
MPV-GEN-T8-N90-R03,laff,7,item-050,58,0,0,40,92,82
MPV-GEN-T8-N90-R03,laff,8,item-027,0,0,0,82,69,95
MPV-GEN-T8-N90-R03,laff,8,item-013,0,69,0,99,21,71
MPV-GEN-T8-N90-R03,laff,9,item-059,0,0,0,58,95,100
MPV-GEN-T8-N90-R03,laff,9,item-076,58,0,0,29,56,70
MPV-GEN-T8-N90-R03,laff,9,item-034,87,0,0,4,92,65
MPV-GEN-T8-N90-R03,laff,10,item-047,0,0,0,59,89,85
MPV-GEN-T8-N90-R03,laff,10,item-026,59,0,0,34,53,47
MPV-GEN-T8-N90-R03,laff,10,item-024,59,53,0,24,47,72
MPV-GEN-T8-N90-R03,laff,10,item-042,0,89,0,54,11,55
MPV-GEN-T8-N90-R03,laff,11,item-039,0,0,0,54,94,33
MPV-GEN-T8-N90-R03,laff,11,item-066,0,0,33,92,54,25
MPV-GEN-T8-N90-R03,laff,11,item-069,0,54,33,75,45,25
MPV-GEN-T8-N90-R03,laff,11,item-067,0,0,58,50,96,19
MPV-GEN-T8-N90-R03,laff,11,item-008,0,0,77,60,65,20
MPV-GEN-T8-N90-R03,laff,12,item-048,0,0,0,54,91,99
MPV-GEN-T8-N90-R03,laff,12,item-038,54,0,0,46,38,64
MPV-GEN-T8-N90-R03,laff,12,item-055,54,38,0,27,45,92
MPV-GEN-T8-N90-R03,laff,12,item-037,54,83,0,44,17,64
MPV-GEN-T8-N90-R03,laff,13,item-044,0,0,0,68,67,38
MPV-GEN-T8-N90-R03,laff,13,item-030,0,67,0,98,21,25
MPV-GEN-T8-N90-R03,laff,13,item-018,0,0,38,47,93,37
MPV-GEN-T8-N90-R03,laff,13,item-056,0,0,75,77,39,25
MPV-GEN-T8-N90-R03,laff,14,item-075,0,0,0,55,77,93
MPV-GEN-T8-N90-R03,laff,14,item-085,0,77,0,88,14,85
MPV-GEN-T8-N90-R03,laff,14,item-051,55,0,0,44,27,63
MPV-GEN-T8-N90-R03,laff,14,item-062,55,27,0,43,30,56
MPV-GEN-T8-N90-R03,laff,15,item-084,0,0,0,83,46,75
MPV-GEN-T8-N90-R03,laff,15,item-058,0,46,0,84,41,74
MPV-GEN-T8-N90-R03,laff,15,item-035,0,87,0,69,12,47
MPV-GEN-T8-N90-R03,laff,16,item-087,0,0,0,52,65,53
MPV-GEN-T8-N90-R03,laff,16,item-000,0,65,0,47,20,48
MPV-GEN-T8-N90-R03,laff,16,item-057,0,85,0,58,11,44
MPV-GEN-T8-N90-R03,laff,16,item-049,0,0,53,55,47,28
MPV-GEN-T8-N90-R03,laff,17,item-032,0,0,0,87,38,56
MPV-GEN-T8-N90-R03,laff,17,item-088,0,38,0,46,42,56
MPV-GEN-T8-N90-R03,laff,17,item-078,0,80,0,61,11,41
MPV-GEN-T8-N90-R03,laff,18,item-005,0,0,0,77,41,76
MPV-GEN-T8-N90-R03,laff,19,item-061,0,0,0,55,48,91
MPV-GEN-T8-N90-R03,laff,19,item-052,0,48,0,60,38,78
MPV-GEN-T8-N90-R03,laff,19,item-045,0,86,0,55,12,82
MPV-GEN-T8-N90-R03,laff,20,item-081,0,0,0,96,11,96
MPV-GEN-T8-N90-R03,laff,20,item-077,0,11,0,55,15,93
MPV-GEN-T8-N90-R04,laff,0,item-046,0,0,0,96,84,96
MPV-GEN-T8-N90-R04,laff,0,item-045,0,84,0,100,10,91
MPV-GEN-T8-N90-R04,laff,0,item-027,0,94,0,78,4,72
MPV-GEN-T8-N90-R04,laff,0,item-064,0,94,72,19,3,19
MPV-GEN-T8-N90-R04,laff,0,item-006,0,84,91,40,9,2
MPV-GEN-T8-N90-R04,laff,0,item-015,0,97,72,94,1,6
MPV-GEN-T8-N90-R04,laff,0,item-038,19,94,78,5,6,6
MPV-GEN-T8-N90-R04,laff,0,item-049,0,0,96,44,86,1
MPV-GEN-T8-N90-R04,laff,0,item-037,44,0,96,20,35,1
MPV-GEN-T8-N90-R04,laff,0,item-082,0,0,97,5,73,3
MPV-GEN-T8-N90-R04,laff,1,item-031,0,0,0,75,96,59
MPV-GEN-T8-N90-R04,laff,1,item-071,75,0,0,20,61,43
MPV-GEN-T8-N90-R04,laff,1,item-020,75,0,43,24,75,14
MPV-GEN-T8-N90-R04,laff,1,item-087,75,75,0,17,23,57
MPV-GEN-T8-N90-R04,laff,1,item-035,0,0,59,81,82,35
MPV-GEN-T8-N90-R04,laff,1,item-083,81,0,59,10,73,27
MPV-GEN-T8-N90-R04,laff,1,item-004,91,0,59,7,68,26
MPV-GEN-T8-N90-R04,laff,1,item-048,0,82,59,52,11,17
MPV-GEN-T8-N90-R04,laff,1,item-019,0,82,76,48,13,11
MPV-GEN-T8-N90-R04,laff,1,item-013,81,0,86,12,59,8
MPV-GEN-T8-N90-R04,laff,1,item-040,0,0,94,75,50,5
MPV-GEN-T8-N90-R04,laff,1,item-026,0,50,94,93,22,5
MPV-GEN-T8-N90-R04,laff,1,item-050,0,72,94,55,24,5
MPV-GEN-T8-N90-R04,laff,2,item-073,0,0,0,71,93,100
MPV-GEN-T8-N90-R04,laff,2,item-003,71,0,0,20,88,95
MPV-GEN-T8-N90-R04,laff,2,item-001,91,0,0,5,100,74
MPV-GEN-T8-N90-R04,laff,2,item-032,0,93,0,65,7,50
MPV-GEN-T8-N90-R04,laff,2,item-034,96,0,0,2,89,87
MPV-GEN-T8-N90-R04,laff,2,item-021,71,88,0,18,10,74
MPV-GEN-T8-N90-R04,laff,3,item-062,0,0,0,66,99,62
MPV-GEN-T8-N90-R04,laff,3,item-078,66,0,0,31,59,59
MPV-GEN-T8-N90-R04,laff,3,item-036,66,59,0,23,26,30
MPV-GEN-T8-N90-R04,laff,3,item-025,0,0,62,97,62,29
MPV-GEN-T8-N90-R04,laff,3,item-060,0,62,62,87,28,27
MPV-GEN-T8-N90-R04,laff,3,item-028,0,0,91,72,56,8
MPV-GEN-T8-N90-R04,laff,3,item-080,0,56,91,50,40,7
MPV-GEN-T8-N90-R04,laff,4,item-044,0,0,0,63,95,65
MPV-GEN-T8-N90-R04,laff,4,item-074,63,0,0,37,100,19
MPV-GEN-T8-N90-R04,laff,4,item-066,63,0,19,30,95,19
MPV-GEN-T8-N90-R04,laff,4,item-057,0,0,65,63,82,28
MPV-GEN-T8-N90-R04,laff,5,item-081,0,0,0,85,62,52
MPV-GEN-T8-N90-R04,laff,5,item-011,0,62,0,76,34,40
MPV-GEN-T8-N90-R04,laff,5,item-047,0,62,40,63,36,9
MPV-GEN-T8-N90-R04,laff,5,item-089,0,0,52,81,63,48
MPV-GEN-T8-N90-R04,laff,5,item-054,0,63,52,100,20,33
MPV-GEN-T8-N90-R04,laff,5,item-022,0,63,85,71,33,14
MPV-GEN-T8-N90-R04,laff,6,item-008,0,0,0,82,61,42
MPV-GEN-T8-N90-R04,laff,6,item-024,0,0,42,98,51,55
MPV-GEN-T8-N90-R04,laff,6,item-053,0,51,42,94,40,41
MPV-GEN-T8-N90-R04,laff,7,item-055,0,0,0,52,88,32
MPV-GEN-T8-N90-R04,laff,7,item-030,0,0,32,49,93,44
MPV-GEN-T8-N90-R04,laff,7,item-014,49,0,32,38,41,38
MPV-GEN-T8-N90-R04,laff,7,item-067,0,0,76,91,42,24
MPV-GEN-T8-N90-R04,laff,8,item-010,0,0,0,47,94,47
MPV-GEN-T8-N90-R04,laff,8,item-065,47,0,0,38,14,47
MPV-GEN-T8-N90-R04,laff,8,item-007,0,0,47,77,57,37
MPV-GEN-T8-N90-R04,laff,8,item-039,0,0,84,58,60,9
MPV-GEN-T8-N90-R04,laff,9,item-063,0,0,0,58,75,33
MPV-GEN-T8-N90-R04,laff,9,item-085,0,0,33,52,81,62
MPV-GEN-T8-N90-R04,laff,9,item-018,52,0,33,38,94,52
MPV-GEN-T8-N90-R04,laff,9,item-086,90,0,33,5,55,56
MPV-GEN-T8-N90-R04,laff,10,item-005,0,0,0,74,55,25
MPV-GEN-T8-N90-R04,laff,10,item-023,0,0,25,86,47,31
MPV-GEN-T8-N90-R04,laff,10,item-070,0,0,56,64,53,37
MPV-GEN-T8-N90-R04,laff,11,item-002,0,0,0,65,62,54
MPV-GEN-T8-N90-R04,laff,11,item-088,0,62,0,85,14,54
MPV-GEN-T8-N90-R04,laff,12,item-029,0,0,0,89,45,89
MPV-GEN-T8-N90-R04,laff,12,item-077,0,45,0,79,49,85
MPV-GEN-T8-N90-R04,laff,12,item-000,79,45,0,18,20,70
MPV-GEN-T8-N90-R04,laff,12,item-009,0,94,0,80,3,89
MPV-GEN-T8-N90-R04,laff,13,item-069,0,0,0,44,87,69
MPV-GEN-T8-N90-R04,laff,13,item-072,44,0,0,53,60,67
MPV-GEN-T8-N90-R04,laff,13,item-016,44,60,0,55,39,62
MPV-GEN-T8-N90-R04,laff,14,item-084,0,0,0,58,63,94
MPV-GEN-T8-N90-R04,laff,14,item-058,0,63,0,78,29,60
MPV-GEN-T8-N90-R04,laff,14,item-041,58,0,0,28,54,80
MPV-GEN-T8-N90-R04,laff,14,item-068,86,0,0,12,97,66
MPV-GEN-T8-N90-R04,laff,15,item-042,0,0,0,61,56,70
MPV-GEN-T8-N90-R04,laff,15,item-033,0,56,0,92,17,61
MPV-GEN-T8-N90-R04,laff,16,item-051,0,0,0,60,53,91
MPV-GEN-T8-N90-R04,laff,16,item-059,0,53,0,86,9,89
MPV-GEN-T8-N90-R04,laff,16,item-075,0,62,0,52,15,86
MPV-GEN-T8-N90-R04,laff,16,item-079,52,62,0,28,31,77
MPV-GEN-T8-N90-R04,laff,17,item-076,0,0,0,47,64,73
MPV-GEN-T8-N90-R04,laff,18,item-061,0,0,0,56,43,92
MPV-GEN-T8-N90-R04,laff,19,item-056,0,0,0,16,87,96
MPV-GEN-T8-N90-R04,laff,19,item-012,16,0,0,19,73,96
MPV-GEN-T8-N90-R04,laff,19,item-043,16,73,0,73,18,95
MPV-GEN-T8-N90-R04,laff,20,item-017,0,0,0,41,12,98
MPV-GEN-T8-N90-R04,laff,20,item-052,0,12,0,11,34,97
MPV-GEN-T8-N90-R05,laff,0,item-073,0,0,0,99,87,20
MPV-GEN-T8-N90-R05,laff,0,item-081,0,87,0,73,12,9
MPV-GEN-T8-N90-R05,laff,0,item-057,73,87,0,15,4,13
MPV-GEN-T8-N90-R05,laff,0,item-080,0,0,20,80,96,13
MPV-GEN-T8-N90-R05,laff,0,item-038,80,0,20,11,23,1
MPV-GEN-T8-N90-R05,laff,0,item-013,0,0,33,72,98,44
MPV-GEN-T8-N90-R05,laff,0,item-020,72,0,33,22,72,36
MPV-GEN-T8-N90-R05,laff,0,item-077,94,0,33,4,84,30
MPV-GEN-T8-N90-R05,laff,0,item-029,72,0,69,26,64,5
MPV-GEN-T8-N90-R05,laff,0,item-075,0,98,33,100,2,26
MPV-GEN-T8-N90-R05,laff,0,item-009,72,0,74,25,25,2
MPV-GEN-T8-N90-R05,laff,0,item-016,0,0,77,97,64,5
MPV-GEN-T8-N90-R05,laff,0,item-017,0,0,82,81,75,15
MPV-GEN-T8-N90-R05,laff,0,item-040,0,0,97,45,99,3
MPV-GEN-T8-N90-R05,laff,1,item-007,0,0,0,82,92,74
MPV-GEN-T8-N90-R05,laff,1,item-083,82,0,0,14,63,71
MPV-GEN-T8-N90-R05,laff,1,item-052,82,63,0,13,31,67
MPV-GEN-T8-N90-R05,laff,1,item-010,0,92,0,73,3,62
MPV-GEN-T8-N90-R05,laff,1,item-035,0,95,0,42,1,24
MPV-GEN-T8-N90-R05,laff,1,item-043,0,0,74,53,81,12
MPV-GEN-T8-N90-R05,laff,1,item-084,53,0,74,32,79,12
MPV-GEN-T8-N90-R05,laff,1,item-014,0,0,86,48,66,13
MPV-GEN-T8-N90-R05,laff,1,item-026,48,0,86,51,42,12
MPV-GEN-T8-N90-R05,laff,1,item-034,0,66,86,49,33,10
MPV-GEN-T8-N90-R05,laff,2,item-033,0,0,0,88,83,70
MPV-GEN-T8-N90-R05,laff,2,item-008,0,83,0,57,10,65
MPV-GEN-T8-N90-R05,laff,2,item-002,88,0,0,8,71,61
MPV-GEN-T8-N90-R05,laff,2,item-072,0,0,70,23,93,22
MPV-GEN-T8-N90-R05,laff,2,item-056,23,0,70,54,36,14
MPV-GEN-T8-N90-R05,laff,2,item-089,23,36,70,41,25,16
MPV-GEN-T8-N90-R05,laff,2,item-049,23,61,70,32,24,21
MPV-GEN-T8-N90-R05,laff,2,item-051,55,61,70,25,32,20
MPV-GEN-T8-N90-R05,laff,3,item-027,0,0,0,75,90,48
MPV-GEN-T8-N90-R05,laff,3,item-024,75,0,0,25,56,37
MPV-GEN-T8-N90-R05,laff,3,item-055,75,56,0,24,30,25
MPV-GEN-T8-N90-R05,laff,3,item-003,0,0,48,76,86,52
MPV-GEN-T8-N90-R05,laff,3,item-005,76,0,48,18,70,25
MPV-GEN-T8-N90-R05,laff,3,item-045,0,86,48,44,9,51
MPV-GEN-T8-N90-R05,laff,4,item-053,0,0,0,70,94,54
MPV-GEN-T8-N90-R05,laff,4,item-039,70,0,0,11,79,34
MPV-GEN-T8-N90-R05,laff,4,item-064,0,0,54,94,68,41
MPV-GEN-T8-N90-R05,laff,4,item-048,0,68,54,51,32,36
MPV-GEN-T8-N90-R05,laff,5,item-036,0,0,0,93,63,64
MPV-GEN-T8-N90-R05,laff,5,item-087,0,63,0,81,30,62
MPV-GEN-T8-N90-R05,laff,5,item-019,0,0,64,37,56,27
MPV-GEN-T8-N90-R05,laff,6,item-070,0,0,0,99,58,68
MPV-GEN-T8-N90-R05,laff,6,item-022,0,58,0,70,42,65
MPV-GEN-T8-N90-R05,laff,6,item-069,70,58,0,12,30,66
MPV-GEN-T8-N90-R05,laff,6,item-059,0,0,68,67,24,29
MPV-GEN-T8-N90-R05,laff,6,item-060,0,24,68,69,17,29
MPV-GEN-T8-N90-R05,laff,7,item-082,0,0,0,59,90,54
MPV-GEN-T8-N90-R05,laff,7,item-028,59,0,0,31,92,46
MPV-GEN-T8-N90-R05,laff,7,item-071,0,0,54,85,59,39
MPV-GEN-T8-N90-R05,laff,8,item-021,0,0,0,99,52,91
MPV-GEN-T8-N90-R05,laff,8,item-068,0,52,0,91,37,89
MPV-GEN-T8-N90-R05,laff,8,item-050,0,89,0,69,9,75
MPV-GEN-T8-N90-R05,laff,8,item-074,69,89,0,28,9,82
MPV-GEN-T8-N90-R05,laff,8,item-078,91,52,0,2,8,78
MPV-GEN-T8-N90-R05,laff,9,item-086,0,0,0,84,59,50
MPV-GEN-T8-N90-R05,laff,9,item-032,0,59,0,44,23,45
MPV-GEN-T8-N90-R05,laff,9,item-025,0,0,50,54,77,41
MPV-GEN-T8-N90-R05,laff,9,item-037,54,0,50,45,54,37
MPV-GEN-T8-N90-R05,laff,10,item-046,0,0,0,66,72,94
MPV-GEN-T8-N90-R05,laff,10,item-067,66,0,0,31,89,80
MPV-GEN-T8-N90-R05,laff,10,item-012,0,72,0,50,13,71
MPV-GEN-T8-N90-R05,laff,10,item-001,0,89,0,69,7,79
MPV-GEN-T8-N90-R05,laff,11,item-006,0,0,0,59,69,100
MPV-GEN-T8-N90-R05,laff,11,item-000,59,0,0,36,73,93
MPV-GEN-T8-N90-R05,laff,11,item-062,0,73,0,88,19,69
MPV-GEN-T8-N90-R05,laff,11,item-044,95,0,0,5,72,91
MPV-GEN-T8-N90-R05,laff,11,item-054,0,69,0,58,1,95
MPV-GEN-T8-N90-R05,laff,12,item-042,0,0,0,67,52,84
MPV-GEN-T8-N90-R05,laff,12,item-063,67,0,0,31,86,77
MPV-GEN-T8-N90-R05,laff,12,item-031,0,52,0,23,46,75
MPV-GEN-T8-N90-R05,laff,12,item-076,23,52,0,14,25,75
MPV-GEN-T8-N90-R05,laff,13,item-030,0,0,0,47,66,62
MPV-GEN-T8-N90-R05,laff,13,item-011,47,0,0,53,49,57
MPV-GEN-T8-N90-R05,laff,13,item-023,47,49,0,46,50,48
MPV-GEN-T8-N90-R05,laff,14,item-018,0,0,0,28,94,66
MPV-GEN-T8-N90-R05,laff,14,item-079,28,0,0,25,97,66
MPV-GEN-T8-N90-R05,laff,15,item-088,0,0,0,75,35,53
MPV-GEN-T8-N90-R05,laff,16,item-041,0,0,0,69,36,56
MPV-GEN-T8-N90-R05,laff,17,item-066,0,0,0,69,35,66
MPV-GEN-T8-N90-R05,laff,18,item-004,0,0,0,66,32,88
MPV-GEN-T8-N90-R05,laff,18,item-015,0,32,0,19,59,71
MPV-GEN-T8-N90-R05,laff,18,item-047,19,32,0,20,30,86
MPV-GEN-T8-N90-R05,laff,19,item-061,0,0,0,56,37,92
MPV-GEN-T8-N90-R05,laff,19,item-085,56,0,0,17,99,90
MPV-GEN-T8-N90-R05,laff,20,item-065,0,0,0,71,29,95
MPV-GEN-T8-N90-R05,laff,21,item-058,0,0,0,25,18,99
MPV-GEN-T8-N90-R06,laff,0,item-044,0,0,0,100,100,18
MPV-GEN-T8-N90-R06,laff,0,item-059,0,0,18,95,90,18
MPV-GEN-T8-N90-R06,laff,0,item-053,0,90,18,47,1,14
MPV-GEN-T8-N90-R06,laff,0,item-072,0,0,36,94,77,28
MPV-GEN-T8-N90-R06,laff,0,item-077,0,77,36,28,18,22
MPV-GEN-T8-N90-R06,laff,0,item-069,28,77,36,29,20,10
MPV-GEN-T8-N90-R06,laff,0,item-026,28,77,46,10,11,18
MPV-GEN-T8-N90-R06,laff,0,item-079,0,88,58,69,12,2
MPV-GEN-T8-N90-R06,laff,0,item-028,0,0,64,89,77,33
MPV-GEN-T8-N90-R06,laff,0,item-062,89,0,64,11,88,27
MPV-GEN-T8-N90-R06,laff,1,item-043,0,0,0,86,95,76
MPV-GEN-T8-N90-R06,laff,1,item-029,86,0,0,10,82,70
MPV-GEN-T8-N90-R06,laff,1,item-065,96,0,0,3,95,44
MPV-GEN-T8-N90-R06,laff,1,item-082,86,0,70,14,54,4
MPV-GEN-T8-N90-R06,laff,1,item-007,0,0,76,86,74,10
MPV-GEN-T8-N90-R06,laff,1,item-035,0,0,86,54,71,12
MPV-GEN-T8-N90-R06,laff,1,item-047,54,0,86,24,77,10
MPV-GEN-T8-N90-R06,laff,1,item-020,78,0,86,21,68,7
MPV-GEN-T8-N90-R06,laff,2,item-050,0,0,0,84,93,98
MPV-GEN-T8-N90-R06,laff,2,item-008,0,93,0,79,6,87
MPV-GEN-T8-N90-R06,laff,2,item-088,84,0,0,14,55,51
MPV-GEN-T8-N90-R06,laff,2,item-041,84,55,0,9,19,85
MPV-GEN-T8-N90-R06,laff,2,item-061,84,0,51,9,32,41
MPV-GEN-T8-N90-R06,laff,2,item-023,93,0,51,7,100,16
MPV-GEN-T8-N90-R06,laff,2,item-000,84,74,0,7,25,63
MPV-GEN-T8-N90-R06,laff,2,item-084,93,0,67,7,48,31
MPV-GEN-T8-N90-R06,laff,2,item-039,84,48,85,15,45,10
MPV-GEN-T8-N90-R06,laff,2,item-089,93,55,0,2,40,37
MPV-GEN-T8-N90-R06,laff,3,item-004,0,0,0,76,97,99
MPV-GEN-T8-N90-R06,laff,3,item-032,76,0,0,22,92,39
MPV-GEN-T8-N90-R06,laff,3,item-058,76,0,39,19,58,37
MPV-GEN-T8-N90-R06,laff,3,item-037,76,0,76,21,72,22
MPV-GEN-T8-N90-R06,laff,3,item-002,98,0,0,2,79,67
MPV-GEN-T8-N90-R06,laff,4,item-003,0,0,0,85,85,56
MPV-GEN-T8-N90-R06,laff,4,item-070,0,85,0,85,10,46
MPV-GEN-T8-N90-R06,laff,4,item-038,0,0,56,70,91,43
MPV-GEN-T8-N90-R06,laff,4,item-021,70,0,56,27,95,7
MPV-GEN-T8-N90-R06,laff,4,item-054,70,0,63,17,81,6
MPV-GEN-T8-N90-R06,laff,5,item-031,0,0,0,72,97,92
MPV-GEN-T8-N90-R06,laff,5,item-017,72,0,0,22,37,83
MPV-GEN-T8-N90-R06,laff,5,item-018,72,37,0,19,43,81
MPV-GEN-T8-N90-R06,laff,5,item-063,91,37,0,3,44,70
MPV-GEN-T8-N90-R06,laff,5,item-071,94,0,0,1,58,84
MPV-GEN-T8-N90-R06,laff,6,item-067,0,0,0,72,87,85
MPV-GEN-T8-N90-R06,laff,6,item-001,0,87,0,82,13,83
MPV-GEN-T8-N90-R06,laff,6,item-009,72,0,0,17,48,66
MPV-GEN-T8-N90-R06,laff,6,item-064,72,48,0,20,32,64
MPV-GEN-T8-N90-R06,laff,6,item-066,92,0,0,7,76,60
MPV-GEN-T8-N90-R06,laff,6,item-022,0,0,85,68,50,15
MPV-GEN-T8-N90-R06,laff,7,item-073,0,0,0,76,82,93
MPV-GEN-T8-N90-R06,laff,7,item-074,0,82,0,70,17,44
MPV-GEN-T8-N90-R06,laff,7,item-015,0,82,44,43,18,35
MPV-GEN-T8-N90-R06,laff,8,item-024,0,0,0,99,60,68
MPV-GEN-T8-N90-R06,laff,8,item-075,0,60,0,49,40,67
MPV-GEN-T8-N90-R06,laff,8,item-087,49,60,0,46,36,66
MPV-GEN-T8-N90-R06,laff,8,item-013,0,0,68,85,36,29
MPV-GEN-T8-N90-R06,laff,8,item-005,0,36,68,63,32,26
MPV-GEN-T8-N90-R06,laff,8,item-027,0,68,68,71,25,25
MPV-GEN-T8-N90-R06,laff,9,item-014,0,0,0,59,90,35
MPV-GEN-T8-N90-R06,laff,9,item-033,59,0,0,33,50,26
MPV-GEN-T8-N90-R06,laff,9,item-076,59,50,0,32,33,26
MPV-GEN-T8-N90-R06,laff,9,item-048,0,0,35,49,100,54
MPV-GEN-T8-N90-R06,laff,9,item-030,49,0,35,46,86,33
MPV-GEN-T8-N90-R06,laff,10,item-049,0,0,0,69,63,42
MPV-GEN-T8-N90-R06,laff,10,item-034,0,63,0,47,30,32
MPV-GEN-T8-N90-R06,laff,10,item-040,0,0,42,64,47,50
MPV-GEN-T8-N90-R06,laff,10,item-057,0,47,42,68,27,49
MPV-GEN-T8-N90-R06,laff,10,item-012,0,74,42,80,6,45
MPV-GEN-T8-N90-R06,laff,11,item-081,0,0,0,62,63,65
MPV-GEN-T8-N90-R06,laff,11,item-068,0,63,0,69,30,63
MPV-GEN-T8-N90-R06,laff,11,item-045,0,93,0,89,7,60
MPV-GEN-T8-N90-R06,laff,12,item-083,0,0,0,67,54,64
MPV-GEN-T8-N90-R06,laff,12,item-025,0,54,0,58,39,54
MPV-GEN-T8-N90-R06,laff,13,item-055,0,0,0,49,73,65
MPV-GEN-T8-N90-R06,laff,13,item-051,49,0,0,41,58,48
MPV-GEN-T8-N90-R06,laff,14,item-019,0,0,0,77,46,92
MPV-GEN-T8-N90-R06,laff,14,item-056,0,46,0,93,36,85
MPV-GEN-T8-N90-R06,laff,14,item-010,0,82,0,48,11,76
MPV-GEN-T8-N90-R06,laff,15,item-016,0,0,0,88,40,99
MPV-GEN-T8-N90-R06,laff,15,item-060,0,40,0,52,57,84
MPV-GEN-T8-N90-R06,laff,15,item-042,52,40,0,26,49,99
MPV-GEN-T8-N90-R06,laff,15,item-036,78,40,0,12,47,99
MPV-GEN-T8-N90-R06,laff,16,item-080,0,0,0,59,53,72
MPV-GEN-T8-N90-R06,laff,16,item-085,59,0,0,33,66,67
MPV-GEN-T8-N90-R06,laff,17,item-006,0,0,0,77,30,99
MPV-GEN-T8-N90-R06,laff,17,item-046,0,30,0,37,61,93
MPV-GEN-T8-N90-R06,laff,17,item-011,37,30,0,29,63,73
MPV-GEN-T8-N90-R06,laff,17,item-078,0,93,0,72,4,96
MPV-GEN-T8-N90-R06,laff,18,item-052,0,0,0,64,27,86
MPV-GEN-T8-N90-R06,laff,19,item-086,0,0,0,62,16,97
MPV-GEN-T8-N90-R07,laff,0,item-006,0,0,0,96,90,97
MPV-GEN-T8-N90-R07,laff,0,item-065,0,90,0,84,10,92
MPV-GEN-T8-N90-R07,laff,0,item-072,84,90,0,16,10,83
MPV-GEN-T8-N90-R07,laff,0,item-073,96,0,83,4,76,13
MPV-GEN-T8-N90-R07,laff,0,item-032,96,0,0,1,8,34
MPV-GEN-T8-N90-R07,laff,0,item-008,84,90,83,2,3,10
MPV-GEN-T8-N90-R07,laff,0,item-056,0,0,97,83,85,3
MPV-GEN-T8-N90-R07,laff,1,item-040,0,0,0,82,96,96
MPV-GEN-T8-N90-R07,laff,1,item-087,82,0,0,10,95,71
MPV-GEN-T8-N90-R07,laff,1,item-046,92,0,0,7,49,91
MPV-GEN-T8-N90-R07,laff,1,item-021,92,49,0,8,37,72
MPV-GEN-T8-N90-R07,laff,1,item-071,0,96,0,66,4,80
MPV-GEN-T8-N90-R07,laff,1,item-019,82,49,72,18,37,8
MPV-GEN-T8-N90-R07,laff,1,item-025,66,96,0,15,2,66
MPV-GEN-T8-N90-R07,laff,1,item-052,82,0,91,14,24,4
MPV-GEN-T8-N90-R07,laff,1,item-035,0,0,96,67,42,1
MPV-GEN-T8-N90-R07,laff,1,item-027,67,0,96,20,59,1
MPV-GEN-T8-N90-R07,laff,1,item-088,0,0,97,52,28,2
MPV-GEN-T8-N90-R07,laff,2,item-036,0,0,0,82,84,81
MPV-GEN-T8-N90-R07,laff,2,item-058,82,0,0,14,47,76
MPV-GEN-T8-N90-R07,laff,2,item-081,0,84,0,50,13,74
MPV-GEN-T8-N90-R07,laff,2,item-028,50,84,0,48,13,71
MPV-GEN-T8-N90-R07,laff,2,item-074,82,47,0,13,26,55
MPV-GEN-T8-N90-R07,laff,2,item-043,82,73,0,18,10,41
MPV-GEN-T8-N90-R07,laff,2,item-089,0,97,0,62,2,57
MPV-GEN-T8-N90-R07,laff,2,item-066,0,84,74,46,16,7
MPV-GEN-T8-N90-R07,laff,2,item-069,0,0,81,97,63,7
MPV-GEN-T8-N90-R07,laff,2,item-075,0,63,81,97,27,7
MPV-GEN-T8-N90-R07,laff,3,item-017,0,0,0,62,100,52
MPV-GEN-T8-N90-R07,laff,3,item-024,62,0,0,26,65,50
MPV-GEN-T8-N90-R07,laff,3,item-009,88,0,0,10,70,31
MPV-GEN-T8-N90-R07,laff,3,item-012,88,0,31,11,98,20
MPV-GEN-T8-N90-R07,laff,3,item-067,62,65,0,12,34,41
MPV-GEN-T8-N90-R07,laff,3,item-061,74,65,0,9,26,41
MPV-GEN-T8-N90-R07,laff,3,item-053,74,91,0,23,7,27
MPV-GEN-T8-N90-R07,laff,3,item-051,0,0,52,58,85,25
MPV-GEN-T8-N90-R07,laff,3,item-042,58,0,52,32,93,13
MPV-GEN-T8-N90-R07,laff,3,item-022,0,93,52,67,7,18
MPV-GEN-T8-N90-R07,laff,3,item-049,0,0,77,57,49,14
MPV-GEN-T8-N90-R07,laff,4,item-000,0,0,0,77,78,86
MPV-GEN-T8-N90-R07,laff,4,item-031,77,0,0,20,99,56
MPV-GEN-T8-N90-R07,laff,4,item-048,0,78,0,48,21,73
MPV-GEN-T8-N90-R07,laff,4,item-054,48,78,0,27,10,68
MPV-GEN-T8-N90-R07,laff,4,item-059,48,88,0,24,5,58
MPV-GEN-T8-N90-R07,laff,5,item-080,0,0,0,89,61,78
MPV-GEN-T8-N90-R07,laff,5,item-026,0,61,0,68,31,77
MPV-GEN-T8-N90-R07,laff,5,item-077,0,92,0,53,5,67
MPV-GEN-T8-N90-R07,laff,5,item-023,0,97,0,67,3,33
MPV-GEN-T8-N90-R07,laff,5,item-050,0,0,78,98,26,20
MPV-GEN-T8-N90-R07,laff,5,item-078,0,26,78,43,53,15
MPV-GEN-T8-N90-R07,laff,6,item-084,0,0,0,81,64,49
MPV-GEN-T8-N90-R07,laff,6,item-085,0,64,0,98,32,43
MPV-GEN-T8-N90-R07,laff,6,item-057,0,0,49,72,49,34
MPV-GEN-T8-N90-R07,laff,6,item-076,0,49,49,51,42,28
MPV-GEN-T8-N90-R07,laff,6,item-002,51,49,49,45,36,22
MPV-GEN-T8-N90-R07,laff,7,item-079,0,0,0,66,78,91
MPV-GEN-T8-N90-R07,laff,7,item-060,66,0,0,34,98,86
MPV-GEN-T8-N90-R07,laff,7,item-001,0,78,0,46,20,88
MPV-GEN-T8-N90-R07,laff,8,item-082,0,0,0,68,71,55
MPV-GEN-T8-N90-R07,laff,8,item-044,0,71,0,94,29,44
MPV-GEN-T8-N90-R07,laff,8,item-033,68,0,0,29,68,35
MPV-GEN-T8-N90-R07,laff,8,item-068,0,0,55,96,22,38
MPV-GEN-T8-N90-R07,laff,8,item-047,0,22,55,81,23,35
MPV-GEN-T8-N90-R07,laff,9,item-029,0,0,0,95,49,86
MPV-GEN-T8-N90-R07,laff,9,item-005,0,49,0,59,47,74
MPV-GEN-T8-N90-R07,laff,10,item-014,0,0,0,69,67,58
MPV-GEN-T8-N90-R07,laff,10,item-083,69,0,0,19,92,56
MPV-GEN-T8-N90-R07,laff,10,item-062,0,0,58,33,56,34
MPV-GEN-T8-N90-R07,laff,11,item-055,0,0,0,73,63,58
MPV-GEN-T8-N90-R07,laff,11,item-039,73,0,0,20,64,35
MPV-GEN-T8-N90-R07,laff,12,item-064,0,0,0,47,97,86
MPV-GEN-T8-N90-R07,laff,12,item-037,47,0,0,46,91,58
MPV-GEN-T8-N90-R07,laff,13,item-011,0,0,0,54,78,90
MPV-GEN-T8-N90-R07,laff,13,item-013,54,0,0,45,75,65
MPV-GEN-T8-N90-R07,laff,14,item-034,0,0,0,46,74,55
MPV-GEN-T8-N90-R07,laff,14,item-030,46,0,0,44,59,51
MPV-GEN-T8-N90-R07,laff,15,item-003,0,0,0,41,83,61
MPV-GEN-T8-N90-R07,laff,15,item-041,41,0,0,50,49,61
MPV-GEN-T8-N90-R07,laff,16,item-004,0,0,0,35,61,61
MPV-GEN-T8-N90-R07,laff,17,item-045,0,0,0,33,54,68
MPV-GEN-T8-N90-R07,laff,17,item-063,33,0,0,24,55,62
MPV-GEN-T8-N90-R07,laff,18,item-038,0,0,0,28,60,86
MPV-GEN-T8-N90-R07,laff,18,item-070,28,0,0,20,63,77
MPV-GEN-T8-N90-R07,laff,18,item-020,48,0,0,19,65,77
MPV-GEN-T8-N90-R07,laff,19,item-015,0,0,0,68,24,100
MPV-GEN-T8-N90-R07,laff,19,item-010,0,24,0,74,20,91
MPV-GEN-T8-N90-R07,laff,19,item-007,0,44,0,91,9,99
MPV-GEN-T8-N90-R07,laff,19,item-086,0,53,0,41,20,91
MPV-GEN-T8-N90-R07,laff,19,item-016,0,73,0,30,17,94
MPV-GEN-T8-N90-R07,laff,19,item-018,41,53,0,9,43,95
MPV-GEN-T8-N90-R08,laff,0,item-054,0,0,0,86,90,79
MPV-GEN-T8-N90-R08,laff,0,item-028,86,0,0,6,98,58
MPV-GEN-T8-N90-R08,laff,0,item-071,0,90,0,82,3,77
MPV-GEN-T8-N90-R08,laff,0,item-005,92,0,0,4,61,75
MPV-GEN-T8-N90-R08,laff,0,item-087,0,93,0,75,1,75
MPV-GEN-T8-N90-R08,laff,0,item-074,86,0,58,3,34,17
MPV-GEN-T8-N90-R08,laff,0,item-078,0,94,0,13,1,33
MPV-GEN-T8-N90-R08,laff,0,item-036,86,34,58,1,20,16
MPV-GEN-T8-N90-R08,laff,0,item-069,0,93,75,14,5,3
MPV-GEN-T8-N90-R08,laff,0,item-010,86,34,74,1,28,5
MPV-GEN-T8-N90-R08,laff,0,item-083,0,0,79,72,83,1
MPV-GEN-T8-N90-R08,laff,0,item-068,0,0,80,74,63,12
MPV-GEN-T8-N90-R08,laff,0,item-013,0,63,80,58,13,2
MPV-GEN-T8-N90-R08,laff,0,item-023,0,0,92,80,53,1
MPV-GEN-T8-N90-R08,laff,0,item-070,0,0,93,54,67,7
MPV-GEN-T8-N90-R08,laff,0,item-011,54,0,93,30,92,6
MPV-GEN-T8-N90-R08,laff,1,item-015,0,0,0,92,83,64
MPV-GEN-T8-N90-R08,laff,1,item-063,0,83,0,96,13,55
MPV-GEN-T8-N90-R08,laff,1,item-019,92,0,0,6,79,25
MPV-GEN-T8-N90-R08,laff,1,item-014,0,0,64,80,91,32
MPV-GEN-T8-N90-R08,laff,1,item-052,80,0,64,17,72,23
MPV-GEN-T8-N90-R08,laff,2,item-043,0,0,0,99,72,57
MPV-GEN-T8-N90-R08,laff,2,item-053,0,72,0,100,14,39
MPV-GEN-T8-N90-R08,laff,2,item-050,0,86,0,13,10,43
MPV-GEN-T8-N90-R08,laff,2,item-024,0,0,57,100,69,33
MPV-GEN-T8-N90-R08,laff,2,item-038,0,69,57,35,28,28
MPV-GEN-T8-N90-R08,laff,2,item-064,0,0,90,73,61,9
MPV-GEN-T8-N90-R08,laff,3,item-034,0,0,0,92,71,25
MPV-GEN-T8-N90-R08,laff,3,item-058,92,0,0,8,87,14
MPV-GEN-T8-N90-R08,laff,3,item-029,0,0,25,79,67,51
MPV-GEN-T8-N90-R08,laff,3,item-041,0,67,25,90,32,38
MPV-GEN-T8-N90-R08,laff,3,item-027,79,0,25,16,46,30
MPV-GEN-T8-N90-R08,laff,3,item-080,79,46,25,20,18,37
MPV-GEN-T8-N90-R08,laff,3,item-061,90,64,25,10,21,42
MPV-GEN-T8-N90-R08,laff,3,item-084,0,0,76,56,81,16
MPV-GEN-T8-N90-R08,laff,3,item-000,0,0,92,48,78,8
MPV-GEN-T8-N90-R08,laff,4,item-044,0,0,0,89,57,71
MPV-GEN-T8-N90-R08,laff,4,item-077,0,57,0,77,39,59
MPV-GEN-T8-N90-R08,laff,4,item-082,77,57,0,23,35,53
MPV-GEN-T8-N90-R08,laff,4,item-025,0,0,71,71,64,27
MPV-GEN-T8-N90-R08,laff,4,item-057,71,0,71,25,72,18
MPV-GEN-T8-N90-R08,laff,5,item-009,0,0,0,54,93,43
MPV-GEN-T8-N90-R08,laff,5,item-049,54,0,0,46,88,35
MPV-GEN-T8-N90-R08,laff,5,item-066,0,0,43,84,57,53
MPV-GEN-T8-N90-R08,laff,5,item-072,0,57,43,87,42,37
MPV-GEN-T8-N90-R08,laff,5,item-065,84,0,43,16,24,41
MPV-GEN-T8-N90-R08,laff,6,item-051,0,0,0,74,63,53
MPV-GEN-T8-N90-R08,laff,6,item-086,74,0,0,19,77,38
MPV-GEN-T8-N90-R08,laff,6,item-059,0,63,0,52,19,47
MPV-GEN-T8-N90-R08,laff,6,item-018,0,0,53,100,44,10
MPV-GEN-T8-N90-R08,laff,6,item-007,0,0,63,47,91,35
MPV-GEN-T8-N90-R08,laff,6,item-042,47,0,63,39,90,28
MPV-GEN-T8-N90-R08,laff,7,item-088,0,0,0,91,48,100
MPV-GEN-T8-N90-R08,laff,7,item-033,0,48,0,74,35,91
MPV-GEN-T8-N90-R08,laff,7,item-046,74,48,0,26,38,90
MPV-GEN-T8-N90-R08,laff,7,item-022,0,83,0,65,15,68
MPV-GEN-T8-N90-R08,laff,8,item-062,0,0,0,56,77,40
MPV-GEN-T8-N90-R08,laff,8,item-081,56,0,0,39,64,30
MPV-GEN-T8-N90-R08,laff,8,item-008,0,0,40,76,51,32
MPV-GEN-T8-N90-R08,laff,8,item-079,0,51,40,62,45,27
MPV-GEN-T8-N90-R08,laff,8,item-017,0,0,72,51,62,20
MPV-GEN-T8-N90-R08,laff,9,item-067,0,0,0,53,80,98
MPV-GEN-T8-N90-R08,laff,9,item-021,53,0,0,36,80,88
MPV-GEN-T8-N90-R08,laff,9,item-047,0,80,0,85,18,59
MPV-GEN-T8-N90-R08,laff,10,item-003,0,0,0,50,82,65
MPV-GEN-T8-N90-R08,laff,10,item-032,50,0,0,31,77,28
MPV-GEN-T8-N90-R08,laff,10,item-035,50,0,28,27,60,37
MPV-GEN-T8-N90-R08,laff,10,item-002,0,0,65,39,44,28
MPV-GEN-T8-N90-R08,laff,11,item-085,0,0,0,62,51,72
MPV-GEN-T8-N90-R08,laff,11,item-004,0,51,0,93,26,72
MPV-GEN-T8-N90-R08,laff,12,item-075,0,0,0,46,65,100
MPV-GEN-T8-N90-R08,laff,12,item-016,46,0,0,21,93,88
MPV-GEN-T8-N90-R08,laff,12,item-045,67,0,0,30,52,77
MPV-GEN-T8-N90-R08,laff,12,item-030,0,65,0,43,31,70
MPV-GEN-T8-N90-R08,laff,12,item-060,67,52,0,17,38,89
MPV-GEN-T8-N90-R08,laff,12,item-055,43,93,0,46,6,98
MPV-GEN-T8-N90-R08,laff,13,item-040,0,0,0,53,44,43
MPV-GEN-T8-N90-R08,laff,14,item-039,0,0,0,72,30,59
MPV-GEN-T8-N90-R08,laff,15,item-048,0,0,0,46,41,91
MPV-GEN-T8-N90-R08,laff,15,item-073,0,41,0,81,23,86
MPV-GEN-T8-N90-R08,laff,15,item-076,81,0,0,17,50,79
MPV-GEN-T8-N90-R08,laff,15,item-031,81,50,0,17,50,73
MPV-GEN-T8-N90-R08,laff,15,item-056,0,64,0,22,33,74
MPV-GEN-T8-N90-R08,laff,16,item-012,0,0,0,41,39,94
MPV-GEN-T8-N90-R08,laff,16,item-001,0,39,0,59,26,92
MPV-GEN-T8-N90-R08,laff,16,item-089,59,0,0,23,65,78
MPV-GEN-T8-N90-R08,laff,17,item-026,0,0,0,27,52,83
MPV-GEN-T8-N90-R08,laff,18,item-037,0,0,0,22,57,95
MPV-GEN-T8-N90-R08,laff,19,item-020,0,0,0,18,61,100
MPV-GEN-T8-N90-R08,laff,19,item-006,18,0,0,14,51,96
MPV-GEN-T8-N90-R09,laff,0,item-051,0,0,0,91,90,82
MPV-GEN-T8-N90-R09,laff,0,item-087,0,90,0,39,8,80
MPV-GEN-T8-N90-R09,laff,0,item-071,0,98,0,99,1,73
MPV-GEN-T8-N90-R09,laff,0,item-004,91,0,0,4,38,34
MPV-GEN-T8-N90-R09,laff,0,item-002,0,99,0,82,1,35
MPV-GEN-T8-N90-R09,laff,0,item-079,91,0,34,7,11,16
MPV-GEN-T8-N90-R09,laff,0,item-011,91,0,50,7,7,23
MPV-GEN-T8-N90-R09,laff,0,item-077,91,0,73,2,74,4
MPV-GEN-T8-N90-R09,laff,0,item-057,0,0,82,77,94,3
MPV-GEN-T8-N90-R09,laff,0,item-082,0,0,85,77,52,4
MPV-GEN-T8-N90-R09,laff,0,item-067,0,52,85,93,27,2
MPV-GEN-T8-N90-R09,laff,0,item-027,0,0,89,13,80,6
MPV-GEN-T8-N90-R09,laff,1,item-069,0,0,0,82,96,48
MPV-GEN-T8-N90-R09,laff,1,item-032,82,0,0,10,93,23
MPV-GEN-T8-N90-R09,laff,1,item-075,0,96,0,94,4,40
MPV-GEN-T8-N90-R09,laff,1,item-080,0,0,48,98,74,43
MPV-GEN-T8-N90-R09,laff,1,item-064,0,74,48,100,26,31
MPV-GEN-T8-N90-R09,laff,1,item-048,0,74,79,97,10,10
MPV-GEN-T8-N90-R09,laff,1,item-009,0,84,79,47,15,8
MPV-GEN-T8-N90-R09,laff,2,item-005,0,0,0,100,76,75
MPV-GEN-T8-N90-R09,laff,2,item-073,0,76,0,57,17,58
MPV-GEN-T8-N90-R09,laff,2,item-014,57,76,0,38,16,55
MPV-GEN-T8-N90-R09,laff,2,item-036,0,93,0,71,5,50
MPV-GEN-T8-N90-R09,laff,2,item-003,0,0,75,58,80,22
MPV-GEN-T8-N90-R09,laff,2,item-043,58,0,75,31,87,22
MPV-GEN-T8-N90-R09,laff,3,item-017,0,0,0,91,77,37
MPV-GEN-T8-N90-R09,laff,3,item-040,0,0,37,71,93,41
MPV-GEN-T8-N90-R09,laff,3,item-025,71,0,37,28,79,39
MPV-GEN-T8-N90-R09,laff,3,item-010,0,0,78,27,85,20
MPV-GEN-T8-N90-R09,laff,3,item-023,27,0,78,40,56,18
MPV-GEN-T8-N90-R09,laff,3,item-029,27,56,78,64,34,15
MPV-GEN-T8-N90-R09,laff,3,item-012,67,0,78,24,31,17
MPV-GEN-T8-N90-R09,laff,4,item-034,0,0,0,91,67,48
MPV-GEN-T8-N90-R09,laff,4,item-060,0,67,0,99,27,43
MPV-GEN-T8-N90-R09,laff,4,item-052,0,0,48,67,69,41
MPV-GEN-T8-N90-R09,laff,4,item-084,67,0,48,30,49,34
MPV-GEN-T8-N90-R09,laff,4,item-035,0,69,48,40,31,26
MPV-GEN-T8-N90-R09,laff,4,item-070,40,69,48,41,20,38
MPV-GEN-T8-N90-R09,laff,4,item-015,81,49,48,17,41,29
MPV-GEN-T8-N90-R09,laff,5,item-088,0,0,0,81,69,99
MPV-GEN-T8-N90-R09,laff,5,item-046,0,69,0,96,26,88
MPV-GEN-T8-N90-R09,laff,5,item-013,81,0,0,18,52,86
MPV-GEN-T8-N90-R09,laff,5,item-030,0,95,0,93,4,88
MPV-GEN-T8-N90-R09,laff,5,item-061,81,52,0,10,15,42
MPV-GEN-T8-N90-R09,laff,6,item-008,0,0,0,99,48,55
MPV-GEN-T8-N90-R09,laff,6,item-078,0,48,0,84,50,52
MPV-GEN-T8-N90-R09,laff,6,item-018,0,0,55,90,44,24
MPV-GEN-T8-N90-R09,laff,6,item-024,0,0,79,27,74,15
MPV-GEN-T8-N90-R09,laff,7,item-065,0,0,0,49,91,89
MPV-GEN-T8-N90-R09,laff,7,item-019,49,0,0,47,70,89
MPV-GEN-T8-N90-R09,laff,7,item-049,49,70,0,34,26,55
MPV-GEN-T8-N90-R09,laff,7,item-022,83,70,0,12,24,71
MPV-GEN-T8-N90-R09,laff,8,item-038,0,0,0,93,45,71
MPV-GEN-T8-N90-R09,laff,8,item-039,0,45,0,77,49,36
MPV-GEN-T8-N90-R09,laff,8,item-059,0,45,36,81,34,35
MPV-GEN-T8-N90-R09,laff,8,item-021,81,45,0,17,22,53
MPV-GEN-T8-N90-R09,laff,8,item-000,77,67,0,18,31,31
MPV-GEN-T8-N90-R09,laff,9,item-058,0,0,0,55,76,53
MPV-GEN-T8-N90-R09,laff,9,item-044,55,0,0,31,86,49
MPV-GEN-T8-N90-R09,laff,9,item-085,0,76,0,27,17,48
MPV-GEN-T8-N90-R09,laff,9,item-086,0,0,53,46,81,32
MPV-GEN-T8-N90-R09,laff,10,item-020,0,0,0,68,58,70
MPV-GEN-T8-N90-R09,laff,10,item-050,68,0,0,27,95,65
MPV-GEN-T8-N90-R09,laff,10,item-028,0,58,0,65,34,44
MPV-GEN-T8-N90-R09,laff,11,item-045,0,0,0,74,51,85
MPV-GEN-T8-N90-R09,laff,11,item-074,0,51,0,46,43,80
MPV-GEN-T8-N90-R09,laff,11,item-066,74,0,0,23,97,48
MPV-GEN-T8-N90-R09,laff,12,item-033,0,0,0,70,53,100
MPV-GEN-T8-N90-R09,laff,12,item-062,0,53,0,78,45,99
MPV-GEN-T8-N90-R09,laff,12,item-081,70,0,0,27,14,87
MPV-GEN-T8-N90-R09,laff,13,item-037,0,0,0,47,76,79
MPV-GEN-T8-N90-R09,laff,13,item-007,47,0,0,52,26,72
MPV-GEN-T8-N90-R09,laff,13,item-047,47,26,0,42,64,36
MPV-GEN-T8-N90-R09,laff,13,item-042,47,26,36,45,34,42
MPV-GEN-T8-N90-R09,laff,13,item-041,0,76,0,31,14,66
MPV-GEN-T8-N90-R09,laff,14,item-031,0,0,0,65,52,89
MPV-GEN-T8-N90-R09,laff,14,item-001,0,52,0,71,33,49
MPV-GEN-T8-N90-R09,laff,15,item-055,0,0,0,70,48,91
MPV-GEN-T8-N90-R09,laff,15,item-026,0,48,0,85,20,90
MPV-GEN-T8-N90-R09,laff,15,item-016,0,68,0,63,18,83
MPV-GEN-T8-N90-R09,laff,16,item-054,0,0,0,44,71,89
MPV-GEN-T8-N90-R09,laff,16,item-068,44,0,0,53,55,87
MPV-GEN-T8-N90-R09,laff,16,item-072,0,71,0,57,27,44
MPV-GEN-T8-N90-R09,laff,17,item-089,0,0,0,83,27,98
MPV-GEN-T8-N90-R09,laff,17,item-056,0,27,0,60,34,92
MPV-GEN-T8-N90-R09,laff,17,item-076,60,27,0,36,59,81
MPV-GEN-T8-N90-R09,laff,17,item-006,0,61,0,33,11,94
MPV-GEN-T8-N90-R09,laff,18,item-083,0,0,0,24,73,93
MPV-GEN-T8-N90-R09,laff,19,item-063,0,0,0,69,24,99
MPV-GEN-T8-N90-R09,laff,20,item-053,0,0,0,76,20,100
MPV-GEN-T8-N90-R10,laff,0,item-055,0,0,0,95,91,83
MPV-GEN-T8-N90-R10,laff,0,item-002,0,91,0,76,9,41
MPV-GEN-T8-N90-R10,laff,0,item-079,95,0,0,3,78,52
MPV-GEN-T8-N90-R10,laff,0,item-076,98,0,0,2,67,32
MPV-GEN-T8-N90-R10,laff,0,item-007,0,91,41,56,8,8
MPV-GEN-T8-N90-R10,laff,0,item-031,76,91,0,14,3,54
MPV-GEN-T8-N90-R10,laff,0,item-000,0,0,83,89,83,1
MPV-GEN-T8-N90-R10,laff,0,item-019,0,0,84,87,60,6
MPV-GEN-T8-N90-R10,laff,0,item-017,0,60,84,32,39,5
MPV-GEN-T8-N90-R10,laff,0,item-080,32,60,84,29,31,2
MPV-GEN-T8-N90-R10,laff,0,item-062,0,0,90,49,66,5
MPV-GEN-T8-N90-R10,laff,1,item-009,0,0,0,91,90,72
MPV-GEN-T8-N90-R10,laff,1,item-054,91,0,0,3,51,52
MPV-GEN-T8-N90-R10,laff,1,item-051,91,0,52,7,16,10
MPV-GEN-T8-N90-R10,laff,1,item-032,0,0,72,88,62,17
MPV-GEN-T8-N90-R10,laff,1,item-053,0,62,72,53,27,12
MPV-GEN-T8-N90-R10,laff,1,item-030,0,0,89,92,24,7
MPV-GEN-T8-N90-R10,laff,2,item-056,0,0,0,99,82,63
MPV-GEN-T8-N90-R10,laff,2,item-082,0,82,0,32,16,54
MPV-GEN-T8-N90-R10,laff,2,item-039,32,82,0,29,15,60
MPV-GEN-T8-N90-R10,laff,2,item-057,61,82,0,30,17,39
MPV-GEN-T8-N90-R10,laff,2,item-029,0,0,63,100,52,32
MPV-GEN-T8-N90-R10,laff,2,item-048,0,52,63,95,30,28
MPV-GEN-T8-N90-R10,laff,2,item-049,0,82,63,71,13,28
MPV-GEN-T8-N90-R10,laff,3,item-060,0,0,0,82,67,46
MPV-GEN-T8-N90-R10,laff,3,item-011,0,67,0,83,21,39
MPV-GEN-T8-N90-R10,laff,3,item-003,82,0,0,15,27,26
MPV-GEN-T8-N90-R10,laff,3,item-081,82,27,0,16,13,43
MPV-GEN-T8-N90-R10,laff,3,item-022,83,40,0,10,32,21
MPV-GEN-T8-N90-R10,laff,3,item-035,0,0,46,100,49,14
MPV-GEN-T8-N90-R10,laff,3,item-038,0,49,46,52,13,13
MPV-GEN-T8-N90-R10,laff,3,item-089,0,0,60,44,90,19
MPV-GEN-T8-N90-R10,laff,3,item-037,44,0,60,23,94,16
MPV-GEN-T8-N90-R10,laff,4,item-070,0,0,0,75,72,68
MPV-GEN-T8-N90-R10,laff,4,item-067,0,72,0,86,25,59
MPV-GEN-T8-N90-R10,laff,4,item-013,0,0,68,31,90,23
MPV-GEN-T8-N90-R10,laff,5,item-078,0,0,0,54,98,70
MPV-GEN-T8-N90-R10,laff,5,item-047,54,0,0,46,59,60
MPV-GEN-T8-N90-R10,laff,5,item-026,54,59,0,44,41,48
MPV-GEN-T8-N90-R10,laff,5,item-005,0,0,70,45,38,24
MPV-GEN-T8-N90-R10,laff,6,item-010,0,0,0,54,93,86
MPV-GEN-T8-N90-R10,laff,6,item-075,54,0,0,43,90,81
MPV-GEN-T8-N90-R10,laff,6,item-065,0,93,0,29,5,86
MPV-GEN-T8-N90-R10,laff,6,item-043,0,98,0,12,1,86
MPV-GEN-T8-N90-R10,laff,6,item-023,29,93,0,1,6,86
MPV-GEN-T8-N90-R10,laff,7,item-083,0,0,0,77,64,86
MPV-GEN-T8-N90-R10,laff,7,item-008,77,0,0,21,96,77
MPV-GEN-T8-N90-R10,laff,7,item-042,0,64,0,52,31,57
MPV-GEN-T8-N90-R10,laff,7,item-085,0,64,57,43,36,25
MPV-GEN-T8-N90-R10,laff,8,item-052,0,0,0,70,65,60
MPV-GEN-T8-N90-R10,laff,8,item-033,0,65,0,67,20,56
MPV-GEN-T8-N90-R10,laff,8,item-018,70,0,0,29,45,39
MPV-GEN-T8-N90-R10,laff,9,item-061,0,0,0,63,62,43
MPV-GEN-T8-N90-R10,laff,9,item-074,63,0,0,36,51,42
MPV-GEN-T8-N90-R10,laff,9,item-006,0,0,43,51,72,45
MPV-GEN-T8-N90-R10,laff,10,item-012,0,0,0,54,72,91
MPV-GEN-T8-N90-R10,laff,10,item-028,54,0,0,23,71,83
MPV-GEN-T8-N90-R10,laff,10,item-050,0,72,0,42,27,88
MPV-GEN-T8-N90-R10,laff,10,item-058,42,72,0,49,16,91
MPV-GEN-T8-N90-R10,laff,10,item-059,91,0,0,9,100,76
MPV-GEN-T8-N90-R10,laff,10,item-027,77,0,0,9,67,83
MPV-GEN-T8-N90-R10,laff,10,item-087,86,0,0,4,66,84
MPV-GEN-T8-N90-R10,laff,11,item-068,0,0,0,79,48,61
MPV-GEN-T8-N90-R10,laff,11,item-064,0,48,0,74,38,54
MPV-GEN-T8-N90-R10,laff,12,item-040,0,0,0,90,41,88
MPV-GEN-T8-N90-R10,laff,12,item-036,0,41,0,90,41,85
MPV-GEN-T8-N90-R10,laff,12,item-046,0,82,0,67,15,87
MPV-GEN-T8-N90-R10,laff,12,item-016,90,0,0,6,94,77
MPV-GEN-T8-N90-R10,laff,13,item-020,0,0,0,67,54,93
MPV-GEN-T8-N90-R10,laff,13,item-014,0,54,0,49,40,77
MPV-GEN-T8-N90-R10,laff,13,item-044,67,0,0,26,62,76
MPV-GEN-T8-N90-R10,laff,13,item-069,49,62,0,51,38,44
MPV-GEN-T8-N90-R10,laff,14,item-084,0,0,0,53,66,53
MPV-GEN-T8-N90-R10,laff,14,item-001,53,0,0,36,39,53
MPV-GEN-T8-N90-R10,laff,14,item-025,53,39,0,32,41,52
MPV-GEN-T8-N90-R10,laff,14,item-041,0,0,53,71,45,43
MPV-GEN-T8-N90-R10,laff,15,item-063,0,0,0,41,82,92
MPV-GEN-T8-N90-R10,laff,15,item-073,0,82,0,86,12,79
MPV-GEN-T8-N90-R10,laff,15,item-086,41,0,0,24,38,79
MPV-GEN-T8-N90-R10,laff,15,item-021,41,38,0,45,17,69
MPV-GEN-T8-N90-R10,laff,16,item-071,0,0,0,63,48,70
MPV-GEN-T8-N90-R10,laff,16,item-034,0,48,0,89,12,70
MPV-GEN-T8-N90-R10,laff,17,item-066,0,0,0,61,38,94
MPV-GEN-T8-N90-R10,laff,17,item-015,0,38,0,41,48,93
MPV-GEN-T8-N90-R10,laff,17,item-045,41,38,0,19,49,94
MPV-GEN-T8-N90-R10,laff,18,item-072,0,0,0,28,59,98
MPV-GEN-T8-N90-R10,laff,18,item-088,0,59,0,20,41,97
MPV-GEN-T8-N90-R10,laff,18,item-077,20,59,0,26,8,96
MPV-GEN-T8-N90-R10,laff,18,item-004,20,67,0,62,3,97
MPV-GEN-T8-N90-R10,laff,18,item-024,82,0,0,1,78,98
MPV-GEN-T9-N30-R01,laff,0,item-003,0,0,0,56,100,56
MPV-GEN-T9-N30-R01,laff,0,item-001,56,0,0,39,82,43
MPV-GEN-T9-N30-R01,laff,0,item-004,0,0,56,56,100,29
MPV-GEN-T9-N30-R01,laff,0,item-005,0,0,85,56,100,15
MPV-GEN-T9-N30-R01,laff,1,item-000,0,0,0,39,82,57
MPV-GEN-T9-N30-R01,laff,2,item-023,0,0,0,33,54,100
MPV-GEN-T9-N30-R01,laff,2,item-025,33,0,0,33,54,100
MPV-GEN-T9-N30-R01,laff,2,item-022,0,54,0,67,26,100
MPV-GEN-T9-N30-R01,laff,2,item-018,67,0,0,20,67,100
MPV-GEN-T9-N30-R01,laff,2,item-012,67,67,0,27,33,100
MPV-GEN-T9-N30-R01,laff,2,item-013,87,0,0,13,67,100
MPV-GEN-T9-N30-R01,laff,2,item-002,0,80,0,39,18,100
MPV-GEN-T9-N30-R01,laff,2,item-007,94,67,0,4,33,100
MPV-GEN-T9-N30-R01,laff,3,item-024,0,0,0,67,26,100
MPV-GEN-T9-N30-R01,laff,3,item-020,0,26,0,20,67,100
MPV-GEN-T9-N30-R01,laff,3,item-017,20,26,0,40,33,100
MPV-GEN-T9-N30-R01,laff,3,item-019,20,59,0,40,33,100
MPV-GEN-T9-N30-R01,laff,3,item-021,60,26,0,34,28,100
MPV-GEN-T9-N30-R01,laff,3,item-014,60,54,0,27,33,100
MPV-GEN-T9-N30-R01,laff,3,item-026,20,92,0,67,8,100
MPV-GEN-T9-N30-R01,laff,3,item-027,67,0,0,33,8,100
MPV-GEN-T9-N30-R01,laff,3,item-009,87,54,0,4,33,100
MPV-GEN-T9-N30-R01,laff,3,item-006,91,54,0,3,34,100
MPV-GEN-T9-N30-R01,laff,3,item-008,94,8,0,1,67,100
MPV-GEN-T9-N30-R01,laff,3,item-010,95,8,0,1,67,100
MPV-GEN-T9-N30-R01,laff,4,item-015,0,0,0,13,67,100
MPV-GEN-T9-N30-R01,laff,4,item-029,0,67,0,100,8,100
MPV-GEN-T9-N30-R01,laff,4,item-016,13,0,0,20,34,100
MPV-GEN-T9-N30-R01,laff,4,item-011,33,0,0,14,34,100
MPV-GEN-T9-N30-R01,laff,4,item-028,0,75,0,100,4,100
MPV-GEN-T9-N30-R02,laff,0,item-001,0,0,0,100,96,18
MPV-GEN-T9-N30-R02,laff,0,item-000,0,0,18,100,96,13
MPV-GEN-T9-N30-R02,laff,0,item-002,0,0,31,100,96,6
MPV-GEN-T9-N30-R02,laff,0,item-004,0,0,37,52,96,63
MPV-GEN-T9-N30-R02,laff,0,item-003,52,0,37,42,96,63
MPV-GEN-T9-N30-R02,laff,0,item-005,94,0,37,6,96,63
MPV-GEN-T9-N30-R02,laff,1,item-027,0,0,0,86,74,69
MPV-GEN-T9-N30-R02,laff,1,item-026,0,74,0,86,26,69
MPV-GEN-T9-N30-R02,laff,1,item-028,86,0,0,14,100,66
MPV-GEN-T9-N30-R02,laff,1,item-029,86,0,66,14,100,3
MPV-GEN-T9-N30-R02,laff,1,item-022,0,0,69,67,33,31
MPV-GEN-T9-N30-R02,laff,1,item-023,0,33,69,33,67,31
MPV-GEN-T9-N30-R02,laff,1,item-024,33,33,69,67,33,31
MPV-GEN-T9-N30-R02,laff,1,item-021,33,66,69,34,34,31
MPV-GEN-T9-N30-R02,laff,2,item-025,0,0,0,33,67,31
MPV-GEN-T9-N30-R02,laff,3,item-017,0,0,0,67,27,100
MPV-GEN-T9-N30-R02,laff,3,item-019,0,27,0,67,27,100
MPV-GEN-T9-N30-R02,laff,3,item-018,67,0,0,33,54,100
MPV-GEN-T9-N30-R02,laff,3,item-016,0,54,0,34,27,100
MPV-GEN-T9-N30-R02,laff,3,item-013,0,81,0,33,13,100
MPV-GEN-T9-N30-R02,laff,3,item-015,33,81,0,33,13,100
MPV-GEN-T9-N30-R02,laff,3,item-012,0,94,0,67,6,100
MPV-GEN-T9-N30-R02,laff,3,item-011,34,54,0,34,7,100
MPV-GEN-T9-N30-R02,laff,3,item-008,34,61,0,33,3,100
MPV-GEN-T9-N30-R02,laff,3,item-010,34,64,0,33,3,100
MPV-GEN-T9-N30-R02,laff,3,item-006,34,67,0,34,2,100
MPV-GEN-T9-N30-R02,laff,4,item-020,0,0,0,33,54,100
MPV-GEN-T9-N30-R02,laff,4,item-014,0,54,0,67,6,100
MPV-GEN-T9-N30-R02,laff,4,item-007,0,60,0,67,1,100
MPV-GEN-T9-N30-R02,laff,4,item-009,0,61,0,67,1,100
MPV-GEN-T9-N30-R03,laff,0,item-029,0,0,0,65,100,15
MPV-GEN-T9-N30-R03,laff,0,item-028,65,0,0,35,100,15
MPV-GEN-T9-N30-R03,laff,0,item-026,0,0,15,100,52,81
MPV-GEN-T9-N30-R03,laff,0,item-027,0,52,15,100,48,81
MPV-GEN-T9-N30-R03,laff,0,item-022,0,0,96,67,33,4
MPV-GEN-T9-N30-R03,laff,0,item-023,0,33,96,33,67,4
MPV-GEN-T9-N30-R03,laff,0,item-024,33,33,96,67,33,4
MPV-GEN-T9-N30-R03,laff,0,item-021,33,66,96,34,34,4
MPV-GEN-T9-N30-R03,laff,1,item-005,0,0,0,91,62,100
MPV-GEN-T9-N30-R03,laff,1,item-017,0,62,0,60,33,100
MPV-GEN-T9-N30-R03,laff,1,item-016,60,62,0,30,34,100
MPV-GEN-T9-N30-R03,laff,1,item-002,91,0,0,9,40,100
MPV-GEN-T9-N30-R03,laff,1,item-012,90,62,0,7,33,100
MPV-GEN-T9-N30-R03,laff,1,item-004,0,96,0,91,2,100
MPV-GEN-T9-N30-R03,laff,1,item-000,91,40,0,9,7,100
MPV-GEN-T9-N30-R03,laff,2,item-025,0,0,0,33,67,4
MPV-GEN-T9-N30-R03,laff,3,item-018,0,0,0,30,67,100
MPV-GEN-T9-N30-R03,laff,3,item-020,30,0,0,30,67,100
MPV-GEN-T9-N30-R03,laff,3,item-019,0,67,0,60,33,100
MPV-GEN-T9-N30-R03,laff,3,item-008,60,0,0,33,20,100
MPV-GEN-T9-N30-R03,laff,3,item-010,60,20,0,33,20,100
MPV-GEN-T9-N30-R03,laff,3,item-006,60,40,0,34,10,100
MPV-GEN-T9-N30-R03,laff,3,item-014,60,50,0,7,33,100
MPV-GEN-T9-N30-R03,laff,3,item-001,67,50,0,9,23,100
MPV-GEN-T9-N30-R03,laff,3,item-013,94,0,0,3,67,100
MPV-GEN-T9-N30-R03,laff,3,item-015,97,0,0,3,67,100
MPV-GEN-T9-N30-R03,laff,3,item-011,76,50,0,4,34,100
MPV-GEN-T9-N30-R03,laff,4,item-007,0,0,0,67,10,100
MPV-GEN-T9-N30-R03,laff,4,item-009,0,10,0,67,10,100
MPV-GEN-T9-N30-R03,laff,4,item-003,0,20,0,91,6,100
MPV-GEN-T9-N30-R04,laff,0,item-029,0,0,0,100,68,68
MPV-GEN-T9-N30-R04,laff,0,item-028,0,68,0,100,6,68
MPV-GEN-T9-N30-R04,laff,0,item-002,0,74,0,100,1,55
MPV-GEN-T9-N30-R04,laff,0,item-001,0,75,0,100,1,33
MPV-GEN-T9-N30-R04,laff,0,item-000,0,74,55,100,1,12
MPV-GEN-T9-N30-R04,laff,0,item-004,0,74,67,59,1,1
MPV-GEN-T9-N30-R04,laff,0,item-026,0,0,68,59,74,32
MPV-GEN-T9-N30-R04,laff,0,item-027,59,0,68,41,74,32
MPV-GEN-T9-N30-R04,laff,1,item-008,0,0,0,33,66,100
MPV-GEN-T9-N30-R04,laff,1,item-010,33,0,0,33,66,100
MPV-GEN-T9-N30-R04,laff,1,item-007,0,66,0,67,32,100
MPV-GEN-T9-N30-R04,laff,1,item-013,66,0,0,33,50,100
MPV-GEN-T9-N30-R04,laff,1,item-015,67,50,0,33,50,100
MPV-GEN-T9-N30-R04,laff,1,item-003,0,98,0,59,1,99
MPV-GEN-T9-N30-R04,laff,1,item-005,0,99,0,41,1,100
MPV-GEN-T9-N30-R04,laff,2,item-009,0,0,0,67,32,100
MPV-GEN-T9-N30-R04,laff,2,item-012,0,32,0,67,25,100
MPV-GEN-T9-N30-R04,laff,2,item-014,0,57,0,67,25,100
MPV-GEN-T9-N30-R04,laff,2,item-023,0,82,0,33,18,100
MPV-GEN-T9-N30-R04,laff,2,item-025,33,82,0,33,18,100
MPV-GEN-T9-N30-R04,laff,2,item-018,66,82,0,33,17,100
MPV-GEN-T9-N30-R04,laff,2,item-020,67,0,0,33,17,100
MPV-GEN-T9-N30-R04,laff,3,item-006,0,0,0,34,34,100
MPV-GEN-T9-N30-R04,laff,3,item-011,0,34,0,34,25,100
MPV-GEN-T9-N30-R04,laff,3,item-017,0,59,0,67,8,100
MPV-GEN-T9-N30-R04,laff,3,item-019,0,67,0,67,8,100
MPV-GEN-T9-N30-R04,laff,3,item-022,0,75,0,67,8,100
MPV-GEN-T9-N30-R04,laff,3,item-024,0,83,0,67,8,100
MPV-GEN-T9-N30-R04,laff,3,item-021,34,0,0,34,10,100
MPV-GEN-T9-N30-R04,laff,3,item-016,0,91,0,34,9,100
MPV-GEN-T9-N30-R05,laff,0,item-007,0,0,0,67,32,100
MPV-GEN-T9-N30-R05,laff,0,item-009,0,32,0,67,32,100
MPV-GEN-T9-N30-R05,laff,0,item-008,67,0,0,33,64,100
MPV-GEN-T9-N30-R05,laff,0,item-029,0,64,0,100,18,100
MPV-GEN-T9-N30-R05,laff,0,item-017,0,82,0,67,17,100
MPV-GEN-T9-N30-R05,laff,0,item-000,0,99,0,29,1,100
MPV-GEN-T9-N30-R05,laff,0,item-001,29,99,0,29,1,100
MPV-GEN-T9-N30-R05,laff,0,item-004,58,99,0,42,1,16
MPV-GEN-T9-N30-R05,laff,0,item-027,67,82,0,3,2,100
MPV-GEN-T9-N30-R05,laff,1,item-010,0,0,0,33,64,100
MPV-GEN-T9-N30-R05,laff,1,item-022,0,64,0,67,26,100
MPV-GEN-T9-N30-R05,laff,1,item-024,33,0,0,67,26,100
MPV-GEN-T9-N30-R05,laff,1,item-023,67,26,0,33,52,100
MPV-GEN-T9-N30-R05,laff,1,item-018,33,26,0,33,36,100
MPV-GEN-T9-N30-R05,laff,1,item-028,0,90,0,100,2,100
MPV-GEN-T9-N30-R05,laff,1,item-026,0,92,0,97,2,100
MPV-GEN-T9-N30-R05,laff,1,item-002,0,94,0,58,3,100
MPV-GEN-T9-N30-R05,laff,1,item-005,58,94,0,42,4,84
MPV-GEN-T9-N30-R05,laff,1,item-003,0,97,84,42,3,16
MPV-GEN-T9-N30-R05,laff,2,item-025,0,0,0,33,52,100
MPV-GEN-T9-N30-R05,laff,2,item-020,0,52,0,33,36,100
MPV-GEN-T9-N30-R05,laff,2,item-019,33,0,0,67,17,100
MPV-GEN-T9-N30-R05,laff,2,item-006,33,17,0,34,32,100
MPV-GEN-T9-N30-R05,laff,2,item-013,33,49,0,33,32,100
MPV-GEN-T9-N30-R05,laff,2,item-015,66,49,0,33,32,100
MPV-GEN-T9-N30-R05,laff,2,item-012,33,81,0,67,15,100
MPV-GEN-T9-N30-R05,laff,3,item-014,0,0,0,67,15,100
MPV-GEN-T9-N30-R05,laff,3,item-021,0,15,0,34,26,100
MPV-GEN-T9-N30-R05,laff,3,item-016,0,41,0,34,19,100
MPV-GEN-T9-N30-R05,laff,3,item-011,0,60,0,34,17,100
MPV-GEN-T9-N30-R06,laff,0,item-002,0,0,0,100,100,3
MPV-GEN-T9-N30-R06,laff,0,item-005,0,0,3,100,77,1
MPV-GEN-T9-N30-R06,laff,0,item-004,0,77,3,81,23,1
MPV-GEN-T9-N30-R06,laff,0,item-003,81,77,3,19,23,1
MPV-GEN-T9-N30-R06,laff,0,item-000,0,0,4,59,100,1
MPV-GEN-T9-N30-R06,laff,0,item-001,59,0,4,41,100,1
MPV-GEN-T9-N30-R06,laff,0,item-026,0,0,5,68,54,93
MPV-GEN-T9-N30-R06,laff,0,item-027,0,54,5,68,46,93
MPV-GEN-T9-N30-R06,laff,0,item-028,68,0,5,16,100,93
MPV-GEN-T9-N30-R06,laff,0,item-029,84,0,5,16,100,93
MPV-GEN-T9-N30-R06,laff,1,item-007,0,0,0,67,33,95
MPV-GEN-T9-N30-R06,laff,1,item-008,0,33,0,33,67,95
MPV-GEN-T9-N30-R06,laff,1,item-009,33,33,0,67,33,95
MPV-GEN-T9-N30-R06,laff,1,item-017,33,66,0,67,33,82
MPV-GEN-T9-N30-R06,laff,1,item-022,33,66,82,67,33,7
MPV-GEN-T9-N30-R06,laff,2,item-010,0,0,0,33,67,95
MPV-GEN-T9-N30-R06,laff,2,item-018,33,0,0,33,67,82
MPV-GEN-T9-N30-R06,laff,2,item-019,0,67,0,67,33,82
MPV-GEN-T9-N30-R06,laff,2,item-020,66,0,0,33,67,82
MPV-GEN-T9-N30-R06,laff,2,item-023,33,0,82,33,67,7
MPV-GEN-T9-N30-R06,laff,2,item-024,0,67,82,67,33,7
MPV-GEN-T9-N30-R06,laff,2,item-025,66,0,82,33,67,7
MPV-GEN-T9-N30-R06,laff,3,item-012,0,0,0,67,33,18
MPV-GEN-T9-N30-R06,laff,3,item-013,0,33,0,33,67,18
MPV-GEN-T9-N30-R06,laff,3,item-014,33,33,0,67,33,18
MPV-GEN-T9-N30-R06,laff,3,item-011,33,66,0,34,34,18
MPV-GEN-T9-N30-R06,laff,3,item-015,0,0,18,33,67,18
MPV-GEN-T9-N30-R06,laff,3,item-021,33,0,18,34,34,7
MPV-GEN-T9-N30-R06,laff,4,item-006,0,0,0,34,34,95
MPV-GEN-T9-N30-R06,laff,4,item-016,0,34,0,34,34,82
MPV-GEN-T9-N30-R07,laff,0,item-002,0,0,0,100,89,4
MPV-GEN-T9-N30-R07,laff,0,item-001,0,89,0,100,11,3
MPV-GEN-T9-N30-R07,laff,0,item-000,0,89,3,100,11,1
MPV-GEN-T9-N30-R07,laff,0,item-005,0,0,4,100,69,5
MPV-GEN-T9-N30-R07,laff,0,item-004,0,69,4,100,16,5
MPV-GEN-T9-N30-R07,laff,0,item-003,0,85,4,100,15,5
MPV-GEN-T9-N30-R07,laff,0,item-007,0,0,9,67,33,91
MPV-GEN-T9-N30-R07,laff,0,item-008,0,33,9,33,67,91
MPV-GEN-T9-N30-R07,laff,0,item-009,33,33,9,67,33,91
MPV-GEN-T9-N30-R07,laff,0,item-006,33,66,9,34,34,91
MPV-GEN-T9-N30-R07,laff,0,item-028,67,0,9,7,24,1
MPV-GEN-T9-N30-R07,laff,1,item-012,0,0,0,67,33,99
MPV-GEN-T9-N30-R07,laff,1,item-013,0,33,0,33,67,99
MPV-GEN-T9-N30-R07,laff,1,item-014,33,33,0,67,33,99
MPV-GEN-T9-N30-R07,laff,1,item-011,33,66,0,34,34,99
MPV-GEN-T9-N30-R07,laff,1,item-029,67,0,0,7,24,99
MPV-GEN-T9-N30-R07,laff,1,item-017,0,0,99,67,33,1
MPV-GEN-T9-N30-R07,laff,1,item-018,0,33,99,33,67,1
MPV-GEN-T9-N30-R07,laff,1,item-019,33,33,99,67,33,1
MPV-GEN-T9-N30-R07,laff,1,item-016,33,66,99,34,34,1
MPV-GEN-T9-N30-R07,laff,2,item-015,0,0,0,33,67,99
MPV-GEN-T9-N30-R07,laff,2,item-010,33,0,0,33,67,91
MPV-GEN-T9-N30-R07,laff,2,item-020,33,0,91,33,67,1
MPV-GEN-T9-N30-R07,laff,3,item-023,0,0,0,33,51,100
MPV-GEN-T9-N30-R07,laff,3,item-025,33,0,0,33,51,100
MPV-GEN-T9-N30-R07,laff,3,item-022,0,51,0,67,25,100
MPV-GEN-T9-N30-R07,laff,3,item-026,0,76,0,93,13,100
MPV-GEN-T9-N30-R07,laff,3,item-027,0,89,0,93,11,100
MPV-GEN-T9-N30-R07,laff,3,item-021,66,0,0,34,26,100
MPV-GEN-T9-N30-R07,laff,4,item-024,0,0,0,67,25,100
MPV-GEN-T9-N30-R08,laff,0,item-028,0,0,0,99,83,75
MPV-GEN-T9-N30-R08,laff,0,item-027,0,83,0,100,17,46
MPV-GEN-T9-N30-R08,laff,0,item-026,0,83,46,100,17,29
MPV-GEN-T9-N30-R08,laff,0,item-029,99,0,0,1,83,75
MPV-GEN-T9-N30-R08,laff,0,item-022,0,0,75,67,33,25
MPV-GEN-T9-N30-R08,laff,0,item-023,0,33,75,33,67,25
MPV-GEN-T9-N30-R08,laff,0,item-024,33,33,75,67,33,25
MPV-GEN-T9-N30-R08,laff,0,item-021,33,66,75,34,34,25
MPV-GEN-T9-N30-R08,laff,1,item-025,0,0,0,33,67,25
MPV-GEN-T9-N30-R08,laff,1,item-001,33,0,0,10,82,20
MPV-GEN-T9-N30-R08,laff,1,item-000,43,0,0,10,82,12
MPV-GEN-T9-N30-R08,laff,1,item-002,0,0,25,10,82,68
MPV-GEN-T9-N30-R08,laff,1,item-003,0,82,25,2,18,52
MPV-GEN-T9-N30-R08,laff,1,item-004,2,82,25,2,18,48
MPV-GEN-T9-N30-R08,laff,2,item-008,0,0,0,30,67,100
MPV-GEN-T9-N30-R08,laff,2,item-010,30,0,0,30,67,100
MPV-GEN-T9-N30-R08,laff,2,item-007,0,67,0,60,33,100
MPV-GEN-T9-N30-R08,laff,2,item-013,60,0,0,26,67,100
MPV-GEN-T9-N30-R08,laff,2,item-017,60,67,0,15,33,100
MPV-GEN-T9-N30-R08,laff,2,item-019,75,67,0,15,33,100
MPV-GEN-T9-N30-R08,laff,2,item-018,86,0,0,7,67,100
MPV-GEN-T9-N30-R08,laff,2,item-020,93,0,0,7,67,100
MPV-GEN-T9-N30-R08,laff,2,item-005,90,67,0,8,18,100
MPV-GEN-T9-N30-R08,laff,3,item-009,0,0,0,60,33,100
MPV-GEN-T9-N30-R08,laff,3,item-015,0,33,0,26,67,100
MPV-GEN-T9-N30-R08,laff,3,item-012,26,33,0,52,33,100
MPV-GEN-T9-N30-R08,laff,3,item-014,26,66,0,52,33,100
MPV-GEN-T9-N30-R08,laff,3,item-016,78,0,0,8,34,100
MPV-GEN-T9-N30-R08,laff,4,item-006,0,0,0,30,34,100
MPV-GEN-T9-N30-R08,laff,4,item-011,0,34,0,26,34,100
MPV-GEN-T9-N30-R09,laff,0,item-007,0,0,0,59,33,100
MPV-GEN-T9-N30-R09,laff,0,item-009,0,33,0,59,33,100
MPV-GEN-T9-N30-R09,laff,0,item-008,59,0,0,29,67,100
MPV-GEN-T9-N30-R09,laff,0,item-012,0,67,0,67,26,100
MPV-GEN-T9-N30-R09,laff,0,item-002,88,0,0,11,48,100
MPV-GEN-T9-N30-R09,laff,0,item-018,67,67,0,33,14,100
MPV-GEN-T9-N30-R09,laff,0,item-020,67,81,0,33,14,100
MPV-GEN-T9-N30-R09,laff,0,item-017,0,93,0,67,6,100
MPV-GEN-T9-N30-R09,laff,0,item-001,88,48,0,11,19,100
MPV-GEN-T9-N30-R09,laff,1,item-010,0,0,0,29,67,100
MPV-GEN-T9-N30-R09,laff,1,item-013,29,0,0,33,54,100
MPV-GEN-T9-N30-R09,laff,1,item-015,62,0,0,33,54,100
MPV-GEN-T9-N30-R09,laff,1,item-014,0,67,0,67,26,100
MPV-GEN-T9-N30-R09,laff,1,item-006,67,54,0,30,34,100
MPV-GEN-T9-N30-R09,laff,1,item-019,0,93,0,67,6,100
MPV-GEN-T9-N30-R09,laff,1,item-016,29,54,0,34,8,100
MPV-GEN-T9-N30-R09,laff,1,item-005,97,0,0,1,100,67
MPV-GEN-T9-N30-R09,laff,1,item-003,97,0,67,1,100,28
MPV-GEN-T9-N30-R09,laff,1,item-004,97,0,95,1,100,5
MPV-GEN-T9-N30-R09,laff,2,item-026,0,0,0,16,100,46
MPV-GEN-T9-N30-R09,laff,2,item-027,16,0,0,13,100,46
MPV-GEN-T9-N30-R09,laff,2,item-029,0,0,46,29,52,54
MPV-GEN-T9-N30-R09,laff,2,item-028,0,52,46,29,48,54
MPV-GEN-T9-N30-R09,laff,3,item-022,0,0,0,48,33,100
MPV-GEN-T9-N30-R09,laff,3,item-024,0,33,0,48,33,100
MPV-GEN-T9-N30-R09,laff,3,item-023,48,0,0,23,67,100
MPV-GEN-T9-N30-R09,laff,3,item-025,71,0,0,23,67,100
MPV-GEN-T9-N30-R09,laff,3,item-011,0,66,0,34,28,100
MPV-GEN-T9-N30-R09,laff,3,item-000,34,66,0,11,33,100
MPV-GEN-T9-N30-R09,laff,4,item-021,0,0,0,25,34,100
MPV-GEN-T9-N30-R10,laff,0,item-027,0,0,0,58,100,59
MPV-GEN-T9-N30-R10,laff,0,item-029,58,0,0,42,100,39
MPV-GEN-T9-N30-R10,laff,0,item-026,0,0,59,58,100,16
MPV-GEN-T9-N30-R10,laff,0,item-022,0,0,75,67,33,25
MPV-GEN-T9-N30-R10,laff,0,item-023,0,33,75,33,67,25
MPV-GEN-T9-N30-R10,laff,0,item-024,33,33,75,67,33,25
MPV-GEN-T9-N30-R10,laff,0,item-021,33,66,75,34,34,25
MPV-GEN-T9-N30-R10,laff,1,item-028,0,0,0,42,100,36
MPV-GEN-T9-N30-R10,laff,1,item-025,42,0,0,33,67,25
MPV-GEN-T9-N30-R10,laff,1,item-002,0,0,36,100,15,24
MPV-GEN-T9-N30-R10,laff,1,item-001,0,15,36,100,14,7
MPV-GEN-T9-N30-R10,laff,1,item-000,0,15,43,100,1,7
MPV-GEN-T9-N30-R10,laff,2,item-008,0,0,0,33,57,100
MPV-GEN-T9-N30-R10,laff,2,item-010,33,0,0,33,57,100
MPV-GEN-T9-N30-R10,laff,2,item-007,0,57,0,67,28,100
MPV-GEN-T9-N30-R10,laff,2,item-018,66,0,0,33,46,100
MPV-GEN-T9-N30-R10,laff,2,item-020,67,46,0,33,46,100
MPV-GEN-T9-N30-R10,laff,2,item-012,0,85,0,67,10,100
MPV-GEN-T9-N30-R10,laff,2,item-005,0,95,0,100,4,69
MPV-GEN-T9-N30-R10,laff,3,item-009,0,0,0,67,28,100
MPV-GEN-T9-N30-R10,laff,3,item-017,0,28,0,67,23,100
MPV-GEN-T9-N30-R10,laff,3,item-019,0,51,0,67,23,100
MPV-GEN-T9-N30-R10,laff,3,item-016,0,74,0,34,23,100
MPV-GEN-T9-N30-R10,laff,3,item-013,34,74,0,33,21,100
MPV-GEN-T9-N30-R10,laff,3,item-015,67,0,0,33,21,100
MPV-GEN-T9-N30-R10,laff,3,item-003,67,21,0,11,11,69
MPV-GEN-T9-N30-R10,laff,4,item-006,0,0,0,34,29,100
MPV-GEN-T9-N30-R10,laff,4,item-004,0,29,0,89,11,69
MPV-GEN-T9-N30-R10,laff,4,item-014,0,40,0,67,10,100
MPV-GEN-T9-N30-R10,laff,4,item-011,0,50,0,34,11,100
MPV-GEN-T9-N60-R01,laff,0,item-005,0,0,0,78,100,40
MPV-GEN-T9-N60-R01,laff,0,item-003,78,0,0,18,100,14
MPV-GEN-T9-N60-R01,laff,0,item-023,78,0,14,2,67,9
MPV-GEN-T9-N60-R01,laff,0,item-025,78,0,23,2,67,9
MPV-GEN-T9-N60-R01,laff,0,item-022,78,67,14,4,33,9
MPV-GEN-T9-N60-R01,laff,0,item-024,78,67,23,4,33,9
MPV-GEN-T9-N60-R01,laff,0,item-021,80,0,14,2,34,9
MPV-GEN-T9-N60-R01,laff,0,item-004,0,0,40,60,100,14
MPV-GEN-T9-N60-R01,laff,0,item-048,60,0,40,33,57,13
MPV-GEN-T9-N60-R01,laff,0,item-046,60,57,40,34,29,13
MPV-GEN-T9-N60-R01,laff,0,item-007,0,0,54,67,33,5
MPV-GEN-T9-N60-R01,laff,0,item-008,0,33,54,33,67,5
MPV-GEN-T9-N60-R01,laff,0,item-009,33,33,54,67,33,5
MPV-GEN-T9-N60-R01,laff,0,item-006,33,66,54,34,34,5
MPV-GEN-T9-N60-R01,laff,0,item-010,0,0,59,33,67,5
MPV-GEN-T9-N60-R01,laff,0,item-027,0,0,64,63,33,9
MPV-GEN-T9-N60-R01,laff,0,item-029,0,33,64,63,33,9
MPV-GEN-T9-N60-R01,laff,0,item-028,63,0,64,31,67,9
MPV-GEN-T9-N60-R01,laff,0,item-026,0,66,64,32,34,9
MPV-GEN-T9-N60-R01,laff,0,item-030,0,0,73,31,67,9
MPV-GEN-T9-N60-R01,laff,0,item-050,0,0,82,33,57,13
MPV-GEN-T9-N60-R01,laff,0,item-047,0,57,82,67,28,13
MPV-GEN-T9-N60-R01,laff,0,item-049,33,0,82,67,28,13
MPV-GEN-T9-N60-R01,laff,1,item-043,0,0,0,33,57,87
MPV-GEN-T9-N60-R01,laff,1,item-045,33,0,0,33,57,87
MPV-GEN-T9-N60-R01,laff,1,item-042,0,57,0,67,28,87
MPV-GEN-T9-N60-R01,laff,1,item-041,66,0,0,34,29,87
MPV-GEN-T9-N60-R01,laff,1,item-000,67,29,0,22,67,54
MPV-GEN-T9-N60-R01,laff,1,item-058,0,85,0,10,15,70
MPV-GEN-T9-N60-R01,laff,1,item-059,10,85,54,10,15,30
MPV-GEN-T9-N60-R01,laff,1,item-001,10,85,0,22,3,54
MPV-GEN-T9-N60-R01,laff,2,item-044,0,0,0,67,28,87
MPV-GEN-T9-N60-R01,laff,2,item-012,0,28,0,39,33,41
MPV-GEN-T9-N60-R01,laff,2,item-014,0,28,41,39,33,41
MPV-GEN-T9-N60-R01,laff,2,item-013,39,28,0,19,67,41
MPV-GEN-T9-N60-R01,laff,2,item-015,39,28,41,19,67,41
MPV-GEN-T9-N60-R01,laff,2,item-018,58,28,0,14,67,41
MPV-GEN-T9-N60-R01,laff,2,item-020,58,28,41,14,67,41
MPV-GEN-T9-N60-R01,laff,2,item-017,0,61,0,28,33,41
MPV-GEN-T9-N60-R01,laff,2,item-019,0,61,41,28,33,41
MPV-GEN-T9-N60-R01,laff,2,item-002,72,0,0,22,30,54
MPV-GEN-T9-N60-R01,laff,2,item-011,72,30,0,20,34,41
MPV-GEN-T9-N60-R01,laff,2,item-016,72,30,41,14,34,41
MPV-GEN-T9-N60-R01,laff,3,item-032,0,0,0,55,33,91
MPV-GEN-T9-N60-R01,laff,3,item-034,0,33,0,55,33,91
MPV-GEN-T9-N60-R01,laff,3,item-033,55,0,0,27,67,91
MPV-GEN-T9-N60-R01,laff,3,item-031,0,66,0,28,34,91
MPV-GEN-T9-N60-R01,laff,3,item-038,82,0,0,6,67,91
MPV-GEN-T9-N60-R01,laff,3,item-040,88,0,0,6,67,91
MPV-GEN-T9-N60-R01,laff,3,item-037,28,66,0,12,33,91
MPV-GEN-T9-N60-R01,laff,3,item-039,40,66,0,12,33,91
MPV-GEN-T9-N60-R01,laff,3,item-036,94,0,0,6,34,91
MPV-GEN-T9-N60-R01,laff,4,item-035,0,0,0,27,67,91
MPV-GEN-T9-N60-R01,laff,5,item-056,0,0,0,20,12,100
MPV-GEN-T9-N60-R01,laff,5,item-052,0,12,0,47,5,100
MPV-GEN-T9-N60-R01,laff,5,item-054,0,17,0,47,5,100
MPV-GEN-T9-N60-R01,laff,5,item-053,0,22,0,23,10,100
MPV-GEN-T9-N60-R01,laff,5,item-055,0,32,0,23,10,100
MPV-GEN-T9-N60-R01,laff,5,item-051,0,42,0,24,5,100
MPV-GEN-T9-N60-R01,laff,5,item-057,0,47,0,20,3,100
MPV-GEN-T9-N60-R02,laff,0,item-059,0,0,0,95,87,1
MPV-GEN-T9-N60-R02,laff,0,item-057,0,87,0,100,11,1
MPV-GEN-T9-N60-R02,laff,0,item-058,95,0,0,5,87,1
MPV-GEN-T9-N60-R02,laff,0,item-056,0,98,0,100,2,1
MPV-GEN-T9-N60-R02,laff,0,item-047,0,0,1,67,33,87
MPV-GEN-T9-N60-R02,laff,0,item-048,0,33,1,33,67,87
MPV-GEN-T9-N60-R02,laff,0,item-049,33,33,1,67,33,87
MPV-GEN-T9-N60-R02,laff,0,item-046,33,66,1,34,34,87
MPV-GEN-T9-N60-R02,laff,0,item-042,0,0,88,67,33,9
MPV-GEN-T9-N60-R02,laff,0,item-043,0,33,88,33,67,9
MPV-GEN-T9-N60-R02,laff,0,item-044,33,33,88,67,33,9
MPV-GEN-T9-N60-R02,laff,0,item-041,33,66,88,34,34,9
MPV-GEN-T9-N60-R02,laff,0,item-052,0,0,97,67,33,3
MPV-GEN-T9-N60-R02,laff,0,item-053,0,33,97,33,67,3
MPV-GEN-T9-N60-R02,laff,0,item-054,33,33,97,67,33,3
MPV-GEN-T9-N60-R02,laff,0,item-051,33,66,97,34,34,3
MPV-GEN-T9-N60-R02,laff,1,item-050,0,0,0,33,67,87
MPV-GEN-T9-N60-R02,laff,1,item-045,33,0,0,33,67,9
MPV-GEN-T9-N60-R02,laff,1,item-002,33,0,9,42,41,9
MPV-GEN-T9-N60-R02,laff,1,item-055,33,0,18,33,67,3
MPV-GEN-T9-N60-R02,laff,2,item-000,0,0,0,40,41,91
MPV-GEN-T9-N60-R02,laff,2,item-001,0,41,0,2,41,91
MPV-GEN-T9-N60-R02,laff,3,item-004,0,0,0,40,35,100
MPV-GEN-T9-N60-R02,laff,3,item-038,0,35,0,33,35,100
MPV-GEN-T9-N60-R02,laff,3,item-040,33,35,0,33,35,100
MPV-GEN-T9-N60-R02,laff,3,item-037,0,70,0,67,17,100
MPV-GEN-T9-N60-R02,laff,3,item-003,40,0,0,40,24,100
MPV-GEN-T9-N60-R02,laff,3,item-036,66,24,0,34,18,100
MPV-GEN-T9-N60-R02,laff,3,item-017,67,42,0,18,33,100
MPV-GEN-T9-N60-R02,laff,3,item-022,0,87,0,67,8,100
MPV-GEN-T9-N60-R02,laff,3,item-023,67,75,0,33,16,100
MPV-GEN-T9-N60-R02,laff,3,item-007,85,42,0,12,33,100
MPV-GEN-T9-N60-R02,laff,3,item-027,0,95,0,67,2,100
MPV-GEN-T9-N60-R02,laff,3,item-029,0,97,0,67,2,100
MPV-GEN-T9-N60-R02,laff,3,item-028,67,91,0,33,4,100
MPV-GEN-T9-N60-R02,laff,3,item-030,67,95,0,33,4,100
MPV-GEN-T9-N60-R02,laff,4,item-039,0,0,0,67,17,100
MPV-GEN-T9-N60-R02,laff,4,item-018,0,17,0,9,67,100
MPV-GEN-T9-N60-R02,laff,4,item-020,9,17,0,9,67,100
MPV-GEN-T9-N60-R02,laff,4,item-019,18,17,0,18,33,100
MPV-GEN-T9-N60-R02,laff,4,item-024,0,84,0,67,8,100
MPV-GEN-T9-N60-R02,laff,4,item-025,18,50,0,33,16,100
MPV-GEN-T9-N60-R02,laff,4,item-008,51,17,0,6,67,100
MPV-GEN-T9-N60-R02,laff,4,item-010,57,17,0,6,67,100
MPV-GEN-T9-N60-R02,laff,4,item-032,0,92,0,67,6,100
MPV-GEN-T9-N60-R02,laff,4,item-009,36,17,0,12,33,100
MPV-GEN-T9-N60-R02,laff,4,item-033,18,66,0,33,12,100
MPV-GEN-T9-N60-R02,laff,4,item-035,63,17,0,33,12,100
MPV-GEN-T9-N60-R02,laff,4,item-016,63,29,0,9,34,100
MPV-GEN-T9-N60-R02,laff,4,item-012,67,63,0,9,33,100
MPV-GEN-T9-N60-R02,laff,4,item-014,72,29,0,9,33,100
MPV-GEN-T9-N60-R02,laff,4,item-013,81,29,0,4,67,100
MPV-GEN-T9-N60-R02,laff,4,item-015,85,29,0,4,67,100
MPV-GEN-T9-N60-R02,laff,4,item-006,89,29,0,6,34,100
MPV-GEN-T9-N60-R02,laff,4,item-011,76,62,0,5,34,100
MPV-GEN-T9-N60-R02,laff,4,item-005,95,29,0,2,59,100
MPV-GEN-T9-N60-R02,laff,4,item-026,0,98,0,34,2,100
MPV-GEN-T9-N60-R02,laff,5,item-034,0,0,0,67,6,100
MPV-GEN-T9-N60-R02,laff,5,item-021,0,6,0,34,8,100
MPV-GEN-T9-N60-R02,laff,5,item-031,0,14,0,34,6,100
MPV-GEN-T9-N60-R03,laff,0,item-058,0,0,0,51,66,6
MPV-GEN-T9-N60-R03,laff,0,item-059,51,0,0,40,66,6
MPV-GEN-T9-N60-R03,laff,0,item-056,0,66,0,65,34,6
MPV-GEN-T9-N60-R03,laff,0,item-057,65,66,0,26,34,6
MPV-GEN-T9-N60-R03,laff,0,item-052,0,0,6,61,33,94
MPV-GEN-T9-N60-R03,laff,0,item-054,0,33,6,61,33,94
MPV-GEN-T9-N60-R03,laff,0,item-053,61,0,6,30,67,94
MPV-GEN-T9-N60-R03,laff,0,item-051,0,66,6,31,34,94
MPV-GEN-T9-N60-R03,laff,0,item-043,91,0,6,3,67,80
MPV-GEN-T9-N60-R03,laff,0,item-045,94,0,6,3,67,80
MPV-GEN-T9-N60-R03,laff,0,item-042,31,66,6,6,33,80
MPV-GEN-T9-N60-R03,laff,0,item-044,37,66,6,6,33,80
MPV-GEN-T9-N60-R03,laff,0,item-041,43,66,6,3,34,80
MPV-GEN-T9-N60-R03,laff,0,item-048,97,0,6,3,67,20
MPV-GEN-T9-N60-R03,laff,0,item-050,97,0,26,3,67,20
MPV-GEN-T9-N60-R03,laff,0,item-047,46,66,6,6,33,20
MPV-GEN-T9-N60-R03,laff,0,item-049,46,66,26,6,33,20
MPV-GEN-T9-N60-R03,laff,0,item-046,46,66,46,3,34,20
MPV-GEN-T9-N60-R03,laff,1,item-005,0,0,0,28,100,100
MPV-GEN-T9-N60-R03,laff,1,item-055,28,0,0,30,67,94
MPV-GEN-T9-N60-R03,laff,1,item-002,58,0,0,16,100,100
MPV-GEN-T9-N60-R03,laff,1,item-028,74,0,0,26,35,100
MPV-GEN-T9-N60-R03,laff,1,item-030,74,35,0,26,35,100
MPV-GEN-T9-N60-R03,laff,1,item-017,28,67,0,15,33,100
MPV-GEN-T9-N60-R03,laff,1,item-019,43,67,0,15,33,100
MPV-GEN-T9-N60-R03,laff,1,item-026,74,70,0,26,18,100
MPV-GEN-T9-N60-R03,laff,2,item-027,0,0,0,52,17,100
MPV-GEN-T9-N60-R03,laff,2,item-029,0,17,0,52,17,100
MPV-GEN-T9-N60-R03,laff,2,item-003,52,0,0,6,100,100
MPV-GEN-T9-N60-R03,laff,2,item-004,58,0,0,6,100,100
MPV-GEN-T9-N60-R03,laff,2,item-033,0,34,0,33,17,100
MPV-GEN-T9-N60-R03,laff,2,item-035,0,51,0,33,17,100
MPV-GEN-T9-N60-R03,laff,2,item-038,0,68,0,33,16,100
MPV-GEN-T9-N60-R03,laff,2,item-040,0,84,0,33,16,100
MPV-GEN-T9-N60-R03,laff,2,item-018,64,0,0,7,67,100
MPV-GEN-T9-N60-R03,laff,2,item-020,71,0,0,7,67,100
MPV-GEN-T9-N60-R03,laff,2,item-012,33,34,0,11,33,100
MPV-GEN-T9-N60-R03,laff,2,item-014,33,67,0,11,33,100
MPV-GEN-T9-N60-R03,laff,2,item-013,78,0,0,5,67,100
MPV-GEN-T9-N60-R03,laff,2,item-015,83,0,0,5,67,100
MPV-GEN-T9-N60-R03,laff,2,item-031,64,67,0,34,9,100
MPV-GEN-T9-N60-R03,laff,2,item-036,64,76,0,34,9,100
MPV-GEN-T9-N60-R03,laff,2,item-016,44,34,0,8,34,100
MPV-GEN-T9-N60-R03,laff,2,item-023,88,0,0,7,35,100
MPV-GEN-T9-N60-R03,laff,2,item-000,98,0,0,2,100,100
MPV-GEN-T9-N60-R03,laff,2,item-021,44,68,0,8,18,100
MPV-GEN-T9-N60-R03,laff,2,item-008,95,0,0,1,67,100
MPV-GEN-T9-N60-R03,laff,2,item-010,96,0,0,1,67,100
MPV-GEN-T9-N60-R03,laff,2,item-006,97,0,0,1,34,100
MPV-GEN-T9-N60-R03,laff,3,item-032,0,0,0,67,8,100
MPV-GEN-T9-N60-R03,laff,3,item-034,0,8,0,67,8,100
MPV-GEN-T9-N60-R03,laff,3,item-037,0,16,0,67,7,100
MPV-GEN-T9-N60-R03,laff,3,item-039,0,23,0,67,7,100
MPV-GEN-T9-N60-R03,laff,3,item-022,0,30,0,15,17,100
MPV-GEN-T9-N60-R03,laff,3,item-024,0,47,0,15,17,100
MPV-GEN-T9-N60-R03,laff,3,item-025,0,64,0,7,35,100
MPV-GEN-T9-N60-R03,laff,3,item-011,7,64,0,6,34,100
MPV-GEN-T9-N60-R03,laff,3,item-001,67,0,0,1,100,100
MPV-GEN-T9-N60-R03,laff,3,item-007,13,64,0,2,33,100
MPV-GEN-T9-N60-R03,laff,3,item-009,15,30,0,2,33,100
MPV-GEN-T9-N60-R04,laff,0,item-001,0,0,0,65,64,15
MPV-GEN-T9-N60-R04,laff,0,item-002,0,64,0,65,18,15
MPV-GEN-T9-N60-R04,laff,0,item-004,0,82,0,65,13,12
MPV-GEN-T9-N60-R04,laff,0,item-005,0,95,0,65,3,15
MPV-GEN-T9-N60-R04,laff,0,item-003,0,82,12,65,13,3
MPV-GEN-T9-N60-R04,laff,0,item-000,0,98,0,65,2,15
MPV-GEN-T9-N60-R04,laff,0,item-057,0,0,15,96,43,54
MPV-GEN-T9-N60-R04,laff,0,item-058,0,43,15,94,43,46
MPV-GEN-T9-N60-R04,laff,0,item-059,94,43,15,6,43,46
MPV-GEN-T9-N60-R04,laff,0,item-056,96,0,15,4,43,54
MPV-GEN-T9-N60-R04,laff,1,item-007,0,0,0,44,33,85
MPV-GEN-T9-N60-R04,laff,1,item-009,0,33,0,44,33,85
MPV-GEN-T9-N60-R04,laff,1,item-008,44,0,0,21,67,85
MPV-GEN-T9-N60-R04,laff,1,item-010,65,0,0,21,67,85
MPV-GEN-T9-N60-R04,laff,1,item-006,0,66,0,23,34,85
MPV-GEN-T9-N60-R04,laff,2,item-023,0,0,0,24,54,100
MPV-GEN-T9-N60-R04,laff,2,item-025,24,0,0,24,54,100
MPV-GEN-T9-N60-R04,laff,2,item-022,0,54,0,49,26,100
MPV-GEN-T9-N60-R04,laff,2,item-024,48,0,0,49,26,100
MPV-GEN-T9-N60-R04,laff,2,item-052,0,80,0,67,13,100
MPV-GEN-T9-N60-R04,laff,2,item-053,48,26,0,33,26,100
MPV-GEN-T9-N60-R04,laff,2,item-055,49,52,0,33,26,100
MPV-GEN-T9-N60-R04,laff,2,item-018,82,26,0,11,62,100
MPV-GEN-T9-N60-R04,laff,2,item-033,93,26,0,6,67,100
MPV-GEN-T9-N60-R04,laff,2,item-047,0,93,0,67,5,100
MPV-GEN-T9-N60-R04,laff,2,item-026,67,88,0,25,8,100
MPV-GEN-T9-N60-R04,laff,2,item-042,0,98,0,67,1,100
MPV-GEN-T9-N60-R04,laff,2,item-044,0,99,0,67,1,100
MPV-GEN-T9-N60-R04,laff,2,item-043,49,78,0,33,2,100
MPV-GEN-T9-N60-R04,laff,2,item-045,67,96,0,33,2,100
MPV-GEN-T9-N60-R04,laff,2,item-013,67,80,0,11,5,100
MPV-GEN-T9-N60-R04,laff,2,item-012,67,98,0,24,2,100
MPV-GEN-T9-N60-R04,laff,2,item-011,67,85,0,13,3,100
MPV-GEN-T9-N60-R04,laff,3,item-054,0,0,0,67,13,100
MPV-GEN-T9-N60-R04,laff,3,item-017,0,13,0,24,31,100
MPV-GEN-T9-N60-R04,laff,3,item-019,0,44,0,24,31,100
MPV-GEN-T9-N60-R04,laff,3,item-021,24,13,0,25,28,100
MPV-GEN-T9-N60-R04,laff,3,item-020,49,13,0,11,62,100
MPV-GEN-T9-N60-R04,laff,3,item-032,24,41,0,14,33,100
MPV-GEN-T9-N60-R04,laff,3,item-034,60,13,0,14,33,100
MPV-GEN-T9-N60-R04,laff,3,item-051,0,75,0,34,13,100
MPV-GEN-T9-N60-R04,laff,3,item-016,60,46,0,13,31,100
MPV-GEN-T9-N60-R04,laff,3,item-035,74,0,0,6,67,100
MPV-GEN-T9-N60-R04,laff,3,item-028,34,75,0,24,14,100
MPV-GEN-T9-N60-R04,laff,3,item-030,58,77,0,24,14,100
MPV-GEN-T9-N60-R04,laff,3,item-049,0,91,0,67,5,100
MPV-GEN-T9-N60-R04,laff,3,item-031,38,41,0,8,34,100
MPV-GEN-T9-N60-R04,laff,3,item-037,80,0,0,5,33,100
MPV-GEN-T9-N60-R04,laff,3,item-039,80,33,0,5,33,100
MPV-GEN-T9-N60-R04,laff,3,item-038,85,0,0,2,67,100
MPV-GEN-T9-N60-R04,laff,3,item-040,87,0,0,2,67,100
MPV-GEN-T9-N60-R04,laff,3,item-036,46,41,0,3,34,100
MPV-GEN-T9-N60-R04,laff,3,item-015,67,91,0,11,5,100
MPV-GEN-T9-N60-R04,laff,3,item-014,0,88,0,24,2,100
MPV-GEN-T9-N60-R04,laff,3,item-041,0,90,0,34,1,100
MPV-GEN-T9-N60-R04,laff,4,item-048,0,0,0,33,10,100
MPV-GEN-T9-N60-R04,laff,4,item-050,0,10,0,33,10,100
MPV-GEN-T9-N60-R04,laff,4,item-027,0,20,0,49,6,100
MPV-GEN-T9-N60-R04,laff,4,item-029,0,26,0,49,6,100
MPV-GEN-T9-N60-R04,laff,4,item-046,0,32,0,34,5,100
MPV-GEN-T9-N60-R05,laff,0,item-056,0,0,0,100,81,28
MPV-GEN-T9-N60-R05,laff,0,item-057,0,0,28,100,81,16
MPV-GEN-T9-N60-R05,laff,0,item-058,0,0,44,100,81,14
MPV-GEN-T9-N60-R05,laff,0,item-059,0,0,58,100,81,12
MPV-GEN-T9-N60-R05,laff,0,item-002,0,0,70,40,100,1
MPV-GEN-T9-N60-R05,laff,0,item-042,0,0,71,67,33,21
MPV-GEN-T9-N60-R05,laff,0,item-043,0,33,71,33,67,21
MPV-GEN-T9-N60-R05,laff,0,item-044,33,33,71,67,33,21
MPV-GEN-T9-N60-R05,laff,0,item-041,33,66,71,34,34,21
MPV-GEN-T9-N60-R05,laff,0,item-006,67,66,71,23,34,13
MPV-GEN-T9-N60-R05,laff,0,item-031,67,66,84,28,34,7
MPV-GEN-T9-N60-R05,laff,0,item-037,67,0,71,14,33,7
MPV-GEN-T9-N60-R05,laff,0,item-039,67,0,78,14,33,7
MPV-GEN-T9-N60-R05,laff,0,item-036,90,66,71,8,34,7
MPV-GEN-T9-N60-R05,laff,0,item-032,0,0,92,54,33,7
MPV-GEN-T9-N60-R05,laff,0,item-034,0,33,92,54,33,7
MPV-GEN-T9-N60-R05,laff,0,item-033,54,0,92,26,67,7
MPV-GEN-T9-N60-R05,laff,0,item-038,80,0,92,6,67,7
MPV-GEN-T9-N60-R05,laff,0,item-040,86,0,92,6,67,7
MPV-GEN-T9-N60-R05,laff,1,item-001,0,0,0,40,65,86
MPV-GEN-T9-N60-R05,laff,1,item-000,0,65,0,40,35,86
MPV-GEN-T9-N60-R05,laff,1,item-045,40,0,0,33,67,21
MPV-GEN-T9-N60-R05,laff,1,item-053,40,67,0,33,13,70
MPV-GEN-T9-N60-R05,laff,1,item-055,40,80,0,33,13,70
MPV-GEN-T9-N60-R05,laff,1,item-048,40,0,70,33,67,9
MPV-GEN-T9-N60-R05,laff,1,item-050,40,0,21,33,67,9
MPV-GEN-T9-N60-R05,laff,1,item-007,40,67,70,45,33,13
MPV-GEN-T9-N60-R05,laff,1,item-009,40,0,30,45,33,13
MPV-GEN-T9-N60-R05,laff,1,item-008,40,0,43,22,67,13
MPV-GEN-T9-N60-R05,laff,1,item-010,40,0,56,22,67,13
MPV-GEN-T9-N60-R05,laff,1,item-051,40,93,0,34,7,70
MPV-GEN-T9-N60-R05,laff,1,item-035,40,0,79,26,67,7
MPV-GEN-T9-N60-R05,laff,1,item-046,62,0,43,34,34,9
MPV-GEN-T9-N60-R05,laff,1,item-047,0,0,86,67,33,9
MPV-GEN-T9-N60-R05,laff,1,item-049,0,33,86,67,33,9
MPV-GEN-T9-N60-R05,laff,2,item-005,0,0,0,27,91,87
MPV-GEN-T9-N60-R05,laff,2,item-052,0,91,0,67,6,70
MPV-GEN-T9-N60-R05,laff,2,item-054,27,0,0,67,6,70
MPV-GEN-T9-N60-R05,laff,2,item-004,27,6,0,27,8,87
MPV-GEN-T9-N60-R05,laff,2,item-003,0,97,0,27,1,87
MPV-GEN-T9-N60-R05,laff,3,item-027,0,0,0,42,33,93
MPV-GEN-T9-N60-R05,laff,3,item-029,0,33,0,42,33,93
MPV-GEN-T9-N60-R05,laff,3,item-028,42,0,0,20,67,93
MPV-GEN-T9-N60-R05,laff,3,item-030,62,0,0,20,67,93
MPV-GEN-T9-N60-R05,laff,3,item-022,0,66,0,26,33,93
MPV-GEN-T9-N60-R05,laff,3,item-024,26,67,0,26,33,93
MPV-GEN-T9-N60-R05,laff,3,item-023,82,0,0,12,67,93
MPV-GEN-T9-N60-R05,laff,4,item-025,0,0,0,12,67,93
MPV-GEN-T9-N60-R05,laff,4,item-026,12,0,0,22,34,93
MPV-GEN-T9-N60-R05,laff,4,item-021,12,34,0,14,34,93
MPV-GEN-T9-N60-R05,laff,5,item-017,0,0,0,18,33,100
MPV-GEN-T9-N60-R05,laff,5,item-019,0,33,0,18,33,100
MPV-GEN-T9-N60-R05,laff,5,item-018,18,0,0,8,67,100
MPV-GEN-T9-N60-R05,laff,5,item-020,26,0,0,8,67,100
MPV-GEN-T9-N60-R05,laff,5,item-016,0,66,0,10,34,100
MPV-GEN-T9-N60-R05,laff,5,item-012,10,66,0,5,33,100
MPV-GEN-T9-N60-R05,laff,5,item-014,15,67,0,5,33,100
MPV-GEN-T9-N60-R05,laff,5,item-013,34,0,0,2,67,100
MPV-GEN-T9-N60-R05,laff,5,item-015,36,0,0,2,67,100
MPV-GEN-T9-N60-R05,laff,5,item-011,38,0,0,3,34,100
MPV-GEN-T9-N60-R06,laff,0,item-002,0,0,0,35,62,100
MPV-GEN-T9-N60-R06,laff,0,item-038,35,0,0,33,51,100
MPV-GEN-T9-N60-R06,laff,0,item-037,0,62,0,67,25,100
MPV-GEN-T9-N60-R06,laff,0,item-001,68,0,0,20,62,100
MPV-GEN-T9-N60-R06,laff,0,item-008,88,0,0,12,46,100
MPV-GEN-T9-N60-R06,laff,0,item-010,88,46,0,12,46,100
MPV-GEN-T9-N60-R06,laff,0,item-017,0,87,0,67,6,100
MPV-GEN-T9-N60-R06,laff,0,item-019,0,93,0,67,6,100
MPV-GEN-T9-N60-R06,laff,0,item-056,67,62,0,19,32,59
MPV-GEN-T9-N60-R06,laff,0,item-013,35,51,0,33,8,100
MPV-GEN-T9-N60-R06,laff,0,item-023,67,94,0,33,5,100
MPV-GEN-T9-N60-R06,laff,0,item-058,35,59,0,19,3,48
MPV-GEN-T9-N60-R06,laff,0,item-059,67,62,59,19,3,11
MPV-GEN-T9-N60-R06,laff,1,item-053,0,0,0,27,67,59
MPV-GEN-T9-N60-R06,laff,1,item-055,27,0,0,27,67,59
MPV-GEN-T9-N60-R06,laff,1,item-052,0,67,0,54,33,59
MPV-GEN-T9-N60-R06,laff,1,item-057,54,0,0,19,65,59
MPV-GEN-T9-N60-R06,laff,1,item-051,54,65,0,27,34,59
MPV-GEN-T9-N60-R06,laff,1,item-043,0,0,59,33,44,41
MPV-GEN-T9-N60-R06,laff,1,item-045,0,44,59,33,44,41
MPV-GEN-T9-N60-R06,laff,1,item-042,33,0,59,67,21,41
MPV-GEN-T9-N60-R06,laff,1,item-044,33,21,59,67,21,41
MPV-GEN-T9-N60-R06,laff,1,item-048,33,42,59,33,24,41
MPV-GEN-T9-N60-R06,laff,1,item-050,33,66,59,33,24,41
MPV-GEN-T9-N60-R06,laff,1,item-041,66,42,59,34,23,41
MPV-GEN-T9-N60-R06,laff,1,item-046,66,65,59,34,13,41
MPV-GEN-T9-N60-R06,laff,1,item-005,0,90,59,63,6,12
MPV-GEN-T9-N60-R06,laff,2,item-054,0,0,0,54,33,59
MPV-GEN-T9-N60-R06,laff,2,item-047,0,33,0,67,11,41
MPV-GEN-T9-N60-R06,laff,2,item-049,0,44,0,67,11,41
MPV-GEN-T9-N60-R06,laff,3,item-040,0,0,0,33,51,100
MPV-GEN-T9-N60-R06,laff,3,item-039,0,51,0,67,25,100
MPV-GEN-T9-N60-R06,laff,3,item-036,33,0,0,34,26,100
MPV-GEN-T9-N60-R06,laff,3,item-007,0,76,0,25,22,100
MPV-GEN-T9-N60-R06,laff,3,item-009,25,76,0,25,22,100
MPV-GEN-T9-N60-R06,laff,3,item-000,67,0,0,8,62,100
MPV-GEN-T9-N60-R06,laff,3,item-018,33,26,0,33,14,100
MPV-GEN-T9-N60-R06,laff,3,item-020,50,76,0,33,14,100
MPV-GEN-T9-N60-R06,laff,3,item-006,75,0,0,13,24,100
MPV-GEN-T9-N60-R06,laff,3,item-016,33,40,0,34,8,100
MPV-GEN-T9-N60-R06,laff,3,item-015,50,90,0,33,8,100
MPV-GEN-T9-N60-R06,laff,3,item-028,67,62,0,33,7,100
MPV-GEN-T9-N60-R06,laff,3,item-030,67,69,0,33,7,100
MPV-GEN-T9-N60-R06,laff,3,item-022,0,98,0,67,2,100
MPV-GEN-T9-N60-R06,laff,3,item-021,33,48,0,34,3,100
MPV-GEN-T9-N60-R06,laff,3,item-004,75,24,0,7,6,88
MPV-GEN-T9-N60-R06,laff,4,item-003,0,0,0,56,6,88
MPV-GEN-T9-N60-R06,laff,5,item-012,0,0,0,67,4,100
MPV-GEN-T9-N60-R06,laff,5,item-014,0,4,0,67,4,100
MPV-GEN-T9-N60-R06,laff,5,item-027,0,8,0,67,3,100
MPV-GEN-T9-N60-R06,laff,5,item-029,0,11,0,67,3,100
MPV-GEN-T9-N60-R06,laff,5,item-025,0,14,0,33,5,100
MPV-GEN-T9-N60-R06,laff,5,item-033,0,19,0,33,5,100
MPV-GEN-T9-N60-R06,laff,5,item-035,0,24,0,33,5,100
MPV-GEN-T9-N60-R06,laff,5,item-011,0,29,0,34,4,100
MPV-GEN-T9-N60-R06,laff,5,item-026,0,33,0,34,4,100
MPV-GEN-T9-N60-R06,laff,5,item-024,0,37,0,67,2,100
MPV-GEN-T9-N60-R06,laff,5,item-032,0,39,0,67,2,100
MPV-GEN-T9-N60-R06,laff,5,item-034,0,41,0,67,2,100
MPV-GEN-T9-N60-R06,laff,5,item-031,0,43,0,34,3,100
MPV-GEN-T9-N60-R07,laff,0,item-057,0,0,0,32,44,100
MPV-GEN-T9-N60-R07,laff,0,item-038,0,44,0,33,40,100
MPV-GEN-T9-N60-R07,laff,0,item-040,32,0,0,33,40,100
MPV-GEN-T9-N60-R07,laff,0,item-037,33,40,0,67,19,100
MPV-GEN-T9-N60-R07,laff,0,item-039,33,59,0,67,19,100
MPV-GEN-T9-N60-R07,laff,0,item-043,65,0,0,33,30,100
MPV-GEN-T9-N60-R07,laff,0,item-042,0,84,0,67,14,100
MPV-GEN-T9-N60-R07,laff,0,item-052,67,78,0,29,15,100
MPV-GEN-T9-N60-R07,laff,0,item-012,65,30,0,35,9,100
MPV-GEN-T9-N60-R07,laff,0,item-048,33,78,0,33,6,100
MPV-GEN-T9-N60-R07,laff,0,item-050,67,93,0,33,6,100
MPV-GEN-T9-N60-R07,laff,0,item-031,0,98,0,34,2,100
MPV-GEN-T9-N60-R07,laff,1,item-056,0,0,0,25,44,100
MPV-GEN-T9-N60-R07,laff,1,item-007,0,44,0,43,24,100
MPV-GEN-T9-N60-R07,laff,1,item-009,0,68,0,43,24,100
MPV-GEN-T9-N60-R07,laff,1,item-008,43,0,0,21,48,100
MPV-GEN-T9-N60-R07,laff,1,item-010,43,48,0,21,48,100
MPV-GEN-T9-N60-R07,laff,1,item-045,64,0,0,33,30,100
MPV-GEN-T9-N60-R07,laff,1,item-036,64,30,0,34,21,100
MPV-GEN-T9-N60-R07,laff,1,item-041,64,51,0,34,16,100
MPV-GEN-T9-N60-R07,laff,1,item-006,64,67,0,22,24,100
MPV-GEN-T9-N60-R07,laff,1,item-023,25,0,0,18,25,100
MPV-GEN-T9-N60-R07,laff,1,item-053,86,67,0,14,32,100
MPV-GEN-T9-N60-R07,laff,1,item-013,25,25,0,17,19,100
MPV-GEN-T9-N60-R07,laff,1,item-047,0,96,0,67,3,100
MPV-GEN-T9-N60-R07,laff,1,item-046,0,92,0,34,3,100
MPV-GEN-T9-N60-R07,laff,1,item-032,0,99,0,67,1,100
MPV-GEN-T9-N60-R07,laff,2,item-003,0,0,0,15,72,66
MPV-GEN-T9-N60-R07,laff,2,item-005,15,0,0,15,72,33
MPV-GEN-T9-N60-R07,laff,2,item-004,15,0,33,15,72,1
MPV-GEN-T9-N60-R07,laff,3,item-044,0,0,0,67,14,100
MPV-GEN-T9-N60-R07,laff,3,item-001,0,14,0,11,49,100
MPV-GEN-T9-N60-R07,laff,3,item-000,11,14,0,10,49,100
MPV-GEN-T9-N60-R07,laff,3,item-002,0,63,0,21,23,100
MPV-GEN-T9-N60-R07,laff,3,item-025,21,14,0,18,25,100
MPV-GEN-T9-N60-R07,laff,3,item-055,21,39,0,14,32,100
MPV-GEN-T9-N60-R07,laff,3,item-054,21,71,0,29,15,100
MPV-GEN-T9-N60-R07,laff,3,item-022,0,86,0,36,12,100
MPV-GEN-T9-N60-R07,laff,3,item-024,35,39,0,36,12,100
MPV-GEN-T9-N60-R07,laff,3,item-028,39,14,0,15,25,100
MPV-GEN-T9-N60-R07,laff,3,item-030,50,51,0,15,25,100
MPV-GEN-T9-N60-R07,laff,3,item-027,36,86,0,31,12,100
MPV-GEN-T9-N60-R07,laff,3,item-029,54,14,0,31,12,100
MPV-GEN-T9-N60-R07,laff,3,item-015,65,51,0,17,19,100
MPV-GEN-T9-N60-R07,laff,3,item-014,50,76,0,35,9,100
MPV-GEN-T9-N60-R07,laff,3,item-018,71,26,0,16,19,100
MPV-GEN-T9-N60-R07,laff,3,item-020,82,45,0,16,19,100
MPV-GEN-T9-N60-R07,laff,3,item-017,67,0,0,32,9,100
MPV-GEN-T9-N60-R07,laff,3,item-019,67,85,0,32,9,100
MPV-GEN-T9-N60-R07,laff,3,item-051,35,51,0,15,17,100
MPV-GEN-T9-N60-R07,laff,3,item-026,54,26,0,16,13,100
MPV-GEN-T9-N60-R07,laff,3,item-011,82,64,0,18,10,100
MPV-GEN-T9-N60-R07,laff,3,item-033,67,9,0,33,3,100
MPV-GEN-T9-N60-R07,laff,3,item-035,67,94,0,33,3,100
MPV-GEN-T9-N60-R07,laff,3,item-058,67,97,0,23,3,100
MPV-GEN-T9-N60-R07,laff,3,item-034,0,98,0,67,1,100
MPV-GEN-T9-N60-R07,laff,4,item-021,0,0,0,18,13,100
MPV-GEN-T9-N60-R07,laff,4,item-049,0,13,0,67,3,100
MPV-GEN-T9-N60-R07,laff,4,item-016,0,16,0,16,10,100
MPV-GEN-T9-N60-R07,laff,4,item-059,0,26,0,34,3,100
MPV-GEN-T9-N60-R08,laff,0,item-002,0,0,0,100,69,9
MPV-GEN-T9-N60-R08,laff,0,item-005,0,69,0,100,31,9
MPV-GEN-T9-N60-R08,laff,0,item-001,0,0,9,100,69,2
MPV-GEN-T9-N60-R08,laff,0,item-000,0,0,11,100,69,1
MPV-GEN-T9-N60-R08,laff,0,item-059,0,0,12,75,36,5
MPV-GEN-T9-N60-R08,laff,0,item-003,0,36,12,78,31,3
MPV-GEN-T9-N60-R08,laff,0,item-058,75,0,12,25,36,5
MPV-GEN-T9-N60-R08,laff,0,item-004,0,67,12,22,31,3
MPV-GEN-T9-N60-R08,laff,0,item-007,0,0,17,67,33,61
MPV-GEN-T9-N60-R08,laff,0,item-008,0,33,17,33,67,61
MPV-GEN-T9-N60-R08,laff,0,item-009,33,33,17,67,33,61
MPV-GEN-T9-N60-R08,laff,0,item-006,33,66,17,34,34,61
MPV-GEN-T9-N60-R08,laff,0,item-037,67,0,17,28,33,22
MPV-GEN-T9-N60-R08,laff,0,item-039,67,0,39,28,33,22
MPV-GEN-T9-N60-R08,laff,0,item-036,67,66,17,14,34,22
MPV-GEN-T9-N60-R08,laff,0,item-053,67,0,61,33,24,6
MPV-GEN-T9-N60-R08,laff,0,item-055,67,0,67,33,24,6
MPV-GEN-T9-N60-R08,laff,0,item-013,67,66,39,33,2,27
MPV-GEN-T9-N60-R08,laff,0,item-015,67,68,39,33,2,27
MPV-GEN-T9-N60-R08,laff,0,item-038,0,0,78,14,67,22
MPV-GEN-T9-N60-R08,laff,0,item-040,14,0,78,14,67,22
MPV-GEN-T9-N60-R08,laff,0,item-052,0,67,78,67,12,6
MPV-GEN-T9-N60-R08,laff,0,item-054,0,67,84,67,12,6
MPV-GEN-T9-N60-R08,laff,0,item-051,0,67,90,34,12,6
MPV-GEN-T9-N60-R08,laff,1,item-057,0,0,0,93,36,89
MPV-GEN-T9-N60-R08,laff,1,item-032,0,36,0,28,33,78
MPV-GEN-T9-N60-R08,laff,1,item-034,28,36,0,28,33,78
MPV-GEN-T9-N60-R08,laff,1,item-031,56,36,0,14,34,78
MPV-GEN-T9-N60-R08,laff,1,item-056,70,36,0,7,36,89
MPV-GEN-T9-N60-R08,laff,1,item-012,0,70,0,67,1,27
MPV-GEN-T9-N60-R08,laff,1,item-014,0,70,27,67,1,27
MPV-GEN-T9-N60-R08,laff,1,item-011,0,69,54,34,1,27
MPV-GEN-T9-N60-R08,laff,2,item-010,0,0,0,33,67,61
MPV-GEN-T9-N60-R08,laff,2,item-018,33,0,0,33,65,27
MPV-GEN-T9-N60-R08,laff,2,item-020,33,0,27,33,65,27
MPV-GEN-T9-N60-R08,laff,2,item-017,0,67,0,67,32,27
MPV-GEN-T9-N60-R08,laff,2,item-019,0,67,27,67,32,27
MPV-GEN-T9-N60-R08,laff,2,item-016,66,0,0,34,33,27
MPV-GEN-T9-N60-R08,laff,3,item-027,0,0,0,39,29,100
MPV-GEN-T9-N60-R08,laff,3,item-029,0,29,0,39,29,100
MPV-GEN-T9-N60-R08,laff,3,item-028,39,0,0,19,58,100
MPV-GEN-T9-N60-R08,laff,3,item-030,58,0,0,19,58,100
MPV-GEN-T9-N60-R08,laff,3,item-043,0,58,0,33,27,100
MPV-GEN-T9-N60-R08,laff,3,item-045,33,58,0,33,27,100
MPV-GEN-T9-N60-R08,laff,3,item-042,0,85,0,67,13,100
MPV-GEN-T9-N60-R08,laff,3,item-033,77,0,0,14,67,78
MPV-GEN-T9-N60-R08,laff,3,item-026,67,67,0,20,29,100
MPV-GEN-T9-N60-R08,laff,4,item-035,0,0,0,14,67,78
MPV-GEN-T9-N60-R08,laff,5,item-044,0,0,0,67,13,100
MPV-GEN-T9-N60-R08,laff,5,item-047,0,13,0,67,8,100
MPV-GEN-T9-N60-R08,laff,5,item-049,0,21,0,67,8,100
MPV-GEN-T9-N60-R08,laff,5,item-048,0,29,0,33,16,100
MPV-GEN-T9-N60-R08,laff,5,item-050,0,45,0,33,16,100
MPV-GEN-T9-N60-R08,laff,5,item-041,0,61,0,34,14,100
MPV-GEN-T9-N60-R08,laff,5,item-046,0,75,0,34,8,100
MPV-GEN-T9-N60-R08,laff,5,item-023,0,83,0,19,9,100
MPV-GEN-T9-N60-R08,laff,5,item-025,19,83,0,19,9,100
MPV-GEN-T9-N60-R08,laff,5,item-022,0,92,0,39,4,100
MPV-GEN-T9-N60-R08,laff,5,item-024,0,96,0,39,4,100
MPV-GEN-T9-N60-R08,laff,5,item-021,33,29,0,20,5,100
MPV-GEN-T9-N60-R09,laff,0,item-000,0,0,0,70,100,36
MPV-GEN-T9-N60-R09,laff,0,item-059,70,0,0,24,67,26
MPV-GEN-T9-N60-R09,laff,0,item-058,70,67,0,24,33,26
MPV-GEN-T9-N60-R09,laff,0,item-004,94,0,0,6,100,31
MPV-GEN-T9-N60-R09,laff,0,item-057,70,0,31,24,100,3
MPV-GEN-T9-N60-R09,laff,0,item-056,70,0,34,24,100,2
MPV-GEN-T9-N60-R09,laff,0,item-001,0,0,36,70,100,2
MPV-GEN-T9-N60-R09,laff,0,item-007,0,0,38,67,33,37
MPV-GEN-T9-N60-R09,laff,0,item-008,0,33,38,33,67,37
MPV-GEN-T9-N60-R09,laff,0,item-009,33,33,38,67,33,37
MPV-GEN-T9-N60-R09,laff,0,item-006,33,66,38,34,34,37
MPV-GEN-T9-N60-R09,laff,0,item-017,67,0,38,32,33,25
MPV-GEN-T9-N60-R09,laff,0,item-019,67,66,38,32,33,25
MPV-GEN-T9-N60-R09,laff,0,item-032,0,0,75,67,33,17
MPV-GEN-T9-N60-R09,laff,0,item-033,0,33,75,33,67,17
MPV-GEN-T9-N60-R09,laff,0,item-034,33,33,75,67,33,17
MPV-GEN-T9-N60-R09,laff,0,item-031,33,66,75,34,34,17
MPV-GEN-T9-N60-R09,laff,0,item-037,0,0,92,67,33,3
MPV-GEN-T9-N60-R09,laff,0,item-038,0,33,92,33,67,3
MPV-GEN-T9-N60-R09,laff,0,item-039,33,33,92,67,33,3
MPV-GEN-T9-N60-R09,laff,0,item-036,33,66,92,34,34,3
MPV-GEN-T9-N60-R09,laff,0,item-040,0,0,95,33,67,3
MPV-GEN-T9-N60-R09,laff,1,item-010,0,0,0,33,67,37
MPV-GEN-T9-N60-R09,laff,1,item-035,33,0,0,33,67,17
MPV-GEN-T9-N60-R09,laff,1,item-012,0,67,0,35,33,25
MPV-GEN-T9-N60-R09,laff,1,item-014,35,67,0,35,33,25
MPV-GEN-T9-N60-R09,laff,1,item-013,66,0,0,17,67,25
MPV-GEN-T9-N60-R09,laff,1,item-015,83,0,0,17,67,25
MPV-GEN-T9-N60-R09,laff,1,item-005,33,0,25,9,100,7
MPV-GEN-T9-N60-R09,laff,1,item-002,0,0,37,21,100,38
MPV-GEN-T9-N60-R09,laff,1,item-018,21,0,37,16,67,25
MPV-GEN-T9-N60-R09,laff,1,item-020,37,0,37,16,67,25
MPV-GEN-T9-N60-R09,laff,1,item-011,53,0,37,18,34,25
MPV-GEN-T9-N60-R09,laff,1,item-016,53,34,37,16,34,25
MPV-GEN-T9-N60-R09,laff,1,item-003,71,0,37,3,100,31
MPV-GEN-T9-N60-R09,laff,2,item-022,0,0,0,46,33,80
MPV-GEN-T9-N60-R09,laff,2,item-024,0,33,0,46,33,80
MPV-GEN-T9-N60-R09,laff,2,item-023,46,0,0,22,67,80
MPV-GEN-T9-N60-R09,laff,2,item-025,68,0,0,22,67,80
MPV-GEN-T9-N60-R09,laff,2,item-021,0,66,0,24,34,80
MPV-GEN-T9-N60-R09,laff,2,item-027,24,66,0,22,33,80
MPV-GEN-T9-N60-R09,laff,2,item-029,46,67,0,22,33,80
MPV-GEN-T9-N60-R09,laff,2,item-028,90,0,0,10,67,80
MPV-GEN-T9-N60-R09,laff,2,item-052,68,67,0,16,33,69
MPV-GEN-T9-N60-R09,laff,2,item-054,84,67,0,16,33,69
MPV-GEN-T9-N60-R09,laff,3,item-043,0,0,0,25,36,100
MPV-GEN-T9-N60-R09,laff,3,item-045,0,36,0,25,36,100
MPV-GEN-T9-N60-R09,laff,3,item-042,0,72,0,51,17,100
MPV-GEN-T9-N60-R09,laff,3,item-044,25,0,0,51,17,100
MPV-GEN-T9-N60-R09,laff,3,item-048,25,17,0,25,32,100
MPV-GEN-T9-N60-R09,laff,3,item-050,50,17,0,25,32,100
MPV-GEN-T9-N60-R09,laff,3,item-047,25,49,0,51,15,100
MPV-GEN-T9-N60-R09,laff,3,item-030,76,0,0,10,67,80
MPV-GEN-T9-N60-R09,laff,3,item-041,51,67,0,26,19,100
MPV-GEN-T9-N60-R09,laff,3,item-053,86,0,0,8,67,69
MPV-GEN-T9-N60-R09,laff,4,item-049,0,0,0,51,15,100
MPV-GEN-T9-N60-R09,laff,4,item-046,0,15,0,26,17,100
MPV-GEN-T9-N60-R09,laff,4,item-055,0,32,0,8,67,69
MPV-GEN-T9-N60-R09,laff,4,item-026,8,32,0,12,34,80
MPV-GEN-T9-N60-R09,laff,4,item-051,8,66,0,8,34,69
MPV-GEN-T9-N60-R10,laff,0,item-004,0,0,0,50,95,64
MPV-GEN-T9-N60-R10,laff,0,item-003,50,0,0,50,95,14
MPV-GEN-T9-N60-R10,laff,0,item-059,50,0,14,15,89,45
MPV-GEN-T9-N60-R10,laff,0,item-057,65,0,14,15,89,35
MPV-GEN-T9-N60-R10,laff,0,item-018,80,0,14,19,67,22
MPV-GEN-T9-N60-R10,laff,0,item-020,80,0,36,19,67,22
MPV-GEN-T9-N60-R10,laff,0,item-058,65,0,49,15,89,11
MPV-GEN-T9-N60-R10,laff,0,item-043,50,89,14,33,8,15
MPV-GEN-T9-N60-R10,laff,0,item-045,50,89,29,33,8,15
MPV-GEN-T9-N60-R10,laff,0,item-042,0,95,44,67,3,15
MPV-GEN-T9-N60-R10,laff,0,item-044,0,97,0,67,3,15
MPV-GEN-T9-N60-R10,laff,0,item-041,50,89,44,34,5,15
MPV-GEN-T9-N60-R10,laff,0,item-056,0,0,64,15,89,9
MPV-GEN-T9-N60-R10,laff,0,item-017,0,0,73,38,33,22
MPV-GEN-T9-N60-R10,laff,0,item-019,0,33,73,38,33,22
MPV-GEN-T9-N60-R10,laff,0,item-012,0,66,73,29,33,22
MPV-GEN-T9-N60-R10,laff,0,item-014,29,66,73,29,33,22
MPV-GEN-T9-N60-R10,laff,0,item-013,58,0,73,14,67,22
MPV-GEN-T9-N60-R10,laff,0,item-015,72,0,73,14,67,22
MPV-GEN-T9-N60-R10,laff,0,item-016,38,0,73,19,34,22
MPV-GEN-T9-N60-R10,laff,1,item-005,0,0,0,31,95,78
MPV-GEN-T9-N60-R10,laff,1,item-000,31,0,0,10,95,78
MPV-GEN-T9-N60-R10,laff,1,item-033,41,0,0,33,26,55
MPV-GEN-T9-N60-R10,laff,1,item-035,41,26,0,33,26,55
MPV-GEN-T9-N60-R10,laff,1,item-001,74,0,0,6,95,78
MPV-GEN-T9-N60-R10,laff,1,item-038,41,52,0,33,26,45
MPV-GEN-T9-N60-R10,laff,1,item-002,80,0,0,3,95,78
MPV-GEN-T9-N60-R10,laff,1,item-011,41,0,55,15,34,22
MPV-GEN-T9-N60-R10,laff,1,item-008,0,95,0,33,4,78
MPV-GEN-T9-N60-R10,laff,1,item-010,33,95,0,33,4,78
MPV-GEN-T9-N60-R10,laff,1,item-006,66,95,0,34,3,78
MPV-GEN-T9-N60-R10,laff,1,item-007,0,99,0,67,1,78
MPV-GEN-T9-N60-R10,laff,2,item-053,0,0,0,28,60,100
MPV-GEN-T9-N60-R10,laff,2,item-055,28,0,0,28,60,100
MPV-GEN-T9-N60-R10,laff,2,item-052,0,60,0,57,29,100
MPV-GEN-T9-N60-R10,laff,2,item-051,56,0,0,29,31,100
MPV-GEN-T9-N60-R10,laff,2,item-028,57,31,0,19,42,100
MPV-GEN-T9-N60-R10,laff,2,item-030,76,31,0,19,42,100
MPV-GEN-T9-N60-R10,laff,2,item-027,57,73,0,39,20,100
MPV-GEN-T9-N60-R10,laff,2,item-021,85,0,0,14,22,100
MPV-GEN-T9-N60-R10,laff,2,item-048,0,89,0,33,8,85
MPV-GEN-T9-N60-R10,laff,2,item-047,0,97,0,67,3,85
MPV-GEN-T9-N60-R10,laff,2,item-049,33,93,0,67,3,85
MPV-GEN-T9-N60-R10,laff,2,item-009,33,96,0,67,1,78
MPV-GEN-T9-N60-R10,laff,3,item-054,0,0,0,57,29,100
MPV-GEN-T9-N60-R10,laff,3,item-029,0,29,0,39,20,100
MPV-GEN-T9-N60-R10,laff,3,item-023,0,49,0,14,42,100
MPV-GEN-T9-N60-R10,laff,3,item-025,14,49,0,14,42,100
MPV-GEN-T9-N60-R10,laff,3,item-022,28,49,0,28,20,100
MPV-GEN-T9-N60-R10,laff,3,item-024,28,69,0,28,20,100
MPV-GEN-T9-N60-R10,laff,3,item-026,56,29,0,20,22,100
MPV-GEN-T9-N60-R10,laff,3,item-040,56,51,0,33,26,45
MPV-GEN-T9-N60-R10,laff,3,item-031,56,51,45,34,14,55
MPV-GEN-T9-N60-R10,laff,3,item-050,0,91,0,33,8,85
MPV-GEN-T9-N60-R10,laff,3,item-036,56,65,45,34,14,45
MPV-GEN-T9-N60-R10,laff,3,item-046,33,89,0,34,5,85
MPV-GEN-T9-N60-R10,laff,4,item-032,0,0,0,67,12,55
MPV-GEN-T9-N60-R10,laff,4,item-034,0,12,0,67,12,55
MPV-GEN-T9-N60-R10,laff,4,item-037,0,24,0,67,12,45
MPV-GEN-T9-N60-R10,laff,4,item-039,0,36,0,67,12,45
MPV-GEN-T9-N90-R01,laff,0,item-071,0,0,0,34,90,86
MPV-GEN-T9-N90-R01,laff,0,item-078,34,0,0,41,53,55
MPV-GEN-T9-N90-R01,laff,0,item-080,75,0,0,24,100,45
MPV-GEN-T9-N90-R01,laff,0,item-076,34,53,0,21,46,55
MPV-GEN-T9-N90-R01,laff,0,item-077,55,53,0,20,46,55
MPV-GEN-T9-N90-R01,laff,0,item-084,34,0,55,15,69,29
MPV-GEN-T9-N90-R01,laff,0,item-064,49,0,55,26,100,9
MPV-GEN-T9-N90-R01,laff,0,item-052,49,0,64,33,58,12
MPV-GEN-T9-N90-R01,laff,0,item-068,75,0,45,16,94,12
MPV-GEN-T9-N90-R01,laff,0,item-040,34,69,64,58,15,17
MPV-GEN-T9-N90-R01,laff,0,item-032,91,0,45,8,47,36
MPV-GEN-T9-N90-R01,laff,0,item-050,49,0,81,33,58,5
MPV-GEN-T9-N90-R01,laff,0,item-086,0,90,0,16,7,71
MPV-GEN-T9-N90-R01,laff,0,item-039,16,90,64,58,8,17
MPV-GEN-T9-N90-R01,laff,0,item-070,0,98,0,32,2,86
MPV-GEN-T9-N90-R01,laff,0,item-048,49,0,76,33,56,2
MPV-GEN-T9-N90-R01,laff,0,item-015,16,90,0,8,8,56
MPV-GEN-T9-N90-R01,laff,0,item-028,34,69,81,23,30,5
MPV-GEN-T9-N90-R01,laff,0,item-065,82,0,81,16,90,2
MPV-GEN-T9-N90-R01,laff,0,item-079,32,99,0,41,1,55
MPV-GEN-T9-N90-R01,laff,0,item-073,34,84,64,43,4,12
MPV-GEN-T9-N90-R01,laff,0,item-074,49,58,64,43,4,12
MPV-GEN-T9-N90-R01,laff,0,item-083,99,0,0,1,69,29
MPV-GEN-T9-N90-R01,laff,0,item-053,49,0,78,33,58,1
MPV-GEN-T9-N90-R01,laff,0,item-004,92,47,45,2,23,34
MPV-GEN-T9-N90-R01,laff,0,item-067,0,90,71,16,6,12
MPV-GEN-T9-N90-R01,laff,0,item-003,49,62,64,17,4,16
MPV-GEN-T9-N90-R01,laff,0,item-063,99,0,29,1,100,9
MPV-GEN-T9-N90-R01,laff,0,item-055,0,97,0,12,1,57
MPV-GEN-T9-N90-R01,laff,0,item-066,34,58,84,16,10,2
MPV-GEN-T9-N90-R01,laff,0,item-047,0,96,81,33,2,4
MPV-GEN-T9-N90-R01,laff,0,item-057,24,90,0,6,1,43
MPV-GEN-T9-N90-R01,laff,0,item-030,0,0,86,100,30,10
MPV-GEN-T9-N90-R01,laff,0,item-029,0,30,86,77,30,5
MPV-GEN-T9-N90-R01,laff,0,item-019,0,60,86,55,29,6
MPV-GEN-T9-N90-R01,laff,0,item-018,55,60,86,45,29,6
MPV-GEN-T9-N90-R01,laff,0,item-011,0,30,92,80,19,1
MPV-GEN-T9-N90-R01,laff,0,item-010,0,30,93,80,4,1
MPV-GEN-T9-N90-R01,laff,0,item-061,0,0,96,27,100,3
MPV-GEN-T9-N90-R01,laff,0,item-062,27,0,96,27,100,2
MPV-GEN-T9-N90-R01,laff,1,item-045,0,0,0,58,45,100
MPV-GEN-T9-N90-R01,laff,1,item-016,0,45,0,81,29,94
MPV-GEN-T9-N90-R01,laff,1,item-024,0,74,0,100,17,85
MPV-GEN-T9-N90-R01,laff,1,item-058,58,0,0,29,27,100
MPV-GEN-T9-N90-R01,laff,1,item-017,81,27,0,19,29,94
MPV-GEN-T9-N90-R01,laff,1,item-025,0,91,0,100,6,85
MPV-GEN-T9-N90-R01,laff,1,item-089,58,27,0,16,16,100
MPV-GEN-T9-N90-R01,laff,1,item-035,87,0,0,8,22,100
MPV-GEN-T9-N90-R01,laff,1,item-026,0,97,0,100,2,85
MPV-GEN-T9-N90-R01,laff,1,item-088,81,56,0,9,15,100
MPV-GEN-T9-N90-R01,laff,1,item-087,74,27,0,7,15,100
MPV-GEN-T9-N90-R01,laff,1,item-014,90,56,0,8,15,56
MPV-GEN-T9-N90-R01,laff,1,item-001,95,0,0,3,19,100
MPV-GEN-T9-N90-R01,laff,1,item-005,98,0,0,2,23,66
MPV-GEN-T9-N90-R01,laff,1,item-069,58,43,0,11,2,86
MPV-GEN-T9-N90-R01,laff,1,item-054,0,99,0,21,1,57
MPV-GEN-T9-N90-R01,laff,1,item-056,0,99,57,27,1,43
MPV-GEN-T9-N90-R01,laff,1,item-007,87,22,0,1,4,100
MPV-GEN-T9-N90-R01,laff,2,item-051,0,0,0,33,58,45
MPV-GEN-T9-N90-R01,laff,2,item-009,0,58,0,74,23,43
MPV-GEN-T9-N90-R01,laff,2,item-049,33,0,0,33,56,35
MPV-GEN-T9-N90-R01,laff,2,item-023,0,81,0,100,12,39
MPV-GEN-T9-N90-R01,laff,2,item-008,66,0,0,6,23,43
MPV-GEN-T9-N90-R01,laff,2,item-046,0,93,0,33,2,33
MPV-GEN-T9-N90-R01,laff,2,item-044,0,0,45,58,32,52
MPV-GEN-T9-N90-R01,laff,2,item-043,0,32,45,58,32,48
MPV-GEN-T9-N90-R01,laff,2,item-082,58,0,45,9,100,45
MPV-GEN-T9-N90-R01,laff,2,item-081,67,0,45,8,100,45
MPV-GEN-T9-N90-R01,laff,3,item-012,0,0,0,54,23,56
MPV-GEN-T9-N90-R01,laff,3,item-013,0,23,0,18,23,56
MPV-GEN-T9-N90-R01,laff,4,item-022,0,0,0,100,12,61
MPV-GEN-T9-N90-R01,laff,5,item-041,0,0,0,58,18,83
MPV-GEN-T9-N90-R01,laff,5,item-085,0,18,0,16,62,71
MPV-GEN-T9-N90-R01,laff,5,item-075,0,80,0,43,8,74
MPV-GEN-T9-N90-R01,laff,5,item-042,0,88,0,58,5,83
MPV-GEN-T9-N90-R01,laff,5,item-031,16,18,0,8,47,64
MPV-GEN-T9-N90-R01,laff,6,item-072,0,0,0,9,90,86
MPV-GEN-T9-N90-R01,laff,6,item-027,0,90,0,100,5,85
MPV-GEN-T9-N90-R01,laff,6,item-002,0,95,0,17,4,84
MPV-GEN-T9-N90-R01,laff,7,item-059,0,0,0,29,14,100
MPV-GEN-T9-N90-R01,laff,7,item-021,0,14,0,66,6,100
MPV-GEN-T9-N90-R01,laff,7,item-000,0,20,0,14,19,100
MPV-GEN-T9-N90-R01,laff,7,item-020,0,39,0,34,6,100
MPV-GEN-T9-N90-R01,laff,7,item-038,0,45,0,6,31,100
MPV-GEN-T9-N90-R01,laff,7,item-060,6,45,0,4,41,100
MPV-GEN-T9-N90-R01,laff,7,item-037,10,45,0,3,31,100
MPV-GEN-T9-N90-R01,laff,7,item-033,13,45,0,1,28,100
MPV-GEN-T9-N90-R01,laff,7,item-036,0,76,0,1,22,100
MPV-GEN-T9-N90-R01,laff,7,item-006,1,76,0,1,19,100
MPV-GEN-T9-N90-R01,laff,7,item-034,2,76,0,1,19,100
MPV-GEN-T9-N90-R02,laff,0,item-014,0,0,0,85,97,7
MPV-GEN-T9-N90-R02,laff,0,item-015,85,0,0,14,97,7
MPV-GEN-T9-N90-R02,laff,0,item-087,0,97,0,100,3,7
MPV-GEN-T9-N90-R02,laff,0,item-012,99,0,0,1,97,6
MPV-GEN-T9-N90-R02,laff,0,item-013,99,0,6,1,97,1
MPV-GEN-T9-N90-R02,laff,0,item-000,0,0,7,100,80,11
MPV-GEN-T9-N90-R02,laff,0,item-075,0,80,7,98,17,11
MPV-GEN-T9-N90-R02,laff,0,item-088,0,97,7,100,3,9
MPV-GEN-T9-N90-R02,laff,0,item-001,0,0,18,100,80,2
MPV-GEN-T9-N90-R02,laff,0,item-022,0,80,18,100,13,1
MPV-GEN-T9-N90-R02,laff,0,item-007,0,80,19,100,9,1
MPV-GEN-T9-N90-R02,laff,0,item-027,0,0,20,81,80,11
MPV-GEN-T9-N90-R02,laff,0,item-025,81,0,20,19,87,10
MPV-GEN-T9-N90-R02,laff,0,item-021,0,87,20,100,13,11
MPV-GEN-T9-N90-R02,laff,0,item-026,0,80,20,81,7,11
MPV-GEN-T9-N90-R02,laff,0,item-024,81,0,30,19,87,1
MPV-GEN-T9-N90-R02,laff,0,item-070,0,0,31,65,83,1
MPV-GEN-T9-N90-R02,laff,0,item-002,0,0,32,64,80,4
MPV-GEN-T9-N90-R02,laff,0,item-003,64,0,32,36,80,4
MPV-GEN-T9-N90-R02,laff,0,item-023,0,80,32,100,13,4
MPV-GEN-T9-N90-R02,laff,0,item-079,0,0,36,46,73,3
MPV-GEN-T9-N90-R02,laff,0,item-020,0,73,36,100,13,3
MPV-GEN-T9-N90-R02,laff,0,item-078,46,0,36,46,73,1
MPV-GEN-T9-N90-R02,laff,0,item-034,0,0,39,33,94,49
MPV-GEN-T9-N90-R02,laff,0,item-041,33,0,39,61,43,47
MPV-GEN-T9-N90-R02,laff,0,item-045,33,43,39,61,15,47
MPV-GEN-T9-N90-R02,laff,0,item-040,33,58,39,61,14,47
MPV-GEN-T9-N90-R02,laff,0,item-042,33,72,39,61,11,47
MPV-GEN-T9-N90-R02,laff,0,item-044,33,83,39,61,11,47
MPV-GEN-T9-N90-R02,laff,0,item-043,0,94,39,61,4,47
MPV-GEN-T9-N90-R02,laff,0,item-033,61,94,39,33,6,49
MPV-GEN-T9-N90-R02,laff,0,item-062,94,0,39,2,90,40
MPV-GEN-T9-N90-R02,laff,0,item-039,0,98,39,61,2,47
MPV-GEN-T9-N90-R02,laff,0,item-065,96,0,39,1,92,41
MPV-GEN-T9-N90-R02,laff,0,item-066,97,0,39,1,92,41
MPV-GEN-T9-N90-R02,laff,0,item-056,98,0,39,2,68,16
MPV-GEN-T9-N90-R02,laff,0,item-061,94,0,80,2,90,3
MPV-GEN-T9-N90-R02,laff,0,item-064,98,0,55,2,10,27
MPV-GEN-T9-N90-R02,laff,0,item-067,94,90,39,1,8,41
MPV-GEN-T9-N90-R02,laff,0,item-068,95,90,39,1,8,41
MPV-GEN-T9-N90-R02,laff,0,item-063,98,10,55,2,10,16
MPV-GEN-T9-N90-R02,laff,0,item-008,94,90,80,6,3,7
MPV-GEN-T9-N90-R02,laff,0,item-077,0,0,88,46,67,12
MPV-GEN-T9-N90-R02,laff,0,item-005,0,67,88,100,11,12
MPV-GEN-T9-N90-R02,laff,0,item-083,0,78,88,100,13,8
MPV-GEN-T9-N90-R02,laff,0,item-054,46,0,88,39,41,4
MPV-GEN-T9-N90-R02,laff,0,item-055,46,0,92,39,27,4
MPV-GEN-T9-N90-R02,laff,0,item-076,0,91,88,46,6,12
MPV-GEN-T9-N90-R02,laff,0,item-031,46,0,96,33,17,4
MPV-GEN-T9-N90-R02,laff,0,item-084,0,97,88,100,2,8
MPV-GEN-T9-N90-R02,laff,0,item-009,46,27,92,54,3,7
MPV-GEN-T9-N90-R02,laff,0,item-048,46,41,88,39,2,11
MPV-GEN-T9-N90-R02,laff,0,item-010,46,30,92,40,2,7
MPV-GEN-T9-N90-R02,laff,0,item-011,46,32,92,40,1,7
MPV-GEN-T9-N90-R02,laff,1,item-069,0,0,0,65,83,83
MPV-GEN-T9-N90-R02,laff,1,item-074,0,83,0,98,10,73
MPV-GEN-T9-N90-R02,laff,1,item-073,0,93,0,98,7,73
MPV-GEN-T9-N90-R02,laff,1,item-032,65,0,73,33,83,4
MPV-GEN-T9-N90-R02,laff,1,item-086,0,83,73,100,13,8
MPV-GEN-T9-N90-R02,laff,1,item-037,98,0,0,1,100,53
MPV-GEN-T9-N90-R02,laff,1,item-019,65,0,0,11,5,57
MPV-GEN-T9-N90-R02,laff,1,item-085,0,96,73,100,2,8
MPV-GEN-T9-N90-R02,laff,1,item-057,0,0,83,37,68,16
MPV-GEN-T9-N90-R02,laff,1,item-082,0,68,83,54,32,16
MPV-GEN-T9-N90-R02,laff,1,item-080,37,0,83,54,28,16
MPV-GEN-T9-N90-R02,laff,1,item-081,37,28,83,54,13,16
MPV-GEN-T9-N90-R02,laff,2,item-030,0,0,0,51,87,65
MPV-GEN-T9-N90-R02,laff,2,item-028,51,0,0,42,87,65
MPV-GEN-T9-N90-R02,laff,2,item-017,0,87,0,100,7,57
MPV-GEN-T9-N90-R02,laff,2,item-029,93,0,0,7,87,65
MPV-GEN-T9-N90-R02,laff,2,item-018,0,94,0,89,5,57
MPV-GEN-T9-N90-R02,laff,2,item-016,0,99,0,100,1,57
MPV-GEN-T9-N90-R02,laff,2,item-004,0,87,57,100,11,5
MPV-GEN-T9-N90-R02,laff,2,item-006,0,0,65,100,9,16
MPV-GEN-T9-N90-R02,laff,2,item-089,0,9,65,100,9,16
MPV-GEN-T9-N90-R02,laff,3,item-060,0,0,0,39,48,80
MPV-GEN-T9-N90-R02,laff,3,item-036,39,0,0,13,100,53
MPV-GEN-T9-N90-R02,laff,3,item-035,52,0,0,11,100,53
MPV-GEN-T9-N90-R02,laff,3,item-059,0,48,0,36,20,80
MPV-GEN-T9-N90-R02,laff,3,item-038,63,0,0,3,100,53
MPV-GEN-T9-N90-R02,laff,3,item-058,0,68,0,3,20,80
MPV-GEN-T9-N90-R02,laff,3,item-049,0,88,0,39,2,50
MPV-GEN-T9-N90-R02,laff,3,item-046,0,90,0,39,1,39
MPV-GEN-T9-N90-R02,laff,3,item-047,0,90,39,39,1,39
MPV-GEN-T9-N90-R02,laff,4,item-071,0,0,0,33,42,84
MPV-GEN-T9-N90-R02,laff,4,item-072,0,42,0,33,41,84
MPV-GEN-T9-N90-R02,laff,5,item-053,0,0,0,31,19,100
MPV-GEN-T9-N90-R02,laff,5,item-052,0,19,0,31,11,100
MPV-GEN-T9-N90-R02,laff,5,item-050,0,30,0,4,30,100
MPV-GEN-T9-N90-R02,laff,5,item-051,0,60,0,4,30,100
MPV-GEN-T9-N90-R03,laff,0,item-026,0,0,0,81,89,57
MPV-GEN-T9-N90-R03,laff,0,item-025,81,0,0,18,92,17
MPV-GEN-T9-N90-R03,laff,0,item-070,0,89,17,77,9,36
MPV-GEN-T9-N90-R03,laff,0,item-089,81,0,17,12,31,39
MPV-GEN-T9-N90-R03,laff,0,item-005,81,31,17,16,27,26
MPV-GEN-T9-N90-R03,laff,0,item-080,77,92,0,17,8,45
MPV-GEN-T9-N90-R03,laff,0,item-042,99,0,0,1,96,44
MPV-GEN-T9-N90-R03,laff,0,item-085,81,58,17,5,17,39
MPV-GEN-T9-N90-R03,laff,0,item-060,81,75,17,14,4,39
MPV-GEN-T9-N90-R03,laff,0,item-081,81,79,17,17,8,16
MPV-GEN-T9-N90-R03,laff,0,item-001,97,0,33,2,68,15
MPV-GEN-T9-N90-R03,laff,0,item-052,81,87,17,12,4,36
MPV-GEN-T9-N90-R03,laff,0,item-051,86,68,17,13,4,29
MPV-GEN-T9-N90-R03,laff,0,item-000,93,0,46,2,68,11
MPV-GEN-T9-N90-R03,laff,0,item-041,99,0,44,1,96,13
MPV-GEN-T9-N90-R03,laff,0,item-021,81,79,33,15,3,22
MPV-GEN-T9-N90-R03,laff,0,item-058,81,82,33,8,4,23
MPV-GEN-T9-N90-R03,laff,0,item-059,89,82,33,6,4,23
MPV-GEN-T9-N90-R03,laff,0,item-084,95,0,17,1,14,39
MPV-GEN-T9-N90-R03,laff,0,item-050,86,68,46,13,4,7
MPV-GEN-T9-N90-R03,laff,0,item-022,77,89,0,2,3,52
MPV-GEN-T9-N90-R03,laff,0,item-008,0,89,53,62,5,1
MPV-GEN-T9-N90-R03,laff,0,item-003,96,0,53,1,68,4
MPV-GEN-T9-N90-R03,laff,0,item-047,0,89,54,68,4,1
MPV-GEN-T9-N90-R03,laff,0,item-020,93,86,33,4,3,22
MPV-GEN-T9-N90-R03,laff,0,item-056,95,82,33,3,4,19
MPV-GEN-T9-N90-R03,laff,0,item-048,0,89,55,54,4,1
MPV-GEN-T9-N90-R03,laff,0,item-009,0,89,56,38,5,1
MPV-GEN-T9-N90-R03,laff,0,item-049,38,89,56,46,4,1
MPV-GEN-T9-N90-R03,laff,0,item-046,54,89,55,32,4,1
MPV-GEN-T9-N90-R03,laff,0,item-024,0,0,57,63,92,17
MPV-GEN-T9-N90-R03,laff,0,item-014,0,92,57,100,5,5
MPV-GEN-T9-N90-R03,laff,0,item-010,0,92,62,100,6,1
MPV-GEN-T9-N90-R03,laff,0,item-044,0,0,74,42,96,14
MPV-GEN-T9-N90-R03,laff,0,item-040,42,0,74,41,96,14
MPV-GEN-T9-N90-R03,laff,0,item-045,0,0,88,42,96,2
MPV-GEN-T9-N90-R03,laff,0,item-034,42,0,88,58,52,1
MPV-GEN-T9-N90-R03,laff,0,item-088,42,0,89,44,31,1
MPV-GEN-T9-N90-R03,laff,0,item-007,0,0,90,97,41,4
MPV-GEN-T9-N90-R03,laff,0,item-011,0,41,90,100,21,1
MPV-GEN-T9-N90-R03,laff,0,item-033,0,0,94,58,52,5
MPV-GEN-T9-N90-R03,laff,1,item-043,0,0,0,42,96,27
MPV-GEN-T9-N90-R03,laff,1,item-031,42,0,0,58,52,21
MPV-GEN-T9-N90-R03,laff,1,item-063,42,52,0,55,44,19
MPV-GEN-T9-N90-R03,laff,1,item-068,42,52,19,55,44,7
MPV-GEN-T9-N90-R03,laff,1,item-057,0,96,0,83,4,19
MPV-GEN-T9-N90-R03,laff,1,item-006,0,0,27,97,41,22
MPV-GEN-T9-N90-R03,laff,1,item-013,0,41,27,100,27,17
MPV-GEN-T9-N90-R03,laff,1,item-012,0,68,27,100,27,8
MPV-GEN-T9-N90-R03,laff,1,item-015,0,95,27,100,5,20
MPV-GEN-T9-N90-R03,laff,1,item-039,0,0,49,41,96,43
MPV-GEN-T9-N90-R03,laff,1,item-065,41,0,49,45,44,34
MPV-GEN-T9-N90-R03,laff,1,item-066,41,44,49,45,44,32
MPV-GEN-T9-N90-R03,laff,1,item-055,0,96,49,86,3,43
MPV-GEN-T9-N90-R03,laff,1,item-054,0,99,49,86,1,43
MPV-GEN-T9-N90-R03,laff,1,item-002,86,0,49,1,68,22
MPV-GEN-T9-N90-R03,laff,2,item-032,0,0,0,58,52,73
MPV-GEN-T9-N90-R03,laff,2,item-067,0,52,0,55,44,59
MPV-GEN-T9-N90-R03,laff,2,item-087,55,52,0,44,31,38
MPV-GEN-T9-N90-R03,laff,2,item-064,55,52,38,45,44,19
MPV-GEN-T9-N90-R03,laff,2,item-076,58,0,0,41,15,61
MPV-GEN-T9-N90-R03,laff,2,item-086,58,15,0,39,17,39
MPV-GEN-T9-N90-R03,laff,2,item-061,55,52,57,38,44,15
MPV-GEN-T9-N90-R03,laff,2,item-027,0,96,0,81,3,57
MPV-GEN-T9-N90-R03,laff,2,item-079,0,99,0,100,1,61
MPV-GEN-T9-N90-R03,laff,2,item-023,58,32,0,17,3,52
MPV-GEN-T9-N90-R03,laff,2,item-062,0,0,73,62,44,15
MPV-GEN-T9-N90-R03,laff,3,item-004,0,0,0,81,27,26
MPV-GEN-T9-N90-R03,laff,3,item-071,0,0,26,77,25,34
MPV-GEN-T9-N90-R03,laff,3,item-072,0,25,26,77,25,30
MPV-GEN-T9-N90-R03,laff,3,item-069,0,0,60,77,16,36
MPV-GEN-T9-N90-R03,laff,3,item-053,0,16,60,75,4,36
MPV-GEN-T9-N90-R03,laff,4,item-035,0,0,0,37,39,100
MPV-GEN-T9-N90-R03,laff,4,item-016,37,0,0,14,63,74
MPV-GEN-T9-N90-R03,laff,4,item-077,0,63,0,59,15,61
MPV-GEN-T9-N90-R03,laff,4,item-038,51,0,0,12,44,100
MPV-GEN-T9-N90-R03,laff,4,item-078,0,78,0,100,7,61
MPV-GEN-T9-N90-R03,laff,4,item-019,59,44,0,19,29,74
MPV-GEN-T9-N90-R03,laff,4,item-082,0,85,0,83,8,61
MPV-GEN-T9-N90-R03,laff,4,item-037,63,0,0,9,44,100
MPV-GEN-T9-N90-R03,laff,4,item-030,0,93,0,81,5,74
MPV-GEN-T9-N90-R03,laff,4,item-075,72,0,0,10,25,100
MPV-GEN-T9-N90-R03,laff,4,item-083,0,63,61,43,14,39
MPV-GEN-T9-N90-R03,laff,4,item-017,82,0,0,5,63,74
MPV-GEN-T9-N90-R03,laff,4,item-073,87,0,0,8,25,100
MPV-GEN-T9-N90-R03,laff,4,item-036,0,39,0,37,5,100
MPV-GEN-T9-N90-R03,laff,4,item-074,87,25,0,5,25,100
MPV-GEN-T9-N90-R03,laff,4,item-018,0,44,0,19,5,74
MPV-GEN-T9-N90-R03,laff,4,item-028,0,49,0,7,3,74
MPV-GEN-T9-N90-R03,laff,5,item-029,0,0,0,74,3,74
MPV-GEN-T9-N90-R04,laff,0,item-026,0,0,0,43,100,34
MPV-GEN-T9-N90-R04,laff,0,item-066,43,0,0,54,29,21
MPV-GEN-T9-N90-R04,laff,0,item-007,43,29,0,21,50,29
MPV-GEN-T9-N90-R04,laff,0,item-027,43,0,29,43,100,5
MPV-GEN-T9-N90-R04,laff,0,item-029,64,0,21,22,100,8
MPV-GEN-T9-N90-R04,laff,0,item-031,86,29,0,10,53,32
MPV-GEN-T9-N90-R04,laff,0,item-032,64,29,0,10,53,18
MPV-GEN-T9-N90-R04,laff,0,item-012,97,0,0,2,81,25
MPV-GEN-T9-N90-R04,laff,0,item-065,43,82,0,54,3,21
MPV-GEN-T9-N90-R04,laff,0,item-008,74,29,0,8,19,21
MPV-GEN-T9-N90-R04,laff,0,item-021,99,0,0,1,100,27
MPV-GEN-T9-N90-R04,laff,0,item-041,43,85,0,48,13,3
MPV-GEN-T9-N90-R04,laff,0,item-037,43,85,3,35,8,6
MPV-GEN-T9-N90-R04,laff,0,item-080,86,85,3,6,2,27
MPV-GEN-T9-N90-R04,laff,0,item-081,86,0,27,6,2,5
MPV-GEN-T9-N90-R04,laff,0,item-040,0,0,34,48,79,50
MPV-GEN-T9-N90-R04,laff,0,item-036,48,0,34,35,92,49
MPV-GEN-T9-N90-R04,laff,0,item-042,0,79,34,48,13,47
MPV-GEN-T9-N90-R04,laff,0,item-015,83,0,34,8,81,41
MPV-GEN-T9-N90-R04,laff,0,item-045,91,0,34,7,68,50
MPV-GEN-T9-N90-R04,laff,0,item-039,0,92,34,48,8,50
MPV-GEN-T9-N90-R04,laff,0,item-038,48,92,34,35,8,44
MPV-GEN-T9-N90-R04,laff,0,item-022,98,0,34,2,100,41
MPV-GEN-T9-N90-R04,laff,0,item-044,91,68,34,7,23,50
MPV-GEN-T9-N90-R04,laff,0,item-009,83,81,34,8,19,38
MPV-GEN-T9-N90-R04,laff,0,item-035,48,0,83,35,92,1
MPV-GEN-T9-N90-R04,laff,0,item-043,91,91,34,7,9,50
MPV-GEN-T9-N90-R04,laff,0,item-051,0,0,84,59,53,12
MPV-GEN-T9-N90-R04,laff,0,item-063,0,53,84,76,32,9
MPV-GEN-T9-N90-R04,laff,0,item-028,76,0,84,22,100,7
MPV-GEN-T9-N90-R04,laff,0,item-048,0,53,93,100,29,3
MPV-GEN-T9-N90-R04,laff,0,item-056,0,85,91,100,3,5
MPV-GEN-T9-N90-R04,laff,0,item-076,0,0,96,100,16,4
MPV-GEN-T9-N90-R04,laff,0,item-077,0,16,96,100,16,4
MPV-GEN-T9-N90-R04,laff,0,item-068,0,32,96,46,32,1
MPV-GEN-T9-N90-R04,laff,1,item-050,0,0,0,59,53,38
MPV-GEN-T9-N90-R04,laff,1,item-060,0,53,0,100,15,36
MPV-GEN-T9-N90-R04,laff,1,item-067,0,68,0,46,32,20
MPV-GEN-T9-N90-R04,laff,1,item-049,0,68,20,100,29,7
MPV-GEN-T9-N90-R04,laff,1,item-006,59,0,0,21,28,29
MPV-GEN-T9-N90-R04,laff,1,item-079,59,28,0,25,16,24
MPV-GEN-T9-N90-R04,laff,1,item-074,59,0,29,21,50,9
MPV-GEN-T9-N90-R04,laff,1,item-064,0,68,27,24,32,9
MPV-GEN-T9-N90-R04,laff,1,item-054,46,97,0,32,3,37
MPV-GEN-T9-N90-R04,laff,1,item-024,0,0,38,22,100,61
MPV-GEN-T9-N90-R04,laff,1,item-025,22,0,38,21,100,61
MPV-GEN-T9-N90-R04,laff,1,item-004,43,0,38,21,78,54
MPV-GEN-T9-N90-R04,laff,1,item-052,64,0,38,21,53,50
MPV-GEN-T9-N90-R04,laff,1,item-014,85,0,38,8,81,34
MPV-GEN-T9-N90-R04,laff,1,item-034,64,53,38,6,47,50
MPV-GEN-T9-N90-R04,laff,1,item-023,93,0,38,3,100,41
MPV-GEN-T9-N90-R04,laff,1,item-013,85,0,72,6,81,25
MPV-GEN-T9-N90-R04,laff,1,item-018,96,0,38,2,100,59
MPV-GEN-T9-N90-R04,laff,1,item-033,70,53,38,4,47,50
MPV-GEN-T9-N90-R04,laff,1,item-017,74,53,38,3,39,59
MPV-GEN-T9-N90-R04,laff,1,item-019,98,0,38,1,100,59
MPV-GEN-T9-N90-R04,laff,1,item-010,43,78,38,4,19,41
MPV-GEN-T9-N90-R04,laff,1,item-011,47,78,38,4,19,41
MPV-GEN-T9-N90-R04,laff,1,item-020,91,0,79,1,100,14
MPV-GEN-T9-N90-R04,laff,2,item-061,0,0,0,100,23,70
MPV-GEN-T9-N90-R04,laff,2,item-047,0,23,0,100,18,40
MPV-GEN-T9-N90-R04,laff,2,item-062,0,41,0,100,9,70
MPV-GEN-T9-N90-R04,laff,2,item-046,0,50,0,100,11,40
MPV-GEN-T9-N90-R04,laff,2,item-089,0,61,0,57,9,68
MPV-GEN-T9-N90-R04,laff,2,item-078,0,23,40,75,16,24
MPV-GEN-T9-N90-R04,laff,2,item-087,0,70,0,36,9,68
MPV-GEN-T9-N90-R04,laff,2,item-085,0,79,0,43,7,68
MPV-GEN-T9-N90-R04,laff,2,item-058,0,86,0,100,12,14
MPV-GEN-T9-N90-R04,laff,2,item-083,36,70,0,32,7,68
MPV-GEN-T9-N90-R04,laff,2,item-088,43,77,0,21,9,68
MPV-GEN-T9-N90-R04,laff,2,item-086,57,61,0,43,4,68
MPV-GEN-T9-N90-R04,laff,2,item-055,0,86,14,68,3,37
MPV-GEN-T9-N90-R04,laff,2,item-082,0,89,14,94,2,32
MPV-GEN-T9-N90-R04,laff,2,item-084,64,77,0,11,7,68
MPV-GEN-T9-N90-R04,laff,2,item-059,0,86,51,100,3,14
MPV-GEN-T9-N90-R04,laff,2,item-057,0,89,46,100,3,8
MPV-GEN-T9-N90-R04,laff,2,item-005,0,0,70,21,78,17
MPV-GEN-T9-N90-R04,laff,3,item-030,0,0,0,22,100,85
MPV-GEN-T9-N90-R04,laff,3,item-053,22,0,0,20,53,50
MPV-GEN-T9-N90-R04,laff,3,item-016,42,0,0,3,61,59
MPV-GEN-T9-N90-R04,laff,4,item-075,0,0,0,33,50,100
MPV-GEN-T9-N90-R04,laff,4,item-072,0,50,0,42,31,100
MPV-GEN-T9-N90-R04,laff,4,item-073,33,0,0,21,50,91
MPV-GEN-T9-N90-R04,laff,4,item-071,0,81,0,42,19,100
MPV-GEN-T9-N90-R04,laff,4,item-000,42,50,0,21,12,100
MPV-GEN-T9-N90-R04,laff,4,item-070,54,0,0,3,50,100
MPV-GEN-T9-N90-R04,laff,4,item-003,42,62,0,21,6,100
MPV-GEN-T9-N90-R04,laff,4,item-002,42,68,0,21,3,100
MPV-GEN-T9-N90-R04,laff,4,item-069,57,0,0,1,50,100
MPV-GEN-T9-N90-R04,laff,4,item-001,42,71,0,21,1,100
MPV-GEN-T9-N90-R05,laff,0,item-057,0,0,0,100,55,14
MPV-GEN-T9-N90-R05,laff,0,item-029,0,55,0,100,44,9
MPV-GEN-T9-N90-R05,laff,0,item-037,0,55,9,100,17,4
MPV-GEN-T9-N90-R05,laff,0,item-045,0,72,9,100,22,2
MPV-GEN-T9-N90-R05,laff,0,item-055,0,55,13,100,32,1
MPV-GEN-T9-N90-R05,laff,0,item-054,0,72,11,100,23,1
MPV-GEN-T9-N90-R05,laff,0,item-056,0,0,14,100,55,4
MPV-GEN-T9-N90-R05,laff,0,item-079,0,55,14,28,42,2
MPV-GEN-T9-N90-R05,laff,0,item-009,0,55,16,29,32,2
MPV-GEN-T9-N90-R05,laff,0,item-027,0,0,18,100,42,51
MPV-GEN-T9-N90-R05,laff,0,item-025,0,42,18,100,22,48
MPV-GEN-T9-N90-R05,laff,0,item-049,0,64,18,100,22,37
MPV-GEN-T9-N90-R05,laff,0,item-034,0,86,18,100,11,50
MPV-GEN-T9-N90-R05,laff,0,item-024,0,64,55,100,22,12
MPV-GEN-T9-N90-R05,laff,0,item-026,0,0,69,100,42,9
MPV-GEN-T9-N90-R05,laff,0,item-059,0,42,69,100,37,6
MPV-GEN-T9-N90-R05,laff,0,item-030,0,79,69,100,14,9
MPV-GEN-T9-N90-R05,laff,0,item-028,0,93,69,100,6,9
MPV-GEN-T9-N90-R05,laff,0,item-058,0,0,78,100,37,17
MPV-GEN-T9-N90-R05,laff,0,item-023,0,37,78,99,24,14
MPV-GEN-T9-N90-R05,laff,0,item-043,0,61,78,57,22,8
MPV-GEN-T9-N90-R05,laff,0,item-042,0,83,78,76,13,10
MPV-GEN-T9-N90-R05,laff,0,item-044,0,61,86,43,22,8
MPV-GEN-T9-N90-R05,laff,0,item-041,57,61,78,24,13,10
MPV-GEN-T9-N90-R05,laff,0,item-066,76,74,78,8,16,17
MPV-GEN-T9-N90-R05,laff,0,item-067,84,61,78,7,18,17
MPV-GEN-T9-N90-R05,laff,0,item-065,84,79,78,8,11,17
MPV-GEN-T9-N90-R05,laff,0,item-064,91,61,78,8,12,13
MPV-GEN-T9-N90-R05,laff,0,item-068,92,73,78,1,18,17
MPV-GEN-T9-N90-R05,laff,0,item-039,76,90,78,3,10,10
MPV-GEN-T9-N90-R05,laff,0,item-002,0,96,78,7,4,10
MPV-GEN-T9-N90-R05,laff,0,item-012,0,0,95,30,100,5
MPV-GEN-T9-N90-R05,laff,0,item-013,30,0,95,24,100,5
MPV-GEN-T9-N90-R05,laff,0,item-008,54,0,95,29,68,2
MPV-GEN-T9-N90-R05,laff,0,item-061,83,0,95,6,55,4
MPV-GEN-T9-N90-R05,laff,0,item-062,89,0,95,2,55,4
MPV-GEN-T9-N90-R05,laff,1,item-014,0,0,0,54,51,26
MPV-GEN-T9-N90-R05,laff,1,item-015,0,51,0,54,49,26
MPV-GEN-T9-N90-R05,laff,1,item-088,54,0,0,25,32,19
MPV-GEN-T9-N90-R05,laff,1,item-005,54,32,0,10,47,23
MPV-GEN-T9-N90-R05,laff,1,item-000,64,32,0,7,56,21
MPV-GEN-T9-N90-R05,laff,1,item-072,71,32,0,6,53,24
MPV-GEN-T9-N90-R05,laff,1,item-071,77,32,0,6,47,24
MPV-GEN-T9-N90-R05,laff,1,item-003,83,0,0,7,96,10
MPV-GEN-T9-N90-R05,laff,1,item-001,90,0,0,7,44,21
MPV-GEN-T9-N90-R05,laff,1,item-063,83,44,10,8,43,13
MPV-GEN-T9-N90-R05,laff,1,item-004,90,44,0,10,47,8
MPV-GEN-T9-N90-R05,laff,1,item-069,97,0,8,2,100,13
MPV-GEN-T9-N90-R05,laff,1,item-022,0,0,26,99,24,55
MPV-GEN-T9-N90-R05,laff,1,item-011,0,24,26,29,59,29
MPV-GEN-T9-N90-R05,laff,1,item-048,0,24,55,100,22,21
MPV-GEN-T9-N90-R05,laff,1,item-033,0,83,26,100,11,40
MPV-GEN-T9-N90-R05,laff,1,item-060,0,46,55,100,18,23
MPV-GEN-T9-N90-R05,laff,1,item-010,29,24,26,29,41,29
MPV-GEN-T9-N90-R05,laff,1,item-040,0,64,66,97,10,10
MPV-GEN-T9-N90-R05,laff,1,item-021,99,0,26,1,24,42
MPV-GEN-T9-N90-R05,laff,1,item-020,58,24,26,1,24,27
MPV-GEN-T9-N90-R05,laff,1,item-070,0,0,81,2,100,11
MPV-GEN-T9-N90-R05,laff,2,item-089,0,0,0,67,32,100
MPV-GEN-T9-N90-R05,laff,2,item-085,0,32,0,79,22,100
MPV-GEN-T9-N90-R05,laff,2,item-038,0,54,0,100,17,86
MPV-GEN-T9-N90-R05,laff,2,item-032,0,71,0,100,15,90
MPV-GEN-T9-N90-R05,laff,2,item-087,67,0,0,25,32,81
MPV-GEN-T9-N90-R05,laff,2,item-046,0,86,0,100,8,58
MPV-GEN-T9-N90-R05,laff,2,item-084,0,94,0,75,4,100
MPV-GEN-T9-N90-R05,laff,2,item-086,79,32,0,13,22,100
MPV-GEN-T9-N90-R05,laff,2,item-077,92,0,0,4,42,100
MPV-GEN-T9-N90-R05,laff,2,item-031,0,98,0,100,1,90
MPV-GEN-T9-N90-R05,laff,2,item-076,96,0,0,2,42,100
MPV-GEN-T9-N90-R05,laff,2,item-036,0,99,0,89,1,90
MPV-GEN-T9-N90-R05,laff,2,item-083,75,94,0,17,4,100
MPV-GEN-T9-N90-R05,laff,2,item-016,92,42,0,4,12,69
MPV-GEN-T9-N90-R05,laff,2,item-035,89,99,0,11,1,90
MPV-GEN-T9-N90-R05,laff,3,item-053,0,0,0,70,19,58
MPV-GEN-T9-N90-R05,laff,3,item-081,0,19,0,31,42,32
MPV-GEN-T9-N90-R05,laff,3,item-052,0,61,0,30,19,58
MPV-GEN-T9-N90-R05,laff,3,item-047,0,80,0,100,3,58
MPV-GEN-T9-N90-R05,laff,3,item-050,0,83,0,63,3,58
MPV-GEN-T9-N90-R05,laff,3,item-007,31,19,0,10,28,31
MPV-GEN-T9-N90-R05,laff,3,item-006,31,47,0,10,25,31
MPV-GEN-T9-N90-R05,laff,3,item-051,0,86,0,37,3,58
MPV-GEN-T9-N90-R05,laff,3,item-074,0,0,58,1,100,34
MPV-GEN-T9-N90-R05,laff,3,item-073,1,0,58,1,100,25
MPV-GEN-T9-N90-R05,laff,4,item-080,0,0,0,31,42,68
MPV-GEN-T9-N90-R05,laff,4,item-075,31,0,0,7,100,59
MPV-GEN-T9-N90-R05,laff,5,item-078,0,0,0,28,42,98
MPV-GEN-T9-N90-R05,laff,5,item-019,0,42,0,57,11,69
MPV-GEN-T9-N90-R05,laff,5,item-017,0,53,0,39,12,69
MPV-GEN-T9-N90-R05,laff,5,item-018,0,65,0,57,1,69
MPV-GEN-T9-N90-R05,laff,6,item-082,0,0,0,27,42,100
MPV-GEN-T9-N90-R06,laff,0,item-018,0,0,0,68,74,14
MPV-GEN-T9-N90-R06,laff,0,item-021,68,0,0,25,100,12
MPV-GEN-T9-N90-R06,laff,0,item-017,0,74,0,68,14,14
MPV-GEN-T9-N90-R06,laff,0,item-019,0,88,0,68,11,14
MPV-GEN-T9-N90-R06,laff,0,item-083,93,0,0,6,85,7
MPV-GEN-T9-N90-R06,laff,0,item-016,0,99,0,68,1,14
MPV-GEN-T9-N90-R06,laff,0,item-031,68,0,12,10,37,2
MPV-GEN-T9-N90-R06,laff,0,item-048,93,0,7,1,63,3
MPV-GEN-T9-N90-R06,laff,0,item-044,93,0,10,1,33,3
MPV-GEN-T9-N90-R06,laff,0,item-043,93,33,10,1,4,3
MPV-GEN-T9-N90-R06,laff,0,item-053,93,85,0,1,1,10
MPV-GEN-T9-N90-R06,laff,0,item-030,0,0,14,36,79,51
MPV-GEN-T9-N90-R06,laff,0,item-022,36,0,14,43,61,35
MPV-GEN-T9-N90-R06,laff,0,item-026,79,0,14,19,82,51
MPV-GEN-T9-N90-R06,laff,0,item-023,36,61,14,43,39,35
MPV-GEN-T9-N90-R06,laff,0,item-029,0,79,14,36,13,51
MPV-GEN-T9-N90-R06,laff,0,item-084,36,0,49,32,85,7
MPV-GEN-T9-N90-R06,laff,0,item-027,79,82,14,19,18,51
MPV-GEN-T9-N90-R06,laff,0,item-028,0,92,14,36,8,51
MPV-GEN-T9-N90-R06,laff,0,item-085,36,0,56,28,85,4
MPV-GEN-T9-N90-R06,laff,0,item-086,36,0,60,28,85,3
MPV-GEN-T9-N90-R06,laff,0,item-080,98,0,14,2,85,32
MPV-GEN-T9-N90-R06,laff,0,item-052,98,85,14,1,1,41
MPV-GEN-T9-N90-R06,laff,0,item-020,0,0,65,25,100,23
MPV-GEN-T9-N90-R06,laff,0,item-005,25,0,65,22,74,18
MPV-GEN-T9-N90-R06,laff,0,item-032,47,0,65,10,37,21
MPV-GEN-T9-N90-R06,laff,0,item-034,47,37,65,10,37,17
MPV-GEN-T9-N90-R06,laff,0,item-075,25,74,65,11,7,21
MPV-GEN-T9-N90-R06,laff,0,item-050,57,0,65,1,62,21
MPV-GEN-T9-N90-R06,laff,0,item-049,58,0,65,1,63,20
MPV-GEN-T9-N90-R06,laff,0,item-003,25,81,65,4,18,17
MPV-GEN-T9-N90-R06,laff,0,item-061,0,0,88,100,1,7
MPV-GEN-T9-N90-R06,laff,1,item-089,0,0,0,39,85,93
MPV-GEN-T9-N90-R06,laff,1,item-004,39,0,0,22,74,82
MPV-GEN-T9-N90-R06,laff,1,item-087,61,0,0,27,85,53
MPV-GEN-T9-N90-R06,laff,1,item-088,61,0,53,27,85,40
MPV-GEN-T9-N90-R06,laff,1,item-006,88,0,0,10,74,58
MPV-GEN-T9-N90-R06,laff,1,item-072,0,85,0,100,4,79
MPV-GEN-T9-N90-R06,laff,1,item-081,88,0,58,6,85,32
MPV-GEN-T9-N90-R06,laff,1,item-074,0,89,0,89,6,21
MPV-GEN-T9-N90-R06,laff,1,item-069,0,89,21,100,2,51
MPV-GEN-T9-N90-R06,laff,1,item-062,0,95,0,100,1,93
MPV-GEN-T9-N90-R06,laff,1,item-071,0,96,0,100,1,79
MPV-GEN-T9-N90-R06,laff,1,item-070,0,91,21,100,2,28
MPV-GEN-T9-N90-R06,laff,1,item-073,0,89,72,89,1,21
MPV-GEN-T9-N90-R06,laff,1,item-051,94,0,58,1,62,30
MPV-GEN-T9-N90-R06,laff,1,item-047,95,0,58,1,35,26
MPV-GEN-T9-N90-R06,laff,1,item-046,95,35,58,1,28,26
MPV-GEN-T9-N90-R06,laff,2,item-082,0,0,0,26,85,32
MPV-GEN-T9-N90-R06,laff,2,item-037,0,0,32,55,37,62
MPV-GEN-T9-N90-R06,laff,2,item-038,0,37,32,55,37,38
MPV-GEN-T9-N90-R06,laff,2,item-035,55,0,32,33,37,54
MPV-GEN-T9-N90-R06,laff,2,item-036,55,37,32,33,37,46
MPV-GEN-T9-N90-R06,laff,2,item-024,88,0,32,7,100,51
MPV-GEN-T9-N90-R06,laff,3,item-056,0,0,0,27,63,100
MPV-GEN-T9-N90-R06,laff,3,item-054,27,0,0,19,63,100
MPV-GEN-T9-N90-R06,laff,3,item-060,0,63,0,34,30,100
MPV-GEN-T9-N90-R06,laff,3,item-059,34,63,0,34,24,100
MPV-GEN-T9-N90-R06,laff,3,item-076,46,0,0,34,33,68
MPV-GEN-T9-N90-R06,laff,3,item-055,68,33,0,11,63,100
MPV-GEN-T9-N90-R06,laff,3,item-057,79,33,0,8,63,100
MPV-GEN-T9-N90-R06,laff,3,item-007,87,0,0,10,74,42
MPV-GEN-T9-N90-R06,laff,3,item-025,87,0,42,6,100,51
MPV-GEN-T9-N90-R06,laff,3,item-058,34,87,0,34,9,100
MPV-GEN-T9-N90-R06,laff,3,item-065,0,96,0,65,4,100
MPV-GEN-T9-N90-R06,laff,3,item-002,46,33,0,4,18,83
MPV-GEN-T9-N90-R06,laff,3,item-009,0,93,0,18,3,100
MPV-GEN-T9-N90-R06,laff,3,item-010,46,51,0,10,5,100
MPV-GEN-T9-N90-R06,laff,3,item-008,46,56,0,18,2,100
MPV-GEN-T9-N90-R06,laff,3,item-045,97,0,0,1,37,97
MPV-GEN-T9-N90-R06,laff,3,item-011,46,58,0,4,5,100
MPV-GEN-T9-N90-R06,laff,3,item-001,50,33,0,1,18,100
MPV-GEN-T9-N90-R06,laff,3,item-040,51,33,0,1,12,100
MPV-GEN-T9-N90-R06,laff,3,item-041,52,33,0,1,11,100
MPV-GEN-T9-N90-R06,laff,3,item-042,53,33,0,1,9,100
MPV-GEN-T9-N90-R06,laff,3,item-039,50,58,0,1,5,100
MPV-GEN-T9-N90-R06,laff,3,item-012,18,93,0,3,1,100
MPV-GEN-T9-N90-R06,laff,4,item-078,0,0,0,27,36,68
MPV-GEN-T9-N90-R06,laff,4,item-077,0,36,0,34,16,68
MPV-GEN-T9-N90-R06,laff,4,item-033,0,52,0,10,37,60
MPV-GEN-T9-N90-R06,laff,4,item-079,10,52,0,7,36,68
MPV-GEN-T9-N90-R06,laff,5,item-000,0,0,0,27,18,100
MPV-GEN-T9-N90-R06,laff,5,item-066,0,18,0,35,4,100
MPV-GEN-T9-N90-R06,laff,5,item-063,0,22,0,100,1,100
MPV-GEN-T9-N90-R06,laff,5,item-064,0,23,0,100,1,100
MPV-GEN-T9-N90-R06,laff,5,item-068,0,24,0,72,1,100
MPV-GEN-T9-N90-R06,laff,5,item-014,0,25,0,32,1,100
MPV-GEN-T9-N90-R06,laff,5,item-015,0,26,0,32,1,100
MPV-GEN-T9-N90-R06,laff,5,item-013,0,27,0,29,1,100
MPV-GEN-T9-N90-R06,laff,5,item-067,0,28,0,28,1,100
MPV-GEN-T9-N90-R07,laff,0,item-067,0,0,0,41,100,10
MPV-GEN-T9-N90-R07,laff,0,item-068,41,0,0,41,100,7
MPV-GEN-T9-N90-R07,laff,0,item-033,82,0,0,18,100,7
MPV-GEN-T9-N90-R07,laff,0,item-040,41,0,7,32,59,3
MPV-GEN-T9-N90-R07,laff,0,item-039,41,59,7,32,41,3
MPV-GEN-T9-N90-R07,laff,0,item-006,73,0,7,13,52,1
MPV-GEN-T9-N90-R07,laff,0,item-007,73,0,8,13,13,1
MPV-GEN-T9-N90-R07,laff,0,item-065,0,0,10,41,94,14
MPV-GEN-T9-N90-R07,laff,0,item-041,41,0,10,24,100,14
MPV-GEN-T9-N90-R07,laff,0,item-063,65,0,10,30,100,9
MPV-GEN-T9-N90-R07,laff,0,item-066,0,94,10,41,6,14
MPV-GEN-T9-N90-R07,laff,0,item-029,0,0,24,47,74,4
MPV-GEN-T9-N90-R07,laff,0,item-048,0,74,24,43,13,3
MPV-GEN-T9-N90-R07,laff,0,item-046,0,87,24,43,13,2
MPV-GEN-T9-N90-R07,laff,0,item-061,0,0,28,33,100,60
MPV-GEN-T9-N90-R07,laff,0,item-075,33,0,28,29,83,44
MPV-GEN-T9-N90-R07,laff,0,item-032,62,0,28,25,74,48
MPV-GEN-T9-N90-R07,laff,0,item-062,87,0,28,8,100,60
MPV-GEN-T9-N90-R07,laff,0,item-031,62,74,28,25,26,48
MPV-GEN-T9-N90-R07,laff,0,item-070,33,83,28,29,15,56
MPV-GEN-T9-N90-R07,laff,0,item-037,62,0,76,19,100,12
MPV-GEN-T9-N90-R07,laff,0,item-004,33,0,76,13,65,9
MPV-GEN-T9-N90-R07,laff,0,item-026,46,0,72,15,34,13
MPV-GEN-T9-N90-R07,laff,0,item-086,0,0,88,13,95,9
MPV-GEN-T9-N90-R07,laff,0,item-064,13,0,88,11,100,9
MPV-GEN-T9-N90-R07,laff,0,item-034,24,0,88,7,100,7
MPV-GEN-T9-N90-R07,laff,1,item-028,0,0,0,47,74,83
MPV-GEN-T9-N90-R07,laff,1,item-045,47,0,0,32,52,83
MPV-GEN-T9-N90-R07,laff,1,item-058,47,52,0,43,30,71
MPV-GEN-T9-N90-R07,laff,1,item-000,79,0,0,21,48,71
MPV-GEN-T9-N90-R07,laff,1,item-072,0,74,0,29,19,56
MPV-GEN-T9-N90-R07,laff,1,item-059,29,82,0,43,9,71
MPV-GEN-T9-N90-R07,laff,1,item-002,72,82,0,21,17,64
MPV-GEN-T9-N90-R07,laff,1,item-052,0,74,56,24,13,25
MPV-GEN-T9-N90-R07,laff,1,item-053,0,87,56,19,13,25
MPV-GEN-T9-N90-R07,laff,1,item-047,19,87,71,43,13,11
MPV-GEN-T9-N90-R07,laff,1,item-050,0,93,0,43,3,46
MPV-GEN-T9-N90-R07,laff,1,item-024,0,96,0,66,1,13
MPV-GEN-T9-N90-R07,laff,1,item-025,0,0,83,66,39,13
MPV-GEN-T9-N90-R07,laff,1,item-027,0,39,83,51,34,13
MPV-GEN-T9-N90-R07,laff,1,item-083,66,0,83,13,95,13
MPV-GEN-T9-N90-R07,laff,1,item-077,79,0,83,8,96,13
MPV-GEN-T9-N90-R07,laff,1,item-049,0,73,83,43,13,13
MPV-GEN-T9-N90-R07,laff,2,item-038,0,0,0,19,100,33
MPV-GEN-T9-N90-R07,laff,2,item-060,19,0,0,43,39,29
MPV-GEN-T9-N90-R07,laff,2,item-016,19,39,0,56,20,33
MPV-GEN-T9-N90-R07,laff,2,item-001,75,0,0,21,48,29
MPV-GEN-T9-N90-R07,laff,2,item-044,0,0,33,32,48,45
MPV-GEN-T9-N90-R07,laff,2,item-043,0,48,33,32,48,38
MPV-GEN-T9-N90-R07,laff,2,item-084,32,0,33,13,95,15
MPV-GEN-T9-N90-R07,laff,2,item-035,32,0,48,6,100,26
MPV-GEN-T9-N90-R07,laff,2,item-003,45,0,33,21,17,36
MPV-GEN-T9-N90-R07,laff,2,item-074,45,17,33,16,17,44
MPV-GEN-T9-N90-R07,laff,2,item-036,38,0,48,6,100,19
MPV-GEN-T9-N90-R07,laff,2,item-042,66,0,33,8,100,14
MPV-GEN-T9-N90-R07,laff,2,item-073,45,34,33,13,17,44
MPV-GEN-T9-N90-R07,laff,3,item-030,0,0,0,19,74,87
MPV-GEN-T9-N90-R07,laff,3,item-085,19,0,0,13,95,63
MPV-GEN-T9-N90-R07,laff,3,item-017,32,0,0,56,20,67
MPV-GEN-T9-N90-R07,laff,3,item-076,88,0,0,8,96,87
MPV-GEN-T9-N90-R07,laff,3,item-069,32,20,0,29,35,56
MPV-GEN-T9-N90-R07,laff,3,item-071,32,55,0,29,31,56
MPV-GEN-T9-N90-R07,laff,3,item-051,32,86,0,43,10,46
MPV-GEN-T9-N90-R07,laff,4,item-056,0,0,0,42,24,100
MPV-GEN-T9-N90-R07,laff,4,item-057,0,24,0,42,24,100
MPV-GEN-T9-N90-R07,laff,4,item-005,42,0,0,13,65,90
MPV-GEN-T9-N90-R07,laff,4,item-011,0,48,0,27,25,100
MPV-GEN-T9-N90-R07,laff,4,item-082,55,0,0,6,100,100
MPV-GEN-T9-N90-R07,laff,4,item-081,61,0,0,3,85,100
MPV-GEN-T9-N90-R07,laff,4,item-018,0,73,0,29,6,100
MPV-GEN-T9-N90-R07,laff,4,item-019,0,79,0,27,6,100
MPV-GEN-T9-N90-R07,laff,4,item-013,0,85,0,20,7,100
MPV-GEN-T9-N90-R07,laff,4,item-022,27,48,0,7,18,100
MPV-GEN-T9-N90-R07,laff,4,item-014,0,92,0,14,6,100
MPV-GEN-T9-N90-R07,laff,4,item-010,29,66,0,3,25,100
MPV-GEN-T9-N90-R07,laff,4,item-009,20,85,0,4,15,100
MPV-GEN-T9-N90-R07,laff,4,item-012,24,91,0,20,3,100
MPV-GEN-T9-N90-R07,laff,4,item-015,24,94,0,14,4,100
MPV-GEN-T9-N90-R07,laff,4,item-023,32,66,0,3,18,100
MPV-GEN-T9-N90-R07,laff,4,item-021,14,92,0,6,8,100
MPV-GEN-T9-N90-R07,laff,4,item-080,34,48,0,3,15,100
MPV-GEN-T9-N90-R07,laff,4,item-008,35,63,0,4,10,100
MPV-GEN-T9-N90-R07,laff,4,item-089,32,84,0,8,5,100
MPV-GEN-T9-N90-R07,laff,4,item-020,35,73,0,4,8,100
MPV-GEN-T9-N90-R07,laff,4,item-055,39,48,0,1,28,100
MPV-GEN-T9-N90-R07,laff,4,item-078,35,81,0,8,3,100
MPV-GEN-T9-N90-R07,laff,4,item-054,40,48,0,1,20,100
MPV-GEN-T9-N90-R07,laff,4,item-088,24,85,0,3,5,100
MPV-GEN-T9-N90-R07,laff,4,item-087,27,66,0,2,5,100
MPV-GEN-T9-N90-R07,laff,4,item-079,0,98,0,8,1,100
MPV-GEN-T9-N90-R08,laff,0,item-030,0,0,0,69,45,71
MPV-GEN-T9-N90-R08,laff,0,item-028,0,45,0,30,45,71
MPV-GEN-T9-N90-R08,laff,0,item-014,30,45,0,48,37,48
MPV-GEN-T9-N90-R08,laff,0,item-035,69,0,0,21,44,50
MPV-GEN-T9-N90-R08,laff,0,item-036,78,44,0,21,44,50
MPV-GEN-T9-N90-R08,laff,0,item-067,30,45,50,45,54,14
MPV-GEN-T9-N90-R08,laff,0,item-058,0,90,0,100,9,36
MPV-GEN-T9-N90-R08,laff,0,item-012,90,0,0,10,37,45
MPV-GEN-T9-N90-R08,laff,0,item-033,75,0,50,17,46,18
MPV-GEN-T9-N90-R08,laff,0,item-015,30,46,64,48,37,7
MPV-GEN-T9-N90-R08,laff,0,item-066,30,82,36,45,18,7
MPV-GEN-T9-N90-R08,laff,0,item-070,75,46,50,9,54,9
MPV-GEN-T9-N90-R08,laff,0,item-059,0,99,0,100,1,36
MPV-GEN-T9-N90-R08,laff,0,item-029,99,37,0,1,45,71
MPV-GEN-T9-N90-R08,laff,0,item-039,30,83,64,26,11,7
MPV-GEN-T9-N90-R08,laff,0,item-007,0,99,43,35,1,23
MPV-GEN-T9-N90-R08,laff,0,item-050,69,0,50,1,33,16
MPV-GEN-T9-N90-R08,laff,0,item-021,70,0,50,1,13,16
MPV-GEN-T9-N90-R08,laff,0,item-020,70,13,50,1,13,13
MPV-GEN-T9-N90-R08,laff,0,item-005,69,33,50,6,1,20
MPV-GEN-T9-N90-R08,laff,0,item-016,0,0,71,100,29,28
MPV-GEN-T9-N90-R08,laff,0,item-019,0,29,71,100,21,21
MPV-GEN-T9-N90-R08,laff,0,item-031,0,50,71,31,46,22
MPV-GEN-T9-N90-R08,laff,0,item-001,31,50,71,41,21,27
MPV-GEN-T9-N90-R08,laff,0,item-043,31,71,71,31,29,24
MPV-GEN-T9-N90-R08,laff,0,item-087,0,29,92,100,12,6
MPV-GEN-T9-N90-R08,laff,0,item-017,0,29,98,100,29,1
MPV-GEN-T9-N90-R08,laff,0,item-089,0,58,98,100,12,1
MPV-GEN-T9-N90-R08,laff,1,item-069,0,0,0,46,54,9
MPV-GEN-T9-N90-R08,laff,1,item-018,0,54,0,100,21,8
MPV-GEN-T9-N90-R08,laff,1,item-054,0,75,0,60,21,9
MPV-GEN-T9-N90-R08,laff,1,item-065,46,0,0,45,36,7
MPV-GEN-T9-N90-R08,laff,1,item-068,0,0,9,45,54,79
MPV-GEN-T9-N90-R08,laff,1,item-032,0,54,9,31,46,78
MPV-GEN-T9-N90-R08,laff,1,item-003,31,54,9,36,36,73
MPV-GEN-T9-N90-R08,laff,1,item-044,45,0,9,31,29,76
MPV-GEN-T9-N90-R08,laff,1,item-056,45,29,9,32,21,64
MPV-GEN-T9-N90-R08,laff,1,item-053,67,50,9,8,33,58
MPV-GEN-T9-N90-R08,laff,1,item-002,75,50,9,5,36,73
MPV-GEN-T9-N90-R08,laff,1,item-052,77,0,9,8,33,42
MPV-GEN-T9-N90-R08,laff,1,item-026,67,86,9,11,14,71
MPV-GEN-T9-N90-R08,laff,1,item-057,80,33,9,8,21,64
MPV-GEN-T9-N90-R08,laff,1,item-023,76,0,51,15,13,29
MPV-GEN-T9-N90-R08,laff,1,item-027,31,90,9,11,4,71
MPV-GEN-T9-N90-R08,laff,1,item-006,31,94,9,35,1,77
MPV-GEN-T9-N90-R08,laff,1,item-073,45,29,73,55,3,10
MPV-GEN-T9-N90-R08,laff,1,item-080,0,0,88,82,24,11
MPV-GEN-T9-N90-R08,laff,1,item-088,0,24,88,100,12,6
MPV-GEN-T9-N90-R08,laff,2,item-049,0,0,0,73,29,100
MPV-GEN-T9-N90-R08,laff,2,item-081,0,29,0,82,24,89
MPV-GEN-T9-N90-R08,laff,2,item-072,0,53,0,55,32,91
MPV-GEN-T9-N90-R08,laff,2,item-025,0,85,0,89,14,71
MPV-GEN-T9-N90-R08,laff,2,item-034,82,0,0,17,46,82
MPV-GEN-T9-N90-R08,laff,2,item-046,55,53,0,18,27,100
MPV-GEN-T9-N90-R08,laff,2,item-082,73,53,0,18,24,100
MPV-GEN-T9-N90-R08,laff,2,item-022,0,85,71,84,13,29
MPV-GEN-T9-N90-R08,laff,2,item-078,55,80,0,40,4,100
MPV-GEN-T9-N90-R08,laff,2,item-009,95,46,0,4,37,100
MPV-GEN-T9-N90-R08,laff,2,item-075,0,99,0,55,1,100
MPV-GEN-T9-N90-R08,laff,2,item-064,82,46,0,12,4,100
MPV-GEN-T9-N90-R08,laff,2,item-010,99,0,0,1,37,100
MPV-GEN-T9-N90-R08,laff,2,item-063,73,0,0,9,4,100
MPV-GEN-T9-N90-R08,laff,2,item-041,73,4,0,3,11,100
MPV-GEN-T9-N90-R08,laff,2,item-051,94,46,0,1,33,84
MPV-GEN-T9-N90-R08,laff,2,item-062,55,84,0,24,1,100
MPV-GEN-T9-N90-R08,laff,2,item-042,73,15,0,2,11,100
MPV-GEN-T9-N90-R08,laff,2,item-037,55,99,0,21,1,100
MPV-GEN-T9-N90-R08,laff,2,item-038,73,77,0,21,1,100
MPV-GEN-T9-N90-R08,laff,2,item-004,73,26,0,6,1,80
MPV-GEN-T9-N90-R08,laff,3,item-013,0,0,0,38,37,45
MPV-GEN-T9-N90-R08,laff,3,item-060,0,37,0,100,11,36
MPV-GEN-T9-N90-R08,laff,3,item-084,0,48,0,40,12,39
MPV-GEN-T9-N90-R08,laff,3,item-000,0,60,0,41,15,27
MPV-GEN-T9-N90-R08,laff,3,item-076,0,60,27,60,6,15
MPV-GEN-T9-N90-R08,laff,3,item-055,0,0,45,60,21,55
MPV-GEN-T9-N90-R08,laff,3,item-083,0,21,45,40,12,48
MPV-GEN-T9-N90-R08,laff,4,item-071,0,0,0,55,22,91
MPV-GEN-T9-N90-R08,laff,4,item-085,0,22,0,40,12,87
MPV-GEN-T9-N90-R08,laff,4,item-077,0,34,0,60,6,85
MPV-GEN-T9-N90-R08,laff,4,item-024,0,40,0,89,4,71
MPV-GEN-T9-N90-R08,laff,4,item-086,0,44,0,20,12,87
MPV-GEN-T9-N90-R08,laff,4,item-074,0,56,0,55,3,90
MPV-GEN-T9-N90-R08,laff,5,item-048,0,0,0,73,4,100
MPV-GEN-T9-N90-R08,laff,5,item-040,0,4,0,26,11,93
MPV-GEN-T9-N90-R08,laff,5,item-045,0,15,0,31,6,100
MPV-GEN-T9-N90-R08,laff,5,item-011,0,21,0,4,37,100
MPV-GEN-T9-N90-R08,laff,5,item-047,0,58,0,18,6,100
MPV-GEN-T9-N90-R08,laff,5,item-079,0,64,0,40,2,100
MPV-GEN-T9-N90-R08,laff,5,item-008,4,21,0,2,37,100
MPV-GEN-T9-N90-R08,laff,5,item-061,0,66,0,24,3,100
MPV-GEN-T9-N90-R09,laff,0,item-089,0,0,0,48,100,33
MPV-GEN-T9-N90-R09,laff,0,item-079,48,0,0,19,74,31
MPV-GEN-T9-N90-R09,laff,0,item-049,67,0,0,32,43,31
MPV-GEN-T9-N90-R09,laff,0,item-024,67,43,0,29,38,14
MPV-GEN-T9-N90-R09,laff,0,item-078,48,74,0,19,26,31
MPV-GEN-T9-N90-R09,laff,0,item-030,67,43,14,32,23,17
MPV-GEN-T9-N90-R09,laff,0,item-071,67,66,14,32,19,10
MPV-GEN-T9-N90-R09,laff,0,item-088,99,0,0,1,100,33
MPV-GEN-T9-N90-R09,laff,0,item-082,48,0,31,16,100,2
MPV-GEN-T9-N90-R09,laff,0,item-081,64,0,31,12,100,2
MPV-GEN-T9-N90-R09,laff,0,item-025,96,43,0,3,38,14
MPV-GEN-T9-N90-R09,laff,0,item-080,76,0,31,6,100,2
MPV-GEN-T9-N90-R09,laff,0,item-058,67,66,24,8,29,4
MPV-GEN-T9-N90-R09,laff,0,item-018,67,81,0,26,3,11
MPV-GEN-T9-N90-R09,laff,0,item-055,82,0,31,8,100,1
MPV-GEN-T9-N90-R09,laff,0,item-070,93,81,0,2,19,12
MPV-GEN-T9-N90-R09,laff,0,item-075,0,0,33,100,47,22
MPV-GEN-T9-N90-R09,laff,0,item-073,0,47,33,100,31,22
MPV-GEN-T9-N90-R09,laff,0,item-069,0,78,33,98,19,12
MPV-GEN-T9-N90-R09,laff,0,item-072,0,78,45,68,19,10
MPV-GEN-T9-N90-R09,laff,0,item-074,0,97,33,100,3,22
MPV-GEN-T9-N90-R09,laff,0,item-065,0,0,55,59,66,45
MPV-GEN-T9-N90-R09,laff,0,item-066,59,0,55,41,66,45
MPV-GEN-T9-N90-R09,laff,0,item-067,0,66,55,50,30,45
MPV-GEN-T9-N90-R09,laff,0,item-068,50,66,55,50,30,45
MPV-GEN-T9-N90-R09,laff,0,item-064,0,96,55,100,4,25
MPV-GEN-T9-N90-R09,laff,0,item-063,0,96,80,100,4,14
MPV-GEN-T9-N90-R09,laff,0,item-062,0,96,94,100,4,5
MPV-GEN-T9-N90-R09,laff,0,item-061,0,96,99,100,4,1
MPV-GEN-T9-N90-R09,laff,1,item-023,0,0,0,68,47,64
MPV-GEN-T9-N90-R09,laff,1,item-022,0,47,0,68,47,36
MPV-GEN-T9-N90-R09,laff,1,item-076,68,0,0,13,100,31
MPV-GEN-T9-N90-R09,laff,1,item-008,0,47,36,80,24,13
MPV-GEN-T9-N90-R09,laff,1,item-083,80,0,31,9,100,18
MPV-GEN-T9-N90-R09,laff,1,item-057,81,0,0,8,100,17
MPV-GEN-T9-N90-R09,laff,1,item-084,68,0,49,9,100,15
MPV-GEN-T9-N90-R09,laff,1,item-016,0,94,0,68,3,62
MPV-GEN-T9-N90-R09,laff,1,item-085,89,0,0,6,100,17
MPV-GEN-T9-N90-R09,laff,1,item-086,89,0,17,6,100,16
MPV-GEN-T9-N90-R09,laff,1,item-087,95,0,0,2,100,33
MPV-GEN-T9-N90-R09,laff,1,item-077,89,0,33,2,100,31
MPV-GEN-T9-N90-R09,laff,1,item-054,77,0,49,8,100,7
MPV-GEN-T9-N90-R09,laff,1,item-017,0,71,36,68,3,27
MPV-GEN-T9-N90-R09,laff,1,item-044,91,0,33,2,100,17
MPV-GEN-T9-N90-R09,laff,1,item-043,93,0,33,2,100,16
MPV-GEN-T9-N90-R09,laff,1,item-060,77,0,56,8,100,4
MPV-GEN-T9-N90-R09,laff,1,item-059,77,0,60,8,71,4
MPV-GEN-T9-N90-R09,laff,1,item-019,0,47,49,42,3,11
MPV-GEN-T9-N90-R09,laff,1,item-040,91,0,50,1,100,11
MPV-GEN-T9-N90-R09,laff,1,item-004,95,0,33,1,39,28
MPV-GEN-T9-N90-R09,laff,1,item-012,92,0,50,1,39,6
MPV-GEN-T9-N90-R09,laff,1,item-038,0,0,64,13,47,16
MPV-GEN-T9-N90-R09,laff,2,item-050,0,0,0,48,55,100
MPV-GEN-T9-N90-R09,laff,2,item-009,0,55,0,80,24,87
MPV-GEN-T9-N90-R09,laff,2,item-046,48,0,0,37,34,100
MPV-GEN-T9-N90-R09,laff,2,item-010,0,79,0,62,15,100
MPV-GEN-T9-N90-R09,laff,2,item-027,48,34,0,32,20,86
MPV-GEN-T9-N90-R09,laff,2,item-056,85,0,0,8,100,67
MPV-GEN-T9-N90-R09,laff,2,item-033,62,79,0,14,21,100
MPV-GEN-T9-N90-R09,laff,2,item-036,93,0,0,6,39,100
MPV-GEN-T9-N90-R09,laff,2,item-031,80,34,0,4,32,100
MPV-GEN-T9-N90-R09,laff,2,item-053,0,94,0,59,2,100
MPV-GEN-T9-N90-R09,laff,2,item-034,76,79,0,5,21,100
MPV-GEN-T9-N90-R09,laff,2,item-041,99,0,0,1,97,100
MPV-GEN-T9-N90-R09,laff,2,item-002,93,39,0,2,39,100
MPV-GEN-T9-N90-R09,laff,2,item-003,95,39,0,2,39,100
MPV-GEN-T9-N90-R09,laff,2,item-015,81,66,0,3,24,100
MPV-GEN-T9-N90-R09,laff,2,item-035,93,78,0,6,8,100
MPV-GEN-T9-N90-R09,laff,2,item-007,84,34,0,1,38,100
MPV-GEN-T9-N90-R09,laff,2,item-013,97,39,0,1,39,94
MPV-GEN-T9-N90-R09,laff,2,item-005,98,39,0,1,39,72
MPV-GEN-T9-N90-R09,laff,2,item-028,0,96,0,32,1,83
MPV-GEN-T9-N90-R09,laff,2,item-000,0,97,0,10,2,100
MPV-GEN-T9-N90-R09,laff,2,item-052,10,97,0,10,2,100
MPV-GEN-T9-N90-R09,laff,2,item-042,20,97,0,1,3,100
MPV-GEN-T9-N90-R09,laff,2,item-006,0,99,0,1,1,100
MPV-GEN-T9-N90-R09,laff,3,item-048,0,0,0,32,43,69
MPV-GEN-T9-N90-R09,laff,3,item-045,32,0,0,2,100,67
MPV-GEN-T9-N90-R09,laff,4,item-051,0,0,0,21,55,100
MPV-GEN-T9-N90-R09,laff,4,item-029,0,55,0,32,22,83
MPV-GEN-T9-N90-R09,laff,4,item-020,0,77,0,49,11,100
MPV-GEN-T9-N90-R09,laff,4,item-037,21,0,0,13,47,84
MPV-GEN-T9-N90-R09,laff,4,item-026,32,47,0,32,18,86
MPV-GEN-T9-N90-R09,laff,4,item-032,34,0,0,15,32,100
MPV-GEN-T9-N90-R09,laff,4,item-001,49,0,0,10,37,100
MPV-GEN-T9-N90-R09,laff,4,item-047,0,88,0,37,9,100
MPV-GEN-T9-N90-R09,laff,4,item-011,49,65,0,18,15,100
MPV-GEN-T9-N90-R09,laff,4,item-021,37,88,0,19,11,100
MPV-GEN-T9-N90-R09,laff,4,item-039,67,0,0,1,100,89
MPV-GEN-T9-N90-R09,laff,4,item-014,34,32,0,3,15,100
MPV-GEN-T9-N90-R10,laff,0,item-065,0,0,0,97,72,51
MPV-GEN-T9-N90-R10,laff,0,item-030,0,72,0,100,19,33
MPV-GEN-T9-N90-R10,laff,0,item-021,0,72,33,100,16,15
MPV-GEN-T9-N90-R10,laff,0,item-015,0,91,0,100,8,27
MPV-GEN-T9-N90-R10,laff,0,item-013,0,88,33,100,5,13
MPV-GEN-T9-N90-R10,laff,0,item-087,0,93,27,100,3,19
MPV-GEN-T9-N90-R10,laff,0,item-012,0,96,27,100,4,13
MPV-GEN-T9-N90-R10,laff,0,item-002,97,0,0,3,32,40
MPV-GEN-T9-N90-R10,laff,0,item-014,0,99,0,100,1,27
MPV-GEN-T9-N90-R10,laff,0,item-022,0,72,48,100,27,1
MPV-GEN-T9-N90-R10,laff,0,item-053,0,96,40,83,4,7
MPV-GEN-T9-N90-R10,laff,0,item-051,0,72,49,83,12,2
MPV-GEN-T9-N90-R10,laff,0,item-050,0,84,49,83,12,1
MPV-GEN-T9-N90-R10,laff,0,item-072,97,32,0,1,13,47
MPV-GEN-T9-N90-R10,laff,0,item-085,0,96,49,100,2,2
MPV-GEN-T9-N90-R10,laff,0,item-083,0,84,50,100,2,1
MPV-GEN-T9-N90-R10,laff,0,item-055,97,0,40,1,17,10
MPV-GEN-T9-N90-R10,laff,0,item-039,97,17,40,1,8,11
MPV-GEN-T9-N90-R10,laff,0,item-066,0,0,51,97,72,7
MPV-GEN-T9-N90-R10,laff,0,item-007,0,72,51,100,15,7
MPV-GEN-T9-N90-R10,laff,0,item-052,0,87,51,83,8,7
MPV-GEN-T9-N90-R10,laff,0,item-020,0,0,58,100,59,15
MPV-GEN-T9-N90-R10,laff,0,item-048,0,59,58,83,22,9
MPV-GEN-T9-N90-R10,laff,0,item-011,0,81,58,46,2,9
MPV-GEN-T9-N90-R10,laff,0,item-049,0,0,73,83,66,9
MPV-GEN-T9-N90-R10,laff,0,item-044,83,0,73,3,100,5
MPV-GEN-T9-N90-R10,laff,0,item-047,0,0,82,55,88,1
MPV-GEN-T9-N90-R10,laff,0,item-046,55,0,82,28,88,1
MPV-GEN-T9-N90-R10,laff,0,item-023,0,0,83,100,48,1
MPV-GEN-T9-N90-R10,laff,0,item-043,0,0,84,3,100,13
MPV-GEN-T9-N90-R10,laff,0,item-056,3,0,84,1,83,12
MPV-GEN-T9-N90-R10,laff,1,item-062,0,0,0,68,85,42
MPV-GEN-T9-N90-R10,laff,1,item-061,68,0,0,29,85,42
MPV-GEN-T9-N90-R10,laff,1,item-006,0,85,0,100,15,33
MPV-GEN-T9-N90-R10,laff,1,item-059,0,0,42,35,100,51
MPV-GEN-T9-N90-R10,laff,1,item-019,35,0,42,53,63,44
MPV-GEN-T9-N90-R10,laff,1,item-016,35,63,42,22,12,44
MPV-GEN-T9-N90-R10,laff,1,item-005,35,75,42,22,13,40
MPV-GEN-T9-N90-R10,laff,1,item-001,57,63,42,7,29,40
MPV-GEN-T9-N90-R10,laff,1,item-010,35,92,42,46,2,31
MPV-GEN-T9-N90-R10,laff,1,item-009,35,94,42,54,2,22
MPV-GEN-T9-N90-R10,laff,1,item-008,35,92,73,54,2,18
MPV-GEN-T9-N90-R10,laff,2,item-060,0,0,0,47,100,90
MPV-GEN-T9-N90-R10,laff,2,item-058,47,0,0,35,100,39
MPV-GEN-T9-N90-R10,laff,2,item-018,47,0,39,47,63,44
MPV-GEN-T9-N90-R10,laff,2,item-045,94,0,0,3,100,82
MPV-GEN-T9-N90-R10,laff,2,item-057,97,0,0,1,83,78
MPV-GEN-T9-N90-R10,laff,2,item-054,82,63,0,1,17,80
MPV-GEN-T9-N90-R10,laff,2,item-040,82,80,0,1,8,89
MPV-GEN-T9-N90-R10,laff,2,item-071,83,63,0,1,13,53
MPV-GEN-T9-N90-R10,laff,3,item-003,0,0,0,97,32,40
MPV-GEN-T9-N90-R10,laff,3,item-000,0,32,0,93,29,40
MPV-GEN-T9-N90-R10,laff,3,item-028,0,61,0,100,16,27
MPV-GEN-T9-N90-R10,laff,3,item-004,0,77,0,78,13,40
MPV-GEN-T9-N90-R10,laff,3,item-029,0,90,0,100,3,27
MPV-GEN-T9-N90-R10,laff,3,item-084,0,93,0,100,2,29
MPV-GEN-T9-N90-R10,laff,3,item-086,0,95,0,100,2,28
MPV-GEN-T9-N90-R10,laff,3,item-088,0,97,0,100,1,19
MPV-GEN-T9-N90-R10,laff,3,item-068,0,0,40,97,14,58
MPV-GEN-T9-N90-R10,laff,3,item-017,0,14,40,78,12,44
MPV-GEN-T9-N90-R10,laff,3,item-089,0,26,40,100,4,51
MPV-GEN-T9-N90-R10,laff,3,item-067,0,30,40,97,3,58
MPV-GEN-T9-N90-R10,laff,3,item-063,0,33,40,97,3,42
MPV-GEN-T9-N90-R10,laff,3,item-064,0,36,40,97,1,42
MPV-GEN-T9-N90-R10,laff,4,item-035,0,0,0,13,61,100
MPV-GEN-T9-N90-R10,laff,4,item-037,0,61,0,13,18,100
MPV-GEN-T9-N90-R10,laff,4,item-038,0,79,0,13,17,100
MPV-GEN-T9-N90-R10,laff,4,item-082,0,96,0,100,2,100
MPV-GEN-T9-N90-R10,laff,4,item-076,13,0,0,58,3,100
MPV-GEN-T9-N90-R10,laff,4,item-081,0,98,0,94,1,100
MPV-GEN-T9-N90-R10,laff,4,item-075,13,3,0,1,89,100
MPV-GEN-T9-N90-R10,laff,4,item-078,13,92,0,42,2,100
MPV-GEN-T9-N90-R10,laff,4,item-079,13,94,0,42,2,100
MPV-GEN-T9-N90-R10,laff,4,item-042,14,3,0,1,77,100
MPV-GEN-T9-N90-R10,laff,4,item-070,15,3,0,1,71,100
MPV-GEN-T9-N90-R10,laff,4,item-073,16,3,0,1,63,100
MPV-GEN-T9-N90-R10,laff,4,item-024,0,99,0,100,1,60
MPV-GEN-T9-N90-R10,laff,4,item-077,14,80,0,58,1,100
MPV-GEN-T9-N90-R10,laff,4,item-074,17,3,0,1,26,100
MPV-GEN-T9-N90-R10,laff,4,item-034,14,81,0,7,3,100
MPV-GEN-T9-N90-R10,laff,4,item-041,17,29,0,1,15,100
MPV-GEN-T9-N90-R10,laff,4,item-036,14,84,0,13,1,100
MPV-GEN-T9-N90-R10,laff,4,item-032,14,85,0,4,2,100
MPV-GEN-T9-N90-R10,laff,4,item-033,14,87,0,2,3,100
MPV-GEN-T9-N90-R10,laff,4,item-080,14,90,0,6,1,100
MPV-GEN-T9-N90-R10,laff,4,item-069,15,74,0,1,5,100
MPV-GEN-T9-N90-R10,laff,4,item-031,14,91,0,4,1,100
MPV-GEN-T9-N90-R10,laff,5,item-026,0,0,0,100,3,60
MPV-GEN-T9-N90-R10,laff,5,item-025,0,3,0,100,1,60
MPV-GEN-T9-N90-R10,laff,5,item-027,0,4,0,100,1,60
