INSTANCE,ALGORITHM,BIN_INDEX,ITEM_ID,X,Y,Z,DX,DY,DZ
MPV-GEN-T6-N30-R01,fast_brute_force,0,item-000,0,0,0,2,1,5
MPV-GEN-T6-N30-R01,fast_brute_force,0,item-001,2,0,0,9,3,3
MPV-GEN-T6-N30-R01,fast_brute_force,0,item-002,11,0,0,6,5,1
MPV-GEN-T6-N30-R01,fast_brute_force,0,item-003,0,1,0,2,4,6
MPV-GEN-T6-N30-R01,fast_brute_force,0,item-004,2,3,0,2,10,4
MPV-GEN-T6-N30-R01,fast_brute_force,0,item-005,0,5,0,2,4,9
MPV-GEN-T6-N30-R01,fast_brute_force,0,item-006,4,3,0,3,9,4
MPV-GEN-T6-N30-R01,fast_brute_force,0,item-007,0,9,0,2,2,6
MPV-GEN-T6-N30-R01,fast_brute_force,0,item-008,0,0,6,9,4,1
MPV-GEN-T6-N30-R01,fast_brute_force,0,item-009,17,0,0,9,9,2
MPV-GEN-T6-N30-R01,fast_brute_force,0,item-010,11,0,1,5,7,2
MPV-GEN-T6-N30-R01,fast_brute_force,0,item-011,16,5,0,1,7,9
MPV-GEN-T6-N30-R01,fast_brute_force,0,item-012,16,0,2,6,5,3
MPV-GEN-T6-N30-R01,fast_brute_force,0,item-013,7,7,0,8,8,6
MPV-GEN-T6-N30-R01,fast_brute_force,0,item-014,2,4,6,10,6,9
MPV-GEN-T6-N30-R01,fast_brute_force,0,item-015,0,10,6,9,7,9
MPV-GEN-T6-N30-R01,fast_brute_force,0,item-016,9,10,6,5,8,9
MPV-GEN-T6-N30-R01,fast_brute_force,0,item-017,12,0,3,3,5,1
MPV-GEN-T6-N30-R01,fast_brute_force,0,item-018,0,0,9,2,6,2
MPV-GEN-T6-N30-R01,fast_brute_force,0,item-019,0,17,0,9,6,9
MPV-GEN-T6-N30-R01,fast_brute_force,0,item-020,9,0,5,8,4,8
MPV-GEN-T6-N30-R01,fast_brute_force,0,item-021,4,12,0,3,4,1
MPV-GEN-T6-N30-R01,fast_brute_force,0,item-022,12,0,13,10,10,1
MPV-GEN-T6-N30-R01,fast_brute_force,0,item-023,0,0,11,8,2,8
MPV-GEN-T6-N30-R01,fast_brute_force,0,item-024,0,17,9,9,10,3
MPV-GEN-T6-N30-R01,fast_brute_force,0,item-025,0,17,12,4,9,7
MPV-GEN-T6-N30-R01,fast_brute_force,0,item-026,4,17,12,5,10,8
MPV-GEN-T6-N30-R01,fast_brute_force,0,item-027,0,11,4,7,6,2
MPV-GEN-T6-N30-R01,fast_brute_force,0,item-028,8,0,7,1,4,2
MPV-GEN-T6-N30-R01,fast_brute_force,0,item-029,12,0,14,10,10,9
MPV-GEN-T6-N30-R02,fast_brute_force,0,item-000,0,0,0,3,3,7
MPV-GEN-T6-N30-R02,fast_brute_force,0,item-001,3,0,0,2,9,7
MPV-GEN-T6-N30-R02,fast_brute_force,0,item-002,0,9,0,8,3,5
MPV-GEN-T6-N30-R02,fast_brute_force,0,item-003,5,0,0,9,3,10
MPV-GEN-T6-N30-R02,fast_brute_force,0,item-004,5,3,0,10,3,7
MPV-GEN-T6-N30-R02,fast_brute_force,0,item-005,15,0,0,7,8,10
MPV-GEN-T6-N30-R02,fast_brute_force,0,item-006,14,0,7,1,10,3
MPV-GEN-T6-N30-R02,fast_brute_force,0,item-007,8,6,0,6,6,2
MPV-GEN-T6-N30-R02,fast_brute_force,0,item-008,5,6,0,3,2,3
MPV-GEN-T6-N30-R02,fast_brute_force,0,item-009,0,3,0,1,4,4
MPV-GEN-T6-N30-R02,fast_brute_force,0,item-010,1,3,0,2,3,6
MPV-GEN-T6-N30-R02,fast_brute_force,0,item-011,8,6,2,7,3,5
MPV-GEN-T6-N30-R02,fast_brute_force,0,item-012,8,9,2,6,8,7
MPV-GEN-T6-N30-R02,fast_brute_force,0,item-013,0,3,7,9,6,1
MPV-GEN-T6-N30-R02,fast_brute_force,0,item-014,14,6,0,1,10,1
MPV-GEN-T6-N30-R02,fast_brute_force,0,item-015,9,3,7,3,6,3
MPV-GEN-T6-N30-R02,fast_brute_force,0,item-016,0,12,0,8,4,3
MPV-GEN-T6-N30-R02,fast_brute_force,0,item-017,0,0,8,4,7,9
MPV-GEN-T6-N30-R02,fast_brute_force,0,item-018,0,9,5,3,7,7
MPV-GEN-T6-N30-R02,fast_brute_force,0,item-019,0,16,0,7,8,4
MPV-GEN-T6-N30-R02,fast_brute_force,0,item-020,0,16,4,7,10,9
MPV-GEN-T6-N30-R02,fast_brute_force,0,item-021,3,7,8,3,9,5
MPV-GEN-T6-N30-R02,fast_brute_force,0,item-022,0,7,13,8,8,3
MPV-GEN-T6-N30-R02,fast_brute_force,0,item-023,4,0,8,1,4,6
MPV-GEN-T6-N30-R02,fast_brute_force,0,item-024,5,3,8,3,4,6
MPV-GEN-T6-N30-R02,fast_brute_force,0,item-025,5,0,10,10,3,10
MPV-GEN-T6-N30-R02,fast_brute_force,0,item-026,0,0,17,4,9,4
MPV-GEN-T6-N30-R02,fast_brute_force,0,item-027,4,3,14,5,3,9
MPV-GEN-T6-N30-R02,fast_brute_force,0,item-028,6,7,10,9,9,1
MPV-GEN-T6-N30-R02,fast_brute_force,0,item-029,14,16,0,6,8,6
MPV-GEN-T6-N30-R03,fast_brute_force,0,item-000,0,0,0,1,6,10
MPV-GEN-T6-N30-R03,fast_brute_force,0,item-001,0,6,0,6,6,2
MPV-GEN-T6-N30-R03,fast_brute_force,0,item-002,0,12,0,3,10,2
MPV-GEN-T6-N30-R03,fast_brute_force,0,item-003,1,0,0,7,1,5
MPV-GEN-T6-N30-R03,fast_brute_force,0,item-004,0,22,0,9,7,7
MPV-GEN-T6-N30-R03,fast_brute_force,0,item-005,1,1,0,3,3,8
MPV-GEN-T6-N30-R03,fast_brute_force,0,item-006,3,12,0,10,10,1
MPV-GEN-T6-N30-R03,fast_brute_force,0,item-007,3,12,1,1,9,9
MPV-GEN-T6-N30-R03,fast_brute_force,0,item-008,4,12,1,6,9,6
MPV-GEN-T6-N30-R03,fast_brute_force,0,item-009,0,6,2,6,6,9
MPV-GEN-T6-N30-R03,fast_brute_force,0,item-010,1,4,0,8,2,1
MPV-GEN-T6-N30-R03,fast_brute_force,0,item-011,6,1,1,4,8,2
MPV-GEN-T6-N30-R03,fast_brute_force,0,item-012,6,1,3,9,8,2
MPV-GEN-T6-N30-R03,fast_brute_force,0,item-013,4,1,1,1,5,7
MPV-GEN-T6-N30-R03,fast_brute_force,0,item-014,5,1,1,1,5,4
MPV-GEN-T6-N30-R03,fast_brute_force,0,item-015,5,0,5,8,4,8
MPV-GEN-T6-N30-R03,fast_brute_force,0,item-016,13,0,0,8,1,8
MPV-GEN-T6-N30-R03,fast_brute_force,0,item-017,1,4,1,2,2,8
MPV-GEN-T6-N30-R03,fast_brute_force,0,item-018,0,12,2,3,7,1
MPV-GEN-T6-N30-R03,fast_brute_force,0,item-019,9,22,0,8,9,10
MPV-GEN-T6-N30-R03,fast_brute_force,0,item-020,4,12,7,5,7,1
MPV-GEN-T6-N30-R03,fast_brute_force,0,item-021,1,0,5,4,1,2
MPV-GEN-T6-N30-R03,fast_brute_force,0,item-022,0,29,0,7,5,4
MPV-GEN-T6-N30-R03,fast_brute_force,0,item-023,3,0,8,1,5,3
MPV-GEN-T6-N30-R03,fast_brute_force,0,item-024,4,12,8,10,9,8
MPV-GEN-T6-N30-R03,fast_brute_force,0,item-025,0,29,4,7,6,2
MPV-GEN-T6-N30-R03,fast_brute_force,0,item-026,0,12,3,2,9,1
MPV-GEN-T6-N30-R03,fast_brute_force,0,item-027,0,12,4,2,7,7
MPV-GEN-T6-N30-R03,fast_brute_force,0,item-028,0,29,6,8,5,7
MPV-GEN-T6-N30-R03,fast_brute_force,0,item-029,4,0,8,1,5,10
MPV-GEN-T6-N30-R04,fast_brute_force,0,item-000,0,0,0,2,6,2
MPV-GEN-T6-N30-R04,fast_brute_force,0,item-001,0,6,0,9,2,8
MPV-GEN-T6-N30-R04,fast_brute_force,0,item-002,9,0,0,5,8,8
MPV-GEN-T6-N30-R04,fast_brute_force,0,item-003,14,0,0,4,10,9
MPV-GEN-T6-N30-R04,fast_brute_force,0,item-004,0,0,2,9,2,10
MPV-GEN-T6-N30-R04,fast_brute_force,0,item-005,0,8,0,8,5,9
MPV-GEN-T6-N30-R04,fast_brute_force,0,item-006,0,2,2,8,3,2
MPV-GEN-T6-N30-R04,fast_brute_force,0,item-007,0,2,4,5,3,5
MPV-GEN-T6-N30-R04,fast_brute_force,0,item-008,5,2,8,8,5,8
MPV-GEN-T6-N30-R04,fast_brute_force,0,item-009,18,0,0,8,9,1
MPV-GEN-T6-N30-R04,fast_brute_force,0,item-010,0,2,9,5,10,5
MPV-GEN-T6-N30-R04,fast_brute_force,0,item-011,9,0,9,10,2,8
MPV-GEN-T6-N30-R04,fast_brute_force,0,item-012,0,5,2,9,1,6
MPV-GEN-T6-N30-R04,fast_brute_force,0,item-013,0,0,14,2,3,4
MPV-GEN-T6-N30-R04,fast_brute_force,0,item-014,5,7,8,2,1,8
MPV-GEN-T6-N30-R04,fast_brute_force,0,item-015,7,7,8,2,1,2
MPV-GEN-T6-N30-R04,fast_brute_force,0,item-016,13,2,8,1,7,10
MPV-GEN-T6-N30-R04,fast_brute_force,0,item-017,2,0,14,3,4,6
MPV-GEN-T6-N30-R04,fast_brute_force,0,item-018,9,7,8,4,8,6
MPV-GEN-T6-N30-R04,fast_brute_force,0,item-019,0,13,0,8,9,5
MPV-GEN-T6-N30-R04,fast_brute_force,0,item-020,2,0,0,6,3,2
MPV-GEN-T6-N30-R04,fast_brute_force,0,item-021,7,7,10,2,4,8
MPV-GEN-T6-N30-R04,fast_brute_force,0,item-022,0,4,16,5,3,6
MPV-GEN-T6-N30-R04,fast_brute_force,0,item-023,5,0,16,2,7,1
MPV-GEN-T6-N30-R04,fast_brute_force,0,item-024,5,0,17,4,3,9
MPV-GEN-T6-N30-R04,fast_brute_force,0,item-025,8,11,0,1,8,5
MPV-GEN-T6-N30-R04,fast_brute_force,0,item-026,8,11,5,1,8,9
MPV-GEN-T6-N30-R04,fast_brute_force,0,item-027,5,3,17,8,4,4
MPV-GEN-T6-N30-R04,fast_brute_force,0,item-028,8,8,0,6,2,6
MPV-GEN-T6-N30-R04,fast_brute_force,0,item-029,0,0,20,5,3,7
MPV-GEN-T6-N30-R05,fast_brute_force,0,item-000,0,0,0,2,9,3
MPV-GEN-T6-N30-R05,fast_brute_force,0,item-001,0,9,0,3,9,3
MPV-GEN-T6-N30-R05,fast_brute_force,0,item-002,2,0,0,10,7,5
MPV-GEN-T6-N30-R05,fast_brute_force,0,item-003,0,0,3,2,8,6
MPV-GEN-T6-N30-R05,fast_brute_force,0,item-004,0,18,0,8,6,10
MPV-GEN-T6-N30-R05,fast_brute_force,0,item-005,0,8,3,2,10,9
MPV-GEN-T6-N30-R05,fast_brute_force,0,item-006,0,0,9,7,3,10
MPV-GEN-T6-N30-R05,fast_brute_force,0,item-007,3,7,0,10,6,2
MPV-GEN-T6-N30-R05,fast_brute_force,0,item-008,3,13,0,3,4,1
MPV-GEN-T6-N30-R05,fast_brute_force,0,item-009,3,17,0,3,1,6
MPV-GEN-T6-N30-R05,fast_brute_force,0,item-010,3,7,2,9,9,10
MPV-GEN-T6-N30-R05,fast_brute_force,0,item-011,12,0,0,7,7,3
MPV-GEN-T6-N30-R05,fast_brute_force,0,item-012,3,13,1,10,3,1
MPV-GEN-T6-N30-R05,fast_brute_force,0,item-013,0,24,0,4,10,8
MPV-GEN-T6-N30-R05,fast_brute_force,0,item-014,7,0,5,2,6,1
MPV-GEN-T6-N30-R05,fast_brute_force,0,item-015,0,34,0,7,9,7
MPV-GEN-T6-N30-R05,fast_brute_force,0,item-016,0,3,9,3,2,5
MPV-GEN-T6-N30-R05,fast_brute_force,0,item-017,2,0,5,3,7,3
MPV-GEN-T6-N30-R05,fast_brute_force,0,item-018,4,24,0,4,8,10
MPV-GEN-T6-N30-R05,fast_brute_force,0,item-019,6,16,0,7,2,1
MPV-GEN-T6-N30-R05,fast_brute_force,0,item-020,0,24,8,4,10,4
MPV-GEN-T6-N30-R05,fast_brute_force,0,item-021,0,18,10,3,6,3
MPV-GEN-T6-N30-R05,fast_brute_force,0,item-022,6,16,1,4,2,7
MPV-GEN-T6-N30-R05,fast_brute_force,0,item-023,3,16,10,2,8,8
MPV-GEN-T6-N30-R05,fast_brute_force,0,item-024,2,7,3,1,8,1
MPV-GEN-T6-N30-R05,fast_brute_force,0,item-025,5,6,5,8,1,7
MPV-GEN-T6-N30-R05,fast_brute_force,0,item-026,0,5,12,9,8,6
MPV-GEN-T6-N30-R05,fast_brute_force,0,item-027,0,3,18,5,8,10
MPV-GEN-T6-N30-R05,fast_brute_force,0,item-028,12,0,3,5,6,2
MPV-GEN-T6-N30-R05,fast_brute_force,0,item-029,0,43,0,10,10,1
MPV-GEN-T6-N30-R06,fast_brute_force,0,item-000,0,0,0,3,1,5
MPV-GEN-T6-N30-R06,fast_brute_force,0,item-001,3,0,0,6,5,7
MPV-GEN-T6-N30-R06,fast_brute_force,0,item-002,0,1,0,2,3,1
MPV-GEN-T6-N30-R06,fast_brute_force,0,item-003,2,1,0,1,7,10
MPV-GEN-T6-N30-R06,fast_brute_force,0,item-004,0,0,7,8,1,3
MPV-GEN-T6-N30-R06,fast_brute_force,0,item-005,9,0,0,9,4,8
MPV-GEN-T6-N30-R06,fast_brute_force,0,item-006,3,1,7,5,4,9
MPV-GEN-T6-N30-R06,fast_brute_force,0,item-007,18,0,0,4,10,8
MPV-GEN-T6-N30-R06,fast_brute_force,0,item-008,9,4,0,5,10,3
MPV-GEN-T6-N30-R06,fast_brute_force,0,item-009,3,5,0,5,4,10
MPV-GEN-T6-N30-R06,fast_brute_force,0,item-010,0,9,0,6,5,6
MPV-GEN-T6-N30-R06,fast_brute_force,0,item-011,0,8,0,1,1,9
MPV-GEN-T6-N30-R06,fast_brute_force,0,item-012,8,5,3,10,4,5
MPV-GEN-T6-N30-R06,fast_brute_force,0,item-013,0,14,0,5,8,5
MPV-GEN-T6-N30-R06,fast_brute_force,0,item-014,0,9,6,3,10,3
MPV-GEN-T6-N30-R06,fast_brute_force,0,item-015,1,1,1,1,8,1
MPV-GEN-T6-N30-R06,fast_brute_force,0,item-016,14,9,0,4,8,9
MPV-GEN-T6-N30-R06,fast_brute_force,0,item-017,8,0,8,4,9,1
MPV-GEN-T6-N30-R06,fast_brute_force,0,item-018,8,0,9,5,9,5
MPV-GEN-T6-N30-R06,fast_brute_force,0,item-019,6,9,3,7,2,8
MPV-GEN-T6-N30-R06,fast_brute_force,0,item-020,6,11,0,3,6,5
MPV-GEN-T6-N30-R06,fast_brute_force,0,item-021,5,14,0,1,9,9
MPV-GEN-T6-N30-R06,fast_brute_force,0,item-022,3,14,5,2,10,7
MPV-GEN-T6-N30-R06,fast_brute_force,0,item-023,9,14,0,5,10,6
MPV-GEN-T6-N30-R06,fast_brute_force,0,item-024,9,11,3,5,2,4
MPV-GEN-T6-N30-R06,fast_brute_force,0,item-025,0,9,9,4,5,10
MPV-GEN-T6-N30-R06,fast_brute_force,0,item-026,6,13,6,8,9,2
MPV-GEN-T6-N30-R06,fast_brute_force,0,item-027,0,1,1,1,5,7
MPV-GEN-T6-N30-R06,fast_brute_force,0,item-028,0,5,10,3,3,9
MPV-GEN-T6-N30-R06,fast_brute_force,0,item-029,4,5,11,4,8,6
MPV-GEN-T6-N30-R07,fast_brute_force,0,item-000,0,0,0,3,2,8
MPV-GEN-T6-N30-R07,fast_brute_force,0,item-001,3,0,0,10,2,2
MPV-GEN-T6-N30-R07,fast_brute_force,0,item-002,13,0,0,7,2,8
MPV-GEN-T6-N30-R07,fast_brute_force,0,item-003,3,0,2,7,3,5
MPV-GEN-T6-N30-R07,fast_brute_force,0,item-004,3,0,7,7,5,3
MPV-GEN-T6-N30-R07,fast_brute_force,0,item-005,0,2,0,3,9,8
MPV-GEN-T6-N30-R07,fast_brute_force,0,item-006,20,0,0,6,4,7
MPV-GEN-T6-N30-R07,fast_brute_force,0,item-007,10,2,0,9,3,7
MPV-GEN-T6-N30-R07,fast_brute_force,0,item-008,10,2,7,10,9,6
MPV-GEN-T6-N30-R07,fast_brute_force,0,item-009,0,5,8,10,6,3
MPV-GEN-T6-N30-R07,fast_brute_force,0,item-010,0,0,8,2,4,1
MPV-GEN-T6-N30-R07,fast_brute_force,0,item-011,0,0,11,8,6,6
MPV-GEN-T6-N30-R07,fast_brute_force,0,item-012,8,0,11,1,6,10
MPV-GEN-T6-N30-R07,fast_brute_force,0,item-013,0,0,17,7,7,9
MPV-GEN-T6-N30-R07,fast_brute_force,0,item-014,7,6,11,3,5,8
MPV-GEN-T6-N30-R07,fast_brute_force,0,item-015,9,0,13,6,4,6
MPV-GEN-T6-N30-R07,fast_brute_force,0,item-016,9,0,19,6,5,4
MPV-GEN-T6-N30-R07,fast_brute_force,0,item-017,7,0,21,2,4,10
MPV-GEN-T6-N30-R07,fast_brute_force,0,item-018,0,7,11,3,9,9
MPV-GEN-T6-N30-R07,fast_brute_force,0,item-019,26,0,0,8,3,2
MPV-GEN-T6-N30-R07,fast_brute_force,0,item-020,7,4,19,1,3,7
MPV-GEN-T6-N30-R07,fast_brute_force,0,item-021,10,0,2,2,1,6
MPV-GEN-T6-N30-R07,fast_brute_force,0,item-022,8,4,21,1,7,10
MPV-GEN-T6-N30-R07,fast_brute_force,0,item-023,0,6,11,5,1,3
MPV-GEN-T6-N30-R07,fast_brute_force,0,item-024,5,6,11,2,7,6
MPV-GEN-T6-N30-R07,fast_brute_force,0,item-025,19,2,0,1,8,2
MPV-GEN-T6-N30-R07,fast_brute_force,0,item-026,3,5,0,6,7,1
MPV-GEN-T6-N30-R07,fast_brute_force,0,item-027,0,7,20,8,9,5
MPV-GEN-T6-N30-R07,fast_brute_force,0,item-028,0,11,0,2,7,7
MPV-GEN-T6-N30-R07,fast_brute_force,0,item-029,9,0,10,1,5,2
MPV-GEN-T6-N30-R08,fast_brute_force,0,item-000,0,0,0,4,4,10
MPV-GEN-T6-N30-R08,fast_brute_force,0,item-001,4,0,0,3,8,6
MPV-GEN-T6-N30-R08,fast_brute_force,0,item-002,0,8,0,9,8,4
MPV-GEN-T6-N30-R08,fast_brute_force,0,item-003,7,0,0,6,2,9
MPV-GEN-T6-N30-R08,fast_brute_force,0,item-004,0,16,0,5,8,6
MPV-GEN-T6-N30-R08,fast_brute_force,0,item-005,7,2,0,10,1,7
MPV-GEN-T6-N30-R08,fast_brute_force,0,item-006,0,4,4,4,5,6
MPV-GEN-T6-N30-R08,fast_brute_force,0,item-007,4,0,6,3,7,3
MPV-GEN-T6-N30-R08,fast_brute_force,0,item-008,4,0,9,2,5,8
MPV-GEN-T6-N30-R08,fast_brute_force,0,item-009,0,0,10,2,9,7
MPV-GEN-T6-N30-R08,fast_brute_force,0,item-010,13,0,0,9,2,5
MPV-GEN-T6-N30-R08,fast_brute_force,0,item-011,0,0,17,4,10,2
MPV-GEN-T6-N30-R08,fast_brute_force,0,item-012,2,0,10,1,7,4
MPV-GEN-T6-N30-R08,fast_brute_force,0,item-013,7,3,0,8,5,6
MPV-GEN-T6-N30-R08,fast_brute_force,0,item-014,0,24,0,4,9,10
MPV-GEN-T6-N30-R08,fast_brute_force,0,item-015,0,10,4,10,3,10
MPV-GEN-T6-N30-R08,fast_brute_force,0,item-016,0,9,4,9,1,8
MPV-GEN-T6-N30-R08,fast_brute_force,0,item-017,7,3,6,3,6,8
MPV-GEN-T6-N30-R08,fast_brute_force,0,item-018,10,0,9,4,10,4
MPV-GEN-T6-N30-R08,fast_brute_force,0,item-019,4,5,14,6,5,9
MPV-GEN-T6-N30-R08,fast_brute_force,0,item-020,0,13,6,10,9,8
MPV-GEN-T6-N30-R08,fast_brute_force,0,item-021,6,0,14,10,4,10
MPV-GEN-T6-N30-R08,fast_brute_force,0,item-022,0,33,0,9,5,10
MPV-GEN-T6-N30-R08,fast_brute_force,0,item-023,0,0,19,6,3,9
MPV-GEN-T6-N30-R08,fast_brute_force,0,item-024,6,4,14,8,1,7
MPV-GEN-T6-N30-R08,fast_brute_force,0,item-025,5,22,0,7,10,5
MPV-GEN-T6-N30-R08,fast_brute_force,0,item-026,0,3,23,5,8,7
MPV-GEN-T6-N30-R08,fast_brute_force,0,item-027,5,16,0,6,4,2
MPV-GEN-T6-N30-R08,fast_brute_force,0,item-028,10,10,0,10,4,4
MPV-GEN-T6-N30-R08,fast_brute_force,0,item-029,0,0,28,5,3,7
MPV-GEN-T6-N30-R09,fast_brute_force,0,item-000,0,0,0,4,7,1
MPV-GEN-T6-N30-R09,fast_brute_force,0,item-001,0,7,0,7,5,3
MPV-GEN-T6-N30-R09,fast_brute_force,0,item-002,4,0,0,4,7,1
MPV-GEN-T6-N30-R09,fast_brute_force,0,item-003,7,7,0,2,10,4
MPV-GEN-T6-N30-R09,fast_brute_force,0,item-004,0,12,0,6,2,8
MPV-GEN-T6-N30-R09,fast_brute_force,0,item-005,0,0,3,4,6,7
MPV-GEN-T6-N30-R09,fast_brute_force,0,item-006,4,0,3,3,5,4
MPV-GEN-T6-N30-R09,fast_brute_force,0,item-007,4,0,7,10,10,10
MPV-GEN-T6-N30-R09,fast_brute_force,0,item-008,0,10,3,5,2,1
MPV-GEN-T6-N30-R09,fast_brute_force,0,item-009,0,10,4,5,1,2
MPV-GEN-T6-N30-R09,fast_brute_force,0,item-010,0,6,1,3,1,10
MPV-GEN-T6-N30-R09,fast_brute_force,0,item-011,3,6,6,1,5,9
MPV-GEN-T6-N30-R09,fast_brute_force,0,item-012,0,7,8,2,9,9
MPV-GEN-T6-N30-R09,fast_brute_force,0,item-013,3,6,4,10,4,2
MPV-GEN-T6-N30-R09,fast_brute_force,0,item-014,0,0,11,2,6,3
MPV-GEN-T6-N30-R09,fast_brute_force,0,item-015,2,11,4,5,1,5
MPV-GEN-T6-N30-R09,fast_brute_force,0,item-016,9,10,0,9,8,3
MPV-GEN-T6-N30-R09,fast_brute_force,0,item-017,0,0,17,3,9,5
MPV-GEN-T6-N30-R09,fast_brute_force,0,item-018,2,14,0,4,8,8
MPV-GEN-T6-N30-R09,fast_brute_force,0,item-019,8,0,0,7,6,5
MPV-GEN-T6-N30-R09,fast_brute_force,0,item-020,15,0,0,8,6,8
MPV-GEN-T6-N30-R09,fast_brute_force,0,item-021,3,0,10,1,6,7
MPV-GEN-T6-N30-R09,fast_brute_force,0,item-022,14,6,0,8,4,3
MPV-GEN-T6-N30-R09,fast_brute_force,0,item-023,14,6,3,8,4,8
MPV-GEN-T6-N30-R09,fast_brute_force,0,item-024,6,17,0,3,6,9
MPV-GEN-T6-N30-R09,fast_brute_force,0,item-025,0,16,0,2,5,7
MPV-GEN-T6-N30-R09,fast_brute_force,0,item-026,2,12,8,3,6,4
MPV-GEN-T6-N30-R09,fast_brute_force,0,item-027,0,22,0,3,10,8
MPV-GEN-T6-N30-R09,fast_brute_force,0,item-028,0,32,0,9,10,10
MPV-GEN-T6-N30-R09,fast_brute_force,0,item-029,0,18,9,10,10,3
MPV-GEN-T6-N30-R10,fast_brute_force,0,item-000,0,0,0,5,7,3
MPV-GEN-T6-N30-R10,fast_brute_force,0,item-001,0,7,0,10,1,7
MPV-GEN-T6-N30-R10,fast_brute_force,0,item-002,5,0,0,6,5,5
MPV-GEN-T6-N30-R10,fast_brute_force,0,item-003,10,5,0,1,9,10
MPV-GEN-T6-N30-R10,fast_brute_force,0,item-004,0,0,3,4,7,9
MPV-GEN-T6-N30-R10,fast_brute_force,0,item-005,0,8,0,9,10,8
MPV-GEN-T6-N30-R10,fast_brute_force,0,item-006,4,0,3,1,6,5
MPV-GEN-T6-N30-R10,fast_brute_force,0,item-007,5,5,0,4,2,6
MPV-GEN-T6-N30-R10,fast_brute_force,0,item-008,0,7,8,9,10,3
MPV-GEN-T6-N30-R10,fast_brute_force,0,item-009,5,0,5,9,4,4
MPV-GEN-T6-N30-R10,fast_brute_force,0,item-010,9,14,0,10,9,4
MPV-GEN-T6-N30-R10,fast_brute_force,0,item-011,0,18,0,7,9,5
MPV-GEN-T6-N30-R10,fast_brute_force,0,item-012,4,6,7,2,2,1
MPV-GEN-T6-N30-R10,fast_brute_force,0,item-013,9,5,0,1,2,7
MPV-GEN-T6-N30-R10,fast_brute_force,0,item-014,11,4,0,3,10,7
MPV-GEN-T6-N30-R10,fast_brute_force,0,item-015,14,0,0,9,8,9
MPV-GEN-T6-N30-R10,fast_brute_force,0,item-016,5,4,6,2,2,7
MPV-GEN-T6-N30-R10,fast_brute_force,0,item-017,6,6,6,2,1,3
MPV-GEN-T6-N30-R10,fast_brute_force,0,item-018,0,0,12,5,9,3
MPV-GEN-T6-N30-R10,fast_brute_force,0,item-019,7,23,0,7,8,10
MPV-GEN-T6-N30-R10,fast_brute_force,0,item-020,5,0,9,7,2,1
MPV-GEN-T6-N30-R10,fast_brute_force,0,item-021,9,14,4,9,9,3
MPV-GEN-T6-N30-R10,fast_brute_force,0,item-022,0,18,5,6,2,3
MPV-GEN-T6-N30-R10,fast_brute_force,0,item-023,14,8,0,9,6,4
MPV-GEN-T6-N30-R10,fast_brute_force,0,item-024,11,8,7,9,10,2
MPV-GEN-T6-N30-R10,fast_brute_force,0,item-025,7,0,10,8,7,10
MPV-GEN-T6-N30-R10,fast_brute_force,0,item-026,5,6,11,2,7,2
MPV-GEN-T6-N30-R10,fast_brute_force,0,item-027,0,17,8,9,5,5
MPV-GEN-T6-N30-R10,fast_brute_force,0,item-028,9,18,7,7,5,9
MPV-GEN-T6-N30-R10,fast_brute_force,0,item-029,0,9,11,4,8,8
MPV-GEN-T6-N60-R01,fast_brute_force,0,item-000,0,0,0,9,8,6
MPV-GEN-T6-N60-R01,fast_brute_force,0,item-001,9,0,0,2,6,10
MPV-GEN-T6-N60-R01,fast_brute_force,0,item-002,0,0,6,9,8,8
MPV-GEN-T6-N60-R01,fast_brute_force,0,item-003,9,6,0,3,3,3
MPV-GEN-T6-N60-R01,fast_brute_force,0,item-004,11,0,0,1,3,3
MPV-GEN-T6-N60-R01,fast_brute_force,0,item-005,11,3,0,9,3,2
MPV-GEN-T6-N60-R01,fast_brute_force,0,item-006,0,8,0,4,8,9
MPV-GEN-T6-N60-R01,fast_brute_force,0,item-007,4,8,0,3,5,1
MPV-GEN-T6-N60-R01,fast_brute_force,0,item-008,12,0,0,6,3,8
MPV-GEN-T6-N60-R01,fast_brute_force,0,item-009,18,0,0,10,2,5
MPV-GEN-T6-N60-R01,fast_brute_force,0,item-010,28,0,0,6,8,7
MPV-GEN-T6-N60-R01,fast_brute_force,0,item-011,18,2,2,10,4,10
MPV-GEN-T6-N60-R01,fast_brute_force,0,item-012,11,3,3,7,6,4
MPV-GEN-T6-N60-R01,fast_brute_force,0,item-013,4,8,1,3,7,7
MPV-GEN-T6-N60-R01,fast_brute_force,0,item-014,18,0,5,9,1,4
MPV-GEN-T6-N60-R01,fast_brute_force,0,item-015,27,0,7,10,2,6
MPV-GEN-T6-N60-R01,fast_brute_force,0,item-016,9,0,10,8,9,8
MPV-GEN-T6-N60-R01,fast_brute_force,0,item-017,7,8,0,2,4,2
MPV-GEN-T6-N60-R01,fast_brute_force,0,item-018,0,8,9,9,5,9
MPV-GEN-T6-N60-R01,fast_brute_force,0,item-019,0,0,14,4,3,10
MPV-GEN-T6-N60-R01,fast_brute_force,0,item-020,18,6,0,9,9,9
MPV-GEN-T6-N60-R01,fast_brute_force,0,item-021,4,0,14,2,3,4
MPV-GEN-T6-N60-R01,fast_brute_force,0,item-022,9,9,0,3,9,10
MPV-GEN-T6-N60-R01,fast_brute_force,0,item-023,6,0,14,1,7,9
MPV-GEN-T6-N60-R01,fast_brute_force,0,item-024,0,3,14,6,5,6
MPV-GEN-T6-N60-R01,fast_brute_force,0,item-025,17,0,10,7,2,10
MPV-GEN-T6-N60-R01,fast_brute_force,0,item-026,6,7,14,2,1,1
MPV-GEN-T6-N60-R01,fast_brute_force,0,item-027,11,0,8,4,7,1
MPV-GEN-T6-N60-R01,fast_brute_force,0,item-028,0,16,0,8,5,9
MPV-GEN-T6-N60-R01,fast_brute_force,0,item-029,0,13,9,9,7,2
MPV-GEN-T6-N60-R01,fast_brute_force,0,item-030,11,0,9,4,9,1
MPV-GEN-T6-N60-R01,fast_brute_force,0,item-031,6,7,15,2,1,6
MPV-GEN-T6-N60-R01,fast_brute_force,0,item-032,24,0,12,3,8,8
MPV-GEN-T6-N60-R01,fast_brute_force,0,item-033,12,9,0,3,8,9
MPV-GEN-T6-N60-R01,fast_brute_force,0,item-034,12,6,0,4,2,3
MPV-GEN-T6-N60-R01,fast_brute_force,0,item-035,15,9,0,3,10,9
MPV-GEN-T6-N60-R01,fast_brute_force,0,item-036,7,0,18,10,6,3
MPV-GEN-T6-N60-R01,fast_brute_force,0,item-037,9,18,0,6,5,8
MPV-GEN-T6-N60-R01,fast_brute_force,0,item-038,9,18,8,4,10,6
MPV-GEN-T6-N60-R01,fast_brute_force,0,item-039,12,9,9,4,4,7
MPV-GEN-T6-N60-R01,fast_brute_force,0,item-040,7,12,0,2,4,6
MPV-GEN-T6-N60-R01,fast_brute_force,0,item-041,9,9,10,2,5,7
MPV-GEN-T6-N60-R01,fast_brute_force,0,item-042,0,3,20,4,7,9
MPV-GEN-T6-N60-R01,fast_brute_force,0,item-043,13,17,8,2,10,7
MPV-GEN-T6-N60-R01,fast_brute_force,0,item-044,0,14,14,10,9,6
MPV-GEN-T6-N60-R01,fast_brute_force,0,item-045,8,6,18,9,8,8
MPV-GEN-T6-N60-R01,fast_brute_force,0,item-046,7,6,14,1,1,1
MPV-GEN-T6-N60-R01,fast_brute_force,0,item-047,7,0,21,7,5,3
MPV-GEN-T6-N60-R01,fast_brute_force,0,item-048,14,0,21,10,5,3
MPV-GEN-T6-N60-R01,fast_brute_force,0,item-049,11,0,3,1,3,2
MPV-GEN-T6-N60-R01,fast_brute_force,0,item-050,24,0,10,2,2,2
MPV-GEN-T6-N60-R01,fast_brute_force,0,item-051,0,23,14,10,7,7
MPV-GEN-T6-N60-R01,fast_brute_force,0,item-052,0,8,18,6,6,2
MPV-GEN-T6-N60-R01,fast_brute_force,0,item-053,4,13,0,3,3,1
MPV-GEN-T6-N60-R01,fast_brute_force,0,item-054,10,14,10,3,4,2
MPV-GEN-T6-N60-R01,fast_brute_force,0,item-055,10,14,12,3,1,10
MPV-GEN-T6-N60-R01,fast_brute_force,0,item-056,0,10,20,7,7,7
MPV-GEN-T6-N60-R01,fast_brute_force,0,item-057,7,15,20,10,7,2
MPV-GEN-T6-N60-R01,fast_brute_force,0,item-058,7,8,3,4,1,4
MPV-GEN-T6-N60-R01,fast_brute_force,0,item-059,20,2,0,6,3,2
MPV-GEN-T6-N60-R02,fast_brute_force,0,item-000,0,0,0,10,10,6
MPV-GEN-T6-N60-R02,fast_brute_force,0,item-001,10,0,0,5,2,6
MPV-GEN-T6-N60-R02,fast_brute_force,0,item-002,15,0,0,3,4,4
MPV-GEN-T6-N60-R02,fast_brute_force,0,item-003,10,2,0,2,2,7
MPV-GEN-T6-N60-R02,fast_brute_force,0,item-004,0,0,6,9,8,4
MPV-GEN-T6-N60-R02,fast_brute_force,0,item-005,18,0,0,6,7,3
MPV-GEN-T6-N60-R02,fast_brute_force,0,item-006,12,2,0,2,9,8
MPV-GEN-T6-N60-R02,fast_brute_force,0,item-007,0,10,0,7,9,7
MPV-GEN-T6-N60-R02,fast_brute_force,0,item-008,0,8,7,10,9,10
MPV-GEN-T6-N60-R02,fast_brute_force,0,item-009,9,0,7,2,5,7
MPV-GEN-T6-N60-R02,fast_brute_force,0,item-010,0,0,10,3,6,1
MPV-GEN-T6-N60-R02,fast_brute_force,0,item-011,3,0,10,4,8,6
MPV-GEN-T6-N60-R02,fast_brute_force,0,item-012,24,0,0,7,9,8
MPV-GEN-T6-N60-R02,fast_brute_force,0,item-013,14,4,0,4,5,4
MPV-GEN-T6-N60-R02,fast_brute_force,0,item-014,7,0,14,10,5,6
MPV-GEN-T6-N60-R02,fast_brute_force,0,item-015,0,0,16,4,1,10
MPV-GEN-T6-N60-R02,fast_brute_force,0,item-016,15,0,4,9,5,2
MPV-GEN-T6-N60-R02,fast_brute_force,0,item-017,0,1,11,3,6,10
MPV-GEN-T6-N60-R02,fast_brute_force,0,item-018,14,9,0,10,6,4
MPV-GEN-T6-N60-R02,fast_brute_force,0,item-019,4,0,16,2,5,7
MPV-GEN-T6-N60-R02,fast_brute_force,0,item-020,14,5,4,8,5,10
MPV-GEN-T6-N60-R02,fast_brute_force,0,item-021,31,0,0,10,6,10
MPV-GEN-T6-N60-R02,fast_brute_force,0,item-022,3,1,16,1,7,2
MPV-GEN-T6-N60-R02,fast_brute_force,0,item-023,22,5,4,2,9,7
MPV-GEN-T6-N60-R02,fast_brute_force,0,item-024,10,11,4,10,9,9
MPV-GEN-T6-N60-R02,fast_brute_force,0,item-025,10,5,8,3,4,3
MPV-GEN-T6-N60-R02,fast_brute_force,0,item-026,14,2,0,1,2,7
MPV-GEN-T6-N60-R02,fast_brute_force,0,item-027,17,0,8,10,4,8
MPV-GEN-T6-N60-R02,fast_brute_force,0,item-028,11,0,6,6,2,8
MPV-GEN-T6-N60-R02,fast_brute_force,0,item-029,10,5,11,3,5,7
MPV-GEN-T6-N60-R02,fast_brute_force,0,item-030,0,7,10,3,1,10
MPV-GEN-T6-N60-R02,fast_brute_force,0,item-031,13,5,8,1,4,3
MPV-GEN-T6-N60-R02,fast_brute_force,0,item-032,13,5,11,1,5,10
MPV-GEN-T6-N60-R02,fast_brute_force,0,item-033,0,19,0,8,7,7
MPV-GEN-T6-N60-R02,fast_brute_force,0,item-034,10,4,0,2,7,5
MPV-GEN-T6-N60-R02,fast_brute_force,0,item-035,4,5,17,5,10,7
MPV-GEN-T6-N60-R02,fast_brute_force,0,item-036,0,17,7,9,10,8
MPV-GEN-T6-N60-R02,fast_brute_force,0,item-037,10,10,5,2,1,3
MPV-GEN-T6-N60-R02,fast_brute_force,0,item-038,0,8,17,3,6,8
MPV-GEN-T6-N60-R02,fast_brute_force,0,item-039,0,8,6,8,2,1
MPV-GEN-T6-N60-R02,fast_brute_force,0,item-040,11,2,7,1,2,3
MPV-GEN-T6-N60-R02,fast_brute_force,0,item-041,7,10,0,2,8,6
MPV-GEN-T6-N60-R02,fast_brute_force,0,item-042,9,5,6,1,2,4
MPV-GEN-T6-N60-R02,fast_brute_force,0,item-043,17,0,6,5,4,1
MPV-GEN-T6-N60-R02,fast_brute_force,0,item-044,6,0,20,5,5,3
MPV-GEN-T6-N60-R02,fast_brute_force,0,item-045,0,1,21,4,6,7
MPV-GEN-T6-N60-R02,fast_brute_force,0,item-046,20,10,4,2,10,10
MPV-GEN-T6-N60-R02,fast_brute_force,0,item-047,9,5,10,1,2,7
MPV-GEN-T6-N60-R02,fast_brute_force,0,item-048,11,0,20,8,5,1
MPV-GEN-T6-N60-R02,fast_brute_force,0,item-049,10,10,13,10,10,5
MPV-GEN-T6-N60-R02,fast_brute_force,0,item-050,14,5,14,7,4,5
MPV-GEN-T6-N60-R02,fast_brute_force,0,item-051,12,2,8,4,3,5
MPV-GEN-T6-N60-R02,fast_brute_force,0,item-052,19,0,16,9,4,1
MPV-GEN-T6-N60-R02,fast_brute_force,0,item-053,0,17,15,10,10,3
MPV-GEN-T6-N60-R02,fast_brute_force,0,item-054,8,18,0,2,4,5
MPV-GEN-T6-N60-R02,fast_brute_force,0,item-055,19,0,17,8,4,2
MPV-GEN-T6-N60-R02,fast_brute_force,0,item-056,19,0,19,8,5,6
MPV-GEN-T6-N60-R02,fast_brute_force,0,item-057,28,0,8,3,10,6
MPV-GEN-T6-N60-R02,fast_brute_force,0,item-058,0,15,18,10,9,2
MPV-GEN-T6-N60-R02,fast_brute_force,0,item-059,9,11,0,4,7,1
MPV-GEN-T6-N60-R03,fast_brute_force,0,item-000,0,0,0,10,3,9
MPV-GEN-T6-N60-R03,fast_brute_force,0,item-001,10,0,0,9,9,1
MPV-GEN-T6-N60-R03,fast_brute_force,0,item-002,0,3,0,6,3,1
MPV-GEN-T6-N60-R03,fast_brute_force,0,item-003,0,6,0,8,10,4
MPV-GEN-T6-N60-R03,fast_brute_force,0,item-004,19,0,0,8,10,6
MPV-GEN-T6-N60-R03,fast_brute_force,0,item-005,0,3,1,10,2,1
MPV-GEN-T6-N60-R03,fast_brute_force,0,item-006,8,5,0,1,9,6
MPV-GEN-T6-N60-R03,fast_brute_force,0,item-007,0,3,2,2,2,4
MPV-GEN-T6-N60-R03,fast_brute_force,0,item-008,2,3,4,3,6,3
MPV-GEN-T6-N60-R03,fast_brute_force,0,item-009,0,9,4,7,7,2
MPV-GEN-T6-N60-R03,fast_brute_force,0,item-010,10,0,1,9,5,6
MPV-GEN-T6-N60-R03,fast_brute_force,0,item-011,0,5,4,1,3,3
MPV-GEN-T6-N60-R03,fast_brute_force,0,item-012,0,9,6,8,9,3
MPV-GEN-T6-N60-R03,fast_brute_force,0,item-013,5,5,6,6,4,10
MPV-GEN-T6-N60-R03,fast_brute_force,0,item-014,0,3,7,10,2,1
MPV-GEN-T6-N60-R03,fast_brute_force,0,item-015,9,9,0,9,9,5
MPV-GEN-T6-N60-R03,fast_brute_force,0,item-016,1,5,4,1,2,7
MPV-GEN-T6-N60-R03,fast_brute_force,0,item-017,8,14,0,1,9,9
MPV-GEN-T6-N60-R03,fast_brute_force,0,item-018,10,0,7,10,4,8
MPV-GEN-T6-N60-R03,fast_brute_force,0,item-019,2,3,8,3,6,3
MPV-GEN-T6-N60-R03,fast_brute_force,0,item-020,2,3,2,6,2,2
MPV-GEN-T6-N60-R03,fast_brute_force,0,item-021,18,9,0,1,8,5
MPV-GEN-T6-N60-R03,fast_brute_force,0,item-022,9,9,5,10,6,3
MPV-GEN-T6-N60-R03,fast_brute_force,0,item-023,0,7,9,2,10,4
MPV-GEN-T6-N60-R03,fast_brute_force,0,item-024,11,5,1,7,4,9
MPV-GEN-T6-N60-R03,fast_brute_force,0,item-025,0,18,0,8,7,3
MPV-GEN-T6-N60-R03,fast_brute_force,0,item-026,18,17,0,9,10,4
MPV-GEN-T6-N60-R03,fast_brute_force,0,item-027,0,18,3,7,8,6
MPV-GEN-T6-N60-R03,fast_brute_force,0,item-028,0,0,13,5,8,4
MPV-GEN-T6-N60-R03,fast_brute_force,0,item-029,0,16,0,8,2,1
MPV-GEN-T6-N60-R03,fast_brute_force,0,item-030,18,5,1,1,4,8
MPV-GEN-T6-N60-R03,fast_brute_force,0,item-031,8,9,8,9,4,7
MPV-GEN-T6-N60-R03,fast_brute_force,0,item-032,11,4,10,10,3,5
MPV-GEN-T6-N60-R03,fast_brute_force,0,item-033,0,0,9,4,3,4
MPV-GEN-T6-N60-R03,fast_brute_force,0,item-034,20,0,6,9,3,8
MPV-GEN-T6-N60-R03,fast_brute_force,0,item-035,0,9,13,8,9,4
MPV-GEN-T6-N60-R03,fast_brute_force,0,item-036,19,10,0,9,7,10
MPV-GEN-T6-N60-R03,fast_brute_force,0,item-037,9,18,0,7,10,9
MPV-GEN-T6-N60-R03,fast_brute_force,0,item-038,8,9,6,1,5,1
MPV-GEN-T6-N60-R03,fast_brute_force,0,item-039,8,23,0,1,9,6
MPV-GEN-T6-N60-R03,fast_brute_force,0,item-040,8,13,8,9,1,1
MPV-GEN-T6-N60-R03,fast_brute_force,0,item-041,16,15,5,3,8,2
MPV-GEN-T6-N60-R03,fast_brute_force,0,item-042,0,26,0,7,8,8
MPV-GEN-T6-N60-R03,fast_brute_force,0,item-043,27,3,0,7,7,8
MPV-GEN-T6-N60-R03,fast_brute_force,0,item-044,9,14,8,9,4,9
MPV-GEN-T6-N60-R03,fast_brute_force,0,item-045,5,0,15,8,5,5
MPV-GEN-T6-N60-R03,fast_brute_force,0,item-046,7,23,6,2,8,8
MPV-GEN-T6-N60-R03,fast_brute_force,0,item-047,21,3,6,6,6,4
MPV-GEN-T6-N60-R03,fast_brute_force,0,item-048,20,0,14,7,4,10
MPV-GEN-T6-N60-R03,fast_brute_force,0,item-049,11,5,15,8,8,5
MPV-GEN-T6-N60-R03,fast_brute_force,0,item-050,8,13,9,1,9,7
MPV-GEN-T6-N60-R03,fast_brute_force,0,item-051,7,31,0,1,10,4
MPV-GEN-T6-N60-R03,fast_brute_force,0,item-052,9,13,9,9,1,9
MPV-GEN-T6-N60-R03,fast_brute_force,0,item-053,0,17,9,6,6,4
MPV-GEN-T6-N60-R03,fast_brute_force,0,item-054,0,5,17,10,3,5
MPV-GEN-T6-N60-R03,fast_brute_force,0,item-055,0,8,17,10,4,3
MPV-GEN-T6-N60-R03,fast_brute_force,0,item-056,13,0,15,6,4,6
MPV-GEN-T6-N60-R03,fast_brute_force,0,item-057,0,7,7,5,2,1
MPV-GEN-T6-N60-R03,fast_brute_force,0,item-058,0,34,0,5,10,1
MPV-GEN-T6-N60-R03,fast_brute_force,0,item-059,0,0,17,3,4,9
MPV-GEN-T6-N60-R04,fast_brute_force,0,item-000,0,0,0,9,3,1
MPV-GEN-T6-N60-R04,fast_brute_force,0,item-001,9,0,0,2,5,5
MPV-GEN-T6-N60-R04,fast_brute_force,0,item-002,11,0,0,10,1,5
MPV-GEN-T6-N60-R04,fast_brute_force,0,item-003,0,3,0,7,9,8
MPV-GEN-T6-N60-R04,fast_brute_force,0,item-004,21,0,0,8,5,9
MPV-GEN-T6-N60-R04,fast_brute_force,0,item-005,11,1,0,5,6,2
MPV-GEN-T6-N60-R04,fast_brute_force,0,item-006,11,1,2,9,10,7
MPV-GEN-T6-N60-R04,fast_brute_force,0,item-007,0,0,8,6,6,2
MPV-GEN-T6-N60-R04,fast_brute_force,0,item-008,6,0,8,5,4,5
MPV-GEN-T6-N60-R04,fast_brute_force,0,item-009,0,6,8,9,10,6
MPV-GEN-T6-N60-R04,fast_brute_force,0,item-010,0,0,10,6,3,10
MPV-GEN-T6-N60-R04,fast_brute_force,0,item-011,29,0,0,7,7,9
MPV-GEN-T6-N60-R04,fast_brute_force,0,item-012,0,0,1,8,2,5
MPV-GEN-T6-N60-R04,fast_brute_force,0,item-013,20,5,0,7,10,5
MPV-GEN-T6-N60-R04,fast_brute_force,0,item-014,8,0,1,1,6,3
MPV-GEN-T6-N60-R04,fast_brute_force,0,item-015,6,0,13,3,6,9
MPV-GEN-T6-N60-R04,fast_brute_force,0,item-016,7,6,0,4,8,1
MPV-GEN-T6-N60-R04,fast_brute_force,0,item-017,0,3,10,2,3,7
MPV-GEN-T6-N60-R04,fast_brute_force,0,item-018,7,2,1,1,5,3
MPV-GEN-T6-N60-R04,fast_brute_force,0,item-019,2,3,14,3,6,8
MPV-GEN-T6-N60-R04,fast_brute_force,0,item-020,0,0,22,5,8,3
MPV-GEN-T6-N60-R04,fast_brute_force,0,item-021,9,5,0,1,1,1
MPV-GEN-T6-N60-R04,fast_brute_force,0,item-022,9,0,13,8,4,5
MPV-GEN-T6-N60-R04,fast_brute_force,0,item-023,9,4,9,3,2,10
MPV-GEN-T6-N60-R04,fast_brute_force,0,item-024,5,3,14,1,8,2
MPV-GEN-T6-N60-R04,fast_brute_force,0,item-025,17,0,5,4,1,6
MPV-GEN-T6-N60-R04,fast_brute_force,0,item-026,0,2,4,8,1,2
MPV-GEN-T6-N60-R04,fast_brute_force,0,item-027,2,3,10,3,3,3
MPV-GEN-T6-N60-R04,fast_brute_force,0,item-028,2,3,13,3,3,1
MPV-GEN-T6-N60-R04,fast_brute_force,0,item-029,0,8,14,2,10,8
MPV-GEN-T6-N60-R04,fast_brute_force,0,item-030,9,0,18,10,4,7
MPV-GEN-T6-N60-R04,fast_brute_force,0,item-031,0,12,0,6,7,4
MPV-GEN-T6-N60-R04,fast_brute_force,0,item-032,11,11,0,8,10,9
MPV-GEN-T6-N60-R04,fast_brute_force,0,item-033,5,3,10,1,2,2
MPV-GEN-T6-N60-R04,fast_brute_force,0,item-034,2,16,4,7,8,8
MPV-GEN-T6-N60-R04,fast_brute_force,0,item-035,20,5,5,8,9,2
MPV-GEN-T6-N60-R04,fast_brute_force,0,item-036,20,5,7,8,1,5
MPV-GEN-T6-N60-R04,fast_brute_force,0,item-037,8,6,1,3,8,6
MPV-GEN-T6-N60-R04,fast_brute_force,0,item-038,19,1,9,8,3,5
MPV-GEN-T6-N60-R04,fast_brute_force,0,item-039,6,14,0,5,7,2
MPV-GEN-T6-N60-R04,fast_brute_force,0,item-040,27,14,0,10,9,8
MPV-GEN-T6-N60-R04,fast_brute_force,0,item-041,17,0,11,3,1,1
MPV-GEN-T6-N60-R04,fast_brute_force,0,item-042,20,6,7,4,5,3
MPV-GEN-T6-N60-R04,fast_brute_force,0,item-043,0,0,6,8,1,2
MPV-GEN-T6-N60-R04,fast_brute_force,0,item-044,6,12,1,2,2,6
MPV-GEN-T6-N60-R04,fast_brute_force,0,item-045,11,0,9,3,3,4
MPV-GEN-T6-N60-R04,fast_brute_force,0,item-046,28,5,0,1,7,7
MPV-GEN-T6-N60-R04,fast_brute_force,0,item-047,24,6,7,2,3,8
MPV-GEN-T6-N60-R04,fast_brute_force,0,item-048,27,0,9,5,4,8
MPV-GEN-T6-N60-R04,fast_brute_force,0,item-049,29,7,0,5,7,6
MPV-GEN-T6-N60-R04,fast_brute_force,0,item-050,19,0,14,6,3,10
MPV-GEN-T6-N60-R04,fast_brute_force,0,item-051,17,3,14,7,8,2
MPV-GEN-T6-N60-R04,fast_brute_force,0,item-052,34,7,0,10,7,8
MPV-GEN-T6-N60-R04,fast_brute_force,0,item-053,24,3,14,3,3,6
MPV-GEN-T6-N60-R04,fast_brute_force,0,item-054,25,0,17,9,3,6
MPV-GEN-T6-N60-R04,fast_brute_force,0,item-055,29,7,6,5,7,5
MPV-GEN-T6-N60-R04,fast_brute_force,0,item-056,28,4,9,5,2,7
MPV-GEN-T6-N60-R04,fast_brute_force,0,item-057,36,0,0,10,5,7
MPV-GEN-T6-N60-R04,fast_brute_force,0,item-058,19,11,8,9,8,9
MPV-GEN-T6-N60-R04,fast_brute_force,0,item-059,19,3,16,3,8,10
MPV-GEN-T6-N60-R05,fast_brute_force,0,item-000,0,0,0,9,6,4
MPV-GEN-T6-N60-R05,fast_brute_force,0,item-001,9,0,0,6,2,10
MPV-GEN-T6-N60-R05,fast_brute_force,0,item-002,0,0,4,3,8,2
MPV-GEN-T6-N60-R05,fast_brute_force,0,item-003,3,0,4,5,7,3
MPV-GEN-T6-N60-R05,fast_brute_force,0,item-004,0,0,7,7,9,9
MPV-GEN-T6-N60-R05,fast_brute_force,0,item-005,8,0,4,1,9,2
MPV-GEN-T6-N60-R05,fast_brute_force,0,item-006,0,8,0,8,10,5
MPV-GEN-T6-N60-R05,fast_brute_force,0,item-007,7,7,5,1,9,9
MPV-GEN-T6-N60-R05,fast_brute_force,0,item-008,7,2,7,10,1,8
MPV-GEN-T6-N60-R05,fast_brute_force,0,item-009,15,0,0,4,2,9
MPV-GEN-T6-N60-R05,fast_brute_force,0,item-010,0,9,5,2,10,7
MPV-GEN-T6-N60-R05,fast_brute_force,0,item-011,15,0,9,4,2,6
MPV-GEN-T6-N60-R05,fast_brute_force,0,item-012,7,0,15,9,2,10
MPV-GEN-T6-N60-R05,fast_brute_force,0,item-013,2,18,0,9,9,1
MPV-GEN-T6-N60-R05,fast_brute_force,0,item-014,7,3,7,9,1,6
MPV-GEN-T6-N60-R05,fast_brute_force,0,item-015,7,3,13,8,4,4
MPV-GEN-T6-N60-R05,fast_brute_force,0,item-016,7,4,7,4,3,6
MPV-GEN-T6-N60-R05,fast_brute_force,0,item-017,0,19,0,2,6,4
MPV-GEN-T6-N60-R05,fast_brute_force,0,item-018,0,25,0,1,5,7
MPV-GEN-T6-N60-R05,fast_brute_force,0,item-019,2,9,5,2,9,4
MPV-GEN-T6-N60-R05,fast_brute_force,0,item-020,4,9,5,3,5,5
MPV-GEN-T6-N60-R05,fast_brute_force,0,item-021,0,19,4,10,3,8
MPV-GEN-T6-N60-R05,fast_brute_force,0,item-022,7,2,15,7,1,6
MPV-GEN-T6-N60-R05,fast_brute_force,0,item-023,2,14,9,5,3,9
MPV-GEN-T6-N60-R05,fast_brute_force,0,item-024,7,16,5,8,3,4
MPV-GEN-T6-N60-R05,fast_brute_force,0,item-025,2,9,9,1,4,8
MPV-GEN-T6-N60-R05,fast_brute_force,0,item-026,0,0,16,6,9,9
MPV-GEN-T6-N60-R05,fast_brute_force,0,item-027,9,7,0,10,9,9
MPV-GEN-T6-N60-R05,fast_brute_force,0,item-028,0,9,12,2,9,9
MPV-GEN-T6-N60-R05,fast_brute_force,0,item-029,6,7,16,7,7,2
MPV-GEN-T6-N60-R05,fast_brute_force,0,item-030,8,7,9,8,7,7
MPV-GEN-T6-N60-R05,fast_brute_force,0,item-031,0,0,25,4,7,10
MPV-GEN-T6-N60-R05,fast_brute_force,0,item-032,6,3,18,7,8,4
MPV-GEN-T6-N60-R05,fast_brute_force,0,item-033,0,9,21,5,8,9
MPV-GEN-T6-N60-R05,fast_brute_force,0,item-034,16,3,0,6,4,1
MPV-GEN-T6-N60-R05,fast_brute_force,0,item-035,8,6,0,1,10,1
MPV-GEN-T6-N60-R05,fast_brute_force,0,item-036,4,0,25,8,8,9
MPV-GEN-T6-N60-R05,fast_brute_force,0,item-037,0,30,0,8,7,10
MPV-GEN-T6-N60-R05,fast_brute_force,0,item-038,2,17,9,6,2,8
MPV-GEN-T6-N60-R05,fast_brute_force,0,item-039,16,3,1,8,4,7
MPV-GEN-T6-N60-R05,fast_brute_force,0,item-040,2,22,1,8,8,4
MPV-GEN-T6-N60-R05,fast_brute_force,0,item-041,11,4,0,4,3,7
MPV-GEN-T6-N60-R05,fast_brute_force,0,item-042,0,37,0,10,9,7
MPV-GEN-T6-N60-R05,fast_brute_force,0,item-043,8,30,0,10,6,7
MPV-GEN-T6-N60-R05,fast_brute_force,0,item-044,0,8,5,6,1,2
MPV-GEN-T6-N60-R05,fast_brute_force,0,item-045,11,19,0,7,10,2
MPV-GEN-T6-N60-R05,fast_brute_force,0,item-046,15,2,0,1,5,5
MPV-GEN-T6-N60-R05,fast_brute_force,0,item-047,10,19,2,7,9,3
MPV-GEN-T6-N60-R05,fast_brute_force,0,item-048,0,7,30,4,5,7
MPV-GEN-T6-N60-R05,fast_brute_force,0,item-049,3,9,10,3,3,8
MPV-GEN-T6-N60-R05,fast_brute_force,0,item-050,0,0,35,10,6,10
MPV-GEN-T6-N60-R05,fast_brute_force,0,item-051,17,2,8,4,5,9
MPV-GEN-T6-N60-R05,fast_brute_force,0,item-052,15,3,13,2,4,6
MPV-GEN-T6-N60-R05,fast_brute_force,0,item-053,1,22,5,9,7,9
MPV-GEN-T6-N60-R05,fast_brute_force,0,item-054,8,14,9,9,4,8
MPV-GEN-T6-N60-R05,fast_brute_force,0,item-055,10,19,5,9,9,6
MPV-GEN-T6-N60-R05,fast_brute_force,0,item-056,11,4,7,3,3,5
MPV-GEN-T6-N60-R05,fast_brute_force,0,item-057,0,18,14,2,7,2
MPV-GEN-T6-N60-R05,fast_brute_force,0,item-058,17,7,9,4,9,8
MPV-GEN-T6-N60-R05,fast_brute_force,0,item-059,13,3,17,2,3,8
MPV-GEN-T6-N60-R06,fast_brute_force,0,item-000,0,0,0,10,8,4
MPV-GEN-T6-N60-R06,fast_brute_force,0,item-001,10,0,0,9,8,6
MPV-GEN-T6-N60-R06,fast_brute_force,0,item-002,0,0,4,7,6,8
MPV-GEN-T6-N60-R06,fast_brute_force,0,item-003,7,0,4,2,6,7
MPV-GEN-T6-N60-R06,fast_brute_force,0,item-004,0,6,4,7,4,2
MPV-GEN-T6-N60-R06,fast_brute_force,0,item-005,0,6,6,6,3,1
MPV-GEN-T6-N60-R06,fast_brute_force,0,item-006,19,0,0,6,1,4
MPV-GEN-T6-N60-R06,fast_brute_force,0,item-007,25,0,0,5,1,5
MPV-GEN-T6-N60-R06,fast_brute_force,0,item-008,7,6,4,2,9,10
MPV-GEN-T6-N60-R06,fast_brute_force,0,item-009,19,0,4,6,7,3
MPV-GEN-T6-N60-R06,fast_brute_force,0,item-010,0,10,0,7,8,1
MPV-GEN-T6-N60-R06,fast_brute_force,0,item-011,7,0,11,10,6,2
MPV-GEN-T6-N60-R06,fast_brute_force,0,item-012,6,6,6,1,5,4
MPV-GEN-T6-N60-R06,fast_brute_force,0,item-013,9,6,6,10,7,8
MPV-GEN-T6-N60-R06,fast_brute_force,0,item-014,17,0,7,10,5,10
MPV-GEN-T6-N60-R06,fast_brute_force,0,item-015,0,0,13,2,3,8
MPV-GEN-T6-N60-R06,fast_brute_force,0,item-016,0,11,1,7,9,10
MPV-GEN-T6-N60-R06,fast_brute_force,0,item-017,2,0,12,3,8,2
MPV-GEN-T6-N60-R06,fast_brute_force,0,item-018,9,0,6,2,6,4
MPV-GEN-T6-N60-R06,fast_brute_force,0,item-019,5,6,11,2,9,9
MPV-GEN-T6-N60-R06,fast_brute_force,0,item-020,17,5,6,2,1,6
MPV-GEN-T6-N60-R06,fast_brute_force,0,item-021,7,0,14,10,8,2
MPV-GEN-T6-N60-R06,fast_brute_force,0,item-022,0,8,11,5,9,6
MPV-GEN-T6-N60-R06,fast_brute_force,0,item-023,11,0,6,6,5,5
MPV-GEN-T6-N60-R06,fast_brute_force,0,item-024,2,0,14,2,7,7
MPV-GEN-T6-N60-R06,fast_brute_force,0,item-025,5,0,13,7,6,1
MPV-GEN-T6-N60-R06,fast_brute_force,0,item-026,0,7,17,5,10,5
MPV-GEN-T6-N60-R06,fast_brute_force,0,item-027,4,0,16,6,4,6
MPV-GEN-T6-N60-R06,fast_brute_force,0,item-028,0,0,22,10,6,6
MPV-GEN-T6-N60-R06,fast_brute_force,0,item-029,10,0,16,3,5,9
MPV-GEN-T6-N60-R06,fast_brute_force,0,item-030,7,5,16,9,9,6
MPV-GEN-T6-N60-R06,fast_brute_force,0,item-031,30,0,0,3,8,5
MPV-GEN-T6-N60-R06,fast_brute_force,0,item-032,13,0,17,7,5,8
MPV-GEN-T6-N60-R06,fast_brute_force,0,item-033,5,6,20,2,7,7
MPV-GEN-T6-N60-R06,fast_brute_force,0,item-034,0,6,7,2,1,3
MPV-GEN-T6-N60-R06,fast_brute_force,0,item-035,16,5,16,1,8,9
MPV-GEN-T6-N60-R06,fast_brute_force,0,item-036,7,6,22,7,4,4
MPV-GEN-T6-N60-R06,fast_brute_force,0,item-037,0,6,22,4,5,7
MPV-GEN-T6-N60-R06,fast_brute_force,0,item-038,0,11,22,5,10,10
MPV-GEN-T6-N60-R06,fast_brute_force,0,item-039,0,6,10,2,2,1
MPV-GEN-T6-N60-R06,fast_brute_force,0,item-040,4,6,27,7,4,1
MPV-GEN-T6-N60-R06,fast_brute_force,0,item-041,2,6,7,4,4,4
MPV-GEN-T6-N60-R06,fast_brute_force,0,item-042,10,0,25,7,6,2
MPV-GEN-T6-N60-R06,fast_brute_force,0,item-043,27,1,0,3,8,1
MPV-GEN-T6-N60-R06,fast_brute_force,0,item-044,5,13,20,1,9,9
MPV-GEN-T6-N60-R06,fast_brute_force,0,item-045,0,0,12,2,8,1
MPV-GEN-T6-N60-R06,fast_brute_force,0,item-046,0,3,13,2,4,4
MPV-GEN-T6-N60-R06,fast_brute_force,0,item-047,27,1,1,3,4,9
MPV-GEN-T6-N60-R06,fast_brute_force,0,item-048,5,10,27,4,3,5
MPV-GEN-T6-N60-R06,fast_brute_force,0,item-049,0,0,29,2,2,9
MPV-GEN-T6-N60-R06,fast_brute_force,0,item-050,0,21,0,5,10,3
MPV-GEN-T6-N60-R06,fast_brute_force,0,item-051,27,0,5,10,1,7
MPV-GEN-T6-N60-R06,fast_brute_force,0,item-052,2,0,29,3,10,5
MPV-GEN-T6-N60-R06,fast_brute_force,0,item-053,10,0,27,6,4,9
MPV-GEN-T6-N60-R06,fast_brute_force,0,item-054,5,4,28,8,4,9
MPV-GEN-T6-N60-R06,fast_brute_force,0,item-055,4,4,14,2,2,8
MPV-GEN-T6-N60-R06,fast_brute_force,0,item-056,6,4,16,4,1,6
MPV-GEN-T6-N60-R06,fast_brute_force,0,item-057,0,21,3,5,10,6
MPV-GEN-T6-N60-R06,fast_brute_force,0,item-058,19,7,1,10,7,6
MPV-GEN-T6-N60-R06,fast_brute_force,0,item-059,9,13,0,10,7,9
MPV-GEN-T6-N60-R07,fast_brute_force,0,item-000,0,0,0,10,9,7
MPV-GEN-T6-N60-R07,fast_brute_force,0,item-001,10,0,0,3,5,1
MPV-GEN-T6-N60-R07,fast_brute_force,0,item-002,10,5,0,10,5,5
MPV-GEN-T6-N60-R07,fast_brute_force,0,item-003,13,0,0,10,4,4
MPV-GEN-T6-N60-R07,fast_brute_force,0,item-004,0,9,0,6,8,2
MPV-GEN-T6-N60-R07,fast_brute_force,0,item-005,6,9,0,2,8,1
MPV-GEN-T6-N60-R07,fast_brute_force,0,item-006,13,4,0,5,1,2
MPV-GEN-T6-N60-R07,fast_brute_force,0,item-007,0,9,2,10,6,2
MPV-GEN-T6-N60-R07,fast_brute_force,0,item-008,0,9,4,5,6,3
MPV-GEN-T6-N60-R07,fast_brute_force,0,item-009,5,9,4,1,9,8
MPV-GEN-T6-N60-R07,fast_brute_force,0,item-010,6,9,4,3,7,6
MPV-GEN-T6-N60-R07,fast_brute_force,0,item-011,10,0,4,7,3,9
MPV-GEN-T6-N60-R07,fast_brute_force,0,item-012,0,0,7,2,7,9
MPV-GEN-T6-N60-R07,fast_brute_force,0,item-013,2,0,7,2,6,2
MPV-GEN-T6-N60-R07,fast_brute_force,0,item-014,20,4,0,10,10,3
MPV-GEN-T6-N60-R07,fast_brute_force,0,item-015,2,0,9,7,9,3
MPV-GEN-T6-N60-R07,fast_brute_force,0,item-016,2,0,12,7,6,5
MPV-GEN-T6-N60-R07,fast_brute_force,0,item-017,18,4,0,1,1,1
MPV-GEN-T6-N60-R07,fast_brute_force,0,item-018,0,7,7,2,6,8
MPV-GEN-T6-N60-R07,fast_brute_force,0,item-019,2,9,7,3,10,5
MPV-GEN-T6-N60-R07,fast_brute_force,0,item-020,10,10,0,10,8,8
MPV-GEN-T6-N60-R07,fast_brute_force,0,item-021,17,0,5,9,10,9
MPV-GEN-T6-N60-R07,fast_brute_force,0,item-022,6,17,0,4,8,9
MPV-GEN-T6-N60-R07,fast_brute_force,0,item-023,9,3,7,6,6,4
MPV-GEN-T6-N60-R07,fast_brute_force,0,item-024,6,9,10,9,10,7
MPV-GEN-T6-N60-R07,fast_brute_force,0,item-025,18,4,1,2,1,3
MPV-GEN-T6-N60-R07,fast_brute_force,0,item-026,2,6,12,3,10,4
MPV-GEN-T6-N60-R07,fast_brute_force,0,item-027,0,17,0,5,10,4
MPV-GEN-T6-N60-R07,fast_brute_force,0,item-028,5,19,0,1,10,4
MPV-GEN-T6-N60-R07,fast_brute_force,0,item-029,5,6,12,8,2,3
MPV-GEN-T6-N60-R07,fast_brute_force,0,item-030,9,3,11,7,2,4
MPV-GEN-T6-N60-R07,fast_brute_force,0,item-031,5,8,12,1,10,1
MPV-GEN-T6-N60-R07,fast_brute_force,0,item-032,9,0,13,6,3,3
MPV-GEN-T6-N60-R07,fast_brute_force,0,item-033,15,0,14,6,3,4
MPV-GEN-T6-N60-R07,fast_brute_force,0,item-034,16,3,5,1,5,6
MPV-GEN-T6-N60-R07,fast_brute_force,0,item-035,0,27,0,4,9,8
MPV-GEN-T6-N60-R07,fast_brute_force,0,item-036,0,0,17,7,9,8
MPV-GEN-T6-N60-R07,fast_brute_force,0,item-037,26,0,0,9,4,3
MPV-GEN-T6-N60-R07,fast_brute_force,0,item-038,9,9,4,1,7,3
MPV-GEN-T6-N60-R07,fast_brute_force,0,item-039,7,0,17,7,9,8
MPV-GEN-T6-N60-R07,fast_brute_force,0,item-040,26,0,3,7,3,7
MPV-GEN-T6-N60-R07,fast_brute_force,0,item-041,10,3,5,5,6,2
MPV-GEN-T6-N60-R07,fast_brute_force,0,item-042,0,16,12,3,10,6
MPV-GEN-T6-N60-R07,fast_brute_force,0,item-043,14,5,11,3,3,8
MPV-GEN-T6-N60-R07,fast_brute_force,0,item-044,0,9,16,5,6,5
MPV-GEN-T6-N60-R07,fast_brute_force,0,item-045,0,36,0,8,7,9
MPV-GEN-T6-N60-R07,fast_brute_force,0,item-046,16,3,14,10,2,2
MPV-GEN-T6-N60-R07,fast_brute_force,0,item-047,0,26,8,8,10,4
MPV-GEN-T6-N60-R07,fast_brute_force,0,item-048,23,0,0,3,4,4
MPV-GEN-T6-N60-R07,fast_brute_force,0,item-049,8,25,0,10,10,9
MPV-GEN-T6-N60-R07,fast_brute_force,0,item-050,21,0,14,9,3,5
MPV-GEN-T6-N60-R07,fast_brute_force,0,item-051,15,10,8,7,10,6
MPV-GEN-T6-N60-R07,fast_brute_force,0,item-052,0,15,4,5,9,3
MPV-GEN-T6-N60-R07,fast_brute_force,0,item-053,6,25,0,2,10,2
MPV-GEN-T6-N60-R07,fast_brute_force,0,item-054,14,0,18,6,3,9
MPV-GEN-T6-N60-R07,fast_brute_force,0,item-055,3,19,9,6,2,9
MPV-GEN-T6-N60-R07,fast_brute_force,0,item-056,6,25,2,2,10,4
MPV-GEN-T6-N60-R07,fast_brute_force,0,item-057,5,9,17,7,10,3
MPV-GEN-T6-N60-R07,fast_brute_force,0,item-058,10,19,0,5,6,5
MPV-GEN-T6-N60-R07,fast_brute_force,0,item-059,15,20,0,9,4,7
MPV-GEN-T6-N60-R08,fast_brute_force,0,item-000,0,0,0,1,1,9
MPV-GEN-T6-N60-R08,fast_brute_force,0,item-001,1,0,0,6,1,5
MPV-GEN-T6-N60-R08,fast_brute_force,0,item-002,7,0,0,4,1,1
MPV-GEN-T6-N60-R08,fast_brute_force,0,item-003,11,0,0,7,1,8
MPV-GEN-T6-N60-R08,fast_brute_force,0,item-004,7,0,1,4,1,5
MPV-GEN-T6-N60-R08,fast_brute_force,0,item-005,1,0,6,7,2,2
MPV-GEN-T6-N60-R08,fast_brute_force,0,item-006,8,0,6,3,2,1
MPV-GEN-T6-N60-R08,fast_brute_force,0,item-007,1,0,8,4,8,8
MPV-GEN-T6-N60-R08,fast_brute_force,0,item-008,18,0,0,9,2,5
MPV-GEN-T6-N60-R08,fast_brute_force,0,item-009,8,0,7,3,2,10
MPV-GEN-T6-N60-R08,fast_brute_force,0,item-010,27,0,0,10,5,10
MPV-GEN-T6-N60-R08,fast_brute_force,0,item-011,5,0,8,3,7,5
MPV-GEN-T6-N60-R08,fast_brute_force,0,item-012,5,0,13,2,8,3
MPV-GEN-T6-N60-R08,fast_brute_force,0,item-013,11,1,0,3,4,9
MPV-GEN-T6-N60-R08,fast_brute_force,0,item-014,0,1,0,1,6,5
MPV-GEN-T6-N60-R08,fast_brute_force,0,item-015,0,7,0,1,8,7
MPV-GEN-T6-N60-R08,fast_brute_force,0,item-016,14,2,0,10,2,9
MPV-GEN-T6-N60-R08,fast_brute_force,0,item-017,24,2,0,2,5,9
MPV-GEN-T6-N60-R08,fast_brute_force,0,item-018,26,2,0,1,7,3
MPV-GEN-T6-N60-R08,fast_brute_force,0,item-019,0,1,5,1,2,2
MPV-GEN-T6-N60-R08,fast_brute_force,0,item-020,14,4,0,9,4,9
MPV-GEN-T6-N60-R08,fast_brute_force,0,item-021,5,7,0,9,3,5
MPV-GEN-T6-N60-R08,fast_brute_force,0,item-022,23,7,0,2,6,9
MPV-GEN-T6-N60-R08,fast_brute_force,0,item-023,7,7,5,7,8,10
MPV-GEN-T6-N60-R08,fast_brute_force,0,item-024,8,2,0,3,4,10
MPV-GEN-T6-N60-R08,fast_brute_force,0,item-025,8,2,10,8,3,6
MPV-GEN-T6-N60-R08,fast_brute_force,0,item-026,1,8,0,2,9,10
MPV-GEN-T6-N60-R08,fast_brute_force,0,item-027,0,1,7,1,5,1
MPV-GEN-T6-N60-R08,fast_brute_force,0,item-028,11,0,9,9,7,1
MPV-GEN-T6-N60-R08,fast_brute_force,0,item-029,3,8,0,2,10,10
MPV-GEN-T6-N60-R08,fast_brute_force,0,item-030,1,5,0,6,2,3
MPV-GEN-T6-N60-R08,fast_brute_force,0,item-031,11,0,10,8,1,8
MPV-GEN-T6-N60-R08,fast_brute_force,0,item-032,0,8,10,4,10,7
MPV-GEN-T6-N60-R08,fast_brute_force,0,item-033,20,0,5,3,2,10
MPV-GEN-T6-N60-R08,fast_brute_force,0,item-034,8,5,10,9,2,8
MPV-GEN-T6-N60-R08,fast_brute_force,0,item-035,20,2,9,6,9,4
MPV-GEN-T6-N60-R08,fast_brute_force,0,item-036,1,1,3,6,5,1
MPV-GEN-T6-N60-R08,fast_brute_force,0,item-037,0,0,17,5,2,8
MPV-GEN-T6-N60-R08,fast_brute_force,0,item-038,5,10,0,10,5,5
MPV-GEN-T6-N60-R08,fast_brute_force,0,item-039,14,11,5,9,7,2
MPV-GEN-T6-N60-R08,fast_brute_force,0,item-040,7,6,0,6,1,6
MPV-GEN-T6-N60-R08,fast_brute_force,0,item-041,14,8,7,5,9,9
MPV-GEN-T6-N60-R08,fast_brute_force,0,item-042,17,1,15,10,7,1
MPV-GEN-T6-N60-R08,fast_brute_force,0,item-043,17,1,16,6,7,2
MPV-GEN-T6-N60-R08,fast_brute_force,0,item-044,0,2,16,8,4,2
MPV-GEN-T6-N60-R08,fast_brute_force,0,item-045,8,0,17,3,5,8
MPV-GEN-T6-N60-R08,fast_brute_force,0,item-046,7,5,0,1,1,1
MPV-GEN-T6-N60-R08,fast_brute_force,0,item-047,19,11,7,4,7,8
MPV-GEN-T6-N60-R08,fast_brute_force,0,item-048,0,3,5,1,4,2
MPV-GEN-T6-N60-R08,fast_brute_force,0,item-049,7,7,15,7,9,2
MPV-GEN-T6-N60-R08,fast_brute_force,0,item-050,0,6,17,4,7,8
MPV-GEN-T6-N60-R08,fast_brute_force,0,item-051,17,1,10,3,6,4
MPV-GEN-T6-N60-R08,fast_brute_force,0,item-052,15,8,0,6,5,4
MPV-GEN-T6-N60-R08,fast_brute_force,0,item-053,5,16,0,9,7,4
MPV-GEN-T6-N60-R08,fast_brute_force,0,item-054,14,8,5,5,3,2
MPV-GEN-T6-N60-R08,fast_brute_force,0,item-055,7,1,1,1,5,1
MPV-GEN-T6-N60-R08,fast_brute_force,0,item-056,0,15,0,1,10,5
MPV-GEN-T6-N60-R08,fast_brute_force,0,item-057,21,8,0,2,3,7
MPV-GEN-T6-N60-R08,fast_brute_force,0,item-058,5,16,4,9,6,3
MPV-GEN-T6-N60-R08,fast_brute_force,0,item-059,5,16,7,7,8,8
MPV-GEN-T6-N60-R09,fast_brute_force,0,item-000,0,0,0,1,4,2
MPV-GEN-T6-N60-R09,fast_brute_force,0,item-001,0,4,0,8,8,10
MPV-GEN-T6-N60-R09,fast_brute_force,0,item-002,0,12,0,7,10,8
MPV-GEN-T6-N60-R09,fast_brute_force,0,item-003,0,22,0,5,9,3
MPV-GEN-T6-N60-R09,fast_brute_force,0,item-004,0,31,0,5,5,5
MPV-GEN-T6-N60-R09,fast_brute_force,0,item-005,0,22,3,1,5,10
MPV-GEN-T6-N60-R09,fast_brute_force,0,item-006,1,0,0,2,4,9
MPV-GEN-T6-N60-R09,fast_brute_force,0,item-007,0,0,2,1,3,5
MPV-GEN-T6-N60-R09,fast_brute_force,0,item-008,3,0,0,2,1,8
MPV-GEN-T6-N60-R09,fast_brute_force,0,item-009,5,0,0,6,4,5
MPV-GEN-T6-N60-R09,fast_brute_force,0,item-010,5,0,5,6,4,5
MPV-GEN-T6-N60-R09,fast_brute_force,0,item-011,0,0,10,10,2,2
MPV-GEN-T6-N60-R09,fast_brute_force,0,item-012,0,12,8,3,10,8
MPV-GEN-T6-N60-R09,fast_brute_force,0,item-013,0,27,3,5,3,3
MPV-GEN-T6-N60-R09,fast_brute_force,0,item-014,0,3,2,1,1,10
MPV-GEN-T6-N60-R09,fast_brute_force,0,item-015,0,4,10,6,6,2
MPV-GEN-T6-N60-R09,fast_brute_force,0,item-016,0,0,12,2,7,4
MPV-GEN-T6-N60-R09,fast_brute_force,0,item-017,2,0,12,2,8,6
MPV-GEN-T6-N60-R09,fast_brute_force,0,item-018,0,0,16,1,7,7
MPV-GEN-T6-N60-R09,fast_brute_force,0,item-019,3,1,0,2,3,6
MPV-GEN-T6-N60-R09,fast_brute_force,0,item-020,0,30,3,7,1,9
MPV-GEN-T6-N60-R09,fast_brute_force,0,item-021,1,22,3,8,5,10
MPV-GEN-T6-N60-R09,fast_brute_force,0,item-022,0,0,7,1,3,2
MPV-GEN-T6-N60-R09,fast_brute_force,0,item-023,4,2,10,9,1,7
MPV-GEN-T6-N60-R09,fast_brute_force,0,item-024,7,12,0,10,9,2
MPV-GEN-T6-N60-R09,fast_brute_force,0,item-025,8,4,0,5,6,8
MPV-GEN-T6-N60-R09,fast_brute_force,0,item-026,7,12,2,10,9,7
MPV-GEN-T6-N60-R09,fast_brute_force,0,item-027,7,21,0,8,1,7
MPV-GEN-T6-N60-R09,fast_brute_force,0,item-028,7,21,7,8,1,7
MPV-GEN-T6-N60-R09,fast_brute_force,0,item-029,8,4,8,7,7,4
MPV-GEN-T6-N60-R09,fast_brute_force,0,item-030,3,12,8,4,5,1
MPV-GEN-T6-N60-R09,fast_brute_force,0,item-031,5,27,0,6,3,2
MPV-GEN-T6-N60-R09,fast_brute_force,0,item-032,3,12,9,3,8,2
MPV-GEN-T6-N60-R09,fast_brute_force,0,item-033,6,12,9,9,8,9
MPV-GEN-T6-N60-R09,fast_brute_force,0,item-034,0,8,16,6,6,1
MPV-GEN-T6-N60-R09,fast_brute_force,0,item-035,6,3,12,7,8,3
MPV-GEN-T6-N60-R09,fast_brute_force,0,item-036,0,10,10,6,2,5
MPV-GEN-T6-N60-R09,fast_brute_force,0,item-037,3,12,11,2,9,4
MPV-GEN-T6-N60-R09,fast_brute_force,0,item-038,13,0,0,8,4,8
MPV-GEN-T6-N60-R09,fast_brute_force,0,item-039,3,21,13,4,4,9
MPV-GEN-T6-N60-R09,fast_brute_force,0,item-040,0,8,17,6,10,2
MPV-GEN-T6-N60-R09,fast_brute_force,0,item-041,6,3,15,6,9,7
MPV-GEN-T6-N60-R09,fast_brute_force,0,item-042,0,18,16,6,3,5
MPV-GEN-T6-N60-R09,fast_brute_force,0,item-043,15,0,8,8,10,7
MPV-GEN-T6-N60-R09,fast_brute_force,0,item-044,11,0,0,2,3,8
MPV-GEN-T6-N60-R09,fast_brute_force,0,item-045,9,22,0,7,4,6
MPV-GEN-T6-N60-R09,fast_brute_force,0,item-046,13,0,12,1,9,9
MPV-GEN-T6-N60-R09,fast_brute_force,0,item-047,4,0,12,9,1,3
MPV-GEN-T6-N60-R09,fast_brute_force,0,item-048,1,0,18,10,3,1
MPV-GEN-T6-N60-R09,fast_brute_force,0,item-049,1,3,18,5,5,2
MPV-GEN-T6-N60-R09,fast_brute_force,0,item-050,1,0,19,8,2,10
MPV-GEN-T6-N60-R09,fast_brute_force,0,item-051,12,9,15,10,3,1
MPV-GEN-T6-N60-R09,fast_brute_force,0,item-052,4,0,15,8,2,2
MPV-GEN-T6-N60-R09,fast_brute_force,0,item-053,0,8,19,5,3,5
MPV-GEN-T6-N60-R09,fast_brute_force,0,item-054,1,2,20,5,4,2
MPV-GEN-T6-N60-R09,fast_brute_force,0,item-055,0,11,19,5,7,2
MPV-GEN-T6-N60-R09,fast_brute_force,0,item-056,14,0,15,9,9,3
MPV-GEN-T6-N60-R09,fast_brute_force,0,item-057,5,22,0,4,5,2
MPV-GEN-T6-N60-R09,fast_brute_force,0,item-058,1,2,22,4,5,2
MPV-GEN-T6-N60-R09,fast_brute_force,0,item-059,0,11,21,6,3,6
MPV-GEN-T6-N60-R10,fast_brute_force,0,item-000,0,0,0,2,6,2
MPV-GEN-T6-N60-R10,fast_brute_force,0,item-001,0,6,0,3,4,4
MPV-GEN-T6-N60-R10,fast_brute_force,0,item-002,2,0,0,1,6,4
MPV-GEN-T6-N60-R10,fast_brute_force,0,item-003,0,10,0,4,8,7
MPV-GEN-T6-N60-R10,fast_brute_force,0,item-004,3,0,0,3,10,8
MPV-GEN-T6-N60-R10,fast_brute_force,0,item-005,0,18,0,8,9,1
MPV-GEN-T6-N60-R10,fast_brute_force,0,item-006,0,0,2,2,5,10
MPV-GEN-T6-N60-R10,fast_brute_force,0,item-007,4,10,0,5,5,3
MPV-GEN-T6-N60-R10,fast_brute_force,0,item-008,6,0,0,6,7,10
MPV-GEN-T6-N60-R10,fast_brute_force,0,item-009,0,27,0,10,7,7
MPV-GEN-T6-N60-R10,fast_brute_force,0,item-010,2,0,4,1,10,9
MPV-GEN-T6-N60-R10,fast_brute_force,0,item-011,0,18,1,6,6,6
MPV-GEN-T6-N60-R10,fast_brute_force,0,item-012,0,10,7,3,1,2
MPV-GEN-T6-N60-R10,fast_brute_force,0,item-013,6,7,0,6,1,10
MPV-GEN-T6-N60-R10,fast_brute_force,0,item-014,0,5,4,2,5,2
MPV-GEN-T6-N60-R10,fast_brute_force,0,item-015,4,15,0,10,3,6
MPV-GEN-T6-N60-R10,fast_brute_force,0,item-016,3,0,8,3,3,8
MPV-GEN-T6-N60-R10,fast_brute_force,0,item-017,3,3,8,3,10,4
MPV-GEN-T6-N60-R10,fast_brute_force,0,item-018,0,5,9,2,8,2
MPV-GEN-T6-N60-R10,fast_brute_force,0,item-019,0,5,6,2,3,3
MPV-GEN-T6-N60-R10,fast_brute_force,0,item-020,9,8,0,6,7,2
MPV-GEN-T6-N60-R10,fast_brute_force,0,item-021,12,0,0,8,8,6
MPV-GEN-T6-N60-R10,fast_brute_force,0,item-022,6,8,2,9,1,2
MPV-GEN-T6-N60-R10,fast_brute_force,0,item-023,6,9,2,10,1,5
MPV-GEN-T6-N60-R10,fast_brute_force,0,item-024,0,24,1,4,3,5
MPV-GEN-T6-N60-R10,fast_brute_force,0,item-025,2,11,7,1,8,1
MPV-GEN-T6-N60-R10,fast_brute_force,0,item-026,12,0,6,9,8,5
MPV-GEN-T6-N60-R10,fast_brute_force,0,item-027,6,0,10,4,6,4
MPV-GEN-T6-N60-R10,fast_brute_force,0,item-028,6,6,10,6,8,6
MPV-GEN-T6-N60-R10,fast_brute_force,0,item-029,4,13,6,1,5,1
MPV-GEN-T6-N60-R10,fast_brute_force,0,item-030,3,13,7,3,7,2
MPV-GEN-T6-N60-R10,fast_brute_force,0,item-031,6,14,6,5,4,9
MPV-GEN-T6-N60-R10,fast_brute_force,0,item-032,10,0,10,1,5,6
MPV-GEN-T6-N60-R10,fast_brute_force,0,item-033,0,13,9,4,7,5
MPV-GEN-T6-N60-R10,fast_brute_force,0,item-034,0,10,12,4,3,3
MPV-GEN-T6-N60-R10,fast_brute_force,0,item-035,8,18,0,9,8,1
MPV-GEN-T6-N60-R10,fast_brute_force,0,item-036,0,3,13,5,6,10
MPV-GEN-T6-N60-R10,fast_brute_force,0,item-037,0,13,14,6,7,1
MPV-GEN-T6-N60-R10,fast_brute_force,0,item-038,14,15,0,5,2,10
MPV-GEN-T6-N60-R10,fast_brute_force,0,item-039,4,10,3,8,2,3
MPV-GEN-T6-N60-R10,fast_brute_force,0,item-040,0,9,15,5,8,9
MPV-GEN-T6-N60-R10,fast_brute_force,0,item-041,9,12,2,6,2,4
MPV-GEN-T6-N60-R10,fast_brute_force,0,item-042,0,20,7,3,8,10
MPV-GEN-T6-N60-R10,fast_brute_force,0,item-043,6,10,6,9,4,3
MPV-GEN-T6-N60-R10,fast_brute_force,0,item-044,15,8,0,7,1,5
MPV-GEN-T6-N60-R10,fast_brute_force,0,item-045,12,8,7,2,2,5
MPV-GEN-T6-N60-R10,fast_brute_force,0,item-046,21,0,0,10,8,8
MPV-GEN-T6-N60-R10,fast_brute_force,0,item-047,12,0,11,5,8,9
MPV-GEN-T6-N60-R10,fast_brute_force,0,item-048,0,0,16,8,3,9
MPV-GEN-T6-N60-R10,fast_brute_force,0,item-049,8,0,16,4,4,3
MPV-GEN-T6-N60-R10,fast_brute_force,0,item-050,11,14,6,3,4,3
MPV-GEN-T6-N60-R10,fast_brute_force,0,item-051,14,8,5,6,1,9
MPV-GEN-T6-N60-R10,fast_brute_force,0,item-052,17,0,11,9,8,1
MPV-GEN-T6-N60-R10,fast_brute_force,0,item-053,12,10,9,2,10,7
MPV-GEN-T6-N60-R10,fast_brute_force,0,item-054,0,17,15,4,2,5
MPV-GEN-T6-N60-R10,fast_brute_force,0,item-055,4,18,9,8,10,4
MPV-GEN-T6-N60-R10,fast_brute_force,0,item-056,17,0,12,10,7,4
MPV-GEN-T6-N60-R10,fast_brute_force,0,item-057,5,14,15,7,8,6
MPV-GEN-T6-N60-R10,fast_brute_force,0,item-058,15,10,0,10,5,10
MPV-GEN-T6-N60-R10,fast_brute_force,0,item-059,6,18,1,6,9,5
MPV-GEN-T6-N90-R01,fast_brute_force,0,item-000,0,0,0,6,5,5
MPV-GEN-T6-N90-R01,fast_brute_force,0,item-001,6,0,0,5,1,9
MPV-GEN-T6-N90-R01,fast_brute_force,0,item-002,0,0,5,4,9,5
MPV-GEN-T6-N90-R01,fast_brute_force,0,item-003,11,0,0,6,2,2
MPV-GEN-T6-N90-R01,fast_brute_force,0,item-004,17,0,0,10,6,2
MPV-GEN-T6-N90-R01,fast_brute_force,0,item-005,6,2,0,8,4,5
MPV-GEN-T6-N90-R01,fast_brute_force,0,item-006,14,2,0,3,7,4
MPV-GEN-T6-N90-R01,fast_brute_force,0,item-007,4,6,0,4,8,8
MPV-GEN-T6-N90-R01,fast_brute_force,0,item-008,0,9,0,3,10,3
MPV-GEN-T6-N90-R01,fast_brute_force,0,item-009,4,0,5,1,3,8
MPV-GEN-T6-N90-R01,fast_brute_force,0,item-010,6,1,2,9,1,2
MPV-GEN-T6-N90-R01,fast_brute_force,0,item-011,11,0,2,7,1,1
MPV-GEN-T6-N90-R01,fast_brute_force,0,item-012,27,0,0,8,7,3
MPV-GEN-T6-N90-R01,fast_brute_force,0,item-013,8,6,0,6,6,10
MPV-GEN-T6-N90-R01,fast_brute_force,0,item-014,11,0,5,6,6,9
MPV-GEN-T6-N90-R01,fast_brute_force,0,item-015,3,9,0,1,7,3
MPV-GEN-T6-N90-R01,fast_brute_force,0,item-016,18,0,2,9,10,9
MPV-GEN-T6-N90-R01,fast_brute_force,0,item-017,5,0,5,1,3,3
MPV-GEN-T6-N90-R01,fast_brute_force,0,item-018,0,9,8,8,2,6
MPV-GEN-T6-N90-R01,fast_brute_force,0,item-019,8,6,10,9,10,3
MPV-GEN-T6-N90-R01,fast_brute_force,0,item-020,0,3,10,8,6,10
MPV-GEN-T6-N90-R01,fast_brute_force,0,item-021,0,0,13,9,2,7
MPV-GEN-T6-N90-R01,fast_brute_force,0,item-022,0,14,3,6,10,9
MPV-GEN-T6-N90-R01,fast_brute_force,0,item-023,9,1,5,2,4,10
MPV-GEN-T6-N90-R01,fast_brute_force,0,item-024,17,6,0,1,8,7
MPV-GEN-T6-N90-R01,fast_brute_force,0,item-025,0,11,8,8,3,1
MPV-GEN-T6-N90-R01,fast_brute_force,0,item-026,0,11,9,7,2,4
MPV-GEN-T6-N90-R01,fast_brute_force,0,item-027,8,12,0,9,8,10
MPV-GEN-T6-N90-R01,fast_brute_force,0,item-028,0,13,12,7,8,6
MPV-GEN-T6-N90-R01,fast_brute_force,0,item-029,0,9,14,6,4,3
MPV-GEN-T6-N90-R01,fast_brute_force,0,item-030,7,14,0,1,8,8
MPV-GEN-T6-N90-R01,fast_brute_force,0,item-031,14,0,4,1,10,1
MPV-GEN-T6-N90-R01,fast_brute_force,0,item-032,8,6,13,8,3,9
MPV-GEN-T6-N90-R01,fast_brute_force,0,item-033,0,0,20,4,3,10
MPV-GEN-T6-N90-R01,fast_brute_force,0,item-034,9,0,14,9,1,10
MPV-GEN-T6-N90-R01,fast_brute_force,0,item-035,0,3,20,6,3,2
MPV-GEN-T6-N90-R01,fast_brute_force,0,item-036,4,0,22,5,9,6
MPV-GEN-T6-N90-R01,fast_brute_force,0,item-037,4,14,0,3,10,3
MPV-GEN-T6-N90-R01,fast_brute_force,0,item-038,17,1,2,1,1,9
MPV-GEN-T6-N90-R01,fast_brute_force,0,item-039,35,0,0,7,9,4
MPV-GEN-T6-N90-R01,fast_brute_force,0,item-040,11,1,14,7,5,5
MPV-GEN-T6-N90-R01,fast_brute_force,0,item-041,27,7,0,7,8,8
MPV-GEN-T6-N90-R01,fast_brute_force,0,item-042,6,21,3,1,8,6
MPV-GEN-T6-N90-R01,fast_brute_force,0,item-043,27,0,3,7,5,10
MPV-GEN-T6-N90-R01,fast_brute_force,0,item-044,18,10,0,9,10,5
MPV-GEN-T6-N90-R01,fast_brute_force,0,item-045,0,9,3,4,5,5
MPV-GEN-T6-N90-R01,fast_brute_force,0,item-046,0,24,0,6,8,10
MPV-GEN-T6-N90-R01,fast_brute_force,0,item-047,18,10,5,8,8,6
MPV-GEN-T6-N90-R01,fast_brute_force,0,item-048,27,5,3,5,2,10
MPV-GEN-T6-N90-R01,fast_brute_force,0,item-049,32,5,4,10,2,7
MPV-GEN-T6-N90-R01,fast_brute_force,0,item-050,8,1,5,1,5,7
MPV-GEN-T6-N90-R01,fast_brute_force,0,item-051,6,1,5,1,2,8
MPV-GEN-T6-N90-R01,fast_brute_force,0,item-052,18,6,0,7,3,1
MPV-GEN-T6-N90-R01,fast_brute_force,0,item-053,18,0,11,6,10,6
MPV-GEN-T6-N90-R01,fast_brute_force,0,item-054,7,2,12,2,1,9
MPV-GEN-T6-N90-R01,fast_brute_force,0,item-055,6,9,14,10,2,9
MPV-GEN-T6-N90-R01,fast_brute_force,0,item-056,7,16,10,8,10,6
MPV-GEN-T6-N90-R01,fast_brute_force,0,item-057,14,6,5,3,6,3
MPV-GEN-T6-N90-R01,fast_brute_force,0,item-058,0,9,17,5,2,7
MPV-GEN-T6-N90-R01,fast_brute_force,0,item-059,17,2,2,1,4,1
MPV-GEN-T6-N90-R01,fast_brute_force,0,item-060,9,1,22,9,7,7
MPV-GEN-T6-N90-R01,fast_brute_force,0,item-061,16,8,13,2,7,2
MPV-GEN-T6-N90-R01,fast_brute_force,0,item-062,6,11,13,10,1,1
MPV-GEN-T6-N90-R01,fast_brute_force,0,item-063,6,21,9,1,8,5
MPV-GEN-T6-N90-R01,fast_brute_force,0,item-064,6,11,14,10,2,1
MPV-GEN-T6-N90-R01,fast_brute_force,0,item-065,15,16,10,3,9,1
MPV-GEN-T6-N90-R01,fast_brute_force,0,item-066,7,13,13,5,3,4
MPV-GEN-T6-N90-R01,fast_brute_force,0,item-067,34,0,4,9,3,6
MPV-GEN-T6-N90-R01,fast_brute_force,0,item-068,6,11,15,9,1,3
MPV-GEN-T6-N90-R01,fast_brute_force,0,item-069,34,3,4,10,2,2
MPV-GEN-T6-N90-R01,fast_brute_force,0,item-070,34,0,10,9,4,6
MPV-GEN-T6-N90-R01,fast_brute_force,0,item-071,15,16,11,3,7,3
MPV-GEN-T6-N90-R01,fast_brute_force,0,item-072,7,1,4,1,1,2
MPV-GEN-T6-N90-R01,fast_brute_force,0,item-073,0,3,28,9,9,4
MPV-GEN-T6-N90-R01,fast_brute_force,0,item-074,14,9,0,2,3,4
MPV-GEN-T6-N90-R01,fast_brute_force,0,item-075,0,6,20,8,2,2
MPV-GEN-T6-N90-R01,fast_brute_force,0,item-076,0,24,10,4,9,7
MPV-GEN-T6-N90-R01,fast_brute_force,0,item-077,12,12,15,6,4,6
MPV-GEN-T6-N90-R01,fast_brute_force,0,item-078,16,8,15,2,4,4
MPV-GEN-T6-N90-R01,fast_brute_force,0,item-079,7,2,5,1,1,6
MPV-GEN-T6-N90-R01,fast_brute_force,0,item-080,16,1,19,10,10,3
MPV-GEN-T6-N90-R01,fast_brute_force,0,item-081,24,0,13,9,10,3
MPV-GEN-T6-N90-R01,fast_brute_force,0,item-082,17,2,7,1,6,4
MPV-GEN-T6-N90-R01,fast_brute_force,0,item-083,8,3,15,2,3,7
MPV-GEN-T6-N90-R01,fast_brute_force,0,item-084,0,8,20,4,1,8
MPV-GEN-T6-N90-R01,fast_brute_force,0,item-085,26,0,16,7,9,10
MPV-GEN-T6-N90-R01,fast_brute_force,0,item-086,16,8,22,10,9,8
MPV-GEN-T6-N90-R01,fast_brute_force,0,item-087,4,3,5,3,2,4
MPV-GEN-T6-N90-R01,fast_brute_force,0,item-088,0,12,17,9,1,9
MPV-GEN-T6-N90-R01,fast_brute_force,0,item-089,18,0,22,7,5,6
MPV-GEN-T6-N90-R02,fast_brute_force,0,item-000,0,0,0,7,7,7
MPV-GEN-T6-N90-R02,fast_brute_force,0,item-001,7,0,0,8,7,3
MPV-GEN-T6-N90-R02,fast_brute_force,0,item-002,15,0,0,8,7,1
MPV-GEN-T6-N90-R02,fast_brute_force,0,item-003,23,0,0,3,1,6
MPV-GEN-T6-N90-R02,fast_brute_force,0,item-004,15,0,1,8,1,3
MPV-GEN-T6-N90-R02,fast_brute_force,0,item-005,15,1,1,3,6,6
MPV-GEN-T6-N90-R02,fast_brute_force,0,item-006,18,0,4,3,8,3
MPV-GEN-T6-N90-R02,fast_brute_force,0,item-007,7,0,3,8,10,4
MPV-GEN-T6-N90-R02,fast_brute_force,0,item-008,0,7,0,7,8,7
MPV-GEN-T6-N90-R02,fast_brute_force,0,item-009,15,7,0,3,8,2
MPV-GEN-T6-N90-R02,fast_brute_force,0,item-010,7,10,0,4,9,6
MPV-GEN-T6-N90-R02,fast_brute_force,0,item-011,15,7,2,3,5,7
MPV-GEN-T6-N90-R02,fast_brute_force,0,item-012,7,10,6,8,10,7
MPV-GEN-T6-N90-R02,fast_brute_force,0,item-013,0,0,7,9,4,7
MPV-GEN-T6-N90-R02,fast_brute_force,0,item-014,7,7,0,7,2,3
MPV-GEN-T6-N90-R02,fast_brute_force,0,item-015,9,0,7,5,6,7
MPV-GEN-T6-N90-R02,fast_brute_force,0,item-016,21,0,4,2,6,3
MPV-GEN-T6-N90-R02,fast_brute_force,0,item-017,11,10,0,2,5,1
MPV-GEN-T6-N90-R02,fast_brute_force,0,item-018,0,4,7,7,3,3
MPV-GEN-T6-N90-R02,fast_brute_force,0,item-019,0,15,0,7,10,10
MPV-GEN-T6-N90-R02,fast_brute_force,0,item-020,0,4,10,7,2,1
MPV-GEN-T6-N90-R02,fast_brute_force,0,item-021,14,0,7,9,5,3
MPV-GEN-T6-N90-R02,fast_brute_force,0,item-022,0,7,7,4,8,1
MPV-GEN-T6-N90-R02,fast_brute_force,0,item-023,4,7,7,3,4,6
MPV-GEN-T6-N90-R02,fast_brute_force,0,item-024,0,4,11,7,2,10
MPV-GEN-T6-N90-R02,fast_brute_force,0,item-025,0,7,8,4,7,4
MPV-GEN-T6-N90-R02,fast_brute_force,0,item-026,7,6,7,6,3,10
MPV-GEN-T6-N90-R02,fast_brute_force,0,item-027,13,6,9,5,3,7
MPV-GEN-T6-N90-R02,fast_brute_force,0,item-028,14,0,10,5,5,5
MPV-GEN-T6-N90-R02,fast_brute_force,0,item-029,15,15,0,10,10,8
MPV-GEN-T6-N90-R02,fast_brute_force,0,item-030,18,5,7,10,10,7
MPV-GEN-T6-N90-R02,fast_brute_force,0,item-031,0,0,14,10,3,8
MPV-GEN-T6-N90-R02,fast_brute_force,0,item-032,7,3,14,6,2,1
MPV-GEN-T6-N90-R02,fast_brute_force,0,item-033,13,0,14,1,2,8
MPV-GEN-T6-N90-R02,fast_brute_force,0,item-034,0,14,10,5,8,2
MPV-GEN-T6-N90-R02,fast_brute_force,0,item-035,7,5,14,6,1,10
MPV-GEN-T6-N90-R02,fast_brute_force,0,item-036,11,15,0,4,5,1
MPV-GEN-T6-N90-R02,fast_brute_force,0,item-037,0,9,13,9,8,10
MPV-GEN-T6-N90-R02,fast_brute_force,0,item-038,7,20,0,8,9,1
MPV-GEN-T6-N90-R02,fast_brute_force,0,item-039,26,0,0,9,5,8
MPV-GEN-T6-N90-R02,fast_brute_force,0,item-040,18,1,1,8,3,2
MPV-GEN-T6-N90-R02,fast_brute_force,0,item-041,0,3,14,7,1,5
MPV-GEN-T6-N90-R02,fast_brute_force,0,item-042,18,4,1,8,5,1
MPV-GEN-T6-N90-R02,fast_brute_force,0,item-043,7,20,1,8,9,6
MPV-GEN-T6-N90-R02,fast_brute_force,0,item-044,11,10,1,4,8,2
MPV-GEN-T6-N90-R02,fast_brute_force,0,item-045,15,12,2,9,3,4
MPV-GEN-T6-N90-R02,fast_brute_force,0,item-046,0,0,22,7,7,9
MPV-GEN-T6-N90-R02,fast_brute_force,0,item-047,0,6,12,4,3,10
MPV-GEN-T6-N90-R02,fast_brute_force,0,item-048,15,12,8,3,10,8
MPV-GEN-T6-N90-R02,fast_brute_force,0,item-049,9,9,9,9,1,8
MPV-GEN-T6-N90-R02,fast_brute_force,0,item-050,0,25,0,6,7,10
MPV-GEN-T6-N90-R02,fast_brute_force,0,item-051,0,17,12,7,8,6
MPV-GEN-T6-N90-R02,fast_brute_force,0,item-052,7,20,7,8,9,10
MPV-GEN-T6-N90-R02,fast_brute_force,0,item-053,9,10,13,1,7,8
MPV-GEN-T6-N90-R02,fast_brute_force,0,item-054,7,9,7,1,1,2
MPV-GEN-T6-N90-R02,fast_brute_force,0,item-055,10,0,15,3,5,9
MPV-GEN-T6-N90-R02,fast_brute_force,0,item-056,0,25,10,7,8,5
MPV-GEN-T6-N90-R02,fast_brute_force,0,item-057,0,25,15,6,9,7
MPV-GEN-T6-N90-R02,fast_brute_force,0,item-058,24,5,2,9,10,5
MPV-GEN-T6-N90-R02,fast_brute_force,0,item-059,10,10,16,9,10,2
MPV-GEN-T6-N90-R02,fast_brute_force,0,item-060,5,11,10,2,7,2
MPV-GEN-T6-N90-R02,fast_brute_force,0,item-061,23,1,0,3,4,1
MPV-GEN-T6-N90-R02,fast_brute_force,0,item-062,7,17,17,3,10,7
MPV-GEN-T6-N90-R02,fast_brute_force,0,item-063,0,17,18,3,6,8
MPV-GEN-T6-N90-R02,fast_brute_force,0,item-064,0,7,23,6,6,4
MPV-GEN-T6-N90-R02,fast_brute_force,0,item-065,13,2,15,5,3,10
MPV-GEN-T6-N90-R02,fast_brute_force,0,item-066,23,1,3,3,4,8
MPV-GEN-T6-N90-R02,fast_brute_force,0,item-067,18,0,15,10,9,3
MPV-GEN-T6-N90-R02,fast_brute_force,0,item-068,9,6,17,7,4,7
MPV-GEN-T6-N90-R02,fast_brute_force,0,item-069,28,0,8,9,4,8
MPV-GEN-T6-N90-R02,fast_brute_force,0,item-070,0,23,22,5,8,6
MPV-GEN-T6-N90-R02,fast_brute_force,0,item-071,9,10,21,7,6,10
MPV-GEN-T6-N90-R02,fast_brute_force,0,item-072,7,6,17,2,3,6
MPV-GEN-T6-N90-R02,fast_brute_force,0,item-073,7,0,24,6,4,7
MPV-GEN-T6-N90-R02,fast_brute_force,0,item-074,18,9,0,4,3,6
MPV-GEN-T6-N90-R02,fast_brute_force,0,item-075,0,13,26,7,10,3
MPV-GEN-T6-N90-R02,fast_brute_force,0,item-076,7,6,23,2,7,10
MPV-GEN-T6-N90-R02,fast_brute_force,0,item-077,18,0,18,10,10,8
MPV-GEN-T6-N90-R02,fast_brute_force,0,item-078,7,4,25,10,2,2
MPV-GEN-T6-N90-R02,fast_brute_force,0,item-079,0,7,29,7,8,2
MPV-GEN-T6-N90-R02,fast_brute_force,0,item-080,23,5,2,1,7,2
MPV-GEN-T6-N90-R02,fast_brute_force,0,item-081,9,6,24,8,1,9
MPV-GEN-T6-N90-R02,fast_brute_force,0,item-082,0,23,18,6,2,4
MPV-GEN-T6-N90-R02,fast_brute_force,0,item-083,13,0,25,5,4,2
MPV-GEN-T6-N90-R02,fast_brute_force,0,item-084,0,15,29,9,10,7
MPV-GEN-T6-N90-R02,fast_brute_force,0,item-085,0,0,31,3,6,9
MPV-GEN-T6-N90-R02,fast_brute_force,0,item-086,0,13,23,8,4,3
MPV-GEN-T6-N90-R02,fast_brute_force,0,item-087,0,6,33,8,8,8
MPV-GEN-T6-N90-R02,fast_brute_force,0,item-088,9,7,24,8,1,7
MPV-GEN-T6-N90-R02,fast_brute_force,0,item-089,8,0,33,8,8,7
MPV-GEN-T6-N90-R03,fast_brute_force,0,item-000,0,0,0,7,10,8
MPV-GEN-T6-N90-R03,fast_brute_force,0,item-001,0,10,0,2,4,8
MPV-GEN-T6-N90-R03,fast_brute_force,0,item-002,0,14,0,1,6,8
MPV-GEN-T6-N90-R03,fast_brute_force,0,item-003,0,20,0,1,9,1
MPV-GEN-T6-N90-R03,fast_brute_force,0,item-004,0,29,0,7,5,5
MPV-GEN-T6-N90-R03,fast_brute_force,0,item-005,0,20,1,7,1,6
MPV-GEN-T6-N90-R03,fast_brute_force,0,item-006,1,21,0,2,8,1
MPV-GEN-T6-N90-R03,fast_brute_force,0,item-007,1,14,0,3,5,1
MPV-GEN-T6-N90-R03,fast_brute_force,0,item-008,1,14,1,10,5,10
MPV-GEN-T6-N90-R03,fast_brute_force,0,item-009,7,0,0,8,10,5
MPV-GEN-T6-N90-R03,fast_brute_force,0,item-010,3,21,0,10,8,1
MPV-GEN-T6-N90-R03,fast_brute_force,0,item-011,11,10,0,10,10,4
MPV-GEN-T6-N90-R03,fast_brute_force,0,item-012,15,0,0,9,10,2
MPV-GEN-T6-N90-R03,fast_brute_force,0,item-013,1,19,0,9,1,1
MPV-GEN-T6-N90-R03,fast_brute_force,0,item-014,0,21,1,7,7,6
MPV-GEN-T6-N90-R03,fast_brute_force,0,item-015,2,10,4,10,4,2
MPV-GEN-T6-N90-R03,fast_brute_force,0,item-016,7,19,1,2,3,8
MPV-GEN-T6-N90-R03,fast_brute_force,0,item-017,9,19,1,2,8,10
MPV-GEN-T6-N90-R03,fast_brute_force,0,item-018,2,10,6,7,3,7
MPV-GEN-T6-N90-R03,fast_brute_force,0,item-019,2,10,0,8,3,4
MPV-GEN-T6-N90-R03,fast_brute_force,0,item-020,1,19,7,5,9,3
MPV-GEN-T6-N90-R03,fast_brute_force,0,item-021,0,19,10,8,7,10
MPV-GEN-T6-N90-R03,fast_brute_force,0,item-022,6,26,7,3,5,2
MPV-GEN-T6-N90-R03,fast_brute_force,0,item-023,6,26,9,3,7,5
MPV-GEN-T6-N90-R03,fast_brute_force,0,item-024,0,28,5,4,7,2
MPV-GEN-T6-N90-R03,fast_brute_force,0,item-025,0,0,8,1,10,6
MPV-GEN-T6-N90-R03,fast_brute_force,0,item-026,0,28,7,4,3,7
MPV-GEN-T6-N90-R03,fast_brute_force,0,item-027,0,10,11,2,9,5
MPV-GEN-T6-N90-R03,fast_brute_force,0,item-028,0,31,7,4,9,1
MPV-GEN-T6-N90-R03,fast_brute_force,0,item-029,0,31,8,5,9,4
MPV-GEN-T6-N90-R03,fast_brute_force,0,item-030,11,20,0,8,1,5
MPV-GEN-T6-N90-R03,fast_brute_force,0,item-031,11,14,4,8,3,4
MPV-GEN-T6-N90-R03,fast_brute_force,0,item-032,15,0,2,7,8,6
MPV-GEN-T6-N90-R03,fast_brute_force,0,item-033,7,0,5,5,8,5
MPV-GEN-T6-N90-R03,fast_brute_force,0,item-034,0,26,10,4,2,5
MPV-GEN-T6-N90-R03,fast_brute_force,0,item-035,15,8,2,9,2,7
MPV-GEN-T6-N90-R03,fast_brute_force,0,item-036,1,0,8,4,10,5
MPV-GEN-T6-N90-R03,fast_brute_force,0,item-037,11,8,8,4,7,4
MPV-GEN-T6-N90-R03,fast_brute_force,0,item-038,5,0,10,6,8,4
MPV-GEN-T6-N90-R03,fast_brute_force,0,item-039,1,0,13,4,4,3
MPV-GEN-T6-N90-R03,fast_brute_force,0,item-040,5,8,10,6,2,8
MPV-GEN-T6-N90-R03,fast_brute_force,0,item-041,11,17,4,8,3,1
MPV-GEN-T6-N90-R03,fast_brute_force,0,item-042,1,19,1,4,1,5
MPV-GEN-T6-N90-R03,fast_brute_force,0,item-043,15,10,4,10,4,1
MPV-GEN-T6-N90-R03,fast_brute_force,0,item-044,22,0,2,8,7,8
MPV-GEN-T6-N90-R03,fast_brute_force,0,item-045,7,8,5,5,2,2
MPV-GEN-T6-N90-R03,fast_brute_force,0,item-046,12,0,8,7,5,7
MPV-GEN-T6-N90-R03,fast_brute_force,0,item-047,2,10,13,9,9,5
MPV-GEN-T6-N90-R03,fast_brute_force,0,item-048,1,4,13,4,1,9
MPV-GEN-T6-N90-R03,fast_brute_force,0,item-049,5,0,14,5,7,8
MPV-GEN-T6-N90-R03,fast_brute_force,0,item-050,12,5,8,10,2,2
MPV-GEN-T6-N90-R03,fast_brute_force,0,item-051,0,5,18,4,7,3
MPV-GEN-T6-N90-R03,fast_brute_force,0,item-052,10,0,15,10,8,8
MPV-GEN-T6-N90-R03,fast_brute_force,0,item-053,0,0,22,7,3,9
MPV-GEN-T6-N90-R03,fast_brute_force,0,item-054,0,3,14,1,2,2
MPV-GEN-T6-N90-R03,fast_brute_force,0,item-055,8,19,11,7,5,2
MPV-GEN-T6-N90-R03,fast_brute_force,0,item-056,15,7,9,7,9,5
MPV-GEN-T6-N90-R03,fast_brute_force,0,item-057,2,13,0,8,1,4
MPV-GEN-T6-N90-R03,fast_brute_force,0,item-058,0,3,16,4,1,4
MPV-GEN-T6-N90-R03,fast_brute_force,0,item-059,20,0,10,8,5,10
MPV-GEN-T6-N90-R03,fast_brute_force,0,item-060,11,8,12,4,8,4
MPV-GEN-T6-N90-R03,fast_brute_force,0,item-061,4,7,18,5,8,1
MPV-GEN-T6-N90-R03,fast_brute_force,0,item-062,4,7,19,3,10,6
MPV-GEN-T6-N90-R03,fast_brute_force,0,item-063,0,31,12,6,7,10
MPV-GEN-T6-N90-R03,fast_brute_force,0,item-064,12,7,8,3,1,6
MPV-GEN-T6-N90-R03,fast_brute_force,0,item-065,7,8,19,8,10,8
MPV-GEN-T6-N90-R03,fast_brute_force,0,item-066,9,10,6,2,4,5
MPV-GEN-T6-N90-R03,fast_brute_force,0,item-067,8,19,13,10,6,9
MPV-GEN-T6-N90-R03,fast_brute_force,0,item-068,0,3,22,6,4,2
MPV-GEN-T6-N90-R03,fast_brute_force,0,item-069,0,17,20,5,5,5
MPV-GEN-T6-N90-R03,fast_brute_force,0,item-070,22,7,2,10,1,7
MPV-GEN-T6-N90-R03,fast_brute_force,0,item-071,0,0,16,4,2,6
MPV-GEN-T6-N90-R03,fast_brute_force,0,item-072,10,0,14,2,6,1
MPV-GEN-T6-N90-R03,fast_brute_force,0,item-073,0,7,21,4,8,7
MPV-GEN-T6-N90-R03,fast_brute_force,0,item-074,0,22,20,5,2,9
MPV-GEN-T6-N90-R03,fast_brute_force,0,item-075,0,24,20,5,7,3
MPV-GEN-T6-N90-R03,fast_brute_force,0,item-076,30,0,0,9,6,10
MPV-GEN-T6-N90-R03,fast_brute_force,0,item-077,0,5,14,5,5,3
MPV-GEN-T6-N90-R03,fast_brute_force,0,item-078,0,4,16,1,1,1
MPV-GEN-T6-N90-R03,fast_brute_force,0,item-079,11,15,8,4,4,1
MPV-GEN-T6-N90-R03,fast_brute_force,0,item-080,5,28,5,1,3,8
MPV-GEN-T6-N90-R03,fast_brute_force,0,item-081,2,13,6,6,1,6
MPV-GEN-T6-N90-R03,fast_brute_force,0,item-082,0,15,27,10,7,5
MPV-GEN-T6-N90-R03,fast_brute_force,0,item-083,15,10,5,7,4,4
MPV-GEN-T6-N90-R03,fast_brute_force,0,item-084,7,0,22,3,6,5
MPV-GEN-T6-N90-R03,fast_brute_force,0,item-085,0,3,27,8,4,5
MPV-GEN-T6-N90-R03,fast_brute_force,0,item-086,15,8,14,7,10,9
MPV-GEN-T6-N90-R03,fast_brute_force,0,item-087,4,26,13,2,5,3
MPV-GEN-T6-N90-R03,fast_brute_force,0,item-088,24,8,0,6,2,6
MPV-GEN-T6-N90-R03,fast_brute_force,0,item-089,8,0,27,10,10,7
MPV-GEN-T6-N90-R04,fast_brute_force,0,item-000,0,0,0,8,10,10
MPV-GEN-T6-N90-R04,fast_brute_force,0,item-001,0,10,0,5,10,4
MPV-GEN-T6-N90-R04,fast_brute_force,0,item-002,0,20,0,5,2,4
MPV-GEN-T6-N90-R04,fast_brute_force,0,item-003,0,22,0,10,8,5
MPV-GEN-T6-N90-R04,fast_brute_force,0,item-004,5,10,0,7,8,6
MPV-GEN-T6-N90-R04,fast_brute_force,0,item-005,0,10,4,4,5,5
MPV-GEN-T6-N90-R04,fast_brute_force,0,item-006,8,0,0,10,9,2
MPV-GEN-T6-N90-R04,fast_brute_force,0,item-007,8,0,2,7,7,7
MPV-GEN-T6-N90-R04,fast_brute_force,0,item-008,0,15,4,2,1,2
MPV-GEN-T6-N90-R04,fast_brute_force,0,item-009,8,7,2,10,3,9
MPV-GEN-T6-N90-R04,fast_brute_force,0,item-010,5,18,0,7,4,7
MPV-GEN-T6-N90-R04,fast_brute_force,0,item-011,15,0,2,6,4,10
MPV-GEN-T6-N90-R04,fast_brute_force,0,item-012,0,0,10,9,3,6
MPV-GEN-T6-N90-R04,fast_brute_force,0,item-013,2,15,5,2,9,8
MPV-GEN-T6-N90-R04,fast_brute_force,0,item-014,0,3,10,8,1,8
MPV-GEN-T6-N90-R04,fast_brute_force,0,item-015,8,3,9,4,1,6
MPV-GEN-T6-N90-R04,fast_brute_force,0,item-016,0,4,10,5,9,2
MPV-GEN-T6-N90-R04,fast_brute_force,0,item-017,4,13,4,1,2,8
MPV-GEN-T6-N90-R04,fast_brute_force,0,item-018,5,10,6,8,4,2
MPV-GEN-T6-N90-R04,fast_brute_force,0,item-019,15,4,2,8,3,1
MPV-GEN-T6-N90-R04,fast_brute_force,0,item-020,0,4,12,4,5,4
MPV-GEN-T6-N90-R04,fast_brute_force,0,item-021,4,4,12,8,10,4
MPV-GEN-T6-N90-R04,fast_brute_force,0,item-022,4,10,4,1,3,4
MPV-GEN-T6-N90-R04,fast_brute_force,0,item-023,0,30,0,6,7,1
MPV-GEN-T6-N90-R04,fast_brute_force,0,item-024,8,3,15,8,1,5
MPV-GEN-T6-N90-R04,fast_brute_force,0,item-025,15,4,3,7,2,9
MPV-GEN-T6-N90-R04,fast_brute_force,0,item-026,0,13,9,3,2,5
MPV-GEN-T6-N90-R04,fast_brute_force,0,item-027,21,0,0,8,4,2
MPV-GEN-T6-N90-R04,fast_brute_force,0,item-028,0,16,4,2,6,8
MPV-GEN-T6-N90-R04,fast_brute_force,0,item-029,0,37,0,9,5,9
MPV-GEN-T6-N90-R04,fast_brute_force,0,item-030,9,0,12,9,3,4
MPV-GEN-T6-N90-R04,fast_brute_force,0,item-031,6,30,0,5,6,9
MPV-GEN-T6-N90-R04,fast_brute_force,0,item-032,0,30,1,5,7,10
MPV-GEN-T6-N90-R04,fast_brute_force,0,item-033,0,22,5,2,7,1
MPV-GEN-T6-N90-R04,fast_brute_force,0,item-034,4,15,7,2,9,7
MPV-GEN-T6-N90-R04,fast_brute_force,0,item-035,3,13,9,1,2,5
MPV-GEN-T6-N90-R04,fast_brute_force,0,item-036,12,4,11,3,6,10
MPV-GEN-T6-N90-R04,fast_brute_force,0,item-037,5,10,8,10,5,1
MPV-GEN-T6-N90-R04,fast_brute_force,0,item-038,2,24,5,5,6,6
MPV-GEN-T6-N90-R04,fast_brute_force,0,item-039,0,0,18,8,10,9
MPV-GEN-T6-N90-R04,fast_brute_force,0,item-040,6,14,9,5,10,5
MPV-GEN-T6-N90-R04,fast_brute_force,0,item-041,21,0,2,8,4,10
MPV-GEN-T6-N90-R04,fast_brute_force,0,item-042,5,30,1,1,6,10
MPV-GEN-T6-N90-R04,fast_brute_force,0,item-043,0,15,13,3,8,5
MPV-GEN-T6-N90-R04,fast_brute_force,0,item-044,0,10,14,3,5,5
MPV-GEN-T6-N90-R04,fast_brute_force,0,item-045,6,14,7,10,10,1
MPV-GEN-T6-N90-R04,fast_brute_force,0,item-046,15,10,0,6,4,6
MPV-GEN-T6-N90-R04,fast_brute_force,0,item-047,0,23,13,3,6,9
MPV-GEN-T6-N90-R04,fast_brute_force,0,item-048,0,15,6,2,1,7
MPV-GEN-T6-N90-R04,fast_brute_force,0,item-049,5,4,11,4,6,1
MPV-GEN-T6-N90-R04,fast_brute_force,0,item-050,18,6,3,5,4,5
MPV-GEN-T6-N90-R04,fast_brute_force,0,item-051,5,4,10,10,3,1
MPV-GEN-T6-N90-R04,fast_brute_force,0,item-052,3,10,14,1,4,7
MPV-GEN-T6-N90-R04,fast_brute_force,0,item-053,8,4,16,4,10,1
MPV-GEN-T6-N90-R04,fast_brute_force,0,item-054,0,10,21,10,10,3
MPV-GEN-T6-N90-R04,fast_brute_force,0,item-055,0,22,6,2,8,2
MPV-GEN-T6-N90-R04,fast_brute_force,0,item-056,10,22,0,6,7,6
MPV-GEN-T6-N90-R04,fast_brute_force,0,item-057,7,24,5,3,2,8
MPV-GEN-T6-N90-R04,fast_brute_force,0,item-058,8,0,21,8,9,10
MPV-GEN-T6-N90-R04,fast_brute_force,0,item-059,0,0,27,6,9,9
MPV-GEN-T6-N90-R04,fast_brute_force,0,item-060,12,14,0,7,8,7
MPV-GEN-T6-N90-R04,fast_brute_force,0,item-061,9,0,9,6,3,2
MPV-GEN-T6-N90-R04,fast_brute_force,0,item-062,0,24,11,6,9,2
MPV-GEN-T6-N90-R04,fast_brute_force,0,item-063,10,24,6,8,5,3
MPV-GEN-T6-N90-R04,fast_brute_force,0,item-064,16,0,16,9,3,9
MPV-GEN-T6-N90-R04,fast_brute_force,0,item-065,15,10,6,8,4,7
MPV-GEN-T6-N90-R04,fast_brute_force,0,item-066,22,4,8,10,5,9
MPV-GEN-T6-N90-R04,fast_brute_force,0,item-067,0,22,8,1,2,4
MPV-GEN-T6-N90-R04,fast_brute_force,0,item-068,16,3,12,2,7,6
MPV-GEN-T6-N90-R04,fast_brute_force,0,item-069,18,3,12,4,7,9
MPV-GEN-T6-N90-R04,fast_brute_force,0,item-070,29,0,0,4,3,7
MPV-GEN-T6-N90-R04,fast_brute_force,0,item-071,5,10,9,10,1,3
MPV-GEN-T6-N90-R04,fast_brute_force,0,item-072,12,11,9,3,10,7
MPV-GEN-T6-N90-R04,fast_brute_force,0,item-073,15,6,11,1,3,10
MPV-GEN-T6-N90-R04,fast_brute_force,0,item-074,3,20,14,7,10,9
MPV-GEN-T6-N90-R04,fast_brute_force,0,item-075,3,14,14,2,5,6
MPV-GEN-T6-N90-R04,fast_brute_force,0,item-076,5,14,14,7,4,3
MPV-GEN-T6-N90-R04,fast_brute_force,0,item-077,16,14,7,9,9,5
MPV-GEN-T6-N90-R04,fast_brute_force,0,item-078,15,14,8,1,9,9
MPV-GEN-T6-N90-R04,fast_brute_force,0,item-079,3,19,14,8,1,7
MPV-GEN-T6-N90-R04,fast_brute_force,0,item-080,23,4,0,10,10,7
MPV-GEN-T6-N90-R04,fast_brute_force,0,item-081,4,22,5,5,2,2
MPV-GEN-T6-N90-R04,fast_brute_force,0,item-082,5,11,9,5,3,3
MPV-GEN-T6-N90-R04,fast_brute_force,0,item-083,29,0,7,10,3,7
MPV-GEN-T6-N90-R04,fast_brute_force,0,item-084,8,0,16,8,3,4
MPV-GEN-T6-N90-R04,fast_brute_force,0,item-085,4,14,12,2,1,2
MPV-GEN-T6-N90-R04,fast_brute_force,0,item-086,11,23,9,5,5,6
MPV-GEN-T6-N90-R04,fast_brute_force,0,item-087,25,0,14,7,3,7
MPV-GEN-T6-N90-R04,fast_brute_force,0,item-088,32,0,14,5,4,4
MPV-GEN-T6-N90-R04,fast_brute_force,0,item-089,15,9,13,1,3,8
MPV-GEN-T6-N90-R05,fast_brute_force,0,item-000,0,0,0,6,3,3
MPV-GEN-T6-N90-R05,fast_brute_force,0,item-001,6,0,0,9,7,9
MPV-GEN-T6-N90-R05,fast_brute_force,0,item-002,15,0,0,8,1,1
MPV-GEN-T6-N90-R05,fast_brute_force,0,item-003,0,3,0,6,6,2
MPV-GEN-T6-N90-R05,fast_brute_force,0,item-004,0,3,2,6,2,8
MPV-GEN-T6-N90-R05,fast_brute_force,0,item-005,23,0,0,8,10,5
MPV-GEN-T6-N90-R05,fast_brute_force,0,item-006,6,7,0,9,9,10
MPV-GEN-T6-N90-R05,fast_brute_force,0,item-007,0,0,3,2,2,4
MPV-GEN-T6-N90-R05,fast_brute_force,0,item-008,15,1,0,7,10,5
MPV-GEN-T6-N90-R05,fast_brute_force,0,item-009,0,9,0,5,5,2
MPV-GEN-T6-N90-R05,fast_brute_force,0,item-010,2,0,3,3,3,2
MPV-GEN-T6-N90-R05,fast_brute_force,0,item-011,0,14,0,3,9,7
MPV-GEN-T6-N90-R05,fast_brute_force,0,item-012,0,0,9,10,3,1
MPV-GEN-T6-N90-R05,fast_brute_force,0,item-013,0,5,2,2,8,4
MPV-GEN-T6-N90-R05,fast_brute_force,0,item-014,10,0,9,8,6,3
MPV-GEN-T6-N90-R05,fast_brute_force,0,item-015,0,0,10,9,9,1
MPV-GEN-T6-N90-R05,fast_brute_force,0,item-016,0,0,11,7,4,5
MPV-GEN-T6-N90-R05,fast_brute_force,0,item-017,2,9,2,1,5,5
MPV-GEN-T6-N90-R05,fast_brute_force,0,item-018,0,4,11,8,4,6
MPV-GEN-T6-N90-R05,fast_brute_force,0,item-019,31,0,0,7,6,7
MPV-GEN-T6-N90-R05,fast_brute_force,0,item-020,0,9,6,2,2,6
MPV-GEN-T6-N90-R05,fast_brute_force,0,item-021,7,0,12,9,2,1
MPV-GEN-T6-N90-R05,fast_brute_force,0,item-022,7,2,12,10,2,5
MPV-GEN-T6-N90-R05,fast_brute_force,0,item-023,0,11,7,6,10,8
MPV-GEN-T6-N90-R05,fast_brute_force,0,item-024,18,0,5,5,6,7
MPV-GEN-T6-N90-R05,fast_brute_force,0,item-025,23,0,5,4,7,1
MPV-GEN-T6-N90-R05,fast_brute_force,0,item-026,5,9,0,1,2,2
MPV-GEN-T6-N90-R05,fast_brute_force,0,item-027,15,6,5,5,10,8
MPV-GEN-T6-N90-R05,fast_brute_force,0,item-028,5,0,3,1,2,6
MPV-GEN-T6-N90-R05,fast_brute_force,0,item-029,0,0,16,6,4,5
MPV-GEN-T6-N90-R05,fast_brute_force,0,item-030,17,0,12,7,6,2
MPV-GEN-T6-N90-R05,fast_brute_force,0,item-031,3,5,2,3,6,5
MPV-GEN-T6-N90-R05,fast_brute_force,0,item-032,2,8,11,4,3,5
MPV-GEN-T6-N90-R05,fast_brute_force,0,item-033,6,8,11,8,3,10
MPV-GEN-T6-N90-R05,fast_brute_force,0,item-034,8,4,13,9,3,10
MPV-GEN-T6-N90-R05,fast_brute_force,0,item-035,0,13,2,2,1,4
MPV-GEN-T6-N90-R05,fast_brute_force,0,item-036,2,0,5,3,3,4
MPV-GEN-T6-N90-R05,fast_brute_force,0,item-037,0,4,17,5,4,7
MPV-GEN-T6-N90-R05,fast_brute_force,0,item-038,2,5,2,1,3,1
MPV-GEN-T6-N90-R05,fast_brute_force,0,item-039,5,11,0,1,9,4
MPV-GEN-T6-N90-R05,fast_brute_force,0,item-040,0,8,16,5,9,3
MPV-GEN-T6-N90-R05,fast_brute_force,0,item-041,6,11,10,9,6,6
MPV-GEN-T6-N90-R05,fast_brute_force,0,item-042,7,0,13,7,2,4
MPV-GEN-T6-N90-R05,fast_brute_force,0,item-043,15,0,1,3,1,2
MPV-GEN-T6-N90-R05,fast_brute_force,0,item-044,9,6,10,5,2,1
MPV-GEN-T6-N90-R05,fast_brute_force,0,item-045,27,0,5,4,9,1
MPV-GEN-T6-N90-R05,fast_brute_force,0,item-046,0,0,21,6,2,4
MPV-GEN-T6-N90-R05,fast_brute_force,0,item-047,38,0,0,10,10,6
MPV-GEN-T6-N90-R05,fast_brute_force,0,item-048,6,0,16,1,2,6
MPV-GEN-T6-N90-R05,fast_brute_force,0,item-049,8,4,11,2,4,1
MPV-GEN-T6-N90-R05,fast_brute_force,0,item-050,20,9,5,9,9,5
MPV-GEN-T6-N90-R05,fast_brute_force,0,item-051,20,7,5,5,2,10
MPV-GEN-T6-N90-R05,fast_brute_force,0,item-052,20,6,5,3,1,7
MPV-GEN-T6-N90-R05,fast_brute_force,0,item-053,14,7,15,10,4,4
MPV-GEN-T6-N90-R05,fast_brute_force,0,item-054,23,0,6,8,1,5
MPV-GEN-T6-N90-R05,fast_brute_force,0,item-055,15,16,0,4,10,5
MPV-GEN-T6-N90-R05,fast_brute_force,0,item-056,24,1,6,4,6,4
MPV-GEN-T6-N90-R05,fast_brute_force,0,item-057,0,5,7,5,4,3
MPV-GEN-T6-N90-R05,fast_brute_force,0,item-058,15,16,5,5,8,9
MPV-GEN-T6-N90-R05,fast_brute_force,0,item-059,7,0,17,7,4,9
MPV-GEN-T6-N90-R05,fast_brute_force,0,item-060,24,0,11,9,7,9
MPV-GEN-T6-N90-R05,fast_brute_force,0,item-061,17,0,14,6,7,2
MPV-GEN-T6-N90-R05,fast_brute_force,0,item-062,6,17,0,8,9,9
MPV-GEN-T6-N90-R05,fast_brute_force,0,item-063,6,2,17,1,6,7
MPV-GEN-T6-N90-R05,fast_brute_force,0,item-064,15,7,13,4,8,1
MPV-GEN-T6-N90-R05,fast_brute_force,0,item-065,14,17,0,1,9,5
MPV-GEN-T6-N90-R05,fast_brute_force,0,item-066,19,11,13,9,5,6
MPV-GEN-T6-N90-R05,fast_brute_force,0,item-067,14,17,5,1,9,10
MPV-GEN-T6-N90-R05,fast_brute_force,0,item-068,23,0,14,1,7,9
MPV-GEN-T6-N90-R05,fast_brute_force,0,item-069,3,14,0,2,10,6
MPV-GEN-T6-N90-R05,fast_brute_force,0,item-070,29,9,5,9,8,8
MPV-GEN-T6-N90-R05,fast_brute_force,0,item-071,0,24,0,5,9,9
MPV-GEN-T6-N90-R05,fast_brute_force,0,item-072,3,11,4,3,3,2
MPV-GEN-T6-N90-R05,fast_brute_force,0,item-073,33,0,7,9,7,10
MPV-GEN-T6-N90-R05,fast_brute_force,0,item-074,6,17,9,8,9,2
MPV-GEN-T6-N90-R05,fast_brute_force,0,item-075,25,7,6,10,2,6
MPV-GEN-T6-N90-R05,fast_brute_force,0,item-076,15,11,14,4,5,5
MPV-GEN-T6-N90-R05,fast_brute_force,0,item-077,25,7,12,4,4,10
MPV-GEN-T6-N90-R05,fast_brute_force,0,item-078,15,16,14,2,8,8
MPV-GEN-T6-N90-R05,fast_brute_force,0,item-079,17,0,16,5,7,6
MPV-GEN-T6-N90-R05,fast_brute_force,0,item-080,14,7,19,10,6,3
MPV-GEN-T6-N90-R05,fast_brute_force,0,item-081,14,0,13,3,2,9
MPV-GEN-T6-N90-R05,fast_brute_force,0,item-082,20,16,10,9,10,4
MPV-GEN-T6-N90-R05,fast_brute_force,0,item-083,6,3,9,4,3,1
MPV-GEN-T6-N90-R05,fast_brute_force,0,item-084,7,7,22,2,9,2
MPV-GEN-T6-N90-R05,fast_brute_force,0,item-085,0,11,19,7,9,10
MPV-GEN-T6-N90-R05,fast_brute_force,0,item-086,0,2,24,4,9,10
MPV-GEN-T6-N90-R05,fast_brute_force,0,item-087,6,0,24,1,10,2
MPV-GEN-T6-N90-R05,fast_brute_force,0,item-088,28,1,7,5,5,3
MPV-GEN-T6-N90-R05,fast_brute_force,0,item-089,28,11,10,1,5,6
MPV-GEN-T6-N90-R06,fast_brute_force,0,item-000,0,0,0,7,5,3
MPV-GEN-T6-N90-R06,fast_brute_force,0,item-001,7,0,0,2,3,3
MPV-GEN-T6-N90-R06,fast_brute_force,0,item-002,7,3,0,2,9,7
MPV-GEN-T6-N90-R06,fast_brute_force,0,item-003,0,5,0,5,5,6
MPV-GEN-T6-N90-R06,fast_brute_force,0,item-004,0,10,0,6,7,9
MPV-GEN-T6-N90-R06,fast_brute_force,0,item-005,0,0,3,3,2,6
MPV-GEN-T6-N90-R06,fast_brute_force,0,item-006,3,0,7,7,10,9
MPV-GEN-T6-N90-R06,fast_brute_force,0,item-007,9,10,0,6,4,10
MPV-GEN-T6-N90-R06,fast_brute_force,0,item-008,0,10,9,9,6,7
MPV-GEN-T6-N90-R06,fast_brute_force,0,item-009,10,0,0,7,8,6
MPV-GEN-T6-N90-R06,fast_brute_force,0,item-010,10,8,0,8,1,6
MPV-GEN-T6-N90-R06,fast_brute_force,0,item-011,17,0,0,9,3,3
MPV-GEN-T6-N90-R06,fast_brute_force,0,item-012,17,0,3,10,6,5
MPV-GEN-T6-N90-R06,fast_brute_force,0,item-013,10,0,6,5,6,9
MPV-GEN-T6-N90-R06,fast_brute_force,0,item-014,15,0,8,9,10,5
MPV-GEN-T6-N90-R06,fast_brute_force,0,item-015,0,2,6,3,8,5
MPV-GEN-T6-N90-R06,fast_brute_force,0,item-016,24,6,0,8,10,9
MPV-GEN-T6-N90-R06,fast_brute_force,0,item-017,5,0,3,2,7,3
MPV-GEN-T6-N90-R06,fast_brute_force,0,item-018,10,6,6,9,3,1
MPV-GEN-T6-N90-R06,fast_brute_force,0,item-019,27,0,0,7,6,2
MPV-GEN-T6-N90-R06,fast_brute_force,0,item-020,9,0,0,1,8,7
MPV-GEN-T6-N90-R06,fast_brute_force,0,item-021,27,0,2,7,5,7
MPV-GEN-T6-N90-R06,fast_brute_force,0,item-022,15,10,0,8,10,5
MPV-GEN-T6-N90-R06,fast_brute_force,0,item-023,6,16,0,7,10,6
MPV-GEN-T6-N90-R06,fast_brute_force,0,item-024,15,10,5,9,10,8
MPV-GEN-T6-N90-R06,fast_brute_force,0,item-025,6,16,6,8,9,4
MPV-GEN-T6-N90-R06,fast_brute_force,0,item-026,10,9,0,10,1,8
MPV-GEN-T6-N90-R06,fast_brute_force,0,item-027,6,10,0,1,5,5
MPV-GEN-T6-N90-R06,fast_brute_force,0,item-028,0,16,10,9,7,3
MPV-GEN-T6-N90-R06,fast_brute_force,0,item-029,24,0,9,10,2,10
MPV-GEN-T6-N90-R06,fast_brute_force,0,item-030,18,3,0,6,6,3
MPV-GEN-T6-N90-R06,fast_brute_force,0,item-031,0,0,11,2,7,2
MPV-GEN-T6-N90-R06,fast_brute_force,0,item-032,7,12,0,2,2,9
MPV-GEN-T6-N90-R06,fast_brute_force,0,item-033,0,0,13,3,10,6
MPV-GEN-T6-N90-R06,fast_brute_force,0,item-034,15,0,13,7,10,2
MPV-GEN-T6-N90-R06,fast_brute_force,0,item-035,20,9,0,4,1,2
MPV-GEN-T6-N90-R06,fast_brute_force,0,item-036,22,0,13,2,7,9
MPV-GEN-T6-N90-R06,fast_brute_force,0,item-037,2,0,9,1,2,2
MPV-GEN-T6-N90-R06,fast_brute_force,0,item-038,27,5,2,10,1,3
MPV-GEN-T6-N90-R06,fast_brute_force,0,item-039,34,0,0,5,5,10
MPV-GEN-T6-N90-R06,fast_brute_force,0,item-040,0,23,0,4,7,10
MPV-GEN-T6-N90-R06,fast_brute_force,0,item-041,24,2,9,9,9,5
MPV-GEN-T6-N90-R06,fast_brute_force,0,item-042,0,23,10,6,9,9
MPV-GEN-T6-N90-R06,fast_brute_force,0,item-043,0,17,0,6,5,6
MPV-GEN-T6-N90-R06,fast_brute_force,0,item-044,3,0,16,10,10,8
MPV-GEN-T6-N90-R06,fast_brute_force,0,item-045,0,16,13,9,7,10
MPV-GEN-T6-N90-R06,fast_brute_force,0,item-046,6,15,0,7,1,3
MPV-GEN-T6-N90-R06,fast_brute_force,0,item-047,9,10,10,4,7,10
MPV-GEN-T6-N90-R06,fast_brute_force,0,item-048,13,0,15,9,10,4
MPV-GEN-T6-N90-R06,fast_brute_force,0,item-049,0,10,16,9,3,2
MPV-GEN-T6-N90-R06,fast_brute_force,0,item-050,0,13,16,4,3,8
MPV-GEN-T6-N90-R06,fast_brute_force,0,item-051,0,0,19,1,8,8
MPV-GEN-T6-N90-R06,fast_brute_force,0,item-052,9,17,10,4,7,6
MPV-GEN-T6-N90-R06,fast_brute_force,0,item-053,7,14,0,7,1,4
MPV-GEN-T6-N90-R06,fast_brute_force,0,item-054,6,15,3,7,1,6
MPV-GEN-T6-N90-R06,fast_brute_force,0,item-055,0,10,18,9,3,5
MPV-GEN-T6-N90-R06,fast_brute_force,0,item-056,6,23,10,3,6,5
MPV-GEN-T6-N90-R06,fast_brute_force,0,item-057,13,0,19,8,7,9
MPV-GEN-T6-N90-R06,fast_brute_force,0,item-058,13,7,19,9,8,7
MPV-GEN-T6-N90-R06,fast_brute_force,0,item-059,4,10,23,5,10,8
MPV-GEN-T6-N90-R06,fast_brute_force,0,item-060,1,0,19,2,7,4
MPV-GEN-T6-N90-R06,fast_brute_force,0,item-061,0,8,24,9,2,1
MPV-GEN-T6-N90-R06,fast_brute_force,0,item-062,1,0,23,1,8,7
MPV-GEN-T6-N90-R06,fast_brute_force,0,item-063,9,10,20,3,4,10
MPV-GEN-T6-N90-R06,fast_brute_force,0,item-064,0,8,25,10,2,4
MPV-GEN-T6-N90-R06,fast_brute_force,0,item-065,10,0,24,3,5,4
MPV-GEN-T6-N90-R06,fast_brute_force,0,item-066,2,0,24,7,6,10
MPV-GEN-T6-N90-R06,fast_brute_force,0,item-067,0,0,30,2,7,5
MPV-GEN-T6-N90-R06,fast_brute_force,0,item-068,10,0,28,9,10,3
MPV-GEN-T6-N90-R06,fast_brute_force,0,item-069,37,5,0,9,10,10
MPV-GEN-T6-N90-R06,fast_brute_force,0,item-070,32,11,0,5,10,6
MPV-GEN-T6-N90-R06,fast_brute_force,0,item-071,9,0,24,1,8,4
MPV-GEN-T6-N90-R06,fast_brute_force,0,item-072,0,16,23,4,7,8
MPV-GEN-T6-N90-R06,fast_brute_force,0,item-073,2,6,24,6,2,3
MPV-GEN-T6-N90-R06,fast_brute_force,0,item-074,21,0,22,10,7,4
MPV-GEN-T6-N90-R06,fast_brute_force,0,item-075,24,11,9,9,10,7
MPV-GEN-T6-N90-R06,fast_brute_force,0,item-076,5,7,0,2,3,6
MPV-GEN-T6-N90-R06,fast_brute_force,0,item-077,31,2,14,8,8,2
MPV-GEN-T6-N90-R06,fast_brute_force,0,item-078,10,6,10,2,4,6
MPV-GEN-T6-N90-R06,fast_brute_force,0,item-079,4,14,20,9,2,2
MPV-GEN-T6-N90-R06,fast_brute_force,0,item-080,0,7,30,9,3,2
MPV-GEN-T6-N90-R06,fast_brute_force,0,item-081,0,10,23,2,3,5
MPV-GEN-T6-N90-R06,fast_brute_force,0,item-082,20,6,3,4,4,4
MPV-GEN-T6-N90-R06,fast_brute_force,0,item-083,22,7,14,7,4,4
MPV-GEN-T6-N90-R06,fast_brute_force,0,item-084,31,2,16,7,8,1
MPV-GEN-T6-N90-R06,fast_brute_force,0,item-085,33,5,5,3,6,7
MPV-GEN-T6-N90-R06,fast_brute_force,0,item-086,2,10,24,2,6,7
MPV-GEN-T6-N90-R06,fast_brute_force,0,item-087,21,0,26,6,6,6
MPV-GEN-T6-N90-R06,fast_brute_force,0,item-088,3,0,6,4,5,1
MPV-GEN-T6-N90-R06,fast_brute_force,0,item-089,4,22,0,2,10,7
MPV-GEN-T6-N90-R07,fast_brute_force,0,item-000,0,0,0,7,8,6
MPV-GEN-T6-N90-R07,fast_brute_force,0,item-001,0,8,0,6,10,8
MPV-GEN-T6-N90-R07,fast_brute_force,0,item-002,0,0,6,5,6,2
MPV-GEN-T6-N90-R07,fast_brute_force,0,item-003,5,0,6,1,3,1
MPV-GEN-T6-N90-R07,fast_brute_force,0,item-004,0,6,6,5,1,1
MPV-GEN-T6-N90-R07,fast_brute_force,0,item-005,6,0,6,9,7,4
MPV-GEN-T6-N90-R07,fast_brute_force,0,item-006,0,0,8,6,10,7
MPV-GEN-T6-N90-R07,fast_brute_force,0,item-007,0,18,0,1,9,9
MPV-GEN-T6-N90-R07,fast_brute_force,0,item-008,0,10,8,2,3,10
MPV-GEN-T6-N90-R07,fast_brute_force,0,item-009,0,0,15,10,10,1
MPV-GEN-T6-N90-R07,fast_brute_force,0,item-010,0,0,16,4,10,1
MPV-GEN-T6-N90-R07,fast_brute_force,0,item-011,0,0,17,4,8,10
MPV-GEN-T6-N90-R07,fast_brute_force,0,item-012,0,27,0,1,8,10
MPV-GEN-T6-N90-R07,fast_brute_force,0,item-013,0,13,8,5,5,5
MPV-GEN-T6-N90-R07,fast_brute_force,0,item-014,0,18,9,9,7,8
MPV-GEN-T6-N90-R07,fast_brute_force,0,item-015,0,13,13,8,4,10
MPV-GEN-T6-N90-R07,fast_brute_force,0,item-016,8,10,0,10,7,4
MPV-GEN-T6-N90-R07,fast_brute_force,0,item-017,6,8,0,2,10,2
MPV-GEN-T6-N90-R07,fast_brute_force,0,item-018,10,7,0,9,3,5
MPV-GEN-T6-N90-R07,fast_brute_force,0,item-019,15,0,0,8,7,8
MPV-GEN-T6-N90-R07,fast_brute_force,0,item-020,6,8,5,9,5,7
MPV-GEN-T6-N90-R07,fast_brute_force,0,item-021,7,0,0,8,7,2
MPV-GEN-T6-N90-R07,fast_brute_force,0,item-022,10,0,10,7,7,8
MPV-GEN-T6-N90-R07,fast_brute_force,0,item-023,7,0,2,7,3,3
MPV-GEN-T6-N90-R07,fast_brute_force,0,item-024,4,0,16,6,5,10
MPV-GEN-T6-N90-R07,fast_brute_force,0,item-025,4,5,16,5,2,6
MPV-GEN-T6-N90-R07,fast_brute_force,0,item-026,10,7,5,8,1,7
MPV-GEN-T6-N90-R07,fast_brute_force,0,item-027,8,7,12,10,9,1
MPV-GEN-T6-N90-R07,fast_brute_force,0,item-028,7,3,2,8,3,1
MPV-GEN-T6-N90-R07,fast_brute_force,0,item-029,8,7,16,5,9,6
MPV-GEN-T6-N90-R07,fast_brute_force,0,item-030,6,0,13,4,9,1
MPV-GEN-T6-N90-R07,fast_brute_force,0,item-031,0,35,0,10,9,6
MPV-GEN-T6-N90-R07,fast_brute_force,0,item-032,5,10,8,1,8,4
MPV-GEN-T6-N90-R07,fast_brute_force,0,item-033,4,5,22,9,8,5
MPV-GEN-T6-N90-R07,fast_brute_force,0,item-034,2,8,17,6,4,5
MPV-GEN-T6-N90-R07,fast_brute_force,0,item-035,7,3,3,7,2,1
MPV-GEN-T6-N90-R07,fast_brute_force,0,item-036,6,9,12,2,4,1
MPV-GEN-T6-N90-R07,fast_brute_force,0,item-037,2,12,13,6,1,8
MPV-GEN-T6-N90-R07,fast_brute_force,0,item-038,1,25,0,8,10,6
MPV-GEN-T6-N90-R07,fast_brute_force,0,item-039,10,0,18,10,4,5
MPV-GEN-T6-N90-R07,fast_brute_force,0,item-040,6,13,2,2,6,6
MPV-GEN-T6-N90-R07,fast_brute_force,0,item-041,8,9,13,10,9,1
MPV-GEN-T6-N90-R07,fast_brute_force,0,item-042,8,7,0,2,3,3
MPV-GEN-T6-N90-R07,fast_brute_force,0,item-043,1,25,6,8,10,1
MPV-GEN-T6-N90-R07,fast_brute_force,0,item-044,0,8,23,4,9,4
MPV-GEN-T6-N90-R07,fast_brute_force,0,item-045,1,18,0,3,4,8
MPV-GEN-T6-N90-R07,fast_brute_force,0,item-046,17,0,13,7,9,1
MPV-GEN-T6-N90-R07,fast_brute_force,0,item-047,2,10,8,1,3,5
MPV-GEN-T6-N90-R07,fast_brute_force,0,item-048,7,6,2,8,1,3
MPV-GEN-T6-N90-R07,fast_brute_force,0,item-049,17,0,14,7,9,4
MPV-GEN-T6-N90-R07,fast_brute_force,0,item-050,9,18,0,8,6,10
MPV-GEN-T6-N90-R07,fast_brute_force,0,item-051,10,0,23,8,5,5
MPV-GEN-T6-N90-R07,fast_brute_force,0,item-052,4,19,0,4,4,4
MPV-GEN-T6-N90-R07,fast_brute_force,0,item-053,13,7,14,3,7,7
MPV-GEN-T6-N90-R07,fast_brute_force,0,item-054,0,0,27,7,10,8
MPV-GEN-T6-N90-R07,fast_brute_force,0,item-055,1,22,0,3,3,8
MPV-GEN-T6-N90-R07,fast_brute_force,0,item-056,7,0,26,3,5,3
MPV-GEN-T6-N90-R07,fast_brute_force,0,item-057,7,5,27,2,9,4
MPV-GEN-T6-N90-R07,fast_brute_force,0,item-058,0,10,27,4,7,6
MPV-GEN-T6-N90-R07,fast_brute_force,0,item-059,9,13,4,4,5,8
MPV-GEN-T6-N90-R07,fast_brute_force,0,item-060,15,10,4,4,8,6
MPV-GEN-T6-N90-R07,fast_brute_force,0,item-061,17,0,8,9,6,1
MPV-GEN-T6-N90-R07,fast_brute_force,0,item-062,4,19,4,3,6,4
MPV-GEN-T6-N90-R07,fast_brute_force,0,item-063,6,0,10,4,5,2
MPV-GEN-T6-N90-R07,fast_brute_force,0,item-064,9,24,0,7,7,6
MPV-GEN-T6-N90-R07,fast_brute_force,0,item-065,9,10,14,4,10,2
MPV-GEN-T6-N90-R07,fast_brute_force,0,item-066,9,24,6,6,6,7
MPV-GEN-T6-N90-R07,fast_brute_force,0,item-067,6,8,2,2,4,1
MPV-GEN-T6-N90-R07,fast_brute_force,0,item-068,0,25,9,6,2,8
MPV-GEN-T6-N90-R07,fast_brute_force,0,item-069,18,7,5,7,3,7
MPV-GEN-T6-N90-R07,fast_brute_force,0,item-070,9,20,10,10,3,7
MPV-GEN-T6-N90-R07,fast_brute_force,0,item-071,9,16,16,6,4,10
MPV-GEN-T6-N90-R07,fast_brute_force,0,item-072,1,27,7,6,10,3
MPV-GEN-T6-N90-R07,fast_brute_force,0,item-073,4,14,23,4,6,3
MPV-GEN-T6-N90-R07,fast_brute_force,0,item-074,6,25,10,3,6,5
MPV-GEN-T6-N90-R07,fast_brute_force,0,item-075,24,0,9,7,7,7
MPV-GEN-T6-N90-R07,fast_brute_force,0,item-076,8,16,4,1,2,8
MPV-GEN-T6-N90-R07,fast_brute_force,0,item-077,4,13,26,3,5,7
MPV-GEN-T6-N90-R07,fast_brute_force,0,item-078,4,10,27,3,3,5
MPV-GEN-T6-N90-R07,fast_brute_force,0,item-079,1,18,8,6,8,1
MPV-GEN-T6-N90-R07,fast_brute_force,0,item-080,0,17,14,9,1,8
MPV-GEN-T6-N90-R07,fast_brute_force,0,item-081,13,4,18,10,3,4
MPV-GEN-T6-N90-R07,fast_brute_force,0,item-082,9,23,10,8,1,5
MPV-GEN-T6-N90-R07,fast_brute_force,0,item-083,17,18,0,9,2,6
MPV-GEN-T6-N90-R07,fast_brute_force,0,item-084,8,18,0,1,4,9
MPV-GEN-T6-N90-R07,fast_brute_force,0,item-085,17,18,6,8,2,3
MPV-GEN-T6-N90-R07,fast_brute_force,0,item-086,8,0,14,1,10,1
MPV-GEN-T6-N90-R07,fast_brute_force,0,item-087,13,13,10,10,5,1
MPV-GEN-T6-N90-R07,fast_brute_force,0,item-088,7,25,7,2,8,2
MPV-GEN-T6-N90-R07,fast_brute_force,0,item-089,7,23,0,2,2,7
MPV-GEN-T6-N90-R08,fast_brute_force,0,item-000,0,0,0,8,8,8
MPV-GEN-T6-N90-R08,fast_brute_force,0,item-001,8,0,0,9,6,2
MPV-GEN-T6-N90-R08,fast_brute_force,0,item-002,17,0,0,9,4,8
MPV-GEN-T6-N90-R08,fast_brute_force,0,item-003,26,0,0,10,2,5
MPV-GEN-T6-N90-R08,fast_brute_force,0,item-004,8,0,2,3,6,2
MPV-GEN-T6-N90-R08,fast_brute_force,0,item-005,11,0,2,4,1,5
MPV-GEN-T6-N90-R08,fast_brute_force,0,item-006,11,1,2,4,1,6
MPV-GEN-T6-N90-R08,fast_brute_force,0,item-007,8,0,7,7,1,5
MPV-GEN-T6-N90-R08,fast_brute_force,0,item-008,11,2,2,6,1,2
MPV-GEN-T6-N90-R08,fast_brute_force,0,item-009,11,3,2,4,3,3
MPV-GEN-T6-N90-R08,fast_brute_force,0,item-010,15,3,2,1,8,5
MPV-GEN-T6-N90-R08,fast_brute_force,0,item-011,0,8,0,10,2,6
MPV-GEN-T6-N90-R08,fast_brute_force,0,item-012,16,3,2,1,9,4
MPV-GEN-T6-N90-R08,fast_brute_force,0,item-013,0,0,8,8,3,2
MPV-GEN-T6-N90-R08,fast_brute_force,0,item-014,8,6,0,10,1,2
MPV-GEN-T6-N90-R08,fast_brute_force,0,item-015,15,0,4,2,3,4
MPV-GEN-T6-N90-R08,fast_brute_force,0,item-016,8,1,4,1,3,8
MPV-GEN-T6-N90-R08,fast_brute_force,0,item-017,8,4,4,1,2,10
MPV-GEN-T6-N90-R08,fast_brute_force,0,item-018,0,0,12,10,4,10
MPV-GEN-T6-N90-R08,fast_brute_force,0,item-019,9,4,6,6,9,5
MPV-GEN-T6-N90-R08,fast_brute_force,0,item-020,17,4,0,8,1,10
MPV-GEN-T6-N90-R08,fast_brute_force,0,item-021,0,4,8,6,10,8
MPV-GEN-T6-N90-R08,fast_brute_force,0,item-022,0,10,0,5,5,8
MPV-GEN-T6-N90-R08,fast_brute_force,0,item-023,10,1,8,10,3,1
MPV-GEN-T6-N90-R08,fast_brute_force,0,item-024,5,10,0,10,9,3
MPV-GEN-T6-N90-R08,fast_brute_force,0,item-025,15,11,0,1,4,7
MPV-GEN-T6-N90-R08,fast_brute_force,0,item-026,8,6,2,7,2,3
MPV-GEN-T6-N90-R08,fast_brute_force,0,item-027,6,13,3,6,6,10
MPV-GEN-T6-N90-R08,fast_brute_force,0,item-028,0,15,3,6,8,8
MPV-GEN-T6-N90-R08,fast_brute_force,0,item-029,6,6,11,9,7,1
MPV-GEN-T6-N90-R08,fast_brute_force,0,item-030,0,14,8,3,1,10
MPV-GEN-T6-N90-R08,fast_brute_force,0,item-031,0,4,16,7,10,3
MPV-GEN-T6-N90-R08,fast_brute_force,0,item-032,7,4,12,1,7,8
MPV-GEN-T6-N90-R08,fast_brute_force,0,item-033,5,8,6,4,5,1
MPV-GEN-T6-N90-R08,fast_brute_force,0,item-034,15,0,8,2,1,5
MPV-GEN-T6-N90-R08,fast_brute_force,0,item-035,0,4,19,7,10,7
MPV-GEN-T6-N90-R08,fast_brute_force,0,item-036,10,0,12,1,10,6
MPV-GEN-T6-N90-R08,fast_brute_force,0,item-037,8,6,12,2,7,5
MPV-GEN-T6-N90-R08,fast_brute_force,0,item-038,0,15,11,5,8,8
MPV-GEN-T6-N90-R08,fast_brute_force,0,item-039,11,0,12,2,10,9
MPV-GEN-T6-N90-R08,fast_brute_force,0,item-040,6,8,7,3,4,3
MPV-GEN-T6-N90-R08,fast_brute_force,0,item-041,13,1,9,10,2,8
MPV-GEN-T6-N90-R08,fast_brute_force,0,item-042,36,0,0,9,10,8
MPV-GEN-T6-N90-R08,fast_brute_force,0,item-043,13,3,11,9,2,7
MPV-GEN-T6-N90-R08,fast_brute_force,0,item-044,26,2,0,9,7,1
MPV-GEN-T6-N90-R08,fast_brute_force,0,item-045,13,0,17,10,2,7
MPV-GEN-T6-N90-R08,fast_brute_force,0,item-046,7,0,22,6,8,10
MPV-GEN-T6-N90-R08,fast_brute_force,0,item-047,0,0,26,5,8,9
MPV-GEN-T6-N90-R08,fast_brute_force,0,item-048,8,7,0,6,1,1
MPV-GEN-T6-N90-R08,fast_brute_force,0,item-049,0,8,26,6,8,5
MPV-GEN-T6-N90-R08,fast_brute_force,0,item-050,12,13,3,3,10,3
MPV-GEN-T6-N90-R08,fast_brute_force,0,item-051,9,1,9,4,3,3
MPV-GEN-T6-N90-R08,fast_brute_force,0,item-052,0,0,22,7,2,3
MPV-GEN-T6-N90-R08,fast_brute_force,0,item-053,23,0,8,10,4,9
MPV-GEN-T6-N90-R08,fast_brute_force,0,item-054,6,19,0,6,10,9
MPV-GEN-T6-N90-R08,fast_brute_force,0,item-055,0,23,0,6,6,8
MPV-GEN-T6-N90-R08,fast_brute_force,0,item-056,5,0,25,2,3,4
MPV-GEN-T6-N90-R08,fast_brute_force,0,item-057,10,10,12,5,2,8
MPV-GEN-T6-N90-R08,fast_brute_force,0,item-058,13,2,18,8,7,4
MPV-GEN-T6-N90-R08,fast_brute_force,0,item-059,8,8,17,2,9,7
MPV-GEN-T6-N90-R08,fast_brute_force,0,item-060,0,16,19,7,8,9
MPV-GEN-T6-N90-R08,fast_brute_force,0,item-061,13,0,13,10,1,2
MPV-GEN-T6-N90-R08,fast_brute_force,0,item-062,0,29,0,6,7,10
MPV-GEN-T6-N90-R08,fast_brute_force,0,item-063,0,24,8,6,3,5
MPV-GEN-T6-N90-R08,fast_brute_force,0,item-064,3,14,8,3,1,9
MPV-GEN-T6-N90-R08,fast_brute_force,0,item-065,7,4,21,6,4,1
MPV-GEN-T6-N90-R08,fast_brute_force,0,item-066,0,15,0,4,7,3
MPV-GEN-T6-N90-R08,fast_brute_force,0,item-067,12,13,6,3,10,8
MPV-GEN-T6-N90-R08,fast_brute_force,0,item-068,10,8,3,4,3,2
MPV-GEN-T6-N90-R08,fast_brute_force,0,item-069,5,19,11,4,5,3
MPV-GEN-T6-N90-R08,fast_brute_force,0,item-070,7,17,14,4,7,7
MPV-GEN-T6-N90-R08,fast_brute_force,0,item-071,5,3,26,2,3,7
MPV-GEN-T6-N90-R08,fast_brute_force,0,item-072,0,14,19,7,2,7
MPV-GEN-T6-N90-R08,fast_brute_force,0,item-073,5,15,11,1,3,6
MPV-GEN-T6-N90-R08,fast_brute_force,0,item-074,10,8,21,3,4,7
MPV-GEN-T6-N90-R08,fast_brute_force,0,item-075,10,12,14,6,5,10
MPV-GEN-T6-N90-R08,fast_brute_force,0,item-076,18,5,0,7,10,9
MPV-GEN-T6-N90-R08,fast_brute_force,0,item-077,13,2,22,7,9,9
MPV-GEN-T6-N90-R08,fast_brute_force,0,item-078,8,0,4,3,1,3
MPV-GEN-T6-N90-R08,fast_brute_force,0,item-079,15,5,7,2,5,7
MPV-GEN-T6-N90-R08,fast_brute_force,0,item-080,26,2,1,10,8,7
MPV-GEN-T6-N90-R08,fast_brute_force,0,item-081,6,12,26,9,4,10
MPV-GEN-T6-N90-R08,fast_brute_force,0,item-082,9,19,9,3,5,3
MPV-GEN-T6-N90-R08,fast_brute_force,0,item-083,9,1,4,2,3,1
MPV-GEN-T6-N90-R08,fast_brute_force,0,item-084,0,27,8,6,1,6
MPV-GEN-T6-N90-R08,fast_brute_force,0,item-085,15,4,7,2,1,2
MPV-GEN-T6-N90-R08,fast_brute_force,0,item-086,25,10,0,9,7,8
MPV-GEN-T6-N90-R08,fast_brute_force,0,item-087,0,23,8,5,1,5
MPV-GEN-T6-N90-R08,fast_brute_force,0,item-088,11,19,12,1,8,10
MPV-GEN-T6-N90-R08,fast_brute_force,0,item-089,6,24,9,3,5,8
MPV-GEN-T6-N90-R09,fast_brute_force,0,item-000,0,0,0,8,1,1
MPV-GEN-T6-N90-R09,fast_brute_force,0,item-001,8,0,0,1,3,9
MPV-GEN-T6-N90-R09,fast_brute_force,0,item-002,0,1,0,2,1,5
MPV-GEN-T6-N90-R09,fast_brute_force,0,item-003,0,2,0,8,10,2
MPV-GEN-T6-N90-R09,fast_brute_force,0,item-004,2,0,2,4,8,4
MPV-GEN-T6-N90-R09,fast_brute_force,0,item-005,0,12,0,10,6,5
MPV-GEN-T6-N90-R09,fast_brute_force,0,item-006,0,8,2,3,1,4
MPV-GEN-T6-N90-R09,fast_brute_force,0,item-007,0,2,2,2,6,2
MPV-GEN-T6-N90-R09,fast_brute_force,0,item-008,8,3,0,9,8,5
MPV-GEN-T6-N90-R09,fast_brute_force,0,item-009,0,0,6,7,5,8
MPV-GEN-T6-N90-R09,fast_brute_force,0,item-010,9,0,5,7,5,10
MPV-GEN-T6-N90-R09,fast_brute_force,0,item-011,0,0,14,7,7,3
MPV-GEN-T6-N90-R09,fast_brute_force,0,item-012,3,8,2,4,1,7
MPV-GEN-T6-N90-R09,fast_brute_force,0,item-013,0,9,2,8,2,6
MPV-GEN-T6-N90-R09,fast_brute_force,0,item-014,10,11,0,8,6,5
MPV-GEN-T6-N90-R09,fast_brute_force,0,item-015,0,11,2,7,1,9
MPV-GEN-T6-N90-R09,fast_brute_force,0,item-016,17,0,0,3,8,3
MPV-GEN-T6-N90-R09,fast_brute_force,0,item-017,7,0,2,1,7,7
MPV-GEN-T6-N90-R09,fast_brute_force,0,item-018,8,5,5,10,4,4
MPV-GEN-T6-N90-R09,fast_brute_force,0,item-019,18,0,3,7,10,9
MPV-GEN-T6-N90-R09,fast_brute_force,0,item-020,8,9,5,8,8,10
MPV-GEN-T6-N90-R09,fast_brute_force,0,item-021,0,9,8,7,2,3
MPV-GEN-T6-N90-R09,fast_brute_force,0,item-022,16,0,5,2,4,1
MPV-GEN-T6-N90-R09,fast_brute_force,0,item-023,18,10,0,10,6,8
MPV-GEN-T6-N90-R09,fast_brute_force,0,item-024,0,5,9,7,4,5
MPV-GEN-T6-N90-R09,fast_brute_force,0,item-025,0,12,5,8,9,9
MPV-GEN-T6-N90-R09,fast_brute_force,0,item-026,0,7,14,5,10,10
MPV-GEN-T6-N90-R09,fast_brute_force,0,item-027,5,7,14,3,10,6
MPV-GEN-T6-N90-R09,fast_brute_force,0,item-028,8,5,9,5,4,4
MPV-GEN-T6-N90-R09,fast_brute_force,0,item-029,13,5,9,4,4,5
MPV-GEN-T6-N90-R09,fast_brute_force,0,item-030,8,5,13,3,4,8
MPV-GEN-T6-N90-R09,fast_brute_force,0,item-031,0,0,17,5,2,9
MPV-GEN-T6-N90-R09,fast_brute_force,0,item-032,0,2,17,10,3,3
MPV-GEN-T6-N90-R09,fast_brute_force,0,item-033,0,2,20,10,3,10
MPV-GEN-T6-N90-R09,fast_brute_force,0,item-034,7,0,9,1,7,8
MPV-GEN-T6-N90-R09,fast_brute_force,0,item-035,8,0,15,10,1,6
MPV-GEN-T6-N90-R09,fast_brute_force,0,item-036,17,5,9,1,5,10
MPV-GEN-T6-N90-R09,fast_brute_force,0,item-037,0,17,14,7,6,9
MPV-GEN-T6-N90-R09,fast_brute_force,0,item-038,5,5,20,3,5,1
MPV-GEN-T6-N90-R09,fast_brute_force,0,item-039,25,0,0,7,9,6
MPV-GEN-T6-N90-R09,fast_brute_force,0,item-040,17,8,0,1,3,1
MPV-GEN-T6-N90-R09,fast_brute_force,0,item-041,8,1,9,1,4,6
MPV-GEN-T6-N90-R09,fast_brute_force,0,item-042,11,5,14,5,4,2
MPV-GEN-T6-N90-R09,fast_brute_force,0,item-043,6,0,2,1,7,2
MPV-GEN-T6-N90-R09,fast_brute_force,0,item-044,5,5,21,1,6,9
MPV-GEN-T6-N90-R09,fast_brute_force,0,item-045,0,5,17,4,1,5
MPV-GEN-T6-N90-R09,fast_brute_force,0,item-046,5,11,20,6,6,8
MPV-GEN-T6-N90-R09,fast_brute_force,0,item-047,16,1,6,2,4,6
MPV-GEN-T6-N90-R09,fast_brute_force,0,item-048,25,0,6,7,10,10
MPV-GEN-T6-N90-R09,fast_brute_force,0,item-049,0,5,24,4,6,5
MPV-GEN-T6-N90-R09,fast_brute_force,0,item-050,10,0,21,7,5,5
MPV-GEN-T6-N90-R09,fast_brute_force,0,item-051,17,0,3,1,10,2
MPV-GEN-T6-N90-R09,fast_brute_force,0,item-052,18,0,12,7,9,1
MPV-GEN-T6-N90-R09,fast_brute_force,0,item-053,11,9,15,6,10,10
MPV-GEN-T6-N90-R09,fast_brute_force,0,item-054,5,0,21,4,1,9
MPV-GEN-T6-N90-R09,fast_brute_force,0,item-055,0,17,23,10,8,1
MPV-GEN-T6-N90-R09,fast_brute_force,0,item-056,10,1,15,10,4,2
MPV-GEN-T6-N90-R09,fast_brute_force,0,item-057,17,1,17,7,4,3
MPV-GEN-T6-N90-R09,fast_brute_force,0,item-058,6,5,21,5,6,3
MPV-GEN-T6-N90-R09,fast_brute_force,0,item-059,16,5,14,1,4,5
MPV-GEN-T6-N90-R09,fast_brute_force,0,item-060,0,17,24,9,7,3
MPV-GEN-T6-N90-R09,fast_brute_force,0,item-061,6,5,25,10,5,2
MPV-GEN-T6-N90-R09,fast_brute_force,0,item-062,10,0,26,8,5,9
MPV-GEN-T6-N90-R09,fast_brute_force,0,item-063,16,5,19,9,4,9
MPV-GEN-T6-N90-R09,fast_brute_force,0,item-064,6,5,28,10,6,1
MPV-GEN-T6-N90-R09,fast_brute_force,0,item-065,0,0,30,9,1,9
MPV-GEN-T6-N90-R09,fast_brute_force,0,item-066,8,17,5,3,7,8
MPV-GEN-T6-N90-R09,fast_brute_force,0,item-067,20,0,0,3,7,2
MPV-GEN-T6-N90-R09,fast_brute_force,0,item-068,0,11,24,3,5,7
MPV-GEN-T6-N90-R09,fast_brute_force,0,item-069,3,11,24,2,6,8
MPV-GEN-T6-N90-R09,fast_brute_force,0,item-070,7,21,0,1,10,8
MPV-GEN-T6-N90-R09,fast_brute_force,0,item-071,5,1,17,9,1,3
MPV-GEN-T6-N90-R09,fast_brute_force,0,item-072,0,1,30,7,7,4
MPV-GEN-T6-N90-R09,fast_brute_force,0,item-073,0,25,0,7,7,8
MPV-GEN-T6-N90-R09,fast_brute_force,0,item-074,0,21,0,6,3,10
MPV-GEN-T6-N90-R09,fast_brute_force,0,item-075,24,0,16,4,4,10
MPV-GEN-T6-N90-R09,fast_brute_force,0,item-076,0,25,8,6,9,1
MPV-GEN-T6-N90-R09,fast_brute_force,0,item-077,14,1,17,2,4,4
MPV-GEN-T6-N90-R09,fast_brute_force,0,item-078,7,17,14,4,10,2
MPV-GEN-T6-N90-R09,fast_brute_force,0,item-079,0,24,0,7,1,6
MPV-GEN-T6-N90-R09,fast_brute_force,0,item-080,18,0,26,8,4,3
MPV-GEN-T6-N90-R09,fast_brute_force,0,item-081,0,25,9,7,4,7
MPV-GEN-T6-N90-R09,fast_brute_force,0,item-082,0,23,10,7,2,4
MPV-GEN-T6-N90-R09,fast_brute_force,0,item-083,10,2,17,4,3,3
MPV-GEN-T6-N90-R09,fast_brute_force,0,item-084,0,1,34,10,9,4
MPV-GEN-T6-N90-R09,fast_brute_force,0,item-085,0,25,16,7,7,8
MPV-GEN-T6-N90-R09,fast_brute_force,0,item-086,2,1,0,6,1,2
MPV-GEN-T6-N90-R09,fast_brute_force,0,item-087,6,32,0,9,8,10
MPV-GEN-T6-N90-R09,fast_brute_force,0,item-088,10,17,16,1,9,9
MPV-GEN-T6-N90-R09,fast_brute_force,0,item-089,7,25,16,3,7,8
MPV-GEN-T6-N90-R10,fast_brute_force,0,item-000,0,0,0,9,3,1
MPV-GEN-T6-N90-R10,fast_brute_force,0,item-001,9,0,0,6,9,3
MPV-GEN-T6-N90-R10,fast_brute_force,0,item-002,0,3,0,6,9,1
MPV-GEN-T6-N90-R10,fast_brute_force,0,item-003,0,0,1,5,7,6
MPV-GEN-T6-N90-R10,fast_brute_force,0,item-004,6,3,0,2,3,7
MPV-GEN-T6-N90-R10,fast_brute_force,0,item-005,0,7,1,5,8,4
MPV-GEN-T6-N90-R10,fast_brute_force,0,item-006,5,0,1,1,2,5
MPV-GEN-T6-N90-R10,fast_brute_force,0,item-007,5,12,0,6,8,8
MPV-GEN-T6-N90-R10,fast_brute_force,0,item-008,8,3,0,1,6,7
MPV-GEN-T6-N90-R10,fast_brute_force,0,item-009,5,2,1,1,10,2
MPV-GEN-T6-N90-R10,fast_brute_force,0,item-010,0,7,5,4,3,6
MPV-GEN-T6-N90-R10,fast_brute_force,0,item-011,5,2,3,3,1,9
MPV-GEN-T6-N90-R10,fast_brute_force,0,item-012,4,7,5,4,2,1
MPV-GEN-T6-N90-R10,fast_brute_force,0,item-013,4,0,7,1,10,3
MPV-GEN-T6-N90-R10,fast_brute_force,0,item-014,9,0,3,9,10,7
MPV-GEN-T6-N90-R10,fast_brute_force,0,item-015,5,3,6,1,8,3
MPV-GEN-T6-N90-R10,fast_brute_force,0,item-016,0,3,10,6,4,7
MPV-GEN-T6-N90-R10,fast_brute_force,0,item-017,6,3,7,2,9,5
MPV-GEN-T6-N90-R10,fast_brute_force,0,item-018,0,20,0,9,5,9
MPV-GEN-T6-N90-R10,fast_brute_force,0,item-019,8,10,8,7,10,6
MPV-GEN-T6-N90-R10,fast_brute_force,0,item-020,0,12,8,7,4,3
MPV-GEN-T6-N90-R10,fast_brute_force,0,item-021,0,7,11,5,7,9
MPV-GEN-T6-N90-R10,fast_brute_force,0,item-022,8,10,0,10,2,1
MPV-GEN-T6-N90-R10,fast_brute_force,0,item-023,7,12,8,1,6,6
MPV-GEN-T6-N90-R10,fast_brute_force,0,item-024,8,0,7,1,8,8
MPV-GEN-T6-N90-R10,fast_brute_force,0,item-025,6,6,0,2,1,2
MPV-GEN-T6-N90-R10,fast_brute_force,0,item-026,0,0,7,4,1,8
MPV-GEN-T6-N90-R10,fast_brute_force,0,item-027,0,0,17,9,7,3
MPV-GEN-T6-N90-R10,fast_brute_force,0,item-028,5,6,3,3,1,3
MPV-GEN-T6-N90-R10,fast_brute_force,0,item-029,8,10,1,10,2,2
MPV-GEN-T6-N90-R10,fast_brute_force,0,item-030,0,16,0,2,4,7
MPV-GEN-T6-N90-R10,fast_brute_force,0,item-031,4,0,12,4,3,4
MPV-GEN-T6-N90-R10,fast_brute_force,0,item-032,0,18,8,8,2,7
MPV-GEN-T6-N90-R10,fast_brute_force,0,item-033,0,20,9,7,10,6
MPV-GEN-T6-N90-R10,fast_brute_force,0,item-034,8,8,10,9,2,10
MPV-GEN-T6-N90-R10,fast_brute_force,0,item-035,7,25,0,10,9,4
MPV-GEN-T6-N90-R10,fast_brute_force,0,item-036,5,7,15,10,1,5
MPV-GEN-T6-N90-R10,fast_brute_force,0,item-037,2,15,0,3,4,6
MPV-GEN-T6-N90-R10,fast_brute_force,0,item-038,6,9,0,2,3,3
MPV-GEN-T6-N90-R10,fast_brute_force,0,item-039,9,20,0,9,5,10
MPV-GEN-T6-N90-R10,fast_brute_force,0,item-040,0,14,14,10,1,8
MPV-GEN-T6-N90-R10,fast_brute_force,0,item-041,5,8,11,1,5,3
MPV-GEN-T6-N90-R10,fast_brute_force,0,item-042,0,15,0,2,1,7
MPV-GEN-T6-N90-R10,fast_brute_force,0,item-043,5,13,11,2,1,6
MPV-GEN-T6-N90-R10,fast_brute_force,0,item-044,0,16,8,6,2,6
MPV-GEN-T6-N90-R10,fast_brute_force,0,item-045,15,10,3,9,9,4
MPV-GEN-T6-N90-R10,fast_brute_force,0,item-046,0,30,0,7,5,7
MPV-GEN-T6-N90-R10,fast_brute_force,0,item-047,18,0,0,6,9,10
MPV-GEN-T6-N90-R10,fast_brute_force,0,item-048,24,0,0,5,10,8
MPV-GEN-T6-N90-R10,fast_brute_force,0,item-049,6,15,11,1,3,8
MPV-GEN-T6-N90-R10,fast_brute_force,0,item-050,11,12,0,2,7,8
MPV-GEN-T6-N90-R10,fast_brute_force,0,item-051,9,0,10,7,6,10
MPV-GEN-T6-N90-R10,fast_brute_force,0,item-052,16,0,10,10,5,10
MPV-GEN-T6-N90-R10,fast_brute_force,0,item-053,2,10,6,3,7,2
MPV-GEN-T6-N90-R10,fast_brute_force,0,item-054,6,9,3,3,1,2
MPV-GEN-T6-N90-R10,fast_brute_force,0,item-055,0,15,11,5,1,3
MPV-GEN-T6-N90-R10,fast_brute_force,0,item-056,6,10,3,9,2,3
MPV-GEN-T6-N90-R10,fast_brute_force,0,item-057,0,0,20,10,7,9
MPV-GEN-T6-N90-R10,fast_brute_force,0,item-058,13,12,0,9,6,1
MPV-GEN-T6-N90-R10,fast_brute_force,0,item-059,15,10,7,9,10,6
MPV-GEN-T6-N90-R10,fast_brute_force,0,item-060,13,12,1,2,7,6
MPV-GEN-T6-N90-R10,fast_brute_force,0,item-061,6,0,1,3,2,3
MPV-GEN-T6-N90-R10,fast_brute_force,0,item-062,0,7,20,9,6,5
MPV-GEN-T6-N90-R10,fast_brute_force,0,item-063,8,8,7,1,2,2
MPV-GEN-T6-N90-R10,fast_brute_force,0,item-064,0,15,15,4,8,4
MPV-GEN-T6-N90-R10,fast_brute_force,0,item-065,17,5,10,9,5,6
MPV-GEN-T6-N90-R10,fast_brute_force,0,item-066,7,20,9,1,8,4
MPV-GEN-T6-N90-R10,fast_brute_force,0,item-067,0,25,0,6,5,9
MPV-GEN-T6-N90-R10,fast_brute_force,0,item-068,15,12,1,9,8,1
MPV-GEN-T6-N90-R10,fast_brute_force,0,item-069,8,20,9,1,8,4
MPV-GEN-T6-N90-R10,fast_brute_force,0,item-070,15,6,16,5,2,8
MPV-GEN-T6-N90-R10,fast_brute_force,0,item-071,10,0,20,3,8,10
MPV-GEN-T6-N90-R10,fast_brute_force,0,item-072,0,7,25,8,9,8
MPV-GEN-T6-N90-R10,fast_brute_force,0,item-073,9,8,20,6,2,9
MPV-GEN-T6-N90-R10,fast_brute_force,0,item-074,0,14,11,6,1,2
MPV-GEN-T6-N90-R10,fast_brute_force,0,item-075,15,0,0,3,10,1
MPV-GEN-T6-N90-R10,fast_brute_force,0,item-076,6,3,12,2,7,2
MPV-GEN-T6-N90-R10,fast_brute_force,0,item-077,0,15,19,6,8,6
MPV-GEN-T6-N90-R10,fast_brute_force,0,item-078,13,0,24,4,8,10
MPV-GEN-T6-N90-R10,fast_brute_force,0,item-079,15,0,1,3,8,2
MPV-GEN-T6-N90-R10,fast_brute_force,0,item-080,8,9,1,9,1,2
MPV-GEN-T6-N90-R10,fast_brute_force,0,item-081,18,9,0,6,3,3
MPV-GEN-T6-N90-R10,fast_brute_force,0,item-082,13,0,20,2,6,4
MPV-GEN-T6-N90-R10,fast_brute_force,0,item-083,0,0,29,7,4,6
MPV-GEN-T6-N90-R10,fast_brute_force,0,item-084,5,8,17,3,6,3
MPV-GEN-T6-N90-R10,fast_brute_force,0,item-085,7,0,29,3,6,5
MPV-GEN-T6-N90-R10,fast_brute_force,0,item-086,8,6,30,4,8,9
MPV-GEN-T6-N90-R10,fast_brute_force,0,item-087,7,0,34,4,6,4
MPV-GEN-T6-N90-R10,fast_brute_force,0,item-088,17,5,16,10,1,7
MPV-GEN-T6-N90-R10,fast_brute_force,0,item-089,0,4,33,4,10,9
MPV-GEN-T7-N30-R01,fast_brute_force,0,item-000,0,0,0,32,11,35
MPV-GEN-T7-N30-R01,fast_brute_force,0,item-001,32,0,0,19,33,3
MPV-GEN-T7-N30-R01,fast_brute_force,0,item-002,0,11,0,21,25,26
MPV-GEN-T7-N30-R01,fast_brute_force,0,item-003,51,0,0,32,19,21
MPV-GEN-T7-N30-R01,fast_brute_force,0,item-004,21,11,0,2,20,4
MPV-GEN-T7-N30-R01,fast_brute_force,0,item-005,21,31,0,7,29,34
MPV-GEN-T7-N30-R01,fast_brute_force,0,item-006,23,11,3,28,9,19
MPV-GEN-T7-N30-R01,fast_brute_force,0,item-007,32,0,21,27,7,26
MPV-GEN-T7-N30-R01,fast_brute_force,0,item-008,21,11,22,24,14,21
MPV-GEN-T7-N30-R01,fast_brute_force,0,item-009,0,0,43,24,19,2
MPV-GEN-T7-N30-R01,fast_brute_force,0,item-010,24,0,43,5,27,17
MPV-GEN-T7-N30-R01,fast_brute_force,0,item-011,51,19,0,31,17,9
MPV-GEN-T7-N30-R01,fast_brute_force,0,item-012,45,20,3,6,25,13
MPV-GEN-T7-N30-R01,fast_brute_force,0,item-013,51,36,0,28,18,6
MPV-GEN-T7-N30-R01,fast_brute_force,0,item-014,28,33,0,15,26,19
MPV-GEN-T7-N30-R01,fast_brute_force,0,item-015,79,36,0,14,32,34
MPV-GEN-T7-N30-R01,fast_brute_force,0,item-016,29,25,16,25,8,29
MPV-GEN-T7-N30-R01,fast_brute_force,0,item-017,29,0,45,3,35,26
MPV-GEN-T7-N30-R01,fast_brute_force,0,item-018,32,0,3,12,11,12
MPV-GEN-T7-N30-R01,fast_brute_force,0,item-019,28,35,19,29,1,4
MPV-GEN-T7-N30-R01,fast_brute_force,0,item-020,83,0,0,13,34,28
MPV-GEN-T7-N30-R01,fast_brute_force,0,item-021,54,19,9,28,9,16
MPV-GEN-T7-N30-R01,fast_brute_force,0,item-022,45,7,25,25,15,1
MPV-GEN-T7-N30-R01,fast_brute_force,0,item-023,59,0,21,8,7,33
MPV-GEN-T7-N30-R01,fast_brute_force,0,item-024,45,7,26,34,5,8
MPV-GEN-T7-N30-R01,fast_brute_force,0,item-025,79,0,28,14,34,17
MPV-GEN-T7-N30-R01,fast_brute_force,0,item-026,0,36,0,20,30,13
MPV-GEN-T7-N30-R01,fast_brute_force,0,item-027,45,7,34,12,16,22
MPV-GEN-T7-N30-R01,fast_brute_force,0,item-028,32,7,43,6,14,27
MPV-GEN-T7-N30-R01,fast_brute_force,0,item-029,0,36,13,20,20,9
MPV-GEN-T7-N30-R02,fast_brute_force,0,item-000,0,0,0,3,8,7
MPV-GEN-T7-N30-R02,fast_brute_force,0,item-001,0,8,0,17,29,12
MPV-GEN-T7-N30-R02,fast_brute_force,0,item-002,3,0,0,8,8,20
MPV-GEN-T7-N30-R02,fast_brute_force,0,item-003,11,0,0,4,3,20
MPV-GEN-T7-N30-R02,fast_brute_force,0,item-004,0,37,0,5,33,12
MPV-GEN-T7-N30-R02,fast_brute_force,0,item-005,0,70,0,12,18,5
MPV-GEN-T7-N30-R02,fast_brute_force,0,item-006,0,70,5,21,20,13
MPV-GEN-T7-N30-R02,fast_brute_force,0,item-007,5,37,0,16,11,17
MPV-GEN-T7-N30-R02,fast_brute_force,0,item-008,11,3,0,18,2,33
MPV-GEN-T7-N30-R02,fast_brute_force,0,item-009,0,90,0,16,4,24
MPV-GEN-T7-N30-R02,fast_brute_force,0,item-010,17,5,0,17,28,11
MPV-GEN-T7-N30-R02,fast_brute_force,0,item-011,16,90,0,32,8,35
MPV-GEN-T7-N30-R02,fast_brute_force,0,item-012,11,5,0,1,3,32
MPV-GEN-T7-N30-R02,fast_brute_force,0,item-013,0,8,24,14,16,21
MPV-GEN-T7-N30-R02,fast_brute_force,0,item-014,0,24,24,16,10,16
MPV-GEN-T7-N30-R02,fast_brute_force,0,item-015,0,98,0,33,1,23
MPV-GEN-T7-N30-R02,fast_brute_force,0,item-016,14,5,12,33,9,28
MPV-GEN-T7-N30-R02,fast_brute_force,0,item-017,0,0,40,34,7,14
MPV-GEN-T7-N30-R02,fast_brute_force,0,item-018,17,14,11,28,17,7
MPV-GEN-T7-N30-R02,fast_brute_force,0,item-019,16,31,17,32,33,34
MPV-GEN-T7-N30-R02,fast_brute_force,0,item-020,47,0,0,22,25,24
MPV-GEN-T7-N30-R02,fast_brute_force,0,item-021,47,0,24,33,19,35
MPV-GEN-T7-N30-R02,fast_brute_force,0,item-022,0,34,12,3,23,18
MPV-GEN-T7-N30-R02,fast_brute_force,0,item-023,3,34,12,1,29,16
MPV-GEN-T7-N30-R02,fast_brute_force,0,item-024,5,48,0,8,9,21
MPV-GEN-T7-N30-R02,fast_brute_force,0,item-025,14,14,18,15,8,20
MPV-GEN-T7-N30-R02,fast_brute_force,0,item-026,4,34,17,9,14,9
MPV-GEN-T7-N30-R02,fast_brute_force,0,item-027,15,0,0,20,3,14
MPV-GEN-T7-N30-R02,fast_brute_force,0,item-028,4,57,18,9,29,26
MPV-GEN-T7-N30-R02,fast_brute_force,0,item-029,4,34,26,6,23,6
MPV-GEN-T7-N30-R03,fast_brute_force,0,item-000,0,0,0,31,6,15
MPV-GEN-T7-N30-R03,fast_brute_force,0,item-001,31,0,0,26,26,22
MPV-GEN-T7-N30-R03,fast_brute_force,0,item-002,0,6,0,8,15,27
MPV-GEN-T7-N30-R03,fast_brute_force,0,item-003,8,6,0,22,21,20
MPV-GEN-T7-N30-R03,fast_brute_force,0,item-004,8,0,20,9,22,7
MPV-GEN-T7-N30-R03,fast_brute_force,0,item-005,0,22,20,28,8,33
MPV-GEN-T7-N30-R03,fast_brute_force,0,item-006,57,0,0,15,30,6
MPV-GEN-T7-N30-R03,fast_brute_force,0,item-007,0,0,15,6,4,9
MPV-GEN-T7-N30-R03,fast_brute_force,0,item-008,30,6,0,1,14,11
MPV-GEN-T7-N30-R03,fast_brute_force,0,item-009,17,0,22,21,11,24
MPV-GEN-T7-N30-R03,fast_brute_force,0,item-010,17,11,22,28,7,6
MPV-GEN-T7-N30-R03,fast_brute_force,0,item-011,57,0,6,34,23,27
MPV-GEN-T7-N30-R03,fast_brute_force,0,item-012,17,18,20,9,3,17
MPV-GEN-T7-N30-R03,fast_brute_force,0,item-013,0,0,27,11,15,12
MPV-GEN-T7-N30-R03,fast_brute_force,0,item-014,38,0,28,16,30,14
MPV-GEN-T7-N30-R03,fast_brute_force,0,item-015,11,11,28,18,4,13
MPV-GEN-T7-N30-R03,fast_brute_force,0,item-016,0,11,41,28,11,28
MPV-GEN-T7-N30-R03,fast_brute_force,0,item-017,30,26,0,17,27,3
MPV-GEN-T7-N30-R03,fast_brute_force,0,item-018,0,0,39,8,22,1
MPV-GEN-T7-N30-R03,fast_brute_force,0,item-019,28,0,46,13,19,5
MPV-GEN-T7-N30-R03,fast_brute_force,0,item-020,0,30,0,30,17,31
MPV-GEN-T7-N30-R03,fast_brute_force,0,item-021,30,26,3,4,16,32
MPV-GEN-T7-N30-R03,fast_brute_force,0,item-022,0,47,0,17,20,24
MPV-GEN-T7-N30-R03,fast_brute_force,0,item-023,0,0,40,16,5,23
MPV-GEN-T7-N30-R03,fast_brute_force,0,item-024,0,30,31,30,14,33
MPV-GEN-T7-N30-R03,fast_brute_force,0,item-025,0,5,40,17,6,22
MPV-GEN-T7-N30-R03,fast_brute_force,0,item-026,28,19,42,32,9,6
MPV-GEN-T7-N30-R03,fast_brute_force,0,item-027,54,0,33,17,12,17
MPV-GEN-T7-N30-R03,fast_brute_force,0,item-028,17,47,0,13,20,12
MPV-GEN-T7-N30-R03,fast_brute_force,0,item-029,34,26,3,16,15,25
MPV-GEN-T7-N30-R04,fast_brute_force,0,item-000,0,0,0,2,26,22
MPV-GEN-T7-N30-R04,fast_brute_force,0,item-001,0,26,0,24,22,8
MPV-GEN-T7-N30-R04,fast_brute_force,0,item-002,0,48,0,30,33,33
MPV-GEN-T7-N30-R04,fast_brute_force,0,item-003,0,81,0,29,5,19
MPV-GEN-T7-N30-R04,fast_brute_force,0,item-004,29,81,0,24,12,15
MPV-GEN-T7-N30-R04,fast_brute_force,0,item-005,0,26,8,33,20,4
MPV-GEN-T7-N30-R04,fast_brute_force,0,item-006,29,81,15,8,18,12
MPV-GEN-T7-N30-R04,fast_brute_force,0,item-007,0,81,27,30,8,35
MPV-GEN-T7-N30-R04,fast_brute_force,0,item-008,30,46,0,18,25,23
MPV-GEN-T7-N30-R04,fast_brute_force,0,item-009,0,26,12,13,19,11
MPV-GEN-T7-N30-R04,fast_brute_force,0,item-010,0,0,22,5,20,35
MPV-GEN-T7-N30-R04,fast_brute_force,0,item-011,37,93,0,35,2,18
MPV-GEN-T7-N30-R04,fast_brute_force,0,item-012,24,0,0,4,16,1
MPV-GEN-T7-N30-R04,fast_brute_force,0,item-013,37,71,18,32,13,4
MPV-GEN-T7-N30-R04,fast_brute_force,0,item-014,5,0,0,17,26,23
MPV-GEN-T7-N30-R04,fast_brute_force,0,item-015,28,0,0,2,31,2
MPV-GEN-T7-N30-R04,fast_brute_force,0,item-016,22,0,0,1,12,15
MPV-GEN-T7-N30-R04,fast_brute_force,0,item-017,22,12,12,13,34,26
MPV-GEN-T7-N30-R04,fast_brute_force,0,item-018,37,71,22,24,28,31
MPV-GEN-T7-N30-R04,fast_brute_force,0,item-019,61,95,0,28,4,35
MPV-GEN-T7-N30-R04,fast_brute_force,0,item-020,0,89,0,16,8,27
MPV-GEN-T7-N30-R04,fast_brute_force,0,item-021,30,46,23,32,14,28
MPV-GEN-T7-N30-R04,fast_brute_force,0,item-022,5,0,38,30,28,6
MPV-GEN-T7-N30-R04,fast_brute_force,0,item-023,61,60,35,32,27,6
MPV-GEN-T7-N30-R04,fast_brute_force,0,item-024,0,20,23,4,18,34
MPV-GEN-T7-N30-R04,fast_brute_force,0,item-025,0,45,12,6,3,25
MPV-GEN-T7-N30-R04,fast_brute_force,0,item-026,0,48,33,21,28,14
MPV-GEN-T7-N30-R04,fast_brute_force,0,item-027,5,0,23,13,34,9
MPV-GEN-T7-N30-R04,fast_brute_force,0,item-028,6,34,23,16,12,11
MPV-GEN-T7-N30-R04,fast_brute_force,0,item-029,4,28,38,25,18,22
MPV-GEN-T7-N30-R05,fast_brute_force,0,item-000,0,0,0,7,24,18
MPV-GEN-T7-N30-R05,fast_brute_force,0,item-001,0,24,0,33,19,18
MPV-GEN-T7-N30-R05,fast_brute_force,0,item-002,7,0,0,30,17,5
MPV-GEN-T7-N30-R05,fast_brute_force,0,item-003,7,0,5,12,23,31
MPV-GEN-T7-N30-R05,fast_brute_force,0,item-004,7,23,0,28,1,10
MPV-GEN-T7-N30-R05,fast_brute_force,0,item-005,0,0,18,2,10,9
MPV-GEN-T7-N30-R05,fast_brute_force,0,item-006,2,0,18,2,28,5
MPV-GEN-T7-N30-R05,fast_brute_force,0,item-007,7,23,10,20,1,27
MPV-GEN-T7-N30-R05,fast_brute_force,0,item-008,27,0,10,13,14,1
MPV-GEN-T7-N30-R05,fast_brute_force,0,item-009,33,24,0,18,26,11
MPV-GEN-T7-N30-R05,fast_brute_force,0,item-010,2,0,23,4,34,30
MPV-GEN-T7-N30-R05,fast_brute_force,0,item-011,0,10,18,2,17,33
MPV-GEN-T7-N30-R05,fast_brute_force,0,item-012,51,0,0,35,28,21
MPV-GEN-T7-N30-R05,fast_brute_force,0,item-013,0,43,0,29,35,18
MPV-GEN-T7-N30-R05,fast_brute_force,0,item-014,27,0,11,17,11,21
MPV-GEN-T7-N30-R05,fast_brute_force,0,item-015,27,11,18,22,34,27
MPV-GEN-T7-N30-R05,fast_brute_force,0,item-016,19,17,0,8,2,15
MPV-GEN-T7-N30-R05,fast_brute_force,0,item-017,19,0,5,8,7,3
MPV-GEN-T7-N30-R05,fast_brute_force,0,item-018,29,45,0,4,33,25
MPV-GEN-T7-N30-R05,fast_brute_force,0,item-019,19,14,5,32,2,6
MPV-GEN-T7-N30-R05,fast_brute_force,0,item-020,0,34,18,24,35,34
MPV-GEN-T7-N30-R05,fast_brute_force,0,item-021,44,0,0,3,11,13
MPV-GEN-T7-N30-R05,fast_brute_force,0,item-022,37,16,0,9,2,12
MPV-GEN-T7-N30-R05,fast_brute_force,0,item-023,37,18,0,12,3,13
MPV-GEN-T7-N30-R05,fast_brute_force,0,item-024,0,69,18,26,23,11
MPV-GEN-T7-N30-R05,fast_brute_force,0,item-025,19,16,5,8,1,27
MPV-GEN-T7-N30-R05,fast_brute_force,0,item-026,6,0,36,9,23,11
MPV-GEN-T7-N30-R05,fast_brute_force,0,item-027,6,24,18,10,8,35
MPV-GEN-T7-N30-R05,fast_brute_force,0,item-028,16,0,45,20,26,32
MPV-GEN-T7-N30-R05,fast_brute_force,0,item-029,44,0,21,35,10,6
MPV-GEN-T7-N30-R06,fast_brute_force,0,item-000,0,0,0,13,21,25
MPV-GEN-T7-N30-R06,fast_brute_force,0,item-001,0,21,0,31,15,27
MPV-GEN-T7-N30-R06,fast_brute_force,0,item-002,0,36,0,17,23,11
MPV-GEN-T7-N30-R06,fast_brute_force,0,item-003,13,0,0,31,7,30
MPV-GEN-T7-N30-R06,fast_brute_force,0,item-004,0,0,27,8,26,18
MPV-GEN-T7-N30-R06,fast_brute_force,0,item-005,0,59,0,19,34,3
MPV-GEN-T7-N30-R06,fast_brute_force,0,item-006,0,93,0,30,4,34
MPV-GEN-T7-N30-R06,fast_brute_force,0,item-007,13,7,0,9,5,18
MPV-GEN-T7-N30-R06,fast_brute_force,0,item-008,0,59,3,30,25,13
MPV-GEN-T7-N30-R06,fast_brute_force,0,item-009,30,36,0,10,34,10
MPV-GEN-T7-N30-R06,fast_brute_force,0,item-010,30,36,10,16,35,1
MPV-GEN-T7-N30-R06,fast_brute_force,0,item-011,44,0,0,26,31,24
MPV-GEN-T7-N30-R06,fast_brute_force,0,item-012,30,71,0,30,29,5
MPV-GEN-T7-N30-R06,fast_brute_force,0,item-013,46,31,0,15,33,10
MPV-GEN-T7-N30-R06,fast_brute_force,0,item-014,60,64,0,18,30,18
MPV-GEN-T7-N30-R06,fast_brute_force,0,item-015,31,31,0,6,3,16
MPV-GEN-T7-N30-R06,fast_brute_force,0,item-016,37,31,0,4,3,14
MPV-GEN-T7-N30-R06,fast_brute_force,0,item-017,8,0,25,4,14,26
MPV-GEN-T7-N30-R06,fast_brute_force,0,item-018,60,94,0,20,4,20
MPV-GEN-T7-N30-R06,fast_brute_force,0,item-019,17,36,0,12,22,13
MPV-GEN-T7-N30-R06,fast_brute_force,0,item-020,61,31,0,33,26,30
MPV-GEN-T7-N30-R06,fast_brute_force,0,item-021,13,12,0,31,9,9
MPV-GEN-T7-N30-R06,fast_brute_force,0,item-022,22,7,9,22,10,17
MPV-GEN-T7-N30-R06,fast_brute_force,0,item-023,46,31,10,5,25,31
MPV-GEN-T7-N30-R06,fast_brute_force,0,item-024,44,0,24,35,27,24
MPV-GEN-T7-N30-R06,fast_brute_force,0,item-025,13,7,18,9,10,30
MPV-GEN-T7-N30-R06,fast_brute_force,0,item-026,0,36,13,33,19,7
MPV-GEN-T7-N30-R06,fast_brute_force,0,item-027,37,31,14,6,30,27
MPV-GEN-T7-N30-R06,fast_brute_force,0,item-028,30,71,5,23,18,19
MPV-GEN-T7-N30-R06,fast_brute_force,0,item-029,31,17,9,9,13,26
MPV-GEN-T7-N30-R07,fast_brute_force,0,item-000,0,0,0,18,7,33
MPV-GEN-T7-N30-R07,fast_brute_force,0,item-001,18,0,0,5,12,2
MPV-GEN-T7-N30-R07,fast_brute_force,0,item-002,0,7,0,17,7,18
MPV-GEN-T7-N30-R07,fast_brute_force,0,item-003,17,12,0,2,13,30
MPV-GEN-T7-N30-R07,fast_brute_force,0,item-004,0,14,0,12,15,13
MPV-GEN-T7-N30-R07,fast_brute_force,0,item-005,12,25,0,23,24,8
MPV-GEN-T7-N30-R07,fast_brute_force,0,item-006,12,14,8,1,14,27
MPV-GEN-T7-N30-R07,fast_brute_force,0,item-007,0,49,0,34,33,22
MPV-GEN-T7-N30-R07,fast_brute_force,0,item-008,0,0,33,25,14,26
MPV-GEN-T7-N30-R07,fast_brute_force,0,item-009,19,14,0,15,6,33
MPV-GEN-T7-N30-R07,fast_brute_force,0,item-010,25,0,0,27,14,31
MPV-GEN-T7-N30-R07,fast_brute_force,0,item-011,34,14,0,28,11,16
MPV-GEN-T7-N30-R07,fast_brute_force,0,item-012,52,0,0,26,6,25
MPV-GEN-T7-N30-R07,fast_brute_force,0,item-013,0,14,13,12,32,24
MPV-GEN-T7-N30-R07,fast_brute_force,0,item-014,0,82,0,18,15,28
MPV-GEN-T7-N30-R07,fast_brute_force,0,item-015,19,20,16,26,29,6
MPV-GEN-T7-N30-R07,fast_brute_force,0,item-016,19,20,0,11,5,14
MPV-GEN-T7-N30-R07,fast_brute_force,0,item-017,78,0,0,22,34,15
MPV-GEN-T7-N30-R07,fast_brute_force,0,item-018,25,0,31,23,9,14
MPV-GEN-T7-N30-R07,fast_brute_force,0,item-019,52,6,15,28,8,7
MPV-GEN-T7-N30-R07,fast_brute_force,0,item-020,13,25,8,6,18,2
MPV-GEN-T7-N30-R07,fast_brute_force,0,item-021,23,0,0,2,6,6
MPV-GEN-T7-N30-R07,fast_brute_force,0,item-022,12,28,8,1,7,35
MPV-GEN-T7-N30-R07,fast_brute_force,0,item-023,0,7,18,20,1,3
MPV-GEN-T7-N30-R07,fast_brute_force,0,item-024,78,0,22,22,32,1
MPV-GEN-T7-N30-R07,fast_brute_force,0,item-025,0,14,37,11,8,32
MPV-GEN-T7-N30-R07,fast_brute_force,0,item-026,34,14,16,21,2,16
MPV-GEN-T7-N30-R07,fast_brute_force,0,item-027,17,8,2,3,4,30
MPV-GEN-T7-N30-R07,fast_brute_force,0,item-028,45,25,0,27,32,17
MPV-GEN-T7-N30-R07,fast_brute_force,0,item-029,45,16,16,31,5,22
MPV-GEN-T7-N30-R08,fast_brute_force,0,item-000,0,0,0,24,4,5
MPV-GEN-T7-N30-R08,fast_brute_force,0,item-001,24,0,0,3,8,11
MPV-GEN-T7-N30-R08,fast_brute_force,0,item-002,0,4,0,4,13,24
MPV-GEN-T7-N30-R08,fast_brute_force,0,item-003,27,0,0,21,32,29
MPV-GEN-T7-N30-R08,fast_brute_force,0,item-004,4,4,0,15,28,21
MPV-GEN-T7-N30-R08,fast_brute_force,0,item-005,0,0,5,5,1,2
MPV-GEN-T7-N30-R08,fast_brute_force,0,item-006,48,0,0,29,25,21
MPV-GEN-T7-N30-R08,fast_brute_force,0,item-007,0,1,5,23,2,13
MPV-GEN-T7-N30-R08,fast_brute_force,0,item-008,19,8,0,7,25,3
MPV-GEN-T7-N30-R08,fast_brute_force,0,item-009,19,8,3,7,14,32
MPV-GEN-T7-N30-R08,fast_brute_force,0,item-010,0,17,0,4,27,25
MPV-GEN-T7-N30-R08,fast_brute_force,0,item-011,48,25,0,29,25,7
MPV-GEN-T7-N30-R08,fast_brute_force,0,item-012,4,0,21,21,7,9
MPV-GEN-T7-N30-R08,fast_brute_force,0,item-013,0,44,0,33,30,16
MPV-GEN-T7-N30-R08,fast_brute_force,0,item-014,0,7,25,19,34,25
MPV-GEN-T7-N30-R08,fast_brute_force,0,item-015,33,32,0,10,33,30
MPV-GEN-T7-N30-R08,fast_brute_force,0,item-016,0,0,30,19,6,13
MPV-GEN-T7-N30-R08,fast_brute_force,0,item-017,4,33,0,18,6,3
MPV-GEN-T7-N30-R08,fast_brute_force,0,item-018,19,22,3,4,15,9
MPV-GEN-T7-N30-R08,fast_brute_force,0,item-019,19,0,30,31,5,14
MPV-GEN-T7-N30-R08,fast_brute_force,0,item-020,19,22,29,15,9,33
MPV-GEN-T7-N30-R08,fast_brute_force,0,item-021,0,0,44,30,4,25
MPV-GEN-T7-N30-R08,fast_brute_force,0,item-022,19,32,16,14,15,5
MPV-GEN-T7-N30-R08,fast_brute_force,0,item-023,26,8,0,1,23,9
MPV-GEN-T7-N30-R08,fast_brute_force,0,item-024,19,7,11,8,1,2
MPV-GEN-T7-N30-R08,fast_brute_force,0,item-025,4,41,16,12,5,35
MPV-GEN-T7-N30-R08,fast_brute_force,0,item-026,0,4,50,10,33,12
MPV-GEN-T7-N30-R08,fast_brute_force,0,item-027,19,32,21,11,14,22
MPV-GEN-T7-N30-R08,fast_brute_force,0,item-028,0,47,16,30,24,4
MPV-GEN-T7-N30-R08,fast_brute_force,0,item-029,19,22,12,5,8,7
MPV-GEN-T7-N30-R09,fast_brute_force,0,item-000,0,0,0,29,2,1
MPV-GEN-T7-N30-R09,fast_brute_force,0,item-001,29,0,0,12,5,33
MPV-GEN-T7-N30-R09,fast_brute_force,0,item-002,0,2,0,4,32,31
MPV-GEN-T7-N30-R09,fast_brute_force,0,item-003,0,0,31,27,15,29
MPV-GEN-T7-N30-R09,fast_brute_force,0,item-004,41,0,0,31,17,28
MPV-GEN-T7-N30-R09,fast_brute_force,0,item-005,27,5,0,9,26,7
MPV-GEN-T7-N30-R09,fast_brute_force,0,item-006,4,15,0,23,35,14
MPV-GEN-T7-N30-R09,fast_brute_force,0,item-007,4,0,14,25,30,5
MPV-GEN-T7-N30-R09,fast_brute_force,0,item-008,72,0,0,25,2,16
MPV-GEN-T7-N30-R09,fast_brute_force,0,item-009,4,15,19,35,21,32
MPV-GEN-T7-N30-R09,fast_brute_force,0,item-010,36,5,0,3,6,20
MPV-GEN-T7-N30-R09,fast_brute_force,0,item-011,27,5,28,31,5,34
MPV-GEN-T7-N30-R09,fast_brute_force,0,item-012,0,0,60,17,19,29
MPV-GEN-T7-N30-R09,fast_brute_force,0,item-013,58,0,28,30,29,7
MPV-GEN-T7-N30-R09,fast_brute_force,0,item-014,17,0,60,7,31,23
MPV-GEN-T7-N30-R09,fast_brute_force,0,item-015,27,0,33,30,1,20
MPV-GEN-T7-N30-R09,fast_brute_force,0,item-016,4,2,0,14,8,13
MPV-GEN-T7-N30-R09,fast_brute_force,0,item-017,0,19,51,13,14,15
MPV-GEN-T7-N30-R09,fast_brute_force,0,item-018,4,0,19,19,8,3
MPV-GEN-T7-N30-R09,fast_brute_force,0,item-019,88,2,0,12,26,20
MPV-GEN-T7-N30-R09,fast_brute_force,0,item-020,27,1,33,23,1,28
MPV-GEN-T7-N30-R09,fast_brute_force,0,item-021,57,0,28,1,1,22
MPV-GEN-T7-N30-R09,fast_brute_force,0,item-022,39,17,0,28,24,23
MPV-GEN-T7-N30-R09,fast_brute_force,0,item-023,67,29,0,28,34,28
MPV-GEN-T7-N30-R09,fast_brute_force,0,item-024,67,17,0,18,6,14
MPV-GEN-T7-N30-R09,fast_brute_force,0,item-025,23,0,19,2,15,2
MPV-GEN-T7-N30-R09,fast_brute_force,0,item-026,27,41,0,33,16,9
MPV-GEN-T7-N30-R09,fast_brute_force,0,item-027,27,36,9,8,35,13
MPV-GEN-T7-N30-R09,fast_brute_force,0,item-028,35,63,0,34,15,25
MPV-GEN-T7-N30-R09,fast_brute_force,0,item-029,39,17,23,15,35,3
MPV-GEN-T7-N30-R10,fast_brute_force,0,item-000,0,0,0,35,22,8
MPV-GEN-T7-N30-R10,fast_brute_force,0,item-001,35,0,0,10,1,7
MPV-GEN-T7-N30-R10,fast_brute_force,0,item-002,45,0,0,26,15,25
MPV-GEN-T7-N30-R10,fast_brute_force,0,item-003,71,0,0,11,34,5
MPV-GEN-T7-N30-R10,fast_brute_force,0,item-004,35,15,0,34,7,24
MPV-GEN-T7-N30-R10,fast_brute_force,0,item-005,0,0,8,14,15,13
MPV-GEN-T7-N30-R10,fast_brute_force,0,item-006,14,0,8,16,11,20
MPV-GEN-T7-N30-R10,fast_brute_force,0,item-007,0,0,21,14,22,31
MPV-GEN-T7-N30-R10,fast_brute_force,0,item-008,14,11,8,19,25,28
MPV-GEN-T7-N30-R10,fast_brute_force,0,item-009,0,22,0,4,29,19
MPV-GEN-T7-N30-R10,fast_brute_force,0,item-010,82,0,0,15,19,14
MPV-GEN-T7-N30-R10,fast_brute_force,0,item-011,33,22,0,32,19,25
MPV-GEN-T7-N30-R10,fast_brute_force,0,item-012,0,22,19,12,32,1
MPV-GEN-T7-N30-R10,fast_brute_force,0,item-013,12,36,0,16,27,22
MPV-GEN-T7-N30-R10,fast_brute_force,0,item-014,35,0,7,8,15,32
MPV-GEN-T7-N30-R10,fast_brute_force,0,item-015,0,22,22,14,28,9
MPV-GEN-T7-N30-R10,fast_brute_force,0,item-016,65,34,0,22,32,12
MPV-GEN-T7-N30-R10,fast_brute_force,0,item-017,28,41,0,32,21,3
MPV-GEN-T7-N30-R10,fast_brute_force,0,item-018,28,62,0,35,14,33
MPV-GEN-T7-N30-R10,fast_brute_force,0,item-019,0,63,0,27,23,15
MPV-GEN-T7-N30-R10,fast_brute_force,0,item-020,63,66,0,32,27,1
MPV-GEN-T7-N30-R10,fast_brute_force,0,item-021,63,66,1,29,34,18
MPV-GEN-T7-N30-R10,fast_brute_force,0,item-022,71,0,5,6,32,28
MPV-GEN-T7-N30-R10,fast_brute_force,0,item-023,14,36,22,9,21,34
MPV-GEN-T7-N30-R10,fast_brute_force,0,item-024,30,0,8,4,10,27
MPV-GEN-T7-N30-R10,fast_brute_force,0,item-025,65,22,0,3,12,5
MPV-GEN-T7-N30-R10,fast_brute_force,0,item-026,77,19,5,22,12,17
MPV-GEN-T7-N30-R10,fast_brute_force,0,item-027,65,22,5,4,10,5
MPV-GEN-T7-N30-R10,fast_brute_force,0,item-028,69,15,12,2,30,24
MPV-GEN-T7-N30-R10,fast_brute_force,0,item-029,33,15,24,24,3,23
MPV-GEN-T7-N60-R01,fast_brute_force,0,item-000,0,0,0,9,3,1
MPV-GEN-T7-N60-R01,fast_brute_force,0,item-001,9,0,0,7,21,10
MPV-GEN-T7-N60-R01,fast_brute_force,0,item-002,0,21,0,24,28,33
MPV-GEN-T7-N60-R01,fast_brute_force,0,item-003,16,0,0,23,13,8
MPV-GEN-T7-N60-R01,fast_brute_force,0,item-004,0,3,0,6,18,3
MPV-GEN-T7-N60-R01,fast_brute_force,0,item-005,16,13,0,29,3,32
MPV-GEN-T7-N60-R01,fast_brute_force,0,item-006,0,49,0,9,33,24
MPV-GEN-T7-N60-R01,fast_brute_force,0,item-007,0,0,32,28,20,6
MPV-GEN-T7-N60-R01,fast_brute_force,0,item-008,39,0,0,16,13,23
MPV-GEN-T7-N60-R01,fast_brute_force,0,item-009,28,0,23,25,12,30
MPV-GEN-T7-N60-R01,fast_brute_force,0,item-010,0,0,38,21,33,17
MPV-GEN-T7-N60-R01,fast_brute_force,0,item-011,0,0,3,5,9,10
MPV-GEN-T7-N60-R01,fast_brute_force,0,item-012,0,9,10,12,11,14
MPV-GEN-T7-N60-R01,fast_brute_force,0,item-013,0,82,0,18,7,27
MPV-GEN-T7-N60-R01,fast_brute_force,0,item-014,0,89,0,29,6,29
MPV-GEN-T7-N60-R01,fast_brute_force,0,item-015,9,49,0,15,17,11
MPV-GEN-T7-N60-R01,fast_brute_force,0,item-016,5,0,10,13,4,13
MPV-GEN-T7-N60-R01,fast_brute_force,0,item-017,9,49,11,17,29,17
MPV-GEN-T7-N60-R01,fast_brute_force,0,item-018,0,49,27,9,35,34
MPV-GEN-T7-N60-R01,fast_brute_force,0,item-019,0,33,33,24,13,20
MPV-GEN-T7-N60-R01,fast_brute_force,0,item-020,24,20,0,24,24,14
MPV-GEN-T7-N60-R01,fast_brute_force,0,item-021,21,0,38,2,28,24
MPV-GEN-T7-N60-R01,fast_brute_force,0,item-022,26,44,0,33,34,30
MPV-GEN-T7-N60-R01,fast_brute_force,0,item-023,23,20,33,21,12,34
MPV-GEN-T7-N60-R01,fast_brute_force,0,item-024,0,0,55,21,35,31
MPV-GEN-T7-N60-R01,fast_brute_force,0,item-025,45,12,23,22,32,10
MPV-GEN-T7-N60-R01,fast_brute_force,0,item-026,24,16,14,2,31,16
MPV-GEN-T7-N60-R01,fast_brute_force,0,item-027,28,16,0,14,2,26
MPV-GEN-T7-N60-R01,fast_brute_force,0,item-028,24,32,30,18,35,34
MPV-GEN-T7-N60-R01,fast_brute_force,0,item-029,9,67,29,4,27,27
MPV-GEN-T7-N60-R01,fast_brute_force,0,item-030,42,16,0,34,4,16
MPV-GEN-T7-N60-R01,fast_brute_force,0,item-031,48,20,0,27,21,1
MPV-GEN-T7-N60-R01,fast_brute_force,0,item-032,18,66,0,8,18,8
MPV-GEN-T7-N60-R01,fast_brute_force,0,item-033,0,35,53,23,13,9
MPV-GEN-T7-N60-R01,fast_brute_force,0,item-034,26,20,14,19,17,13
MPV-GEN-T7-N60-R01,fast_brute_force,0,item-035,67,41,0,28,30,19
MPV-GEN-T7-N60-R01,fast_brute_force,0,item-036,67,0,16,30,31,28
MPV-GEN-T7-N60-R01,fast_brute_force,0,item-037,16,16,0,6,5,3
MPV-GEN-T7-N60-R01,fast_brute_force,0,item-038,12,4,10,4,10,21
MPV-GEN-T7-N60-R01,fast_brute_force,0,item-039,59,71,0,29,24,7
MPV-GEN-T7-N60-R01,fast_brute_force,0,item-040,29,78,0,22,14,11
MPV-GEN-T7-N60-R01,fast_brute_force,0,item-041,48,20,1,17,15,12
MPV-GEN-T7-N60-R01,fast_brute_force,0,item-042,51,78,7,34,12,34
MPV-GEN-T7-N60-R01,fast_brute_force,0,item-043,13,67,30,32,30,27
MPV-GEN-T7-N60-R01,fast_brute_force,0,item-044,0,0,24,10,19,6
MPV-GEN-T7-N60-R01,fast_brute_force,0,item-045,18,0,10,9,13,8
MPV-GEN-T7-N60-R01,fast_brute_force,0,item-046,59,44,19,26,31,21
MPV-GEN-T7-N60-R01,fast_brute_force,0,item-047,67,31,1,27,10,23
MPV-GEN-T7-N60-R01,fast_brute_force,0,item-048,23,0,53,30,20,18
MPV-GEN-T7-N60-R01,fast_brute_force,0,item-049,44,31,40,31,23,27
MPV-GEN-T7-N60-R01,fast_brute_force,0,item-050,75,31,40,17,27,17
MPV-GEN-T7-N60-R01,fast_brute_force,0,item-051,53,0,33,5,27,2
MPV-GEN-T7-N60-R01,fast_brute_force,0,item-052,53,0,44,31,26,17
MPV-GEN-T7-N60-R01,fast_brute_force,0,item-053,45,54,40,23,23,16
MPV-GEN-T7-N60-R01,fast_brute_force,0,item-054,9,48,33,13,19,27
MPV-GEN-T7-N60-R01,fast_brute_force,0,item-055,53,0,61,33,31,30
MPV-GEN-T7-N60-R01,fast_brute_force,0,item-056,0,48,61,22,32,7
MPV-GEN-T7-N60-R01,fast_brute_force,0,item-057,68,75,7,25,2,17
MPV-GEN-T7-N60-R01,fast_brute_force,0,item-058,45,92,7,34,6,34
MPV-GEN-T7-N60-R01,fast_brute_force,0,item-059,21,20,67,16,23,22
MPV-GEN-T7-N60-R02,fast_brute_force,0,item-000,0,0,0,15,35,31
MPV-GEN-T7-N60-R02,fast_brute_force,0,item-001,0,35,0,5,17,31
MPV-GEN-T7-N60-R02,fast_brute_force,0,item-002,0,52,0,23,34,4
MPV-GEN-T7-N60-R02,fast_brute_force,0,item-003,15,0,0,7,32,7
MPV-GEN-T7-N60-R02,fast_brute_force,0,item-004,0,86,0,9,8,34
MPV-GEN-T7-N60-R02,fast_brute_force,0,item-005,0,52,4,11,27,3
MPV-GEN-T7-N60-R02,fast_brute_force,0,item-006,9,86,0,2,9,18
MPV-GEN-T7-N60-R02,fast_brute_force,0,item-007,0,52,7,17,24,32
MPV-GEN-T7-N60-R02,fast_brute_force,0,item-008,11,76,4,10,24,35
MPV-GEN-T7-N60-R02,fast_brute_force,0,item-009,15,32,0,17,20,17
MPV-GEN-T7-N60-R02,fast_brute_force,0,item-010,21,86,0,33,11,11
MPV-GEN-T7-N60-R02,fast_brute_force,0,item-011,17,52,4,29,23,1
MPV-GEN-T7-N60-R02,fast_brute_force,0,item-012,0,76,34,7,24,33
MPV-GEN-T7-N60-R02,fast_brute_force,0,item-013,7,95,0,4,5,19
MPV-GEN-T7-N60-R02,fast_brute_force,0,item-014,22,0,0,30,25,26
MPV-GEN-T7-N60-R02,fast_brute_force,0,item-015,32,25,0,34,21,35
MPV-GEN-T7-N60-R02,fast_brute_force,0,item-016,0,94,19,9,5,12
MPV-GEN-T7-N60-R02,fast_brute_force,0,item-017,17,75,4,13,1,5
MPV-GEN-T7-N60-R02,fast_brute_force,0,item-018,32,46,0,25,6,29
MPV-GEN-T7-N60-R02,fast_brute_force,0,item-019,5,35,17,27,10,27
MPV-GEN-T7-N60-R02,fast_brute_force,0,item-020,52,0,0,33,15,10
MPV-GEN-T7-N60-R02,fast_brute_force,0,item-021,0,0,31,30,26,20
MPV-GEN-T7-N60-R02,fast_brute_force,0,item-022,0,79,4,11,7,12
MPV-GEN-T7-N60-R02,fast_brute_force,0,item-023,30,0,26,2,34,17
MPV-GEN-T7-N60-R02,fast_brute_force,0,item-024,0,45,31,30,4,9
MPV-GEN-T7-N60-R02,fast_brute_force,0,item-025,46,52,0,23,29,13
MPV-GEN-T7-N60-R02,fast_brute_force,0,item-026,66,15,0,26,27,12
MPV-GEN-T7-N60-R02,fast_brute_force,0,item-027,52,0,10,10,24,18
MPV-GEN-T7-N60-R02,fast_brute_force,0,item-028,21,52,9,21,27,33
MPV-GEN-T7-N60-R02,fast_brute_force,0,item-029,0,45,40,13,30,12
MPV-GEN-T7-N60-R02,fast_brute_force,0,item-030,0,34,31,23,1,10
MPV-GEN-T7-N60-R02,fast_brute_force,0,item-031,15,0,7,6,24,23
MPV-GEN-T7-N60-R02,fast_brute_force,0,item-032,66,0,12,21,35,20
MPV-GEN-T7-N60-R02,fast_brute_force,0,item-033,32,0,26,18,17,27
MPV-GEN-T7-N60-R02,fast_brute_force,0,item-034,0,0,51,32,32,5
MPV-GEN-T7-N60-R02,fast_brute_force,0,item-035,66,35,12,30,15,17
MPV-GEN-T7-N60-R02,fast_brute_force,0,item-036,21,79,11,19,15,33
MPV-GEN-T7-N60-R02,fast_brute_force,0,item-037,0,99,0,7,1,18
MPV-GEN-T7-N60-R02,fast_brute_force,0,item-038,54,81,0,28,11,13
MPV-GEN-T7-N60-R02,fast_brute_force,0,item-039,66,50,0,33,2,6
MPV-GEN-T7-N60-R02,fast_brute_force,0,item-040,21,0,7,1,7,13
MPV-GEN-T7-N60-R02,fast_brute_force,0,item-041,57,50,13,22,33,26
MPV-GEN-T7-N60-R02,fast_brute_force,0,item-042,7,75,39,11,22,29
MPV-GEN-T7-N60-R02,fast_brute_force,0,item-043,15,26,17,15,9,1
MPV-GEN-T7-N60-R02,fast_brute_force,0,item-044,40,81,0,10,5,33
MPV-GEN-T7-N60-R02,fast_brute_force,0,item-045,79,52,0,19,16,22
MPV-GEN-T7-N60-R02,fast_brute_force,0,item-046,66,35,29,22,10,35
MPV-GEN-T7-N60-R02,fast_brute_force,0,item-047,13,45,40,6,27,17
MPV-GEN-T7-N60-R02,fast_brute_force,0,item-048,82,68,0,18,20,16
MPV-GEN-T7-N60-R02,fast_brute_force,0,item-049,69,52,0,10,20,5
MPV-GEN-T7-N60-R02,fast_brute_force,0,item-050,32,17,35,27,29,35
MPV-GEN-T7-N60-R02,fast_brute_force,0,item-051,0,32,44,29,13,10
MPV-GEN-T7-N60-R02,fast_brute_force,0,item-052,40,86,11,14,14,26
MPV-GEN-T7-N60-R02,fast_brute_force,0,item-053,79,68,16,20,20,18
MPV-GEN-T7-N60-R02,fast_brute_force,0,item-054,59,0,35,27,34,20
MPV-GEN-T7-N60-R02,fast_brute_force,0,item-055,66,45,29,28,4,17
MPV-GEN-T7-N60-R02,fast_brute_force,0,item-056,59,0,55,28,30,26
MPV-GEN-T7-N60-R02,fast_brute_force,0,item-057,87,0,12,13,35,31
MPV-GEN-T7-N60-R02,fast_brute_force,0,item-058,0,32,54,5,34,32
MPV-GEN-T7-N60-R02,fast_brute_force,0,item-059,0,76,7,9,2,21
MPV-GEN-T7-N60-R03,fast_brute_force,0,item-000,0,0,0,20,33,4
MPV-GEN-T7-N60-R03,fast_brute_force,0,item-001,0,33,0,14,14,6
MPV-GEN-T7-N60-R03,fast_brute_force,0,item-002,0,0,4,11,18,11
MPV-GEN-T7-N60-R03,fast_brute_force,0,item-003,0,18,4,13,15,19
MPV-GEN-T7-N60-R03,fast_brute_force,0,item-004,13,0,4,13,20,6
MPV-GEN-T7-N60-R03,fast_brute_force,0,item-005,11,0,10,15,17,31
MPV-GEN-T7-N60-R03,fast_brute_force,0,item-006,0,47,0,31,19,11
MPV-GEN-T7-N60-R03,fast_brute_force,0,item-007,0,0,15,7,17,24
MPV-GEN-T7-N60-R03,fast_brute_force,0,item-008,11,17,10,28,1,13
MPV-GEN-T7-N60-R03,fast_brute_force,0,item-009,26,18,0,22,27,17
MPV-GEN-T7-N60-R03,fast_brute_force,0,item-010,14,20,4,9,25,6
MPV-GEN-T7-N60-R03,fast_brute_force,0,item-011,26,0,0,31,3,28
MPV-GEN-T7-N60-R03,fast_brute_force,0,item-012,23,20,0,3,24,18
MPV-GEN-T7-N60-R03,fast_brute_force,0,item-013,13,20,4,1,4,10
MPV-GEN-T7-N60-R03,fast_brute_force,0,item-014,0,66,0,30,22,1
MPV-GEN-T7-N60-R03,fast_brute_force,0,item-015,0,44,11,19,24,25
MPV-GEN-T7-N60-R03,fast_brute_force,0,item-016,0,33,10,16,7,12
MPV-GEN-T7-N60-R03,fast_brute_force,0,item-017,26,3,0,31,9,29
MPV-GEN-T7-N60-R03,fast_brute_force,0,item-018,19,44,11,5,34,23
MPV-GEN-T7-N60-R03,fast_brute_force,0,item-019,0,68,1,8,31,33
MPV-GEN-T7-N60-R03,fast_brute_force,0,item-020,13,24,10,6,7,17
MPV-GEN-T7-N60-R03,fast_brute_force,0,item-021,19,18,10,1,23,5
MPV-GEN-T7-N60-R03,fast_brute_force,0,item-022,8,78,1,25,16,18
MPV-GEN-T7-N60-R03,fast_brute_force,0,item-023,0,68,34,17,10,24
MPV-GEN-T7-N60-R03,fast_brute_force,0,item-024,30,66,0,17,9,9
MPV-GEN-T7-N60-R03,fast_brute_force,0,item-025,0,17,23,13,27,3
MPV-GEN-T7-N60-R03,fast_brute_force,0,item-026,8,66,1,14,10,9
MPV-GEN-T7-N60-R03,fast_brute_force,0,item-027,0,0,39,7,33,21
MPV-GEN-T7-N60-R03,fast_brute_force,0,item-028,31,45,0,25,18,19
MPV-GEN-T7-N60-R03,fast_brute_force,0,item-029,33,75,0,23,22,31
MPV-GEN-T7-N60-R03,fast_brute_force,0,item-030,0,33,36,11,34,3
MPV-GEN-T7-N60-R03,fast_brute_force,0,item-031,8,78,19,19,14,32
MPV-GEN-T7-N60-R03,fast_brute_force,0,item-032,48,12,0,35,28,10
MPV-GEN-T7-N60-R03,fast_brute_force,0,item-033,8,92,19,24,8,34
MPV-GEN-T7-N60-R03,fast_brute_force,0,item-034,48,12,10,34,23,33
MPV-GEN-T7-N60-R03,fast_brute_force,0,item-035,11,17,27,33,24,4
MPV-GEN-T7-N60-R03,fast_brute_force,0,item-036,26,0,29,19,12,25
MPV-GEN-T7-N60-R03,fast_brute_force,0,item-037,16,31,18,32,10,9
MPV-GEN-T7-N60-R03,fast_brute_force,0,item-038,11,17,31,16,25,6
MPV-GEN-T7-N60-R03,fast_brute_force,0,item-039,13,18,18,26,4,6
MPV-GEN-T7-N60-R03,fast_brute_force,0,item-040,0,67,36,14,1,26
MPV-GEN-T7-N60-R03,fast_brute_force,0,item-041,45,0,28,28,3,27
MPV-GEN-T7-N60-R03,fast_brute_force,0,item-042,73,0,0,22,8,23
MPV-GEN-T7-N60-R03,fast_brute_force,0,item-043,47,63,0,32,12,23
MPV-GEN-T7-N60-R03,fast_brute_force,0,item-044,24,66,9,9,4,24
MPV-GEN-T7-N60-R03,fast_brute_force,0,item-045,56,40,0,28,20,35
MPV-GEN-T7-N60-R03,fast_brute_force,0,item-046,27,41,19,17,23,13
MPV-GEN-T7-N60-R03,fast_brute_force,0,item-047,79,60,0,21,31,24
MPV-GEN-T7-N60-R03,fast_brute_force,0,item-048,48,35,10,7,9,15
MPV-GEN-T7-N60-R03,fast_brute_force,0,item-049,56,60,23,23,28,5
MPV-GEN-T7-N60-R03,fast_brute_force,0,item-050,55,35,10,1,9,17
MPV-GEN-T7-N60-R03,fast_brute_force,0,item-051,24,42,33,31,35,19
MPV-GEN-T7-N60-R03,fast_brute_force,0,item-052,27,12,31,19,26,34
MPV-GEN-T7-N60-R03,fast_brute_force,0,item-053,7,17,37,16,16,9
MPV-GEN-T7-N60-R03,fast_brute_force,0,item-054,44,38,27,5,3,35
MPV-GEN-T7-N60-R03,fast_brute_force,0,item-055,14,33,37,10,34,28
MPV-GEN-T7-N60-R03,fast_brute_force,0,item-056,79,60,24,21,29,21
MPV-GEN-T7-N60-R03,fast_brute_force,0,item-057,46,3,43,35,32,11
MPV-GEN-T7-N60-R03,fast_brute_force,0,item-058,56,35,10,35,5,31
MPV-GEN-T7-N60-R03,fast_brute_force,0,item-059,11,33,37,3,29,19
MPV-GEN-T7-N60-R04,fast_brute_force,0,item-000,0,0,0,14,18,11
MPV-GEN-T7-N60-R04,fast_brute_force,0,item-001,0,18,0,12,10,15
MPV-GEN-T7-N60-R04,fast_brute_force,0,item-002,0,0,11,10,1,5
MPV-GEN-T7-N60-R04,fast_brute_force,0,item-003,0,28,0,32,34,18
MPV-GEN-T7-N60-R04,fast_brute_force,0,item-004,12,18,0,28,10,14
MPV-GEN-T7-N60-R04,fast_brute_force,0,item-005,14,0,0,20,6,2
MPV-GEN-T7-N60-R04,fast_brute_force,0,item-006,0,62,0,24,30,17
MPV-GEN-T7-N60-R04,fast_brute_force,0,item-007,12,0,14,31,21,27
MPV-GEN-T7-N60-R04,fast_brute_force,0,item-008,0,1,15,10,24,25
MPV-GEN-T7-N60-R04,fast_brute_force,0,item-009,24,62,0,14,35,16
MPV-GEN-T7-N60-R04,fast_brute_force,0,item-010,0,92,0,21,3,35
MPV-GEN-T7-N60-R04,fast_brute_force,0,item-011,32,28,0,32,17,19
MPV-GEN-T7-N60-R04,fast_brute_force,0,item-012,0,25,15,33,2,25
MPV-GEN-T7-N60-R04,fast_brute_force,0,item-013,43,0,0,22,25,25
MPV-GEN-T7-N60-R04,fast_brute_force,0,item-014,21,92,16,31,6,33
MPV-GEN-T7-N60-R04,fast_brute_force,0,item-015,40,0,0,3,16,14
MPV-GEN-T7-N60-R04,fast_brute_force,0,item-016,14,6,0,24,8,11
MPV-GEN-T7-N60-R04,fast_brute_force,0,item-017,0,27,18,27,28,17
MPV-GEN-T7-N60-R04,fast_brute_force,0,item-018,0,95,0,21,5,18
MPV-GEN-T7-N60-R04,fast_brute_force,0,item-019,32,45,0,23,16,28
MPV-GEN-T7-N60-R04,fast_brute_force,0,item-020,0,55,18,15,33,13
MPV-GEN-T7-N60-R04,fast_brute_force,0,item-021,33,21,19,6,21,1
MPV-GEN-T7-N60-R04,fast_brute_force,0,item-022,39,21,19,3,24,35
MPV-GEN-T7-N60-R04,fast_brute_force,0,item-023,52,61,0,33,32,30
MPV-GEN-T7-N60-R04,fast_brute_force,0,item-024,55,45,0,26,13,22
MPV-GEN-T7-N60-R04,fast_brute_force,0,item-025,32,61,0,14,1,6
MPV-GEN-T7-N60-R04,fast_brute_force,0,item-026,40,21,0,3,6,17
MPV-GEN-T7-N60-R04,fast_brute_force,0,item-027,21,92,0,3,8,13
MPV-GEN-T7-N60-R04,fast_brute_force,0,item-028,15,55,28,28,33,6
MPV-GEN-T7-N60-R04,fast_brute_force,0,item-029,65,0,0,32,25,28
MPV-GEN-T7-N60-R04,fast_brute_force,0,item-030,64,25,0,35,19,32
MPV-GEN-T7-N60-R04,fast_brute_force,0,item-031,42,25,19,21,17,19
MPV-GEN-T7-N60-R04,fast_brute_force,0,item-032,27,45,28,13,10,34
MPV-GEN-T7-N60-R04,fast_brute_force,0,item-033,0,27,35,31,12,17
MPV-GEN-T7-N60-R04,fast_brute_force,0,item-034,38,88,0,12,3,13
MPV-GEN-T7-N60-R04,fast_brute_force,0,item-035,10,0,11,23,9,2
MPV-GEN-T7-N60-R04,fast_brute_force,0,item-036,43,61,13,8,31,30
MPV-GEN-T7-N60-R04,fast_brute_force,0,item-037,0,0,41,33,18,1
MPV-GEN-T7-N60-R04,fast_brute_force,0,item-038,10,21,20,28,3,10
MPV-GEN-T7-N60-R04,fast_brute_force,0,item-039,55,44,22,30,17,17
MPV-GEN-T7-N60-R04,fast_brute_force,0,item-040,33,0,41,5,29,28
MPV-GEN-T7-N60-R04,fast_brute_force,0,item-041,0,0,42,33,21,6
MPV-GEN-T7-N60-R04,fast_brute_force,0,item-042,51,61,30,34,30,18
MPV-GEN-T7-N60-R04,fast_brute_force,0,item-043,40,45,34,3,26,32
MPV-GEN-T7-N60-R04,fast_brute_force,0,item-044,55,58,0,32,2,16
MPV-GEN-T7-N60-R04,fast_brute_force,0,item-045,97,0,0,3,23,14
MPV-GEN-T7-N60-R04,fast_brute_force,0,item-046,63,25,0,1,2,27
MPV-GEN-T7-N60-R04,fast_brute_force,0,item-047,43,42,28,12,13,18
MPV-GEN-T7-N60-R04,fast_brute_force,0,item-048,52,91,30,30,9,13
MPV-GEN-T7-N60-R04,fast_brute_force,0,item-049,24,98,0,25,2,6
MPV-GEN-T7-N60-R04,fast_brute_force,0,item-050,43,0,25,11,23,35
MPV-GEN-T7-N60-R04,fast_brute_force,0,item-051,0,55,34,32,33,27
MPV-GEN-T7-N60-R04,fast_brute_force,0,item-052,24,98,6,25,2,8
MPV-GEN-T7-N60-R04,fast_brute_force,0,item-053,85,44,0,13,13,11
MPV-GEN-T7-N60-R04,fast_brute_force,0,item-054,32,71,43,19,18,16
MPV-GEN-T7-N60-R04,fast_brute_force,0,item-055,38,91,0,5,7,15
MPV-GEN-T7-N60-R04,fast_brute_force,0,item-056,85,60,0,15,27,17
MPV-GEN-T7-N60-R04,fast_brute_force,0,item-057,63,0,32,35,30,2
MPV-GEN-T7-N60-R04,fast_brute_force,0,item-058,0,0,52,29,33,29
MPV-GEN-T7-N60-R04,fast_brute_force,0,item-059,32,55,34,8,8,30
MPV-GEN-T7-N60-R05,fast_brute_force,0,item-000,0,0,0,19,16,19
MPV-GEN-T7-N60-R05,fast_brute_force,0,item-001,19,0,0,21,7,25
MPV-GEN-T7-N60-R05,fast_brute_force,0,item-002,40,0,0,33,8,12
MPV-GEN-T7-N60-R05,fast_brute_force,0,item-003,0,0,19,15,17,18
MPV-GEN-T7-N60-R05,fast_brute_force,0,item-004,40,0,12,32,34,9
MPV-GEN-T7-N60-R05,fast_brute_force,0,item-005,15,0,19,1,19,7
MPV-GEN-T7-N60-R05,fast_brute_force,0,item-006,19,7,0,18,5,10
MPV-GEN-T7-N60-R05,fast_brute_force,0,item-007,19,12,0,21,14,19
MPV-GEN-T7-N60-R05,fast_brute_force,0,item-008,19,7,10,5,1,3
MPV-GEN-T7-N60-R05,fast_brute_force,0,item-009,0,19,0,19,7,4
MPV-GEN-T7-N60-R05,fast_brute_force,0,item-010,0,26,0,32,5,7
MPV-GEN-T7-N60-R05,fast_brute_force,0,item-011,0,31,0,34,32,11
MPV-GEN-T7-N60-R05,fast_brute_force,0,item-012,0,26,7,29,2,10
MPV-GEN-T7-N60-R05,fast_brute_force,0,item-013,0,19,17,19,24,16
MPV-GEN-T7-N60-R05,fast_brute_force,0,item-014,19,28,11,19,26,31
MPV-GEN-T7-N60-R05,fast_brute_force,0,item-015,16,0,25,23,19,4
MPV-GEN-T7-N60-R05,fast_brute_force,0,item-016,0,43,11,19,33,11
MPV-GEN-T7-N60-R05,fast_brute_force,0,item-017,0,17,29,22,1,29
MPV-GEN-T7-N60-R05,fast_brute_force,0,item-018,15,0,26,1,10,12
MPV-GEN-T7-N60-R05,fast_brute_force,0,item-019,16,0,29,27,14,34
MPV-GEN-T7-N60-R05,fast_brute_force,0,item-020,72,8,0,23,25,20
MPV-GEN-T7-N60-R05,fast_brute_force,0,item-021,0,76,0,35,18,33
MPV-GEN-T7-N60-R05,fast_brute_force,0,item-022,19,7,19,17,21,6
MPV-GEN-T7-N60-R05,fast_brute_force,0,item-023,73,0,0,25,8,14
MPV-GEN-T7-N60-R05,fast_brute_force,0,item-024,0,43,22,13,18,34
MPV-GEN-T7-N60-R05,fast_brute_force,0,item-025,0,0,58,16,34,8
MPV-GEN-T7-N60-R05,fast_brute_force,0,item-026,72,33,0,26,24,14
MPV-GEN-T7-N60-R05,fast_brute_force,0,item-027,35,54,0,35,29,4
MPV-GEN-T7-N60-R05,fast_brute_force,0,item-028,38,26,0,32,24,4
MPV-GEN-T7-N60-R05,fast_brute_force,0,item-029,0,0,37,7,17,12
MPV-GEN-T7-N60-R05,fast_brute_force,0,item-030,40,8,0,23,17,2
MPV-GEN-T7-N60-R05,fast_brute_force,0,item-031,0,63,0,34,7,5
MPV-GEN-T7-N60-R05,fast_brute_force,0,item-032,38,50,0,27,3,24
MPV-GEN-T7-N60-R05,fast_brute_force,0,item-033,72,0,14,25,3,24
MPV-GEN-T7-N60-R05,fast_brute_force,0,item-034,70,57,0,26,29,6
MPV-GEN-T7-N60-R05,fast_brute_force,0,item-035,40,8,4,26,30,1
MPV-GEN-T7-N60-R05,fast_brute_force,0,item-036,43,0,21,8,28,34
MPV-GEN-T7-N60-R05,fast_brute_force,0,item-037,38,53,4,23,27,15
MPV-GEN-T7-N60-R05,fast_brute_force,0,item-038,0,0,49,16,17,3
MPV-GEN-T7-N60-R05,fast_brute_force,0,item-039,35,80,4,23,19,17
MPV-GEN-T7-N60-R05,fast_brute_force,0,item-040,51,0,21,18,23,29
MPV-GEN-T7-N60-R05,fast_brute_force,0,item-041,36,7,10,4,3,7
MPV-GEN-T7-N60-R05,fast_brute_force,0,item-042,19,70,0,10,4,12
MPV-GEN-T7-N60-R05,fast_brute_force,0,item-043,0,94,0,20,6,7
MPV-GEN-T7-N60-R05,fast_brute_force,0,item-044,0,18,29,31,1,7
MPV-GEN-T7-N60-R05,fast_brute_force,0,item-045,58,83,0,12,15,27
MPV-GEN-T7-N60-R05,fast_brute_force,0,item-046,38,34,5,31,15,5
MPV-GEN-T7-N60-R05,fast_brute_force,0,item-047,61,53,14,27,29,13
MPV-GEN-T7-N60-R05,fast_brute_force,0,item-048,0,16,4,19,10,12
MPV-GEN-T7-N60-R05,fast_brute_force,0,item-049,39,14,21,3,33,18
MPV-GEN-T7-N60-R05,fast_brute_force,0,item-050,38,53,19,20,26,5
MPV-GEN-T7-N60-R05,fast_brute_force,0,item-051,13,54,24,34,20,24
MPV-GEN-T7-N60-R05,fast_brute_force,0,item-052,31,14,29,7,14,16
MPV-GEN-T7-N60-R05,fast_brute_force,0,item-053,22,14,42,9,32,14
MPV-GEN-T7-N60-R05,fast_brute_force,0,item-054,13,18,42,9,34,8
MPV-GEN-T7-N60-R05,fast_brute_force,0,item-055,42,34,14,34,14,26
MPV-GEN-T7-N60-R05,fast_brute_force,0,item-056,20,94,0,8,3,35
MPV-GEN-T7-N60-R05,fast_brute_force,0,item-057,72,3,20,22,27,17
MPV-GEN-T7-N60-R05,fast_brute_force,0,item-058,35,79,21,24,4,28
MPV-GEN-T7-N60-R05,fast_brute_force,0,item-059,59,53,19,2,23,28
MPV-GEN-T7-N60-R06,fast_brute_force,0,item-000,0,0,0,25,13,14
MPV-GEN-T7-N60-R06,fast_brute_force,0,item-001,25,0,0,19,3,11
MPV-GEN-T7-N60-R06,fast_brute_force,0,item-002,44,0,0,32,26,18
MPV-GEN-T7-N60-R06,fast_brute_force,0,item-003,76,0,0,22,1,17
MPV-GEN-T7-N60-R06,fast_brute_force,0,item-004,25,3,0,12,24,17
MPV-GEN-T7-N60-R06,fast_brute_force,0,item-005,37,3,0,6,8,1
MPV-GEN-T7-N60-R06,fast_brute_force,0,item-006,0,13,0,11,16,4
MPV-GEN-T7-N60-R06,fast_brute_force,0,item-007,11,13,0,10,6,10
MPV-GEN-T7-N60-R06,fast_brute_force,0,item-008,0,19,4,22,24,15
MPV-GEN-T7-N60-R06,fast_brute_force,0,item-009,11,19,0,11,27,3
MPV-GEN-T7-N60-R06,fast_brute_force,0,item-010,0,0,17,32,18,1
MPV-GEN-T7-N60-R06,fast_brute_force,0,item-011,0,0,18,35,11,2
MPV-GEN-T7-N60-R06,fast_brute_force,0,item-012,43,3,0,1,15,29
MPV-GEN-T7-N60-R06,fast_brute_force,0,item-013,37,11,0,5,22,8
MPV-GEN-T7-N60-R06,fast_brute_force,0,item-014,22,18,17,20,10,5
MPV-GEN-T7-N60-R06,fast_brute_force,0,item-015,0,43,0,7,23,28
MPV-GEN-T7-N60-R06,fast_brute_force,0,item-016,0,0,22,27,34,10
MPV-GEN-T7-N60-R06,fast_brute_force,0,item-017,0,34,19,18,8,17
MPV-GEN-T7-N60-R06,fast_brute_force,0,item-018,76,1,0,17,16,19
MPV-GEN-T7-N60-R06,fast_brute_force,0,item-019,93,1,0,7,34,29
MPV-GEN-T7-N60-R06,fast_brute_force,0,item-020,44,0,18,32,16,16
MPV-GEN-T7-N60-R06,fast_brute_force,0,item-021,27,28,0,5,28,17
MPV-GEN-T7-N60-R06,fast_brute_force,0,item-022,0,0,32,30,29,11
MPV-GEN-T7-N60-R06,fast_brute_force,0,item-023,7,46,0,6,30,20
MPV-GEN-T7-N60-R06,fast_brute_force,0,item-024,76,0,29,22,22,12
MPV-GEN-T7-N60-R06,fast_brute_force,0,item-025,76,22,0,17,31,11
MPV-GEN-T7-N60-R06,fast_brute_force,0,item-026,76,22,11,15,20,10
MPV-GEN-T7-N60-R06,fast_brute_force,0,item-027,7,42,19,31,4,31
MPV-GEN-T7-N60-R06,fast_brute_force,0,item-028,30,18,22,35,16,26
MPV-GEN-T7-N60-R06,fast_brute_force,0,item-029,0,0,43,28,20,9
MPV-GEN-T7-N60-R06,fast_brute_force,0,item-030,0,20,43,24,14,31
MPV-GEN-T7-N60-R06,fast_brute_force,0,item-031,13,46,0,13,33,15
MPV-GEN-T7-N60-R06,fast_brute_force,0,item-032,24,20,48,17,20,13
MPV-GEN-T7-N60-R06,fast_brute_force,0,item-033,32,34,0,32,7,7
MPV-GEN-T7-N60-R06,fast_brute_force,0,item-034,0,79,0,27,21,33
MPV-GEN-T7-N60-R06,fast_brute_force,0,item-035,0,34,36,16,3,34
MPV-GEN-T7-N60-R06,fast_brute_force,0,item-036,38,41,0,32,24,4
MPV-GEN-T7-N60-R06,fast_brute_force,0,item-037,70,53,0,24,35,7
MPV-GEN-T7-N60-R06,fast_brute_force,0,item-038,0,42,28,5,30,30
MPV-GEN-T7-N60-R06,fast_brute_force,0,item-039,27,65,0,27,32,16
MPV-GEN-T7-N60-R06,fast_brute_force,0,item-040,32,46,4,32,4,31
MPV-GEN-T7-N60-R06,fast_brute_force,0,item-041,26,56,0,9,9,9
MPV-GEN-T7-N60-R06,fast_brute_force,0,item-042,7,46,20,22,26,7
MPV-GEN-T7-N60-R06,fast_brute_force,0,item-043,22,34,0,3,8,16
MPV-GEN-T7-N60-R06,fast_brute_force,0,item-044,64,42,11,31,34,34
MPV-GEN-T7-N60-R06,fast_brute_force,0,item-045,42,26,7,22,18,6
MPV-GEN-T7-N60-R06,fast_brute_force,0,item-046,5,46,28,27,29,19
MPV-GEN-T7-N60-R06,fast_brute_force,0,item-047,5,37,50,18,34,19
MPV-GEN-T7-N60-R06,fast_brute_force,0,item-048,65,0,41,19,33,10
MPV-GEN-T7-N60-R06,fast_brute_force,0,item-049,65,33,21,17,7,19
MPV-GEN-T7-N60-R06,fast_brute_force,0,item-050,32,50,4,30,5,23
MPV-GEN-T7-N60-R06,fast_brute_force,0,item-051,65,33,40,35,6,32
MPV-GEN-T7-N60-R06,fast_brute_force,0,item-052,84,0,41,13,25,25
MPV-GEN-T7-N60-R06,fast_brute_force,0,item-053,54,65,0,6,29,4
MPV-GEN-T7-N60-R06,fast_brute_force,0,item-054,30,0,34,23,14,24
MPV-GEN-T7-N60-R06,fast_brute_force,0,item-055,27,75,16,17,22,13
MPV-GEN-T7-N60-R06,fast_brute_force,0,item-056,32,55,4,14,1,31
MPV-GEN-T7-N60-R06,fast_brute_force,0,item-057,54,55,4,10,25,31
MPV-GEN-T7-N60-R06,fast_brute_force,0,item-058,53,0,51,30,32,26
MPV-GEN-T7-N60-R06,fast_brute_force,0,item-059,32,44,4,30,2,4
MPV-GEN-T7-N60-R07,fast_brute_force,0,item-000,0,0,0,30,34,22
MPV-GEN-T7-N60-R07,fast_brute_force,0,item-001,0,34,0,28,35,21
MPV-GEN-T7-N60-R07,fast_brute_force,0,item-002,0,69,0,20,10,25
MPV-GEN-T7-N60-R07,fast_brute_force,0,item-003,0,79,0,5,19,29
MPV-GEN-T7-N60-R07,fast_brute_force,0,item-004,5,79,0,16,13,12
MPV-GEN-T7-N60-R07,fast_brute_force,0,item-005,0,34,21,22,33,6
MPV-GEN-T7-N60-R07,fast_brute_force,0,item-006,21,69,0,5,26,32
MPV-GEN-T7-N60-R07,fast_brute_force,0,item-007,26,69,0,35,11,2
MPV-GEN-T7-N60-R07,fast_brute_force,0,item-008,5,92,0,5,1,28
MPV-GEN-T7-N60-R07,fast_brute_force,0,item-009,5,0,27,16,34,3
MPV-GEN-T7-N60-R07,fast_brute_force,0,item-010,10,67,25,8,32,31
MPV-GEN-T7-N60-R07,fast_brute_force,0,item-011,18,92,0,2,3,29
MPV-GEN-T7-N60-R07,fast_brute_force,0,item-012,26,69,2,32,27,14
MPV-GEN-T7-N60-R07,fast_brute_force,0,item-013,18,67,25,2,21,22
MPV-GEN-T7-N60-R07,fast_brute_force,0,item-014,26,69,16,20,30,3
MPV-GEN-T7-N60-R07,fast_brute_force,0,item-015,58,80,0,27,14,18
MPV-GEN-T7-N60-R07,fast_brute_force,0,item-016,0,98,0,22,1,10
MPV-GEN-T7-N60-R07,fast_brute_force,0,item-017,20,69,12,1,16,6
MPV-GEN-T7-N60-R07,fast_brute_force,0,item-018,26,69,19,32,21,13
MPV-GEN-T7-N60-R07,fast_brute_force,0,item-019,28,34,0,23,20,35
MPV-GEN-T7-N60-R07,fast_brute_force,0,item-020,5,79,12,5,8,23
MPV-GEN-T7-N60-R07,fast_brute_force,0,item-021,30,0,0,34,25,14
MPV-GEN-T7-N60-R07,fast_brute_force,0,item-022,0,67,25,9,3,29
MPV-GEN-T7-N60-R07,fast_brute_force,0,item-023,58,94,0,21,6,4
MPV-GEN-T7-N60-R07,fast_brute_force,0,item-024,0,70,35,9,15,12
MPV-GEN-T7-N60-R07,fast_brute_force,0,item-025,10,92,0,7,6,13
MPV-GEN-T7-N60-R07,fast_brute_force,0,item-026,0,85,29,3,15,19
MPV-GEN-T7-N60-R07,fast_brute_force,0,item-027,0,0,22,5,25,34
MPV-GEN-T7-N60-R07,fast_brute_force,0,item-028,0,34,27,16,30,24
MPV-GEN-T7-N60-R07,fast_brute_force,0,item-029,18,88,29,3,12,28
MPV-GEN-T7-N60-R07,fast_brute_force,0,item-030,16,34,27,12,12,24
MPV-GEN-T7-N60-R07,fast_brute_force,0,item-031,51,25,0,26,35,1
MPV-GEN-T7-N60-R07,fast_brute_force,0,item-032,64,0,0,31,13,3
MPV-GEN-T7-N60-R07,fast_brute_force,0,item-033,64,13,1,26,33,14
MPV-GEN-T7-N60-R07,fast_brute_force,0,item-034,51,25,1,6,35,26
MPV-GEN-T7-N60-R07,fast_brute_force,0,item-035,30,0,14,19,24,33
MPV-GEN-T7-N60-R07,fast_brute_force,0,item-036,64,0,3,32,9,8
MPV-GEN-T7-N60-R07,fast_brute_force,0,item-037,30,25,0,14,9,33
MPV-GEN-T7-N60-R07,fast_brute_force,0,item-038,5,0,30,16,32,23
MPV-GEN-T7-N60-R07,fast_brute_force,0,item-039,49,0,27,32,34,28
MPV-GEN-T7-N60-R07,fast_brute_force,0,item-040,21,0,47,22,33,32
MPV-GEN-T7-N60-R07,fast_brute_force,0,item-041,0,32,51,15,26,22
MPV-GEN-T7-N60-R07,fast_brute_force,0,item-042,57,34,15,33,35,1
MPV-GEN-T7-N60-R07,fast_brute_force,0,item-043,0,70,48,8,23,3
MPV-GEN-T7-N60-R07,fast_brute_force,0,item-044,15,33,51,30,21,25
MPV-GEN-T7-N60-R07,fast_brute_force,0,item-045,0,70,51,8,22,19
MPV-GEN-T7-N60-R07,fast_brute_force,0,item-046,0,93,48,10,7,32
MPV-GEN-T7-N60-R07,fast_brute_force,0,item-047,57,46,1,33,15,14
MPV-GEN-T7-N60-R07,fast_brute_force,0,item-048,21,0,22,8,34,9
MPV-GEN-T7-N60-R07,fast_brute_force,0,item-049,20,54,27,30,15,19
MPV-GEN-T7-N60-R07,fast_brute_force,0,item-050,45,25,0,4,8,5
MPV-GEN-T7-N60-R07,fast_brute_force,0,item-051,8,87,12,2,5,6
MPV-GEN-T7-N60-R07,fast_brute_force,0,item-052,50,54,27,30,14,33
MPV-GEN-T7-N60-R07,fast_brute_force,0,item-053,49,0,14,2,25,7
MPV-GEN-T7-N60-R07,fast_brute_force,0,item-054,20,69,18,1,18,4
MPV-GEN-T7-N60-R07,fast_brute_force,0,item-055,85,69,0,11,17,24
MPV-GEN-T7-N60-R07,fast_brute_force,0,item-056,10,58,56,7,35,14
MPV-GEN-T7-N60-R07,fast_brute_force,0,item-057,17,54,46,32,10,23
MPV-GEN-T7-N60-R07,fast_brute_force,0,item-058,58,68,18,25,26,25
MPV-GEN-T7-N60-R07,fast_brute_force,0,item-059,21,64,46,24,29,2
MPV-GEN-T7-N60-R08,fast_brute_force,0,item-000,0,0,0,1,31,29
MPV-GEN-T7-N60-R08,fast_brute_force,0,item-001,0,31,0,26,31,30
MPV-GEN-T7-N60-R08,fast_brute_force,0,item-002,1,0,0,19,16,31
MPV-GEN-T7-N60-R08,fast_brute_force,0,item-003,20,0,0,12,26,28
MPV-GEN-T7-N60-R08,fast_brute_force,0,item-004,20,0,28,19,26,20
MPV-GEN-T7-N60-R08,fast_brute_force,0,item-005,0,62,0,27,22,12
MPV-GEN-T7-N60-R08,fast_brute_force,0,item-006,1,26,0,33,2,26
MPV-GEN-T7-N60-R08,fast_brute_force,0,item-007,1,28,0,24,3,28
MPV-GEN-T7-N60-R08,fast_brute_force,0,item-008,0,84,0,34,12,5
MPV-GEN-T7-N60-R08,fast_brute_force,0,item-009,1,16,0,8,7,25
MPV-GEN-T7-N60-R08,fast_brute_force,0,item-010,0,16,29,20,10,25
MPV-GEN-T7-N60-R08,fast_brute_force,0,item-011,0,26,30,3,17,20
MPV-GEN-T7-N60-R08,fast_brute_force,0,item-012,26,28,0,27,28,33
MPV-GEN-T7-N60-R08,fast_brute_force,0,item-013,0,43,30,23,19,14
MPV-GEN-T7-N60-R08,fast_brute_force,0,item-014,39,0,0,21,26,35
MPV-GEN-T7-N60-R08,fast_brute_force,0,item-015,27,56,0,11,18,7
MPV-GEN-T7-N60-R08,fast_brute_force,0,item-016,34,26,0,30,2,9
MPV-GEN-T7-N60-R08,fast_brute_force,0,item-017,38,56,0,32,35,29
MPV-GEN-T7-N60-R08,fast_brute_force,0,item-018,34,0,9,1,27,8
MPV-GEN-T7-N60-R08,fast_brute_force,0,item-019,60,0,0,26,17,7
MPV-GEN-T7-N60-R08,fast_brute_force,0,item-020,86,0,0,14,34,19
MPV-GEN-T7-N60-R08,fast_brute_force,0,item-021,35,0,0,4,23,10
MPV-GEN-T7-N60-R08,fast_brute_force,0,item-022,3,26,30,22,11,34
MPV-GEN-T7-N60-R08,fast_brute_force,0,item-023,35,0,10,2,28,10
MPV-GEN-T7-N60-R08,fast_brute_force,0,item-024,60,0,7,18,19,25
MPV-GEN-T7-N60-R08,fast_brute_force,0,item-025,1,23,0,8,3,16
MPV-GEN-T7-N60-R08,fast_brute_force,0,item-026,0,62,12,27,34,15
MPV-GEN-T7-N60-R08,fast_brute_force,0,item-027,25,26,30,1,35,26
MPV-GEN-T7-N60-R08,fast_brute_force,0,item-028,64,19,0,19,22,11
MPV-GEN-T7-N60-R08,fast_brute_force,0,item-029,0,0,31,12,15,25
MPV-GEN-T7-N60-R08,fast_brute_force,0,item-030,23,37,30,1,32,18
MPV-GEN-T7-N60-R08,fast_brute_force,0,item-031,53,26,11,28,26,23
MPV-GEN-T7-N60-R08,fast_brute_force,0,item-032,27,56,7,9,30,27
MPV-GEN-T7-N60-R08,fast_brute_force,0,item-033,53,52,0,33,2,20
MPV-GEN-T7-N60-R08,fast_brute_force,0,item-034,26,26,33,19,27,18
MPV-GEN-T7-N60-R08,fast_brute_force,0,item-035,0,86,27,21,9,19
MPV-GEN-T7-N60-R08,fast_brute_force,0,item-036,1,26,28,21,5,1
MPV-GEN-T7-N60-R08,fast_brute_force,0,item-037,83,34,0,15,17,13
MPV-GEN-T7-N60-R08,fast_brute_force,0,item-038,9,16,0,5,10,15
MPV-GEN-T7-N60-R08,fast_brute_force,0,item-039,60,0,32,24,12,27
MPV-GEN-T7-N60-R08,fast_brute_force,0,item-040,34,0,17,1,26,11
MPV-GEN-T7-N60-R08,fast_brute_force,0,item-041,78,12,19,20,9,24
MPV-GEN-T7-N60-R08,fast_brute_force,0,item-042,39,0,35,10,22,31
MPV-GEN-T7-N60-R08,fast_brute_force,0,item-043,53,54,0,26,2,12
MPV-GEN-T7-N60-R08,fast_brute_force,0,item-044,20,0,48,18,19,17
MPV-GEN-T7-N60-R08,fast_brute_force,0,item-045,0,0,56,18,25,33
MPV-GEN-T7-N60-R08,fast_brute_force,0,item-046,53,28,0,6,21,11
MPV-GEN-T7-N60-R08,fast_brute_force,0,item-047,70,56,0,24,32,8
MPV-GEN-T7-N60-R08,fast_brute_force,0,item-048,53,52,29,31,34,7
MPV-GEN-T7-N60-R08,fast_brute_force,0,item-049,21,69,34,32,24,32
MPV-GEN-T7-N60-R08,fast_brute_force,0,item-050,0,62,27,14,22,23
MPV-GEN-T7-N60-R08,fast_brute_force,0,item-051,81,21,13,3,26,14
MPV-GEN-T7-N60-R08,fast_brute_force,0,item-052,38,0,48,1,25,19
MPV-GEN-T7-N60-R08,fast_brute_force,0,item-053,60,21,34,34,22,9
MPV-GEN-T7-N60-R08,fast_brute_force,0,item-054,45,22,36,15,33,32
MPV-GEN-T7-N60-R08,fast_brute_force,0,item-055,14,37,44,6,25,11
MPV-GEN-T7-N60-R08,fast_brute_force,0,item-056,26,56,27,1,10,10
MPV-GEN-T7-N60-R08,fast_brute_force,0,item-057,60,43,34,32,8,2
MPV-GEN-T7-N60-R08,fast_brute_force,0,item-058,0,62,50,19,31,23
MPV-GEN-T7-N60-R08,fast_brute_force,0,item-059,60,12,32,17,8,13
MPV-GEN-T7-N60-R09,fast_brute_force,0,item-000,0,0,0,6,29,2
MPV-GEN-T7-N60-R09,fast_brute_force,0,item-001,0,29,0,23,28,5
MPV-GEN-T7-N60-R09,fast_brute_force,0,item-002,0,57,0,7,35,3
MPV-GEN-T7-N60-R09,fast_brute_force,0,item-003,6,0,0,30,9,28
MPV-GEN-T7-N60-R09,fast_brute_force,0,item-004,6,9,0,35,15,15
MPV-GEN-T7-N60-R09,fast_brute_force,0,item-005,7,57,0,31,35,5
MPV-GEN-T7-N60-R09,fast_brute_force,0,item-006,23,24,0,27,24,19
MPV-GEN-T7-N60-R09,fast_brute_force,0,item-007,36,0,0,26,8,20
MPV-GEN-T7-N60-R09,fast_brute_force,0,item-008,36,8,0,17,1,18
MPV-GEN-T7-N60-R09,fast_brute_force,0,item-009,0,0,2,1,14,25
MPV-GEN-T7-N60-R09,fast_brute_force,0,item-010,38,48,0,31,24,20
MPV-GEN-T7-N60-R09,fast_brute_force,0,item-011,0,57,3,5,32,12
MPV-GEN-T7-N60-R09,fast_brute_force,0,item-012,0,48,5,23,5,18
MPV-GEN-T7-N60-R09,fast_brute_force,0,item-013,0,24,5,20,18,28
MPV-GEN-T7-N60-R09,fast_brute_force,0,item-014,1,9,15,21,11,10
MPV-GEN-T7-N60-R09,fast_brute_force,0,item-015,5,53,5,31,21,32
MPV-GEN-T7-N60-R09,fast_brute_force,0,item-016,20,20,15,2,27,9
MPV-GEN-T7-N60-R09,fast_brute_force,0,item-017,0,92,0,27,8,6
MPV-GEN-T7-N60-R09,fast_brute_force,0,item-018,62,0,0,16,32,2
MPV-GEN-T7-N60-R09,fast_brute_force,0,item-019,0,89,3,7,3,1
MPV-GEN-T7-N60-R09,fast_brute_force,0,item-020,38,72,0,22,26,14
MPV-GEN-T7-N60-R09,fast_brute_force,0,item-021,5,74,6,33,20,30
MPV-GEN-T7-N60-R09,fast_brute_force,0,item-022,0,14,2,1,8,17
MPV-GEN-T7-N60-R09,fast_brute_force,0,item-023,50,32,0,29,16,17
MPV-GEN-T7-N60-R09,fast_brute_force,0,item-024,1,0,2,5,24,2
MPV-GEN-T7-N60-R09,fast_brute_force,0,item-025,0,47,5,10,1,18
MPV-GEN-T7-N60-R09,fast_brute_force,0,item-026,78,0,0,15,29,12
MPV-GEN-T7-N60-R09,fast_brute_force,0,item-027,60,72,0,33,21,17
MPV-GEN-T7-N60-R09,fast_brute_force,0,item-028,36,72,14,23,1,32
MPV-GEN-T7-N60-R09,fast_brute_force,0,item-029,60,93,0,22,7,9
MPV-GEN-T7-N60-R09,fast_brute_force,0,item-030,62,0,12,24,30,11
MPV-GEN-T7-N60-R09,fast_brute_force,0,item-031,53,8,17,6,28,32
MPV-GEN-T7-N60-R09,fast_brute_force,0,item-032,69,48,0,23,23,17
MPV-GEN-T7-N60-R09,fast_brute_force,0,item-033,0,53,15,4,28,4
MPV-GEN-T7-N60-R09,fast_brute_force,0,item-034,36,0,20,21,6,11
MPV-GEN-T7-N60-R09,fast_brute_force,0,item-035,86,29,0,12,18,18
MPV-GEN-T7-N60-R09,fast_brute_force,0,item-036,36,6,20,21,2,5
MPV-GEN-T7-N60-R09,fast_brute_force,0,item-037,36,8,18,17,14,4
MPV-GEN-T7-N60-R09,fast_brute_force,0,item-038,22,22,19,28,24,8
MPV-GEN-T7-N60-R09,fast_brute_force,0,item-039,41,9,2,29,14,4
MPV-GEN-T7-N60-R09,fast_brute_force,0,item-040,0,0,28,26,20,12
MPV-GEN-T7-N60-R09,fast_brute_force,0,item-041,22,9,15,26,14,2
MPV-GEN-T7-N60-R09,fast_brute_force,0,item-042,57,0,23,21,8,25
MPV-GEN-T7-N60-R09,fast_brute_force,0,item-043,10,42,5,8,5,22
MPV-GEN-T7-N60-R09,fast_brute_force,0,item-044,59,30,17,17,18,8
MPV-GEN-T7-N60-R09,fast_brute_force,0,item-045,20,20,27,27,29,11
MPV-GEN-T7-N60-R09,fast_brute_force,0,item-046,4,53,15,1,34,24
MPV-GEN-T7-N60-R09,fast_brute_force,0,item-047,53,8,0,4,1,3
MPV-GEN-T7-N60-R09,fast_brute_force,0,item-048,38,73,14,20,23,6
MPV-GEN-T7-N60-R09,fast_brute_force,0,item-049,26,0,28,10,20,32
MPV-GEN-T7-N60-R09,fast_brute_force,0,item-050,27,98,0,23,2,5
MPV-GEN-T7-N60-R09,fast_brute_force,0,item-051,0,87,15,5,13,11
MPV-GEN-T7-N60-R09,fast_brute_force,0,item-052,0,22,15,18,2,27
MPV-GEN-T7-N60-R09,fast_brute_force,0,item-053,59,8,23,30,18,35
MPV-GEN-T7-N60-R09,fast_brute_force,0,item-054,48,9,6,5,14,12
MPV-GEN-T7-N60-R09,fast_brute_force,0,item-055,50,36,25,35,32,22
MPV-GEN-T7-N60-R09,fast_brute_force,0,item-056,59,26,25,29,9,28
MPV-GEN-T7-N60-R09,fast_brute_force,0,item-057,0,47,23,19,5,17
MPV-GEN-T7-N60-R09,fast_brute_force,0,item-058,18,20,38,14,25,22
MPV-GEN-T7-N60-R09,fast_brute_force,0,item-059,89,0,12,11,23,11
MPV-GEN-T7-N60-R10,fast_brute_force,0,item-000,0,0,0,12,26,32
MPV-GEN-T7-N60-R10,fast_brute_force,0,item-001,0,26,0,33,24,14
MPV-GEN-T7-N60-R10,fast_brute_force,0,item-002,12,0,0,6,6,9
MPV-GEN-T7-N60-R10,fast_brute_force,0,item-003,0,50,0,14,28,27
MPV-GEN-T7-N60-R10,fast_brute_force,0,item-004,12,6,0,3,5,23
MPV-GEN-T7-N60-R10,fast_brute_force,0,item-005,18,0,0,13,24,11
MPV-GEN-T7-N60-R10,fast_brute_force,0,item-006,12,11,14,32,35,25
MPV-GEN-T7-N60-R10,fast_brute_force,0,item-007,33,46,0,15,35,23
MPV-GEN-T7-N60-R10,fast_brute_force,0,item-008,0,26,14,11,12,30
MPV-GEN-T7-N60-R10,fast_brute_force,0,item-009,0,0,32,5,22,12
MPV-GEN-T7-N60-R10,fast_brute_force,0,item-010,31,0,0,31,25,14
MPV-GEN-T7-N60-R10,fast_brute_force,0,item-011,0,38,14,6,11,26
MPV-GEN-T7-N60-R10,fast_brute_force,0,item-012,12,0,11,18,6,2
MPV-GEN-T7-N60-R10,fast_brute_force,0,item-013,5,0,32,6,16,20
MPV-GEN-T7-N60-R10,fast_brute_force,0,item-014,44,0,14,22,30,7
MPV-GEN-T7-N60-R10,fast_brute_force,0,item-015,0,78,0,15,13,21
MPV-GEN-T7-N60-R10,fast_brute_force,0,item-016,44,0,21,33,28,8
MPV-GEN-T7-N60-R10,fast_brute_force,0,item-017,0,78,21,23,15,29
MPV-GEN-T7-N60-R10,fast_brute_force,0,item-018,12,0,14,32,3,32
MPV-GEN-T7-N60-R10,fast_brute_force,0,item-019,77,0,0,22,23,8
MPV-GEN-T7-N60-R10,fast_brute_force,0,item-020,44,28,21,31,17,22
MPV-GEN-T7-N60-R10,fast_brute_force,0,item-021,0,0,44,3,18,26
MPV-GEN-T7-N60-R10,fast_brute_force,0,item-022,14,50,0,14,16,22
MPV-GEN-T7-N60-R10,fast_brute_force,0,item-023,23,66,0,10,26,35
MPV-GEN-T7-N60-R10,fast_brute_force,0,item-024,6,46,27,14,28,15
MPV-GEN-T7-N60-R10,fast_brute_force,0,item-025,66,0,0,11,33,21
MPV-GEN-T7-N60-R10,fast_brute_force,0,item-026,28,50,0,4,13,20
MPV-GEN-T7-N60-R10,fast_brute_force,0,item-027,11,3,39,29,31,9
MPV-GEN-T7-N60-R10,fast_brute_force,0,item-028,11,34,42,26,28,31
MPV-GEN-T7-N60-R10,fast_brute_force,0,item-029,44,0,29,31,10,6
MPV-GEN-T7-N60-R10,fast_brute_force,0,item-030,75,0,29,13,27,17
MPV-GEN-T7-N60-R10,fast_brute_force,0,item-031,44,0,35,20,19,19
MPV-GEN-T7-N60-R10,fast_brute_force,0,item-032,30,3,11,1,5,6
MPV-GEN-T7-N60-R10,fast_brute_force,0,item-033,3,0,52,34,32,10
MPV-GEN-T7-N60-R10,fast_brute_force,0,item-034,37,0,54,34,33,3
MPV-GEN-T7-N60-R10,fast_brute_force,0,item-035,15,8,11,14,3,16
MPV-GEN-T7-N60-R10,fast_brute_force,0,item-036,64,0,35,10,21,10
MPV-GEN-T7-N60-R10,fast_brute_force,0,item-037,0,49,27,6,22,31
MPV-GEN-T7-N60-R10,fast_brute_force,0,item-038,28,63,0,5,2,35
MPV-GEN-T7-N60-R10,fast_brute_force,0,item-039,11,0,48,33,27,3
MPV-GEN-T7-N60-R10,fast_brute_force,0,item-040,12,11,0,5,13,14
MPV-GEN-T7-N60-R10,fast_brute_force,0,item-041,44,21,43,31,32,4
MPV-GEN-T7-N60-R10,fast_brute_force,0,item-042,33,81,0,33,18,20
MPV-GEN-T7-N60-R10,fast_brute_force,0,item-043,44,25,0,14,19,8
MPV-GEN-T7-N60-R10,fast_brute_force,0,item-044,71,0,46,17,16,35
MPV-GEN-T7-N60-R10,fast_brute_force,0,item-045,6,38,42,2,32,25
MPV-GEN-T7-N60-R10,fast_brute_force,0,item-046,44,30,8,20,13,3
MPV-GEN-T7-N60-R10,fast_brute_force,0,item-047,33,81,20,30,18,9
MPV-GEN-T7-N60-R10,fast_brute_force,0,item-048,15,66,0,8,23,4
MPV-GEN-T7-N60-R10,fast_brute_force,0,item-049,66,53,0,24,29,33
MPV-GEN-T7-N60-R10,fast_brute_force,0,item-050,33,62,23,33,4,23
MPV-GEN-T7-N60-R10,fast_brute_force,0,item-051,0,38,40,6,11,19
MPV-GEN-T7-N60-R10,fast_brute_force,0,item-052,8,62,42,24,13,1
MPV-GEN-T7-N60-R10,fast_brute_force,0,item-053,33,66,23,27,15,2
MPV-GEN-T7-N60-R10,fast_brute_force,0,item-054,44,45,23,19,17,5
MPV-GEN-T7-N60-R10,fast_brute_force,0,item-055,15,3,17,18,5,9
MPV-GEN-T7-N60-R10,fast_brute_force,0,item-056,63,45,0,35,7,24
MPV-GEN-T7-N60-R10,fast_brute_force,0,item-057,14,75,4,7,3,31
MPV-GEN-T7-N60-R10,fast_brute_force,0,item-058,77,0,8,20,30,20
MPV-GEN-T7-N60-R10,fast_brute_force,0,item-059,44,30,11,16,14,10
MPV-GEN-T7-N90-R01,fast_brute_force,0,item-001,0,0,0,30,21,29
MPV-GEN-T7-N90-R01,fast_brute_force,0,item-000,30,0,0,21,30,25
MPV-GEN-T7-N90-R01,fast_brute_force,0,item-002,0,21,0,4,19,5
MPV-GEN-T7-N90-R01,fast_brute_force,0,item-003,4,21,0,26,7,7
MPV-GEN-T7-N90-R01,fast_brute_force,0,item-004,4,28,0,10,16,2
MPV-GEN-T7-N90-R01,fast_brute_force,0,item-005,0,28,5,28,24,30
MPV-GEN-T7-N90-R01,fast_brute_force,0,item-006,0,0,29,13,22,29
MPV-GEN-T7-N90-R01,fast_brute_force,0,item-007,0,52,0,29,33,33
MPV-GEN-T7-N90-R01,fast_brute_force,0,item-008,28,0,29,8,35,13
MPV-GEN-T7-N90-R01,fast_brute_force,0,item-009,0,22,35,26,28,23
MPV-GEN-T7-N90-R01,fast_brute_force,0,item-010,13,0,29,14,16,17
MPV-GEN-T7-N90-R01,fast_brute_force,0,item-011,26,21,7,2,1,11
MPV-GEN-T7-N90-R01,fast_brute_force,0,item-012,36,30,0,18,32,3
MPV-GEN-T7-N90-R01,fast_brute_force,0,item-013,29,62,0,31,31,25
MPV-GEN-T7-N90-R01,fast_brute_force,0,item-014,51,0,0,31,21,4
MPV-GEN-T7-N90-R01,fast_brute_force,0,item-015,0,22,7,16,2,23
MPV-GEN-T7-N90-R01,fast_brute_force,0,item-016,54,21,0,24,35,9
MPV-GEN-T7-N90-R01,fast_brute_force,0,item-017,60,56,0,31,23,8
MPV-GEN-T7-N90-R01,fast_brute_force,0,item-018,0,85,0,18,12,21
MPV-GEN-T7-N90-R01,fast_brute_force,0,item-019,29,35,3,19,25,13
MPV-GEN-T7-N90-R01,fast_brute_force,0,item-020,48,30,9,23,26,35
MPV-GEN-T7-N90-R01,fast_brute_force,0,item-021,60,79,0,34,12,32
MPV-GEN-T7-N90-R01,fast_brute_force,0,item-022,36,30,16,6,30,24
MPV-GEN-T7-N90-R01,fast_brute_force,0,item-023,78,21,0,22,29,35
MPV-GEN-T7-N90-R01,fast_brute_force,0,item-024,51,0,4,31,18,7
MPV-GEN-T7-N90-R01,fast_brute_force,0,item-025,82,0,0,18,18,26
MPV-GEN-T7-N90-R01,fast_brute_force,0,item-026,71,18,9,7,32,19
MPV-GEN-T7-N90-R01,fast_brute_force,0,item-027,29,35,16,4,23,30
MPV-GEN-T7-N90-R01,fast_brute_force,0,item-028,29,58,25,7,33,6
MPV-GEN-T7-N90-R01,fast_brute_force,0,item-029,27,0,42,11,34,33
MPV-GEN-T7-N90-R01,fast_brute_force,0,item-030,18,85,0,6,8,33
MPV-GEN-T7-N90-R01,fast_brute_force,0,item-031,78,0,26,21,20,1
MPV-GEN-T7-N90-R01,fast_brute_force,0,item-032,51,0,11,18,28,19
MPV-GEN-T7-N90-R01,fast_brute_force,0,item-033,24,85,0,4,8,10
MPV-GEN-T7-N90-R01,fast_brute_force,0,item-034,71,50,9,24,26,20
MPV-GEN-T7-N90-R01,fast_brute_force,0,item-035,94,76,0,6,23,7
MPV-GEN-T7-N90-R01,fast_brute_force,0,item-036,42,30,3,5,4,21
MPV-GEN-T7-N90-R01,fast_brute_force,0,item-037,71,50,29,23,25,13
MPV-GEN-T7-N90-R01,fast_brute_force,0,item-038,94,76,7,6,16,19
MPV-GEN-T7-N90-R01,fast_brute_force,0,item-039,36,75,29,32,4,19
MPV-GEN-T7-N90-R01,fast_brute_force,0,item-040,48,56,8,22,5,35
MPV-GEN-T7-N90-R01,fast_brute_force,0,item-041,29,30,0,7,23,3
MPV-GEN-T7-N90-R01,fast_brute_force,0,item-042,94,76,26,6,23,21
MPV-GEN-T7-N90-R01,fast_brute_force,0,item-043,38,0,30,17,30,35
MPV-GEN-T7-N90-R01,fast_brute_force,0,item-044,42,30,24,4,30,20
MPV-GEN-T7-N90-R01,fast_brute_force,0,item-045,36,34,40,4,35,5
MPV-GEN-T7-N90-R01,fast_brute_force,0,item-046,55,0,30,16,28,30
MPV-GEN-T7-N90-R01,fast_brute_force,0,item-047,4,28,2,23,23,1
MPV-GEN-T7-N90-R01,fast_brute_force,0,item-048,0,52,33,25,32,20
MPV-GEN-T7-N90-R01,fast_brute_force,0,item-049,0,93,21,25,7,22
MPV-GEN-T7-N90-R01,fast_brute_force,0,item-050,13,0,46,11,15,27
MPV-GEN-T7-N90-R01,fast_brute_force,0,item-051,68,75,32,26,22,33
MPV-GEN-T7-N90-R01,fast_brute_force,0,item-052,46,34,16,2,23,16
MPV-GEN-T7-N90-R01,fast_brute_force,0,item-053,16,16,29,11,10,6
MPV-GEN-T7-N90-R01,fast_brute_force,0,item-054,71,0,35,12,26,29
MPV-GEN-T7-N90-R01,fast_brute_force,0,item-055,29,58,31,5,32,24
MPV-GEN-T7-N90-R01,fast_brute_force,0,item-056,71,26,42,28,25,31
MPV-GEN-T7-N90-R01,fast_brute_force,0,item-057,25,52,33,3,31,23
MPV-GEN-T7-N90-R01,fast_brute_force,0,item-058,0,50,46,35,2,12
MPV-GEN-T7-N90-R01,fast_brute_force,0,item-059,0,52,53,21,29,16
MPV-GEN-T7-N90-R01,fast_brute_force,0,item-060,34,79,32,34,17,17
MPV-GEN-T7-N90-R01,fast_brute_force,0,item-061,0,81,53,22,17,12
MPV-GEN-T7-N90-R01,fast_brute_force,0,item-062,33,34,45,30,16,16
MPV-GEN-T7-N90-R01,fast_brute_force,0,item-063,78,18,4,21,3,10
MPV-GEN-T7-N90-R01,fast_brute_force,0,item-064,22,83,53,5,17,6
MPV-GEN-T7-N90-R01,fast_brute_force,0,item-065,38,50,48,23,29,6
MPV-GEN-T7-N90-R01,fast_brute_force,0,item-066,38,30,44,25,3,24
MPV-GEN-T7-N90-R01,fast_brute_force,0,item-067,36,61,25,19,33,1
MPV-GEN-T7-N90-R01,fast_brute_force,0,item-068,38,0,65,29,26,8
MPV-GEN-T7-N90-R01,fast_brute_force,0,item-069,0,15,58,20,32,27
MPV-GEN-T7-N90-R01,fast_brute_force,0,item-070,42,0,25,4,29,1
MPV-GEN-T7-N90-R01,fast_brute_force,0,item-071,33,35,16,3,12,23
MPV-GEN-T7-N90-R01,fast_brute_force,0,item-072,83,0,35,11,26,7
MPV-GEN-T7-N90-R01,fast_brute_force,0,item-073,60,91,0,24,9,29
MPV-GEN-T7-N90-R01,fast_brute_force,0,item-074,69,0,11,12,18,14
MPV-GEN-T7-N90-R01,fast_brute_force,0,item-075,63,28,44,8,32,7
MPV-GEN-T7-N90-R01,fast_brute_force,0,item-076,61,61,42,34,14,17
MPV-GEN-T7-N90-R01,fast_brute_force,0,item-077,34,52,54,16,34,31
MPV-GEN-T7-N90-R01,fast_brute_force,0,item-078,20,15,58,7,29,19
MPV-GEN-T7-N90-R01,fast_brute_force,0,item-079,50,79,49,16,16,21
MPV-GEN-T7-N90-R01,fast_brute_force,0,item-080,27,90,49,20,10,23
MPV-GEN-T7-N90-R01,fast_brute_force,0,item-081,50,50,54,19,10,23
MPV-GEN-T7-N90-R01,fast_brute_force,0,item-082,94,0,27,6,21,34
MPV-GEN-T7-N90-R01,fast_brute_force,0,item-083,69,28,51,2,33,2
MPV-GEN-T7-N90-R01,fast_brute_force,0,item-084,20,44,61,29,6,33
MPV-GEN-T7-N90-R01,fast_brute_force,0,item-085,0,50,69,27,29,10
MPV-GEN-T7-N90-R01,fast_brute_force,0,item-086,0,84,33,25,9,18
MPV-GEN-T7-N90-R01,fast_brute_force,0,item-087,0,47,79,18,32,4
MPV-GEN-T7-N90-R01,fast_brute_force,0,item-088,38,0,73,9,31,24
MPV-GEN-T7-N90-R01,fast_brute_force,0,item-089,66,60,65,32,30,26
MPV-GEN-T7-N90-R02,fast_brute_force,0,item-000,0,0,0,27,27,32
MPV-GEN-T7-N90-R02,fast_brute_force,0,item-001,27,0,0,28,17,3
MPV-GEN-T7-N90-R02,fast_brute_force,0,item-002,55,0,0,3,2,11
MPV-GEN-T7-N90-R02,fast_brute_force,0,item-003,58,0,0,33,26,6
MPV-GEN-T7-N90-R02,fast_brute_force,0,item-004,27,17,0,13,6,33
MPV-GEN-T7-N90-R02,fast_brute_force,0,item-005,27,2,6,33,1,1
MPV-GEN-T7-N90-R02,fast_brute_force,0,item-006,40,17,0,18,33,23
MPV-GEN-T7-N90-R02,fast_brute_force,0,item-007,0,0,32,18,25,24
MPV-GEN-T7-N90-R02,fast_brute_force,0,item-008,18,0,32,2,23,2
MPV-GEN-T7-N90-R02,fast_brute_force,0,item-009,27,3,3,18,13,22
MPV-GEN-T7-N90-R02,fast_brute_force,0,item-010,0,27,0,14,29,11
MPV-GEN-T7-N90-R02,fast_brute_force,0,item-011,55,2,0,3,15,2
MPV-GEN-T7-N90-R02,fast_brute_force,0,item-012,45,3,3,13,10,22
MPV-GEN-T7-N90-R02,fast_brute_force,0,item-013,0,27,11,29,29,17
MPV-GEN-T7-N90-R02,fast_brute_force,0,item-014,27,0,25,32,17,13
MPV-GEN-T7-N90-R02,fast_brute_force,0,item-015,58,3,6,35,6,12
MPV-GEN-T7-N90-R02,fast_brute_force,0,item-016,27,2,7,32,1,8
MPV-GEN-T7-N90-R02,fast_brute_force,0,item-017,58,26,0,27,30,31
MPV-GEN-T7-N90-R02,fast_brute_force,0,item-018,59,0,18,22,18,28
MPV-GEN-T7-N90-R02,fast_brute_force,0,item-019,29,50,0,22,10,20
MPV-GEN-T7-N90-R02,fast_brute_force,0,item-020,51,56,0,32,17,31
MPV-GEN-T7-N90-R02,fast_brute_force,0,item-021,29,23,0,4,10,28
MPV-GEN-T7-N90-R02,fast_brute_force,0,item-022,81,0,6,19,3,6
MPV-GEN-T7-N90-R02,fast_brute_force,0,item-023,55,13,2,3,4,6
MPV-GEN-T7-N90-R02,fast_brute_force,0,item-024,81,0,18,17,22,20
MPV-GEN-T7-N90-R02,fast_brute_force,0,item-025,33,23,23,19,27,29
MPV-GEN-T7-N90-R02,fast_brute_force,0,item-026,0,60,0,31,28,15
MPV-GEN-T7-N90-R02,fast_brute_force,0,item-027,0,60,15,35,33,22
MPV-GEN-T7-N90-R02,fast_brute_force,0,item-028,14,27,0,10,25,5
MPV-GEN-T7-N90-R02,fast_brute_force,0,item-029,0,27,28,20,25,18
MPV-GEN-T7-N90-R02,fast_brute_force,0,item-030,40,18,31,30,5,27
MPV-GEN-T7-N90-R02,fast_brute_force,0,item-031,35,73,0,35,23,23
MPV-GEN-T7-N90-R02,fast_brute_force,0,item-032,35,73,23,31,22,31
MPV-GEN-T7-N90-R02,fast_brute_force,0,item-033,35,60,0,11,12,28
MPV-GEN-T7-N90-R02,fast_brute_force,0,item-034,18,0,38,25,18,12
MPV-GEN-T7-N90-R02,fast_brute_force,0,item-035,0,52,37,31,31,5
MPV-GEN-T7-N90-R02,fast_brute_force,0,item-036,0,52,42,29,35,26
MPV-GEN-T7-N90-R02,fast_brute_force,0,item-037,0,0,56,24,33,5
MPV-GEN-T7-N90-R02,fast_brute_force,0,item-038,81,0,38,18,29,11
MPV-GEN-T7-N90-R02,fast_brute_force,0,item-039,31,50,20,24,5,18
MPV-GEN-T7-N90-R02,fast_brute_force,0,item-040,20,17,33,13,33,2
MPV-GEN-T7-N90-R02,fast_brute_force,0,item-041,40,17,23,12,6,5
MPV-GEN-T7-N90-R02,fast_brute_force,0,item-042,0,87,37,18,10,16
MPV-GEN-T7-N90-R02,fast_brute_force,0,item-043,0,87,53,23,9,21
MPV-GEN-T7-N90-R02,fast_brute_force,0,item-044,31,60,0,4,28,12
MPV-GEN-T7-N90-R02,fast_brute_force,0,item-045,18,96,0,14,3,19
MPV-GEN-T7-N90-R02,fast_brute_force,0,item-046,23,93,19,12,7,9
MPV-GEN-T7-N90-R02,fast_brute_force,0,item-047,83,56,0,14,28,30
MPV-GEN-T7-N90-R02,fast_brute_force,0,item-048,70,73,0,13,20,18
MPV-GEN-T7-N90-R02,fast_brute_force,0,item-049,46,55,20,4,16,23
MPV-GEN-T7-N90-R02,fast_brute_force,0,item-050,0,33,46,21,17,10
MPV-GEN-T7-N90-R02,fast_brute_force,0,item-051,0,52,28,27,8,6
MPV-GEN-T7-N90-R02,fast_brute_force,0,item-052,91,22,0,8,34,25
MPV-GEN-T7-N90-R02,fast_brute_force,0,item-053,0,93,28,31,7,8
MPV-GEN-T7-N90-R02,fast_brute_force,0,item-054,70,93,0,26,6,22
MPV-GEN-T7-N90-R02,fast_brute_force,0,item-055,70,84,18,23,5,34
MPV-GEN-T7-N90-R02,fast_brute_force,0,item-056,52,23,31,22,23,15
MPV-GEN-T7-N90-R02,fast_brute_force,0,item-057,70,46,31,26,29,2
MPV-GEN-T7-N90-R02,fast_brute_force,0,item-058,52,23,46,29,30,10
MPV-GEN-T7-N90-R02,fast_brute_force,0,item-059,55,53,31,14,20,27
MPV-GEN-T7-N90-R02,fast_brute_force,0,item-060,18,18,34,2,7,17
MPV-GEN-T7-N90-R02,fast_brute_force,0,item-061,74,22,31,18,24,6
MPV-GEN-T7-N90-R02,fast_brute_force,0,item-062,29,50,43,23,20,27
MPV-GEN-T7-N90-R02,fast_brute_force,0,item-063,69,46,33,28,21,3
MPV-GEN-T7-N90-R02,fast_brute_force,0,item-064,69,67,33,21,6,29
MPV-GEN-T7-N90-R02,fast_brute_force,0,item-065,93,84,0,5,8,30
MPV-GEN-T7-N90-R02,fast_brute_force,0,item-066,20,18,35,13,14,18
MPV-GEN-T7-N90-R02,fast_brute_force,0,item-067,90,46,36,10,34,23
MPV-GEN-T7-N90-R02,fast_brute_force,0,item-068,29,70,54,22,29,27
MPV-GEN-T7-N90-R02,fast_brute_force,0,item-069,66,80,52,34,14,28
MPV-GEN-T7-N90-R02,fast_brute_force,0,item-070,69,53,36,20,13,31
MPV-GEN-T7-N90-R02,fast_brute_force,0,item-071,20,32,35,12,1,10
MPV-GEN-T7-N90-R02,fast_brute_force,0,item-072,0,33,56,17,18,21
MPV-GEN-T7-N90-R02,fast_brute_force,0,item-073,70,89,18,21,4,32
MPV-GEN-T7-N90-R02,fast_brute_force,0,item-074,85,22,25,14,23,6
MPV-GEN-T7-N90-R02,fast_brute_force,0,item-075,93,80,30,7,20,13
MPV-GEN-T7-N90-R02,fast_brute_force,0,item-076,0,97,36,27,2,25
MPV-GEN-T7-N90-R02,fast_brute_force,0,item-077,0,0,61,25,25,8
MPV-GEN-T7-N90-R02,fast_brute_force,0,item-078,70,93,22,30,7,2
MPV-GEN-T7-N90-R02,fast_brute_force,0,item-079,97,56,0,2,18,27
MPV-GEN-T7-N90-R02,fast_brute_force,0,item-080,0,51,68,21,32,12
MPV-GEN-T7-N90-R02,fast_brute_force,0,item-081,55,46,31,13,6,14
MPV-GEN-T7-N90-R02,fast_brute_force,0,item-082,23,87,61,6,12,4
MPV-GEN-T7-N90-R02,fast_brute_force,0,item-083,52,23,56,25,29,27
MPV-GEN-T7-N90-R02,fast_brute_force,0,item-084,25,0,58,24,30,17
MPV-GEN-T7-N90-R02,fast_brute_force,0,item-085,0,0,69,18,31,4
MPV-GEN-T7-N90-R02,fast_brute_force,0,item-086,21,30,70,28,34,13
MPV-GEN-T7-N90-R02,fast_brute_force,0,item-087,0,64,80,23,33,8
MPV-GEN-T7-N90-R02,fast_brute_force,0,item-088,74,29,37,23,16,7
MPV-GEN-T7-N90-R02,fast_brute_force,0,item-089,70,18,6,8,3,27
MPV-GEN-T7-N90-R03,fast_brute_force,0,item-000,0,0,0,32,25,28
MPV-GEN-T7-N90-R03,fast_brute_force,0,item-001,32,0,0,2,14,13
MPV-GEN-T7-N90-R03,fast_brute_force,0,item-002,32,14,0,26,21,18
MPV-GEN-T7-N90-R03,fast_brute_force,0,item-003,34,0,0,16,9,6
MPV-GEN-T7-N90-R03,fast_brute_force,0,item-004,0,25,0,17,30,5
MPV-GEN-T7-N90-R03,fast_brute_force,0,item-005,17,25,0,2,26,6
MPV-GEN-T7-N90-R03,fast_brute_force,0,item-006,50,0,0,12,8,16
MPV-GEN-T7-N90-R03,fast_brute_force,0,item-007,19,25,0,8,30,16
MPV-GEN-T7-N90-R03,fast_brute_force,0,item-008,0,25,16,20,35,15
MPV-GEN-T7-N90-R03,fast_brute_force,0,item-009,0,0,28,23,20,10
MPV-GEN-T7-N90-R03,fast_brute_force,0,item-010,32,0,16,25,8,6
MPV-GEN-T7-N90-R03,fast_brute_force,0,item-011,27,25,0,5,30,29
MPV-GEN-T7-N90-R03,fast_brute_force,0,item-012,34,0,6,9,10,7
MPV-GEN-T7-N90-R03,fast_brute_force,0,item-013,23,0,28,14,16,31
MPV-GEN-T7-N90-R03,fast_brute_force,0,item-014,37,10,0,32,2,11
MPV-GEN-T7-N90-R03,fast_brute_force,0,item-015,62,0,0,20,9,2
MPV-GEN-T7-N90-R03,fast_brute_force,0,item-016,37,10,11,27,3,8
MPV-GEN-T7-N90-R03,fast_brute_force,0,item-017,62,0,2,22,3,20
MPV-GEN-T7-N90-R03,fast_brute_force,0,item-018,23,16,28,2,23,22
MPV-GEN-T7-N90-R03,fast_brute_force,0,item-019,57,0,16,3,8,14
MPV-GEN-T7-N90-R03,fast_brute_force,0,item-020,32,0,13,5,9,3
MPV-GEN-T7-N90-R03,fast_brute_force,0,item-021,62,3,2,33,7,25
MPV-GEN-T7-N90-R03,fast_brute_force,0,item-022,64,12,0,33,35,12
MPV-GEN-T7-N90-R03,fast_brute_force,0,item-023,0,20,31,18,27,25
MPV-GEN-T7-N90-R03,fast_brute_force,0,item-024,18,20,31,4,27,32
MPV-GEN-T7-N90-R03,fast_brute_force,0,item-025,32,35,0,21,25,31
MPV-GEN-T7-N90-R03,fast_brute_force,0,item-026,37,8,19,19,23,12
MPV-GEN-T7-N90-R03,fast_brute_force,0,item-027,25,16,31,32,19,25
MPV-GEN-T7-N90-R03,fast_brute_force,0,item-028,37,0,22,14,4,26
MPV-GEN-T7-N90-R03,fast_brute_force,0,item-029,0,55,0,30,29,14
MPV-GEN-T7-N90-R03,fast_brute_force,0,item-030,0,0,56,18,26,20
MPV-GEN-T7-N90-R03,fast_brute_force,0,item-031,0,0,38,13,13,9
MPV-GEN-T7-N90-R03,fast_brute_force,0,item-032,60,0,22,22,3,21
MPV-GEN-T7-N90-R03,fast_brute_force,0,item-033,51,0,22,5,3,35
MPV-GEN-T7-N90-R03,fast_brute_force,0,item-034,32,0,22,4,32,5
MPV-GEN-T7-N90-R03,fast_brute_force,0,item-035,18,0,59,34,17,27
MPV-GEN-T7-N90-R03,fast_brute_force,0,item-036,53,47,0,29,20,30
MPV-GEN-T7-N90-R03,fast_brute_force,0,item-037,56,8,27,14,7,19
MPV-GEN-T7-N90-R03,fast_brute_force,0,item-038,56,8,19,6,8,4
MPV-GEN-T7-N90-R03,fast_brute_force,0,item-039,70,10,12,29,19,18
MPV-GEN-T7-N90-R03,fast_brute_force,0,item-040,70,3,30,26,27,3
MPV-GEN-T7-N90-R03,fast_brute_force,0,item-041,0,25,6,18,23,6
MPV-GEN-T7-N90-R03,fast_brute_force,0,item-042,0,60,14,29,31,10
MPV-GEN-T7-N90-R03,fast_brute_force,0,item-043,58,16,0,5,24,31
MPV-GEN-T7-N90-R03,fast_brute_force,0,item-044,20,25,16,3,27,3
MPV-GEN-T7-N90-R03,fast_brute_force,0,item-045,53,40,12,35,7,32
MPV-GEN-T7-N90-R03,fast_brute_force,0,item-046,63,15,12,7,20,22
MPV-GEN-T7-N90-R03,fast_brute_force,0,item-047,70,30,12,29,9,25
MPV-GEN-T7-N90-R03,fast_brute_force,0,item-048,82,0,33,14,21,29
MPV-GEN-T7-N90-R03,fast_brute_force,0,item-049,51,3,31,5,12,23
MPV-GEN-T7-N90-R03,fast_brute_force,0,item-050,22,39,31,30,32,27
MPV-GEN-T7-N90-R03,fast_brute_force,0,item-051,70,3,27,29,7,3
MPV-GEN-T7-N90-R03,fast_brute_force,0,item-052,57,15,37,25,23,33
MPV-GEN-T7-N90-R03,fast_brute_force,0,item-053,25,35,31,27,3,34
MPV-GEN-T7-N90-R03,fast_brute_force,0,item-054,0,25,12,16,22,2
MPV-GEN-T7-N90-R03,fast_brute_force,0,item-055,0,60,24,17,35,22
MPV-GEN-T7-N90-R03,fast_brute_force,0,item-056,52,60,30,27,34,10
MPV-GEN-T7-N90-R03,fast_brute_force,0,item-057,30,71,0,13,26,29
MPV-GEN-T7-N90-R03,fast_brute_force,0,item-058,25,38,31,24,1,9
MPV-GEN-T7-N90-R03,fast_brute_force,0,item-059,43,60,0,8,35,25
MPV-GEN-T7-N90-R03,fast_brute_force,0,item-060,23,25,16,4,33,4
MPV-GEN-T7-N90-R03,fast_brute_force,0,item-061,22,17,56,25,18,11
MPV-GEN-T7-N90-R03,fast_brute_force,0,item-062,97,39,0,3,35,16
MPV-GEN-T7-N90-R03,fast_brute_force,0,item-063,52,35,31,1,17,30
MPV-GEN-T7-N90-R03,fast_brute_force,0,item-064,52,0,57,3,31,16
MPV-GEN-T7-N90-R03,fast_brute_force,0,item-065,0,35,63,23,35,18
MPV-GEN-T7-N90-R03,fast_brute_force,0,item-066,51,60,0,2,24,25
MPV-GEN-T7-N90-R03,fast_brute_force,0,item-067,63,39,16,35,1,9
MPV-GEN-T7-N90-R03,fast_brute_force,0,item-068,82,21,37,16,19,12
MPV-GEN-T7-N90-R03,fast_brute_force,0,item-069,17,71,29,35,20,30
MPV-GEN-T7-N90-R03,fast_brute_force,0,item-070,23,38,58,25,21,27
MPV-GEN-T7-N90-R03,fast_brute_force,0,item-071,53,47,30,34,12,31
MPV-GEN-T7-N90-R03,fast_brute_force,0,item-072,0,47,31,22,11,1
MPV-GEN-T7-N90-R03,fast_brute_force,0,item-073,53,67,0,29,33,22
MPV-GEN-T7-N90-R03,fast_brute_force,0,item-074,47,17,56,5,17,34
MPV-GEN-T7-N90-R03,fast_brute_force,0,item-075,52,31,61,5,32,18
MPV-GEN-T7-N90-R03,fast_brute_force,0,item-076,82,21,49,9,26,20
MPV-GEN-T7-N90-R03,fast_brute_force,0,item-077,43,95,22,35,5,33
MPV-GEN-T7-N90-R03,fast_brute_force,0,item-078,55,0,70,31,21,21
MPV-GEN-T7-N90-R03,fast_brute_force,0,item-079,23,17,73,24,19,11
MPV-GEN-T7-N90-R03,fast_brute_force,0,item-080,79,67,22,21,18,23
MPV-GEN-T7-N90-R03,fast_brute_force,0,item-081,56,15,23,6,1,6
MPV-GEN-T7-N90-R03,fast_brute_force,0,item-082,91,40,12,5,27,10
MPV-GEN-T7-N90-R03,fast_brute_force,0,item-083,70,3,33,12,24,4
MPV-GEN-T7-N90-R03,fast_brute_force,0,item-084,78,94,22,18,6,35
MPV-GEN-T7-N90-R03,fast_brute_force,0,item-085,52,85,40,33,9,20
MPV-GEN-T7-N90-R03,fast_brute_force,0,item-086,57,59,60,32,35,19
MPV-GEN-T7-N90-R03,fast_brute_force,0,item-087,23,59,59,27,35,13
MPV-GEN-T7-N90-R03,fast_brute_force,0,item-088,57,38,0,1,2,26
MPV-GEN-T7-N90-R03,fast_brute_force,0,item-089,55,21,70,30,10,27
MPV-GEN-T7-N90-R04,fast_brute_force,0,item-000,0,0,0,3,10,35
MPV-GEN-T7-N90-R04,fast_brute_force,0,item-001,0,10,0,35,10,34
MPV-GEN-T7-N90-R04,fast_brute_force,0,item-002,35,0,0,25,27,24
MPV-GEN-T7-N90-R04,fast_brute_force,0,item-003,0,20,0,35,28,5
MPV-GEN-T7-N90-R04,fast_brute_force,0,item-004,3,0,0,32,8,1
MPV-GEN-T7-N90-R04,fast_brute_force,0,item-005,0,20,5,19,15,35
MPV-GEN-T7-N90-R04,fast_brute_force,0,item-006,19,20,5,5,19,22
MPV-GEN-T7-N90-R04,fast_brute_force,0,item-007,60,0,0,32,22,7
MPV-GEN-T7-N90-R04,fast_brute_force,0,item-008,92,0,0,2,11,27
MPV-GEN-T7-N90-R04,fast_brute_force,0,item-009,0,35,5,15,28,9
MPV-GEN-T7-N90-R04,fast_brute_force,0,item-010,15,35,5,2,9,12
MPV-GEN-T7-N90-R04,fast_brute_force,0,item-011,3,0,1,6,9,20
MPV-GEN-T7-N90-R04,fast_brute_force,0,item-012,94,0,0,4,23,26
MPV-GEN-T7-N90-R04,fast_brute_force,0,item-013,0,35,14,12,14,23
MPV-GEN-T7-N90-R04,fast_brute_force,0,item-014,60,22,0,33,21,8
MPV-GEN-T7-N90-R04,fast_brute_force,0,item-015,3,9,0,4,1,26
MPV-GEN-T7-N90-R04,fast_brute_force,0,item-016,3,0,24,35,4,7
MPV-GEN-T7-N90-R04,fast_brute_force,0,item-017,12,35,17,6,22,8
MPV-GEN-T7-N90-R04,fast_brute_force,0,item-018,35,27,0,18,29,17
MPV-GEN-T7-N90-R04,fast_brute_force,0,item-019,53,43,0,18,28,21
MPV-GEN-T7-N90-R04,fast_brute_force,0,item-020,18,48,0,14,35,34
MPV-GEN-T7-N90-R04,fast_brute_force,0,item-021,53,27,0,3,5,9
MPV-GEN-T7-N90-R04,fast_brute_force,0,item-022,24,20,5,11,8,29
MPV-GEN-T7-N90-R04,fast_brute_force,0,item-023,9,8,0,11,2,31
MPV-GEN-T7-N90-R04,fast_brute_force,0,item-024,0,63,0,13,31,10
MPV-GEN-T7-N90-R04,fast_brute_force,0,item-025,60,0,7,22,22,34
MPV-GEN-T7-N90-R04,fast_brute_force,0,item-026,82,11,7,8,7,20
MPV-GEN-T7-N90-R04,fast_brute_force,0,item-027,71,43,0,28,29,17
MPV-GEN-T7-N90-R04,fast_brute_force,0,item-028,0,63,10,17,31,13
MPV-GEN-T7-N90-R04,fast_brute_force,0,item-029,90,11,8,4,20,34
MPV-GEN-T7-N90-R04,fast_brute_force,0,item-030,32,56,0,19,23,14
MPV-GEN-T7-N90-R04,fast_brute_force,0,item-031,56,27,8,15,16,19
MPV-GEN-T7-N90-R04,fast_brute_force,0,item-032,32,43,21,35,32,10
MPV-GEN-T7-N90-R04,fast_brute_force,0,item-033,18,39,17,12,7,6
MPV-GEN-T7-N90-R04,fast_brute_force,0,item-034,38,0,24,17,24,32
MPV-GEN-T7-N90-R04,fast_brute_force,0,item-035,7,4,21,1,2,25
MPV-GEN-T7-N90-R04,fast_brute_force,0,item-036,35,27,17,18,16,35
MPV-GEN-T7-N90-R04,fast_brute_force,0,item-037,19,28,27,15,15,11
MPV-GEN-T7-N90-R04,fast_brute_force,0,item-038,55,22,27,30,21,31
MPV-GEN-T7-N90-R04,fast_brute_force,0,item-039,55,0,41,33,20,29
MPV-GEN-T7-N90-R04,fast_brute_force,0,item-040,30,28,5,5,20,5
MPV-GEN-T7-N90-R04,fast_brute_force,0,item-041,67,71,17,23,29,20
MPV-GEN-T7-N90-R04,fast_brute_force,0,item-042,24,28,5,6,6,5
MPV-GEN-T7-N90-R04,fast_brute_force,0,item-043,9,4,1,23,3,5
MPV-GEN-T7-N90-R04,fast_brute_force,0,item-044,85,18,8,3,25,30
MPV-GEN-T7-N90-R04,fast_brute_force,0,item-045,82,0,7,10,10,11
MPV-GEN-T7-N90-R04,fast_brute_force,0,item-046,0,43,37,26,34,1
MPV-GEN-T7-N90-R04,fast_brute_force,0,item-047,90,72,0,8,26,19
MPV-GEN-T7-N90-R04,fast_brute_force,0,item-048,88,18,8,2,21,27
MPV-GEN-T7-N90-R04,fast_brute_force,0,item-049,51,71,0,19,21,1
MPV-GEN-T7-N90-R04,fast_brute_force,0,item-050,13,63,0,5,34,10
MPV-GEN-T7-N90-R04,fast_brute_force,0,item-051,67,43,21,30,28,11
MPV-GEN-T7-N90-R04,fast_brute_force,0,item-052,32,43,31,31,34,7
MPV-GEN-T7-N90-R04,fast_brute_force,0,item-053,63,43,37,24,35,1
MPV-GEN-T7-N90-R04,fast_brute_force,0,item-054,8,0,40,30,25,18
MPV-GEN-T7-N90-R04,fast_brute_force,0,item-055,88,0,27,12,8,32
MPV-GEN-T7-N90-R04,fast_brute_force,0,item-056,32,56,14,21,32,6
MPV-GEN-T7-N90-R04,fast_brute_force,0,item-057,18,83,0,13,12,8
MPV-GEN-T7-N90-R04,fast_brute_force,0,item-058,0,35,38,18,29,30
MPV-GEN-T7-N90-R04,fast_brute_force,0,item-059,34,28,10,1,14,24
MPV-GEN-T7-N90-R04,fast_brute_force,0,item-060,53,77,1,7,23,27
MPV-GEN-T7-N90-R04,fast_brute_force,0,item-061,32,77,20,21,13,17
MPV-GEN-T7-N90-R04,fast_brute_force,0,item-062,18,95,0,31,4,27
MPV-GEN-T7-N90-R04,fast_brute_force,0,item-063,0,0,46,8,35,23
MPV-GEN-T7-N90-R04,fast_brute_force,0,item-064,9,0,6,19,8,4
MPV-GEN-T7-N90-R04,fast_brute_force,0,item-065,0,83,27,28,14,7
MPV-GEN-T7-N90-R04,fast_brute_force,0,item-066,8,0,58,25,35,19
MPV-GEN-T7-N90-R04,fast_brute_force,0,item-067,3,6,21,26,2,19
MPV-GEN-T7-N90-R04,fast_brute_force,0,item-068,0,77,34,32,22,31
MPV-GEN-T7-N90-R04,fast_brute_force,0,item-069,18,46,17,14,2,19
MPV-GEN-T7-N90-R04,fast_brute_force,0,item-070,18,35,52,29,28,22
MPV-GEN-T7-N90-R04,fast_brute_force,0,item-071,35,25,24,20,1,18
MPV-GEN-T7-N90-R04,fast_brute_force,0,item-072,32,77,37,28,15,27
MPV-GEN-T7-N90-R04,fast_brute_force,0,item-073,47,43,38,26,28,25
MPV-GEN-T7-N90-R04,fast_brute_force,0,item-074,28,0,6,7,10,14
MPV-GEN-T7-N90-R04,fast_brute_force,0,item-075,71,43,17,27,20,1
MPV-GEN-T7-N90-R04,fast_brute_force,0,item-076,53,27,9,2,14,28
MPV-GEN-T7-N90-R04,fast_brute_force,0,item-077,90,71,19,9,19,10
MPV-GEN-T7-N90-R04,fast_brute_force,0,item-078,33,0,70,31,34,4
MPV-GEN-T7-N90-R04,fast_brute_force,0,item-079,64,20,58,33,21,17
MPV-GEN-T7-N90-R04,fast_brute_force,0,item-080,0,94,0,10,5,12
MPV-GEN-T7-N90-R04,fast_brute_force,0,item-081,47,41,63,35,32,32
MPV-GEN-T7-N90-R04,fast_brute_force,0,item-082,55,0,24,5,18,3
MPV-GEN-T7-N90-R04,fast_brute_force,0,item-083,32,92,28,35,8,17
MPV-GEN-T7-N90-R04,fast_brute_force,0,item-084,71,22,8,13,18,19
MPV-GEN-T7-N90-R04,fast_brute_force,0,item-085,88,8,42,12,11,2
MPV-GEN-T7-N90-R04,fast_brute_force,0,item-086,60,73,45,35,25,26
MPV-GEN-T7-N90-R04,fast_brute_force,0,item-087,0,64,38,32,13,17
MPV-GEN-T7-N90-R04,fast_brute_force,0,item-088,32,43,38,15,34,9
MPV-GEN-T7-N90-R04,fast_brute_force,0,item-089,94,23,0,6,18,28
MPV-GEN-T7-N90-R05,fast_brute_force,0,item-000,0,0,0,31,8,8
MPV-GEN-T7-N90-R05,fast_brute_force,0,item-001,31,0,0,9,7,9
MPV-GEN-T7-N90-R05,fast_brute_force,0,item-002,0,0,8,13,11,31
MPV-GEN-T7-N90-R05,fast_brute_force,0,item-003,13,0,8,6,11,17
MPV-GEN-T7-N90-R05,fast_brute_force,0,item-004,19,0,8,1,32,8
MPV-GEN-T7-N90-R05,fast_brute_force,0,item-005,40,0,0,23,5,5
MPV-GEN-T7-N90-R05,fast_brute_force,0,item-006,63,0,0,34,29,15
MPV-GEN-T7-N90-R05,fast_brute_force,0,item-007,40,5,0,22,27,34
MPV-GEN-T7-N90-R05,fast_brute_force,0,item-008,62,29,0,32,35,5
MPV-GEN-T7-N90-R05,fast_brute_force,0,item-009,20,8,0,20,35,32
MPV-GEN-T7-N90-R05,fast_brute_force,0,item-010,40,32,0,13,23,7
MPV-GEN-T7-N90-R05,fast_brute_force,0,item-011,53,32,0,8,24,12
MPV-GEN-T7-N90-R05,fast_brute_force,0,item-012,0,43,0,35,23,11
MPV-GEN-T7-N90-R05,fast_brute_force,0,item-013,35,64,0,32,13,14
MPV-GEN-T7-N90-R05,fast_brute_force,0,item-014,35,56,5,33,6,18
MPV-GEN-T7-N90-R05,fast_brute_force,0,item-015,20,0,9,24,4,16
MPV-GEN-T7-N90-R05,fast_brute_force,0,item-016,0,11,0,7,29,30
MPV-GEN-T7-N90-R05,fast_brute_force,0,item-017,19,0,16,1,30,20
MPV-GEN-T7-N90-R05,fast_brute_force,0,item-018,67,64,0,33,34,11
MPV-GEN-T7-N90-R05,fast_brute_force,0,item-019,62,29,5,22,26,27
MPV-GEN-T7-N90-R05,fast_brute_force,0,item-020,62,0,15,22,27,6
MPV-GEN-T7-N90-R05,fast_brute_force,0,item-021,20,4,8,9,2,6
MPV-GEN-T7-N90-R05,fast_brute_force,0,item-022,62,0,21,25,17,35
MPV-GEN-T7-N90-R05,fast_brute_force,0,item-023,0,66,0,26,25,3
MPV-GEN-T7-N90-R05,fast_brute_force,0,item-024,61,55,5,35,1,22
MPV-GEN-T7-N90-R05,fast_brute_force,0,item-025,0,66,3,24,32,1
MPV-GEN-T7-N90-R05,fast_brute_force,0,item-026,62,27,15,31,2,17
MPV-GEN-T7-N90-R05,fast_brute_force,0,item-027,26,77,0,25,15,8
MPV-GEN-T7-N90-R05,fast_brute_force,0,item-028,40,32,23,21,22,11
MPV-GEN-T7-N90-R05,fast_brute_force,0,item-029,0,66,4,26,24,30
MPV-GEN-T7-N90-R05,fast_brute_force,0,item-030,26,66,8,7,21,7
MPV-GEN-T7-N90-R05,fast_brute_force,0,item-031,68,56,5,28,6,5
MPV-GEN-T7-N90-R05,fast_brute_force,0,item-032,51,77,0,14,13,35
MPV-GEN-T7-N90-R05,fast_brute_force,0,item-033,33,62,14,18,33,25
MPV-GEN-T7-N90-R05,fast_brute_force,0,item-034,0,40,0,19,3,25
MPV-GEN-T7-N90-R05,fast_brute_force,0,item-035,62,17,32,27,11,24
MPV-GEN-T7-N90-R05,fast_brute_force,0,item-036,35,43,7,18,13,4
MPV-GEN-T7-N90-R05,fast_brute_force,0,item-037,94,29,0,5,24,2
MPV-GEN-T7-N90-R05,fast_brute_force,0,item-038,94,29,2,6,23,1
MPV-GEN-T7-N90-R05,fast_brute_force,0,item-039,0,30,32,26,34,29
MPV-GEN-T7-N90-R05,fast_brute_force,0,item-040,0,11,36,30,14,18
MPV-GEN-T7-N90-R05,fast_brute_force,0,item-041,20,0,34,29,11,21
MPV-GEN-T7-N90-R05,fast_brute_force,0,item-042,0,0,54,17,27,34
MPV-GEN-T7-N90-R05,fast_brute_force,0,item-043,68,56,10,28,6,27
MPV-GEN-T7-N90-R05,fast_brute_force,0,item-044,0,43,11,25,12,21
MPV-GEN-T7-N90-R05,fast_brute_force,0,item-045,0,11,30,19,14,1
MPV-GEN-T7-N90-R05,fast_brute_force,0,item-046,51,62,14,21,12,14
MPV-GEN-T7-N90-R05,fast_brute_force,0,item-047,65,62,28,35,30,26
MPV-GEN-T7-N90-R05,fast_brute_force,0,item-048,61,32,32,26,22,26
MPV-GEN-T7-N90-R05,fast_brute_force,0,item-049,0,64,34,32,29,1
MPV-GEN-T7-N90-R05,fast_brute_force,0,item-050,84,29,5,14,14,15
MPV-GEN-T7-N90-R05,fast_brute_force,0,item-051,0,64,35,20,27,20
MPV-GEN-T7-N90-R05,fast_brute_force,0,item-052,87,43,5,13,11,27
MPV-GEN-T7-N90-R05,fast_brute_force,0,item-053,20,11,32,20,19,4
MPV-GEN-T7-N90-R05,fast_brute_force,0,item-054,24,93,0,8,6,10
MPV-GEN-T7-N90-R05,fast_brute_force,0,item-055,30,11,36,29,15,20
MPV-GEN-T7-N90-R05,fast_brute_force,0,item-056,26,30,32,14,31,24
MPV-GEN-T7-N90-R05,fast_brute_force,0,item-057,17,0,55,35,9,23
MPV-GEN-T7-N90-R05,fast_brute_force,0,item-058,40,54,39,25,23,29
MPV-GEN-T7-N90-R05,fast_brute_force,0,item-059,26,61,35,7,29,34
MPV-GEN-T7-N90-R05,fast_brute_force,0,item-060,20,6,8,9,2,14
MPV-GEN-T7-N90-R05,fast_brute_force,0,item-061,51,92,0,16,7,22
MPV-GEN-T7-N90-R05,fast_brute_force,0,item-062,30,11,56,23,19,4
MPV-GEN-T7-N90-R05,fast_brute_force,0,item-063,0,64,55,16,31,27
MPV-GEN-T7-N90-R05,fast_brute_force,0,item-064,0,27,61,24,33,26
MPV-GEN-T7-N90-R05,fast_brute_force,0,item-065,7,11,0,11,29,30
MPV-GEN-T7-N90-R05,fast_brute_force,0,item-066,51,90,22,14,10,26
MPV-GEN-T7-N90-R05,fast_brute_force,0,item-067,20,4,22,16,4,5
MPV-GEN-T7-N90-R05,fast_brute_force,0,item-068,25,43,11,26,12,4
MPV-GEN-T7-N90-R05,fast_brute_force,0,item-069,33,77,48,27,20,21
MPV-GEN-T7-N90-R05,fast_brute_force,0,item-070,60,77,54,34,13,18
MPV-GEN-T7-N90-R05,fast_brute_force,0,item-071,67,74,11,30,24,4
MPV-GEN-T7-N90-R05,fast_brute_force,0,item-072,67,92,15,33,8,7
MPV-GEN-T7-N90-R05,fast_brute_force,0,item-073,65,54,54,34,22,15
MPV-GEN-T7-N90-R05,fast_brute_force,0,item-074,62,28,32,33,4,7
MPV-GEN-T7-N90-R05,fast_brute_force,0,item-075,72,62,22,25,32,6
MPV-GEN-T7-N90-R05,fast_brute_force,0,item-076,40,30,34,19,15,35
MPV-GEN-T7-N90-R05,fast_brute_force,0,item-077,59,0,58,19,34,35
MPV-GEN-T7-N90-R05,fast_brute_force,0,item-078,24,45,68,32,13,23
MPV-GEN-T7-N90-R05,fast_brute_force,0,item-079,78,0,56,20,22,1
MPV-GEN-T7-N90-R05,fast_brute_force,0,item-080,89,0,15,10,26,23
MPV-GEN-T7-N90-R05,fast_brute_force,0,item-081,24,9,69,28,27,24
MPV-GEN-T7-N90-R05,fast_brute_force,0,item-082,96,54,0,4,10,9
MPV-GEN-T7-N90-R05,fast_brute_force,0,item-083,24,58,68,34,3,6
MPV-GEN-T7-N90-R05,fast_brute_force,0,item-084,52,0,60,7,29,2
MPV-GEN-T7-N90-R05,fast_brute_force,0,item-085,56,34,69,27,24,30
MPV-GEN-T7-N90-R05,fast_brute_force,0,item-086,17,11,54,4,14,20
MPV-GEN-T7-N90-R05,fast_brute_force,0,item-087,18,25,0,1,15,22
MPV-GEN-T7-N90-R05,fast_brute_force,0,item-088,95,26,32,5,20,28
MPV-GEN-T7-N90-R05,fast_brute_force,0,item-089,78,0,57,16,25,16
MPV-GEN-T7-N90-R06,fast_brute_force,0,item-000,0,0,0,2,5,3
MPV-GEN-T7-N90-R06,fast_brute_force,0,item-001,0,5,0,7,3,18
MPV-GEN-T7-N90-R06,fast_brute_force,0,item-002,0,8,0,12,29,2
MPV-GEN-T7-N90-R06,fast_brute_force,0,item-003,0,37,0,25,30,16
MPV-GEN-T7-N90-R06,fast_brute_force,0,item-004,0,8,2,16,22,4
MPV-GEN-T7-N90-R06,fast_brute_force,0,item-005,0,8,6,28,17,11
MPV-GEN-T7-N90-R06,fast_brute_force,0,item-006,2,0,0,27,5,9
MPV-GEN-T7-N90-R06,fast_brute_force,0,item-007,0,67,0,11,19,25
MPV-GEN-T7-N90-R06,fast_brute_force,0,item-008,16,25,0,14,11,17
MPV-GEN-T7-N90-R06,fast_brute_force,0,item-009,0,25,6,12,8,31
MPV-GEN-T7-N90-R06,fast_brute_force,0,item-010,0,33,2,13,1,1
MPV-GEN-T7-N90-R06,fast_brute_force,0,item-011,0,30,2,9,3,3
MPV-GEN-T7-N90-R06,fast_brute_force,0,item-012,12,36,0,30,1,30
MPV-GEN-T7-N90-R06,fast_brute_force,0,item-013,0,86,0,30,11,29
MPV-GEN-T7-N90-R06,fast_brute_force,0,item-014,29,0,0,34,25,15
MPV-GEN-T7-N90-R06,fast_brute_force,0,item-015,7,0,9,8,8,5
MPV-GEN-T7-N90-R06,fast_brute_force,0,item-016,0,33,16,3,30,29
MPV-GEN-T7-N90-R06,fast_brute_force,0,item-017,0,97,0,32,2,8
MPV-GEN-T7-N90-R06,fast_brute_force,0,item-018,30,0,15,14,28,6
MPV-GEN-T7-N90-R06,fast_brute_force,0,item-019,28,0,15,2,11,22
MPV-GEN-T7-N90-R06,fast_brute_force,0,item-020,11,67,0,31,18,2
MPV-GEN-T7-N90-R06,fast_brute_force,0,item-021,3,33,25,2,35,2
MPV-GEN-T7-N90-R06,fast_brute_force,0,item-022,5,33,16,3,25,5
MPV-GEN-T7-N90-R06,fast_brute_force,0,item-023,5,33,25,7,35,21
MPV-GEN-T7-N90-R06,fast_brute_force,0,item-024,15,0,9,9,5,23
MPV-GEN-T7-N90-R06,fast_brute_force,0,item-025,12,5,17,13,29,4
MPV-GEN-T7-N90-R06,fast_brute_force,0,item-026,0,0,32,20,21,13
MPV-GEN-T7-N90-R06,fast_brute_force,0,item-027,20,11,21,21,25,35
MPV-GEN-T7-N90-R06,fast_brute_force,0,item-028,0,97,8,24,2,33
MPV-GEN-T7-N90-R06,fast_brute_force,0,item-029,41,0,21,35,27,15
MPV-GEN-T7-N90-R06,fast_brute_force,0,item-030,41,28,0,31,6,13
MPV-GEN-T7-N90-R06,fast_brute_force,0,item-031,12,21,30,7,32,27
MPV-GEN-T7-N90-R06,fast_brute_force,0,item-032,41,28,13,27,7,24
MPV-GEN-T7-N90-R06,fast_brute_force,0,item-033,41,0,36,13,25,31
MPV-GEN-T7-N90-R06,fast_brute_force,0,item-034,68,34,0,32,30,17
MPV-GEN-T7-N90-R06,fast_brute_force,0,item-035,12,53,16,29,31,22
MPV-GEN-T7-N90-R06,fast_brute_force,0,item-036,0,0,45,7,32,9
MPV-GEN-T7-N90-R06,fast_brute_force,0,item-037,0,32,46,6,32,17
MPV-GEN-T7-N90-R06,fast_brute_force,0,item-038,44,27,0,30,1,28
MPV-GEN-T7-N90-R06,fast_brute_force,0,item-039,42,64,0,30,35,5
MPV-GEN-T7-N90-R06,fast_brute_force,0,item-040,30,28,0,9,7,20
MPV-GEN-T7-N90-R06,fast_brute_force,0,item-041,0,0,57,34,29,35
MPV-GEN-T7-N90-R06,fast_brute_force,0,item-042,32,85,0,6,14,29
MPV-GEN-T7-N90-R06,fast_brute_force,0,item-043,7,0,45,11,20,1
MPV-GEN-T7-N90-R06,fast_brute_force,0,item-044,11,67,2,25,10,13
MPV-GEN-T7-N90-R06,fast_brute_force,0,item-045,63,0,0,29,17,15
MPV-GEN-T7-N90-R06,fast_brute_force,0,item-046,41,37,0,17,26,28
MPV-GEN-T7-N90-R06,fast_brute_force,0,item-047,25,37,0,14,12,20
MPV-GEN-T7-N90-R06,fast_brute_force,0,item-048,19,37,20,14,10,24
MPV-GEN-T7-N90-R06,fast_brute_force,0,item-049,41,25,36,34,3,2
MPV-GEN-T7-N90-R06,fast_brute_force,0,item-050,76,0,15,24,28,33
MPV-GEN-T7-N90-R06,fast_brute_force,0,item-051,54,0,36,21,13,28
MPV-GEN-T7-N90-R06,fast_brute_force,0,item-052,44,0,15,19,22,1
MPV-GEN-T7-N90-R06,fast_brute_force,0,item-053,38,84,5,17,16,29
MPV-GEN-T7-N90-R06,fast_brute_force,0,item-054,41,63,5,22,21,26
MPV-GEN-T7-N90-R06,fast_brute_force,0,item-055,72,64,0,24,23,30
MPV-GEN-T7-N90-R06,fast_brute_force,0,item-056,20,5,21,8,6,20
MPV-GEN-T7-N90-R06,fast_brute_force,0,item-057,74,27,0,23,7,14
MPV-GEN-T7-N90-R06,fast_brute_force,0,item-058,68,28,17,19,28,27
MPV-GEN-T7-N90-R06,fast_brute_force,0,item-059,63,56,30,35,20,33
MPV-GEN-T7-N90-R06,fast_brute_force,0,item-060,0,68,29,12,27,14
MPV-GEN-T7-N90-R06,fast_brute_force,0,item-061,42,35,0,24,2,16
MPV-GEN-T7-N90-R06,fast_brute_force,0,item-062,41,37,28,16,23,27
MPV-GEN-T7-N90-R06,fast_brute_force,0,item-063,55,84,30,23,14,20
MPV-GEN-T7-N90-R06,fast_brute_force,0,item-064,7,0,17,5,22,14
MPV-GEN-T7-N90-R06,fast_brute_force,0,item-065,54,13,48,28,20,19
MPV-GEN-T7-N90-R06,fast_brute_force,0,item-066,66,35,0,2,21,20
MPV-GEN-T7-N90-R06,fast_brute_force,0,item-067,0,8,17,7,17,15
MPV-GEN-T7-N90-R06,fast_brute_force,0,item-068,24,84,34,19,15,23
MPV-GEN-T7-N90-R06,fast_brute_force,0,item-069,12,53,38,29,25,10
MPV-GEN-T7-N90-R06,fast_brute_force,0,item-070,25,64,15,15,20,1
MPV-GEN-T7-N90-R06,fast_brute_force,0,item-071,25,49,0,16,13,14
MPV-GEN-T7-N90-R06,fast_brute_force,0,item-072,19,36,44,4,12,33
MPV-GEN-T7-N90-R06,fast_brute_force,0,item-073,57,33,44,31,17,18
MPV-GEN-T7-N90-R06,fast_brute_force,0,item-074,19,48,55,35,32,34
MPV-GEN-T7-N90-R06,fast_brute_force,0,item-075,0,80,43,24,20,12
MPV-GEN-T7-N90-R06,fast_brute_force,0,item-076,0,29,54,12,3,31
MPV-GEN-T7-N90-R06,fast_brute_force,0,item-077,72,87,0,28,13,12
MPV-GEN-T7-N90-R06,fast_brute_force,0,item-078,23,33,56,32,14,6
MPV-GEN-T7-N90-R06,fast_brute_force,0,item-079,23,33,62,29,12,7
MPV-GEN-T7-N90-R06,fast_brute_force,0,item-080,55,87,12,34,13,12
MPV-GEN-T7-N90-R06,fast_brute_force,0,item-081,41,60,31,22,23,15
MPV-GEN-T7-N90-R06,fast_brute_force,0,item-082,96,76,12,4,24,14
MPV-GEN-T7-N90-R06,fast_brute_force,0,item-083,52,0,67,22,34,19
MPV-GEN-T7-N90-R06,fast_brute_force,0,item-084,63,37,0,2,18,21
MPV-GEN-T7-N90-R06,fast_brute_force,0,item-085,34,0,67,18,26,12
MPV-GEN-T7-N90-R06,fast_brute_force,0,item-086,33,37,20,7,16,27
MPV-GEN-T7-N90-R06,fast_brute_force,0,item-087,0,64,46,6,16,26
MPV-GEN-T7-N90-R06,fast_brute_force,0,item-088,20,0,37,19,5,11
MPV-GEN-T7-N90-R06,fast_brute_force,0,item-089,52,34,62,27,10,17
MPV-GEN-T7-N90-R07,fast_brute_force,0,item-000,0,0,0,7,3,11
MPV-GEN-T7-N90-R07,fast_brute_force,0,item-001,7,0,0,16,35,28
MPV-GEN-T7-N90-R07,fast_brute_force,0,item-002,0,35,0,35,1,32
MPV-GEN-T7-N90-R07,fast_brute_force,0,item-003,23,0,0,31,13,16
MPV-GEN-T7-N90-R07,fast_brute_force,0,item-004,23,13,0,20,11,11
MPV-GEN-T7-N90-R07,fast_brute_force,0,item-005,23,24,0,9,7,4
MPV-GEN-T7-N90-R07,fast_brute_force,0,item-006,23,13,11,21,15,2
MPV-GEN-T7-N90-R07,fast_brute_force,0,item-007,0,3,0,1,24,29
MPV-GEN-T7-N90-R07,fast_brute_force,0,item-008,23,0,16,32,23,30
MPV-GEN-T7-N90-R07,fast_brute_force,0,item-009,1,3,0,5,15,31
MPV-GEN-T7-N90-R07,fast_brute_force,0,item-010,44,23,0,24,15,31
MPV-GEN-T7-N90-R07,fast_brute_force,0,item-011,55,0,0,34,18,30
MPV-GEN-T7-N90-R07,fast_brute_force,0,item-012,55,0,30,26,13,15
MPV-GEN-T7-N90-R07,fast_brute_force,0,item-013,23,23,13,15,10,20
MPV-GEN-T7-N90-R07,fast_brute_force,0,item-014,0,36,0,34,22,13
MPV-GEN-T7-N90-R07,fast_brute_force,0,item-015,68,18,0,28,34,30
MPV-GEN-T7-N90-R07,fast_brute_force,0,item-016,6,0,28,10,32,29
MPV-GEN-T7-N90-R07,fast_brute_force,0,item-017,55,13,30,27,10,32
MPV-GEN-T7-N90-R07,fast_brute_force,0,item-018,34,38,0,29,33,35
MPV-GEN-T7-N90-R07,fast_brute_force,0,item-019,16,23,33,18,32,28
MPV-GEN-T7-N90-R07,fast_brute_force,0,item-020,38,28,0,4,10,32
MPV-GEN-T7-N90-R07,fast_brute_force,0,item-021,0,36,13,8,32,22
MPV-GEN-T7-N90-R07,fast_brute_force,0,item-022,16,0,46,17,22,23
MPV-GEN-T7-N90-R07,fast_brute_force,0,item-023,33,0,46,22,23,28
MPV-GEN-T7-N90-R07,fast_brute_force,0,item-024,55,0,45,31,10,35
MPV-GEN-T7-N90-R07,fast_brute_force,0,item-025,0,32,35,15,27,6
MPV-GEN-T7-N90-R07,fast_brute_force,0,item-026,89,0,0,8,16,22
MPV-GEN-T7-N90-R07,fast_brute_force,0,item-027,63,52,0,30,34,26
MPV-GEN-T7-N90-R07,fast_brute_force,0,item-028,0,68,0,28,28,31
MPV-GEN-T7-N90-R07,fast_brute_force,0,item-029,8,36,13,10,19,11
MPV-GEN-T7-N90-R07,fast_brute_force,0,item-030,15,58,0,19,4,6
MPV-GEN-T7-N90-R07,fast_brute_force,0,item-031,8,59,31,20,34,1
MPV-GEN-T7-N90-R07,fast_brute_force,0,item-032,16,0,28,6,23,14
MPV-GEN-T7-N90-R07,fast_brute_force,0,item-033,15,55,32,19,28,15
MPV-GEN-T7-N90-R07,fast_brute_force,0,item-034,44,13,0,11,9,10
MPV-GEN-T7-N90-R07,fast_brute_force,0,item-035,28,83,0,32,17,21
MPV-GEN-T7-N90-R07,fast_brute_force,0,item-036,16,23,32,7,29,1
MPV-GEN-T7-N90-R07,fast_brute_force,0,item-037,0,62,0,31,6,8
MPV-GEN-T7-N90-R07,fast_brute_force,0,item-038,28,83,21,18,15,21
MPV-GEN-T7-N90-R07,fast_brute_force,0,item-039,60,86,0,35,14,5
MPV-GEN-T7-N90-R07,fast_brute_force,0,item-040,8,58,6,22,1,21
MPV-GEN-T7-N90-R07,fast_brute_force,0,item-041,0,0,31,5,34,1
MPV-GEN-T7-N90-R07,fast_brute_force,0,item-042,46,71,21,17,23,23
MPV-GEN-T7-N90-R07,fast_brute_force,0,item-043,63,52,26,28,35,11
MPV-GEN-T7-N90-R07,fast_brute_force,0,item-044,8,59,8,24,9,4
MPV-GEN-T7-N90-R07,fast_brute_force,0,item-045,1,18,0,3,9,28
MPV-GEN-T7-N90-R07,fast_brute_force,0,item-046,0,58,0,12,4,6
MPV-GEN-T7-N90-R07,fast_brute_force,0,item-047,0,0,32,6,28,15
MPV-GEN-T7-N90-R07,fast_brute_force,0,item-048,4,18,0,3,11,23
MPV-GEN-T7-N90-R07,fast_brute_force,0,item-049,0,59,35,12,34,14
MPV-GEN-T7-N90-R07,fast_brute_force,0,item-050,0,22,61,33,31,15
MPV-GEN-T7-N90-R07,fast_brute_force,0,item-051,34,23,35,23,35,25
MPV-GEN-T7-N90-R07,fast_brute_force,0,item-052,0,55,49,24,34,9
MPV-GEN-T7-N90-R07,fast_brute_force,0,item-053,28,71,0,13,12,32
MPV-GEN-T7-N90-R07,fast_brute_force,0,item-054,34,58,35,12,25,18
MPV-GEN-T7-N90-R07,fast_brute_force,0,item-055,0,0,69,18,18,18
MPV-GEN-T7-N90-R07,fast_brute_force,0,item-056,12,89,32,13,5,3
MPV-GEN-T7-N90-R07,fast_brute_force,0,item-057,0,96,0,22,4,29
MPV-GEN-T7-N90-R07,fast_brute_force,0,item-058,18,0,69,14,22,26
MPV-GEN-T7-N90-R07,fast_brute_force,0,item-059,0,55,58,29,35,8
MPV-GEN-T7-N90-R07,fast_brute_force,0,item-060,18,36,13,14,18,1
MPV-GEN-T7-N90-R07,fast_brute_force,0,item-061,57,23,37,19,31,21
MPV-GEN-T7-N90-R07,fast_brute_force,0,item-062,0,68,31,8,26,4
MPV-GEN-T7-N90-R07,fast_brute_force,0,item-063,81,0,30,19,10,12
MPV-GEN-T7-N90-R07,fast_brute_force,0,item-064,41,71,0,22,12,1
MPV-GEN-T7-N90-R07,fast_brute_force,0,item-065,63,54,37,34,35,7
MPV-GEN-T7-N90-R07,fast_brute_force,0,item-066,57,54,44,26,31,27
MPV-GEN-T7-N90-R07,fast_brute_force,0,item-067,68,23,30,32,19,1
MPV-GEN-T7-N90-R07,fast_brute_force,0,item-068,5,18,23,1,17,8
MPV-GEN-T7-N90-R07,fast_brute_force,0,item-069,89,10,22,7,8,12
MPV-GEN-T7-N90-R07,fast_brute_force,0,item-070,76,23,31,20,28,32
MPV-GEN-T7-N90-R07,fast_brute_force,0,item-071,29,58,53,26,24,35
MPV-GEN-T7-N90-R07,fast_brute_force,0,item-072,29,53,61,21,5,13
MPV-GEN-T7-N90-R07,fast_brute_force,0,item-073,96,42,0,4,11,8
MPV-GEN-T7-N90-R07,fast_brute_force,0,item-074,60,71,5,3,26,15
MPV-GEN-T7-N90-R07,fast_brute_force,0,item-075,33,0,74,22,32,17
MPV-GEN-T7-N90-R07,fast_brute_force,0,item-076,0,28,41,6,27,3
MPV-GEN-T7-N90-R07,fast_brute_force,0,item-077,35,33,0,3,5,2
MPV-GEN-T7-N90-R07,fast_brute_force,0,item-078,55,10,63,33,28,25
MPV-GEN-T7-N90-R07,fast_brute_force,0,item-079,82,10,34,16,13,26
MPV-GEN-T7-N90-R07,fast_brute_force,0,item-080,63,89,5,34,11,23
MPV-GEN-T7-N90-R07,fast_brute_force,0,item-081,34,32,60,15,18,19
MPV-GEN-T7-N90-R07,fast_brute_force,0,item-082,25,83,32,3,16,20
MPV-GEN-T7-N90-R07,fast_brute_force,0,item-083,46,82,44,9,17,31
MPV-GEN-T7-N90-R07,fast_brute_force,0,item-084,55,38,71,31,29,4
MPV-GEN-T7-N90-R07,fast_brute_force,0,item-085,55,67,71,33,27,28
MPV-GEN-T7-N90-R07,fast_brute_force,0,item-086,0,94,32,11,5,21
MPV-GEN-T7-N90-R07,fast_brute_force,0,item-087,88,51,44,10,30,31
MPV-GEN-T7-N90-R07,fast_brute_force,0,item-088,63,86,5,32,3,7
MPV-GEN-T7-N90-R07,fast_brute_force,0,item-089,32,36,13,2,17,17
MPV-GEN-T7-N90-R08,fast_brute_force,0,item-000,0,0,0,13,23,18
MPV-GEN-T7-N90-R08,fast_brute_force,0,item-001,0,23,0,14,31,2
MPV-GEN-T7-N90-R08,fast_brute_force,0,item-002,13,0,0,34,19,3
MPV-GEN-T7-N90-R08,fast_brute_force,0,item-003,0,54,0,15,32,15
MPV-GEN-T7-N90-R08,fast_brute_force,0,item-004,13,19,0,23,1,7
MPV-GEN-T7-N90-R08,fast_brute_force,0,item-005,14,20,0,14,31,10
MPV-GEN-T7-N90-R08,fast_brute_force,0,item-006,0,23,2,14,26,31
MPV-GEN-T7-N90-R08,fast_brute_force,0,item-007,13,0,3,2,16,20
MPV-GEN-T7-N90-R08,fast_brute_force,0,item-008,0,86,0,26,11,7
MPV-GEN-T7-N90-R08,fast_brute_force,0,item-009,0,0,18,9,23,18
MPV-GEN-T7-N90-R08,fast_brute_force,0,item-010,15,51,0,1,28,25
MPV-GEN-T7-N90-R08,fast_brute_force,0,item-011,16,51,0,35,32,21
MPV-GEN-T7-N90-R08,fast_brute_force,0,item-012,26,83,0,21,14,34
MPV-GEN-T7-N90-R08,fast_brute_force,0,item-013,0,86,7,13,8,12
MPV-GEN-T7-N90-R08,fast_brute_force,0,item-014,13,16,10,35,6,22
MPV-GEN-T7-N90-R08,fast_brute_force,0,item-015,0,49,2,12,3,19
MPV-GEN-T7-N90-R08,fast_brute_force,0,item-016,0,52,15,6,33,28
MPV-GEN-T7-N90-R08,fast_brute_force,0,item-017,15,83,7,11,17,20
MPV-GEN-T7-N90-R08,fast_brute_force,0,item-018,0,94,7,10,4,30
MPV-GEN-T7-N90-R08,fast_brute_force,0,item-019,0,23,33,21,29,35
MPV-GEN-T7-N90-R08,fast_brute_force,0,item-020,0,85,15,13,1,5
MPV-GEN-T7-N90-R08,fast_brute_force,0,item-021,14,22,10,1,30,18
MPV-GEN-T7-N90-R08,fast_brute_force,0,item-022,16,52,21,30,30,28
MPV-GEN-T7-N90-R08,fast_brute_force,0,item-023,0,52,43,15,33,11
MPV-GEN-T7-N90-R08,fast_brute_force,0,item-024,10,86,19,5,14,13
MPV-GEN-T7-N90-R08,fast_brute_force,0,item-025,28,22,0,16,24,32
MPV-GEN-T7-N90-R08,fast_brute_force,0,item-026,47,0,0,32,12,18
MPV-GEN-T7-N90-R08,fast_brute_force,0,item-027,44,22,0,26,21,30
MPV-GEN-T7-N90-R08,fast_brute_force,0,item-028,44,43,0,31,8,18
MPV-GEN-T7-N90-R08,fast_brute_force,0,item-029,70,12,0,19,22,31
MPV-GEN-T7-N90-R08,fast_brute_force,0,item-030,15,22,10,8,1,35
MPV-GEN-T7-N90-R08,fast_brute_force,0,item-031,44,22,30,22,25,23
MPV-GEN-T7-N90-R08,fast_brute_force,0,item-032,15,0,3,31,17,3
MPV-GEN-T7-N90-R08,fast_brute_force,0,item-033,0,0,36,14,20,21
MPV-GEN-T7-N90-R08,fast_brute_force,0,item-034,0,85,20,12,1,25
MPV-GEN-T7-N90-R08,fast_brute_force,0,item-035,21,23,32,22,25,7
MPV-GEN-T7-N90-R08,fast_brute_force,0,item-036,66,43,18,31,25,6
MPV-GEN-T7-N90-R08,fast_brute_force,0,item-037,0,20,45,32,2,35
MPV-GEN-T7-N90-R08,fast_brute_force,0,item-038,51,68,0,30,28,13
MPV-GEN-T7-N90-R08,fast_brute_force,0,item-039,15,0,6,27,15,4
MPV-GEN-T7-N90-R08,fast_brute_force,0,item-040,81,68,0,13,29,23
MPV-GEN-T7-N90-R08,fast_brute_force,0,item-041,15,82,27,10,17,3
MPV-GEN-T7-N90-R08,fast_brute_force,0,item-042,15,0,10,29,10,18
MPV-GEN-T7-N90-R08,fast_brute_force,0,item-043,21,48,18,34,2,32
MPV-GEN-T7-N90-R08,fast_brute_force,0,item-044,70,34,0,24,7,31
MPV-GEN-T7-N90-R08,fast_brute_force,0,item-045,44,0,18,25,12,7
MPV-GEN-T7-N90-R08,fast_brute_force,0,item-046,47,68,21,31,18,20
MPV-GEN-T7-N90-R08,fast_brute_force,0,item-047,78,41,24,20,33,9
MPV-GEN-T7-N90-R08,fast_brute_force,0,item-048,69,0,18,26,11,21
MPV-GEN-T7-N90-R08,fast_brute_force,0,item-049,47,86,13,26,8,15
MPV-GEN-T7-N90-R08,fast_brute_force,0,item-050,73,86,13,8,10,33
MPV-GEN-T7-N90-R08,fast_brute_force,0,item-051,46,50,41,24,33,33
MPV-GEN-T7-N90-R08,fast_brute_force,0,item-052,70,41,24,7,22,18
MPV-GEN-T7-N90-R08,fast_brute_force,0,item-053,15,82,30,10,9,34
MPV-GEN-T7-N90-R08,fast_brute_force,0,item-054,70,63,33,26,5,34
MPV-GEN-T7-N90-R08,fast_brute_force,0,item-055,13,52,15,1,26,28
MPV-GEN-T7-N90-R08,fast_brute_force,0,item-056,55,47,24,7,3,34
MPV-GEN-T7-N90-R08,fast_brute_force,0,item-057,0,98,0,10,2,8
MPV-GEN-T7-N90-R08,fast_brute_force,0,item-058,81,68,33,8,27,24
MPV-GEN-T7-N90-R08,fast_brute_force,0,item-059,47,86,28,22,14,7
MPV-GEN-T7-N90-R08,fast_brute_force,0,item-060,48,12,0,17,8,24
MPV-GEN-T7-N90-R08,fast_brute_force,0,item-061,0,52,54,15,26,27
MPV-GEN-T7-N90-R08,fast_brute_force,0,item-062,69,11,18,1,7,15
MPV-GEN-T7-N90-R08,fast_brute_force,0,item-063,70,11,31,26,28,5
MPV-GEN-T7-N90-R08,fast_brute_force,0,item-064,12,85,20,3,1,24
MPV-GEN-T7-N90-R08,fast_brute_force,0,item-065,25,83,34,16,14,31
MPV-GEN-T7-N90-R08,fast_brute_force,0,item-066,0,86,32,14,7,33
MPV-GEN-T7-N90-R08,fast_brute_force,0,item-067,0,78,65,23,20,23
MPV-GEN-T7-N90-R08,fast_brute_force,0,item-068,41,86,35,29,8,27
MPV-GEN-T7-N90-R08,fast_brute_force,0,item-069,89,74,23,9,25,13
MPV-GEN-T7-N90-R08,fast_brute_force,0,item-070,44,0,25,24,12,27
MPV-GEN-T7-N90-R08,fast_brute_force,0,item-071,51,51,0,12,13,22
MPV-GEN-T7-N90-R08,fast_brute_force,0,item-072,70,68,57,27,32,27
MPV-GEN-T7-N90-R08,fast_brute_force,0,item-073,14,78,54,1,18,11
MPV-GEN-T7-N90-R08,fast_brute_force,0,item-074,14,0,32,28,19,7
MPV-GEN-T7-N90-R08,fast_brute_force,0,item-075,77,39,33,21,20,35
MPV-GEN-T7-N90-R08,fast_brute_force,0,item-076,41,83,62,22,15,34
MPV-GEN-T7-N90-R08,fast_brute_force,0,item-077,32,0,39,12,19,14
MPV-GEN-T7-N90-R08,fast_brute_force,0,item-078,9,10,23,33,6,8
MPV-GEN-T7-N90-R08,fast_brute_force,0,item-079,97,59,33,2,15,32
MPV-GEN-T7-N90-R08,fast_brute_force,0,item-080,32,0,53,35,33,12
MPV-GEN-T7-N90-R08,fast_brute_force,0,item-081,66,33,42,9,14,10
MPV-GEN-T7-N90-R08,fast_brute_force,0,item-082,70,68,41,3,30,13
MPV-GEN-T7-N90-R08,fast_brute_force,0,item-083,32,33,53,32,13,21
MPV-GEN-T7-N90-R08,fast_brute_force,0,item-084,47,94,13,26,6,11
MPV-GEN-T7-N90-R08,fast_brute_force,0,item-085,0,93,37,12,6,22
MPV-GEN-T7-N90-R08,fast_brute_force,0,item-086,48,12,24,14,7,28
MPV-GEN-T7-N90-R08,fast_brute_force,0,item-087,23,46,65,15,31,35
MPV-GEN-T7-N90-R08,fast_brute_force,0,item-088,89,11,0,11,23,25
MPV-GEN-T7-N90-R08,fast_brute_force,0,item-089,64,0,65,13,25,18
MPV-GEN-T7-N90-R09,fast_brute_force,0,item-000,0,0,0,18,21,26
MPV-GEN-T7-N90-R09,fast_brute_force,0,item-001,0,21,0,11,28,24
MPV-GEN-T7-N90-R09,fast_brute_force,0,item-002,0,49,0,22,26,10
MPV-GEN-T7-N90-R09,fast_brute_force,0,item-003,11,21,0,33,15,27
MPV-GEN-T7-N90-R09,fast_brute_force,0,item-004,0,21,24,4,13,14
MPV-GEN-T7-N90-R09,fast_brute_force,0,item-005,18,0,0,30,21,15
MPV-GEN-T7-N90-R09,fast_brute_force,0,item-006,0,0,26,8,1,24
MPV-GEN-T7-N90-R09,fast_brute_force,0,item-007,18,0,15,27,21,12
MPV-GEN-T7-N90-R09,fast_brute_force,0,item-008,0,34,24,9,23,20
MPV-GEN-T7-N90-R09,fast_brute_force,0,item-009,8,0,26,2,30,18
MPV-GEN-T7-N90-R09,fast_brute_force,0,item-010,8,0,44,12,30,20
MPV-GEN-T7-N90-R09,fast_brute_force,0,item-011,4,21,24,2,12,13
MPV-GEN-T7-N90-R09,fast_brute_force,0,item-012,0,57,10,29,26,7
MPV-GEN-T7-N90-R09,fast_brute_force,0,item-013,9,49,10,33,7,26
MPV-GEN-T7-N90-R09,fast_brute_force,0,item-014,29,56,0,23,26,20
MPV-GEN-T7-N90-R09,fast_brute_force,0,item-015,11,36,0,32,6,9
MPV-GEN-T7-N90-R09,fast_brute_force,0,item-016,9,56,17,13,23,28
MPV-GEN-T7-N90-R09,fast_brute_force,0,item-017,0,1,26,6,2,32
MPV-GEN-T7-N90-R09,fast_brute_force,0,item-018,0,79,17,25,9,24
MPV-GEN-T7-N90-R09,fast_brute_force,0,item-019,9,30,24,2,15,29
MPV-GEN-T7-N90-R09,fast_brute_force,0,item-020,44,21,0,33,28,35
MPV-GEN-T7-N90-R09,fast_brute_force,0,item-021,0,3,38,7,27,3
MPV-GEN-T7-N90-R09,fast_brute_force,0,item-022,9,45,24,32,4,11
MPV-GEN-T7-N90-R09,fast_brute_force,0,item-023,48,0,0,30,21,18
MPV-GEN-T7-N90-R09,fast_brute_force,0,item-024,11,30,35,27,19,25
MPV-GEN-T7-N90-R09,fast_brute_force,0,item-025,77,21,0,18,34,34
MPV-GEN-T7-N90-R09,fast_brute_force,0,item-026,20,0,27,20,30,15
MPV-GEN-T7-N90-R09,fast_brute_force,0,item-027,52,49,0,23,30,21
MPV-GEN-T7-N90-R09,fast_brute_force,0,item-028,42,49,21,35,34,4
MPV-GEN-T7-N90-R09,fast_brute_force,0,item-029,52,79,0,29,14,15
MPV-GEN-T7-N90-R09,fast_brute_force,0,item-030,0,57,41,8,34,28
MPV-GEN-T7-N90-R09,fast_brute_force,0,item-031,42,49,25,35,27,9
MPV-GEN-T7-N90-R09,fast_brute_force,0,item-032,25,56,20,10,33,28
MPV-GEN-T7-N90-R09,fast_brute_force,0,item-033,77,55,0,20,23,5
MPV-GEN-T7-N90-R09,fast_brute_force,0,item-034,42,49,34,26,27,18
MPV-GEN-T7-N90-R09,fast_brute_force,0,item-035,0,88,0,25,11,6
MPV-GEN-T7-N90-R09,fast_brute_force,0,item-036,11,36,9,31,10,10
MPV-GEN-T7-N90-R09,fast_brute_force,0,item-037,25,89,0,22,11,14
MPV-GEN-T7-N90-R09,fast_brute_force,0,item-038,81,55,5,18,30,6
MPV-GEN-T7-N90-R09,fast_brute_force,0,item-039,68,49,34,32,29,16
MPV-GEN-T7-N90-R09,fast_brute_force,0,item-040,35,76,25,26,23,1
MPV-GEN-T7-N90-R09,fast_brute_force,0,item-041,81,55,11,16,34,16
MPV-GEN-T7-N90-R09,fast_brute_force,0,item-042,35,56,20,5,19,12
MPV-GEN-T7-N90-R09,fast_brute_force,0,item-043,35,83,14,16,17,7
MPV-GEN-T7-N90-R09,fast_brute_force,0,item-044,8,88,6,11,6,34
MPV-GEN-T7-N90-R09,fast_brute_force,0,item-045,35,78,26,34,16,20
MPV-GEN-T7-N90-R09,fast_brute_force,0,item-046,8,49,48,26,31,33
MPV-GEN-T7-N90-R09,fast_brute_force,0,item-047,69,83,15,12,14,16
MPV-GEN-T7-N90-R09,fast_brute_force,0,item-048,40,0,35,27,35,20
MPV-GEN-T7-N90-R09,fast_brute_force,0,item-049,77,55,5,4,16,15
MPV-GEN-T7-N90-R09,fast_brute_force,0,item-050,20,0,42,17,25,15
MPV-GEN-T7-N90-R09,fast_brute_force,0,item-051,69,78,31,26,20,7
MPV-GEN-T7-N90-R09,fast_brute_force,0,item-052,67,0,35,12,34,26
MPV-GEN-T7-N90-R09,fast_brute_force,0,item-053,61,94,0,6,5,25
MPV-GEN-T7-N90-R09,fast_brute_force,0,item-054,95,78,27,4,21,14
MPV-GEN-T7-N90-R09,fast_brute_force,0,item-055,68,34,50,30,33,16
MPV-GEN-T7-N90-R09,fast_brute_force,0,item-056,45,0,18,35,14,17
MPV-GEN-T7-N90-R09,fast_brute_force,0,item-057,34,49,52,32,34,23
MPV-GEN-T7-N90-R09,fast_brute_force,0,item-058,80,0,0,15,21,23
MPV-GEN-T7-N90-R09,fast_brute_force,0,item-059,79,0,35,16,29,5
MPV-GEN-T7-N90-R09,fast_brute_force,0,item-060,69,78,38,19,22,23
MPV-GEN-T7-N90-R09,fast_brute_force,0,item-061,88,78,41,10,20,32
MPV-GEN-T7-N90-R09,fast_brute_force,0,item-062,68,67,50,28,10,4
MPV-GEN-T7-N90-R09,fast_brute_force,0,item-063,20,0,57,34,24,9
MPV-GEN-T7-N90-R09,fast_brute_force,0,item-064,79,0,40,20,26,11
MPV-GEN-T7-N90-R09,fast_brute_force,0,item-065,0,94,14,34,6,19
MPV-GEN-T7-N90-R09,fast_brute_force,0,item-066,66,78,46,3,17,28
MPV-GEN-T7-N90-R09,fast_brute_force,0,item-067,69,67,61,13,22,32
MPV-GEN-T7-N90-R09,fast_brute_force,0,item-068,8,89,40,23,10,12
MPV-GEN-T7-N90-R09,fast_brute_force,0,item-069,54,0,61,22,31,3
MPV-GEN-T7-N90-R09,fast_brute_force,0,item-070,0,57,17,6,20,23
MPV-GEN-T7-N90-R09,fast_brute_force,0,item-071,51,99,0,34,1,8
MPV-GEN-T7-N90-R09,fast_brute_force,0,item-072,67,97,0,32,2,19
MPV-GEN-T7-N90-R09,fast_brute_force,0,item-073,67,34,35,32,12,13
MPV-GEN-T7-N90-R09,fast_brute_force,0,item-074,35,83,46,31,13,35
MPV-GEN-T7-N90-R09,fast_brute_force,0,item-075,81,89,19,19,9,5
MPV-GEN-T7-N90-R09,fast_brute_force,0,item-076,19,89,14,16,4,6
MPV-GEN-T7-N90-R09,fast_brute_force,0,item-077,76,0,61,22,34,4
MPV-GEN-T7-N90-R09,fast_brute_force,0,item-078,20,24,60,34,20,27
MPV-GEN-T7-N90-R09,fast_brute_force,0,item-079,54,31,55,12,16,16
MPV-GEN-T7-N90-R09,fast_brute_force,0,item-080,8,80,52,23,19,23
MPV-GEN-T7-N90-R09,fast_brute_force,0,item-081,9,45,36,2,9,2
MPV-GEN-T7-N90-R09,fast_brute_force,0,item-082,98,78,41,2,22,19
MPV-GEN-T7-N90-R09,fast_brute_force,0,item-083,69,89,61,19,8,33
MPV-GEN-T7-N90-R09,fast_brute_force,0,item-084,0,0,64,20,29,29
MPV-GEN-T7-N90-R09,fast_brute_force,0,item-085,38,24,55,27,7,3
MPV-GEN-T7-N90-R09,fast_brute_force,0,item-086,0,3,41,6,31,22
MPV-GEN-T7-N90-R09,fast_brute_force,0,item-087,79,0,51,19,33,5
MPV-GEN-T7-N90-R09,fast_brute_force,0,item-088,10,21,24,1,9,9
MPV-GEN-T7-N90-R09,fast_brute_force,0,item-089,66,0,65,23,32,18
MPV-GEN-T7-N90-R10,fast_brute_force,0,item-000,0,0,0,24,18,21
MPV-GEN-T7-N90-R10,fast_brute_force,0,item-001,24,0,0,21,24,33
MPV-GEN-T7-N90-R10,fast_brute_force,0,item-002,0,18,0,21,9,16
MPV-GEN-T7-N90-R10,fast_brute_force,0,item-003,0,18,16,5,22,26
MPV-GEN-T7-N90-R10,fast_brute_force,0,item-004,0,0,21,7,3,22
MPV-GEN-T7-N90-R10,fast_brute_force,0,item-005,45,0,0,35,33,9
MPV-GEN-T7-N90-R10,fast_brute_force,0,item-006,21,18,0,1,12,30
MPV-GEN-T7-N90-R10,fast_brute_force,0,item-007,7,0,21,16,13,3
MPV-GEN-T7-N90-R10,fast_brute_force,0,item-008,0,3,33,26,11,32
MPV-GEN-T7-N90-R10,fast_brute_force,0,item-009,5,27,0,6,15,17
MPV-GEN-T7-N90-R10,fast_brute_force,0,item-010,11,30,0,24,8,26
MPV-GEN-T7-N90-R10,fast_brute_force,0,item-011,0,40,0,3,26,4
MPV-GEN-T7-N90-R10,fast_brute_force,0,item-012,0,66,0,24,27,26
MPV-GEN-T7-N90-R10,fast_brute_force,0,item-013,22,24,9,31,5,18
MPV-GEN-T7-N90-R10,fast_brute_force,0,item-014,45,0,9,24,10,17
MPV-GEN-T7-N90-R10,fast_brute_force,0,item-015,5,14,26,16,33,33
MPV-GEN-T7-N90-R10,fast_brute_force,0,item-016,45,0,26,21,24,27
MPV-GEN-T7-N90-R10,fast_brute_force,0,item-017,3,40,0,2,9,20
MPV-GEN-T7-N90-R10,fast_brute_force,0,item-018,3,49,0,29,15,19
MPV-GEN-T7-N90-R10,fast_brute_force,0,item-019,26,0,33,17,35,1
MPV-GEN-T7-N90-R10,fast_brute_force,0,item-020,35,29,0,7,19,8
MPV-GEN-T7-N90-R10,fast_brute_force,0,item-021,7,0,34,35,2,34
MPV-GEN-T7-N90-R10,fast_brute_force,0,item-022,35,29,8,10,12,16
MPV-GEN-T7-N90-R10,fast_brute_force,0,item-023,24,38,19,11,31,1
MPV-GEN-T7-N90-R10,fast_brute_force,0,item-024,23,0,21,1,23,3
MPV-GEN-T7-N90-R10,fast_brute_force,0,item-025,24,38,20,7,31,2
MPV-GEN-T7-N90-R10,fast_brute_force,0,item-026,21,38,22,9,26,23
MPV-GEN-T7-N90-R10,fast_brute_force,0,item-027,0,49,19,19,17,13
MPV-GEN-T7-N90-R10,fast_brute_force,0,item-028,0,40,4,3,26,3
MPV-GEN-T7-N90-R10,fast_brute_force,0,item-029,21,14,34,15,17,12
MPV-GEN-T7-N90-R10,fast_brute_force,0,item-030,24,69,0,32,19,22
MPV-GEN-T7-N90-R10,fast_brute_force,0,item-031,0,47,32,14,18,19
MPV-GEN-T7-N90-R10,fast_brute_force,0,item-032,42,41,0,23,27,17
MPV-GEN-T7-N90-R10,fast_brute_force,0,item-033,53,24,9,27,15,11
MPV-GEN-T7-N90-R10,fast_brute_force,0,item-034,21,31,26,4,7,10
MPV-GEN-T7-N90-R10,fast_brute_force,0,item-035,69,0,9,15,19,4
MPV-GEN-T7-N90-R10,fast_brute_force,0,item-036,5,42,0,20,6,15
MPV-GEN-T7-N90-R10,fast_brute_force,0,item-037,69,0,13,23,19,6
MPV-GEN-T7-N90-R10,fast_brute_force,0,item-038,45,33,0,7,8,33
MPV-GEN-T7-N90-R10,fast_brute_force,0,item-039,56,68,0,24,30,15
MPV-GEN-T7-N90-R10,fast_brute_force,0,item-040,19,38,19,5,16,3
MPV-GEN-T7-N90-R10,fast_brute_force,0,item-041,66,19,9,21,5,18
MPV-GEN-T7-N90-R10,fast_brute_force,0,item-042,25,29,26,17,6,7
MPV-GEN-T7-N90-R10,fast_brute_force,0,item-043,56,68,15,22,31,16
MPV-GEN-T7-N90-R10,fast_brute_force,0,item-044,35,41,17,11,27,26
MPV-GEN-T7-N90-R10,fast_brute_force,0,item-045,46,41,17,9,19,34
MPV-GEN-T7-N90-R10,fast_brute_force,0,item-046,24,88,0,22,10,12
MPV-GEN-T7-N90-R10,fast_brute_force,0,item-047,69,0,19,26,19,10
MPV-GEN-T7-N90-R10,fast_brute_force,0,item-048,19,64,26,15,35,18
MPV-GEN-T7-N90-R10,fast_brute_force,0,item-049,14,47,32,6,13,28
MPV-GEN-T7-N90-R10,fast_brute_force,0,item-050,65,39,0,27,27,33
MPV-GEN-T7-N90-R10,fast_brute_force,0,item-051,30,35,33,27,6,15
MPV-GEN-T7-N90-R10,fast_brute_force,0,item-052,53,24,20,30,10,35
MPV-GEN-T7-N90-R10,fast_brute_force,0,item-053,25,35,26,3,2,27
MPV-GEN-T7-N90-R10,fast_brute_force,0,item-054,24,68,0,18,1,7
MPV-GEN-T7-N90-R10,fast_brute_force,0,item-055,5,42,15,25,6,3
MPV-GEN-T7-N90-R10,fast_brute_force,0,item-056,24,88,12,29,12,13
MPV-GEN-T7-N90-R10,fast_brute_force,0,item-057,80,66,0,20,32,14
MPV-GEN-T7-N90-R10,fast_brute_force,0,item-058,55,41,17,9,26,21
MPV-GEN-T7-N90-R10,fast_brute_force,0,item-059,21,14,46,9,20,16
MPV-GEN-T7-N90-R10,fast_brute_force,0,item-060,26,2,53,22,12,11
MPV-GEN-T7-N90-R10,fast_brute_force,0,item-061,0,66,26,18,27,3
MPV-GEN-T7-N90-R10,fast_brute_force,0,item-062,46,60,22,9,26,15
MPV-GEN-T7-N90-R10,fast_brute_force,0,item-063,57,34,20,6,7,2
MPV-GEN-T7-N90-R10,fast_brute_force,0,item-064,66,19,27,24,3,34
MPV-GEN-T7-N90-R10,fast_brute_force,0,item-065,31,41,20,4,20,31
MPV-GEN-T7-N90-R10,fast_brute_force,0,item-066,64,66,31,26,28,34
MPV-GEN-T7-N90-R10,fast_brute_force,0,item-067,0,65,32,16,35,19
MPV-GEN-T7-N90-R10,fast_brute_force,0,item-068,0,14,42,4,13,31
MPV-GEN-T7-N90-R10,fast_brute_force,0,item-069,20,47,22,1,13,4
MPV-GEN-T7-N90-R10,fast_brute_force,0,item-070,90,66,14,10,27,18
MPV-GEN-T7-N90-R10,fast_brute_force,0,item-071,36,14,34,8,13,30
MPV-GEN-T7-N90-R10,fast_brute_force,0,item-072,16,66,29,3,29,33
MPV-GEN-T7-N90-R10,fast_brute_force,0,item-073,57,34,22,6,7,4
MPV-GEN-T7-N90-R10,fast_brute_force,0,item-074,78,94,15,21,6,27
MPV-GEN-T7-N90-R10,fast_brute_force,0,item-075,0,27,59,18,20,11
MPV-GEN-T7-N90-R10,fast_brute_force,0,item-076,64,34,33,32,27,2
MPV-GEN-T7-N90-R10,fast_brute_force,0,item-077,4,14,62,31,13,16
MPV-GEN-T7-N90-R10,fast_brute_force,0,item-078,30,61,44,34,33,10
MPV-GEN-T7-N90-R10,fast_brute_force,0,item-079,66,0,29,33,18,22
MPV-GEN-T7-N90-R10,fast_brute_force,0,item-080,0,93,0,24,6,12
MPV-GEN-T7-N90-R10,fast_brute_force,0,item-081,64,34,35,31,28,28
MPV-GEN-T7-N90-R10,fast_brute_force,0,item-082,22,29,9,2,1,24
MPV-GEN-T7-N90-R10,fast_brute_force,0,item-083,14,60,32,7,4,11
MPV-GEN-T7-N90-R10,fast_brute_force,0,item-084,53,94,0,3,6,13
MPV-GEN-T7-N90-R10,fast_brute_force,0,item-085,48,0,53,18,21,20
MPV-GEN-T7-N90-R10,fast_brute_force,0,item-086,44,24,51,9,33,29
MPV-GEN-T7-N90-R10,fast_brute_force,0,item-087,0,3,24,24,11,9
MPV-GEN-T7-N90-R10,fast_brute_force,0,item-088,34,94,25,15,6,27
MPV-GEN-T7-N90-R10,fast_brute_force,0,item-089,49,94,42,34,5,19
